,q05,q50,q95
0,-0.20916986465454102,0.3141482174396515,0.5443218946456909
1,-0.0823780819773674,0.4000827372074127,0.4454333186149597
2,-0.26521915197372437,0.18895888328552246,0.46265432238578796
3,0.007309774402529001,0.5844640731811523,0.991577684879303
4,0.009642867371439934,0.7512544393539429,0.8407116532325745
5,-0.5682718753814697,-0.2575892508029938,0.2666706442832947
6,-1.487635612487793,-0.8968862295150757,-0.19965969026088715
7,-0.4132768213748932,-0.06415896117687225,0.2936430871486664
8,-0.6360341906547546,-0.3647061288356781,0.08872394263744354
9,0.00712012080475688,0.6024423837661743,0.6439477205276489
10,-1.0446385145187378,-1.008447289466858,-0.453724205493927
11,0.020338241010904312,0.6606565713882446,0.7603707313537598
12,-0.547794759273529,-0.288981556892395,-0.004358172882348299
13,-0.9065300822257996,-0.7890734076499939,-0.3514671325683594
14,-0.9325430989265442,-0.8013123869895935,-0.25938722491264343
15,-1.0746101140975952,-1.0288138389587402,-0.390287846326828
16,-0.710222065448761,-0.3069857954978943,-0.07149151712656021
17,0.007309774402529001,0.6077768206596375,0.9038806557655334
18,-0.51543128490448,-0.27280160784721375,-0.020199688151478767
19,-0.5242404341697693,-0.2758103311061859,-0.014408624731004238
20,-0.7970972061157227,-0.5930711627006531,-0.23684293031692505
21,-0.5672239661216736,-0.33982184529304504,0.00926657859236002
22,-0.7020863890647888,-0.42519456148147583,-0.07172872126102448
23,-1.0261996984481812,-0.981055736541748,-0.4322381317615509
24,0.023476991802453995,0.6785685420036316,0.8601237535476685
25,-1.1192119121551514,-1.00544011592865,-0.4412098228931427
26,-0.7661311626434326,-0.5912455320358276,-0.22576265037059784
27,-1.0371638536453247,-1.00348961353302,-0.4319591224193573
28,0.020338241010904312,0.6404491662979126,0.7831646203994751
29,-1.0519888401031494,-0.9897468090057373,-0.42262187600135803
30,-1.1385986804962158,-0.9526668787002563,-0.4487498998641968
31,-1.0259943008422852,-0.971345841884613,-0.38258251547813416
32,-0.007107719779014587,0.5541157722473145,0.6091367602348328
33,-1.0338537693023682,-0.9893344640731812,-0.4762878715991974
34,-0.11653880774974823,0.3046424388885498,0.4424533247947693
35,-0.21613909304141998,0.31725963950157166,0.42357513308525085
36,0.00742597971111536,0.5100906491279602,0.7191823124885559
37,0.015484366565942764,0.6796853542327881,0.7326856255531311
38,-0.5390703082084656,-0.30941125750541687,0.28098782896995544
39,-0.2587176561355591,0.16418935358524323,0.3980865776538849
40,-0.5441176891326904,-0.3239940404891968,0.06618879735469818
41,0.008024743758141994,0.54756760597229,0.7010983824729919
42,-0.8274770379066467,-0.7247164845466614,-0.2533264756202698
43,0.007309774402529001,0.6199973225593567,0.7105348110198975
44,0.008252088911831379,0.6243108510971069,0.7422658205032349
45,-0.5928210020065308,-0.42487800121307373,0.06391467899084091
46,-0.8285589218139648,-0.5847756862640381,-0.206348717212677
47,-0.3912336826324463,-0.22836323082447052,0.5324975848197937
48,-0.6960104703903198,-0.5816091299057007,-0.030155377462506294
49,-0.796958327293396,-0.6860140562057495,-0.11491242051124573
50,-0.5421149134635925,-0.2755288779735565,0.260948121547699
51,-0.6435451507568359,-0.4449617862701416,-0.03118393011391163
52,0.02265164814889431,0.5675779581069946,0.7209412455558777
53,-0.49890825152397156,-0.19010776281356812,0.029661228880286217
54,-0.5168657302856445,-0.22085431218147278,0.0430692657828331
55,-0.6670978665351868,-0.43546009063720703,0.19713719189167023
56,-0.5612543225288391,-0.3901311159133911,0.11416979879140854
57,-0.5996611714363098,-0.41164740920066833,-0.00825574342161417
58,-0.8253297209739685,-0.7045515179634094,-0.24287854135036469
59,0.009642867371439934,0.5248874425888062,0.7180315852165222
60,-0.8046153783798218,-0.7305091619491577,-0.12207324802875519
61,-0.6012345552444458,-0.3813653290271759,0.08861687034368515
62,-0.8439120650291443,-0.7014435529708862,-0.2548430562019348
63,0.019763339310884476,0.6022858023643494,0.7687391638755798
64,-0.8115741610527039,-0.6760446429252625,-0.16509094834327698
65,-0.7940940856933594,-0.6499682068824768,-0.08834163844585419
66,-0.8096227049827576,-0.6833618879318237,-0.23471587896347046
67,-0.001563419122248888,0.41733187437057495,0.5782980918884277
68,-0.8492876291275024,-0.7519981861114502,-0.25464335083961487
69,-0.14199618995189667,0.3284260034561157,0.48770707845687866
70,-0.06495759636163712,0.3223832845687866,0.4978015422821045
71,-0.08441460877656937,0.34011751413345337,0.44493651390075684
72,-0.5428920984268188,-0.3759344220161438,0.064183309674263
73,-0.6139967441558838,-0.4072190225124359,-0.035803329199552536
74,-0.1766967475414276,0.21435518562793732,0.43852734565734863
75,-0.5401337742805481,-0.3589131534099579,0.12123630195856094
76,-0.0841197669506073,0.33037203550338745,0.47822651267051697
77,-0.7699719667434692,-0.6910943388938904,-0.21242928504943848
78,-0.11633948236703873,0.23111502826213837,0.45077118277549744
79,-0.06516849994659424,0.29037395119667053,0.456641286611557
80,-0.5955186486244202,-0.34649863839149475,-0.008776254020631313
81,-0.7872505187988281,-0.600004255771637,-0.26416337490081787
82,-0.299669086933136,-0.19316336512565613,0.10524293035268784
83,-0.6450050473213196,-0.44198498129844666,-0.0768054723739624
84,-0.665111780166626,-0.5419170260429382,-0.06294681131839752
85,-0.32315054535865784,-0.06448890268802643,0.3641042411327362
86,-0.6464955806732178,-0.4090518653392792,-0.01509907841682434
87,-0.1133451908826828,0.1176288053393364,0.4133945107460022
88,-0.25995713472366333,0.12682661414146423,0.3824302852153778
89,-0.4278876483440399,0.01797022670507431,0.3212505578994751
90,-0.6983765959739685,-0.5250370502471924,-0.08792136609554291
91,-0.5806376934051514,-0.3062308430671692,0.1027122363448143
92,-0.6139808893203735,-0.3587961494922638,-0.01254833023995161
93,-0.8497787714004517,-0.7804518342018127,-0.3624882698059082
94,-0.08545514941215515,0.3012568950653076,0.4629443883895874
95,-0.7340207099914551,-0.5607777237892151,-0.07236499339342117
96,-0.6087773442268372,-0.41356316208839417,-0.018018528819084167
97,-0.6840633153915405,-0.5986384153366089,-0.20428748428821564
98,-0.6227503418922424,-0.4012463688850403,-0.03055160492658615
99,-0.7070685625076294,-0.48475807905197144,-0.08370619267225266
100,-0.7931309938430786,-0.677096962928772,-0.1758996993303299
101,-0.08517931401729584,0.3454957604408264,0.46848952770233154
102,-0.7047985792160034,-0.6057479977607727,-0.18192575871944427
103,-0.0021545281633734703,0.3826475143432617,0.5472777485847473
104,0.0012308937730267644,0.4645766317844391,0.7319274544715881
105,-0.5088736414909363,-0.12296197563409805,0.07986997067928314
106,-0.2894836962223053,0.1854509562253952,0.3449344336986542
107,-0.5092034935951233,-0.09044745564460754,0.18273869156837463
108,-0.8221281170845032,-0.727916955947876,-0.23227719962596893
109,0.007309774402529001,0.5140892863273621,0.539993166923523
110,0.008024743758141994,0.4553595781326294,0.600006103515625
111,-0.5661067366600037,-0.3372640311717987,0.03689977899193764
112,-0.7647558450698853,-0.5720109343528748,-0.14875377714633942
113,-0.3731830418109894,0.026165954768657684,0.6097233891487122
114,-0.6778401732444763,-0.5023205876350403,0.4335520267486572
115,-0.7548152208328247,-0.5640202760696411,0.0613982193171978
116,-0.5035282373428345,-0.07993297278881073,0.1429339498281479
117,-0.015437709167599678,0.36662429571151733,0.5518963932991028
118,-0.4860619902610779,-0.13142050802707672,0.16235418617725372
119,-0.4972041845321655,-0.18661485612392426,0.12201811373233795
120,-0.6601513028144836,-0.442531019449234,0.024568717926740646
121,-0.5441322922706604,-0.24663421511650085,0.05588217452168465
122,-0.7946355938911438,-0.6471708416938782,-0.21254248917102814
123,0.02203609049320221,0.5016074180603027,0.5251390933990479
124,-0.8044095635414124,-0.7572000026702881,0.16238905489444733
125,-0.7972615957260132,-0.5849878787994385,-0.21134144067764282
126,-0.00031461240723729134,0.47725340723991394,0.5976558327674866
127,-0.7570343017578125,-0.6034565567970276,0.09379427134990692
128,-0.747713029384613,-0.5543919205665588,-0.034544456750154495
129,-0.795089840888977,-0.6016186475753784,-0.1657470166683197
130,-0.08954653143882751,0.4338605999946594,0.6814274787902832
131,-0.8178800344467163,-0.7049589157104492,-0.2236504852771759
132,-0.02705233357846737,0.44769805669784546,0.8328881859779358
133,-0.0014884272823110223,0.5432130694389343,0.7365049719810486
134,-0.659275233745575,-0.3208412528038025,0.092672199010849
135,0.023476991802453995,0.7982810139656067,0.8970210552215576
136,0.007309774402529001,0.6900421977043152,0.9126653671264648
137,-0.48920518159866333,-0.30346041917800903,0.2916441559791565
138,-0.48193979263305664,-0.15325960516929626,-0.03304546698927879
139,-0.2991028428077698,0.013593031093478203,1.7542146444320679
140,-0.7508119344711304,-0.38612717390060425,0.03537634387612343
141,-0.7204958200454712,-0.3970056176185608,0.09960103034973145
142,-0.6637912392616272,-0.4588337242603302,0.17416848242282867
143,0.007309774402529001,0.5778719186782837,0.8514893054962158
144,-0.24153952300548553,0.22293439507484436,0.6161966919898987
145,-0.3523167669773102,0.07669847458600998,0.4756343960762024
146,-0.7345992922782898,-0.5033203959465027,0.2219395935535431
147,-0.48723533749580383,-0.20180127024650574,0.4587380290031433
148,-0.47490325570106506,-0.24826383590698242,0.21618619561195374
149,-0.5505033731460571,-0.24729126691818237,-0.024757418781518936
150,0.023476991802453995,0.6894440054893494,0.8253249526023865
151,-0.6267662644386292,-0.3528563380241394,0.3676159679889679
152,-0.5601010322570801,-0.29838043451309204,-0.023103514686226845
153,0.009981509298086166,0.7607758045196533,0.8956612348556519
154,-0.6259487867355347,-0.2600952982902527,0.28262636065483093
155,-0.757556676864624,-0.532721221446991,0.030044281855225563
156,-0.565858781337738,-0.2719805836677551,-0.07746987044811249
157,-0.6080144643783569,-0.28442496061325073,-0.006890091113746166
158,-0.04318194091320038,0.35030707716941833,0.4648092985153198
159,-0.5243604183197021,-0.28704679012298584,0.3176653981208801
160,0.022861436009407043,0.6154041290283203,0.6732029914855957
161,-0.8478050827980042,-0.7712316513061523,-0.23943930864334106
162,0.009642867371439934,0.7970587015151978,0.8631646037101746
163,0.020338241010904312,0.7385269403457642,0.7672868967056274
164,-0.6429730653762817,-0.4708005487918854,0.035348471254110336
165,-0.7336759567260742,-0.559008777141571,-0.19171035289764404
166,-0.3125031590461731,-0.15607526898384094,1.1787782907485962
167,-0.6816989183425903,-0.4592178463935852,0.17172276973724365
168,-0.7585309743881226,-0.7125968933105469,0.042548298835754395
169,-0.48343077301979065,-0.27115756273269653,0.33463385701179504
170,0.007309774402529001,0.6925306916236877,0.7642315030097961
171,-0.34791138768196106,0.03675350546836853,0.26943549513816833
172,-0.4559408724308014,-0.20285357534885406,0.29529455304145813
173,-0.833611249923706,-0.6797024607658386,0.02450592815876007
174,-0.5758667588233948,-0.3692326843738556,0.061602625995874405
175,-0.6098849773406982,-0.4328489601612091,0.15392981469631195
176,-0.8295615911483765,-0.728807270526886,-0.23642432689666748
177,0.009642867371439934,0.6409361958503723,0.7448256015777588
178,-0.8268374800682068,-0.7852535247802734,-0.09067760407924652
179,-0.8408310413360596,-0.7311892509460449,-0.2063300609588623
180,0.009981509298086166,0.6971634030342102,0.7474772334098816
181,-0.7860899567604065,-0.7183108329772949,0.3090324103832245
182,-0.8209577798843384,-0.7076948285102844,-0.09478393197059631
183,-0.8405213356018066,-0.6519065499305725,-0.20867399871349335
184,0.022861436009407043,0.5540928840637207,0.6407756805419922
185,-0.8423067331314087,-0.8130069375038147,-0.22120210528373718
186,-0.8268963694572449,-0.6818370819091797,-0.10256114602088928
187,-0.5657992362976074,-0.32534196972846985,0.0043146610260009766
188,-0.47096747159957886,-0.15778471529483795,0.19580227136611938
189,-0.8122283816337585,-0.658706784248352,-0.2355709820985794
190,-0.5355858206748962,-0.24262692034244537,0.24249403178691864
191,-0.4528319537639618,-0.22508102655410767,0.31484735012054443
192,-0.5697643756866455,-0.2884504795074463,-0.010523185133934021
193,-0.8752923607826233,-0.6231449246406555,-0.1020260602235794
194,-0.7795197367668152,-0.6637061834335327,-0.21797163784503937
195,-0.5631699562072754,-0.3371998369693756,0.004627418704330921
196,-0.636844277381897,-0.3626387417316437,0.01739760860800743
197,-0.4219832420349121,-0.1728019118309021,0.5379639863967896
198,-0.5475006103515625,-0.3030473291873932,0.007589361630380154
199,-0.5572986602783203,-0.299072265625,-0.021682115271687508
200,-0.7359651923179626,-0.5553111433982849,-0.13430438935756683
201,-0.5638585090637207,-0.3090238869190216,0.148084357380867
202,-0.5936275124549866,-0.38778895139694214,0.10533222556114197
203,-0.8771608471870422,-0.7703414559364319,-0.3689422607421875
204,-0.35392290353775024,-0.09572526067495346,0.4300963282585144
205,-0.9001484513282776,-0.6999343633651733,-0.2570022642612457
206,-0.48479706048965454,-0.25721821188926697,0.5121527910232544
207,-0.7990577816963196,-0.6648606657981873,-0.24533741176128387
208,-0.8014269471168518,-0.675234317779541,-0.2398693859577179
209,-0.8581357598304749,-0.733241856098175,-0.22682315111160278
210,-0.5422892570495605,-0.3847234845161438,0.20036369562149048
211,-0.8078577518463135,-0.6213409304618835,-0.23617295920848846
212,-0.757379949092865,-0.4941196143627167,-0.10145530849695206
213,-1.865447998046875,-0.7434933185577393,-0.2786596119403839
214,-0.6612574458122253,-0.38269954919815063,0.243305504322052
215,-1.017627477645874,-0.8409243822097778,-0.07634984701871872
216,-1.107997179031372,-0.6022926568984985,-0.2563777565956116
217,-0.8337085247039795,-0.5781424641609192,0.03374851867556572
218,-0.9053508639335632,-0.7415287494659424,-0.2752380669116974
219,-0.9373319149017334,-0.790011465549469,-0.2868603765964508
220,-1.007663369178772,-0.8204155564308167,-0.0210384801030159
221,-0.7784398794174194,-0.6304468512535095,-0.27224236726760864
222,-0.6231503486633301,-0.3290414810180664,0.17664913833141327
223,-0.7452167272567749,-0.5209546089172363,-0.1486201286315918
224,-0.740822970867157,-0.5121093392372131,-0.1425410509109497
225,-0.8955689072608948,-0.6352536678314209,-0.29729026556015015
226,-0.8049070239067078,-0.5875033736228943,-0.15908578038215637
227,-0.7613827586174011,-0.618017852306366,-0.26605600118637085
228,-1.0180871486663818,-0.7746269702911377,-0.1724076271057129
229,-0.8769012093544006,-0.31385567784309387,0.18774498999118805
230,-1.0159504413604736,-0.8675121068954468,-0.3039461374282837
231,-0.8934634923934937,-0.6894343495368958,-0.2936463952064514
232,-1.0272440910339355,-0.8653779625892639,-0.3486689031124115
233,-0.827007532119751,-0.4217589795589447,0.5718970894813538
234,-1.1109429597854614,-0.910203754901886,-0.3665964603424072
235,-1.0330634117126465,-0.7529923915863037,-0.3370567262172699
236,-0.7585831880569458,-0.47001200914382935,0.06098613515496254
237,-1.0154064893722534,-0.6991521716117859,-0.05079960078001022
238,-0.5453296303749084,-0.30148500204086304,0.09418754279613495
239,-0.1560562551021576,0.21428774297237396,0.5102705359458923
240,-0.81702721118927,-0.7558587193489075,-0.23881228268146515
241,-0.13451319932937622,0.3045736253261566,0.5060834288597107
242,-0.1542079746723175,0.17022061347961426,0.5400190949440002
243,-0.579127311706543,-0.3713058531284332,-0.016390493139624596
244,-0.8337783217430115,-0.5826389789581299,-0.20100389420986176
245,-0.4778090715408325,-0.3393290042877197,0.13507790863513947
246,-0.6909669041633606,-0.5461851358413696,-0.009608980268239975
247,-0.7974975109100342,-0.6489578485488892,-0.11516150087118149
248,-0.5420781970024109,-0.328556627035141,-0.013167265802621841
249,-0.6262121796607971,-0.4128091633319855,0.005127595271915197
250,-0.19291257858276367,0.18310332298278809,0.5378850102424622
251,-0.5203189849853516,-0.19933311641216278,-0.027948323637247086
252,-0.5256987810134888,-0.23243005573749542,-0.013079648837447166
253,-0.6386358737945557,-0.4073580503463745,0.17576447129249573
254,-0.5662627220153809,-0.38375991582870483,0.062607042491436
255,-0.6000714898109436,-0.40786212682724,-0.031079037114977837
256,-0.8279882073402405,-0.7022944688796997,-0.2390662133693695
257,-0.15994775295257568,0.2067330926656723,0.5450909733772278
258,-0.7968950271606445,-0.7094659209251404,-0.1360197514295578
259,-0.5989550352096558,-0.38849595189094543,0.07996520400047302
260,-0.8410651683807373,-0.716559886932373,-0.24834854900836945
261,-0.14912573993206024,0.14189396798610687,0.5659246444702148
262,-0.8191940784454346,-0.6864102482795715,-0.16456617414951324
263,-0.7790528535842896,-0.658549964427948,-0.03547688573598862
264,-0.814225435256958,-0.642523467540741,-0.17688703536987305
265,-0.24938878417015076,0.03619471937417984,0.3281936049461365
266,-0.8178401589393616,-0.7275655269622803,-0.23890423774719238
267,-0.5279439687728882,-0.22814059257507324,0.16806669533252716
268,-0.888476550579071,-0.8028236627578735,-0.3031858205795288
269,-0.48445722460746765,-0.16243015229701996,0.42829594016075134
270,-0.4775429368019104,-0.1472988873720169,0.5395084023475647
271,-0.5948836803436279,-0.24984082579612732,0.13313163816928864
272,-0.8772934675216675,-0.6371641755104065,-0.19056615233421326
273,-0.8024868369102478,-0.6633612513542175,-0.2621089220046997
274,-0.5315839052200317,-0.15122711658477783,0.30938440561294556
275,-0.7008994817733765,-0.4073641300201416,-0.030506376177072525
276,-0.4806212782859802,-0.1716812551021576,0.6424694061279297
277,-0.5316569209098816,-0.11840645223855972,0.16989676654338837
278,-0.5313701629638672,-0.13266250491142273,0.5924639701843262
279,-0.5825294852256775,-0.31726932525634766,0.156632661819458
280,-0.6892237663269043,-0.4276849329471588,0.28879305720329285
281,-0.9198368787765503,-0.7550061345100403,-0.36247068643569946
282,-0.476947158575058,-0.07835260778665543,0.3640088737010956
283,-0.798661470413208,-0.6389316320419312,-0.25262564420700073
284,-0.747595489025116,-0.5371257066726685,-0.19408714771270752
285,-0.9041557312011719,-0.8382052183151245,-0.26760610938072205
286,-0.4966244697570801,-0.14057010412216187,0.42707961797714233
287,-0.7927162051200867,-0.5918669700622559,-0.24799637496471405
288,-0.7818945050239563,-0.6431769132614136,-0.2382911890745163
289,-0.8765767812728882,-0.6716189980506897,-0.19122882187366486
290,-0.5277509093284607,-0.23042336106300354,0.2195752114057541
291,-0.8834782838821411,-0.7859522700309753,-0.3344308137893677
292,-0.7304397821426392,-0.5716726183891296,-0.1052730605006218
293,0.0036080474965274334,0.6097325682640076,0.6392409801483154
294,0.022861436009407043,0.5867425203323364,0.6822233200073242
295,-0.6245998740196228,-0.34997987747192383,0.13644735515117645
296,-0.6578945517539978,-0.39137402176856995,-0.06772586703300476
297,-0.1758602112531662,0.12491710484027863,0.4086522161960602
298,-0.6365450620651245,-0.433938592672348,-0.044882576912641525
299,-0.6728849411010742,-0.4850470721721649,-0.046625055372714996
300,-0.36669933795928955,0.054956983774900436,0.32031968235969543
301,-0.70978182554245,-0.48029467463493347,0.030489042401313782
302,0.0036080474965274334,0.5261593461036682,0.6744788289070129
303,-0.26379600167274475,0.24775367975234985,0.3657204508781433
304,-0.3067553639411926,0.09916555881500244,0.39646950364112854
305,-0.714138925075531,-0.5113897919654846,-0.050949059426784515
306,-0.5378978848457336,-0.270089328289032,0.14848186075687408
307,-0.733287513256073,-0.568646252155304,-0.21178017556667328
308,0.022861436009407043,0.5634645223617554,0.6813600659370422
309,-0.7225483059883118,-0.5798640847206116,-0.11596827954053879
310,-0.5985969305038452,-0.3656213581562042,0.35700076818466187
311,-0.6853681802749634,-0.47343847155570984,-0.11693190038204193
312,0.0050440882332623005,0.5117383003234863,0.7068433165550232
313,-0.6017100214958191,-0.4527151584625244,0.4821348488330841
314,-0.7113344669342041,-0.49667295813560486,-0.08541885018348694
315,-0.7502853274345398,-0.5048589706420898,-0.2243666797876358
316,0.0029169507324695587,0.580755889415741,0.6232690811157227
317,-0.7186244130134583,-0.5489643216133118,-0.18056949973106384
318,-0.8437654972076416,-0.7477752566337585,-0.25619742274284363
319,-0.7626151442527771,-0.6336991786956787,-0.24088847637176514
320,-0.9204108119010925,-0.6751603484153748,-0.4372626841068268
321,-0.9504038095474243,-0.8748235702514648,-0.4650528132915497
322,-1.0498870611190796,-0.9735442996025085,-0.4496747851371765
323,-1.0340242385864258,-0.9894160032272339,-0.47567203640937805
324,-0.9198673963546753,-0.7651958465576172,-0.35287824273109436
325,-1.0183849334716797,-0.9801275730133057,-0.45718199014663696
326,-0.6752219796180725,-0.4155677855014801,-0.11929760873317719
327,-0.8919102549552917,-0.6341123580932617,-0.27505654096603394
328,-0.901821494102478,-0.5770040154457092,-0.3153083324432373
329,-1.0022660493850708,-0.9531874656677246,-0.48934876918792725
330,-0.9158996343612671,-0.6726136207580566,-0.36071082949638367
331,-0.9779109954833984,-0.8385094404220581,-0.35653531551361084
332,-1.0189509391784668,-0.9692584276199341,-0.4955631494522095
333,-0.7493292093276978,-0.4507370889186859,-0.11658991128206253
334,-1.0405200719833374,-0.9837833046913147,-0.4999873638153076
335,-0.9723947644233704,-0.9282415509223938,-0.48535457253456116
336,-1.0287224054336548,-1.000780701637268,-0.4334960877895355
337,-0.7559755444526672,-0.6422321200370789,-0.26358500123023987
338,-1.0147196054458618,-0.9631704688072205,-0.49562355875968933
339,-1.0419670343399048,-0.9772599935531616,-0.491977334022522
340,-1.0173953771591187,-0.9794427156448364,-0.4799426794052124
341,-0.8731898665428162,-0.852573037147522,-0.2926330864429474
342,-1.026115894317627,-0.9838528037071228,-0.493081271648407
343,0.009642867371439934,0.8476466536521912,0.9232310652732849
344,-0.7707964181900024,-0.5343649983406067,-0.11294497549533844
345,-0.2616545855998993,0.10034555941820145,0.47372692823410034
346,-0.7506356239318848,-0.49287670850753784,0.05802776664495468
347,-0.7981793284416199,-0.5956284403800964,0.31181493401527405
348,-0.4569965600967407,-0.15384487807750702,0.3216443955898285
349,0.023476991802453995,0.7445678114891052,0.8955740332603455
350,-0.37396541237831116,0.06345216184854507,0.37994372844696045
351,-0.5176464915275574,-0.07003198564052582,0.22423025965690613
352,-0.5781183242797852,-0.3748233914375305,0.20460239052772522
353,-0.8087003827095032,-0.6655459403991699,-0.16275224089622498
354,-0.8266149163246155,-0.7328978776931763,-0.11156535893678665
355,-0.7980722784996033,-0.6811566948890686,-0.10650893300771713
356,0.007309774402529001,0.6773331165313721,0.8383064270019531
357,-0.8066311478614807,-0.640338122844696,-0.17964768409729004
358,-0.8343931436538696,-0.7240058183670044,-0.18553975224494934
359,-0.6280297636985779,-0.422676682472229,0.11010138690471649
360,-0.6856258511543274,-0.48260554671287537,-0.15978379547595978
361,-0.24692930281162262,-0.07343938201665878,0.8476318120956421
362,-0.6422041058540344,-0.4223531186580658,0.024114297702908516
363,-0.6909432411193848,-0.5196683406829834,-0.0755302906036377
364,-0.33176472783088684,-0.022501176223158836,0.6820777654647827
365,-0.6512474417686462,-0.49132364988327026,-0.06645506620407104
366,0.023476991802453995,0.6858701705932617,0.7544418573379517
367,-0.23213288187980652,0.18612125515937805,0.4875762462615967
368,-0.3531705141067505,0.05954129248857498,0.4000247120857239
369,-0.5487531423568726,-0.3075844645500183,0.19334763288497925
370,-0.6134107708930969,-0.42063793540000916,0.023260561749339104
371,-0.7266718745231628,-0.5441766381263733,-0.1647481620311737
372,0.007309774402529001,0.5971789360046387,0.7633688449859619
373,-0.7082448601722717,-0.5977186560630798,-0.13768693804740906
374,-0.5930966138839722,-0.3920852541923523,0.45405393838882446
375,-0.6948580741882324,-0.5372709631919861,-0.1558227837085724
376,0.009981509298086166,0.7115111351013184,0.7756540775299072
377,-0.629413366317749,-0.47053951025009155,0.2476319819688797
378,-0.7319411635398865,-0.5020142197608948,-0.09391326457262039
379,-0.7379924058914185,-0.5307263731956482,-0.16983188688755035
380,0.019157227128744125,0.5125296711921692,0.6820058822631836
381,-0.7226023077964783,-0.56838059425354,-0.21135593950748444
382,-0.9077774286270142,-0.6935039162635803,-0.06567899137735367
383,-0.698984682559967,-0.41704893112182617,-0.1608974039554596
384,-0.7403014302253723,-0.529879093170166,-0.1963525414466858
385,-0.7556009888648987,-0.5785616040229797,-0.20711109042167664
386,-0.552148699760437,-0.2826220691204071,0.002215120242908597
387,-0.5682968497276306,-0.23590798676013947,-0.024913949891924858
388,-0.5651232004165649,-0.32006868720054626,0.10736189037561417
389,-0.5541233420372009,-0.3248834013938904,-0.003923562355339527
390,-0.5540485978126526,-0.3356841504573822,-0.022642988711595535
391,-0.6517553329467773,-0.4277421236038208,-0.12528552114963531
392,-0.5492852330207825,-0.3046542704105377,-0.011449708603322506
393,-0.5655471682548523,-0.29613780975341797,-0.028612615540623665
394,-0.888907253742218,-0.827778697013855,-0.38366174697875977
395,-0.4726846218109131,-0.29458776116371155,0.07862138748168945
396,-0.7651838660240173,-0.6039134860038757,-0.2017505168914795
397,-0.6533448696136475,-0.4514918625354767,-0.14731049537658691
398,-0.8318438529968262,-0.6140893697738647,-0.22551541030406952
399,-0.5879443883895874,-0.4011082351207733,-0.03876924142241478
400,-0.7535472512245178,-0.5565170049667358,-0.20818264782428741
401,-0.7574321031570435,-0.5644499063491821,-0.18816839158535004
402,-0.9052545428276062,-0.792910635471344,-0.21464015543460846
403,-0.6041309833526611,-0.40467748045921326,0.03505779430270195
404,-0.8499926924705505,-0.6739005446434021,-0.23407267034053802
405,-0.8561024069786072,-0.691576361656189,-0.2361914962530136
406,-0.8868642449378967,-0.7711780071258545,-0.35097968578338623
407,-0.9161226153373718,-0.8687524199485779,-0.435016393661499
408,-0.8011054992675781,-0.556784451007843,0.27229076623916626
409,-0.891099750995636,-0.8026464581489563,-0.16446009278297424
410,-0.6312866806983948,-0.38863271474838257,0.0750669315457344
411,-0.79236900806427,-0.49214980006217957,-0.10352073609828949
412,-0.7916878461837769,-0.5208778381347656,-0.10289432108402252
413,-0.910709023475647,-0.7866379022598267,-0.165388822555542
414,-0.8530895113945007,-0.6692091822624207,-0.10064755380153656
415,-0.8471218347549438,-0.759911835193634,-0.16483823955059052
416,-0.9262927770614624,-0.8207061886787415,-0.39785969257354736
417,-0.6932757496833801,-0.2773243188858032,-0.15826791524887085
418,-0.9034299254417419,-0.8148795962333679,-0.40283721685409546
419,-0.8757167458534241,-0.7757905721664429,-0.1627877652645111
420,-0.868840754032135,-0.7273812890052795,-0.18054059147834778
421,-0.6636760830879211,-0.48211807012557983,-0.2487236112356186
422,-0.9053647518157959,-0.7995193004608154,-0.3509080708026886
423,-0.9198620915412903,-0.801522433757782,-0.22896935045719147
424,-0.9142275452613831,-0.7990773916244507,-0.39794960618019104
425,-0.7468897104263306,-0.431959867477417,-0.09723342955112457
426,-0.9275768399238586,-0.860706090927124,-0.3668256998062134
427,-0.8166325688362122,-0.568642795085907,-0.23837344348430634
428,-1.0378881692886353,-0.8267541527748108,-0.29698798060417175
429,-0.3594275414943695,0.010161426849663258,1.0338982343673706
430,-0.8056435585021973,-0.6478358507156372,-0.19124025106430054
431,-0.6949027180671692,-0.5233273506164551,-0.09204299002885818
432,-0.7740411162376404,-0.5367324948310852,-0.07261034846305847
433,-1.0131471157073975,-0.7573449015617371,-0.25260964035987854
434,-0.4943886399269104,0.060046520084142685,2.1234731674194336
435,-1.0235577821731567,-0.8098552823066711,-0.38513869047164917
436,-0.9888327121734619,-0.8031957745552063,-0.3478734791278839
437,-0.5308094620704651,0.06044694408774376,2.103593587875366
438,-0.874110221862793,-0.8174969553947449,-0.2931818664073944
439,-1.0244252681732178,-0.6921023726463318,-0.28871768712997437
440,-0.973570704460144,-0.7766972184181213,-0.2186824083328247
441,-0.4406144917011261,-0.21437682211399078,0.6454483866691589
442,-1.002272605895996,-0.8425667881965637,-0.2905571758747101
443,-1.0180164575576782,-0.8250932097434998,-0.10624676197767258
444,-0.7456164956092834,-0.5866069197654724,-0.20563437044620514
445,-0.8154042363166809,-0.67161625623703,-0.2969391345977783
446,-0.7584173679351807,-0.5467649698257446,-0.1880245953798294
447,-0.7595769166946411,-0.5546536445617676,-0.1166686937212944
448,-0.8369100689888,-0.6598964333534241,-0.28133851289749146
449,-0.8182657957077026,-0.6962228417396545,-0.22300869226455688
450,-0.8109208345413208,-0.6825164556503296,-0.29859307408332825
451,-1.0111384391784668,-0.8619423508644104,-0.40303894877433777
452,-0.8588114380836487,-0.41674840450286865,-0.10488459467887878
453,-0.9902255535125732,-0.8648831844329834,-0.34546902775764465
454,-0.8934363722801208,-0.7085683345794678,-0.28688502311706543
455,-1.0218642950057983,-0.870839536190033,-0.26774081587791443
456,-0.9900683164596558,-0.8180539011955261,-0.20524607598781586
457,-1.0709419250488281,-0.7978888750076294,-0.27835023403167725
458,-1.012000322341919,-0.7789976000785828,-0.11581143736839294
459,-0.7912174463272095,-0.49155309796333313,-0.09272532165050507
460,-1.0168856382369995,-0.7977639436721802,-0.27148544788360596
461,-0.8238970637321472,-0.7169349193572998,-0.3773060142993927
462,-0.9151273965835571,-0.7177556157112122,-0.38265755772590637
463,-0.8211026787757874,-0.4586566984653473,0.03031483106315136
464,-0.8417048454284668,-0.676697850227356,-0.3177689015865326
465,-0.8406815528869629,-0.6544336676597595,-0.3302463889122009
466,-1.085655689239502,-0.8638110756874084,-0.3859162926673889
467,-0.8083207011222839,-0.6735774874687195,-0.3282869756221771
468,-0.8687494993209839,-0.6912416815757751,-0.36151692271232605
469,-1.0111720561981201,-0.9380038976669312,-0.47693902254104614
470,-0.6606107354164124,-0.3578869700431824,-0.00859711691737175
471,-1.063739538192749,-0.973797619342804,-0.4557492136955261
472,-0.9592469930648804,-0.7698713541030884,-0.37524813413619995
473,-1.026030421257019,-0.9719621539115906,-0.475084513425827
474,-0.7492079138755798,-0.4359179139137268,-0.06007677689194679
475,-1.021384835243225,-0.9490405321121216,-0.3993161916732788
476,-1.0370348691940308,-0.944430410861969,-0.454529732465744
477,-1.0054985284805298,-0.9117128849029541,-0.4239968955516815
478,-0.8430349230766296,-0.6750686168670654,-0.13358300924301147
479,-1.014501690864563,-0.9661387801170349,-0.47338736057281494
480,-0.6214182376861572,-0.4010321795940399,0.008799775503575802
481,-0.40832626819610596,-0.15835827589035034,0.5256953835487366
482,-0.5804859399795532,-0.3148050308227539,-0.023840289562940598
483,-0.5682438611984253,-0.30156150460243225,-0.014124201610684395
484,-0.6792909502983093,-0.4967673718929291,0.02574443258345127
485,-0.5772287845611572,-0.32752901315689087,0.019601238891482353
486,-0.5773884654045105,-0.3518976867198944,-0.03714888170361519
487,-0.39917829632759094,-0.009490045718848705,0.3117716610431671
488,-0.7975772619247437,-0.6843399405479431,-0.2386390119791031
489,-0.8104873299598694,-0.6816557049751282,-0.2478550225496292
490,-0.4040330946445465,-0.14459429681301117,0.501645028591156
491,-0.7961600422859192,-0.6615196466445923,-0.24383533000946045
492,-0.7492501735687256,-0.6371326446533203,-0.24179889261722565
493,-0.8346526622772217,-0.5530746579170227,-0.19477321207523346
494,-0.5717222690582275,-0.3588515520095825,0.19632822275161743
495,-0.8029600381851196,-0.6572962999343872,-0.23736213147640228
496,-0.662318229675293,-0.4291594624519348,-0.019408976659178734
497,-0.5823112726211548,-0.35656848549842834,-0.019641174003481865
498,-0.555318295955658,-0.3058960735797882,-0.02753799594938755
499,-0.7215035557746887,-0.44583380222320557,-0.18850748240947723
500,-0.5883771777153015,-0.33762797713279724,-0.036024369299411774
501,-0.6648768782615662,-0.38401228189468384,-0.06389760226011276
502,-0.9620535373687744,-0.8220788240432739,-0.2704898416996002
503,-0.6806156635284424,-0.45687809586524963,-0.016602229326963425
504,-0.7886375784873962,-0.5938900113105774,-0.20423533022403717
505,-0.7236934304237366,-0.48369136452674866,-0.1950412094593048
506,-0.9039710760116577,-0.7719244956970215,-0.3293474614620209
507,-0.8350529670715332,-0.588732123374939,-0.211516335606575
508,-0.7693667411804199,-0.5481457710266113,-0.19233663380146027
509,-0.9688435196876526,-0.8058926463127136,-0.23142974078655243
510,-0.6874240636825562,-0.4997825026512146,0.029427260160446167
511,-0.9366913437843323,-0.8398668766021729,-0.2557902932167053
512,-0.2645955979824066,0.19296233355998993,0.5194789171218872
513,-0.37214383482933044,-0.0490841269493103,0.342231422662735
514,-0.4427355229854584,-0.18020331859588623,0.413421094417572
515,-0.5691947340965271,-0.3650767505168915,0.17550800740718842
516,-0.689041018486023,-0.47210443019866943,-0.14418239891529083
517,0.020338241010904312,0.5643253326416016,0.7634966969490051
518,-0.6919079422950745,-0.4286402463912964,0.028647812083363533
519,-0.5968900918960571,-0.39008381962776184,0.2691665291786194
520,-0.5355319380760193,-0.2806299030780792,-0.021045608446002007
521,0.007309774402529001,0.5947359800338745,0.7940652966499329
522,-0.6088850498199463,-0.3941747546195984,0.0772222951054573
523,-0.7794804573059082,-0.5218666791915894,-0.015310014598071575
524,-0.6861782073974609,-0.45217084884643555,-0.17655326426029205
525,9.431899525225163e-05,0.4633358120918274,0.6799474358558655
526,-0.5681929588317871,-0.34936651587486267,-0.02594688907265663
527,-0.5204750895500183,-0.2823633849620819,-0.0013248500181362033
528,-0.6520941257476807,-0.47637733817100525,-0.05386914685368538
529,-0.5473033785820007,-0.3368545472621918,-0.012148711830377579
530,-0.5626966953277588,-0.37062451243400574,-0.03151273354887962
531,-0.7930271029472351,-0.6086363196372986,-0.20816677808761597
532,-0.26143890619277954,0.1907673478126526,0.3635112941265106
533,-0.7883784174919128,-0.6871696710586548,-0.17214761674404144
534,-0.593264639377594,-0.4211207926273346,-0.04722440242767334
535,-0.7583209872245789,-0.6087379455566406,-0.21399882435798645
536,-0.29237207770347595,0.10436752438545227,0.3927815556526184
537,-0.7609500885009766,-0.594078779220581,-0.18004949390888214
538,-0.7598142027854919,-0.6180049180984497,-0.08056426048278809
539,-0.7681881785392761,-0.4803294241428375,-0.1993360072374344
540,-0.40291884541511536,-0.033339399844408035,0.19280453026294708
541,-0.7619720101356506,-0.6334232091903687,-0.2380731701850891
542,-0.6028066873550415,-0.3548223674297333,-0.04579797759652138
543,-0.5463897585868835,-0.2989976704120636,-0.014406071044504642
544,-0.5517978668212891,-0.2990637421607971,-0.023407982662320137
545,-0.768738329410553,-0.54496830701828,-0.23082511126995087
546,-0.3288101553916931,-0.027065454050898552,0.4000672698020935
547,-0.7725595235824585,-0.6663843989372253,-0.20354492962360382
548,-0.5870975255966187,-0.37173107266426086,-0.035531289875507355
549,-0.7494491338729858,-0.5460535287857056,-0.2107631415128708
550,-0.3983663022518158,-0.07032158225774765,0.3572953939437866
551,-0.7669534087181091,-0.5493229031562805,-0.21772217750549316
552,-0.7294771671295166,-0.5738072395324707,-0.0761643573641777
553,-0.7732470035552979,-0.5332540273666382,-0.20806178450584412
554,-0.435934841632843,-0.14579398930072784,0.02489076368510723
555,-0.7737690806388855,-0.551964521408081,-0.2187550812959671
556,-0.6866827607154846,-0.5620892643928528,-0.21245911717414856
557,-0.7479744553565979,-0.5487815737724304,-0.2165803760290146
558,-0.9551430344581604,-0.7698087096214294,-0.13560645282268524
559,-0.7055007219314575,-0.48387959599494934,-0.1181163638830185
560,-0.9461789131164551,-0.8251090049743652,-0.30338284373283386
561,-0.75566565990448,-0.5732449293136597,-0.24087925255298615
562,-0.900047779083252,-0.7987980246543884,-0.2272646129131317
563,-0.9422284960746765,-0.8647280335426331,-0.28901809453964233
564,-0.8124408721923828,-0.6418133974075317,-0.2576572597026825
565,-0.9801444411277771,-0.7997865080833435,-0.3737477958202362
566,-0.7568641901016235,-0.5585343241691589,-0.0725472941994667
567,-0.90165776014328,-0.8339647054672241,-0.16150274872779846
568,-0.5802615880966187,-0.38974034786224365,-0.05014859884977341
569,-0.8638757467269897,-0.6929860711097717,-0.23750488460063934
570,-0.45765554904937744,-0.12398763746023178,0.12135331332683563
571,-0.7791313529014587,-0.6632736921310425,-0.22842921316623688
572,-0.6827442049980164,-0.49445170164108276,-0.12832529842853546
573,-0.7703772783279419,-0.6088507175445557,-0.23056358098983765
574,-0.5482521057128906,-0.22982379794120789,0.24893812835216522
575,-0.7516660094261169,-0.5698291659355164,-0.23072420060634613
576,-0.7927606701850891,-0.6411018967628479,-0.23814617097377777
577,-0.8944994211196899,-0.7344724535942078,-0.21184377372264862
578,-0.5883678793907166,-0.329158216714859,0.1746387779712677
579,-0.794901430606842,-0.6400428414344788,-0.2468499392271042
580,-0.9014434218406677,-0.8137108683586121,-0.2820814251899719
581,-0.573093056678772,-0.3194653391838074,-0.07375553250312805
582,-0.79215008020401,-0.6598268747329712,-0.24929331243038177
583,-0.7258358001708984,-0.5283606648445129,-0.19383838772773743
584,-0.8278520107269287,-0.6878452897071838,-0.24004898965358734
585,-0.6043286323547363,-0.37615731358528137,-0.03893548250198364
586,-0.7637688517570496,-0.5996437072753906,-0.22746898233890533
587,-0.7468531727790833,-0.5990113615989685,-0.2262103408575058
588,-0.9271350502967834,-0.821435809135437,-0.2827570140361786
589,-0.6070694923400879,-0.43903863430023193,-0.014218556694686413
590,-0.8224804997444153,-0.7606724500656128,-0.2406253069639206
591,-0.7864583134651184,-0.4766944944858551,-0.15065674483776093
592,-1.031375527381897,-0.9739342331886292,-0.49336662888526917
593,-1.0443029403686523,-0.9926333427429199,-0.4949067533016205
594,-1.0229350328445435,-0.9684060215950012,-0.4784635901451111
595,-0.8410496711730957,-0.5653883814811707,-0.19932982325553894
596,-1.0336171388626099,-0.9887633323669434,-0.5035783052444458
597,-1.0414053201675415,-0.9645650386810303,-0.47711920738220215
598,-1.0278913974761963,-0.9869580268859863,-0.476917028427124
599,-0.883621096611023,-0.7022446393966675,-0.2478741556406021
600,-1.0170435905456543,-0.9489091038703918,-0.4781304597854614
601,-0.7139201164245605,-0.3796192407608032,-0.08904244750738144
602,-0.6005200743675232,-0.3720749020576477,0.5224327445030212
603,-0.5916656851768494,-0.3877476751804352,-0.09627965837717056
604,0.009981509298086166,0.541135847568512,0.7332767844200134
605,-0.5808603763580322,-0.3403194546699524,0.21354326605796814
606,-0.7010858058929443,-0.47745823860168457,-0.0868230015039444
607,-0.6456651091575623,-0.41461101174354553,-0.0028032278642058372
608,0.022319026291370392,0.5038596391677856,0.6483654975891113
609,-0.6068450212478638,-0.3522598147392273,-0.07462973147630692
610,-1.090997338294983,-0.9088401198387146,-0.4328530430793762
611,-1.0292842388153076,-0.9725295901298523,-0.49354103207588196
612,-0.7705351114273071,-0.6315269470214844,0.10799816250801086
613,-1.0678246021270752,-0.9759843349456787,-0.48181918263435364
614,-1.0392578840255737,-0.9873429536819458,-0.4934164583683014
615,-1.03171968460083,-0.9391843676567078,-0.4734494984149933
616,-0.8459399938583374,-0.7536823749542236,0.19204206764698029
617,-1.0196207761764526,-0.9594646692276001,-0.49352309107780457
618,-0.8831615447998047,-0.7802258729934692,-0.35435181856155396
619,-0.6120832562446594,-0.34995320439338684,0.06435537338256836
620,-0.9001533389091492,-0.8123461008071899,-0.3077322542667389
621,-0.8411023020744324,-0.6873115301132202,-0.2867904603481293
622,-0.9168068170547485,-0.7799773812294006,-0.199237659573555
623,-0.6352473497390747,-0.4632653295993805,-0.05521007254719734
624,-0.9249001741409302,-0.8233017921447754,-0.350949227809906
625,-0.7603423595428467,-0.4836941659450531,-0.13452906906604767
626,-1.0442384481430054,-0.9887306094169617,-0.4814142882823944
627,-1.0186266899108887,-0.9633108377456665,-0.49365153908729553
628,-1.0294499397277832,-0.9527429938316345,-0.4642447829246521
629,-0.8488361835479736,-0.7168769836425781,-0.27334243059158325
630,-1.019748330116272,-0.9766786694526672,-0.49507418274879456
631,-0.717078685760498,-0.4747185707092285,0.07433649152517319
632,-0.744391679763794,-0.5304839611053467,-0.16319772601127625
633,0.006238928530365229,0.4874624013900757,0.6902804374694824
634,-0.7130885124206543,-0.5280625224113464,-0.16881953179836273
635,-1.1143752336502075,-0.9905438423156738,-0.491977334022522
636,-0.8519632816314697,-0.6978645920753479,0.3398604691028595
637,-1.0152217149734497,-0.95054030418396,-0.47717130184173584
638,-1.013511300086975,-0.8516939282417297,-0.4460453391075134
639,-0.8626790046691895,-0.6029371619224548,-0.20233266055583954
640,-1.00868821144104,-0.8772028684616089,-0.4527793824672699
641,-0.9122912883758545,-0.6543290019035339,-0.2485373616218567
642,-1.0211234092712402,-0.9701231718063354,-0.47367775440216064
643,-0.8589851260185242,-0.7143570184707642,-0.2447691410779953
644,-0.11681964993476868,0.3192465901374817,0.4027470350265503
645,-0.22087445855140686,0.3230518102645874,0.43933698534965515
646,-0.05790971592068672,0.4472011923789978,0.7776176929473877
647,-0.5251672863960266,-0.23749974370002747,0.37338170409202576
648,-0.5411757826805115,-0.32127320766448975,0.2966415286064148
649,-0.19499969482421875,0.20683325827121735,0.37955793738365173
650,-0.4830836057662964,-0.1723669469356537,0.3423861563205719
651,-0.055330369621515274,0.4647126793861389,0.6290398240089417
652,-0.5575522780418396,-0.3373193144798279,0.018114499747753143
653,-0.06760317832231522,0.3954009711742401,0.5331887006759644
654,-0.5683620572090149,-0.41095951199531555,0.10921937972307205
655,-0.37922748923301697,-0.09994678944349289,0.22779253125190735
656,-0.6042797565460205,-0.4456111788749695,0.0012580304173752666
657,-0.6010919213294983,-0.4183327257633209,0.08846011757850647
658,-0.49061304330825806,-0.12639731168746948,0.4574032425880432
659,-0.6357699632644653,-0.5030180215835571,-0.016925573348999023
660,-0.08580143004655838,0.4374796152114868,0.6832267642021179
661,-0.42144301533699036,-0.1192987933754921,0.14457249641418457
662,-0.4539378583431244,-0.1654297411441803,0.2763945758342743
663,-0.6335105895996094,-0.47669821977615356,0.0653093084692955
664,-0.520849347114563,-0.2704443037509918,0.20176565647125244
665,-0.5677032470703125,-0.39876455068588257,0.0985303595662117
666,-0.548024594783783,-0.1654745191335678,0.07775124162435532
667,-0.08714193105697632,0.44262799620628357,0.7015559673309326
668,-0.6486703753471375,-0.456601619720459,-0.03094574622809887
669,-0.5604986548423767,-0.3824729919433594,0.1806364208459854
670,-0.5366472005844116,-0.2534811794757843,0.080396369099617
671,-0.08726142346858978,0.432049959897995,0.6843094825744629
672,-0.5749610066413879,-0.329519122838974,0.0672091618180275
673,-0.7010901570320129,-0.5103594660758972,-0.056791890412569046
674,-0.5062190294265747,-0.11582731455564499,0.16197919845581055
675,-0.10491275787353516,0.37099993228912354,0.53749018907547
676,-0.5566986203193665,-0.22451652586460114,0.02579503133893013
677,-0.10350871086120605,0.345135360956192,0.4657878875732422
678,-0.22613480687141418,0.3292311131954193,0.4203656315803528
679,0.020338241010904312,0.6636142730712891,0.9796812534332275
680,0.023476991802453995,0.6364164352416992,0.7214758396148682
681,-0.5537746548652649,-0.36978867650032043,0.12194658815860748
682,-0.9697421193122864,-0.8832485675811768,-0.323090523481369
683,-0.28226998448371887,-0.01985337771475315,0.21667875349521637
684,-0.5408498644828796,-0.14391987025737762,0.23960143327713013
685,0.005912331398576498,0.5217570662498474,0.6398795247077942
686,-1.109397530555725,-1.0831342935562134,-0.4770919978618622
687,0.009642867371439934,0.8239539265632629,0.9002103209495544
688,0.00877371896058321,0.6358383297920227,0.7546144127845764
689,-0.5731605887413025,-0.3772493600845337,-0.01795479655265808
690,-0.7930914759635925,-0.7161591649055481,-0.21598920226097107
691,-0.9708814024925232,-0.9228312373161316,-0.3235958218574524
692,-1.0671616792678833,-0.9593234062194824,-0.44362518191337585
693,-0.5839563608169556,-0.3825041651725769,0.046680744737386703
694,-0.6176155805587769,-0.4060167968273163,-0.010749580338597298
695,0.007309774402529001,0.5414526462554932,0.739067792892456
696,-0.49215400218963623,-0.2773100733757019,0.031915564090013504
697,-0.5359087586402893,-0.32239165902137756,-0.008508210070431232
698,-0.7991355061531067,-0.6737097501754761,-0.235849991440773
699,-0.5798752903938293,-0.3837204575538635,-0.039127275347709656
700,-0.585290789604187,-0.3923953175544739,-0.05449367314577103
701,-1.1794934272766113,-1.1519197225570679,-0.5059930086135864
702,0.00877371896058321,0.4970194399356842,0.6998183727264404
703,-1.0927082300186157,-1.056018590927124,-0.4558957517147064
704,-0.7762137651443481,-0.6800492405891418,-0.2324056327342987
705,-1.1193655729293823,-1.1123909950256348,-0.48222818970680237
706,0.023476991802453995,0.6159418821334839,0.7943616509437561
707,-1.0755068063735962,-0.9759179353713989,-0.4609007239341736
708,-1.0280691385269165,-1.0101912021636963,-0.40995752811431885
709,-1.1098546981811523,-1.1182843446731567,-0.4443208575248718
710,-0.0012640164932236075,0.5292497873306274,0.5452064275741577
711,-1.1030796766281128,-1.080930471420288,-0.4801543354988098
712,-0.13225631415843964,0.37780001759529114,0.46997252106666565
713,-0.11894696205854416,0.21702373027801514,0.4415614902973175
714,-0.06576040387153625,0.3361051678657532,0.47104936838150024
715,-0.3825656771659851,0.08894510567188263,0.39683997631073
716,-0.4490983784198761,-0.02770810015499592,0.27106142044067383
717,-0.13826069235801697,0.33101460337638855,0.45112958550453186
718,-0.3761976361274719,0.08025065064430237,0.30655378103256226
719,-0.0841197669506073,0.31655973196029663,0.47805336117744446
720,-0.5929853916168213,-0.17722441256046295,0.10728722810745239
721,-0.09010566025972366,0.2910826802253723,0.4496620297431946
722,-0.07670389860868454,0.28832265734672546,0.4345792531967163
723,-0.4237474203109741,0.008495770394802094,0.33372950553894043
724,-0.3194430470466614,-0.11231095343828201,0.17747871577739716
725,-0.26983165740966797,0.08154696971178055,0.36007159948349
726,-0.4901856780052185,-0.05141100659966469,0.1964365541934967
727,-0.5781033635139465,-0.1195138469338417,0.10162117332220078
728,-0.25768619775772095,0.315559446811676,0.4138043224811554
729,-0.4412730932235718,-0.05003747716546059,0.10604754090309143
730,-0.09403489530086517,0.2784557044506073,0.4577077627182007
731,-0.20401200652122498,0.25533348321914673,0.4546654224395752
732,-0.2871227562427521,0.23324553668498993,0.43048593401908875
733,-0.5516409277915955,-0.16581153869628906,0.13624046742916107
734,-0.3518557846546173,0.19505682587623596,0.35030338168144226
735,-0.42637690901756287,-0.037529900670051575,0.2857188880443573
736,-0.5285634398460388,-0.25324150919914246,0.08790295571088791
737,-0.08545514941215515,0.3092358708381653,0.4621497094631195
738,-0.6125628352165222,-0.15396323800086975,0.005601650103926659
739,-0.4527644217014313,0.030730213969945908,0.24318315088748932
740,-0.5790626406669617,-0.1512095332145691,0.13314692676067352
741,-0.10738439112901688,0.19520314037799835,0.41107800602912903
742,-0.5312898755073547,-0.10486654937267303,0.1327311396598816
743,-0.6746200919151306,-0.23196765780448914,0.12002534419298172
744,-0.5523054003715515,-0.2702757716178894,0.12165409326553345
745,-0.08441460877656937,0.3395944833755493,0.4596247673034668
746,-0.5839244723320007,-0.2200811505317688,0.10930393636226654
747,-0.11552803218364716,0.32713377475738525,0.463665246963501
748,-0.08352813124656677,0.34573349356651306,0.4534195363521576
749,-0.6119317412376404,-0.3941816985607147,0.003149281721562147
750,-0.9219036102294922,-0.8724712133407593,-0.35901185870170593
751,-0.26186704635620117,0.0456748902797699,0.28609034419059753
752,-0.6097022891044617,-0.2298683226108551,0.19473853707313538
753,-0.06516849994659424,0.30681130290031433,0.4962235987186432
754,-1.0837103128433228,-1.0516060590744019,-0.48064470291137695
755,-0.0906471461057663,0.41077113151550293,0.5198972821235657
756,-0.08700388669967651,0.2829517126083374,0.46481356024742126
757,-0.601774275302887,-0.39333945512771606,-0.03347989544272423
758,-0.8714770674705505,-0.661021888256073,-0.17004413902759552
759,-0.9647085666656494,-0.8728955388069153,-0.32781362533569336
760,-1.0605263710021973,-0.9853389859199524,-0.4725790321826935
761,-0.6214768290519714,-0.4350056052207947,0.014957757666707039
762,-0.6193234324455261,-0.40216854214668274,-0.05944818630814552
763,-0.1148514375090599,0.17676302790641785,0.4326668679714203
764,-0.518043577671051,-0.22942695021629333,0.043996039777994156
765,-0.54678875207901,-0.3140963315963745,-0.0015970177482813597
766,-0.7300340533256531,-0.6039280295372009,-0.1853003352880478
767,-0.6008493304252625,-0.3318771421909332,-0.03189308941364288
768,-0.6057937145233154,-0.4350835978984833,-0.082234688103199
769,-1.128109097480774,-1.1285468339920044,-0.4855058193206787
770,-0.06402269750833511,0.29638203978538513,0.4922918677330017
771,-1.0737085342407227,-1.017842411994934,-0.4742034375667572
772,-0.6927162408828735,-0.49988096952438354,-0.1663943976163864
773,-1.1030219793319702,-1.1120457649230957,-0.4412745535373688
774,-0.06684910506010056,0.22437824308872223,0.5612444281578064
775,-1.0812077522277832,-0.9183017611503601,-0.4726584255695343
776,-1.0160797834396362,-0.9861903786659241,-0.4185144305229187
777,-1.0973892211914062,-1.0517802238464355,-0.39699459075927734
778,-0.08399391919374466,0.3307632803916931,0.4809269905090332
779,-1.0901803970336914,-1.0615379810333252,-0.48507121205329895
780,-0.06793522089719772,0.3788696527481079,0.5316905975341797
781,-0.10269563645124435,0.40991026163101196,0.49659106135368347
782,-0.4985571503639221,-0.012047052383422852,0.32042184472084045
783,-0.5328096151351929,-0.09844718873500824,0.08847225457429886
784,-0.19654719531536102,0.25860318541526794,0.3631296455860138
785,-0.5077188014984131,-0.015254402533173561,0.35578638315200806
786,-0.08688966184854507,0.40062734484672546,0.5044822692871094
787,-0.5470954775810242,-0.0818340927362442,0.17293180525302887
788,-0.10603389143943787,0.40483835339546204,0.5465924739837646
789,-0.060166746377944946,0.43595007061958313,0.5173913240432739
790,-0.557202935218811,-0.35372787714004517,0.09958390146493912
791,-0.3659810423851013,0.022445235401391983,0.7803018093109131
792,-0.35651567578315735,0.19446124136447906,0.8213218450546265
793,-0.5702413320541382,-0.3187810480594635,0.07301560789346695
794,-0.5612585544586182,-0.18779073655605316,0.021595031023025513
795,-0.46974122524261475,0.029826179146766663,0.2670438885688782
796,-0.6113187074661255,-0.42225033044815063,0.026114637032151222
797,-0.06116456165909767,0.38834160566329956,0.5038741827011108
798,-0.4753342866897583,-0.07702513039112091,0.3877039849758148
799,-0.4632672369480133,-0.02919718623161316,0.176376074552536
800,-0.64006108045578,-0.4351175129413605,0.09432673454284668
801,-0.5278012156486511,-0.18269427120685577,0.06701485067605972
802,-0.5566384792327881,-0.30187004804611206,0.09951227903366089
803,-0.5074112415313721,0.11336825042963028,0.6803545951843262
804,-0.06793522089719772,0.41317465901374817,0.5113574862480164
805,-0.6061425805091858,-0.250739187002182,0.3866763412952423
806,-0.5542089939117432,-0.27072009444236755,0.10317575931549072
807,-0.4854322671890259,0.025859031826257706,0.06683594733476639
808,-0.06011608615517616,0.38882121443748474,0.5396954417228699
809,-0.5246811509132385,-0.038666337728500366,0.07519828528165817
810,-0.6309415102005005,-0.28754153847694397,0.1555270105600357
811,-0.5118822455406189,0.1350897252559662,0.3517441749572754
812,-0.1322125345468521,0.4238491952419281,0.48343944549560547
813,-0.5254771709442139,-0.02560749463737011,0.06949175149202347
814,0.007309774402529001,0.5824651718139648,0.6737903952598572
815,0.005912331398576498,0.5730836391448975,0.6828179955482483
816,-0.5538580417633057,-0.24100735783576965,0.14340746402740479
817,-0.9487650394439697,-0.8117246031761169,-0.23420661687850952
818,-0.37700003385543823,-0.005388566292822361,0.24414758384227753
819,-0.5207341313362122,-0.07320501655340195,0.7007606625556946
820,0.022861436009407043,0.5792245268821716,0.6541512608528137
821,-1.0930951833724976,-1.0305489301681519,-0.37299710512161255
822,0.005912331398576498,0.46774113178253174,0.6472512483596802
823,-0.5598046779632568,-0.3601730763912201,-0.01211707852780819
824,-0.7879014015197754,-0.6149157285690308,0.0010066441027447581
825,-0.9702457189559937,-0.9496124982833862,-0.2942299246788025
826,-1.06106698513031,-0.9746101498603821,-0.3832031786441803
827,-0.5801112651824951,-0.3188811242580414,0.033477433025836945
828,0.02229539304971695,0.474317342042923,0.6874821782112122
829,-0.5146576166152954,-0.2726608216762543,-0.009837381541728973
830,-0.5289872288703918,-0.31154319643974304,-0.012242406606674194
831,-0.7611466646194458,-0.609644889831543,-0.11470253765583038
832,-0.5564371943473816,-0.36202263832092285,-0.039802469313144684
833,-0.5647367238998413,-0.3780499994754791,-0.046112436801195145
834,-1.1836724281311035,-1.1371389627456665,-0.37979263067245483
835,0.007309774402529001,0.6251072883605957,0.6364706754684448
836,-1.068120002746582,-1.0541976690292358,-0.3923071324825287
837,-0.7421061396598816,-0.6307229995727539,-0.18143683671951294
838,-1.1296306848526,-1.127185344696045,-0.48059964179992676
839,0.007309774402529001,0.4367850124835968,0.6460665464401245
840,-1.0617761611938477,-0.8880259990692139,-0.3830394744873047
841,-1.0445977449417114,-0.9758041501045227,-0.32838568091392517
842,-1.0957329273223877,-1.0669164657592773,-0.3040410578250885
843,-0.0005259305471554399,0.505316436290741,0.5609932541847229
844,-1.1031262874603271,-1.0720270872116089,-0.3926391303539276
845,0.009642867371439934,0.6665569543838501,0.8033422231674194
846,-0.06551393121480942,0.25120002031326294,0.7992129921913147
847,-0.4141386151313782,-0.04362407699227333,0.4639095366001129
848,-0.4358769953250885,-0.1815304309129715,0.6534912586212158
849,-0.14438782632350922,0.33256882429122925,0.9440106153488159
850,-0.34834539890289307,0.007712342776358128,0.5829851627349854
851,-0.7778653502464294,-0.6019806265830994,0.5277259945869446
852,-0.3048962652683258,0.010595530271530151,0.7947414517402649
853,-0.41079604625701904,-0.08050128817558289,0.9102087616920471
854,-0.7052016258239746,-0.45774558186531067,0.7123927474021912
855,0.023476991802453995,0.6719099283218384,0.7703297734260559
856,-0.2517089247703552,0.08615460246801376,0.46023067831993103
857,-0.3655439019203186,-0.06980570405721664,0.04499296098947525
858,-0.49781227111816406,-0.28181591629981995,0.011009955778717995
859,-0.592937707901001,-0.4185603857040405,-0.06362631171941757
860,-0.6191260814666748,-0.4293496310710907,-0.07636311650276184
861,-0.29017674922943115,0.05162545666098595,0.512457013130188
862,-0.5062839984893799,-0.27354469895362854,0.2639654278755188
863,-0.019127434119582176,0.35697436332702637,0.6211559176445007
864,-0.38717082142829895,0.028461690992116928,0.42700204253196716
865,0.008024743758141994,0.6228471398353577,0.6973443031311035
866,-0.5558018088340759,-0.37569472193717957,0.03021211363375187
867,0.009642867371439934,0.7089036703109741,0.744133710861206
868,-0.5066087245941162,-0.34906449913978577,0.321878582239151
869,-0.4297473132610321,0.056130118668079376,0.22897937893867493
870,-0.18624243140220642,0.08309464156627655,0.48377522826194763
871,-0.6281206607818604,-0.44948089122772217,0.21842770278453827
872,-0.6151957511901855,-0.428585410118103,0.14509867131710052
873,-0.2014658898115158,0.2153281569480896,0.6435080766677856
874,-0.7205811142921448,-0.5153541564941406,0.3284939229488373
875,0.020338241010904312,0.7093170881271362,0.7633021473884583
876,-0.14173917472362518,0.23050975799560547,0.6468856930732727
877,-0.3308648467063904,-0.002407319378107786,0.552703320980072
878,-0.7879745960235596,-0.6803473830223083,0.11418723315000534
879,-0.32592493295669556,-0.11167252063751221,0.3579052686691284
880,-0.5804868936538696,-0.3689477741718292,0.29516351222991943
881,-0.3908308446407318,-0.07576727122068405,0.13283877074718475
882,0.007309774402529001,0.6441943049430847,0.7641570568084717
883,-0.7375103235244751,-0.5213611721992493,0.05297826603055
884,-0.5553199052810669,-0.3268187344074249,0.23142309486865997
885,-0.404350221157074,-0.14705093204975128,0.09598243981599808
886,0.020338241010904312,0.7315825819969177,0.7796711921691895
887,-0.5281566977500916,-0.31937119364738464,0.16335029900074005
888,-0.7853541970252991,-0.6463900804519653,0.11074001342058182
889,-0.3884497880935669,-0.10303381830453873,0.1583067923784256
890,0.00712012080475688,0.6155224442481995,0.7029377818107605
891,-0.43542030453681946,-0.23583084344863892,0.07005410641431808
892,-0.530563473701477,-0.3749014437198639,0.4602179527282715
893,-0.9485151171684265,-0.850919246673584,-0.3219042420387268
894,-0.2732846438884735,-0.006134955678135157,0.3403255343437195
895,-0.5395586490631104,-0.13679976761341095,0.6064064502716064
896,0.019157227128744125,0.6034587621688843,0.6330668330192566
897,-1.1059585809707642,-1.092853307723999,-0.5065130591392517
898,0.009981509298086166,0.8838620781898499,0.9279112219810486
899,0.023476991802453995,0.6995691657066345,0.7741615176200867
900,-0.5997074246406555,-0.4104548990726471,-0.046544067561626434
901,-0.8456416726112366,-0.7587214112281799,-0.320285439491272
902,-0.9822285771369934,-0.9284716844558716,-0.31304100155830383
903,-1.0645031929016113,-1.049825668334961,-0.400907427072525
904,-0.6270449161529541,-0.4098908305168152,0.12155748903751373
905,-0.695170521736145,-0.49542975425720215,-0.02882329747080803
906,0.009642867371439934,0.6776389479637146,0.7578318119049072
907,-0.511550784111023,-0.24465303122997284,0.017416326329112053
908,-0.5466641783714294,-0.3322455883026123,-0.002984707709401846
909,-0.7320030331611633,-0.6173198223114014,-0.1637488305568695
910,-0.5863762497901917,-0.42310068011283875,-0.03914562612771988
911,-0.6147160530090332,-0.4584605097770691,-0.09216903895139694
912,-1.1791715621948242,-1.1531926393508911,-0.5033659338951111
913,0.009981509298086166,0.5767006278038025,0.6839215755462646
914,-1.0891369581222534,-1.0833570957183838,-0.4648754298686981
915,-0.7228183150291443,-0.5919117331504822,-0.2080121636390686
916,-1.1283639669418335,-1.116690993309021,-0.4615853726863861
917,0.020338241010904312,0.7017415761947632,0.7798012495040894
918,-1.0855066776275635,-1.0205737352371216,-0.4559031128883362
919,-1.0477632284164429,-1.00200355052948,-0.3989993929862976
920,-1.1165887117385864,-1.1000678539276123,-0.33848893642425537
921,0.00280541880056262,0.5407034158706665,0.5867555141448975
922,-1.1031297445297241,-1.0939347743988037,-0.48219189047813416
923,-0.5667876601219177,-0.3575358986854553,0.07926872372627258
924,-0.5827401280403137,-0.37626534700393677,0.022504234686493874
925,-0.7884981632232666,-0.6385793685913086,-0.22980231046676636
926,-0.5588827729225159,-0.3857997953891754,0.502200186252594
927,-0.5767905116081238,-0.4339037537574768,0.47877296805381775
928,-0.5748035907745361,-0.34474384784698486,-0.00647007767111063
929,-0.7679705619812012,-0.4948045015335083,-0.018541479483246803
930,-0.6301554441452026,-0.49564605951309204,-0.0460067018866539
931,-0.7457858920097351,-0.569843590259552,-0.052056685090065
932,-0.5611120462417603,-0.3384297788143158,0.04280928522348404
933,-0.5904155373573303,-0.37359049916267395,-0.021028494462370872
934,-0.567426323890686,-0.39622625708580017,0.4085692763328552
935,-0.5486201643943787,-0.2945181727409363,-0.001183637185022235
936,-0.5557475686073303,-0.3118034899234772,-0.007430764380842447
937,-0.6581622362136841,-0.4610651135444641,-0.11013500392436981
938,-0.5646834373474121,-0.3322980999946594,0.06659508496522903
939,-0.5748277306556702,-0.3547443449497223,-0.019831130281090736
940,-0.782208263874054,-0.5786135792732239,-0.20430348813533783
941,-0.5592362880706787,-0.39253324270248413,0.2994292676448822
942,-0.7276158928871155,-0.5572885274887085,-0.20179110765457153
943,-0.6260375380516052,-0.4377918839454651,-0.10716602951288223
944,-0.7842134237289429,-0.6406232118606567,-0.24381300806999207
945,-0.5716255307197571,-0.41495710611343384,0.33045637607574463
946,-0.7625802159309387,-0.6111831068992615,-0.1583268940448761
947,-0.6979143619537354,-0.5828557014465332,-0.038341496139764786
948,-0.7785429954528809,-0.563022792339325,-0.23757976293563843
949,-0.558120608329773,-0.40076732635498047,0.10540570318698883
950,-0.7811000347137451,-0.630789577960968,-0.2253085821866989
951,-1.9626729488372803,-0.8786057829856873,-0.2853372395038605
952,-0.5555092692375183,-0.29374250769615173,0.2979450821876526
953,-1.0946018695831299,-0.9922685027122498,-0.4008406102657318
954,-0.33865296840667725,0.17300845682621002,0.6059409976005554
955,-0.2458450347185135,0.139076828956604,0.6239541172981262
956,-0.5512445569038391,-0.27206310629844666,0.0009704646654427052
957,-0.827172040939331,-0.6523231863975525,-0.21842370927333832
958,-0.9136770963668823,-0.8339470028877258,-0.3084925413131714
959,-0.5844780802726746,-0.3450130224227905,0.0197454821318388
960,-0.6149497032165527,-0.3119014799594879,-0.06269480288028717
961,-0.5299022197723389,-0.2741039991378784,-0.004889757838100195
962,-0.7854277491569519,-0.5995748043060303,-0.23653465509414673
963,-0.7654131054878235,-0.6204593777656555,-0.25197312235832214
964,-1.096167802810669,-1.0646324157714844,-0.5042344331741333
965,-1.103721261024475,-1.0425889492034912,-0.4959509074687958
966,-0.3108963668346405,-0.059964630752801895,0.2737196385860443
967,-1.6972293853759766,-0.9308165907859802,-0.31637901067733765
968,-0.8963924050331116,-0.8026782274246216,-0.30401933193206787
969,-1.0756217241287231,-0.8250778317451477,-0.05359329283237457
970,-0.9586489200592041,-0.8412888646125793,-0.2487255483865738
971,-0.9742717146873474,-0.8069454431533813,-0.31481850147247314
972,-0.9411736726760864,-0.8085699081420898,-0.30883118510246277
973,-0.8533998131752014,-0.6475104093551636,-0.10105715692043304
974,-0.9491658806800842,-0.8457619547843933,-0.32230305671691895
975,-1.0919208526611328,-0.7382193803787231,0.043192893266677856
976,-0.9134336709976196,-0.7716934084892273,-0.3074776232242584
977,-0.7791094183921814,-0.6550835967063904,-0.31104782223701477
978,-1.2394609451293945,-0.8639264106750488,-0.27845433354377747
979,-0.9839451313018799,-0.8104998469352722,-0.29747405648231506
980,-0.924429714679718,-0.7886701822280884,-0.3360811173915863
981,-0.9197888374328613,-0.7932096719741821,-0.2468753606081009
982,-0.9496297240257263,-0.8156899213790894,-0.28545495867729187
983,-1.0583901405334473,-0.8553053140640259,-0.3662659227848053
984,-0.8373025059700012,-0.6538177132606506,-0.25118035078048706
985,-1.0607786178588867,-0.7892804145812988,-0.3328053951263428
986,-1.0197564363479614,-0.8173619508743286,-0.3144893944263458
987,-1.158280849456787,-0.7413026690483093,0.012531545013189316
988,-0.9669012427330017,-0.724149763584137,-0.311737596988678
989,-1.2706056833267212,-0.9215844869613647,-0.32262319326400757
990,-1.3484209775924683,-0.8872218728065491,-0.27829012274742126
991,-1.037860631942749,-0.7808337211608887,-0.27172473073005676
992,-0.582712709903717,-0.39686229825019836,-0.05969493091106415
993,-0.33528584241867065,0.12684424221515656,0.34506741166114807
994,-1.0829434394836426,-1.029619812965393,-0.47183963656425476
995,-0.4502478539943695,-0.04110443964600563,0.42961207032203674
996,-0.30921509861946106,0.01153293065726757,0.593437671661377
997,-0.6040346026420593,-0.3674008250236511,-0.03909791633486748
998,-0.8356216549873352,-0.707374632358551,-0.24377775192260742
999,-1.1180499792099,-0.8342125415802002,-0.22647136449813843
1000,-1.1177653074264526,-1.0257039070129395,-0.4298099875450134
1001,-0.5922412276268005,-0.39224764704704285,-0.07191970199346542
1002,-0.7271466255187988,-0.5121554136276245,-0.198261559009552
1003,-0.3797888457775116,-0.12476623058319092,0.7306493520736694
1004,-0.5490122437477112,-0.27235352993011475,-0.031174365431070328
1005,-0.5420693755149841,-0.22642116248607635,-0.011041109450161457
1006,-0.7662626504898071,-0.6093897223472595,-0.25652962923049927
1007,-0.590721607208252,-0.3903127610683441,-0.031756188720464706
1008,-0.7520853877067566,-0.5427329540252686,-0.19487859308719635
1009,-1.0698026418685913,-1.0676777362823486,-0.48567137122154236
1010,-0.3311293125152588,-0.01103919930756092,0.5832527279853821
1011,-1.122090220451355,-1.02469003200531,-0.4797306954860687
1012,-0.7755489945411682,-0.6119726896286011,-0.27436333894729614
1013,-1.0742114782333374,-1.032100796699524,-0.49798583984375
1014,-0.32302916049957275,-0.07361579686403275,0.8706760406494141
1015,-1.1701408624649048,-1.044137954711914,-0.48344746232032776
1016,-1.117598056793213,-0.9343593716621399,-0.4264467656612396
1017,-1.0723763704299927,-0.9970590472221375,-0.35867729783058167
1018,-0.5323719382286072,-0.32526686787605286,0.024838967248797417
1019,-1.0761330127716064,-1.0328797101974487,-0.4802924692630768
1020,-0.5319610834121704,-0.3061065673828125,0.1068323403596878
1021,-0.2317536473274231,0.06871737539768219,0.2847478687763214
1022,-0.5863632559776306,-0.3388465344905853,-0.041515957564115524
1023,-0.21380573511123657,0.08741183578968048,0.29387250542640686
1024,-0.19976447522640228,0.04495842754840851,0.3940717577934265
1025,-0.584139883518219,-0.4139772355556488,-0.04923931509256363
1026,-0.436673641204834,-0.04367982968688011,0.3678566515445709
1027,-0.46672892570495605,-0.3446332812309265,0.07138356566429138
1028,-0.601198136806488,-0.4269380569458008,-0.02203465811908245
1029,-0.592490017414093,-0.4178242087364197,-0.07691533863544464
1030,-0.5218679308891296,-0.1960221529006958,0.3311229348182678
1031,-0.6318390369415283,-0.5043544769287109,-0.050599921494722366
1032,-0.2537166476249695,0.04107768461108208,0.4694035053253174
1033,-0.49479836225509644,-0.17108793556690216,0.02132912166416645
1034,-0.5238692164421082,-0.2583359479904175,0.012160299345850945
1035,-0.6307103037834167,-0.4760982394218445,-0.07451646029949188
1036,-0.5402363538742065,-0.2872524559497833,-0.011254321783781052
1037,-0.5762526392936707,-0.42186692357063293,-0.0423852801322937
1038,-0.5704963207244873,-0.29725849628448486,0.055706337094306946
1039,-0.20712515711784363,0.13537761569023132,0.47943294048309326
1040,-0.6366452574729919,-0.4915062487125397,-0.10784360766410828
1041,-0.5878979563713074,-0.4216136038303375,-0.06469859182834625
1042,-0.5311058163642883,-0.29579684138298035,0.0029609836637973785
1043,-0.5756243467330933,-0.3800774812698364,-0.0879933089017868
1044,-0.671766996383667,-0.5157408118247986,-0.08183924108743668
1045,-0.5640968680381775,-0.2578648626804352,0.12994904816150665
1046,-0.26401305198669434,0.011055349372327328,0.22930438816547394
1047,-0.5297013521194458,-0.3044094145298004,0.029497820883989334
1048,-0.5508732199668884,-0.16667912900447845,0.13841821253299713
1049,-0.027471844106912613,0.5200539827346802,0.6351036429405212
1050,-1.0899972915649414,-1.045831322669983,-0.4375007450580597
1051,-0.05501805245876312,0.5288529992103577,0.7010161280632019
1052,-0.026102639734745026,0.3704915940761566,0.7218307256698608
1053,-0.5591470003128052,-0.3277775049209595,-0.0031188372522592545
1054,-0.7843866944313049,-0.5161076188087463,-0.11291792243719101
1055,-0.9611906409263611,-0.9137417078018188,-0.298568993806839
1056,-1.0571720600128174,-0.9572808742523193,-0.4200635850429535
1057,-0.585493803024292,-0.37464842200279236,-0.02818729728460312
1058,-0.5971053838729858,-0.3453283905982971,-0.020014338195323944
1059,-0.022107236087322235,0.3338097333908081,0.7680321335792542
1060,-0.49421167373657227,-0.276502788066864,-0.007027969229966402
1061,-0.5346020460128784,-0.29436376690864563,-0.000390283705201
1062,-0.7982069253921509,-0.6713639497756958,-0.23310014605522156
1063,-0.5634734630584717,-0.38446587324142456,-0.04793388023972511
1064,-0.5768933892250061,-0.3787475526332855,-0.055915504693984985
1065,-1.1622130870819092,-1.1349128484725952,-0.4988962411880493
1066,-0.026102639734745026,0.35057711601257324,0.6651669144630432
1067,-1.084635615348816,-1.0374246835708618,-0.4576021432876587
1068,-0.7759193778038025,-0.6849320530891418,-0.23170781135559082
1069,-1.1099650859832764,-1.1029703617095947,-0.4750305116176605
1070,-0.022972507402300835,0.3307696580886841,0.8225599527359009
1071,-1.073787808418274,-0.9670595526695251,-0.452640175819397
1072,-1.0435997247695923,-0.9826676845550537,-0.389041006565094
1073,-1.0974476337432861,-0.9647434949874878,-0.2597849667072296
1074,-0.05783463642001152,0.33001452684402466,0.48651936650276184
1075,-1.0906001329421997,-1.0478500127792358,-0.44265878200531006
1076,-0.5192250609397888,-0.23883163928985596,1.1868669986724854
1077,-0.7814372181892395,-0.6206446886062622,-0.2131567746400833
1078,-0.5396170616149902,-0.257457971572876,0.5390951633453369
1079,-0.7698923349380493,-0.5297245979309082,-0.1824779361486435
1080,-0.7529540657997131,-0.6013271808624268,-0.2234785556793213
1081,-0.7719605565071106,-0.6191307306289673,-0.24317216873168945
1082,-0.5356636047363281,-0.1450275480747223,0.3670864403247833
1083,-0.7909486889839172,-0.590112566947937,-0.23785658180713654
1084,-0.5248298645019531,-0.15488208830356598,0.44724830985069275
1085,-0.7811322212219238,-0.6569253206253052,-0.2486030012369156
1086,-0.7726043462753296,-0.625591516494751,-0.24054019153118134
1087,-0.5365639328956604,-0.16816405951976776,0.36596521735191345
1088,-0.8484500050544739,-0.6619850993156433,-0.25195685029029846
1089,-0.8033786416053772,-0.6360359191894531,-0.24598301947116852
1090,-0.7892121076583862,-0.5103365778923035,-0.23843209445476532
1091,-0.5468502640724182,-0.2338002324104309,0.49234968423843384
1092,-0.7488767504692078,-0.5982229113578796,-0.22520078718662262
1093,-0.2861104905605316,0.3317956030368805,0.5816277861595154
1094,-0.38612625002861023,0.12867598235607147,0.42452144622802734
1095,-0.1947658509016037,0.2879202365875244,0.7670593857765198
1096,-0.553613543510437,-0.23471271991729736,-0.022698121145367622
1097,-0.8280155062675476,-0.6372346878051758,-0.23873229324817657
1098,-0.9596337676048279,-0.8152475953102112,-0.29270511865615845
1099,-1.096848487854004,-0.9592370986938477,-0.32061585783958435
1100,-0.5813847780227661,-0.3476121425628662,-0.03300856053829193
1101,-0.639552652835846,-0.30968791246414185,-0.11807908862829208
1102,-0.28909850120544434,0.12193488329648972,0.7156678438186646
1103,-0.5425000190734863,-0.25818461179733276,-0.01910010725259781
1104,-0.5245644450187683,-0.2383972555398941,-0.014406492002308369
1105,-0.7618741989135742,-0.6008375883102417,-0.23867863416671753
1106,-0.5661208033561707,-0.34012290835380554,-0.019898006692528725
1107,-0.649042546749115,-0.42268458008766174,-0.134988933801651
1108,-1.1336965560913086,-1.064028263092041,-0.4748728573322296
1109,-0.3010368049144745,0.2925833463668823,0.6620609164237976
1110,-1.1109097003936768,-1.0117403268814087,-0.4795832335948944
1111,-0.7644929885864258,-0.607944905757904,-0.25928860902786255
1112,-1.0561760663986206,-0.90640789270401,-0.39149630069732666
1113,-0.41085782647132874,-0.06888699531555176,0.2146567851305008
1114,-1.0867587327957153,-1.0053712129592896,-0.353959858417511
1115,-0.47784221172332764,-0.04345346614718437,0.23517730832099915
1116,0.022861436009407043,0.6075767874717712,0.6442089676856995
1117,0.004349296446889639,0.5826213955879211,0.6496756672859192
1118,-0.3375115394592285,-0.021146956831216812,0.44613370299339294
1119,-0.2337137758731842,0.13606137037277222,0.30734074115753174
1120,-0.16127218306064606,0.34148237109184265,0.5497554540634155
1121,-0.4526171088218689,-0.1372905969619751,0.27695465087890625
1122,-0.4253609776496887,-0.08122757077217102,0.2045302540063858
1123,-0.2052353471517563,0.3153984546661377,0.6115314364433289
1124,-0.5567237734794617,-0.2536667585372925,0.24694278836250305
1125,0.00712012080475688,0.49809736013412476,0.6303750872612
1126,-0.09165851771831512,0.46292853355407715,0.5999107956886292
1127,-0.24445392191410065,0.2643432915210724,0.6593354940414429
1128,-0.6617473363876343,-0.27850520610809326,0.2440556138753891
1129,-0.30611979961395264,0.17830008268356323,0.5787343382835388
1130,-0.33116018772125244,0.06708220392465591,0.4444749653339386
1131,-0.36899521946907043,0.1695012003183365,0.3354805111885071
1132,0.019157227128744125,0.595148503780365,0.6317039132118225
1133,-0.6159054040908813,-0.37612640857696533,0.11294820159673691
1134,-0.34671321511268616,0.07178209722042084,0.5220704078674316
1135,-0.3835441470146179,0.15634885430335999,0.28061819076538086
1136,0.008024743758141994,0.5417214035987854,0.6745669841766357
1137,-0.37642133235931396,0.14286313951015472,0.38102927803993225
1138,-0.6732016801834106,-0.38801485300064087,0.17168572545051575
1139,-0.38333332538604736,0.12164218723773956,0.307041734457016
1140,0.0016323317540809512,0.5894526243209839,0.6505122780799866
1141,-0.39072370529174805,0.10794763267040253,0.2865612804889679
1142,-1.1001979112625122,-1.0732885599136353,-0.49449649453163147
1143,0.019157227128744125,0.6339487433433533,0.8011192083358765
1144,0.007309774402529001,0.5861257314682007,0.7790968418121338
1145,-0.588664710521698,-0.37180158495903015,-0.05661608278751373
1146,-0.8276602625846863,-0.7032678127288818,-0.18845845758914948
1147,-0.9413135647773743,-0.8621445894241333,-0.312441349029541
1148,-1.0556915998458862,-1.01683509349823,-0.4064308702945709
1149,-0.5921206474304199,-0.4436359405517578,0.1587381660938263
1150,-0.671038806438446,-0.450387567281723,-0.07319822162389755
1151,0.019157227128744125,0.5573304891586304,0.7103614211082458
1152,-0.5057336091995239,-0.24433034658432007,0.2713213264942169
1153,-0.5555846691131592,-0.3134470582008362,-0.025148427113890648
1154,-0.7317697405815125,-0.5356469750404358,-0.17240779101848602
1155,-0.5954625010490417,-0.4152508080005646,-0.06305746734142303
1156,-0.6192319393157959,-0.4190509021282196,-0.08439209312200546
1157,-1.1648904085159302,-1.1527438163757324,-0.31565922498703003
1158,0.007309774402529001,0.5847036838531494,0.7235918045043945
1159,-1.0766637325286865,-1.024705171585083,-0.45298656821250916
1160,-0.7206041216850281,-0.5270995497703552,-0.13819849491119385
1161,-1.1191691160202026,-1.1116608381271362,-0.4390208423137665
1162,0.007295815274119377,0.5618746280670166,0.7976021766662598
1163,-1.0830354690551758,-1.036977767944336,-0.40199175477027893
1164,-1.0271297693252563,-0.9502409100532532,-0.43795472383499146
1165,-1.1219021081924438,-1.0572906732559204,-0.264970600605011
1166,0.012468207627534866,0.5242972373962402,0.5857039093971252
1167,-1.1059679985046387,-1.0802596807479858,-0.4385811686515808
1168,-1.101914882659912,-1.09678316116333,-0.4936990737915039
1169,-1.1023542881011963,-1.0845658779144287,-0.48219189047813416
1170,-1.1216423511505127,-1.0871533155441284,-0.48515745997428894
1171,-0.9440616369247437,-0.8897854089736938,-0.4784122407436371
1172,-1.0673373937606812,-1.0091441869735718,-0.4945683181285858
1173,-1.11225163936615,-1.076331615447998,-0.4711911082267761
1174,-1.0766760110855103,-1.0195379257202148,-0.4980972707271576
1175,-1.08675217628479,-0.954995334148407,-0.3965841233730316
1176,-1.1244961023330688,-1.0904141664505005,-0.4910825490951538
1177,-1.1101136207580566,-1.0465655326843262,-0.48347917199134827
1178,-1.0880080461502075,-1.046080231666565,-0.4959604740142822
1179,-1.101515769958496,-1.0649113655090332,-0.4948638081550598
1180,-1.1262208223342896,-1.0675297975540161,-0.48228010535240173
1181,-1.1385835409164429,-1.0600775480270386,-0.4733823239803314
1182,-1.1237255334854126,-1.0621201992034912,-0.47931212186813354
1183,-1.0438417196273804,-0.9998205304145813,-0.49749240279197693
1184,-1.1103262901306152,-1.0379233360290527,-0.47043681144714355
1185,-1.0822800397872925,-1.0563873052597046,-0.4924282431602478
1186,-1.1204510927200317,-1.0449568033218384,-0.48750874400138855
1187,-1.0496512651443481,-1.0290005207061768,-0.4347795248031616
1188,-1.1077767610549927,-1.0848774909973145,-0.4972567856311798
1189,-1.0574074983596802,-1.0093662738800049,-0.4968135356903076
1190,-1.1075608730316162,-1.0235835313796997,-0.48404961824417114
1191,-1.037390112876892,-0.9743054509162903,-0.5059520602226257
1192,-1.0886543989181519,-1.0839083194732666,-0.48990923166275024
1193,-1.0440504550933838,-1.0163555145263672,-0.4815732538700104
1194,-0.4520551562309265,-0.2077781856060028,0.12176762521266937
1195,-0.42616331577301025,-0.12328027933835983,0.1578788161277771
1196,-0.7520297169685364,-0.5410383939743042,-0.19231127202510834
1197,-0.9061236381530762,-0.797203004360199,-0.36725515127182007
1198,-1.152360200881958,-0.7880905866622925,-0.248469740152359
1199,-1.0895168781280518,-1.0111593008041382,-0.4757419526576996
1200,-0.6600267887115479,-0.48932331800460815,-0.036711402237415314
1201,-0.7589040994644165,-0.6037192940711975,-0.2207064926624298
1202,-0.4313146471977234,-0.2144249975681305,0.1964663863182068
1203,-0.5871927738189697,-0.4094565808773041,-0.03962148725986481
1204,-0.5751771926879883,-0.3263474702835083,-0.045747771859169006
1205,-0.862788200378418,-0.8180806636810303,-0.2751767337322235
1206,-0.7585303783416748,-0.6256915926933289,-0.1681765466928482
1207,-0.7597482204437256,-0.6311560869216919,-0.2364574670791626
1208,-1.0354061126708984,-0.9893724918365479,-0.48222818970680237
1209,-0.3850336968898773,-0.09022173285484314,0.28302690386772156
1210,-0.8465681672096252,-0.7608376145362854,-0.24675987660884857
1211,-1.0543477535247803,-1.0187286138534546,-0.4313712418079376
1212,-0.5024152994155884,-0.29628074169158936,0.18889227509498596
1213,-1.0642354488372803,-0.9653462767601013,-0.48122918605804443
1214,-1.15580153465271,-0.9492870569229126,-0.445150226354599
1215,-1.0375398397445679,-0.989668607711792,-0.5043095350265503
1216,-0.5684186220169067,-0.4069090187549591,0.008905667811632156
1217,-1.0495027303695679,-1.0057426691055298,-0.4822256565093994
1218,0.007309774402529001,0.7492849826812744,0.9140180945396423
1219,-0.4926570653915405,-0.26992693543434143,0.5001711845397949
1220,-0.2653820812702179,0.038000211119651794,0.24152474105358124
1221,-0.28855010867118835,0.2267514020204544,0.7049919962882996
1222,-0.6207959055900574,-0.3532947301864624,0.24333730340003967
1223,-0.5940624475479126,-0.29823651909828186,0.21853502094745636
1224,-0.2440851479768753,0.249853253364563,0.6558048129081726
1225,-0.6778734922409058,-0.5349043607711792,0.18533752858638763
1226,0.009642867371439934,0.8670825362205505,1.0803595781326294
1227,-0.14079979062080383,0.3927687704563141,0.6010032892227173
1228,-0.3162422180175781,0.09766905009746552,0.5633654594421387
1229,-0.8218361735343933,-0.6376858949661255,0.39238259196281433
1230,-0.3109288215637207,-0.006304258015006781,0.497771292924881
1231,-0.5133669376373291,-0.2842274308204651,0.25458455085754395
1232,-0.377285361289978,0.13041064143180847,0.23624837398529053
1233,0.009981509298086166,0.624294102191925,0.8026940226554871
1234,-0.7297912240028381,-0.421612411737442,0.17727616429328918
1235,-0.47824612259864807,-0.2452171891927719,0.40548303723335266
1236,-0.40874993801116943,-0.025221852585673332,0.15255621075630188
1237,0.007309774402529001,0.6946033835411072,0.8981462121009827
1238,-0.45504847168922424,-0.09276392310857773,0.3273823857307434
1239,-0.8195125460624695,-0.5595161318778992,0.046927839517593384
1240,-0.3830617666244507,0.10038142651319504,0.2783353328704834
1241,0.022861436009407043,0.5864672064781189,0.7960565090179443
1242,-0.44365358352661133,-0.10304782539606094,0.13886912167072296
1243,0.009642867371439934,0.7250299453735352,0.799188494682312
1244,-0.6255815625190735,-0.41622141003608704,-0.04220490902662277
1245,-0.8307902216911316,-0.6861276626586914,-0.23013927042484283
1246,-0.9833307266235352,-0.926505982875824,-0.3039420247077942
1247,-1.0649935007095337,-1.0434162616729736,-0.39345017075538635
1248,0.007309774402529001,0.605117678642273,0.7783963084220886
1249,-0.4615234434604645,-0.1522633284330368,0.09755972772836685
1250,-0.5620609521865845,-0.35965487360954285,0.0011304054642096162
1251,-0.7793956995010376,-0.6030476093292236,-0.1396557241678238
1252,-0.6105531454086304,-0.40679576992988586,-0.04583042114973068
1253,-0.628105103969574,-0.44329139590263367,-0.04819868505001068
1254,-1.1855921745300293,-1.1513354778289795,-0.37872594594955444
1255,0.007309774402529001,0.6841888427734375,0.8136416077613831
1256,-1.0892672538757324,-1.0734151601791382,-0.4597824215888977
1257,-0.730480968952179,-0.5729098916053772,-0.028219740837812424
1258,-1.1203956604003906,-1.1100794076919556,-0.43840909004211426
1259,0.009642867371439934,0.7266402244567871,0.8642460107803345
1260,-1.0731785297393799,-1.030301570892334,-0.3710755407810211
1261,-1.0493052005767822,-0.9788030385971069,-0.40059083700180054
1262,-1.1075408458709717,-1.085796594619751,-0.2773178219795227
1263,0.001239458448253572,0.6218484044075012,0.6086469888687134
1264,-1.1110827922821045,-1.0940861701965332,-0.4657909572124481
1265,-0.37793785333633423,-0.1807669699192047,0.7231872081756592
1266,-0.25091302394866943,0.15455181896686554,0.3327144682407379
1267,-0.14047381281852722,0.2329583317041397,0.657126784324646
1268,-0.4418211281299591,-0.21433031558990479,0.5731397867202759
1269,-0.4685644209384918,-0.17869216203689575,0.3770953416824341
1270,-0.19468653202056885,0.34046870470046997,0.7908791303634644
1271,-0.4990955591201782,-0.32446426153182983,0.6758512258529663
1272,0.023476991802453995,0.6850041747093201,0.7591824531555176
1273,-0.10611911118030548,0.35190215706825256,0.6190809011459351
1274,-0.2210065871477127,0.18618641793727875,0.6133385300636292
1275,-0.634105384349823,-0.42139121890068054,0.315089613199234
1276,-0.24159039556980133,0.04689785838127136,0.5533759593963623
1277,-0.35379573702812195,-0.10678118467330933,0.6440708041191101
1278,-0.38066989183425903,0.21134687960147858,0.32875630259513855
1279,0.007309774402529001,0.6217159032821655,0.7615585923194885
1280,-0.6185880303382874,-0.4143142104148865,0.2951326370239258
1281,-0.3078712522983551,-0.0478346012532711,0.6437336802482605
1282,-0.3649042844772339,0.12650154531002045,0.27011415362358093
1283,0.020338241010904312,0.6437426209449768,0.7590373754501343
1284,-0.40139567852020264,-0.08876969665288925,0.2941109538078308
1285,-0.6438660621643066,-0.4618094861507416,0.3833930790424347
1286,-0.36361366510391235,0.1693020761013031,0.3046433627605438
1287,0.006386370398104191,0.5181148648262024,0.6848255395889282
1288,-0.38919714093208313,0.06145327165722847,0.23158740997314453
1289,-0.5978785157203674,-0.4084458351135254,-0.03129782900214195
1290,-0.8397560119628906,-0.7407453656196594,-0.23255527019500732
1291,-0.9438968300819397,-0.8720366358757019,-0.31462928652763367
1292,-1.056412696838379,-1.0398409366607666,-0.4136248528957367
1293,-0.6138933300971985,-0.4579848647117615,0.22765955328941345
1294,-0.6430664658546448,-0.41111862659454346,-0.05510281026363373
1295,0.007309774402529001,0.650395393371582,0.7758668065071106
1296,-0.4868742823600769,-0.2525450885295868,0.042236462235450745
1297,-0.5413786768913269,-0.34489840269088745,0.004137633368372917
1298,-0.7233204245567322,-0.5743661522865295,-0.18811529874801636
1299,-0.6007629632949829,-0.41270002722740173,-0.07019023597240448
1300,-0.6103841066360474,-0.43821409344673157,-0.08376457542181015
1301,-1.1762583255767822,-1.1502894163131714,-0.41287171840667725
1302,0.009642867371439934,0.5700779557228088,0.7942591309547424
1303,-1.077043890953064,-1.0368332862854004,-0.4691414535045624
1304,-0.7121213674545288,-0.5666645765304565,-0.20609456300735474
1305,-1.107762098312378,-1.1048966646194458,-0.45841550827026367
1306,0.020338241010904312,0.6448099613189697,0.7717663645744324
1307,-1.0713565349578857,-0.979235053062439,-0.4541427791118622
1308,-1.0011069774627686,-0.9125154614448547,-0.39954841136932373
1309,-1.1265347003936768,-1.1009453535079956,-0.3053783178329468
1310,0.0215610358864069,0.4829992949962616,0.5729526877403259
1311,-1.1148481369018555,-1.0853749513626099,-0.4978233575820923
1312,-0.8005516529083252,-0.6485193371772766,-0.20223110914230347
1313,-0.6002654433250427,-0.2619505226612091,0.014320099726319313
1314,-0.5843185782432556,-0.34513014554977417,-0.05336848646402359
1315,-0.7101837992668152,-0.49830037355422974,-0.18333543837070465
1316,-0.5490924119949341,-0.2785024046897888,-0.01071889977902174
1317,-0.5489533543586731,-0.26319316029548645,-0.009041952900588512
1318,-0.5929154753684998,-0.4065541625022888,-0.02447698265314102
1319,-0.5531736016273499,-0.34755846858024597,-0.013159302063286304
1320,-0.5548301935195923,-0.3319995701313019,-0.022180607542395592
1321,-0.5859010219573975,-0.27935612201690674,-0.03838666155934334
1322,-0.5444086790084839,-0.25144168734550476,-0.00011358241317793727
1323,-0.5444604754447937,-0.2587670385837555,-0.009359299205243587
1324,-0.7504042387008667,-0.5532812476158142,-0.18715955317020416
1325,-0.5888981819152832,-0.41507187485694885,-0.04430312290787697
1326,-0.7080115675926208,-0.5095957517623901,-0.1848919689655304
1327,-0.5829424858093262,-0.29876720905303955,-0.0349067747592926
1328,-0.7499935626983643,-0.47838690876960754,-0.19541172683238983
1329,-0.5910457372665405,-0.39716896414756775,-0.02219078689813614
1330,-0.676098108291626,-0.4732716679573059,-0.11130037158727646
1331,-0.6153858304023743,-0.3699834942817688,-0.0719713643193245
1332,-0.7682933211326599,-0.5641728043556213,-0.2181064933538437
1333,-0.6095969676971436,-0.3989580273628235,-0.016782762482762337
1334,-0.7525174617767334,-0.5290172100067139,-0.1954762190580368
1335,-0.8250811696052551,-0.5821437835693359,0.04136110097169876
1336,-0.9113154411315918,-0.8368130922317505,-0.30912426114082336
1337,-1.1049904823303223,-1.0082465410232544,-0.3927883207798004
1338,-0.5842095613479614,-0.37754151225090027,-0.034117210656404495
1339,-0.5886083841323853,-0.20773059129714966,-0.04177851602435112
1340,-0.4746943712234497,-0.3007097542285919,0.643486738204956
1341,-0.5591298937797546,-0.35539019107818604,-0.0023934810888022184
1342,-0.5474314093589783,-0.3495972156524658,-0.018445134162902832
1343,-0.7603843212127686,-0.5507158041000366,-0.22782745957374573
1344,-0.5681130290031433,-0.32881438732147217,-0.04257997125387192
1345,-0.585116982460022,-0.3905234932899475,-0.061304908245801926
1346,-1.1456080675125122,-1.1025077104568481,-0.452889621257782
1347,-0.4406263828277588,-0.21856851875782013,0.42113399505615234
1348,-1.13167142868042,-1.0752215385437012,-0.49098140001296997
1349,-0.7602291107177734,-0.597122848033905,-0.24686390161514282
1350,-1.1173394918441772,-1.0899683237075806,-0.5064005255699158
1351,-0.45341458916664124,-0.2706649601459503,0.7398311495780945
1352,-1.2009750604629517,-1.0522642135620117,-0.4784732162952423
1353,-1.0216635465621948,-0.8560270667076111,-0.40287598967552185
1354,-1.0918326377868652,-1.0111582279205322,-0.34375816583633423
1355,-0.5970645546913147,-0.36539483070373535,0.2343740314245224
1356,-1.1036566495895386,-1.068731665611267,-0.47491008043289185
1357,-0.8218137621879578,-0.6595856547355652,-0.1756100356578827
1358,-0.8638031482696533,-0.7136833667755127,-0.25161710381507874
1359,-0.8725970983505249,-0.7842337489128113,-0.41729167103767395
1360,-0.8234198093414307,-0.6492502689361572,0.23513571918010712
1361,-0.8813369870185852,-0.6846256256103516,-0.22930780053138733
1362,-0.8454528450965881,-0.766656219959259,-0.2907702624797821
1363,-0.7826552391052246,-0.5786645412445068,0.025522630661725998
1364,-0.8159554600715637,-0.7046638131141663,-0.2841271162033081
1365,-0.8843526840209961,-0.7860443592071533,-0.3241457939147949
1366,-0.8499835729598999,-0.7150257229804993,-0.016257641837000847
1367,-0.8303385972976685,-0.6875953674316406,-0.1839861124753952
1368,-0.9004258513450623,-0.7857272624969482,-0.29481714963912964
1369,-0.8514581322669983,-0.7942959666252136,-0.3080666661262512
1370,-0.8957574963569641,-0.7861002087593079,-0.4112192392349243
1371,-0.837487518787384,-0.7197224497795105,-0.18059447407722473
1372,-0.9043219685554504,-0.809874951839447,-0.25518766045570374
1373,-0.8531128764152527,-0.7575591206550598,-0.3793291449546814
1374,-0.8492359519004822,-0.6811392903327942,-0.17798352241516113
1375,-0.8712942600250244,-0.7736988663673401,-0.35776880383491516
1376,-0.8980417847633362,-0.7815079092979431,-0.28641724586486816
1377,-0.8251287341117859,-0.6581621766090393,-0.20630010962486267
1378,-0.9074859023094177,-0.8017621040344238,-0.3856748342514038
1379,-0.9196022152900696,-0.7189679741859436,-0.22224511206150055
1380,-0.9074927568435669,-0.7584328651428223,-0.3928995728492737
1381,-0.6529163122177124,-0.42366087436676025,-0.1290559023618698
1382,-0.770215630531311,-0.6642826199531555,-0.22712981700897217
1383,-0.16264782845973969,0.3003601133823395,0.4628474712371826
1384,-0.6036487221717834,-0.41929182410240173,-0.053821660578250885
1385,-0.6166247129440308,-0.4214652478694916,0.05094116926193237
1386,-0.9392730593681335,-0.7295103669166565,-0.22539758682250977
1387,-0.7723004221916199,-0.5718323588371277,-0.24773207306861877
1388,-0.848114550113678,-0.6357653737068176,-0.22787058353424072
1389,-0.9735907316207886,-0.9191654920578003,-0.42884376645088196
1390,-0.18607161939144135,0.2581564784049988,0.6138027310371399
1391,-0.9277098774909973,-0.8099363446235657,-0.44061508774757385
1392,-0.916324257850647,-0.6870402693748474,-0.2760741412639618
1393,-0.937753438949585,-0.7844095826148987,-0.392123818397522
1394,-0.27413052320480347,0.19545461237430573,0.3372773230075836
1395,-0.8946110010147095,-0.7363726496696472,-0.2506047189235687
1396,-0.9388137459754944,-0.7703976631164551,-0.2779408395290375
1397,-0.9098984599113464,-0.8165397644042969,-0.4326731264591217
1398,-0.4443061947822571,-0.10694912075996399,0.1994556486606598
1399,-0.9522912502288818,-0.8791024088859558,-0.4933972954750061
1400,-0.8986503481864929,-0.6336777806282043,-0.2054324746131897
1401,-1.710972785949707,-0.6496782302856445,-0.047109734266996384
1402,-0.7563725709915161,-0.6196345090866089,-0.1396152377128601
1403,-0.8437100052833557,-0.6006561517715454,-0.2246440351009369
1404,-0.8315085172653198,-0.6156856417655945,-0.24853026866912842
1405,-1.1051310300827026,-0.705786406993866,-0.25145506858825684
1406,-1.0271639823913574,-0.6529518365859985,-0.26853010058403015
1407,-1.0270048379898071,-0.8161811828613281,-0.2849378287792206
1408,-1.0879865884780884,-0.9143681526184082,-0.16924652457237244
1409,-0.6030963659286499,-0.324188768863678,0.04822062700986862
1410,-0.7686599493026733,-0.4925207793712616,-0.150811567902565
1411,-0.1223360002040863,0.21635420620441437,0.8997324109077454
1412,-0.5240665674209595,-0.19496171176433563,0.018550297245383263
1413,-0.535757303237915,-0.20450197160243988,-0.013762191869318485
1414,-0.5859653949737549,-0.3943297863006592,0.06064276397228241
1415,-0.7246187925338745,-0.4923129975795746,-0.1675436645746231
1416,-0.17909230291843414,0.2658568322658539,0.9660176038742065
1417,-1.0792337656021118,-1.0213104486465454,-0.4879998564720154
1418,-0.7652959227561951,-0.6039125323295593,-0.2612103521823883
1419,-1.0826053619384766,-1.0409945249557495,-0.5055047273635864
1420,-0.15997928380966187,0.1709396243095398,0.7836939096450806
1421,-1.0275835990905762,-0.9145691394805908,-0.42678457498550415
1422,-1.0471930503845215,-0.8530135154724121,-0.3611637353897095
1423,-0.2824372947216034,-0.08750252425670624,0.3014388084411621
1424,-1.0646928548812866,-0.9992320537567139,-0.4945683181285858
1425,-1.1108359098434448,-0.8251517415046692,-0.12602029740810394
1426,-0.9495776891708374,-0.8088558316230774,-0.29935142397880554
1427,-0.9300308227539062,-0.7738487720489502,-0.3179914951324463
1428,-0.8643254637718201,-0.7617659568786621,-0.26030969619750977
1429,-0.9571073055267334,-0.8801360726356506,-0.3127753436565399
1430,-0.961846113204956,-0.8614216446876526,-0.3126322329044342
1431,-0.9336172342300415,-0.8652639389038086,-0.30699458718299866
1432,-0.9465839266777039,-0.8066375851631165,-0.2860027551651001
1433,-0.9281724095344543,-0.7736274003982544,-0.31192547082901
1434,-1.1187257766723633,-0.7294842600822449,-0.26038768887519836
1435,-0.8594163060188293,-0.7803038954734802,-0.25771668553352356
1436,-1.0487241744995117,-0.7751340270042419,-0.10964757949113846
1437,-0.9530083537101746,-0.8330936431884766,-0.31302282214164734
1438,-1.0316952466964722,-0.7956786155700684,-0.0646647959947586
1439,-0.944050133228302,-0.8376404643058777,-0.2784305512905121
1440,-1.113687515258789,-0.841451108455658,-0.3249281644821167
1441,-0.9650992751121521,-0.8139148354530334,-0.3040207028388977
1442,-0.9874305725097656,-0.9335499405860901,-0.311685174703598
1443,-1.0179775953292847,-0.7519732117652893,0.2068585306406021
1444,-1.1962288618087769,-0.9842857718467712,-0.19958269596099854
1445,-0.5998930335044861,-0.42572352290153503,-0.07961337268352509
1446,-0.7428191900253296,-0.5328679084777832,-0.21688298881053925
1447,-0.42839884757995605,-0.2524987757205963,0.8930985927581787
1448,-0.5618105530738831,-0.34545087814331055,-0.027347391471266747
1449,-0.5522437691688538,-0.30612316727638245,-0.03225874900817871
1450,-0.7835575342178345,-0.6257266998291016,-0.2519993185997009
1451,-0.6002087593078613,-0.4425508677959442,-0.07685200870037079
1452,-0.7305923700332642,-0.5477813482284546,-0.19322162866592407
1453,-1.1134103536605835,-1.0838916301727295,-0.4933757781982422
1454,-0.4189673662185669,-0.19650885462760925,0.4547979235649109
1455,-1.2752333879470825,-1.0620986223220825,-0.48052978515625
1456,-0.7656185030937195,-0.6011413931846619,-0.24521979689598083
1457,-1.1380759477615356,-1.0572125911712646,-0.45881396532058716
1458,-0.4774029850959778,-0.2835218012332916,0.7841225862503052
1459,-1.2637701034545898,-1.0389037132263184,-0.47531771659851074
1460,-1.1177685260772705,-0.963642418384552,-0.42013102769851685
1461,-1.081973910331726,-1.0347715616226196,-0.4933927655220032
1462,-0.6252678632736206,-0.4284411668777466,9.88073879852891e-05
1463,-1.1283692121505737,-1.049727201461792,-0.4600633978843689
1464,-1.0620497465133667,-0.9618562459945679,-0.40767744183540344
1465,-1.1980880498886108,-0.993358850479126,-0.17822445929050446
1466,-1.0725898742675781,-1.0020774602890015,-0.3954668939113617
1467,-1.0588372945785522,-0.989374577999115,-0.40360376238822937
1468,-1.0595979690551758,-0.9753349423408508,-0.3849886655807495
1469,-1.2325680255889893,-1.0222691297531128,-0.1694878786802292
1470,-1.1234314441680908,-0.9689823389053345,-0.3161771595478058
1471,-1.1397103071212769,-1.0063786506652832,-0.3790944516658783
1472,-1.057308554649353,-0.9489483833312988,-0.4382183253765106
1473,-1.0567054748535156,-1.0191539525985718,-0.4131602942943573
1474,-1.135953426361084,-1.0208103656768799,-0.4660652279853821
1475,-1.2263853549957275,-0.9468270540237427,-0.10949421674013138
1476,-1.05807363986969,-0.9952783584594727,-0.45963653922080994
1477,-1.0694074630737305,-0.969434380531311,-0.3900259733200073
1478,-1.078737497329712,-0.9927071332931519,-0.326323926448822
1479,-1.2634823322296143,-1.04368257522583,-0.46783435344696045
1480,-1.0470302104949951,-0.9308356642723083,-0.4797646999359131
1481,-1.0725644826889038,-1.0398615598678589,-0.4427132308483124
1482,-1.056099534034729,-0.9963653683662415,-0.4708934724330902
1483,-0.6229572892189026,-0.4085334539413452,-0.06732329726219177
1484,-0.7523017525672913,-0.5869532227516174,-0.2113191783428192
1485,-0.46564432978630066,-0.32119646668434143,0.7545077800750732
1486,-0.5526732206344604,-0.24709422886371613,-0.015065519139170647
1487,-0.5505223274230957,-0.25253361463546753,-0.031342070549726486
1488,-0.7956488132476807,-0.6450751423835754,-0.2627996802330017
1489,-0.6904967427253723,-0.4950607120990753,-0.09763991087675095
1490,-0.7487726211547852,-0.5880112648010254,-0.19105416536331177
1491,-1.0509964227676392,-0.9994662404060364,-0.4978233575820923
1492,-0.40062206983566284,-0.13658469915390015,0.6511987447738647
1493,-1.1501715183258057,-1.0920153856277466,-0.5023611783981323
1494,-0.7786044478416443,-0.6186667084693909,-0.26939114928245544
1495,-1.05976402759552,-1.028363823890686,-0.49704185128211975
1496,-0.49898460507392883,-0.27123624086380005,0.6463688611984253
1497,-1.1505696773529053,-1.013248324394226,-0.47703680396080017
1498,-1.2878165245056152,-0.975892961025238,-0.4783253073692322
1499,-1.038240909576416,-0.9759421348571777,-0.4194566607475281
1500,-0.622258186340332,-0.4446985423564911,0.042650334537029266
1501,-1.0441081523895264,-1.0206304788589478,-0.4968135356903076
1502,-0.6023480892181396,-0.404803603887558,-0.05847315490245819
1503,-0.5891950130462646,-0.38753384351730347,0.2587830722332001
1504,-0.5700791478157043,-0.34140002727508545,-0.06397606432437897
1505,-0.5731539130210876,-0.33332324028015137,-0.03302829712629318
1506,-0.6577709317207336,-0.5219679474830627,-0.09801731258630753
1507,-0.5780670046806335,-0.34019649028778076,-0.046970900148153305
1508,-0.5912350416183472,-0.3901127278804779,-0.04834962636232376
1509,-0.6442577838897705,-0.4668737053871155,-0.1955035924911499
1510,-0.580511212348938,-0.4112727642059326,0.3172561228275299
1511,-0.6137742400169373,-0.4337572753429413,0.04072606936097145
1512,-0.6086585521697998,-0.40220049023628235,-0.08196204155683517
1513,-0.6369456052780151,-0.4804818332195282,-0.07434216141700745
1514,-0.6096798777580261,-0.4048789143562317,0.42661115527153015
1515,-0.6092060804367065,-0.38647007942199707,-0.11023993790149689
1516,-0.6578270792961121,-0.45607632398605347,0.2901232838630676
1517,-0.611050546169281,-0.4170614182949066,-0.00401277095079422
1518,-0.6518411636352539,-0.43874841928482056,-0.021083755418658257
1519,-0.610516369342804,-0.3079400062561035,-0.0303800106048584
1520,-0.18657712638378143,0.15776504576206207,0.7420756816864014
1521,-0.5161387920379639,-0.25789186358451843,-0.0003923933254554868
1522,-0.532796323299408,-0.2734905481338501,-0.0008724718936719
1523,-0.7989247441291809,-0.6665019989013672,-0.24941135942935944
1524,-0.5712454915046692,-0.3357330858707428,-0.03235776722431183
1525,-0.23100535571575165,0.3118855357170105,0.7956700921058655
1526,-1.0748249292373657,-0.995633065700531,-0.44975727796554565
1527,-1.0990346670150757,-1.068229079246521,-0.49462756514549255
1528,-0.2288351207971573,0.025426194071769714,0.7237228751182556
1529,-1.0683705806732178,-1.0585589408874512,-0.3937740623950958
1530,-1.0344526767730713,-0.9238685965538025,-0.4050959050655365
1531,-0.21701659262180328,0.02826259471476078,0.33161741495132446
1532,-1.0934044122695923,-0.9909224510192871,-0.4292674958705902
1533,-0.6474352478981018,-0.4505753815174103,-0.05082858353853226
1534,-0.5784311890602112,-0.3247571885585785,-0.03367169573903084
1535,-0.5733894109725952,-0.25481465458869934,-0.02532736025750637
1536,-0.7436347603797913,-0.39287012815475464,-0.1506626158952713
1537,-0.5660432577133179,-0.2835595905780792,-0.022730501368641853
1538,-0.6492424607276917,-0.3171200156211853,-0.07946514338254929
1539,-0.7714811563491821,-0.6327046155929565,-0.234049454331398
1540,-0.6526731252670288,-0.42468875646591187,-0.05822902172803879
1541,-0.754017174243927,-0.57628333568573,-0.21541261672973633
1542,-0.7206295728683472,-0.4763442277908325,-0.17138512432575226
1543,-0.7701857686042786,-0.5767520666122437,-0.21552689373493195
1544,-0.7347119450569153,-0.5404146313667297,-0.20840221643447876
1545,-0.736725926399231,-0.4969411790370941,-0.19776733219623566
1546,-0.7885072827339172,-0.6445561051368713,-0.23949721455574036
1547,-0.6485410332679749,-0.374809205532074,-0.012566044926643372
1548,-0.77536541223526,-0.623077929019928,-0.22974291443824768
1549,-0.4963694214820862,-0.3687306344509125,0.7884402871131897
1550,-0.5704513788223267,-0.40755587816238403,-0.030766146257519722
1551,-0.5542097091674805,-0.37422826886177063,-0.02324262261390686
1552,-0.7550180554389954,-0.5636284351348877,-0.21941007673740387
1553,-0.5781659483909607,-0.3802681565284729,-0.04338584095239639
1554,-0.6481773257255554,-0.4289659261703491,-0.13737072050571442
1555,-1.1373461484909058,-1.0827412605285645,-0.43761488795280457
1556,-0.5681146383285522,-0.3347315788269043,0.5338713526725769
1557,-1.2093771696090698,-1.0533181428909302,-0.48214825987815857
1558,-0.7571377158164978,-0.5891232490539551,-0.24521911144256592
1559,-1.1028079986572266,-1.0658358335494995,-0.4952477216720581
1560,-0.6118554472923279,-0.44843021035194397,0.8303437232971191
1561,-1.22256600856781,-1.0483609437942505,-0.47955530881881714
1562,-1.0311914682388306,-0.815724790096283,-0.3946743905544281
1563,-1.095434308052063,-1.0094385147094727,-0.4155653417110443
1564,-0.7147234678268433,-0.466855525970459,0.10013425350189209
1565,-1.1061307191848755,-1.0862058401107788,-0.47742393612861633
1566,-0.11208891868591309,0.24205169081687927,0.7015464305877686
1567,-0.28632649779319763,-0.022573189809918404,0.5905867218971252
1568,-0.5440443754196167,-0.45145851373672485,0.7061580419540405
1569,-0.34375351667404175,-0.06261345744132996,0.7050734162330627
1570,-0.42237311601638794,-0.2715034484863281,0.6350299715995789
1571,-0.2639017701148987,0.2541983723640442,0.4152548611164093
1572,0.009642867371439934,0.5417136549949646,0.7724899649620056
1573,-0.6152344942092896,-0.38375192880630493,0.5626285672187805
1574,-0.4030299186706543,-0.22831745445728302,0.7826223373413086
1575,-0.31231415271759033,-0.009627055376768112,0.2188977599143982
1576,0.007309774402529001,0.6040186285972595,0.7935147285461426
1577,-0.3914203643798828,-0.1559566855430603,0.6848722696304321
1578,-0.6853739023208618,-0.5387118458747864,0.3712521493434906
1579,-0.24307692050933838,0.17535093426704407,0.4498809278011322
1580,0.019157227128744125,0.4593721330165863,0.6803256869316101
1581,-0.3740916848182678,-0.06132103502750397,0.20663441717624664
1582,-0.4546523094177246,-0.22334784269332886,-0.00032566592562943697
1583,-0.5362686514854431,-0.32074183225631714,0.009704966098070145
1584,-0.5850602984428406,-0.4148743748664856,-0.06135981157422066
1585,-0.6035252213478088,-0.4366966784000397,-0.08009470254182816
1586,-1.1662960052490234,-1.1704895496368408,-0.463881254196167
1587,0.023476991802453995,0.5935066938400269,0.7789954543113708
1588,-1.0773521661758423,-1.0411325693130493,-0.4625586271286011
1589,-0.644136905670166,-0.4313076138496399,-0.11453607678413391
1590,-1.135059118270874,-1.019071102142334,-0.44216856360435486
1591,0.009642867371439934,0.7132319211959839,0.8418774604797363
1592,-1.0738080739974976,-0.9734331369400024,-0.4417918920516968
1593,-0.92567378282547,-0.8039809465408325,-0.3763139843940735
1594,-1.1267367601394653,-1.1080480813980103,-0.3965868651866913
1595,0.019157227128744125,0.424294114112854,0.6004332900047302
1596,-1.1101701259613037,-1.0205457210540771,-0.5060731768608093
1597,-0.5025426745414734,-0.29969051480293274,-0.01817225106060505
1598,-0.6033220291137695,-0.3984549641609192,-0.039998363703489304
1599,-0.5391536355018616,-0.3075435757637024,-0.007380387745797634
1600,-0.5588205456733704,-0.3593592643737793,-0.019010594114661217
1601,-0.5908022522926331,-0.3905055820941925,-0.0721617043018341
1602,-0.45614883303642273,-0.15854015946388245,0.032378681004047394
1603,-0.5712135434150696,-0.28859835863113403,-0.01645709201693535
1604,-0.5499590039253235,-0.33469200134277344,-0.029118144884705544
1605,-0.5853384733200073,-0.3283562660217285,-0.030332395806908607
1606,-0.5118355751037598,-0.2871071696281433,0.02094191126525402
1607,-0.5489968657493591,-0.2549983859062195,-0.02628069929778576
1608,-0.6192400455474854,-0.41013845801353455,-0.03907766565680504
1609,-0.5859003663063049,-0.439861923456192,-0.07769668102264404
1610,-0.4978344738483429,-0.20342715084552765,0.026762111112475395
1611,-0.5845856666564941,-0.37532755732536316,-0.03820568695664406
1612,-0.5226638317108154,-0.2832816541194916,-0.011769323609769344
1613,-0.7779920101165771,-0.6553839445114136,-0.219834566116333
1614,-0.5667715668678284,-0.3490684926509857,-0.039592474699020386
1615,-0.5878182053565979,-0.4171701967716217,-0.08282281458377838
1616,-1.1771748065948486,-1.1343693733215332,-0.48946836590766907
1617,-0.08895643055438995,0.3270415663719177,0.6357950568199158
1618,-1.0965522527694702,-1.0196548700332642,-0.45041659474372864
1619,-0.7803743481636047,-0.62647944688797,-0.22610130906105042
1620,-1.1196672916412354,-1.0725284814834595,-0.49109408259391785
1621,-0.12347832322120667,0.16829265654087067,0.7202644348144531
1622,-1.0599110126495361,-1.0412184000015259,-0.39195090532302856
1623,-1.0215933322906494,-0.9478068351745605,-0.40416035056114197
1624,-1.0928425788879395,-0.9845271110534668,-0.18336622416973114
1625,-0.14572860300540924,0.1839248538017273,0.383205384016037
1626,-1.1000795364379883,-1.0443154573440552,-0.4829725921154022
1627,-0.5698273777961731,-0.3163358271121979,-0.029635649174451828
1628,-0.5490302443504333,-0.27737709879875183,-0.014924169518053532
1629,-0.5450844764709473,-0.28743502497673035,-0.01930082216858864
1630,-0.6097450852394104,-0.391433984041214,-0.03635823354125023
1631,-0.5331617593765259,-0.28173139691352844,0.004893878474831581
1632,-0.5647956728935242,-0.2711188793182373,-0.034374773502349854
1633,-0.5531238913536072,-0.27590808272361755,-0.027270616963505745
1634,-0.5827739834785461,-0.3174300491809845,-0.029957156628370285
1635,-0.5470032691955566,-0.346000611782074,-0.022726939991116524
1636,-0.5485511422157288,-0.2174098789691925,-0.012018184177577496
1637,-0.5872207880020142,-0.37331506609916687,-0.016862519085407257
1638,-0.6117265224456787,-0.4259061813354492,-0.09684087336063385
1639,-0.5438128113746643,-0.30248910188674927,-0.017047367990016937
1640,-0.5868897438049316,-0.338657408952713,-0.03711893782019615
1641,-0.7679790258407593,-0.5625998973846436,-0.2117372751235962
1642,-0.5655103325843811,-0.33194708824157715,-0.04403034225106239
1643,-0.5853889584541321,-0.372703492641449,-0.05327119305729866
1644,-1.156020164489746,-1.1271638870239258,-0.4641392230987549
1645,-0.3095383048057556,0.1742716133594513,0.5264776945114136
1646,-1.0983707904815674,-1.0457013845443726,-0.4512086808681488
1647,-0.7749131917953491,-0.5895899534225464,-0.2260330617427826
1648,-1.1192251443862915,-1.0656174421310425,-0.47366780042648315
1649,-0.2444201111793518,0.04532478004693985,0.8646273016929626
1650,-1.0576411485671997,-1.0294502973556519,-0.39686888456344604
1651,-1.0073928833007812,-0.867331326007843,-0.4026816785335541
1652,-1.1048649549484253,-0.9986836910247803,-0.3224736154079437
1653,-0.32429400086402893,0.11868968605995178,0.34878838062286377
1654,-1.106387734413147,-1.0503628253936768,-0.471544474363327
1655,-0.7594526410102844,-0.6062300205230713,-0.23528969287872314
1656,-0.7513349652290344,-0.5876743793487549,-0.2222876399755478
1657,-0.9118222594261169,-0.7937405109405518,-0.29615113139152527
1658,-0.6854685544967651,-0.48493874073028564,-0.15499097108840942
1659,-0.8595612049102783,-0.7058084607124329,-0.26160600781440735
1660,-0.7607561945915222,-0.5866909623146057,-0.23999141156673431
1661,-0.8496975898742676,-0.7454737424850464,-0.27027997374534607
1662,-0.8341929316520691,-0.6327176094055176,-0.27125445008277893
1663,-0.7963720560073853,-0.5948090553283691,-0.2526804208755493
1664,-0.9217975735664368,-0.7015716433525085,-0.19910947978496552
1665,-0.7443557977676392,-0.5937690734863281,-0.18688414990901947
1666,-0.8663502931594849,-0.7869421243667603,-0.26470857858657837
1667,-0.5927225947380066,-0.42595916986465454,-0.06327051669359207
1668,-0.726737380027771,-0.5148806571960449,-0.18100643157958984
1669,-1.114974856376648,-1.0963425636291504,-0.5057255625724792
1670,-0.5866663455963135,-0.3708341121673584,0.5708004236221313
1671,-1.1682254076004028,-1.0442713499069214,-0.48430612683296204
1672,-0.7652152180671692,-0.5932998657226562,-0.24159404635429382
1673,-1.1020300388336182,-1.0655453205108643,-0.48219189047813416
1674,-0.5464155673980713,-0.42803287506103516,0.8561742305755615
1675,-1.213698387145996,-1.0817289352416992,-0.5055354237556458
1676,-1.0235053300857544,-0.9538854360580444,-0.40652915835380554
1677,-1.0851387977600098,-1.00544273853302,-0.41364043951034546
1678,-0.7964998483657837,-0.5927225947380066,0.1527719497680664
1679,-1.0929826498031616,-1.0366214513778687,-0.48219189047813416
1680,-0.5707286596298218,-0.33070340752601624,-0.0417531281709671
1681,-0.7621122002601624,-0.6160679459571838,-0.20796309411525726
1682,-0.5966845154762268,-0.41415655612945557,-0.06567177921533585
1683,-0.7018287777900696,-0.5190889835357666,-0.10576575249433517
1684,-0.6109210252761841,-0.4076956808567047,-0.024050386622548103
1685,-0.7414330244064331,-0.5710272789001465,-0.18832647800445557
1686,-0.6001960635185242,-0.4156322479248047,-0.06861448287963867
1687,-0.6984708309173584,-0.4850567877292633,-0.10048139840364456
1688,-0.6419610381126404,-0.47149258852005005,-0.08688328415155411
1689,-0.7723629474639893,-0.5874361395835876,-0.2404172718524933
1690,-0.5714397430419922,-0.39216524362564087,0.002437849063426256
1691,-0.7726842761039734,-0.6059267520904541,-0.2326810359954834
1692,-0.6113195419311523,-0.3989299237728119,-0.07821834832429886
1693,-1.1649471521377563,-1.1031073331832886,-0.46724289655685425
1694,-0.28166136145591736,0.09175664186477661,0.49862292408943176
1695,-1.1446527242660522,-1.0704816579818726,-0.45582854747772217
1696,-0.7608697414398193,-0.6072540283203125,-0.24240230023860931
1697,-1.1252014636993408,-1.0891573429107666,-0.490266352891922
1698,-0.3061530292034149,-0.00691998889669776,0.8476252555847168
1699,-1.1374582052230835,-0.9846254587173462,-0.4319552779197693
1700,-1.0059242248535156,-0.863894522190094,-0.39818447828292847
1701,-1.0880842208862305,-1.0628950595855713,-0.4129793643951416
1702,-0.3547394275665283,-0.10753167420625687,0.21716193854808807
1703,-1.1068979501724243,-1.0449944734573364,-0.4329739212989807
1704,-0.7558726668357849,-0.6061083078384399,-0.2355005294084549
1705,-0.6190624833106995,-0.44331902265548706,-0.06796015053987503
1706,-0.7552839517593384,-0.611572265625,-0.230381578207016
1707,-0.7246185541152954,-0.5130444765090942,-0.1786770224571228
1708,-0.7561584115028381,-0.5928951501846313,-0.22801442444324493
1709,-0.6090523600578308,-0.4018244445323944,-0.07525429874658585
1710,-0.7480238080024719,-0.5691398978233337,-0.22005856037139893
1711,-0.73012775182724,-0.535942018032074,-0.22057218849658966
1712,-0.7709491848945618,-0.610121488571167,-0.22400814294815063
1713,-0.6148868203163147,-0.4207025468349457,-0.04174714535474777
1714,-0.7720563411712646,-0.6475485563278198,-0.2342621088027954
1715,-1.1329636573791504,-1.1036285161972046,-0.4686962366104126
1716,-0.4111925959587097,-0.05838127061724663,0.6344430446624756
1717,-1.1249343156814575,-1.0448803901672363,-0.48387476801872253
1718,-0.7519455552101135,-0.5903370380401611,-0.24073435366153717
1719,-1.1036858558654785,-1.0777157545089722,-0.49271661043167114
1720,-0.4038882255554199,-0.15861831605434418,0.9008388519287109
1721,-1.1673423051834106,-1.0738831758499146,-0.4801830053329468
1722,-0.9743755459785461,-0.822178840637207,-0.3916659355163574
1723,-1.0759758949279785,-0.9324796795845032,-0.14458666741847992
1724,-0.6037591695785522,-0.4071280360221863,0.166940376162529
1725,-1.0983672142028809,-1.040648341178894,-0.48096033930778503
1726,-1.1783593893051147,-1.1566441059112549,-0.3619423508644104
1727,-1.0487624406814575,-1.0171583890914917,-0.49724844098091125
1728,-1.1009156703948975,-1.0670586824417114,-0.4742600917816162
1729,-1.0460941791534424,-1.004785180091858,-0.5059520602226257
1730,-1.156787395477295,-1.149971842765808,-0.465056836605072
1731,-1.0548255443572998,-0.9978150129318237,-0.4821704924106598
1732,-1.0906561613082886,-1.049133062362671,-0.49724844098091125
1733,-1.0425751209259033,-0.9947463274002075,-0.4806664288043976
1734,-1.1700876951217651,-1.156276822090149,-0.47779029607772827
1735,-1.035709261894226,-0.9908314943313599,-0.5055879354476929
1736,-0.288522332906723,0.3087410628795624,0.4297531247138977
1737,-1.0398750305175781,-0.9708356857299805,-0.4863850176334381
1738,-0.9009369015693665,-0.7632478475570679,-0.31937912106513977
1739,-1.0435574054718018,-0.9892170429229736,-0.4821704924106598
1740,-0.3797585368156433,0.1269555538892746,0.2806985378265381
1741,-1.0518046617507935,-0.9792288541793823,-0.49803686141967773
1742,-1.1006169319152832,-0.9034581780433655,-0.4484950602054596
1743,-1.0441442728042603,-0.9894980192184448,-0.41679081320762634
1744,-0.4213676154613495,-0.17339442670345306,0.10188272595405579
1745,-1.0403530597686768,-0.9753345847129822,-0.4970241189002991
1746,-0.5593672394752502,-0.36704668402671814,0.2937251925468445
1747,-0.36244598031044006,-0.08528994768857956,0.6673564314842224
1748,-0.32492795586586,0.15220236778259277,0.33245694637298584
1749,0.009642867371439934,0.510015606880188,0.7952118515968323
1750,-0.29876190423965454,0.02296632155776024,0.5584027171134949
1751,-0.6506665945053101,-0.40262845158576965,0.5255203247070312
1752,-0.306587815284729,0.3082444667816162,0.48970910906791687
1753,0.007309774402529001,0.5889897346496582,0.7311547994613647
1754,-0.2947201728820801,0.05835611745715141,0.22283098101615906
1755,-1.0863194465637207,-1.0391085147857666,-0.4032250940799713
1756,-0.6505356431007385,-0.47261467576026917,-0.18562352657318115
1757,-1.1185686588287354,-1.0203901529312134,-0.4855635166168213
1758,0.020338241010904312,0.5534806251525879,0.7661318778991699
1759,-1.075574517250061,-0.9979405999183655,-0.4656035006046295
1760,-0.9238901734352112,-0.7959727644920349,-0.3526924252510071
1761,-1.1253057718276978,-1.1119991540908813,-0.3144925832748413
1762,0.004349296446889639,0.5200383067131042,0.6012848615646362
1763,-1.1031233072280884,-1.0107206106185913,-0.4928123354911804
1764,-1.1527247428894043,-1.0571602582931519,-0.4923172891139984
1765,-1.0567116737365723,-1.0254274606704712,-0.4863850176334381
1766,-1.0770395994186401,-1.0395562648773193,-0.44864293932914734
1767,-1.1146786212921143,-1.0425468683242798,-0.496006041765213
1768,-1.1851558685302734,-1.0748995542526245,-0.4813304543495178
1769,-1.0491575002670288,-0.927254319190979,-0.4959198236465454
1770,-1.0704466104507446,-1.0516271591186523,-0.4002484083175659
1771,-1.0552414655685425,-1.0447659492492676,-0.49617788195610046
1772,-0.8201180100440979,-0.6622481942176819,-0.2608577311038971
1773,-1.0555213689804077,-1.0396859645843506,-0.4813128709793091
1774,-0.6270893812179565,-0.4070272743701935,0.3430345058441162
1775,-1.121658205986023,-1.0591232776641846,-0.5052410960197449
1776,-1.2200379371643066,-0.9532740712165833,-0.4779728353023529
1777,-1.0354851484298706,-0.9978303909301758,-0.4196058213710785
1778,-0.7000101804733276,-0.45085838437080383,0.024641061201691628
1779,-1.0453975200653076,-1.0248419046401978,-0.4815947115421295
1780,-0.8523662686347961,-0.7649268507957458,-0.2874101996421814
1781,-0.7051560878753662,-0.5578677654266357,-0.1384672075510025
1782,-0.788719892501831,-0.5952377915382385,-0.2673611044883728
1783,-0.780289351940155,-0.5978072881698608,-0.24746869504451752
1784,-0.8927890062332153,-0.7735709547996521,-0.2956753373146057
1785,-0.711666464805603,-0.5785076022148132,-0.17335782945156097
1786,-0.8699212670326233,-0.7524042129516602,-0.2678569555282593
1787,-1.095155119895935,-1.0655953884124756,-0.49666348099708557
1788,-0.40273234248161316,-0.197297140955925,0.9040034413337708
1789,-1.2004460096359253,-1.0544216632843018,-0.48315098881721497
1790,-0.9526358842849731,-0.8901514410972595,-0.41960084438323975
1791,-1.0891746282577515,-1.0014737844467163,-0.43903520703315735
1792,-0.5903609395027161,-0.3957706093788147,0.04378094896674156
1793,-1.0932453870773315,-1.0213017463684082,-0.48807215690612793
1794,-1.1092561483383179,-1.037420630455017,-0.44222474098205566
1795,-1.0489611625671387,-1.0077009201049805,-0.49704185128211975
1796,-1.0775328874588013,-1.0196744203567505,-0.4863850176334381
1797,-1.040077567100525,-0.9939042925834656,-0.5015400648117065
1798,-1.1070748567581177,-1.101909875869751,-0.4870162904262543
1799,-1.0441436767578125,-1.0051831007003784,-0.48129141330718994
1800,-0.36870864033699036,-0.024286411702632904,0.19365288317203522
1801,-1.0565272569656372,-1.0206176042556763,-0.5055879354476929
1802,-1.075445294380188,-0.9110684990882874,-0.47823566198349
1803,-1.0425899028778076,-1.0093129873275757,-0.4183027148246765
1804,-0.4860279858112335,-0.27941909432411194,0.029710207134485245
1805,-1.0443602800369263,-1.0052107572555542,-0.48129141330718994
1806,-0.4661113917827606,-0.2161455750465393,0.36618536710739136
1807,-0.6371685266494751,-0.3621029257774353,0.8957905173301697
1808,-0.36502009630203247,0.14954374730587006,0.3341600298881531
1809,0.006386370398104191,0.4672732949256897,0.7009062767028809
1810,-0.39812466502189636,-0.0717914029955864,0.16857080161571503
1811,-1.0693390369415283,-0.9430432319641113,-0.3805876672267914
1812,-1.000817060470581,-0.8425643444061279,-0.39033934473991394
1813,-1.122316598892212,-1.0764219760894775,-0.34217745065689087
1814,0.008024743758141994,0.4836321175098419,0.6138753890991211
1815,-1.1015276908874512,-1.0626740455627441,-0.481634259223938
1816,-1.2068026065826416,-1.0136065483093262,-0.4863850176334381
1817,-1.031152606010437,-0.9362974166870117,-0.48886874318122864
1818,-1.0737969875335693,-0.9815157055854797,-0.45897743105888367
1819,-1.0372267961502075,-0.9428974390029907,-0.48122918605804443
1820,-1.2154463529586792,-0.988431453704834,-0.43925604224205017
1821,-1.0465867519378662,-0.9508358836174011,-0.4092976152896881
1822,-0.5086384415626526,-0.3458063304424286,0.03565775230526924
1823,-1.0423314571380615,-0.9936305284500122,-0.4940071702003479
1824,-1.0579711198806763,-0.8831809163093567,-0.44775569438934326
1825,-1.0322613716125488,-1.0026735067367554,-0.4236190617084503
1826,-1.0838865041732788,-0.916332483291626,-0.4587458670139313
1827,-1.0766717195510864,-0.988498866558075,-0.4318258762359619
1828,-0.7660875916481018,-0.6049780249595642,0.002551028737798333
1829,-1.0746010541915894,-1.0161291360855103,-0.4820680618286133
1830,-1.1011958122253418,-0.9510606527328491,-0.26747483015060425
1831,-1.0368021726608276,-0.9807612299919128,-0.5043095350265503
1832,-0.399557888507843,-0.14819984138011932,0.14921963214874268
1833,-1.0361827611923218,-0.9607778191566467,-0.4826541841030121
1834,-0.49764662981033325,-0.32276132702827454,0.03307783976197243
1835,-1.0932912826538086,-1.0591766834259033,-0.48252514004707336
