,q05,q50,q95
0,-0.21739237010478973,0.30729952454566956,0.5365036725997925
1,-0.08838550746440887,0.3978653848171234,0.47499728202819824
2,-0.2744823098182678,0.1990184485912323,0.47298288345336914
3,0.008326109498739243,0.5778002142906189,0.9494274854660034
4,0.011671885848045349,0.7545023560523987,0.8242417573928833
5,-0.5684334635734558,-0.28405848145484924,0.22494959831237793
6,-1.428749918937683,-0.8813023567199707,-0.20524029433727264
7,-0.4192579686641693,-0.08393916487693787,0.28711631894111633
8,-0.64793461561203,-0.3665563464164734,0.051111362874507904
9,0.006133494898676872,0.6171950697898865,0.6615971922874451
10,-1.0467844009399414,-1.0207329988479614,-0.45826947689056396
11,0.018240170553326607,0.6554492712020874,0.7610463500022888
12,-0.5448589324951172,-0.29271411895751953,-0.004106712527573109
13,-0.9124045968055725,-0.7834389805793762,-0.31822624802589417
14,-0.9254757761955261,-0.7885235548019409,-0.2647978961467743
15,-1.0471670627593994,-1.012171745300293,-0.37495648860931396
16,-0.7034832239151001,-0.3097403645515442,-0.0676296129822731
17,0.008326109498739243,0.5807217359542847,0.8682356476783752
18,-0.5113142132759094,-0.26993969082832336,-0.020885545760393143
19,-0.5278063416481018,-0.28475725650787354,-0.01940743811428547
20,-0.8060775995254517,-0.5799947381019592,-0.2320905178785324
21,-0.5680887699127197,-0.33680418133735657,0.0050882622599601746
22,-0.7000370621681213,-0.4296163022518158,-0.07223264873027802
23,-1.0260047912597656,-0.9772036671638489,-0.4289419949054718
24,0.023523688316345215,0.6588276624679565,0.8648693561553955
25,-1.0970306396484375,-1.0003520250320435,-0.4519841969013214
26,-0.763107419013977,-0.5859012603759766,-0.23105166852474213
27,-1.0327200889587402,-1.003428339958191,-0.448287695646286
28,0.017247917130589485,0.6583592891693115,0.789638876914978
29,-1.0366898775100708,-0.9854541420936584,-0.4115926921367645
30,-1.1554203033447266,-0.9593779444694519,-0.4573155641555786
31,-1.022587776184082,-0.9744586944580078,-0.3953964412212372
32,-0.0012796100927516818,0.5138677358627319,0.5657879710197449
33,-1.034678339958191,-0.9916315078735352,-0.4732740819454193
34,-0.10895392298698425,0.3085328936576843,0.44542041420936584
35,-0.2248367816209793,0.3125166893005371,0.42458024621009827
36,0.009853921830654144,0.5210188031196594,0.7390111684799194
37,0.016440214589238167,0.6431307196617126,0.7525084018707275
38,-0.5475373864173889,-0.27423742413520813,0.3006821572780609
39,-0.24805116653442383,0.15643832087516785,0.4230969548225403
40,-0.5529728531837463,-0.29286375641822815,-0.020108429715037346
41,0.009059781208634377,0.5377018451690674,0.702485203742981
42,-0.8290543556213379,-0.7251265645027161,-0.2535278797149658
43,0.008326109498739243,0.6307398676872253,0.7396047115325928
44,0.009853921830654144,0.6216965913772583,0.7220167517662048
45,-0.5906732082366943,-0.42513149976730347,0.050382066518068314
46,-0.8307620286941528,-0.6031113266944885,-0.19782929122447968
47,-0.3921121060848236,-0.22345781326293945,0.5462902188301086
48,-0.6950085163116455,-0.5589473247528076,-0.025609031319618225
49,-0.7987058758735657,-0.6735475063323975,-0.13047097623348236
50,-0.5497522950172424,-0.2604302167892456,0.29535773396492004
51,-0.650179386138916,-0.47243401408195496,-0.029937127605080605
52,0.0229744054377079,0.5556421279907227,0.7224098443984985
53,-0.4989233911037445,-0.23629184067249298,0.01001980621367693
54,-0.5133481025695801,-0.23079074919223785,0.059272028505802155
55,-0.6689139008522034,-0.43989065289497375,0.19557304680347443
56,-0.5654345750808716,-0.37342146039009094,0.12098449468612671
57,-0.599341094493866,-0.42276716232299805,-0.01584153063595295
58,-0.8289482593536377,-0.7061866521835327,-0.239815816283226
59,0.011203370988368988,0.508662760257721,0.7268308401107788
60,-0.8083653450012207,-0.7267367839813232,-0.1307694911956787
61,-0.5930181741714478,-0.3841629922389984,0.11397003382444382
62,-0.8403894901275635,-0.7120208740234375,-0.25077584385871887
63,0.017690086737275124,0.5936835408210754,0.7761138677597046
64,-0.8139550685882568,-0.6541965007781982,-0.17585231363773346
65,-0.7881367802619934,-0.6596460938453674,-0.1151934266090393
66,-0.8084329962730408,-0.6765730381011963,-0.22810664772987366
67,0.0054598618298769,0.42756712436676025,0.571896493434906
68,-0.8445099592208862,-0.74228835105896,-0.26058802008628845
69,-0.13844501972198486,0.3299570083618164,0.517669141292572
70,-0.06184549629688263,0.3317663371562958,0.4998374581336975
71,-0.08584465086460114,0.35368141531944275,0.44542214274406433
72,-0.5476146340370178,-0.3780604302883148,0.05916711688041687
73,-0.5957076549530029,-0.37703272700309753,-0.0673624649643898
74,-0.17326393723487854,0.21674934029579163,0.4427918493747711
75,-0.5424363017082214,-0.3458186686038971,0.12971416115760803
76,-0.07994735240936279,0.3146505653858185,0.47195956110954285
77,-0.7649840116500854,-0.6944019198417664,-0.20016548037528992
78,-0.11866522580385208,0.22082112729549408,0.45005425810813904
79,-0.06295832246541977,0.278806209564209,0.46419557929039
80,-0.5935534238815308,-0.377358615398407,-0.015292995609343052
81,-0.7895233035087585,-0.6013321280479431,-0.2683384418487549
82,-0.29577523469924927,-0.111327163875103,0.09713499248027802
83,-0.6468039155006409,-0.4609817564487457,-0.0984228104352951
84,-0.6602863073348999,-0.558053731918335,-0.08141911029815674
85,-0.32323622703552246,-0.027635615319013596,0.3721127212047577
86,-0.6574393510818481,-0.41869962215423584,-0.030719026923179626
87,-0.11793729662895203,0.12579436600208282,0.40463289618492126
88,-0.2544676959514618,0.1590586155653,0.39765384793281555
89,-0.42741909623146057,-0.04103028401732445,0.33354854583740234
90,-0.7011433243751526,-0.5272324681282043,-0.07492655515670776
91,-0.5831945538520813,-0.28631091117858887,0.10558633506298065
92,-0.6066285967826843,-0.36163845658302307,-0.02734036184847355
93,-0.8481389880180359,-0.7549861073493958,-0.37866440415382385
94,-0.07994735240936279,0.30483168363571167,0.4607049524784088
95,-0.7377474308013916,-0.5627144575119019,-0.10287754237651825
96,-0.6075809001922607,-0.4251853823661804,-0.031271252781152725
97,-0.6944542527198792,-0.5941711664199829,-0.20981521904468536
98,-0.6232307553291321,-0.4252483546733856,-0.0686415359377861
99,-0.6997023820877075,-0.48236820101737976,-0.08049288392066956
100,-0.7966108918190002,-0.6912484169006348,-0.1716795265674591
101,-0.08584465086460114,0.3632231652736664,0.47507211565971375
102,-0.7102541327476501,-0.5948112607002258,-0.16049738228321075
103,0.003309450810775161,0.4130467474460602,0.5662050247192383
104,0.0011077511589974165,0.48764774203300476,0.7876458764076233
105,-0.5118682980537415,-0.1162763386964798,0.055035702884197235
106,-0.3035195767879486,0.13729336857795715,0.3315844237804413
107,-0.5080599784851074,-0.048469386994838715,0.1981634944677353
108,-0.823024332523346,-0.7181767821311951,-0.23224161565303802
109,0.00703531876206398,0.5155148506164551,0.5432800054550171
110,0.009059781208634377,0.4530540704727173,0.6056835651397705
111,-0.5651960968971252,-0.3410685956478119,0.008311117999255657
112,-0.7637339234352112,-0.5968344807624817,-0.10223940014839172
113,-0.3795595169067383,0.024256186559796333,0.6065430641174316
114,-0.682847261428833,-0.5258396863937378,0.3901246190071106
115,-0.7711917757987976,-0.5596008896827698,0.022875754162669182
116,-0.511322021484375,-0.0844237208366394,0.14438168704509735
117,-0.014255852438509464,0.3650493919849396,0.5584409236907959
118,-0.4909195899963379,-0.1586252897977829,0.17154112458229065
119,-0.49962368607521057,-0.1889110505580902,0.12802760303020477
120,-0.6558799743652344,-0.4455159604549408,0.0012507950887084007
121,-0.5491227507591248,-0.2651589810848236,0.040460895746946335
122,-0.7910951375961304,-0.6432563662528992,-0.21198207139968872
123,0.0229744054377079,0.4649708867073059,0.5474719405174255
124,-0.7991822361946106,-0.7285771369934082,0.2155510038137436
125,-0.7902215123176575,-0.5931745171546936,-0.21523937582969666
126,0.005916358903050423,0.4877631664276123,0.6031426191329956
127,-0.7583418488502502,-0.5935731530189514,0.0908883586525917
128,-0.7414016127586365,-0.5472910404205322,-0.0402618907392025
129,-0.8034064769744873,-0.6117207407951355,-0.1440030336380005
130,-0.10103791952133179,0.45928147435188293,0.7598671913146973
131,-0.8142256736755371,-0.6877621412277222,-0.23054276406764984
132,-0.03458058834075928,0.4190615117549896,0.8333697319030762
133,0.0014798296615481377,0.5510377883911133,0.7103407382965088
134,-0.6570990085601807,-0.32367968559265137,0.07417039573192596
135,0.023523688316345215,0.7747360467910767,0.9088783264160156
136,0.008326109498739243,0.6963798999786377,0.9147049188613892
137,-0.4991197884082794,-0.25853487849235535,0.34074151515960693
138,-0.4824487268924713,-0.09216079860925674,-0.02226008102297783
139,-0.2980823218822479,-0.027843749150633812,1.8074510097503662
140,-0.756682276725769,-0.3723856508731842,0.030131962150335312
141,-0.7257137894630432,-0.3657883107662201,0.09667191654443741
142,-0.6648160219192505,-0.4252052903175354,0.14207662642002106
143,0.008326109498739243,0.5667033791542053,0.8455207943916321
144,-0.24061089754104614,0.25406134128570557,0.6578463912010193
145,-0.3546319603919983,0.07735452800989151,0.44914793968200684
146,-0.7507451176643372,-0.4969247579574585,0.18889617919921875
147,-0.49186235666275024,-0.20450644195079803,0.42790889739990234
148,-0.4693852961063385,-0.24952319264411926,0.20153263211250305
149,-0.5513635873794556,-0.2689693570137024,-0.02256741002202034
150,0.023523688316345215,0.6681345105171204,0.8467399477958679
151,-0.6384786367416382,-0.35429999232292175,0.3605206310749054
152,-0.5553222298622131,-0.31425803899765015,-0.03451426327228546
153,0.011010962538421154,0.7832509279251099,0.8862800002098083
154,-0.6169751882553101,-0.27462342381477356,0.3428286015987396
155,-0.7544888257980347,-0.5019053816795349,0.01918148808181286
156,-0.562610387802124,-0.2739850580692291,-0.07265324890613556
157,-0.6124082803726196,-0.31195199489593506,-0.027351733297109604
158,-0.05165955051779747,0.3614683747291565,0.47106701135635376
159,-0.5215803980827332,-0.306301087141037,0.30112892389297485
160,0.023523688316345215,0.6139006018638611,0.687562882900238
161,-0.8511773347854614,-0.7928417921066284,-0.2256820648908615
162,0.011671885848045349,0.7664957046508789,0.8408379554748535
163,0.018240170553326607,0.7393198013305664,0.7646520137786865
164,-0.644314706325531,-0.4501229524612427,0.009971320629119873
165,-0.7306732535362244,-0.5737414360046387,-0.1833137571811676
166,-0.2910507619380951,-0.1784532219171524,1.2607288360595703
167,-0.6760048866271973,-0.4644653797149658,0.12814855575561523
168,-0.7536758780479431,-0.7263770699501038,0.10580769181251526
169,-0.48568177223205566,-0.23945993185043335,0.2816029191017151
170,0.008326109498739243,0.6891763806343079,0.7543767690658569
171,-0.35145241022109985,0.08524971455335617,0.2634981572628021
172,-0.4513593316078186,-0.1570785939693451,0.23011454939842224
173,-0.8275907635688782,-0.6815347671508789,-0.017597433179616928
174,-0.5776093006134033,-0.35372933745384216,0.08400538563728333
175,-0.6135629415512085,-0.43044498562812805,0.11245740950107574
176,-0.8264145851135254,-0.7244844436645508,-0.22996659576892853
177,0.011671885848045349,0.633814811706543,0.746385931968689
178,-0.8267542719841003,-0.783939778804779,-0.09638600051403046
179,-0.8366695642471313,-0.7077401876449585,-0.20672903954982758
180,0.011010962538421154,0.7166903614997864,0.7611488699913025
181,-0.7640593647956848,-0.7129435539245605,0.41157791018486023
182,-0.8257391452789307,-0.7117242813110352,-0.06239106133580208
183,-0.8395242691040039,-0.6496044397354126,-0.2142573595046997
184,0.023523688316345215,0.5580801367759705,0.6500318646430969
185,-0.8421748876571655,-0.7742121815681458,-0.21539095044136047
186,-0.8231831789016724,-0.6841176152229309,-0.16228938102722168
187,-0.5677503943443298,-0.3207319378852844,0.0031667668372392654
188,-0.46754205226898193,-0.2576901614665985,0.1964215487241745
189,-0.8117220401763916,-0.6540323495864868,-0.24056071043014526
190,-0.5567728281021118,-0.2648290991783142,0.21171361207962036
191,-0.4471568167209625,-0.25165438652038574,0.34961193799972534
192,-0.5696243643760681,-0.2995227575302124,-0.018256941810250282
193,-0.8735706210136414,-0.5790877342224121,-0.0849749892950058
194,-0.7646936178207397,-0.6352593898773193,-0.22931237518787384
195,-0.561843752861023,-0.34427016973495483,-0.005683550611138344
196,-0.6351438164710999,-0.381700336933136,0.012574468739330769
197,-0.42242512106895447,-0.13584423065185547,0.5427433848381042
198,-0.5458651185035706,-0.30329465866088867,0.02037854492664337
199,-0.5574967861175537,-0.2830705940723419,-0.014757221564650536
200,-0.7293298244476318,-0.5614461898803711,-0.11054937541484833
201,-0.5651907920837402,-0.31091612577438354,0.08965552598237991
202,-0.5927152037620544,-0.3810681402683258,0.11222302913665771
203,-0.8769246935844421,-0.8030774593353271,-0.3628765046596527
204,-0.36162805557250977,-0.09070324152708054,0.426694393157959
205,-0.8980268836021423,-0.705211341381073,-0.2588823139667511
206,-0.48719725012779236,-0.24715004861354828,0.5652982592582703
207,-0.808012843132019,-0.6748838424682617,-0.2544567883014679
208,-0.7952370047569275,-0.6780047416687012,-0.23024819791316986
209,-0.8575865030288696,-0.751929521560669,-0.24318520724773407
210,-0.53904128074646,-0.39028722047805786,0.21413785219192505
211,-0.806929886341095,-0.6296653747558594,-0.24025766551494598
212,-0.7662810683250427,-0.5062808990478516,-0.0949752926826477
213,-1.8807038068771362,-0.7457844614982605,-0.2861210107803345
214,-0.6608035564422607,-0.42825472354888916,0.2465231716632843
215,-1.0197570323944092,-0.8056632876396179,-0.07218979299068451
216,-1.0838204622268677,-0.60097736120224,-0.2329479455947876
217,-0.8330374956130981,-0.5906252861022949,0.06738464534282684
218,-0.8661885857582092,-0.7400531768798828,-0.28536975383758545
219,-0.9384992718696594,-0.7761325240135193,-0.28548967838287354
220,-1.0242961645126343,-0.8450433611869812,-0.019281428307294846
221,-0.7766863703727722,-0.617962658405304,-0.2775784432888031
222,-0.6262260675430298,-0.3299388885498047,0.12230021506547928
223,-0.7543637752532959,-0.5051978230476379,-0.14669735729694366
224,-0.7369969487190247,-0.5253250002861023,-0.14105376601219177
225,-0.8831328749656677,-0.6773176193237305,-0.29638829827308655
226,-0.7931278347969055,-0.6146273016929626,-0.17316392064094543
227,-0.7668115496635437,-0.6310085654258728,-0.2770637273788452
228,-1.0214730501174927,-0.7826268672943115,-0.1413559913635254
229,-0.8504905700683594,-0.3177059292793274,0.16070610284805298
230,-1.0101776123046875,-0.8279596567153931,-0.3042945861816406
231,-0.891974687576294,-0.6814478039741516,-0.2757768929004669
232,-1.0313624143600464,-0.8746525645256042,-0.3519659638404846
233,-0.8302155137062073,-0.4226154088973999,0.672366201877594
234,-1.1045236587524414,-0.9004306793212891,-0.35308822989463806
235,-1.0140647888183594,-0.7417052388191223,-0.3441120386123657
236,-0.7595750689506531,-0.45822620391845703,0.13756220042705536
237,-1.0212388038635254,-0.7389981746673584,-0.008913003839552402
238,-0.5512274503707886,-0.2929273247718811,0.07660651952028275
239,-0.14404943585395813,0.19166547060012817,0.5032480955123901
240,-0.819069504737854,-0.7467333674430847,-0.2376486361026764
241,-0.13414739072322845,0.3041483461856842,0.5121455192565918
242,-0.14744903147220612,0.16874457895755768,0.5532279014587402
243,-0.5774368047714233,-0.36488425731658936,-0.019519438967108727
244,-0.8291155695915222,-0.609223484992981,-0.21203339099884033
245,-0.4762627184391022,-0.33210301399230957,0.14424724876880646
246,-0.6889097690582275,-0.5513423085212708,-0.03378608822822571
247,-0.8133528828620911,-0.6604572534561157,-0.13464796543121338
248,-0.5503978133201599,-0.3226902186870575,-0.023866092786192894
249,-0.6195948719978333,-0.4010374844074249,-0.02462403103709221
250,-0.19824625551700592,0.15624359250068665,0.5568960309028625
251,-0.516495406627655,-0.21160775423049927,-0.020426994189620018
252,-0.5197365880012512,-0.23316417634487152,-0.013476476073265076
253,-0.6324137449264526,-0.4237319529056549,0.16493991017341614
254,-0.5674728751182556,-0.36882394552230835,0.05241527408361435
255,-0.5990225672721863,-0.4145841598510742,-0.027926521375775337
256,-0.8289236426353455,-0.7126410007476807,-0.23087741434574127
257,-0.15056800842285156,0.22067445516586304,0.5615453124046326
258,-0.7968864440917969,-0.701535165309906,-0.1455266773700714
259,-0.5934747457504272,-0.4034320116043091,0.07664090394973755
260,-0.8416537046432495,-0.7108182907104492,-0.23987556993961334
261,-0.1544238030910492,0.1429070383310318,0.5825964212417603
262,-0.8191494941711426,-0.6834280490875244,-0.1760077178478241
263,-0.782947838306427,-0.6550368070602417,-0.016073031350970268
264,-0.8092926144599915,-0.6301153302192688,-0.16413995623588562
265,-0.2452613264322281,0.051328327506780624,0.2968214452266693
266,-0.8190048336982727,-0.7338125705718994,-0.24149686098098755
267,-0.5391564965248108,-0.29356494545936584,0.1742173731327057
268,-0.8892343044281006,-0.7951391935348511,-0.31036505103111267
269,-0.49593326449394226,-0.131356880068779,0.4239507019519806
270,-0.47826164960861206,-0.20594041049480438,0.5270125269889832
271,-0.6025262475013733,-0.26774778962135315,0.16005399823188782
272,-0.8775780200958252,-0.6325833797454834,-0.1777939796447754
273,-0.8084132671356201,-0.6741095185279846,-0.2601109445095062
274,-0.5292481780052185,-0.14905467629432678,0.25928300619125366
275,-0.6983282566070557,-0.38884755969047546,-0.0021329671144485474
276,-0.4947553873062134,-0.16343839466571808,0.6015933156013489
277,-0.5364478826522827,-0.14641518890857697,0.18027713894844055
278,-0.5339477062225342,-0.14718422293663025,0.7030245065689087
279,-0.5872324705123901,-0.3122711777687073,0.12692803144454956
280,-0.6903799772262573,-0.4344211518764496,0.37734082341194153
281,-0.9147865176200867,-0.7602953314781189,-0.35804590582847595
282,-0.4715736210346222,-0.0869126245379448,0.2895621359348297
283,-0.7957226634025574,-0.6357206106185913,-0.2563001215457916
284,-0.7498909831047058,-0.576476514339447,-0.14132925868034363
285,-0.9019556641578674,-0.8401036858558655,-0.2712383568286896
286,-0.5084941983222961,-0.1692788451910019,0.4552810490131378
287,-0.7918883562088013,-0.59170001745224,-0.2488587349653244
288,-0.7877888679504395,-0.6402657628059387,-0.24312180280685425
289,-0.8689508438110352,-0.6600068211555481,-0.1800224781036377
290,-0.5384374856948853,-0.24093188345432281,0.19957701861858368
291,-0.8777264356613159,-0.7800297141075134,-0.3264002501964569
292,-0.7371140718460083,-0.5687959790229797,-0.11170341819524765
293,0.003662282135337591,0.6193676590919495,0.6437904834747314
294,0.023523688316345215,0.6085267663002014,0.6654518842697144
295,-0.627088189125061,-0.3542685806751251,0.15193206071853638
296,-0.6652247309684753,-0.37491023540496826,-0.07468324899673462
297,-0.18686255812644958,0.19473199546337128,0.487839937210083
298,-0.6379743814468384,-0.42218607664108276,-0.07693400979042053
299,-0.6698070764541626,-0.5007575750350952,-0.04058759659528732
300,-0.3577744960784912,0.038016267120838165,0.32821735739707947
301,-0.7023762464523315,-0.4683999717235565,0.043044932186603546
302,0.003662282135337591,0.5135254859924316,0.6784602999687195
303,-0.25736239552497864,0.28581809997558594,0.37234070897102356
304,-0.3066340684890747,0.0979103073477745,0.41423681378364563
305,-0.712154746055603,-0.5061937570571899,-0.050084955990314484
306,-0.5376709699630737,-0.248849555850029,0.11043696105480194
307,-0.7347150444984436,-0.5832940340042114,-0.2035495936870575
308,0.023523688316345215,0.5722025036811829,0.6692758202552795
309,-0.7225227952003479,-0.5594061613082886,-0.10475105792284012
310,-0.5977028608322144,-0.3593297600746155,0.35028332471847534
311,-0.6869368553161621,-0.4803447127342224,-0.12476352602243423
312,0.0027398630045354366,0.5032041668891907,0.7199174165725708
313,-0.602260172367096,-0.4084475338459015,0.34221789240837097
314,-0.7079506516456604,-0.4894806742668152,-0.07868042588233948
315,-0.7485387921333313,-0.5061519742012024,-0.2224886417388916
316,0.0011894889175891876,0.572835385799408,0.6268821358680725
317,-0.7185198664665222,-0.5514523386955261,-0.1875293105840683
318,-0.8466262817382812,-0.7537593245506287,-0.23354098200798035
319,-0.7652232646942139,-0.6315046548843384,-0.2509538531303406
320,-0.9076524376869202,-0.7045580744743347,-0.43500590324401855
321,-0.9502619504928589,-0.875979483127594,-0.46830570697784424
322,-1.0536680221557617,-0.9631931185722351,-0.44361916184425354
323,-1.0230916738510132,-0.9909234046936035,-0.4776240289211273
324,-0.9288272261619568,-0.746647834777832,-0.34259870648384094
325,-1.018513560295105,-0.9221978187561035,-0.44173184037208557
326,-0.6757358908653259,-0.4223935306072235,-0.11431270837783813
327,-0.8659166693687439,-0.6172961592674255,-0.30125728249549866
328,-0.8833242654800415,-0.529848039150238,-0.31415054202079773
329,-1.0002272129058838,-0.9495188593864441,-0.4947688579559326
330,-0.9105592370033264,-0.6827543377876282,-0.3675863742828369
331,-0.9821556210517883,-0.8383989930152893,-0.34867724776268005
332,-1.018332600593567,-0.961556077003479,-0.49770912528038025
333,-0.7308846116065979,-0.44570767879486084,-0.13822804391384125
334,-1.0401746034622192,-0.9942459464073181,-0.4990426003932953
335,-0.9814696907997131,-0.9106252193450928,-0.49270278215408325
336,-1.0298314094543457,-1.0005249977111816,-0.4409634470939636
337,-0.7602288126945496,-0.638934850692749,-0.2489975541830063
338,-1.0152517557144165,-0.967654287815094,-0.49680837988853455
339,-1.036033272743225,-0.9848082661628723,-0.49356186389923096
340,-1.0187393426895142,-0.9869453310966492,-0.47895514965057373
341,-0.8736047148704529,-0.8239608407020569,-0.32394516468048096
342,-1.0255868434906006,-0.9777279496192932,-0.4914982318878174
343,0.011671885848045349,0.8490715026855469,0.9218868613243103
344,-0.7944586873054504,-0.5240834951400757,-0.11572038382291794
345,-0.2766038179397583,0.06248088553547859,0.458729088306427
346,-0.7437937259674072,-0.4646188020706177,0.16751892864704132
347,-0.7920582294464111,-0.6138511896133423,0.3115469515323639
348,-0.4639348089694977,-0.13482223451137543,0.2955390512943268
349,0.023523688316345215,0.7477931380271912,0.8747566938400269
350,-0.3774748146533966,0.054537273943424225,0.3708067536354065
351,-0.5101388692855835,-0.09840349853038788,0.20426352322101593
352,-0.5711760520935059,-0.36725711822509766,0.2060793787240982
353,-0.8158699870109558,-0.6622934341430664,-0.15438860654830933
354,-0.8281265497207642,-0.7102777361869812,-0.09434875100851059
355,-0.801481306552887,-0.6761805415153503,-0.10156495124101639
356,0.008326109498739243,0.6507393717765808,0.8247687816619873
357,-0.812993586063385,-0.6382269263267517,-0.1868184506893158
358,-0.8368790745735168,-0.7131804823875427,-0.18498481810092926
359,-0.6280011534690857,-0.41327306628227234,0.13157036900520325
360,-0.6886246800422668,-0.4875105023384094,-0.14341400563716888
361,-0.2540978789329529,-0.07741419970989227,0.8151339888572693
362,-0.6446240544319153,-0.4469810724258423,0.03509565442800522
363,-0.6871949434280396,-0.5107917785644531,-0.09547261148691177
364,-0.3360453248023987,0.008124766871333122,0.5891199111938477
365,-0.6578327417373657,-0.4918249845504761,-0.060035478323698044
366,0.023523688316345215,0.6930384635925293,0.7509164214134216
367,-0.23590242862701416,0.24314968287944794,0.5103124380111694
368,-0.34165915846824646,0.04357074573636055,0.39369165897369385
369,-0.5464047193527222,-0.3069077432155609,0.186761274933815
370,-0.6085595488548279,-0.419853150844574,0.04011028632521629
371,-0.731643557548523,-0.5319828391075134,-0.1646120399236679
372,0.008326109498739243,0.601058840751648,0.7640376687049866
373,-0.70004802942276,-0.5846530795097351,-0.13194487988948822
374,-0.5813256502151489,-0.39142003655433655,0.3862396776676178
375,-0.6990272402763367,-0.5450917482376099,-0.16112269461154938
376,0.011010962538421154,0.7264055013656616,0.7837178707122803
377,-0.6233758926391602,-0.4601048231124878,0.26225554943084717
378,-0.728641927242279,-0.5159773230552673,-0.052568469196558
379,-0.7408437728881836,-0.5205555558204651,-0.17841587960720062
380,0.015514621511101723,0.5047531127929688,0.6836477518081665
381,-0.7214971780776978,-0.5602489709854126,-0.21613211929798126
382,-0.9120750427246094,-0.6736246347427368,-0.06206250190734863
383,-0.6925663352012634,-0.43863505125045776,-0.14016605913639069
384,-0.7379781603813171,-0.5186840891838074,-0.198897123336792
385,-0.7544164061546326,-0.5795794725418091,-0.21204666793346405
386,-0.5527369976043701,-0.28797999024391174,-0.0011849076254293323
387,-0.5657967329025269,-0.24384064972400665,-0.02561013400554657
388,-0.5653467774391174,-0.31676533818244934,0.1398339420557022
389,-0.5549125075340271,-0.30879905819892883,0.0019327186746522784
390,-0.5525414943695068,-0.3439275324344635,-0.02063973993062973
391,-0.6573813557624817,-0.41390860080718994,-0.12823686003684998
392,-0.5525878667831421,-0.2952564060688019,-0.01757543720304966
393,-0.5635833144187927,-0.2975176274776459,-0.02890194207429886
394,-0.887820839881897,-0.8111648559570312,-0.381348580121994
395,-0.4816003441810608,-0.2610092759132385,0.06434506177902222
396,-0.7669751048088074,-0.61504065990448,-0.20112526416778564
397,-0.659348726272583,-0.43996375799179077,-0.1493869423866272
398,-0.8311446309089661,-0.6043906211853027,-0.22339043021202087
399,-0.5873095393180847,-0.40573251247406006,-0.04834870994091034
400,-0.7479826211929321,-0.5488054156303406,-0.21948476135730743
401,-0.7562362551689148,-0.5772801041603088,-0.19999559223651886
402,-0.9007840752601624,-0.7968665957450867,-0.22377212345600128
403,-0.6007274389266968,-0.39991551637649536,0.009303415194153786
404,-0.8570406436920166,-0.6930791735649109,-0.2354343682527542
405,-0.8616911172866821,-0.6934923529624939,-0.23581251502037048
406,-0.8871925473213196,-0.7739919424057007,-0.3496117889881134
407,-0.9133741855621338,-0.8724963068962097,-0.4310084581375122
408,-0.7957618832588196,-0.48300477862358093,0.3409525752067566
409,-0.897373378276825,-0.7924224138259888,-0.17108741402626038
410,-0.633030891418457,-0.38185253739356995,0.08193694800138474
411,-0.7880260944366455,-0.497415691614151,-0.12983831763267517
412,-0.784074604511261,-0.5050525665283203,-0.10840404033660889
413,-0.9110382199287415,-0.755789577960968,-0.1835767775774002
414,-0.847526490688324,-0.7111810445785522,-0.11854289472103119
415,-0.8548861145973206,-0.7671226859092712,-0.17380645871162415
416,-0.9256727695465088,-0.8353027701377869,-0.40828052163124084
417,-0.6949487924575806,-0.29603204131126404,-0.1278085708618164
418,-0.9077157378196716,-0.8188700079917908,-0.3872586190700531
419,-0.8742076754570007,-0.7372552752494812,-0.1805042177438736
420,-0.8742855191230774,-0.6665722131729126,-0.19994711875915527
421,-0.6701471209526062,-0.5033052563667297,-0.24838563799858093
422,-0.9013794660568237,-0.8114173412322998,-0.3504579961299896
423,-0.9215377569198608,-0.8254933953285217,-0.25075623393058777
424,-0.9197466969490051,-0.8029893040657043,-0.3967556655406952
425,-0.7551757097244263,-0.43008148670196533,-0.09604053199291229
426,-0.9289664030075073,-0.8307421803474426,-0.3524176776409149
427,-0.8213830590248108,-0.572629988193512,-0.220077246427536
428,-1.0082447528839111,-0.8114566802978516,-0.3082644045352936
429,-0.37191760540008545,-0.011137053370475769,1.0064725875854492
430,-0.8211187124252319,-0.6385200023651123,-0.16981665790081024
431,-0.7066037654876709,-0.4781107008457184,-0.05976126715540886
432,-0.7486587762832642,-0.5443078279495239,0.00829203613102436
433,-1.004380702972412,-0.7291409969329834,-0.25134560465812683
434,-0.5373525619506836,0.021960042417049408,2.2290918827056885
435,-1.0169646739959717,-0.801008403301239,-0.3815990686416626
436,-1.0079082250595093,-0.8047305345535278,-0.3506568968296051
437,-0.514590322971344,0.06329420208930969,2.0632131099700928
438,-0.8687962293624878,-0.8277571201324463,-0.2905094027519226
439,-1.012853741645813,-0.6877217292785645,-0.2939548194408417
440,-0.963313639163971,-0.7622195482254028,-0.2682035267353058
441,-0.47011953592300415,-0.1582133173942566,0.9047002196311951
442,-1.004948377609253,-0.8180164694786072,-0.30032286047935486
443,-1.028774619102478,-0.826903223991394,-0.07743161916732788
444,-0.7510296702384949,-0.5787909626960754,-0.20145940780639648
445,-0.8176780343055725,-0.676325261592865,-0.2954784035682678
446,-0.7616817355155945,-0.5386836528778076,-0.18219415843486786
447,-0.7579910159111023,-0.5433837175369263,-0.12427201867103577
448,-0.8702923655509949,-0.6723957061767578,-0.2771100103855133
449,-0.8107975125312805,-0.707046627998352,-0.21893863379955292
450,-0.8110015988349915,-0.6806623339653015,-0.29722511768341064
451,-1.0137808322906494,-0.8478900790214539,-0.39872661232948303
452,-0.8722817897796631,-0.37523549795150757,-0.0981397032737732
453,-0.9907381534576416,-0.8741366863250732,-0.35370054841041565
454,-0.8997441530227661,-0.6912783980369568,-0.28264203667640686
455,-1.0207200050354004,-0.8418443202972412,-0.27727067470550537
456,-0.9835638999938965,-0.8199952840805054,-0.21175169944763184
457,-1.0603941679000854,-0.8036445379257202,-0.28199076652526855
458,-1.015105128288269,-0.808407187461853,-0.13614360988140106
459,-0.7956580519676208,-0.4688568115234375,-0.09682413935661316
460,-1.0136394500732422,-0.7797121405601501,-0.2653023898601532
461,-0.8338468074798584,-0.7170589566230774,-0.3802703619003296
462,-0.9315617680549622,-0.6961783766746521,-0.38547855615615845
463,-0.8289684653282166,-0.4385383725166321,0.011854903772473335
464,-0.8390078544616699,-0.6567396521568298,-0.30148160457611084
465,-0.8424007296562195,-0.6406273245811462,-0.3281843364238739
466,-1.0707944631576538,-0.9011523723602295,-0.3898622989654541
467,-0.8219910264015198,-0.6642739772796631,-0.33306869864463806
468,-0.8724682331085205,-0.6890096068382263,-0.3614824414253235
469,-1.0155580043792725,-0.9439430832862854,-0.4619988203048706
470,-0.664363443851471,-0.3578111231327057,0.017552698031067848
471,-1.0607935190200806,-0.9794124960899353,-0.46671268343925476
472,-0.9293119311332703,-0.8009549379348755,-0.36841338872909546
473,-1.0269538164138794,-0.9732458591461182,-0.47681617736816406
474,-0.7744446396827698,-0.4392133057117462,-0.033151235431432724
475,-1.027343988418579,-0.9505496621131897,-0.3578748404979706
476,-1.0386165380477905,-0.9610370993614197,-0.45628446340560913
477,-0.9979358911514282,-0.9241202473640442,-0.4187387228012085
478,-0.8541080355644226,-0.7001540660858154,-0.14281333982944489
479,-1.0157405138015747,-0.9727941155433655,-0.47817933559417725
480,-0.6212131381034851,-0.37383678555488586,-0.0214474368840456
481,-0.4059840142726898,-0.1252007782459259,0.4925674796104431
482,-0.5778093934059143,-0.30989405512809753,-0.02113344706594944
483,-0.5708408951759338,-0.3183578550815582,-0.012718006037175655
484,-0.6800073981285095,-0.5263750553131104,-0.01289970800280571
485,-0.5784896612167358,-0.33183133602142334,0.003183092689141631
486,-0.5827658176422119,-0.3538394272327423,-0.041613638401031494
487,-0.39142826199531555,-0.05549218878149986,0.30370545387268066
488,-0.8030908703804016,-0.6814745664596558,-0.24998807907104492
489,-0.8085564970970154,-0.6926304697990417,-0.24667558073997498
490,-0.3976173996925354,-0.15456834435462952,0.5006283521652222
491,-0.7964937686920166,-0.6591498851776123,-0.2359188348054886
492,-0.7368046045303345,-0.6597012281417847,-0.24028322100639343
493,-0.8278226852416992,-0.5398117899894714,-0.19333629310131073
494,-0.574483335018158,-0.36491692066192627,0.19310982525348663
495,-0.8050650954246521,-0.6550960540771484,-0.24000178277492523
496,-0.6618354320526123,-0.4503018260002136,-0.004606644157320261
497,-0.5752735137939453,-0.35775190591812134,-0.019099410623311996
498,-0.5580588579177856,-0.3140025734901428,-0.028192704543471336
499,-0.725233256816864,-0.4463273882865906,-0.19065846502780914
500,-0.5841553807258606,-0.3149387538433075,-0.04296227544546127
501,-0.6668885350227356,-0.3537904620170593,-0.06642276793718338
502,-0.9536073207855225,-0.798058032989502,-0.2661137580871582
503,-0.6800141930580139,-0.4354517459869385,-0.027066657319664955
504,-0.7907896041870117,-0.5928352475166321,-0.22101841866970062
505,-0.7278410792350769,-0.47348225116729736,-0.1958152949810028
506,-0.9007577896118164,-0.7553896903991699,-0.32211554050445557
507,-0.8350710272789001,-0.5974743366241455,-0.21858260035514832
508,-0.7753612995147705,-0.5677094459533691,-0.19275766611099243
509,-0.9642395377159119,-0.8208876848220825,-0.25467875599861145
510,-0.6857495307922363,-0.46954458951950073,0.002523167058825493
511,-0.9483218789100647,-0.8827710151672363,-0.25409841537475586
512,-0.2703123688697815,0.18734534084796906,0.5087687373161316
513,-0.381055623292923,-0.09076523780822754,0.3359282314777374
514,-0.4475083649158478,-0.14964208006858826,0.4031250774860382
515,-0.5705974698066711,-0.35920894145965576,0.20721764862537384
516,-0.6932003498077393,-0.48123887181282043,-0.1459907442331314
517,0.018240170553326607,0.5657033920288086,0.7904366254806519
518,-0.6960526704788208,-0.42806482315063477,0.014124931767582893
519,-0.5936209559440613,-0.38735395669937134,0.291106253862381
520,-0.5547364354133606,-0.27081042528152466,-0.00928429700434208
521,0.008326109498739243,0.5901185870170593,0.8005241751670837
522,-0.610680878162384,-0.41359251737594604,0.022693397477269173
523,-0.7806605696678162,-0.5236364603042603,-0.010996716096997261
524,-0.6835209727287292,-0.47066065669059753,-0.17710113525390625
525,0.002450004918500781,0.45958104729652405,0.6521554589271545
526,-0.5601083636283875,-0.3600360155105591,-0.03511720523238182
527,-0.5246691703796387,-0.28269171714782715,0.005704622250050306
528,-0.6488408446311951,-0.5022598505020142,-0.05589282140135765
529,-0.5455291867256165,-0.34480276703834534,-0.013986848294734955
530,-0.5657476186752319,-0.34133195877075195,-0.0340535007417202
531,-0.7895889282226562,-0.5980563759803772,-0.22133950889110565
532,-0.25329697132110596,0.1794157773256302,0.36090707778930664
533,-0.787621259689331,-0.6824426054954529,-0.17732396721839905
534,-0.5940351486206055,-0.42642855644226074,-0.03696182370185852
535,-0.7549728751182556,-0.5833039283752441,-0.21932196617126465
536,-0.2814632058143616,0.0870860368013382,0.4023210108280182
537,-0.7662387490272522,-0.589228630065918,-0.18068116903305054
538,-0.7486084699630737,-0.6047505140304565,-0.08722970634698868
539,-0.7694554924964905,-0.46933695673942566,-0.20018932223320007
540,-0.40239831805229187,-0.0013950993306934834,0.2270323634147644
541,-0.7627397179603577,-0.6405373215675354,-0.2436482012271881
542,-0.601182758808136,-0.3594729006290436,-0.044483862817287445
543,-0.5507922172546387,-0.29285138845443726,-0.019192365929484367
544,-0.55307936668396,-0.3057103455066681,-0.022142263129353523
545,-0.7597513794898987,-0.584455132484436,-0.226847305893898
546,-0.31977513432502747,-0.01264628954231739,0.37823429703712463
547,-0.7739051580429077,-0.662899911403656,-0.2050650417804718
548,-0.5855599641799927,-0.38096803426742554,-0.030133338645100594
549,-0.7478985786437988,-0.5641432404518127,-0.22338318824768066
550,-0.3992435038089752,-0.08830736577510834,0.3933776617050171
551,-0.7640891075134277,-0.5399901866912842,-0.22698479890823364
552,-0.7200325131416321,-0.5716168284416199,-0.08741267025470734
553,-0.774055004119873,-0.5458028316497803,-0.2232784777879715
554,-0.4410395324230194,-0.1690337210893631,0.044039901345968246
555,-0.7770804762840271,-0.5676630139350891,-0.2257300615310669
556,-0.6863733530044556,-0.5334341526031494,-0.20748621225357056
557,-0.7465731501579285,-0.547250509262085,-0.2169318050146103
558,-0.9587008357048035,-0.7775201201438904,-0.165227010846138
559,-0.7029733061790466,-0.4999236762523651,-0.11179657280445099
560,-0.9427155256271362,-0.8314935564994812,-0.30106207728385925
561,-0.7524024844169617,-0.5810763835906982,-0.23462757468223572
562,-0.8979467749595642,-0.8042311072349548,-0.2596832811832428
563,-0.9475988149642944,-0.8711444139480591,-0.2890840172767639
564,-0.8100597858428955,-0.6731059551239014,-0.26487210392951965
565,-0.98321533203125,-0.8105062246322632,-0.3736899793148041
566,-0.7423601746559143,-0.5673080682754517,-0.041787661612033844
567,-0.9014676809310913,-0.8391948342323303,-0.21800801157951355
568,-0.5770247578620911,-0.38439425826072693,-0.03935852274298668
569,-0.8584843873977661,-0.7210115790367126,-0.23952049016952515
570,-0.4585118293762207,-0.14475710690021515,0.1262912154197693
571,-0.7852340936660767,-0.6581141352653503,-0.23456819355487823
572,-0.672504723072052,-0.48876431584358215,-0.13191057741641998
573,-0.7709985971450806,-0.603717029094696,-0.23037420213222504
574,-0.5452714562416077,-0.2296949177980423,0.2655949890613556
575,-0.7516297101974487,-0.5663291811943054,-0.23593448102474213
576,-0.7962276935577393,-0.628002941608429,-0.23804563283920288
577,-0.8746070265769958,-0.7112435102462769,-0.21259380877017975
578,-0.5925636291503906,-0.343046635389328,0.1988718956708908
579,-0.7967267632484436,-0.6493049263954163,-0.2429858148097992
580,-0.8972493410110474,-0.800746500492096,-0.2859339714050293
581,-0.5760711431503296,-0.29762551188468933,-0.06759878247976303
582,-0.7930126786231995,-0.6524026393890381,-0.24734176695346832
583,-0.720380961894989,-0.5276939868927002,-0.1917622685432434
584,-0.8239318132400513,-0.686903178691864,-0.24339830875396729
585,-0.6027780175209045,-0.38235828280448914,-0.02595020830631256
586,-0.7666980624198914,-0.5871147513389587,-0.22169533371925354
587,-0.7463582158088684,-0.5926499366760254,-0.22687719762325287
588,-0.9311262369155884,-0.8127844929695129,-0.3014991879463196
589,-0.60916668176651,-0.42555952072143555,-0.0042926170863211155
590,-0.818117082118988,-0.7791050672531128,-0.24671955406665802
591,-0.7804248332977295,-0.4882974922657013,-0.15036845207214355
592,-1.0301289558410645,-0.9708030223846436,-0.49394792318344116
593,-1.0422405004501343,-0.9953754544258118,-0.4971568286418915
594,-1.0324424505233765,-0.9625306129455566,-0.478055864572525
595,-0.8342465162277222,-0.517777681350708,-0.20290426909923553
596,-1.0384565591812134,-0.9983004331588745,-0.5022698640823364
597,-1.0555062294006348,-0.9440057873725891,-0.4773036241531372
598,-1.0280606746673584,-0.9912488460540771,-0.47786062955856323
599,-0.8711367845535278,-0.7292174696922302,-0.2736767828464508
600,-1.0164507627487183,-0.9482575058937073,-0.4775193929672241
601,-0.7038754224777222,-0.38336673378944397,-0.07351333647966385
602,-0.598923921585083,-0.4028712511062622,0.49971893429756165
603,-0.6016020178794861,-0.3585857152938843,-0.07929866015911102
604,0.011010962538421154,0.5312897562980652,0.7356118559837341
605,-0.5775152444839478,-0.36160731315612793,0.29039809107780457
606,-0.7069833874702454,-0.47084110975265503,-0.0752512663602829
607,-0.6373565793037415,-0.4462840259075165,-0.006533410400152206
608,0.022823136299848557,0.5038571357727051,0.6514573693275452
609,-0.6026372313499451,-0.3203343451023102,-0.06590785831212997
610,-1.056598424911499,-0.8997244238853455,-0.4267088770866394
611,-1.0285658836364746,-0.9614086747169495,-0.4968164265155792
612,-0.7521780729293823,-0.6085343360900879,0.01213637925684452
613,-1.0607836246490479,-0.9678835272789001,-0.48124608397483826
614,-1.0534499883651733,-0.9932772517204285,-0.49685952067375183
615,-1.031219244003296,-0.95270174741745,-0.47316277027130127
616,-0.8590223789215088,-0.7661346197128296,0.14071746170520782
617,-1.0208595991134644,-0.9652997851371765,-0.4968164265155792
618,-0.8951563239097595,-0.7803171277046204,-0.3474186658859253
619,-0.6058416962623596,-0.40596476197242737,0.0758267492055893
620,-0.9015781879425049,-0.8093473315238953,-0.31012609601020813
621,-0.8436986804008484,-0.7106257677078247,-0.2869025766849518
622,-0.9176904559135437,-0.7768481969833374,-0.22794565558433533
623,-0.6358301639556885,-0.4531421363353729,-0.04383698105812073
624,-0.9384821057319641,-0.8276911973953247,-0.3531201481819153
625,-0.7388315796852112,-0.4431948661804199,-0.15915299952030182
626,-1.0398887395858765,-0.9789283275604248,-0.480915904045105
627,-1.011330485343933,-0.9638180136680603,-0.4968164265155792
628,-1.028054118156433,-0.9597706198692322,-0.46374544501304626
629,-0.8544323444366455,-0.7302514314651489,-0.2878558337688446
630,-1.0223288536071777,-0.9786409139633179,-0.49770912528038025
631,-0.7137970924377441,-0.49808409810066223,0.06049475073814392
632,-0.7518142461776733,-0.5117202997207642,-0.17487357556819916
633,0.003685097210109234,0.477627694606781,0.672024130821228
634,-0.7129509449005127,-0.5313487648963928,-0.16376157104969025
635,-1.1209036111831665,-0.9850711822509766,-0.49356186389923096
636,-0.8434510827064514,-0.715326726436615,0.3381017744541168
637,-1.0221312046051025,-0.960312008857727,-0.4776240289211273
638,-1.0267318487167358,-0.8668527603149414,-0.44787144660949707
639,-0.858492374420166,-0.6124817132949829,-0.20048218965530396
640,-1.0006060600280762,-0.8641855716705322,-0.452685683965683
641,-0.908211350440979,-0.6444576382637024,-0.2359662652015686
642,-1.0193787813186646,-0.9686275720596313,-0.47831737995147705
643,-0.8595288991928101,-0.7177186012268066,-0.24700435996055603
644,-0.11681602150201797,0.28373703360557556,0.3755965232849121
645,-0.2151188850402832,0.2986094057559967,0.4304572641849518
646,-0.059810832142829895,0.4500119090080261,0.7448206543922424
647,-0.5340175032615662,-0.23900337517261505,0.36010730266571045
648,-0.5448942184448242,-0.32624319195747375,0.31283101439476013
649,-0.19673876464366913,0.2060508280992508,0.37303388118743896
650,-0.49053096771240234,-0.17045344412326813,0.3725612163543701
651,-0.049736388027668,0.41791415214538574,0.6522063612937927
652,-0.5507335662841797,-0.31840434670448303,0.030406104400753975
653,-0.06939637660980225,0.4005315899848938,0.5378340482711792
654,-0.5752543210983276,-0.403676837682724,0.11599292606115341
655,-0.38013219833374023,-0.1688094586133957,0.21469636261463165
656,-0.5992951393127441,-0.4492732882499695,0.005300775170326233
657,-0.5993160009384155,-0.41862213611602783,0.10025368630886078
658,-0.4889105260372162,-0.1386764943599701,0.46026527881622314
659,-0.6345354914665222,-0.5168378949165344,-0.04354909434914589
660,-0.09160847961902618,0.5015038251876831,0.6964365243911743
661,-0.4272075891494751,-0.11085347086191177,0.15481862425804138
662,-0.4683019518852234,-0.17297135293483734,0.29209908843040466
663,-0.6374571323394775,-0.49304676055908203,0.02514854073524475
664,-0.5178602337837219,-0.29408663511276245,0.23686793446540833
665,-0.5765407085418701,-0.4086616039276123,0.1181412860751152
666,-0.5422381162643433,-0.1988038271665573,0.06623450666666031
667,-0.08661450445652008,0.46694400906562805,0.7210891246795654
668,-0.6381258368492126,-0.4565223157405853,-0.0380341038107872
669,-0.5619820356369019,-0.3938799500465393,0.14650237560272217
670,-0.5375470519065857,-0.25538405776023865,0.06659221649169922
671,-0.09593354165554047,0.4809960722923279,0.6761873960494995
672,-0.5723504424095154,-0.33799782395362854,0.0985942855477333
673,-0.691195547580719,-0.5113842487335205,-0.05638901889324188
674,-0.5046359896659851,-0.09210237860679626,0.19326616823673248
675,-0.1125548928976059,0.3529273271560669,0.5120790600776672
676,-0.553994357585907,-0.25860482454299927,0.016593320295214653
677,-0.09225694835186005,0.32771164178848267,0.4602605402469635
678,-0.22047734260559082,0.2973982095718384,0.4197200834751129
679,0.018240170553326607,0.6548858284950256,0.9528933763504028
680,0.023523688316345215,0.6325054168701172,0.7193427085876465
681,-0.5536676049232483,-0.3702174425125122,0.15405327081680298
682,-0.9674438834190369,-0.8927927017211914,-0.3257775902748108
683,-0.3045256435871124,-0.009840435348451138,0.22220318019390106
684,-0.5457145571708679,-0.136090949177742,0.25945210456848145
685,0.00497645465657115,0.5506064295768738,0.6464433670043945
686,-1.1082899570465088,-1.0897576808929443,-0.477475643157959
687,0.011671885848045349,0.809474527835846,0.9349217414855957
688,0.009853921830654144,0.6306408643722534,0.7400171160697937
689,-0.5766838788986206,-0.38113418221473694,-0.01726876199245453
690,-0.795669674873352,-0.6996132731437683,-0.23488527536392212
691,-0.972877025604248,-0.9238387942314148,-0.3270685374736786
692,-1.0643171072006226,-0.968670666217804,-0.4477774500846863
693,-0.5857304930686951,-0.38795116543769836,0.06156732887029648
694,-0.6139437556266785,-0.4182353615760803,0.002884825225919485
695,0.008326109498739243,0.5681584477424622,0.7253347039222717
696,-0.4950734078884125,-0.2859204411506653,0.006456339731812477
697,-0.5411668419837952,-0.3153861165046692,-0.006653788965195417
698,-0.7916476726531982,-0.6908945441246033,-0.23052340745925903
699,-0.5775887966156006,-0.38651350140571594,-0.041876714676618576
700,-0.5844888091087341,-0.39249852299690247,-0.042231686413288116
701,-1.173150658607483,-1.1547033786773682,-0.5068178772926331
702,0.009853921830654144,0.5261831283569336,0.6942933201789856
703,-1.0867975950241089,-1.0596601963043213,-0.4510728418827057
704,-0.7712604403495789,-0.6705523729324341,-0.22892005741596222
705,-1.1174321174621582,-1.121409296989441,-0.48185160756111145
706,0.023523688316345215,0.5905928611755371,0.7963107824325562
707,-1.0750066041946411,-0.9623663425445557,-0.4586575925350189
708,-1.0264272689819336,-0.9941911101341248,-0.4035162329673767
709,-1.1117197275161743,-1.1257450580596924,-0.44836345314979553
710,0.00292180385440588,0.5188676118850708,0.534691333770752
711,-1.0984646081924438,-1.0850213766098022,-0.4795253574848175
712,-0.11963126808404922,0.382491797208786,0.4706403911113739
713,-0.11132927238941193,0.23293638229370117,0.4298836886882782
714,-0.06295832246541977,0.3357270061969757,0.47682985663414
715,-0.38816359639167786,0.08071406930685043,0.38068708777427673
716,-0.44889718294143677,-0.02511630393564701,0.27307236194610596
717,-0.13432830572128296,0.3422420024871826,0.4397118091583252
718,-0.37810221314430237,-0.0009957017609849572,0.3138158917427063
719,-0.0789828896522522,0.3016776442527771,0.46974626183509827
720,-0.5890170335769653,-0.16999781131744385,0.10361640155315399
721,-0.0890517458319664,0.2867864966392517,0.45394062995910645
722,-0.07502657175064087,0.29532256722450256,0.4368244707584381
723,-0.41108831763267517,-0.005168610252439976,0.34466272592544556
724,-0.32304295897483826,-0.07486329972743988,0.1599774807691574
725,-0.2580570876598358,0.08194524794816971,0.3471834361553192
726,-0.4942607283592224,-0.10001648962497711,0.19435110688209534
727,-0.5672876834869385,-0.17755217850208282,0.09488733112812042
728,-0.2517605721950531,0.32619747519493103,0.4197971224784851
729,-0.43114766478538513,-0.034771084785461426,0.09354957193136215
730,-0.08743823319673538,0.3041233420372009,0.4554908871650696
731,-0.19609108567237854,0.2903502881526947,0.45772379636764526
732,-0.28034865856170654,0.2304067611694336,0.4449411630630493
733,-0.5574747323989868,-0.16366355121135712,0.1476566344499588
734,-0.3459368050098419,0.22153329849243164,0.3509843051433563
735,-0.42154809832572937,-0.04453151300549507,0.26056692004203796
736,-0.5294874906539917,-0.23234260082244873,0.0711430087685585
737,-0.07953217625617981,0.31251004338264465,0.46103039383888245
738,-0.6141392588615417,-0.18514160811901093,0.017760325223207474
739,-0.4464709758758545,0.03015276789665222,0.24579620361328125
740,-0.5772009491920471,-0.18756671249866486,0.12578167021274567
741,-0.10058845579624176,0.19397534430027008,0.4248749911785126
742,-0.5384156703948975,-0.11865129321813583,0.12227606028318405
743,-0.7008614540100098,-0.25631025433540344,0.10889123380184174
744,-0.5382948517799377,-0.23412790894508362,0.14331306517124176
745,-0.08251254260540009,0.3659912943840027,0.4682982563972473
746,-0.5829597115516663,-0.2544476389884949,0.10072646290063858
747,-0.10527413338422775,0.3387308418750763,0.4837014377117157
748,-0.08251254260540009,0.34540295600891113,0.45470818877220154
749,-0.6035918593406677,-0.3787723481655121,-0.011972673237323761
750,-0.918496310710907,-0.8379777073860168,-0.35026097297668457
751,-0.25455281138420105,0.03651575744152069,0.2631879448890686
752,-0.5916669368743896,-0.2368970811367035,0.1841282993555069
753,-0.06295832246541977,0.3113454282283783,0.5120427012443542
754,-1.0858469009399414,-1.053650140762329,-0.4800001084804535
755,-0.08755961805582047,0.4605884552001953,0.5194537043571472
756,-0.07966844737529755,0.2985144257545471,0.45633092522621155
757,-0.5924784541130066,-0.3772430121898651,-0.03719836473464966
758,-0.863145112991333,-0.6460998058319092,-0.18206478655338287
759,-0.9598066210746765,-0.8767402172088623,-0.3399225175380707
760,-1.0568535327911377,-0.9711008071899414,-0.4742547273635864
761,-0.6242416501045227,-0.42960140109062195,0.04150738567113876
762,-0.6151368021965027,-0.3951079547405243,-0.06519743800163269
763,-0.102862149477005,0.17260640859603882,0.43639135360717773
764,-0.518856406211853,-0.24981984496116638,0.05567396432161331
765,-0.5460662245750427,-0.31465673446655273,-0.007267433684319258
766,-0.7245504856109619,-0.6133794188499451,-0.17174749076366425
767,-0.5930620431900024,-0.31744059920310974,-0.0336167998611927
768,-0.6045889258384705,-0.4285414218902588,-0.08966883271932602
769,-1.1328309774398804,-1.13097083568573,-0.4852646589279175
770,-0.06168004125356674,0.2988918423652649,0.5254522562026978
771,-1.0760109424591064,-0.9925304055213928,-0.4742547273635864
772,-0.6971763968467712,-0.5070688128471375,-0.16611310839653015
773,-1.0973211526870728,-1.0911312103271484,-0.43166738748550415
774,-0.06502033025026321,0.20166325569152832,0.610342800617218
775,-1.0916907787322998,-0.9174584150314331,-0.4726535677909851
776,-1.0210717916488647,-0.9855543375015259,-0.42096269130706787
777,-1.0980135202407837,-1.0379765033721924,-0.395073264837265
778,-0.08069871366024017,0.31700703501701355,0.48459017276763916
779,-1.0883127450942993,-1.0542426109313965,-0.4844648540019989
780,-0.06929917633533478,0.3876476287841797,0.5260483622550964
781,-0.11008809506893158,0.3814050853252411,0.49227848649024963
782,-0.5005233883857727,-0.012763846665620804,0.3340703845024109
783,-0.5367711186408997,-0.10091002285480499,0.08411367237567902
784,-0.20693737268447876,0.19918175041675568,0.3503122925758362
785,-0.5167135000228882,-0.006691131740808487,0.3649241030216217
786,-0.09331569075584412,0.43951812386512756,0.5170193910598755
787,-0.5466582775115967,-0.1083538606762886,0.1739301234483719
788,-0.11758635938167572,0.4211985766887665,0.5528178811073303
789,-0.05707341805100441,0.4013732969760895,0.5111510157585144
790,-0.5599793195724487,-0.3332178294658661,0.10834981501102448
791,-0.37843695282936096,0.0004529609577730298,1.005260944366455
792,-0.3604455292224884,0.19762207567691803,0.811456024646759
793,-0.5750784873962402,-0.31288060545921326,0.07234130054712296
794,-0.557220995426178,-0.1754627823829651,0.016265004873275757
795,-0.46845778822898865,-0.05481463670730591,0.2927817106246948
796,-0.612804651260376,-0.43721044063568115,0.005620796699076891
797,-0.06165878474712372,0.3865191638469696,0.5108016729354858
798,-0.47887754440307617,-0.09233444184064865,0.3996141254901886
799,-0.4570675492286682,-0.058750201016664505,0.18225741386413574
800,-0.6436029672622681,-0.4322780966758728,0.13338401913642883
801,-0.5265474319458008,-0.2025383859872818,0.042439915239810944
802,-0.5577559471130371,-0.27208206057548523,0.10655161738395691
803,-0.5171701312065125,0.11957491189241409,0.9046486616134644
804,-0.0687340497970581,0.39740628004074097,0.5207820534706116
805,-0.6028554439544678,-0.27713894844055176,0.39389970898628235
806,-0.5554406642913818,-0.26011908054351807,0.11302004754543304
807,-0.49047836661338806,0.07160259783267975,0.08807932585477829
808,-0.06165878474712372,0.3885861337184906,0.5471609234809875
809,-0.5323620438575745,-0.05886353179812431,0.06533356755971909
810,-0.6299591660499573,-0.32591569423675537,0.11903540045022964
811,-0.5079860687255859,0.11165903508663177,0.3454175889492035
812,-0.13596734404563904,0.4372982978820801,0.47921422123908997
813,-0.5274748206138611,-0.020083392038941383,0.06196493282914162
814,0.008326109498739243,0.5531244874000549,0.6795334219932556
815,0.005967713426798582,0.5923091769218445,0.684938371181488
816,-0.5567964315414429,-0.2802583873271942,0.1635035276412964
817,-0.9458749294281006,-0.797264814376831,-0.26990267634391785
818,-0.36999601125717163,-0.008906766772270203,0.23055709898471832
819,-0.5268698930740356,-0.09443134069442749,0.7104400396347046
820,0.023523688316345215,0.588431715965271,0.6587833166122437
821,-1.0947141647338867,-1.0261852741241455,-0.38481268286705017
822,0.005967713426798582,0.4981226623058319,0.6558294892311096
823,-0.5604062080383301,-0.35922449827194214,-0.013747056946158409
824,-0.7881798148155212,-0.6367658972740173,-0.0030266642570495605
825,-0.9692272543907166,-0.9439558386802673,-0.2880704402923584
826,-1.0578612089157104,-0.949596107006073,-0.37156450748443604
827,-0.5759905576705933,-0.317766010761261,0.02952411025762558
828,0.023523688316345215,0.48480507731437683,0.6875306367874146
829,-0.5113142132759094,-0.2518586218357086,-0.01326796319335699
830,-0.5276618599891663,-0.31215232610702515,-0.010290011763572693
831,-0.7653384208679199,-0.5977349877357483,-0.12646116316318512
832,-0.5595913529396057,-0.34650442004203796,-0.04330482706427574
833,-0.5678747296333313,-0.3923164904117584,-0.05546592175960541
834,-1.1782697439193726,-1.1461482048034668,-0.36627230048179626
835,0.008326109498739243,0.5978595614433289,0.6347530484199524
836,-1.0685311555862427,-1.0351436138153076,-0.3923121988773346
837,-0.7484685778617859,-0.6127774119377136,-0.17071621119976044
838,-1.1347076892852783,-1.1173176765441895,-0.47883257269859314
839,0.006046593654900789,0.4400123953819275,0.6505463123321533
840,-1.061630129814148,-0.9061269760131836,-0.38870447874069214
841,-1.0373756885528564,-0.983506441116333,-0.3314498960971832
842,-1.1018332242965698,-1.0861990451812744,-0.3197717070579529
843,-0.0013165174750611186,0.5021818280220032,0.5625991225242615
844,-1.1013473272323608,-1.035229206085205,-0.38318800926208496
845,0.011671885848045349,0.6590133905410767,0.8080735802650452
846,-0.06484999507665634,0.23539578914642334,0.7703232169151306
847,-0.42555469274520874,0.0063224551267921925,0.37552717328071594
848,-0.44710344076156616,-0.20959550142288208,0.6527882218360901
849,-0.1323869675397873,0.2840103805065155,0.9235451221466064
850,-0.3464218080043793,0.01720091886818409,0.5955848693847656
851,-0.8106900453567505,-0.6065075993537903,0.5575513243675232
852,-0.30985027551651,0.005352345760911703,0.8034132122993469
853,-0.41034772992134094,-0.07485293596982956,0.9101741909980774
854,-0.7027652263641357,-0.47706907987594604,0.6933251023292542
855,0.023523688316345215,0.6898735761642456,0.7793757319450378
856,-0.25229859352111816,0.05287535488605499,0.48197856545448303
857,-0.36184296011924744,-0.027792882174253464,0.05487858131527901
858,-0.4946763515472412,-0.27836307883262634,0.004299338907003403
859,-0.5947821140289307,-0.41432738304138184,-0.06444431841373444
860,-0.6170629262924194,-0.4324006736278534,-0.06835845112800598
861,-0.28842127323150635,0.04299194738268852,0.4748671054840088
862,-0.5126200318336487,-0.2885792553424835,0.2700200378894806
863,-0.021453343331813812,0.3667908310890198,0.6119198203086853
864,-0.39061614871025085,0.004741433542221785,0.4132891595363617
865,0.009528296068310738,0.6039393544197083,0.6907778978347778
866,-0.551375150680542,-0.38354364037513733,0.016665080562233925
867,0.011671885848045349,0.6986314654350281,0.7491681575775146
868,-0.5014340281486511,-0.31625595688819885,0.28575995564460754
869,-0.4330523610115051,0.03600312024354935,0.2179088592529297
870,-0.2025703638792038,0.11756440252065659,0.3934713900089264
871,-0.6272414326667786,-0.4457085430622101,0.15409986674785614
872,-0.6192634105682373,-0.4248385429382324,0.16386482119560242
873,-0.18871423602104187,0.2263152301311493,0.5940794348716736
874,-0.7293124794960022,-0.5109965205192566,0.37149012088775635
875,0.018240170553326607,0.717341423034668,0.7580919861793518
876,-0.13139085471630096,0.2609499394893646,0.6446517705917358
877,-0.33099448680877686,0.019088122993707657,0.534803032875061
878,-0.7934004664421082,-0.6825331449508667,0.13921009004116058
879,-0.3202003836631775,-0.09581311792135239,0.33656859397888184
880,-0.5875132083892822,-0.37656667828559875,0.3178630471229553
881,-0.3798809051513672,-0.10147296637296677,0.13491258025169373
882,0.008326109498739243,0.6524407267570496,0.7650579810142517
883,-0.7359668016433716,-0.514173686504364,0.03239886835217476
884,-0.5623007416725159,-0.2982933819293976,0.24672073125839233
885,-0.4050659239292145,-0.11419042199850082,0.09836900234222412
886,0.018240170553326607,0.7475829124450684,0.783144474029541
887,-0.5213531255722046,-0.322642982006073,0.11595305055379868
888,-0.7844018936157227,-0.6388688087463379,0.08301221579313278
889,-0.3844350576400757,-0.12374693900346756,0.15136964619159698
890,0.00712475273758173,0.6095115542411804,0.6789401769638062
891,-0.4400375187397003,-0.25193262100219727,0.07619383186101913
892,-0.5334614515304565,-0.3721577823162079,0.5399913787841797
893,-0.9468430280685425,-0.8258346915245056,-0.33351874351501465
894,-0.2675219178199768,0.005916084162890911,0.32953551411628723
895,-0.544681191444397,-0.11805829405784607,0.5382371544837952
896,0.015514621511101723,0.6007420420646667,0.630287230014801
897,-1.1048283576965332,-1.0905280113220215,-0.506493091583252
898,0.011010962538421154,0.838118851184845,0.9307397603988647
899,0.023523688316345215,0.7042399644851685,0.7735257744789124
900,-0.6007435917854309,-0.41068732738494873,-0.037697311490774155
901,-0.8511823415756226,-0.7265285849571228,-0.3110343813896179
902,-0.9817338585853577,-0.9356884956359863,-0.31487521529197693
903,-1.0633647441864014,-1.0601707696914673,-0.40421584248542786
904,-0.6294646859169006,-0.4254375398159027,0.1432337760925293
905,-0.7087413668632507,-0.4780183732509613,-0.042188066989183426
906,0.011671885848045349,0.6899938583374023,0.7572818398475647
907,-0.5144156813621521,-0.23719385266304016,0.00913824699819088
908,-0.5482449531555176,-0.32415029406547546,-0.004276239313185215
909,-0.7328008413314819,-0.6213255524635315,-0.15903134644031525
910,-0.5881919264793396,-0.4229862689971924,-0.04306333139538765
911,-0.6106074452400208,-0.4602883756160736,-0.08456122130155563
912,-1.1804662942886353,-1.1595505475997925,-0.48020970821380615
913,0.011010962538421154,0.5795759558677673,0.687128484249115
914,-1.0869972705841064,-1.0910060405731201,-0.46277084946632385
915,-0.7165573835372925,-0.5928744673728943,-0.1889961063861847
916,-1.1234911680221558,-1.1175473928451538,-0.4661265015602112
917,0.017247917130589485,0.6973795294761658,0.791802167892456
918,-1.0822439193725586,-1.0105230808258057,-0.461692750453949
919,-1.0460675954818726,-1.0089443922042847,-0.40266838669776917
920,-1.1146185398101807,-1.0976243019104004,-0.32897815108299255
921,0.005805615801364183,0.5380613207817078,0.5881922245025635
922,-1.1054465770721436,-1.092276930809021,-0.4820162057876587
923,-0.5702572464942932,-0.3568686842918396,0.08004949241876602
924,-0.5855901837348938,-0.369931161403656,0.027711572125554085
925,-0.7895563840866089,-0.6537508964538574,-0.23738442361354828
926,-0.5580459237098694,-0.38056960701942444,0.4394884407520294
927,-0.5788943767547607,-0.421953409910202,0.5789837837219238
928,-0.5753361582756042,-0.34196341037750244,-0.0048342132940888405
929,-0.7676948308944702,-0.47338324785232544,0.03825773298740387
930,-0.6312056183815002,-0.4984242022037506,-0.09694065153598785
931,-0.7497518062591553,-0.5902495980262756,0.0029187644831836224
932,-0.5647603273391724,-0.33991509675979614,0.046032149344682693
933,-0.5861350297927856,-0.3847745656967163,-0.020734654739499092
934,-0.5672036409378052,-0.3954167664051056,0.4912815988063812
935,-0.5473290085792542,-0.29192522168159485,0.006060782354325056
936,-0.5567023158073425,-0.3041270971298218,-0.013437122106552124
937,-0.6554164290428162,-0.4708114564418793,-0.11517074704170227
938,-0.5600689053535461,-0.32908114790916443,0.04543854668736458
939,-0.5768313407897949,-0.3571820557117462,-0.01936737447977066
940,-0.7816157341003418,-0.567163348197937,-0.20057491958141327
941,-0.5545378923416138,-0.3940730690956116,0.26062241196632385
942,-0.7376611232757568,-0.5603684782981873,-0.19719122350215912
943,-0.6253814101219177,-0.4518924355506897,-0.11316852271556854
944,-0.7852941155433655,-0.6478045582771301,-0.2432662397623062
945,-0.5729077458381653,-0.4042416512966156,0.40887120366096497
946,-0.7601154446601868,-0.6013291478157043,-0.14514003694057465
947,-0.6976627707481384,-0.5984737873077393,-0.0284081120043993
948,-0.7779170870780945,-0.5536730885505676,-0.24252131581306458
949,-0.5574123859405518,-0.40005987882614136,0.1023237407207489
950,-0.7826130390167236,-0.615405797958374,-0.2281741052865982
951,-2.0317862033843994,-0.8899180293083191,-0.2769022285938263
952,-0.5558543801307678,-0.2818984091281891,0.2752383351325989
953,-1.0981649160385132,-0.9814103245735168,-0.39565539360046387
954,-0.34010547399520874,0.13641533255577087,0.6186546683311462
955,-0.2509874105453491,0.1176643893122673,0.6047123670578003
956,-0.5509639978408813,-0.2741013765335083,-0.002909452421590686
957,-0.8294469714164734,-0.6451265811920166,-0.2340005785226822
958,-0.9131658673286438,-0.8154523372650146,-0.3104219138622284
959,-0.5846313238143921,-0.35127049684524536,0.01638382114470005
960,-0.6119343638420105,-0.3009359538555145,-0.06570648401975632
961,-0.5306300520896912,-0.27842462062835693,-0.003718629712238908
962,-0.7736781239509583,-0.5914154052734375,-0.22963057458400726
963,-0.7649795413017273,-0.6169492602348328,-0.25062188506126404
964,-1.0999019145965576,-1.0676381587982178,-0.505219578742981
965,-1.099421501159668,-1.0389094352722168,-0.4968770146369934
966,-0.3199177086353302,-0.04980883747339249,0.2665531635284424
967,-1.6777968406677246,-0.9218019247055054,-0.33023756742477417
968,-0.9031844139099121,-0.781994640827179,-0.3100490868091583
969,-1.087829828262329,-0.8626103401184082,0.04000690579414368
970,-0.9567916393280029,-0.8539474606513977,-0.2527693808078766
971,-0.9735820889472961,-0.8076280951499939,-0.3223385810852051
972,-0.9435154795646667,-0.8285728096961975,-0.3122127652168274
973,-0.8565280437469482,-0.709620475769043,-0.07136952877044678
974,-0.9574992656707764,-0.8087030649185181,-0.3185074031352997
975,-1.1058413982391357,-0.7579617500305176,0.06525083631277084
976,-0.9362627267837524,-0.7764360904693604,-0.3085373342037201
977,-0.7823988795280457,-0.6865991950035095,-0.31058284640312195
978,-1.1999733448028564,-0.874869704246521,-0.2711120545864105
979,-0.9459548592567444,-0.807547926902771,-0.28065812587738037
980,-0.9171800017356873,-0.7632728815078735,-0.3395799398422241
981,-0.9197548627853394,-0.7928759455680847,-0.20420828461647034
982,-0.964205265045166,-0.8292121291160583,-0.2963961958885193
983,-1.0611108541488647,-0.8875126838684082,-0.36614829301834106
984,-0.8247262835502625,-0.6675809025764465,-0.24420155584812164
985,-1.057129144668579,-0.7777440547943115,-0.32864052057266235
986,-1.0234794616699219,-0.8334487676620483,-0.31385019421577454
987,-1.1147615909576416,-0.7454575896263123,0.05032504349946976
988,-0.9681703448295593,-0.7405762672424316,-0.3244760036468506
989,-1.2990683317184448,-0.918915331363678,-0.32494112849235535
990,-1.308528184890747,-0.8983768820762634,-0.2817716896533966
991,-1.0515588521957397,-0.7739416360855103,-0.29393261671066284
992,-0.5827623009681702,-0.3976805508136749,-0.06120511144399643
993,-0.32822859287261963,0.11455681174993515,0.3733566403388977
994,-1.0803390741348267,-1.0381487607955933,-0.483583003282547
995,-0.4481326937675476,-0.06902991235256195,0.3902967870235443
996,-0.30765455961227417,0.015559027902781963,0.6491102576255798
997,-0.6007907390594482,-0.35496142506599426,-0.03140871971845627
998,-0.8344281911849976,-0.6953878402709961,-0.2360643595457077
999,-1.0994377136230469,-0.8140116930007935,-0.19679580628871918
1000,-1.1145504713058472,-1.0289661884307861,-0.4347907602787018
1001,-0.5959168672561646,-0.3844992518424988,-0.0774553045630455
1002,-0.7276591062545776,-0.5102149844169617,-0.19905787706375122
1003,-0.38377687335014343,-0.11140139400959015,0.7467166185379028
1004,-0.550800085067749,-0.27421653270721436,-0.029254067689180374
1005,-0.5394121408462524,-0.22115874290466309,-0.014835573732852936
1006,-0.7662818431854248,-0.6053145527839661,-0.25517743825912476
1007,-0.5894867777824402,-0.3959600031375885,-0.05648322403430939
1008,-0.7532128095626831,-0.5397230982780457,-0.2041158527135849
1009,-1.0704801082611084,-1.0544253587722778,-0.48502451181411743
1010,-0.3309052288532257,0.026547176763415337,0.5724887251853943
1011,-1.117890477180481,-1.0296416282653809,-0.4813113510608673
1012,-0.775970995426178,-0.5881037712097168,-0.2725658416748047
1013,-1.0746487379074097,-1.0401265621185303,-0.49764207005500793
1014,-0.3215261399745941,-0.0690932646393776,0.8610986471176147
1015,-1.1834062337875366,-1.0325332880020142,-0.47835773229599
1016,-1.132503628730774,-0.9146555662155151,-0.4189181625843048
1017,-1.071588397026062,-1.0076531171798706,-0.35825738310813904
1018,-0.5281590819358826,-0.3551727831363678,0.028152696788311005
1019,-1.0767998695373535,-1.0321338176727295,-0.47672200202941895
1020,-0.5371482372283936,-0.2880966365337372,0.0897502601146698
1021,-0.22984066605567932,0.11626115441322327,0.28275415301322937
1022,-0.5869147181510925,-0.35131075978279114,-0.026880215853452682
1023,-0.21793226897716522,0.07407303154468536,0.2943456768989563
1024,-0.20974630117416382,0.021786833181977272,0.3669268488883972
1025,-0.5876150727272034,-0.4096011519432068,-0.043328434228897095
1026,-0.42799296975135803,-0.05269080027937889,0.34143882989883423
1027,-0.46520763635635376,-0.33418595790863037,0.08642230927944183
1028,-0.5959010124206543,-0.43910306692123413,-0.030531438067555428
1029,-0.5936198234558105,-0.4210342466831207,-0.08510209619998932
1030,-0.5150042772293091,-0.18870975077152252,0.31007206439971924
1031,-0.6359047889709473,-0.48762208223342896,-0.044981662184000015
1032,-0.25229859352111816,0.05236932262778282,0.4697844386100769
1033,-0.4982624351978302,-0.19397303462028503,0.02519475296139717
1034,-0.528058648109436,-0.25018391013145447,0.019593646749854088
1035,-0.6318260431289673,-0.49897700548171997,-0.0736352875828743
1036,-0.5349299311637878,-0.2839091718196869,-0.013627327047288418
1037,-0.5789130330085754,-0.42190203070640564,-0.04580504819750786
1038,-0.5627912282943726,-0.3049038052558899,0.04715963453054428
1039,-0.21034394204616547,0.10989833623170853,0.5210784673690796
1040,-0.6390504240989685,-0.47916364669799805,-0.09849506616592407
1041,-0.5850428938865662,-0.41697657108306885,-0.05803082138299942
1042,-0.5348063111305237,-0.30473750829696655,0.0063643427565693855
1043,-0.573403000831604,-0.38063928484916687,-0.0916784256696701
1044,-0.6718867421150208,-0.5059531927108765,-0.0738665983080864
1045,-0.5594854354858398,-0.25430741906166077,0.14279772341251373
1046,-0.25784656405448914,0.020743459463119507,0.2543720006942749
1047,-0.5268037915229797,-0.27157899737358093,0.01693076267838478
1048,-0.556157112121582,-0.17819389700889587,0.16008435189723969
1049,-0.03214700520038605,0.5458623766899109,0.6374902129173279
1050,-1.0911333560943604,-1.0822529792785645,-0.44754913449287415
1051,-0.050899870693683624,0.5096133351325989,0.7064601182937622
1052,-0.02404795214533806,0.4036978483200073,0.7280545830726624
1053,-0.5597312450408936,-0.32489287853240967,0.004099155776202679
1054,-0.7805781960487366,-0.49640053510665894,-0.12561435997486115
1055,-0.9570639729499817,-0.9204107522964478,-0.28816497325897217
1056,-1.0551562309265137,-0.9416878819465637,-0.41860559582710266
1057,-0.5850974917411804,-0.3787612318992615,-0.020282668992877007
1058,-0.5972722768783569,-0.3350978493690491,-0.025439180433750153
1059,-0.022820942103862762,0.3498775064945221,0.747036874294281
1060,-0.497210294008255,-0.2622068226337433,-0.007146598305553198
1061,-0.5388331413269043,-0.2833651602268219,-0.0037437360733747482
1062,-0.791387140750885,-0.6809270977973938,-0.22824743390083313
1063,-0.5664838552474976,-0.37517818808555603,-0.053526122123003006
1064,-0.5799551606178284,-0.38446474075317383,-0.04752248898148537
1065,-1.1527832746505737,-1.1387063264846802,-0.5019012093544006
1066,-0.02404795214533806,0.3593399226665497,0.6875677108764648
1067,-1.082244873046875,-1.0162694454193115,-0.4648118019104004
1068,-0.7736324667930603,-0.6817254424095154,-0.22841843962669373
1069,-1.111077904701233,-1.1023703813552856,-0.47808629274368286
1070,-0.02227165549993515,0.3655199110507965,0.8440011143684387
1071,-1.0737615823745728,-0.9599342346191406,-0.45949554443359375
1072,-1.043937087059021,-0.9893549680709839,-0.3926900029182434
1073,-1.0984803438186646,-0.9528578519821167,-0.26573261618614197
1074,-0.05249239504337311,0.3447609543800354,0.4690167009830475
1075,-1.0913032293319702,-1.0522937774658203,-0.44321125745773315
1076,-0.5164309144020081,-0.27340784668922424,1.1878777742385864
1077,-0.7800332903862,-0.6219083070755005,-0.20672942698001862
1078,-0.5521823763847351,-0.2690374255180359,0.5492456555366516
1079,-0.7649139165878296,-0.5408133864402771,-0.17859527468681335
1080,-0.7573950886726379,-0.5918938517570496,-0.22314061224460602
1081,-0.7691150307655334,-0.6206846237182617,-0.23785459995269775
1082,-0.5425307154655457,-0.12517282366752625,0.29530584812164307
1083,-0.7857208251953125,-0.5616961121559143,-0.23388917744159698
1084,-0.5393631458282471,-0.19382460415363312,0.4528646767139435
1085,-0.7804291844367981,-0.6490668058395386,-0.24231085181236267
1086,-0.7771472930908203,-0.6189829707145691,-0.24500469863414764
1087,-0.5408980846405029,-0.14301417768001556,0.29344844818115234
1088,-0.827487051486969,-0.6509535312652588,-0.24627096951007843
1089,-0.800077497959137,-0.6386671662330627,-0.2472785860300064
1090,-0.7869059443473816,-0.5179035663604736,-0.2418789118528366
1091,-0.550582230091095,-0.20958903431892395,0.49620047211647034
1092,-0.7525641322135925,-0.6056497693061829,-0.22510771453380585
1093,-0.2787538170814514,0.292567640542984,0.5734702944755554
1094,-0.381600022315979,0.16057561337947845,0.3845101296901703
1095,-0.19637660682201385,0.2793888449668884,0.7672410607337952
1096,-0.5524559617042542,-0.24495115876197815,-0.027001364156603813
1097,-0.8231706619262695,-0.6732648015022278,-0.23987270891666412
1098,-0.9608694314956665,-0.7903590798377991,-0.27923402190208435
1099,-1.1006174087524414,-0.9629082679748535,-0.33891186118125916
1100,-0.5835712552070618,-0.34490740299224854,-0.0571887269616127
1101,-0.64375239610672,-0.3289036452770233,-0.11808064579963684
1102,-0.2888151705265045,0.10964322090148926,0.7169831991195679
1103,-0.5420799851417542,-0.26821163296699524,-0.017366264015436172
1104,-0.5231931209564209,-0.24427461624145508,-0.015307983383536339
1105,-0.761638879776001,-0.6114789247512817,-0.24494080245494843
1106,-0.5698227286338806,-0.34361812472343445,-0.04876871034502983
1107,-0.6469064354896545,-0.42942216992378235,-0.13671845197677612
1108,-1.1293423175811768,-1.0751525163650513,-0.4791313409805298
1109,-0.30679282546043396,0.2389170080423355,0.6693477630615234
1110,-1.1121193170547485,-1.016993522644043,-0.47800344228744507
1111,-0.7643407583236694,-0.6199061274528503,-0.25456005334854126
1112,-1.0722986459732056,-0.9138742685317993,-0.39652156829833984
1113,-0.4087205231189728,-0.07842355966567993,0.20867490768432617
1114,-1.0850943326950073,-1.0203076601028442,-0.38343584537506104
1115,-0.4815250039100647,-0.009371032007038593,0.24462822079658508
1116,0.023523688316345215,0.6023963689804077,0.6512762308120728
1117,0.005805615801364183,0.5896143913269043,0.664760947227478
1118,-0.3288889229297638,-0.04953542724251747,0.46498605608940125
1119,-0.24782826006412506,0.11615430563688278,0.33167779445648193
1120,-0.17587809264659882,0.3343626856803894,0.5671541094779968
1121,-0.4476781189441681,-0.09659320116043091,0.31634384393692017
1122,-0.42762309312820435,-0.08487316220998764,0.20579269528388977
1123,-0.21076136827468872,0.3193506896495819,0.6218671202659607
1124,-0.5583269000053406,-0.2560116648674011,0.25876733660697937
1125,0.006133494898676872,0.4732096493244171,0.626649022102356
1126,-0.1002800315618515,0.42118051648139954,0.606532096862793
1127,-0.2377004474401474,0.23704366385936737,0.6433110237121582
1128,-0.6482785940170288,-0.3019123077392578,0.24068023264408112
1129,-0.3037647604942322,0.16854192316532135,0.5791470408439636
1130,-0.32416674494743347,0.049611784517765045,0.4634897708892822
1131,-0.3651769757270813,0.17787140607833862,0.33863377571105957
1132,0.015514621511101723,0.5807844996452332,0.6360759139060974
1133,-0.6203535795211792,-0.3398788869380951,0.07525123655796051
1134,-0.3515816926956177,0.0865192711353302,0.5443117618560791
1135,-0.3792349696159363,0.18361428380012512,0.27791160345077515
1136,0.009528296068310738,0.5584680438041687,0.6811407208442688
1137,-0.3828343152999878,0.16782908141613007,0.36497098207473755
1138,-0.6757922768592834,-0.3966301381587982,0.16611868143081665
1139,-0.3762497305870056,0.15568923950195312,0.3273806869983673
1140,0.005805615801364183,0.5915469527244568,0.6591699123382568
1141,-0.38978812098503113,0.13179080188274384,0.2780298888683319
1142,-1.1016051769256592,-1.06588876247406,-0.49681904911994934
1143,0.017021233215928078,0.6457983255386353,0.8191530704498291
1144,0.008326109498739243,0.5962672233581543,0.7606961727142334
1145,-0.5897451043128967,-0.35454097390174866,-0.05539384484291077
1146,-0.8261328935623169,-0.6864177584648132,-0.1883040964603424
1147,-0.9442263245582581,-0.8508774638175964,-0.3072414994239807
1148,-1.0559483766555786,-1.0071085691452026,-0.41992682218551636
1149,-0.5896306037902832,-0.4356513023376465,0.17834611237049103
1150,-0.6700387001037598,-0.42796260118484497,-0.06935130804777145
1151,0.017021233215928078,0.5803341865539551,0.7270104289054871
1152,-0.5086538195610046,-0.2518938183784485,0.2850706875324249
1153,-0.5565604567527771,-0.3343506157398224,-0.022350355982780457
1154,-0.7299181818962097,-0.55457603931427,-0.16529695689678192
1155,-0.5957787036895752,-0.42223498225212097,-0.06143347918987274
1156,-0.6219897866249084,-0.4133042097091675,-0.08645358681678772
1157,-1.162662386894226,-1.159088134765625,-0.2949047386646271
1158,0.008326109498739243,0.5809698104858398,0.7268319129943848
1159,-1.0747886896133423,-1.033272385597229,-0.46149975061416626
1160,-0.7218700647354126,-0.5128391981124878,-0.13313859701156616
1161,-1.1193277835845947,-1.1064023971557617,-0.4226136803627014
1162,0.008794749155640602,0.5398557186126709,0.7952133417129517
1163,-1.0892300605773926,-1.0197455883026123,-0.4029630720615387
1164,-1.0276172161102295,-0.9266853928565979,-0.4456416964530945
1165,-1.1193548440933228,-1.0815112590789795,-0.2713443338871002
1166,0.005797072313725948,0.5469542145729065,0.5837389826774597
1167,-1.105454683303833,-1.0648798942565918,-0.4247722923755646
1168,-1.1026521921157837,-1.0892897844314575,-0.497490257024765
1169,-1.1054047346115112,-1.0873225927352905,-0.4820162057876587
1170,-1.1306145191192627,-1.0725030899047852,-0.48309579491615295
1171,-0.9543017148971558,-0.8533222675323486,-0.47359007596969604
1172,-1.061805248260498,-1.0173542499542236,-0.5012568831443787
1173,-1.1108014583587646,-1.08718740940094,-0.4860685467720032
1174,-1.0752456188201904,-1.02158522605896,-0.49780628085136414
1175,-1.086774468421936,-0.9250175356864929,-0.3922736644744873
1176,-1.1389455795288086,-1.0846143960952759,-0.491843581199646
1177,-1.114315390586853,-1.0682058334350586,-0.4805451035499573
1178,-1.0898010730743408,-1.049332618713379,-0.5019552111625671
1179,-1.103330135345459,-1.0561083555221558,-0.49513086676597595
1180,-1.1167315244674683,-1.07688570022583,-0.48143911361694336
1181,-1.149399995803833,-1.060187578201294,-0.48246270418167114
1182,-1.1314226388931274,-1.0694431066513062,-0.47871920466423035
1183,-1.0442907810211182,-0.9992184638977051,-0.49881166219711304
1184,-1.1097055673599243,-1.0693212747573853,-0.46454498171806335
1185,-1.08549165725708,-1.06037175655365,-0.5006647109985352
1186,-1.1169283390045166,-1.0370635986328125,-0.49117588996887207
1187,-1.052198886871338,-1.0292490720748901,-0.4428177773952484
1188,-1.1111195087432861,-1.080399513244629,-0.49881166219711304
1189,-1.0590875148773193,-1.0232503414154053,-0.4981730580329895
1190,-1.107701301574707,-1.0358985662460327,-0.48365846276283264
1191,-1.0360817909240723,-0.9893698692321777,-0.5056557655334473
1192,-1.0889509916305542,-1.0750107765197754,-0.49411773681640625
1193,-1.047521710395813,-1.017256259918213,-0.4808724820613861
1194,-0.4628067910671234,-0.21360930800437927,0.13419242203235626
1195,-0.4092635214328766,-0.13199034333229065,0.15005861222743988
1196,-0.7571448683738708,-0.5587142109870911,-0.20049425959587097
1197,-0.9090051054954529,-0.7955452799797058,-0.35021892189979553
1198,-1.140001654624939,-0.7747222781181335,-0.25192803144454956
1199,-1.0884517431259155,-1.0084631443023682,-0.4803360104560852
1200,-0.6518675684928894,-0.49026450514793396,-0.06100578233599663
1201,-0.7557744383811951,-0.61164790391922,-0.22412142157554626
1202,-0.4465671479701996,-0.24300990998744965,0.1702381670475006
1203,-0.5824211239814758,-0.393079549074173,-0.027208536863327026
1204,-0.5836700201034546,-0.32805147767066956,-0.05053781345486641
1205,-0.8565574884414673,-0.7742477655410767,-0.27049562335014343
1206,-0.7556986212730408,-0.6305725574493408,-0.17776288092136383
1207,-0.7569381594657898,-0.6261383891105652,-0.23924386501312256
1208,-1.0382115840911865,-0.9937578439712524,-0.4817909300327301
1209,-0.3857853412628174,-0.0611751489341259,0.27586886286735535
1210,-0.8361189365386963,-0.7389248013496399,-0.2428617775440216
1211,-1.0543115139007568,-1.0310695171356201,-0.4187495708465576
1212,-0.48625117540359497,-0.30257704854011536,0.1747506558895111
1213,-1.0692657232284546,-0.9618009924888611,-0.4803360104560852
1214,-1.1323888301849365,-0.9218996167182922,-0.4489295184612274
1215,-1.036505937576294,-0.9901702404022217,-0.5037161707878113
1216,-0.5662914514541626,-0.41739723086357117,-0.009936398826539516
1217,-1.0499141216278076,-1.0083504915237427,-0.48335185647010803
1218,0.008326109498739243,0.7389345169067383,0.885383665561676
1219,-0.4806097745895386,-0.21679525077342987,0.5393270254135132
1220,-0.2693811357021332,0.04774898290634155,0.2558225393295288
1221,-0.28796184062957764,0.2286221832036972,0.6457837820053101
1222,-0.624835729598999,-0.35955291986465454,0.24484281241893768
1223,-0.6027582883834839,-0.30034491419792175,0.24684038758277893
1224,-0.23242031037807465,0.19389890134334564,0.6657495498657227
1225,-0.701845645904541,-0.5561021566390991,0.20435304939746857
1226,0.011671885848045349,0.8891710042953491,1.0882205963134766
1227,-0.13343515992164612,0.35563942790031433,0.5953652262687683
1228,-0.32520562410354614,0.07914473116397858,0.5531315207481384
1229,-0.816481351852417,-0.6424043774604797,0.3595893979072571
1230,-0.3229852020740509,-0.07266101986169815,0.5238098502159119
1231,-0.5191596150398254,-0.3245612680912018,0.27689146995544434
1232,-0.3746027946472168,0.15189498662948608,0.2421787828207016
1233,0.011010962538421154,0.6493309140205383,0.8097659349441528
1234,-0.7440337538719177,-0.44744446873664856,0.22092649340629578
1235,-0.48961275815963745,-0.26718670129776,0.3639947175979614
1236,-0.4066906273365021,-0.008238540962338448,0.16698093712329865
1237,0.008326109498739243,0.6695148348808289,0.8510915040969849
1238,-0.45256170630455017,-0.08659805357456207,0.3006376624107361
1239,-0.8298331499099731,-0.5706818103790283,0.05457596108317375
1240,-0.38104352355003357,0.06365758925676346,0.27630728483200073
1241,0.023523688316345215,0.6102160215377808,0.7836970090866089
1242,-0.4344731867313385,-0.11029697209596634,0.1297801434993744
1243,0.011671885848045349,0.6865885257720947,0.7969265580177307
1244,-0.6208992004394531,-0.3899288475513458,-0.019371001049876213
1245,-0.833965539932251,-0.6996745467185974,-0.21939975023269653
1246,-0.9809293150901794,-0.9415223002433777,-0.30464234948158264
1247,-1.0652116537094116,-1.0661771297454834,-0.4025305211544037
1248,0.008326109498739243,0.6149001121520996,0.7721951007843018
1249,-0.46880272030830383,-0.16684728860855103,0.08140634745359421
1250,-0.5629080533981323,-0.34308913350105286,-0.0015499975997954607
1251,-0.7683199048042297,-0.6131933331489563,-0.12678766250610352
1252,-0.61069655418396,-0.40695175528526306,-0.047184184193611145
1253,-0.6218631863594055,-0.43455344438552856,-0.05605582147836685
1254,-1.1829502582550049,-1.1584100723266602,-0.37517762184143066
1255,0.008326109498739243,0.6625112295150757,0.816201388835907
1256,-1.0936102867126465,-1.0764950513839722,-0.45686647295951843
1257,-0.739169716835022,-0.5560084581375122,-0.038674917072057724
1258,-1.1258047819137573,-1.1104763746261597,-0.4221503436565399
1259,0.011671885848045349,0.6907947063446045,0.8487956523895264
1260,-1.0719050168991089,-1.0535860061645508,-0.37711769342422485
1261,-1.0520082712173462,-0.9926893711090088,-0.40309199690818787
1262,-1.1100527048110962,-1.0668752193450928,-0.2510279417037964
1263,0.004034627694636583,0.6200467348098755,0.6107178926467896
1264,-1.1080546379089355,-1.0955263376235962,-0.46437251567840576
1265,-0.36968356370925903,-0.13637526333332062,0.7004642486572266
1266,-0.25459444522857666,0.1359289437532425,0.3271949589252472
1267,-0.15528583526611328,0.21936726570129395,0.6240572333335876
1268,-0.4338255524635315,-0.2046194076538086,0.6137111186981201
1269,-0.45760729908943176,-0.21610181033611298,0.4095142185688019
1270,-0.18499866127967834,0.3214072287082672,0.726155161857605
1271,-0.49049219489097595,-0.33826297521591187,0.672789990901947
1272,0.023523688316345215,0.6867257952690125,0.7541799545288086
1273,-0.1036035567522049,0.3412896394729614,0.6213283538818359
1274,-0.2147226482629776,0.18171310424804688,0.6304172277450562
1275,-0.6420438885688782,-0.43495890498161316,0.3549865186214447
1276,-0.2283029407262802,0.0878935307264328,0.5523205399513245
1277,-0.3512209355831146,-0.06579233705997467,0.6507256031036377
1278,-0.3716912567615509,0.21244041621685028,0.31684407591819763
1279,0.008326109498739243,0.6359778046607971,0.7515791058540344
1280,-0.6201449632644653,-0.42777305841445923,0.3403720557689667
1281,-0.31555455923080444,-0.07924790680408478,0.6594343781471252
1282,-0.3693723976612091,0.12328045070171356,0.274556428194046
1283,0.018240170553326607,0.6379677653312683,0.7617841958999634
1284,-0.401023805141449,-0.09907476603984833,0.26328250765800476
1285,-0.6404708623886108,-0.4724256694316864,0.4502769410610199
1286,-0.36111584305763245,0.1804441213607788,0.3054611384868622
1287,0.00712475273758173,0.5344634056091309,0.6902948021888733
1288,-0.390470951795578,0.03611090034246445,0.2463744580745697
1289,-0.596532940864563,-0.4042086899280548,-0.020588750019669533
1290,-0.8394221067428589,-0.7439872622489929,-0.23717620968818665
1291,-0.946372389793396,-0.8704806566238403,-0.3140003979206085
1292,-1.0559135675430298,-1.0375744104385376,-0.4120301604270935
1293,-0.6157443523406982,-0.4769982695579529,0.2700788080692291
1294,-0.640015721321106,-0.4148218631744385,-0.06144599989056587
1295,0.008326109498739243,0.6562641263008118,0.7730624079704285
1296,-0.49504444003105164,-0.2503640055656433,0.047771815210580826
1297,-0.5453967452049255,-0.34944772720336914,0.003449102630838752
1298,-0.7272720336914062,-0.5695244073867798,-0.18699339032173157
1299,-0.6006932854652405,-0.4136181175708771,-0.06917819380760193
1300,-0.6125907897949219,-0.4372752606868744,-0.0821782648563385
1301,-1.1770819425582886,-1.153516173362732,-0.385811448097229
1302,0.011671885848045349,0.5524710416793823,0.7908879518508911
1303,-1.0784022808074951,-1.0484991073608398,-0.4737180173397064
1304,-0.7101914882659912,-0.5736927390098572,-0.20686213672161102
1305,-1.1117182970046997,-1.092314600944519,-0.463806688785553
1306,0.017247917130589485,0.6421457529067993,0.7812716960906982
1307,-1.0696172714233398,-0.9734284281730652,-0.4617730677127838
1308,-1.0023598670959473,-0.9213480353355408,-0.40282148122787476
1309,-1.123106837272644,-1.1073874235153198,-0.30161982774734497
1310,0.021735094487667084,0.4808498024940491,0.5906382203102112
1311,-1.112429141998291,-1.0776283740997314,-0.4991677403450012
1312,-0.7977095246315002,-0.6477177143096924,-0.1997481733560562
1313,-0.5990949869155884,-0.26423707604408264,0.022428065538406372
1314,-0.5829476118087769,-0.3513578176498413,-0.0631159320473671
1315,-0.7029240727424622,-0.493351548910141,-0.18593673408031464
1316,-0.5502724647521973,-0.2609242796897888,-0.01411922462284565
1317,-0.5492302775382996,-0.2721920609474182,-0.015750566497445107
1318,-0.5937417149543762,-0.4028241038322449,-0.02826058492064476
1319,-0.5555524230003357,-0.35459086298942566,-0.011170623824000359
1320,-0.5531826615333557,-0.33512264490127563,-0.022342421114444733
1321,-0.5818835496902466,-0.27662205696105957,-0.03521072119474411
1322,-0.5417071580886841,-0.2535901963710785,-0.007490282878279686
1323,-0.5428655743598938,-0.25643062591552734,-0.015672070905566216
1324,-0.7482374906539917,-0.557922899723053,-0.19643054902553558
1325,-0.5906581878662109,-0.4056324362754822,-0.05502960830926895
1326,-0.7053533792495728,-0.49600785970687866,-0.18010734021663666
1327,-0.5786769390106201,-0.31121164560317993,-0.03310507535934448
1328,-0.7514114379882812,-0.48191356658935547,-0.20283669233322144
1329,-0.5923150777816772,-0.40537211298942566,-0.028530828654766083
1330,-0.6857824921607971,-0.46419963240623474,-0.10484903305768967
1331,-0.6140758991241455,-0.3730867803096771,-0.07177064567804337
1332,-0.7679601907730103,-0.5741084814071655,-0.23117199540138245
1333,-0.6078594923019409,-0.40761813521385193,-0.01575838029384613
1334,-0.7553113102912903,-0.548860490322113,-0.20032784342765808
1335,-0.8249009847640991,-0.5810380578041077,0.032593339681625366
1336,-0.9086715579032898,-0.8243984580039978,-0.311402291059494
1337,-1.1351895332336426,-1.0117353200912476,-0.3951813578605652
1338,-0.5827745795249939,-0.3692592978477478,-0.032988857477903366
1339,-0.5902395248413086,-0.2113916128873825,-0.039171937853097916
1340,-0.4721086919307709,-0.26651260256767273,0.663446843624115
1341,-0.561815083026886,-0.3718200922012329,0.004568036645650864
1342,-0.5463065505027771,-0.34078097343444824,-0.016247998923063278
1343,-0.7589987516403198,-0.5486696362495422,-0.2289315015077591
1344,-0.5723329186439514,-0.31692108511924744,-0.04100159928202629
1345,-0.5877068638801575,-0.37211593985557556,-0.06363353133201599
1346,-1.1430379152297974,-1.0934779644012451,-0.4672800600528717
1347,-0.44377967715263367,-0.20107747614383698,0.45681074261665344
1348,-1.1427596807479858,-1.0694798231124878,-0.4909149408340454
1349,-0.7611509561538696,-0.5897786617279053,-0.24598148465156555
1350,-1.1158791780471802,-1.081230878829956,-0.5068698525428772
1351,-0.44933974742889404,-0.23707929253578186,0.7690526843070984
1352,-1.1903725862503052,-1.0533292293548584,-0.47915175557136536
1353,-1.0240031480789185,-0.8440234661102295,-0.3958759903907776
1354,-1.09492027759552,-1.025449514389038,-0.33295732736587524
1355,-0.6025084257125854,-0.36885860562324524,0.2005086988210678
1356,-1.10149085521698,-1.0639166831970215,-0.4724557101726532
1357,-0.8219888210296631,-0.6673060655593872,-0.1829940527677536
1358,-0.8616561889648438,-0.7148604989051819,-0.265799343585968
1359,-0.8726247549057007,-0.7865614891052246,-0.4214693009853363
1360,-0.8169146180152893,-0.6526654958724976,0.27249962091445923
1361,-0.8840409517288208,-0.7094970345497131,-0.24335035681724548
1362,-0.8500749468803406,-0.7550219893455505,-0.2888936698436737
1363,-0.779603898525238,-0.570906937122345,0.01637975312769413
1364,-0.8157758712768555,-0.7036922574043274,-0.2795184552669525
1365,-0.8824425935745239,-0.7750511169433594,-0.29947158694267273
1366,-0.8492581844329834,-0.7161028981208801,-0.04014557972550392
1367,-0.8316923379898071,-0.6951215267181396,-0.18349085748195648
1368,-0.9066168665885925,-0.7831637859344482,-0.29754015803337097
1369,-0.8560965657234192,-0.7737096548080444,-0.30197611451148987
1370,-0.8965550065040588,-0.7918968200683594,-0.40935900807380676
1371,-0.8386900424957275,-0.7087165713310242,-0.20768451690673828
1372,-0.8996878862380981,-0.8047230839729309,-0.2643321454524994
1373,-0.8558652997016907,-0.758497416973114,-0.35692098736763
1374,-0.8517085909843445,-0.6777961850166321,-0.16855257749557495
1375,-0.8743507266044617,-0.7308161854743958,-0.35451167821884155
1376,-0.90103679895401,-0.7893732190132141,-0.2725498676300049
1377,-0.8270974159240723,-0.6679151058197021,-0.20386041700839996
1378,-0.9060526490211487,-0.8039504289627075,-0.37014350295066833
1379,-0.9215226769447327,-0.7283385992050171,-0.22848691046237946
1380,-0.9190503358840942,-0.7767956256866455,-0.38697609305381775
1381,-0.6596851348876953,-0.4381449222564697,-0.1427813172340393
1382,-0.7665867209434509,-0.6577366590499878,-0.22051315009593964
1383,-0.13909107446670532,0.19770905375480652,0.4682331383228302
1384,-0.6076907515525818,-0.4150424003601074,-0.054635126143693924
1385,-0.615737795829773,-0.43059056997299194,0.021876540035009384
1386,-0.9515118598937988,-0.756445586681366,-0.2289964258670807
1387,-0.7742184400558472,-0.5770702362060547,-0.24445925652980804
1388,-0.8494687080383301,-0.6431748867034912,-0.2261766642332077
1389,-0.973436713218689,-0.8875157237052917,-0.4091951251029968
1390,-0.19812437891960144,0.2763477563858032,0.615587592124939
1391,-0.9335241317749023,-0.7741260528564453,-0.43855762481689453
1392,-0.912767231464386,-0.6774675846099854,-0.279202401638031
1393,-0.9280806183815002,-0.7849408388137817,-0.3682432174682617
1394,-0.2670347988605499,0.24208423495292664,0.3211134672164917
1395,-0.9084715247154236,-0.7213211059570312,-0.21876807510852814
1396,-0.9391928315162659,-0.7975054979324341,-0.2596540153026581
1397,-0.9094043374061584,-0.8346061110496521,-0.4152747094631195
1398,-0.449312686920166,-0.08809025585651398,0.19872376322746277
1399,-0.9513837695121765,-0.8628751039505005,-0.49623632431030273
1400,-0.9206794500350952,-0.6348015666007996,-0.20790378749370575
1401,-1.6800386905670166,-0.6462298035621643,-0.10495360195636749
1402,-0.7541640996932983,-0.6073691844940186,-0.1370546519756317
1403,-0.840442419052124,-0.6055344939231873,-0.2271634340286255
1404,-0.8357070088386536,-0.6083472371101379,-0.22115060687065125
1405,-1.037577509880066,-0.7011753916740417,-0.2525506019592285
1406,-1.0027737617492676,-0.6553578972816467,-0.2671954929828644
1407,-1.040691614151001,-0.8290305137634277,-0.2805556058883667
1408,-1.098971962928772,-0.9678583741188049,-0.18177430331707
1409,-0.6000760197639465,-0.33911630511283875,0.09369728714227676
1410,-0.7670205235481262,-0.49634984135627747,-0.15218304097652435
1411,-0.11605239659547806,0.17856381833553314,0.824456512928009
1412,-0.5290980339050293,-0.19261065125465393,0.032611049711704254
1413,-0.5347485542297363,-0.17764484882354736,-0.010313423350453377
1414,-0.5881178975105286,-0.3802560865879059,0.06475304812192917
1415,-0.7289147973060608,-0.49939730763435364,-0.1761959344148636
1416,-0.1919514238834381,0.281653493642807,0.9513444304466248
1417,-1.076005458831787,-1.0121135711669922,-0.49165594577789307
1418,-0.7632123231887817,-0.5996152758598328,-0.25456005334854126
1419,-1.0797245502471924,-1.0542776584625244,-0.5067434310913086
1420,-0.16551272571086884,0.13737019896507263,0.7903068661689758
1421,-1.0129510164260864,-0.9175974130630493,-0.41935524344444275
1422,-1.0509310960769653,-0.7786617875099182,-0.3566617965698242
1423,-0.2663578689098358,-0.07807857543230057,0.3040253520011902
1424,-1.058384895324707,-1.0078541040420532,-0.5015072226524353
1425,-1.1389354467391968,-0.8223472833633423,-0.06763395667076111
1426,-0.9463452696800232,-0.8227099180221558,-0.2892354428768158
1427,-0.9498105049133301,-0.7751283049583435,-0.31390395760536194
1428,-0.8837120532989502,-0.7484534382820129,-0.25416556000709534
1429,-0.9595139026641846,-0.8629971742630005,-0.3113488256931305
1430,-0.9603357911109924,-0.8425359725952148,-0.3117729723453522
1431,-0.9464278221130371,-0.8489190936088562,-0.2990628480911255
1432,-0.933986485004425,-0.8109402656555176,-0.27986469864845276
1433,-0.9365076422691345,-0.7610215544700623,-0.31364870071411133
1434,-1.1105519533157349,-0.6711394786834717,-0.28145018219947815
1435,-0.8516315817832947,-0.7521750926971436,-0.25348442792892456
1436,-1.0372925996780396,-0.7918058633804321,-0.09268370270729065
1437,-0.954746663570404,-0.842494547367096,-0.3130023777484894
1438,-1.0428485870361328,-0.7881772518157959,-0.014481482096016407
1439,-0.9429721236228943,-0.8371676802635193,-0.2709924578666687
1440,-1.107690691947937,-0.8443286418914795,-0.3234942853450775
1441,-0.9889420866966248,-0.7947885394096375,-0.30502888560295105
1442,-0.9823395609855652,-0.9326967000961304,-0.31250348687171936
1443,-1.0369865894317627,-0.7189157605171204,0.17132435739040375
1444,-1.2047063112258911,-0.9768902063369751,-0.21457399427890778
1445,-0.6029652953147888,-0.43239325284957886,-0.08184266835451126
1446,-0.7432224154472351,-0.5262402892112732,-0.21469183266162872
1447,-0.4217981994152069,-0.28244563937187195,0.9127081036567688
1448,-0.5643423199653625,-0.35159870982170105,-0.03408888354897499
1449,-0.551773190498352,-0.2957756817340851,-0.02841794490814209
1450,-0.7926205992698669,-0.6300265192985535,-0.25171390175819397
1451,-0.6007986068725586,-0.4339922368526459,-0.10163674503564835
1452,-0.731105625629425,-0.5571987628936768,-0.19210733473300934
1453,-1.1168696880340576,-1.0786184072494507,-0.49282222986221313
1454,-0.4130769968032837,-0.16386820375919342,0.5184992551803589
1455,-1.228342890739441,-1.0582680702209473,-0.47788429260253906
1456,-0.7679279446601868,-0.6097955703735352,-0.24390701949596405
1457,-1.133345365524292,-1.055802822113037,-0.45841410756111145
1458,-0.4752914607524872,-0.28327929973602295,0.8226901888847351
1459,-1.2559479475021362,-1.037057876586914,-0.47145876288414
1460,-1.1405292749404907,-0.9488683342933655,-0.41918501257896423
1461,-1.081526756286621,-1.0405486822128296,-0.49928373098373413
1462,-0.6202353835105896,-0.4482986330986023,-0.007124700583517551
1463,-1.1083415746688843,-1.046476125717163,-0.450653612613678
1464,-1.0632331371307373,-0.9604097008705139,-0.39975401759147644
1465,-1.171282172203064,-0.9916499257087708,-0.15438571572303772
1466,-1.0769532918930054,-1.0040782690048218,-0.39967113733291626
1467,-1.0618679523468018,-1.0024055242538452,-0.3982105851173401
1468,-1.0562374591827393,-0.9756796360015869,-0.38755711913108826
1469,-1.2403048276901245,-1.0420454740524292,-0.18040969967842102
1470,-1.1258007287979126,-0.9742696285247803,-0.329255074262619
1471,-1.1756916046142578,-1.0131505727767944,-0.380053848028183
1472,-1.057390809059143,-0.9500715136528015,-0.44766664505004883
1473,-1.0582958459854126,-1.0233134031295776,-0.4153883159160614
1474,-1.1367110013961792,-1.0379829406738281,-0.47110652923583984
1475,-1.209494709968567,-1.000531792640686,-0.11318492144346237
1476,-1.058005452156067,-0.9916843771934509,-0.453346312046051
1477,-1.0734937191009521,-0.9457501173019409,-0.39287269115448
1478,-1.0835816860198975,-1.002069354057312,-0.2964782416820526
1479,-1.28506600856781,-1.067797064781189,-0.47110652923583984
1480,-1.0433517694473267,-0.9303105473518372,-0.46874022483825684
1481,-1.0711021423339844,-1.0205719470977783,-0.4490438997745514
1482,-1.0535537004470825,-0.9937549829483032,-0.4580048620700836
1483,-0.6254395842552185,-0.4052891135215759,-0.049245670437812805
1484,-0.7533994317054749,-0.5728853344917297,-0.20768877863883972
1485,-0.45586541295051575,-0.33131667971611023,0.7930083870887756
1486,-0.5572285056114197,-0.2490675300359726,-0.010467957705259323
1487,-0.552780032157898,-0.23925243318080902,-0.03837691619992256
1488,-0.7937199473381042,-0.6604925394058228,-0.26418694853782654
1489,-0.6900084614753723,-0.5030879974365234,-0.11155283451080322
1490,-0.7454666495323181,-0.5902068018913269,-0.20160534977912903
1491,-1.0503368377685547,-1.0034205913543701,-0.49866393208503723
1492,-0.39610227942466736,-0.12904959917068481,0.6799125075340271
1493,-1.145330786705017,-1.0663832426071167,-0.5037665367126465
1494,-0.781612753868103,-0.6107416749000549,-0.26914650201797485
1495,-1.0584059953689575,-1.032914161682129,-0.498330295085907
1496,-0.4917806386947632,-0.26013949513435364,0.6768019199371338
1497,-1.1468595266342163,-1.0239295959472656,-0.47790467739105225
1498,-1.2621318101882935,-0.9627207517623901,-0.47979411482810974
1499,-1.0353748798370361,-0.9856969118118286,-0.4222811758518219
1500,-0.6247223615646362,-0.4406518340110779,0.053513213992118835
1501,-1.0428383350372314,-1.0148627758026123,-0.498330295085907
1502,-0.6014659404754639,-0.4067728817462921,-0.054123491048812866
1503,-0.5854074358940125,-0.3882565200328827,0.2375512272119522
1504,-0.5718548893928528,-0.3313424289226532,-0.06431432068347931
1505,-0.5756138563156128,-0.32249507308006287,-0.029272986575961113
1506,-0.6570668816566467,-0.514413595199585,-0.09439181536436081
1507,-0.5796586275100708,-0.34450769424438477,-0.043858159333467484
1508,-0.5892193913459778,-0.39379143714904785,-0.04692161828279495
1509,-0.6560073494911194,-0.48320409655570984,-0.19323813915252686
1510,-0.5791670083999634,-0.38170158863067627,0.37101519107818604
1511,-0.6127411127090454,-0.44141441583633423,0.03553095459938049
1512,-0.6092113852500916,-0.42044174671173096,-0.08001597970724106
1513,-0.6340774893760681,-0.484747976064682,-0.08302263915538788
1514,-0.606357991695404,-0.4092196226119995,0.43147337436676025
1515,-0.6124829053878784,-0.37556061148643494,-0.11296778917312622
1516,-0.6564603447914124,-0.4546703100204468,0.34912171959877014
1517,-0.6076452732086182,-0.4040813744068146,-0.008494921959936619
1518,-0.6515749096870422,-0.43894320726394653,-0.015737300738692284
1519,-0.6112343668937683,-0.2909359931945801,-0.030940288677811623
1520,-0.18897612392902374,0.13810396194458008,0.7550000548362732
1521,-0.516784131526947,-0.26234662532806396,0.004655769560486078
1522,-0.5357949137687683,-0.2664716839790344,-0.003197531681507826
1523,-0.8012908697128296,-0.6604787707328796,-0.24733221530914307
1524,-0.5690563917160034,-0.3433268070220947,-0.03607213869690895
1525,-0.23815712332725525,0.282430499792099,0.7701413035392761
1526,-1.0804085731506348,-1.0178742408752441,-0.4514016807079315
1527,-1.1008985042572021,-1.065998911857605,-0.49253925681114197
1528,-0.23644815385341644,0.001176561345346272,0.7126743197441101
1529,-1.073093056678772,-1.0618140697479248,-0.3991571366786957
1530,-1.0336533784866333,-0.9383605718612671,-0.40199699997901917
1531,-0.21159802377223969,0.04343836382031441,0.32481056451797485
1532,-1.0985924005508423,-0.9878279566764832,-0.41287535429000854
1533,-0.6543567180633545,-0.4453158974647522,-0.05814328417181969
1534,-0.5764185786247253,-0.31941330432891846,-0.030283905565738678
1535,-0.5748463869094849,-0.2622303068637848,-0.025148099288344383
1536,-0.7425302863121033,-0.4041307270526886,-0.1539027839899063
1537,-0.564794659614563,-0.284907728433609,-0.01910863257944584
1538,-0.6587056517601013,-0.3282254934310913,-0.07730688154697418
1539,-0.7742047309875488,-0.6258458495140076,-0.24038273096084595
1540,-0.6497370600700378,-0.42830437421798706,-0.05013958737254143
1541,-0.7541285157203674,-0.5814758539199829,-0.22318115830421448
1542,-0.7202717065811157,-0.4666755795478821,-0.17813923954963684
1543,-0.7727625370025635,-0.5528618693351746,-0.2225126177072525
1544,-0.7349060773849487,-0.5400739312171936,-0.19261051714420319
1545,-0.7361357808113098,-0.490328311920166,-0.19181440770626068
1546,-0.7903541922569275,-0.6590187549591064,-0.24333252012729645
1547,-0.6539298892021179,-0.37633171677589417,-0.016059333458542824
1548,-0.7778444290161133,-0.6271056532859802,-0.23444680869579315
1549,-0.4807860851287842,-0.3570586144924164,0.8368762731552124
1550,-0.5750021934509277,-0.40754207968711853,-0.03068702667951584
1551,-0.5558936595916748,-0.35791391134262085,-0.021431004628539085
1552,-0.7538749575614929,-0.5502707362174988,-0.21832293272018433
1553,-0.5782442688941956,-0.3767150640487671,-0.055048827081918716
1554,-0.6456332802772522,-0.43693313002586365,-0.13315196335315704
1555,-1.134029746055603,-1.1025804281234741,-0.4335501790046692
1556,-0.5670660734176636,-0.33517012000083923,0.5704456567764282
1557,-1.2172573804855347,-1.0544240474700928,-0.4810056686401367
1558,-0.7574946284294128,-0.591492235660553,-0.24269172549247742
1559,-1.1009660959243774,-1.0690903663635254,-0.493141770362854
1560,-0.6182553768157959,-0.469208687543869,0.8026772141456604
1561,-1.219619631767273,-1.0440070629119873,-0.47762373089790344
1562,-1.0371334552764893,-0.8047063946723938,-0.39413022994995117
1563,-1.0955275297164917,-1.0282291173934937,-0.3923308253288269
1564,-0.7145996689796448,-0.4617030620574951,0.0961042195558548
1565,-1.103494644165039,-1.0837916135787964,-0.47404077649116516
1566,-0.11074256151914597,0.25950324535369873,0.7342162132263184
1567,-0.28716880083084106,-0.05273853987455368,0.5913429260253906
1568,-0.5191000699996948,-0.4258136451244354,0.7053546905517578
1569,-0.3458855152130127,-0.028509315103292465,0.670134961605072
1570,-0.4209814667701721,-0.2252979427576065,0.7058804035186768
1571,-0.27008700370788574,0.25184279680252075,0.394930899143219
1572,0.011671885848045349,0.5446032881736755,0.774411678314209
1573,-0.6210955381393433,-0.38072311878204346,0.5366735458374023
1574,-0.3989945650100708,-0.24135427176952362,0.7978546023368835
1575,-0.325446218252182,-0.021587654948234558,0.21499048173427582
1576,0.008326109498739243,0.6011871695518494,0.8031637668609619
1577,-0.38577374815940857,-0.16543440520763397,0.7766610383987427
1578,-0.68228679895401,-0.5127246379852295,0.36834272742271423
1579,-0.22704662382602692,0.1782480925321579,0.4587137699127197
1580,0.017021233215928078,0.47741302847862244,0.694299042224884
1581,-0.3804576098918915,-0.06640369445085526,0.19803698360919952
1582,-0.44843462109565735,-0.22332772612571716,-0.012334872037172318
1583,-0.5377933382987976,-0.3112133741378784,0.0041597457602620125
1584,-0.5857356190681458,-0.41780418157577515,-0.057455502450466156
1585,-0.6059718728065491,-0.4504047632217407,-0.07680770754814148
1586,-1.1717095375061035,-1.1613893508911133,-0.46353042125701904
1587,0.023523688316345215,0.6006050705909729,0.8045796751976013
1588,-1.0794050693511963,-1.04463791847229,-0.45872655510902405
1589,-0.6470080018043518,-0.4424801468849182,-0.10855136066675186
1590,-1.1287084817886353,-1.0522979497909546,-0.43014219403266907
1591,0.011671885848045349,0.7082757949829102,0.8535575866699219
1592,-1.073481798171997,-0.9835432171821594,-0.4430825710296631
1593,-0.9560975432395935,-0.8054179549217224,-0.3843016028404236
1594,-1.1266282796859741,-1.0964529514312744,-0.3898136615753174
1595,0.015514621511101723,0.43113818764686584,0.6149705052375793
1596,-1.1099919080734253,-0.9791632890701294,-0.5067434310913086
1597,-0.5053554177284241,-0.2935545742511749,-0.017082424834370613
1598,-0.6010873317718506,-0.4217323660850525,-0.036577388644218445
1599,-0.5382451415061951,-0.30714353919029236,-0.006231826730072498
1600,-0.562539279460907,-0.3610280752182007,-0.019516656175255775
1601,-0.5937969088554382,-0.3880603015422821,-0.08483170717954636
1602,-0.45229440927505493,-0.17631995677947998,0.01864786259829998
1603,-0.5757545232772827,-0.3138773441314697,-0.01459175068885088
1604,-0.5480985045433044,-0.34759432077407837,-0.02898472175002098
1605,-0.5844728350639343,-0.35340192914009094,-0.028538448736071587
1606,-0.5165671706199646,-0.2905653119087219,0.01728070341050625
1607,-0.5542967319488525,-0.2509632706642151,-0.0333511047065258
1608,-0.613737165927887,-0.41975289583206177,-0.03737743943929672
1609,-0.5909554362297058,-0.43552982807159424,-0.07208822667598724
1610,-0.49888843297958374,-0.20507046580314636,0.024240946397185326
1611,-0.5762532949447632,-0.3610267639160156,-0.027797099202871323
1612,-0.5266674757003784,-0.28685542941093445,-0.013146755285561085
1613,-0.7808502912521362,-0.6563397645950317,-0.22361406683921814
1614,-0.567689836025238,-0.3417419493198395,-0.040047138929367065
1615,-0.5850132703781128,-0.4099368155002594,-0.08019143342971802
1616,-1.1785502433776855,-1.1323546171188354,-0.4912777841091156
1617,-0.09734034538269043,0.3156967759132385,0.6534282565116882
1618,-1.0964744091033936,-1.027117371559143,-0.45684316754341125
1619,-0.7807219624519348,-0.6228097081184387,-0.22704489529132843
1620,-1.1275532245635986,-1.0709797143936157,-0.49394354224205017
1621,-0.12056821584701538,0.1580217331647873,0.7050975561141968
1622,-1.0618762969970703,-1.0282154083251953,-0.3954421579837799
1623,-1.0203988552093506,-0.9385005235671997,-0.40207740664482117
1624,-1.090795874595642,-0.9835457801818848,-0.17913584411144257
1625,-0.13677483797073364,0.1727888286113739,0.3574991822242737
1626,-1.1008920669555664,-1.044549584388733,-0.48319149017333984
1627,-0.5728590488433838,-0.30496537685394287,-0.024740129709243774
1628,-0.5490948557853699,-0.2794477939605713,-0.01665930449962616
1629,-0.5449227094650269,-0.2805250287055969,-0.017513252794742584
1630,-0.610675573348999,-0.3920274078845978,-0.03725690767168999
1631,-0.5315191745758057,-0.28220054507255554,-0.0041231014765799046
1632,-0.5626518726348877,-0.28380265831947327,-0.03895414620637894
1633,-0.5532212853431702,-0.25698965787887573,-0.025705933570861816
1634,-0.5834944844245911,-0.32352834939956665,-0.02135518565773964
1635,-0.5464272499084473,-0.36124417185783386,-0.023641807958483696
1636,-0.5508676171302795,-0.20995740592479706,-0.008813593536615372
1637,-0.5836758017539978,-0.38780054450035095,-0.020525213330984116
1638,-0.6071619391441345,-0.4352688491344452,-0.09914345294237137
1639,-0.5458400249481201,-0.293273001909256,-0.017119288444519043
1640,-0.5883626341819763,-0.34992262721061707,-0.029753191396594048
1641,-0.7684515118598938,-0.5648347735404968,-0.2127506583929062
1642,-0.570469081401825,-0.3303431570529938,-0.04295007139444351
1643,-0.5869647264480591,-0.36916831135749817,-0.05510928854346275
1644,-1.150894284248352,-1.132078766822815,-0.4730917811393738
1645,-0.31102538108825684,0.15521807968616486,0.5192645192146301
1646,-1.0998210906982422,-1.0553427934646606,-0.4558192789554596
1647,-0.7723835706710815,-0.5884358882904053,-0.22460924088954926
1648,-1.112718939781189,-1.062948226928711,-0.4773148000240326
1649,-0.23324456810951233,0.023472720757126808,0.8827366828918457
1650,-1.0588501691818237,-1.0283589363098145,-0.3987569808959961
1651,-1.001667857170105,-0.8731861114501953,-0.39853325486183167
1652,-1.0937819480895996,-1.0186326503753662,-0.31784677505493164
1653,-0.32570576667785645,0.15279237926006317,0.3590376675128937
1654,-1.0998224020004272,-1.0444176197052002,-0.471211314201355
1655,-0.759217381477356,-0.5971687436103821,-0.23754458129405975
1656,-0.7475539445877075,-0.5856321454048157,-0.22336126863956451
1657,-0.9182249307632446,-0.8078002333641052,-0.2993937134742737
1658,-0.695961594581604,-0.4799971580505371,-0.14716096222400665
1659,-0.8622861504554749,-0.6871767044067383,-0.26240697503089905
1660,-0.7578924298286438,-0.5845657587051392,-0.2447391003370285
1661,-0.8529312014579773,-0.769264817237854,-0.2703886926174164
1662,-0.8298210501670837,-0.6552927494049072,-0.2693523168563843
1663,-0.8025185465812683,-0.6029166579246521,-0.2534797489643097
1664,-0.9355614185333252,-0.7148771286010742,-0.21572498977184296
1665,-0.7442246675491333,-0.5973008275032043,-0.1844334602355957
1666,-0.8674294948577881,-0.7917462587356567,-0.2708870768547058
1667,-0.5957256555557251,-0.4204882085323334,-0.06271925568580627
1668,-0.7289443016052246,-0.5040337443351746,-0.18984460830688477
1669,-1.1163158416748047,-1.0930588245391846,-0.5064157843589783
1670,-0.5801090598106384,-0.35837653279304504,0.5453738570213318
1671,-1.1708678007125854,-1.067612886428833,-0.4828852415084839
1672,-0.7669684290885925,-0.5962681770324707,-0.24307574331760406
1673,-1.1036977767944336,-1.070860505104065,-0.48139315843582153
1674,-0.5364344716072083,-0.40609171986579895,0.8715713024139404
1675,-1.2128803730010986,-1.0848332643508911,-0.5064585208892822
1676,-1.0484942197799683,-0.9920034408569336,-0.40050801634788513
1677,-1.0892759561538696,-1.0021320581436157,-0.41689351201057434
1678,-0.7925573587417603,-0.5987235307693481,0.15675146877765656
1679,-1.089996337890625,-1.044828176498413,-0.48139315843582153
1680,-0.5708609819412231,-0.3276714086532593,-0.03789540007710457
1681,-0.7547220587730408,-0.6131427884101868,-0.20933692157268524
1682,-0.594727635383606,-0.4214528203010559,-0.06465617567300797
1683,-0.704592764377594,-0.5250051021575928,-0.10917428880929947
1684,-0.6106556057929993,-0.4045252203941345,-0.01662977784872055
1685,-0.7424150705337524,-0.5674026012420654,-0.2018793225288391
1686,-0.5995906591415405,-0.40619051456451416,-0.07499216496944427
1687,-0.6988726854324341,-0.49212297797203064,-0.11256289482116699
1688,-0.641315221786499,-0.47215938568115234,-0.09511008113622665
1689,-0.7727502584457397,-0.5972543358802795,-0.240854412317276
1690,-0.5744504928588867,-0.38642650842666626,-0.029709573835134506
1691,-0.7753010988235474,-0.6200634241104126,-0.23359018564224243
1692,-0.6059897541999817,-0.394936740398407,-0.07651875168085098
1693,-1.167067527770996,-1.1168071031570435,-0.4728064239025116
1694,-0.2890463173389435,0.08459889888763428,0.4753481447696686
1695,-1.1437761783599854,-1.0710941553115845,-0.4519670009613037
1696,-0.7625048756599426,-0.6004927754402161,-0.23874779045581818
1697,-1.1344951391220093,-1.0708643198013306,-0.4911104142665863
1698,-0.2963564693927765,0.02758815698325634,0.7971571683883667
1699,-1.1374974250793457,-0.9941924810409546,-0.41472744941711426
1700,-1.0101354122161865,-0.8648781776428223,-0.39758557081222534
1701,-1.0891090631484985,-1.0513594150543213,-0.4205833375453949
1702,-0.3520738482475281,-0.10560691356658936,0.20898307859897614
1703,-1.1055259704589844,-1.0473822355270386,-0.4335738718509674
1704,-0.7577640414237976,-0.6087378263473511,-0.24147547781467438
1705,-0.6182088255882263,-0.43310853838920593,-0.07329977303743362
1706,-0.7567426562309265,-0.6074796319007874,-0.230996236205101
1707,-0.7227937579154968,-0.5217684507369995,-0.17405468225479126
1708,-0.7581738829612732,-0.5779294371604919,-0.22960618138313293
1709,-0.6097359657287598,-0.40334028005599976,-0.07509118318557739
1710,-0.7456269264221191,-0.5542318224906921,-0.21732082962989807
1711,-0.7325887084007263,-0.5263622999191284,-0.21949514746665955
1712,-0.7664386630058289,-0.6285806894302368,-0.22691939771175385
1713,-0.6145049333572388,-0.4289228022098541,-0.0526103675365448
1714,-0.7705717086791992,-0.6600492000579834,-0.23631396889686584
1715,-1.126723051071167,-1.1156344413757324,-0.4568336606025696
1716,-0.404180109500885,-0.079413041472435,0.6243520379066467
1717,-1.1219239234924316,-1.0430139303207397,-0.49273577332496643
1718,-0.7563831210136414,-0.5871791839599609,-0.24069851636886597
1719,-1.1051048040390015,-1.0684477090835571,-0.49259456992149353
1720,-0.39597955346107483,-0.19710752367973328,0.9575775861740112
1721,-1.1663048267364502,-1.0690741539001465,-0.4972713589668274
1722,-0.9941999912261963,-0.806321382522583,-0.3913796842098236
1723,-1.085927963256836,-0.9634225964546204,-0.13605676591396332
1724,-0.6094731688499451,-0.4041031002998352,0.16555289924144745
1725,-1.096787452697754,-1.0504730939865112,-0.47871920466423035
1726,-1.1797860860824585,-1.1590782403945923,-0.3369307219982147
1727,-1.0507292747497559,-1.0154807567596436,-0.49881166219711304
1728,-1.097196340560913,-1.0504188537597656,-0.4687098264694214
1729,-1.0473793745040894,-1.0119396448135376,-0.5062243342399597
1730,-1.1681439876556396,-1.1549659967422485,-0.473426878452301
1731,-1.0575528144836426,-0.9876394271850586,-0.4817442297935486
1732,-1.0939241647720337,-1.0605814456939697,-0.49881166219711304
1733,-1.0424400568008423,-1.0029938220977783,-0.47937706112861633
1734,-1.1730202436447144,-1.15463387966156,-0.48153790831565857
1735,-1.0339584350585938,-0.9921192526817322,-0.5067434310913086
1736,-0.28723543882369995,0.3127446174621582,0.4161665737628937
1737,-1.0395058393478394,-0.9670729041099548,-0.48535966873168945
1738,-0.9029667377471924,-0.7803717255592346,-0.3087928891181946
1739,-1.046151876449585,-0.9879016280174255,-0.4817442297935486
1740,-0.3720847964286804,0.1413097232580185,0.26324501633644104
1741,-1.0508177280426025,-0.9635233879089355,-0.49870702624320984
1742,-1.1032302379608154,-0.8945426940917969,-0.45313093066215515
1743,-1.0435154438018799,-0.9956983923912048,-0.4211307168006897
1744,-0.41462942957878113,-0.1715513914823532,0.0946633592247963
1745,-1.039905071258545,-0.9801258444786072,-0.49816471338272095
1746,-0.5644055008888245,-0.34518691897392273,0.3132539391517639
1747,-0.36859455704689026,-0.09053973108530045,0.6613962054252625
1748,-0.327730655670166,0.13851520419120789,0.33870136737823486
1749,0.011671885848045349,0.5002240538597107,0.7946043014526367
1750,-0.30506351590156555,-0.008687088266015053,0.5844253301620483
1751,-0.6572412252426147,-0.4197845160961151,0.4734938442707062
1752,-0.3130800724029541,0.2871873378753662,0.4772557318210602
1753,0.008326109498739243,0.590239942073822,0.7233699560165405
1754,-0.2958488464355469,0.0995972603559494,0.25024333596229553
1755,-1.0858763456344604,-1.0421286821365356,-0.4045390188694
1756,-0.6616905331611633,-0.46848341822624207,-0.19038645923137665
1757,-1.1259266138076782,-1.0118966102600098,-0.491066038608551
1758,0.017247917130589485,0.539647102355957,0.7751497030258179
1759,-1.0719776153564453,-1.012839436531067,-0.46428224444389343
1760,-0.9193933010101318,-0.7658146619796753,-0.3475617468357086
1761,-1.1270452737808228,-1.1108275651931763,-0.29543745517730713
1762,0.005805615801364183,0.5416349172592163,0.5963417291641235
1763,-1.1009691953659058,-1.0128803253173828,-0.4969121515750885
1764,-1.1558432579040527,-1.0538491010665894,-0.4946407377719879
1765,-1.0541669130325317,-1.0169161558151245,-0.48535966873168945
1766,-1.0763671398162842,-1.0330837965011597,-0.45505639910697937
1767,-1.1077219247817993,-1.0395146608352661,-0.4978143274784088
1768,-1.185600757598877,-1.0627168416976929,-0.4808724820613861
1769,-1.0488237142562866,-0.9513990879058838,-0.4984172582626343
1770,-1.0700454711914062,-1.0521706342697144,-0.4000852108001709
1771,-1.0537065267562866,-1.0304700136184692,-0.49842560291290283
1772,-0.8216975927352905,-0.641606330871582,-0.25949016213417053
1773,-1.0577077865600586,-1.0394039154052734,-0.4807019829750061
1774,-0.6275498867034912,-0.4341062903404236,0.25054219365119934
1775,-1.1128782033920288,-1.0529859066009521,-0.5064585208892822
1776,-1.204109787940979,-0.9417853355407715,-0.4799186587333679
1777,-1.034500002861023,-0.9976844191551208,-0.42318353056907654
1778,-0.6999019384384155,-0.4513136148452759,0.05066791549324989
1779,-1.0483304262161255,-1.026594638824463,-0.4807019829750061
1780,-0.854407012462616,-0.7718833684921265,-0.2899218797683716
1781,-0.7039724588394165,-0.561932384967804,-0.16054116189479828
1782,-0.7903492450714111,-0.605312705039978,-0.2608089745044708
1783,-0.7849683165550232,-0.5962581038475037,-0.24806594848632812
1784,-0.8936648964881897,-0.7396699786186218,-0.29886624217033386
1785,-0.707468569278717,-0.5817140340805054,-0.16306215524673462
1786,-0.871184229850769,-0.7607126235961914,-0.28437575697898865
1787,-1.094272494316101,-1.0514276027679443,-0.49666476249694824
1788,-0.39939364790916443,-0.24618951976299286,0.925612211227417
1789,-1.1959872245788574,-1.0601741075515747,-0.4974340796470642
1790,-0.978630781173706,-0.8895303606987,-0.41377371549606323
1791,-1.085111379623413,-1.0127041339874268,-0.4349188208580017
1792,-0.5896609425544739,-0.4097311496734619,0.031581997871398926
1793,-1.0939445495605469,-1.0087083578109741,-0.49128884077072144
1794,-1.10892915725708,-1.01253342628479,-0.4388338327407837
1795,-1.0491136312484741,-1.0164973735809326,-0.4981730580329895
1796,-1.078573226928711,-1.0277717113494873,-0.48535966873168945
1797,-1.037116289138794,-0.9905894994735718,-0.5054268836975098
1798,-1.1067134141921997,-1.103311538696289,-0.49132102727890015
1799,-1.046562671661377,-1.0048459768295288,-0.4808724820613861
1800,-0.3722231686115265,-0.03158201277256012,0.20615382492542267
1801,-1.0605275630950928,-1.0136560201644897,-0.5067434310913086
1802,-1.098673939704895,-0.9089308381080627,-0.480229914188385
1803,-1.0369007587432861,-1.0123921632766724,-0.42274895310401917
1804,-0.48856163024902344,-0.26397210359573364,0.01981302909553051
1805,-1.0480284690856934,-1.0041818618774414,-0.4808724820613861
1806,-0.46586158871650696,-0.19622817635536194,0.3073371946811676
1807,-0.6324245929718018,-0.37326425313949585,0.882429838180542
1808,-0.36012542247772217,0.1317681521177292,0.335660845041275
1809,0.00712475273758173,0.45017683506011963,0.7023714184761047
1810,-0.40256527066230774,-0.06187644228339195,0.16189955174922943
1811,-1.0675615072250366,-0.9287309646606445,-0.3992656469345093
1812,-1.000867247581482,-0.8512516021728516,-0.3949194848537445
1813,-1.1241936683654785,-1.0945569276809692,-0.32729893922805786
1814,0.009059781208634377,0.49325546622276306,0.6337332725524902
1815,-1.102919578552246,-1.0589995384216309,-0.480534166097641
1816,-1.226052165031433,-1.0151911973953247,-0.48535966873168945
1817,-1.035022258758545,-0.9357208013534546,-0.4895584285259247
1818,-1.0721468925476074,-1.0012311935424805,-0.4560922682285309
1819,-1.0422226190567017,-0.9535250663757324,-0.4803360104560852
1820,-1.2400245666503906,-0.9613490700721741,-0.4485342800617218
1821,-1.047224760055542,-0.9543471932411194,-0.4165724515914917
1822,-0.5121612548828125,-0.34498876333236694,0.03726688772439957
1823,-1.043331503868103,-1.0079047679901123,-0.4966816306114197
1824,-1.0598384141921997,-0.8863256573677063,-0.4475759267807007
1825,-1.0307002067565918,-0.9876266717910767,-0.41461700201034546
1826,-1.0975592136383057,-0.8895081877708435,-0.45095932483673096
1827,-1.0803459882736206,-0.9818155765533447,-0.4350039064884186
1828,-0.7656720876693726,-0.6135968565940857,0.023517820984125137
1829,-1.0806293487548828,-1.0182843208312988,-0.4811837375164032
1830,-1.1008220911026,-0.8950517177581787,-0.27829962968826294
1831,-1.0359724760055542,-0.979333758354187,-0.5037161707878113
1832,-0.39986225962638855,-0.13196223974227905,0.14388827979564667
1833,-1.0352227687835693,-0.9565889835357666,-0.48014140129089355
1834,-0.5039942860603333,-0.2936773896217346,0.034395813941955566
1835,-1.0923784971237183,-1.0634815692901611,-0.472273588180542
