,q05,q50,q95
0,-0.19545525312423706,0.33789512515068054,0.5839031338691711
1,-0.08582920581102371,0.4402522146701813,0.462453156709671
2,-0.2496103197336197,0.20116806030273438,0.49741441011428833
3,0.00690851965919137,0.5621904134750366,0.9722642302513123
4,0.010163536295294762,0.7467902898788452,0.8102087378501892
5,-0.5748021602630615,-0.2637237310409546,0.20985187590122223
6,-1.3876745700836182,-0.8730277419090271,-0.19703854620456696
7,-0.39495083689689636,-0.07064379751682281,0.3506001830101013
8,-0.6339406967163086,-0.3598867952823639,0.09657695144414902
9,0.005615584552288055,0.5881496071815491,0.650422990322113
10,-1.0510812997817993,-1.016052484512329,-0.4514995217323303
11,0.020132770761847496,0.6472446322441101,0.7642151713371277
12,-0.5475375652313232,-0.2806890606880188,-0.007169671822339296
13,-0.9157984852790833,-0.7966079115867615,-0.31376412510871887
14,-0.9311099052429199,-0.7940430641174316,-0.2421332597732544
15,-1.096847414970398,-0.9900541305541992,-0.3786976933479309
16,-0.6909059286117554,-0.3038215935230255,-0.06677138805389404
17,0.00690851965919137,0.6061899065971375,0.8942307829856873
18,-0.5125423073768616,-0.2603306472301483,-0.02240832895040512
19,-0.526820719242096,-0.2823197841644287,-0.01078747771680355
20,-0.8037161231040955,-0.5943611860275269,-0.2260938435792923
21,-0.571148693561554,-0.33658546209335327,-0.006478514987975359
22,-0.6862722039222717,-0.4229795038700104,-0.07411619275808334
23,-1.0254054069519043,-0.9770475625991821,-0.4410211741924286
24,0.023362886160612106,0.6324312686920166,0.8471572399139404
25,-1.0948799848556519,-1.0069142580032349,-0.4505448043346405
26,-0.7632921934127808,-0.5923864245414734,-0.22570419311523438
27,-1.0322116613388062,-0.9991614818572998,-0.4428623914718628
28,0.020132770761847496,0.6545955538749695,0.7799068093299866
29,-1.0376083850860596,-0.9706601500511169,-0.42317456007003784
30,-1.1521581411361694,-0.9437524676322937,-0.454060822725296
31,-1.0283774137496948,-0.9827165007591248,-0.3920607268810272
32,-0.006256673019379377,0.5380896329879761,0.5910490155220032
33,-1.034674048423767,-0.9897770881652832,-0.47875654697418213
34,-0.1167539656162262,0.28722530603408813,0.43964478373527527
35,-0.20088770985603333,0.30989786982536316,0.42817744612693787
36,0.008687702007591724,0.5012747645378113,0.7464420795440674
37,0.017492974177002907,0.6676391959190369,0.7233347296714783
38,-0.5432192087173462,-0.315809965133667,0.2801932096481323
39,-0.2561267614364624,0.15679466724395752,0.3811229467391968
40,-0.5513795018196106,-0.33543291687965393,0.014423567801713943
41,0.009134549647569656,0.5057085156440735,0.7070627808570862
42,-0.8281105160713196,-0.7393880486488342,-0.25016963481903076
43,0.00690851965919137,0.6094284653663635,0.6927598714828491
44,0.009429973550140858,0.6078042984008789,0.7527192831039429
45,-0.5933519601821899,-0.42731335759162903,0.0566718652844429
46,-0.8393396139144897,-0.5969598293304443,-0.19295759499073029
47,-0.3718550503253937,-0.23519903421401978,0.5816234946250916
48,-0.6961323022842407,-0.5883442759513855,-0.018821032717823982
49,-0.7946076393127441,-0.6819738745689392,-0.1116989329457283
50,-0.5433655977249146,-0.28861764073371887,0.3195180296897888
51,-0.6436752676963806,-0.4450589418411255,-0.026058776304125786
52,0.022407840937376022,0.5639500021934509,0.7229583859443665
53,-0.49187594652175903,-0.23329313099384308,0.019709760323166847
54,-0.5178940892219543,-0.23633617162704468,0.0690670907497406
55,-0.6800819039344788,-0.4347440004348755,0.17810195684432983
56,-0.5612769722938538,-0.3751864433288574,0.09629786014556885
57,-0.6017100811004639,-0.41963526606559753,-0.010484810918569565
58,-0.8242117166519165,-0.7023725509643555,-0.2328387200832367
59,0.009632117114961147,0.5434951782226562,0.7417763471603394
60,-0.805362343788147,-0.735045850276947,-0.121272012591362
61,-0.6128305792808533,-0.3861033022403717,0.10360493510961533
62,-0.8490991592407227,-0.7105398178100586,-0.25848332047462463
63,0.01963714323937893,0.6064772605895996,0.7893797159194946
64,-0.8143468499183655,-0.6783444285392761,-0.17102524638175964
65,-0.7955740690231323,-0.6687694191932678,-0.10999254882335663
66,-0.8136692643165588,-0.6656208634376526,-0.23520046472549438
67,-0.010611766949295998,0.4069764316082001,0.563700795173645
68,-0.8469805121421814,-0.7423909902572632,-0.24524444341659546
69,-0.14826001226902008,0.30508360266685486,0.5199878215789795
70,-0.06252613663673401,0.2977800667285919,0.4662054181098938
71,-0.08425828814506531,0.32791370153427124,0.44478803873062134
72,-0.5545060038566589,-0.3698408305644989,0.04966680705547333
73,-0.6296234726905823,-0.3810950517654419,-0.050300482660532
74,-0.1756884753704071,0.20947180688381195,0.4368220269680023
75,-0.5382992625236511,-0.3569584786891937,0.1396024376153946
76,-0.08330586552619934,0.3288017511367798,0.4844980537891388
77,-0.7681504487991333,-0.6555061936378479,-0.18766358494758606
78,-0.12514759600162506,0.21146565675735474,0.45040878653526306
79,-0.06260035932064056,0.27740478515625,0.4608260989189148
80,-0.5889171957969666,-0.3493855595588684,-0.013324452564120293
81,-0.7793560028076172,-0.5969274640083313,-0.2648579776287079
82,-0.293375700712204,-0.12435712665319443,0.12680698931217194
83,-0.6449732780456543,-0.4531953036785126,-0.09728145599365234
84,-0.6575822830200195,-0.5252311825752258,-0.067702516913414
85,-0.32443952560424805,-0.023752355948090553,0.3968731164932251
86,-0.6497136950492859,-0.4191718101501465,-0.02182403765618801
87,-0.11600758135318756,0.124784916639328,0.42446351051330566
88,-0.2602333128452301,0.11671998351812363,0.3949489891529083
89,-0.42642685770988464,0.007430295925587416,0.31846126914024353
90,-0.7029929161071777,-0.5198771953582764,-0.09137390553951263
91,-0.5753313302993774,-0.28141456842422485,0.09451151639223099
92,-0.6083012819290161,-0.35444778203964233,-0.015064757317304611
93,-0.8450747728347778,-0.7789082527160645,-0.3846326470375061
94,-0.08424721658229828,0.3014390766620636,0.4647637903690338
95,-0.7345663905143738,-0.5054455399513245,-0.10087264329195023
96,-0.6118586659431458,-0.3859051764011383,-0.042177390307188034
97,-0.6873810887336731,-0.6156484484672546,-0.19302105903625488
98,-0.6279169917106628,-0.39326339960098267,-0.064723439514637
99,-0.7016438245773315,-0.4927487075328827,-0.07519768923521042
100,-0.7969663143157959,-0.6989195942878723,-0.1666487604379654
101,-0.08425828814506531,0.36138445138931274,0.4761285185813904
102,-0.7103576064109802,-0.6287387013435364,-0.1448991894721985
103,-0.011360494419932365,0.4012051522731781,0.5618091821670532
104,0.0023176756221801043,0.455973356962204,0.7281425595283508
105,-0.509777307510376,-0.12944357097148895,0.05741167813539505
106,-0.2785787284374237,0.1433030068874359,0.3667258322238922
107,-0.5024916529655457,-0.07519012689590454,0.19608230888843536
108,-0.8239256143569946,-0.7162856459617615,-0.23629364371299744
109,0.005282170604914427,0.5397213697433472,0.5499644875526428
110,0.009134549647569656,0.4609526991844177,0.6050133109092712
111,-0.567094087600708,-0.3611427843570709,0.004139528144150972
112,-0.7773628830909729,-0.5874344110488892,-0.09725164622068405
113,-0.35836654901504517,0.02255675569176674,0.6493353247642517
114,-0.6830630898475647,-0.5149723887443542,0.3826860785484314
115,-0.7802356481552124,-0.5619792938232422,0.06197128817439079
116,-0.5148580074310303,-0.06214481592178345,0.1434873342514038
117,-0.019033214077353477,0.3785088360309601,0.5618164539337158
118,-0.4836618900299072,-0.16797322034835815,0.16137363016605377
119,-0.5025487542152405,-0.18822181224822998,0.11116022616624832
120,-0.6596260070800781,-0.44375869631767273,0.007179896347224712
121,-0.5470927357673645,-0.2487158477306366,0.05486028641462326
122,-0.7954519987106323,-0.6158228516578674,-0.2099740207195282
123,0.022407840937376022,0.4932370185852051,0.5495800375938416
124,-0.8029502034187317,-0.7420753836631775,0.19446168839931488
125,-0.793531060218811,-0.5734888911247253,-0.21023151278495789
126,-0.00917225144803524,0.4702068567276001,0.6104723215103149
127,-0.7585389018058777,-0.6132181882858276,0.06773204356431961
128,-0.7495617866516113,-0.5521267652511597,-0.01973438449203968
129,-0.7960309386253357,-0.603625476360321,-0.07132062315940857
130,-0.09191147238016129,0.45440202951431274,0.6626158952713013
131,-0.8163049221038818,-0.6979280710220337,-0.23269055783748627
132,-0.028416035696864128,0.38430729508399963,0.7979681491851807
133,0.0028789853677153587,0.5128865838050842,0.7133128046989441
134,-0.6565016508102417,-0.29500895738601685,0.07850586622953415
135,0.023362886160612106,0.7873576283454895,0.9009748101234436
136,0.00690851965919137,0.6717031598091125,0.8843972682952881
137,-0.5021029710769653,-0.29728102684020996,0.2528761625289917
138,-0.4770407974720001,-0.051891472190618515,-0.025517156347632408
139,-0.3000311553478241,-0.027484796941280365,1.7935670614242554
140,-0.7666334509849548,-0.36475858092308044,0.029706476256251335
141,-0.7139405012130737,-0.3899340331554413,0.09336027503013611
142,-0.6793990135192871,-0.4338807761669159,0.13535219430923462
143,0.00690851965919137,0.5519209504127502,0.8640806674957275
144,-0.24209001660346985,0.24616943299770355,0.6200488209724426
145,-0.34788236021995544,0.07953345775604248,0.46758797764778137
146,-0.7572157382965088,-0.5122174620628357,0.20022577047348022
147,-0.48336681723594666,-0.2065012902021408,0.41475558280944824
148,-0.47879716753959656,-0.24786525964736938,0.21210643649101257
149,-0.5519014596939087,-0.2692537009716034,-0.028672346845269203
150,0.023362886160612106,0.6519665122032166,0.807966411113739
151,-0.6255452036857605,-0.34861502051353455,0.34945788979530334
152,-0.5520037412643433,-0.28681957721710205,-0.019403621554374695
153,0.011034057475626469,0.7895711064338684,0.821000337600708
154,-0.615999698638916,-0.26489102840423584,0.339141309261322
155,-0.7400104999542236,-0.5070927143096924,0.011548876762390137
156,-0.5694568753242493,-0.24225710332393646,-0.09090542048215866
157,-0.6136261820793152,-0.29794633388519287,-0.016275517642498016
158,-0.0536288283765316,0.32075801491737366,0.46199819445610046
159,-0.5189086198806763,-0.2868959605693817,0.3042823076248169
160,0.023362886160612106,0.6214902400970459,0.6866951584815979
161,-0.8508456945419312,-0.7569873332977295,-0.23083361983299255
162,0.010163536295294762,0.7971018552780151,0.8651543259620667
163,0.020132770761847496,0.7308592796325684,0.7665342092514038
164,-0.6502591371536255,-0.4744354486465454,0.029257170855998993
165,-0.7314426898956299,-0.5402053594589233,-0.18720291554927826
166,-0.30228278040885925,-0.14626522362232208,1.2053956985473633
167,-0.6890136003494263,-0.4501289129257202,0.11464597284793854
168,-0.7512257695198059,-0.7270917296409607,0.11434078961610794
169,-0.48370522260665894,-0.25494053959846497,0.2732563316822052
170,0.00690851965919137,0.6861276626586914,0.7618210911750793
171,-0.3586254417896271,0.03818090632557869,0.24471695721149445
172,-0.4486474394798279,-0.17778943479061127,0.2547544538974762
173,-0.832110583782196,-0.6768136024475098,0.005199301987886429
174,-0.5759668946266174,-0.36365294456481934,0.08202780038118362
175,-0.6077369451522827,-0.44178298115730286,0.1726626455783844
176,-0.8260388970375061,-0.7232009768486023,-0.22387078404426575
177,0.010163536295294762,0.6223878264427185,0.7491286396980286
178,-0.8268048167228699,-0.777013897895813,-0.08491214364767075
179,-0.8432087898254395,-0.7415592670440674,-0.19382530450820923
180,0.011034057475626469,0.6986644864082336,0.7601754665374756
181,-0.7899834513664246,-0.7354078888893127,0.16307008266448975
182,-0.8149245381355286,-0.7314969897270203,-0.08071307092905045
183,-0.840670108795166,-0.6490963101387024,-0.20202793180942535
184,0.023362886160612106,0.5778127312660217,0.6337174773216248
185,-0.8428626656532288,-0.8003261685371399,-0.21167191863059998
186,-0.8267938494682312,-0.6551363468170166,-0.14603853225708008
187,-0.5700737237930298,-0.32215023040771484,0.006887194234877825
188,-0.4703080356121063,-0.19554442167282104,0.21705280244350433
189,-0.8073139190673828,-0.6496049165725708,-0.23877383768558502
190,-0.5600674152374268,-0.2608620226383209,0.18698111176490784
191,-0.45379188656806946,-0.2502917945384979,0.31951332092285156
192,-0.5721616744995117,-0.29854825139045715,-0.01574847660958767
193,-0.8819209337234497,-0.6019670963287354,-0.06940283626317978
194,-0.7763869166374207,-0.6566169857978821,-0.23031239211559296
195,-0.5633505582809448,-0.3256753385066986,0.008608389645814896
196,-0.6352196931838989,-0.3536806106567383,-0.004108295775949955
197,-0.4201486110687256,-0.13944722712039948,0.49261316657066345
198,-0.5427625179290771,-0.29816633462905884,0.05122140794992447
199,-0.5553543567657471,-0.3031110167503357,-0.021979283541440964
200,-0.7360110282897949,-0.5683178305625916,-0.13029029965400696
201,-0.5657662153244019,-0.2993116080760956,0.0653349757194519
202,-0.5900812745094299,-0.3722982406616211,0.06645402312278748
203,-0.8724656701087952,-0.7700022459030151,-0.362192839384079
204,-0.3522707521915436,-0.05773860216140747,0.4110502302646637
205,-0.9066300988197327,-0.7188840508460999,-0.25515344738960266
206,-0.47601479291915894,-0.280778706073761,0.6075933575630188
207,-0.7960911989212036,-0.6526075601577759,-0.25223204493522644
208,-0.7978975772857666,-0.6832954287528992,-0.24627792835235596
209,-0.8584850430488586,-0.7633503079414368,-0.23947866261005402
210,-0.5420425534248352,-0.3947378098964691,0.21403832733631134
211,-0.8101722598075867,-0.6201616525650024,-0.23900091648101807
212,-0.7556526064872742,-0.527323842048645,-0.12445851415395737
213,-1.8056402206420898,-0.7340481281280518,-0.2821274697780609
214,-0.6619856357574463,-0.4428580701351166,0.20654985308647156
215,-1.0092557668685913,-0.8164738416671753,-0.08066968619823456
216,-1.059016466140747,-0.6101065278053284,-0.25733497738838196
217,-0.832459032535553,-0.6196898818016052,0.02580830082297325
218,-0.8848424553871155,-0.7375242114067078,-0.2877930700778961
219,-0.9171574115753174,-0.8103854060173035,-0.28212568163871765
220,-1.0143828392028809,-0.8071708679199219,-0.007556741125881672
221,-0.7802350521087646,-0.6248087882995605,-0.28200480341911316
222,-0.6312703490257263,-0.33541107177734375,0.06993204355239868
223,-0.8050143122673035,-0.524369478225708,-0.1518053412437439
224,-0.7350336909294128,-0.5205388069152832,-0.14983592927455902
225,-0.9352470636367798,-0.6611509919166565,-0.2959115207195282
226,-0.8097014427185059,-0.6276668310165405,-0.16370894014835358
227,-0.7589476108551025,-0.6314989924430847,-0.2719097435474396
228,-1.0200295448303223,-0.7943474054336548,-0.1622283011674881
229,-0.8823540210723877,-0.321109414100647,0.16544939577579498
230,-1.0154212713241577,-0.8665327429771423,-0.3157613277435303
231,-0.8928812146186829,-0.7116022706031799,-0.2775774300098419
232,-1.0224156379699707,-0.8707433938980103,-0.3289627730846405
233,-0.8315858840942383,-0.4318825900554657,0.6564723253250122
234,-1.0978472232818604,-0.8534203171730042,-0.3653562366962433
235,-1.016436219215393,-0.7558594942092896,-0.33661913871765137
236,-0.7494797110557556,-0.5034711956977844,0.08201827108860016
237,-1.0181130170822144,-0.7622042298316956,-0.06763145327568054
238,-0.5497844815254211,-0.3126713037490845,0.10643293708562851
239,-0.14734280109405518,0.18349230289459229,0.5250506401062012
240,-0.8142609000205994,-0.7401231527328491,-0.2420516163110733
241,-0.1333155632019043,0.30287787318229675,0.5186353921890259
242,-0.1498853862285614,0.17407752573490143,0.56260746717453
243,-0.5777922868728638,-0.37271440029144287,-0.02038647048175335
244,-0.8429561257362366,-0.573849618434906,-0.20144686102867126
245,-0.4735865890979767,-0.3160356283187866,0.11573193967342377
246,-0.6872045993804932,-0.5629259347915649,-0.027151139453053474
247,-0.802531898021698,-0.652984082698822,-0.1081601157784462
248,-0.5525544285774231,-0.3211447596549988,-0.01185558456927538
249,-0.6254487037658691,-0.40498286485671997,-0.008795694448053837
250,-0.19121219217777252,0.13954037427902222,0.5355210900306702
251,-0.514436662197113,-0.2090073674917221,-0.020778704434633255
252,-0.5236084461212158,-0.2332288771867752,-0.014223764650523663
253,-0.6525182723999023,-0.43074601888656616,0.17264163494110107
254,-0.5654895901679993,-0.3730242848396301,0.043052107095718384
255,-0.6032823920249939,-0.42455869913101196,-0.028793277218937874
256,-0.8244929909706116,-0.7089208364486694,-0.22626879811286926
257,-0.1546783447265625,0.22479788959026337,0.5438405871391296
258,-0.7938101887702942,-0.7075253129005432,-0.14074762165546417
259,-0.6126975417137146,-0.4068121314048767,0.08318299800157547
260,-0.8461174368858337,-0.721266508102417,-0.25229424238204956
261,-0.14772796630859375,0.13592375814914703,0.5737418532371521
262,-0.8196250796318054,-0.6963320970535278,-0.17452549934387207
263,-0.7852884531021118,-0.6718053221702576,-0.03715284541249275
264,-0.8050639629364014,-0.6648672819137573,-0.15841393172740936
265,-0.2545369565486908,0.02223728969693184,0.3148793578147888
266,-0.814565896987915,-0.7361356019973755,-0.24227552115917206
267,-0.5259727239608765,-0.25601717829704285,0.21383339166641235
268,-0.8760651350021362,-0.8148989081382751,-0.2984863221645355
269,-0.4920380413532257,-0.14098474383354187,0.4758540987968445
270,-0.47422921657562256,-0.180510014295578,0.41791194677352905
271,-0.5859878063201904,-0.25804489850997925,0.11816231161355972
272,-0.8805180191993713,-0.6045612096786499,-0.16069915890693665
273,-0.7956891655921936,-0.6584928035736084,-0.2618236541748047
274,-0.5328899621963501,-0.12472004443407059,0.27618369460105896
275,-0.7052627801895142,-0.39500516653060913,-0.021869327872991562
276,-0.485044926404953,-0.20894722640514374,0.6734123826026917
277,-0.5261081457138062,-0.17385967075824738,0.1688866913318634
278,-0.5331200361251831,-0.14037559926509857,0.5293996930122375
279,-0.5741519927978516,-0.3259202539920807,0.12582780420780182
280,-0.6930238008499146,-0.4119322896003723,0.2710108160972595
281,-0.9191242456436157,-0.7286807298660278,-0.3523891866207123
282,-0.4748401641845703,-0.09171859174966812,0.35894519090652466
283,-0.7992111444473267,-0.6212565898895264,-0.2548582851886749
284,-0.7487523555755615,-0.5669432878494263,-0.17072121798992157
285,-0.907150387763977,-0.842255175113678,-0.2788059115409851
286,-0.5021162033081055,-0.1810222864151001,0.441965252161026
287,-0.7944430112838745,-0.6146056056022644,-0.2498658001422882
288,-0.7820447683334351,-0.6402043104171753,-0.24458374083042145
289,-0.8851580619812012,-0.6768367290496826,-0.19463156163692474
290,-0.532386839389801,-0.2772284150123596,0.271437406539917
291,-0.8782450556755066,-0.7949793934822083,-0.32161882519721985
292,-0.7320714592933655,-0.5807251930236816,-0.11112145334482193
293,0.006867033429443836,0.6089345812797546,0.6435815691947937
294,0.023362886160612106,0.593040943145752,0.6896586418151855
295,-0.6244465112686157,-0.33999156951904297,0.1320730745792389
296,-0.6599280834197998,-0.37857314944267273,-0.05699371173977852
297,-0.17324641346931458,0.1301865577697754,0.5527194142341614
298,-0.636020839214325,-0.4158641993999481,-0.072382852435112
299,-0.6737186908721924,-0.5005735754966736,-0.058495454490184784
300,-0.3703702986240387,0.015853697434067726,0.34405308961868286
301,-0.7064089179039001,-0.4718087315559387,0.04990532621741295
302,0.006867033429443836,0.5060133337974548,0.6812340617179871
303,-0.27069902420043945,0.2591058611869812,0.3721640408039093
304,-0.3144064247608185,0.07083449512720108,0.38902637362480164
305,-0.7169952392578125,-0.5012901425361633,-0.05900048837065697
306,-0.527145266532898,-0.24931687116622925,0.1332712322473526
307,-0.7365593910217285,-0.5823155045509338,-0.20345866680145264
308,0.023362886160612106,0.5673847198486328,0.6800450086593628
309,-0.7135713696479797,-0.5731049180030823,-0.0994274839758873
310,-0.6015762090682983,-0.3730238080024719,0.33885106444358826
311,-0.6877774000167847,-0.4869363307952881,-0.12298649549484253
312,0.004067742265760899,0.4857288599014282,0.7103738784790039
313,-0.5998830795288086,-0.4393553137779236,0.4547775089740753
314,-0.7101269960403442,-0.49291300773620605,-0.08564803749322891
315,-0.7487409114837646,-0.5144930481910706,-0.22135688364505768
316,-0.00020016042981296778,0.5986661911010742,0.623451292514801
317,-0.722244918346405,-0.5503513813018799,-0.17722533643245697
318,-0.8340492844581604,-0.7436293959617615,-0.23473060131072998
319,-0.7693243622779846,-0.6330814957618713,-0.2496013343334198
320,-0.906805694103241,-0.6972317695617676,-0.42727166414260864
321,-0.9510570168495178,-0.8894069194793701,-0.4701484441757202
322,-1.0741474628448486,-0.9387062788009644,-0.42719024419784546
323,-1.0265837907791138,-1.0045952796936035,-0.4725487530231476
324,-0.9290129542350769,-0.7625526189804077,-0.3442673683166504
325,-1.0192862749099731,-0.9496691226959229,-0.43777352571487427
326,-0.6815217137336731,-0.4412494897842407,-0.11733490228652954
327,-0.8820688724517822,-0.617411732673645,-0.3080698251724243
328,-0.8992738723754883,-0.5626834630966187,-0.3302810490131378
329,-0.9953685998916626,-0.9590560793876648,-0.49254631996154785
330,-0.9214978814125061,-0.6996029019355774,-0.3560234010219574
331,-0.9855106472969055,-0.8334159255027771,-0.35575851798057556
332,-1.0188881158828735,-0.9638457298278809,-0.4943392276763916
333,-0.7382505536079407,-0.4556996822357178,-0.12912940979003906
334,-1.0405365228652954,-0.9843754172325134,-0.4977663457393646
335,-0.9694311618804932,-0.9093359708786011,-0.49024733901023865
336,-1.0304741859436035,-0.9981157779693604,-0.4357396364212036
337,-0.741836667060852,-0.6396874189376831,-0.2880919575691223
338,-1.0161110162734985,-0.9687970280647278,-0.4929061532020569
339,-1.0417332649230957,-0.9856775999069214,-0.49512743949890137
340,-1.0187029838562012,-0.978711724281311,-0.4809620678424835
341,-0.8776452541351318,-0.8256946802139282,-0.3091927766799927
342,-1.0258216857910156,-0.9815484881401062,-0.4939989745616913
343,0.010163536295294762,0.8462603092193604,0.9219517707824707
344,-0.7758634686470032,-0.5271305441856384,-0.10567488521337509
345,-0.25479891896247864,0.11324743926525116,0.4670414924621582
346,-0.7504042387008667,-0.448513001203537,0.07572006434202194
347,-0.7944287657737732,-0.6304048895835876,0.29831627011299133
348,-0.4628664553165436,-0.169101282954216,0.3071151375770569
349,0.023362886160612106,0.7237284183502197,0.8720659613609314
350,-0.3832339942455292,0.04485169053077698,0.3524831533432007
351,-0.5120528936386108,-0.08471128344535828,0.2187935709953308
352,-0.5734826326370239,-0.3627499043941498,0.19957014918327332
353,-0.8137021660804749,-0.6793611645698547,-0.15979553759098053
354,-0.8196604251861572,-0.7309335470199585,-0.1245589405298233
355,-0.8040363788604736,-0.6702708601951599,-0.10359971970319748
356,0.00690851965919137,0.6660044193267822,0.8307743072509766
357,-0.804529070854187,-0.6495733857154846,-0.18489928543567657
358,-0.837540328502655,-0.7282924056053162,-0.17901118099689484
359,-0.6094896197319031,-0.42223867774009705,0.12657903134822845
360,-0.6813596487045288,-0.5022777915000916,-0.14689019322395325
361,-0.23734107613563538,-0.07232972234487534,0.8565919399261475
362,-0.6437727808952332,-0.4325580894947052,-0.017620854079723358
363,-0.6843559145927429,-0.5166150331497192,-0.09514718502759933
364,-0.3435278832912445,-0.015237019397318363,0.6088619828224182
365,-0.6491295695304871,-0.47934582829475403,-0.034647271037101746
366,0.023362886160612106,0.6862922310829163,0.7486246824264526
367,-0.24718347191810608,0.21497081220149994,0.4922647774219513
368,-0.3445449471473694,0.047118548303842545,0.4176274836063385
369,-0.5329990983009338,-0.30466824769973755,0.1835559904575348
370,-0.61229407787323,-0.411300390958786,0.014505715109407902
371,-0.7302184700965881,-0.540162205696106,-0.1739308089017868
372,0.00690851965919137,0.6187304258346558,0.7410664558410645
373,-0.7050055861473083,-0.600688636302948,-0.13875968754291534
374,-0.5876273512840271,-0.40346765518188477,0.4502582848072052
375,-0.6991746425628662,-0.5064734816551208,-0.15808580815792084
376,0.011034057475626469,0.7197391390800476,0.7745234966278076
377,-0.6364911794662476,-0.46532827615737915,0.14408133924007416
378,-0.73798668384552,-0.5135387182235718,-0.08864408731460571
379,-0.7474281787872314,-0.5190222263336182,-0.1666012555360794
380,0.015817739069461823,0.49510833621025085,0.6825318336486816
381,-0.7173801064491272,-0.5682181715965271,-0.20955602824687958
382,-0.9130298495292664,-0.6841116547584534,-0.053836677223443985
383,-0.707859992980957,-0.4553987979888916,-0.13526321947574615
384,-0.74174964427948,-0.5380187630653381,-0.19074654579162598
385,-0.7573449015617371,-0.5801339149475098,-0.20531870424747467
386,-0.5553601980209351,-0.28523895144462585,0.0027400446124374866
387,-0.5676668286323547,-0.2411184161901474,-0.020974013954401016
388,-0.5701455473899841,-0.29475024342536926,0.11663571000099182
389,-0.5564327836036682,-0.3256375193595886,0.0004013570724055171
390,-0.5552539825439453,-0.3378908932209015,-0.023520825430750847
391,-0.6530016660690308,-0.42064398527145386,-0.13799692690372467
392,-0.5485798120498657,-0.299027681350708,-0.014051005244255066
393,-0.5664301514625549,-0.284098356962204,-0.028544548898935318
394,-0.8849167823791504,-0.8012826442718506,-0.3783600330352783
395,-0.4882844388484955,-0.2941979169845581,0.0668494924902916
396,-0.7653168439865112,-0.6118447184562683,-0.2033911794424057
397,-0.6540411114692688,-0.45348644256591797,-0.16227199137210846
398,-0.8304263949394226,-0.5973853468894958,-0.2219526320695877
399,-0.5938917398452759,-0.3778338134288788,-0.04378555342555046
400,-0.7521215677261353,-0.5529676675796509,-0.22285640239715576
401,-0.7573144435882568,-0.5647116899490356,-0.20462341606616974
402,-0.8996633887290955,-0.7796539664268494,-0.23310865461826324
403,-0.6078565120697021,-0.4147917330265045,-0.015940716490149498
404,-0.8521823287010193,-0.6757624745368958,-0.2343004047870636
405,-0.8596895337104797,-0.7191801071166992,-0.24703755974769592
406,-0.885833203792572,-0.7497639656066895,-0.34909918904304504
407,-0.9131372570991516,-0.8613132834434509,-0.42865145206451416
408,-0.802923858165741,-0.5280371904373169,0.30150243639945984
409,-0.8873571157455444,-0.7885959148406982,-0.17611820995807648
410,-0.6290284395217896,-0.37451669573783875,0.08361317217350006
411,-0.8047223687171936,-0.4913661479949951,-0.10415949672460556
412,-0.772682249546051,-0.49100685119628906,-0.1283101886510849
413,-0.9104838967323303,-0.764078676700592,-0.19552743434906006
414,-0.8556224703788757,-0.7090208530426025,-0.12251675128936768
415,-0.8581445813179016,-0.76587975025177,-0.17499586939811707
416,-0.9279411435127258,-0.8418383002281189,-0.4001609683036804
417,-0.6807138919830322,-0.3109491467475891,-0.1331930011510849
418,-0.905035138130188,-0.818063497543335,-0.4089409112930298
419,-0.8771494626998901,-0.7658752202987671,-0.1797134429216385
420,-0.8792532086372375,-0.6456953287124634,-0.19422486424446106
421,-0.667255699634552,-0.5064188838005066,-0.23964139819145203
422,-0.8987735509872437,-0.7883039116859436,-0.3542236089706421
423,-0.9242933392524719,-0.8037076592445374,-0.24434052407741547
424,-0.9148737788200378,-0.8045319318771362,-0.3940710425376892
425,-0.7585967779159546,-0.43744856119155884,-0.09533072263002396
426,-0.9280900955200195,-0.8489286303520203,-0.36829158663749695
427,-0.8213855624198914,-0.5657805800437927,-0.23195835947990417
428,-1.0104889869689941,-0.8293087482452393,-0.3022986054420471
429,-0.3541746139526367,-0.007182632107287645,1.0277409553527832
430,-0.8160196542739868,-0.6473795771598816,-0.17606501281261444
431,-0.6856192350387573,-0.49038416147232056,-0.08052323013544083
432,-0.7741632461547852,-0.5444691181182861,0.02521274797618389
433,-0.9952510595321655,-0.729497492313385,-0.2725185453891754
434,-0.5261330604553223,0.02821936272084713,2.031409978866577
435,-1.0142910480499268,-0.7930854558944702,-0.3816697597503662
436,-0.9968528151512146,-0.8185485005378723,-0.34075766801834106
437,-0.5393017530441284,0.003838655771687627,2.136012554168701
438,-0.8696547150611877,-0.7931991219520569,-0.2676321864128113
439,-1.000231385231018,-0.6891863346099854,-0.2923472821712494
440,-0.9682417511940002,-0.7858909964561462,-0.23747587203979492
441,-0.44035762548446655,-0.23560279607772827,0.7154335975646973
442,-0.9991406202316284,-0.8123049139976501,-0.29875579476356506
443,-1.0363552570343018,-0.8177496194839478,-0.07835745811462402
444,-0.7366253137588501,-0.5939599871635437,-0.1941756010055542
445,-0.8140074610710144,-0.687190055847168,-0.29829269647598267
446,-0.7696593999862671,-0.5566197633743286,-0.18584540486335754
447,-0.7531097531318665,-0.5529060363769531,-0.12321944534778595
448,-0.8434804677963257,-0.6732335090637207,-0.27576348185539246
449,-0.8276067972183228,-0.6978329420089722,-0.22051042318344116
450,-0.7994046807289124,-0.688460648059845,-0.296658992767334
451,-1.0118927955627441,-0.8574578762054443,-0.4007072448730469
452,-0.8353973031044006,-0.3735806345939636,-0.09023508429527283
453,-0.9710409045219421,-0.8652912974357605,-0.35323965549468994
454,-0.904712438583374,-0.718693733215332,-0.28320422768592834
455,-1.0261974334716797,-0.855297863483429,-0.2988855838775635
456,-0.981130063533783,-0.8378489017486572,-0.22129672765731812
457,-1.0587007999420166,-0.7987895607948303,-0.2873191237449646
458,-1.000097632408142,-0.8230634331703186,-0.12787321209907532
459,-0.7928221821784973,-0.47452405095100403,-0.11738132685422897
460,-1.015151858329773,-0.7955977320671082,-0.2781981825828552
461,-0.8195399641990662,-0.7056227922439575,-0.3834441304206848
462,-0.9342008233070374,-0.7145801186561584,-0.3788463771343231
463,-0.8159388899803162,-0.42965757846832275,0.003409027587622404
464,-0.8354762196540833,-0.6410793662071228,-0.31591179966926575
465,-0.8444104194641113,-0.6497762203216553,-0.33656617999076843
466,-1.0723520517349243,-0.8829435706138611,-0.39155712723731995
467,-0.7958236932754517,-0.6596234440803528,-0.33256518840789795
468,-0.8841806054115295,-0.6911320090293884,-0.3539102077484131
469,-1.0168495178222656,-0.9460321664810181,-0.46788477897644043
470,-0.6600766777992249,-0.34453076124191284,-0.01732795126736164
471,-1.068393588066101,-0.9845229983329773,-0.4650958776473999
472,-0.9497464895248413,-0.7516101002693176,-0.3800598382949829
473,-1.023803949356079,-0.9791082739830017,-0.4732176959514618
474,-0.7376285791397095,-0.45327919721603394,-0.07242218405008316
475,-1.0295642614364624,-0.936404824256897,-0.401181161403656
476,-1.0540695190429688,-0.9613743424415588,-0.45751702785491943
477,-1.003572702407837,-0.9403871893882751,-0.4000799357891083
478,-0.8438221216201782,-0.6741766929626465,-0.1453814059495926
479,-1.0180230140686035,-0.9657933115959167,-0.4748937487602234
480,-0.6284335255622864,-0.3916105628013611,-0.010830161161720753
481,-0.4150867760181427,-0.1371794044971466,0.47923824191093445
482,-0.5769201517105103,-0.3179360032081604,-0.02355598285794258
483,-0.5690518617630005,-0.31235945224761963,-0.008919982239603996
484,-0.6758934855461121,-0.5245425701141357,0.02485238015651703
485,-0.5779748558998108,-0.32600992918014526,0.020720748230814934
486,-0.5808612704277039,-0.35569214820861816,-0.03859802708029747
487,-0.39818814396858215,-0.09151078760623932,0.36755993962287903
488,-0.7968800663948059,-0.6898139119148254,-0.2507314383983612
489,-0.8046819567680359,-0.6965834498405457,-0.2500079274177551
490,-0.40426868200302124,-0.12952223420143127,0.5218085646629333
491,-0.7969598770141602,-0.6604832410812378,-0.24279208481311798
492,-0.7483976483345032,-0.6631217002868652,-0.24306383728981018
493,-0.8307831287384033,-0.6138920783996582,-0.1621038019657135
494,-0.5763176679611206,-0.39630889892578125,0.20367513597011566
495,-0.8028842806816101,-0.6548059582710266,-0.2412925362586975
496,-0.6544678807258606,-0.4273979365825653,0.0028481674380600452
497,-0.5807060599327087,-0.3627435564994812,-0.018627528101205826
498,-0.558318555355072,-0.33511483669281006,-0.02752225287258625
499,-0.7248208522796631,-0.4402901828289032,-0.19424916803836823
500,-0.5791362524032593,-0.33237224817276,-0.033985015004873276
501,-0.6721793413162231,-0.34142738580703735,-0.06139828637242317
502,-0.9483767747879028,-0.8250759243965149,-0.2716653048992157
503,-0.6826638579368591,-0.4316597878932953,-0.038535188883543015
504,-0.7905505895614624,-0.5900733470916748,-0.20202641189098358
505,-0.7267438769340515,-0.47380873560905457,-0.19950126111507416
506,-0.9037845730781555,-0.7560687065124512,-0.32163286209106445
507,-0.8402653336524963,-0.5969111919403076,-0.22193890810012817
508,-0.7730048298835754,-0.5592437386512756,-0.19899697601795197
509,-0.9675698280334473,-0.7789025902748108,-0.2358933836221695
510,-0.682698667049408,-0.48559069633483887,-0.03534315899014473
511,-0.9463866949081421,-0.8539735674858093,-0.25748997926712036
512,-0.26872754096984863,0.14374862611293793,0.5091401934623718
513,-0.3726043105125427,-0.03857404738664627,0.3420950472354889
514,-0.4520798921585083,-0.17309457063674927,0.3738561272621155
515,-0.5616893172264099,-0.36232030391693115,0.18447048962116241
516,-0.6932926177978516,-0.4873712658882141,-0.15130452811717987
517,0.020132770761847496,0.5531473755836487,0.7657923698425293
518,-0.6878632307052612,-0.430519700050354,0.006711430381983519
519,-0.5901240706443787,-0.3869453966617584,0.21702897548675537
520,-0.5410058498382568,-0.3024229407310486,-0.0305866040289402
521,0.00690851965919137,0.6040967106819153,0.7866401076316833
522,-0.6021914482116699,-0.392599493265152,-0.00864997785538435
523,-0.7711321711540222,-0.5354303121566772,-0.024185027927160263
524,-0.6859229803085327,-0.4500243365764618,-0.17385852336883545
525,0.00302901491522789,0.44160252809524536,0.6617058515548706
526,-0.5778918266296387,-0.3505810797214508,-0.032157812267541885
527,-0.5226460099220276,-0.2885926067829132,0.001081170397810638
528,-0.6426883339881897,-0.5023036003112793,-0.052266038954257965
529,-0.5455833077430725,-0.3301156461238861,-0.011193230748176575
530,-0.5598278045654297,-0.3512447774410248,-0.02755950205028057
531,-0.7911611795425415,-0.6041072010993958,-0.22435757517814636
532,-0.26362353563308716,0.17860259115695953,0.36296239495277405
533,-0.7872306704521179,-0.6847965717315674,-0.1732141673564911
534,-0.5925780534744263,-0.4252355992794037,-0.03190266713500023
535,-0.7572526335716248,-0.5770694017410278,-0.2149278074502945
536,-0.30011266469955444,0.10756589472293854,0.4066351354122162
537,-0.7678542137145996,-0.5930055975914001,-0.1805264949798584
538,-0.7541881799697876,-0.6171014308929443,-0.08798286318778992
539,-0.7705269455909729,-0.4599587917327881,-0.19810746610164642
540,-0.3995201289653778,-0.004059190861880779,0.24102656543254852
541,-0.7686800360679626,-0.6279703974723816,-0.23575741052627563
542,-0.5989723801612854,-0.3483685851097107,-0.042123064398765564
543,-0.5461269617080688,-0.3150280714035034,-0.015756754204630852
544,-0.5542316436767578,-0.28479060530662537,-0.025514371693134308
545,-0.7740538716316223,-0.5333989858627319,-0.22906376421451569
546,-0.3379107713699341,-0.028492026031017303,0.39281317591667175
547,-0.7787252068519592,-0.6423726081848145,-0.20531512796878815
548,-0.5808283090591431,-0.3702293634414673,-0.03894120827317238
549,-0.7491229176521301,-0.5493125915527344,-0.21932050585746765
550,-0.38180750608444214,-0.02336072362959385,0.36121225357055664
551,-0.7653934955596924,-0.544805109500885,-0.22418297827243805
552,-0.7241362929344177,-0.5775972604751587,-0.08008371293544769
553,-0.7762711048126221,-0.5568472146987915,-0.21499331295490265
554,-0.4398628771305084,-0.13067439198493958,0.04009532183408737
555,-0.7699777483940125,-0.5511269569396973,-0.21491596102714539
556,-0.6877588033676147,-0.5385612845420837,-0.20976758003234863
557,-0.7464787364006042,-0.5555973052978516,-0.21730932593345642
558,-0.951805055141449,-0.7711617350578308,-0.12543539702892303
559,-0.7041352987289429,-0.49030041694641113,-0.11132625490427017
560,-0.9508786797523499,-0.823347270488739,-0.29299524426460266
561,-0.7595646381378174,-0.5814098119735718,-0.2362229824066162
562,-0.8982539772987366,-0.7957618832588196,-0.26570600271224976
563,-0.9346985220909119,-0.8516837954521179,-0.29358479380607605
564,-0.811801016330719,-0.6672536134719849,-0.26033473014831543
565,-0.9805446863174438,-0.8105998635292053,-0.3767712116241455
566,-0.7570827603340149,-0.5693877935409546,-0.06298579275608063
567,-0.9035857915878296,-0.8365316987037659,-0.22074034810066223
568,-0.5820118188858032,-0.38677334785461426,-0.04657387360930443
569,-0.8573760390281677,-0.7202791571617126,-0.2481256127357483
570,-0.46337276697158813,-0.11445997655391693,0.12612372636795044
571,-0.784264862537384,-0.6588725447654724,-0.231174036860466
572,-0.6811359524726868,-0.4962964951992035,-0.1264498233795166
573,-0.7717775106430054,-0.6183035969734192,-0.2340165227651596
574,-0.5487692952156067,-0.2581961154937744,0.2679981589317322
575,-0.7534688115119934,-0.5740253329277039,-0.23045870661735535
576,-0.7932751178741455,-0.6283410787582397,-0.23966525495052338
577,-0.8852778077125549,-0.7358282804489136,-0.2017282247543335
578,-0.5818799734115601,-0.33643582463264465,0.17006152868270874
579,-0.8024531006813049,-0.6627837419509888,-0.24655158817768097
580,-0.8982261419296265,-0.8254365921020508,-0.28603923320770264
581,-0.5703572630882263,-0.2890114486217499,-0.05915602296590805
582,-0.7946329116821289,-0.6513391733169556,-0.2505336403846741
583,-0.7263632416725159,-0.5246138572692871,-0.19220489263534546
584,-0.8253008723258972,-0.7054718732833862,-0.2512015104293823
585,-0.6030465364456177,-0.3656315505504608,-0.03503407910466194
586,-0.7675641179084778,-0.5949106812477112,-0.22542639076709747
587,-0.7465470433235168,-0.5946378111839294,-0.22452524304389954
588,-0.9252669811248779,-0.825690507888794,-0.29031193256378174
589,-0.6082898378372192,-0.4279349744319916,0.0025083404034376144
590,-0.8215717673301697,-0.7852041125297546,-0.23512853682041168
591,-0.795279324054718,-0.4866994023323059,-0.12797121703624725
592,-1.0312093496322632,-0.9748984575271606,-0.49559828639030457
593,-1.055700659751892,-0.9943588376045227,-0.49134448170661926
594,-1.0222313404083252,-0.9710087180137634,-0.471518874168396
595,-0.8424279093742371,-0.5508110523223877,-0.20193229615688324
596,-1.038781762123108,-1.0027618408203125,-0.4997885823249817
597,-1.0490329265594482,-0.950918436050415,-0.47201746702194214
598,-1.0261865854263306,-0.9905480146408081,-0.4767623841762543
599,-0.8981368541717529,-0.7089675068855286,-0.2693389356136322
600,-1.015873670578003,-0.9481492638587952,-0.4726813733577728
601,-0.701730489730835,-0.34717902541160583,-0.08087698370218277
602,-0.5932036638259888,-0.35817793011665344,0.4654047191143036
603,-0.5958213806152344,-0.38354241847991943,-0.08189068734645844
604,0.011034057475626469,0.5342329144477844,0.7280461192131042
605,-0.5816321969032288,-0.35495197772979736,0.2754420340061188
606,-0.7014142274856567,-0.4641750752925873,-0.08364132046699524
607,-0.6491104364395142,-0.43550798296928406,-0.007424101233482361
608,0.023362886160612106,0.4955747425556183,0.6433847546577454
609,-0.6046562790870667,-0.3698408007621765,-0.0620877705514431
610,-1.0862807035446167,-0.9205044507980347,-0.43274882435798645
611,-1.0260670185089111,-0.9614240527153015,-0.49452143907546997
612,-0.7600647211074829,-0.6193866729736328,0.043928854167461395
613,-1.0616724491119385,-0.9779447317123413,-0.48200175166130066
614,-1.0591118335723877,-0.9743762016296387,-0.49449604749679565
615,-1.0317965745925903,-0.9711436629295349,-0.4783335030078888
616,-0.8500809669494629,-0.7654310464859009,0.20508140325546265
617,-1.0175018310546875,-0.9666182398796082,-0.49449604749679565
618,-0.8972176909446716,-0.7898887991905212,-0.34669485688209534
619,-0.6074108481407166,-0.37071526050567627,0.03352732211351395
620,-0.8981572985649109,-0.8158324360847473,-0.30430087447166443
621,-0.849173367023468,-0.6962166428565979,-0.2855527698993683
622,-0.9199078679084778,-0.8041073083877563,-0.2389131486415863
623,-0.6285505294799805,-0.4535459578037262,-0.0703182965517044
624,-0.9319571852684021,-0.8445559740066528,-0.34881851077079773
625,-0.7503291368484497,-0.4696180522441864,-0.13628855347633362
626,-1.0416395664215088,-0.9862149953842163,-0.48129138350486755
627,-1.0036028623580933,-0.9504514932632446,-0.49452143907546997
628,-1.0279967784881592,-0.9462801218032837,-0.46647119522094727
629,-0.8692793846130371,-0.7355913519859314,-0.2781585156917572
630,-1.0193597078323364,-0.9795753359794617,-0.4948926568031311
631,-0.7225690484046936,-0.47616609930992126,0.016291048377752304
632,-0.7469019293785095,-0.5081650614738464,-0.14619603753089905
633,0.00472217658534646,0.45826026797294617,0.6930997371673584
634,-0.7153039574623108,-0.5185608863830566,-0.17410962283611298
635,-1.1175663471221924,-0.9808299541473389,-0.49512743949890137
636,-0.8480507135391235,-0.7112864255905151,0.27467605471611023
637,-1.016843557357788,-0.954848051071167,-0.47378185391426086
638,-1.0187363624572754,-0.8484099507331848,-0.44874125719070435
639,-0.8623433113098145,-0.6136910319328308,-0.20216870307922363
640,-0.9997045397758484,-0.8754639029502869,-0.4526662528514862
641,-0.9003792405128479,-0.7018755674362183,-0.23979666829109192
642,-1.0206276178359985,-0.9648750424385071,-0.4774066209793091
643,-0.858103334903717,-0.7307046055793762,-0.24316935241222382
644,-0.1088862493634224,0.2948560416698456,0.40635570883750916
645,-0.2200165092945099,0.2971767783164978,0.444167822599411
646,-0.06807926297187805,0.4366456866264343,0.7604536414146423
647,-0.5307328701019287,-0.2685498297214508,0.3862258791923523
648,-0.5404811501502991,-0.32963070273399353,0.3595157563686371
649,-0.1936279982328415,0.24609622359275818,0.36430782079696655
650,-0.4830603003501892,-0.14983537793159485,0.33078083395957947
651,-0.061153508722782135,0.45406901836395264,0.6414663791656494
652,-0.5507897138595581,-0.3247518837451935,0.04238162562251091
653,-0.07400447875261307,0.43656355142593384,0.5384827256202698
654,-0.5731626749038696,-0.3977365791797638,0.09535343945026398
655,-0.37098193168640137,-0.1663055121898651,0.23800694942474365
656,-0.5994032025337219,-0.4233742654323578,-0.027266042307019234
657,-0.5948724746704102,-0.41930916905403137,0.06011718884110451
658,-0.48105359077453613,-0.1195044070482254,0.44740384817123413
659,-0.6346950531005859,-0.513556718826294,-0.045836083590984344
660,-0.09184085577726364,0.4962143301963806,0.6812847852706909
661,-0.4212282598018646,-0.11320865154266357,0.1347760409116745
662,-0.4640832841396332,-0.1834290474653244,0.3009926974773407
663,-0.6396433711051941,-0.49650681018829346,0.05301469564437866
664,-0.5215209126472473,-0.26439231634140015,0.24999915063381195
665,-0.5703088045120239,-0.39044663310050964,0.08387362957000732
666,-0.5487574338912964,-0.19947606325149536,0.051817387342453
667,-0.08283299207687378,0.4495149850845337,0.7029901146888733
668,-0.6420709490776062,-0.4491276741027832,-0.03558685630559921
669,-0.5595864653587341,-0.3772750198841095,0.15131133794784546
670,-0.5345383286476135,-0.27854934334754944,0.08992845565080643
671,-0.09340964257717133,0.4822554290294647,0.682115912437439
672,-0.5737123489379883,-0.3302800953388214,0.07174038887023926
673,-0.6936626434326172,-0.5263009071350098,-0.05326283723115921
674,-0.5036002397537231,-0.11717191338539124,0.1823686808347702
675,-0.10816775262355804,0.3263119161128998,0.5284934043884277
676,-0.5557723641395569,-0.23461821675300598,0.019499382004141808
677,-0.10151467472314835,0.3296452462673187,0.4704534113407135
678,-0.219858780503273,0.2799944281578064,0.42216160893440247
679,0.020132770761847496,0.7013393640518188,0.9731253385543823
680,0.023362886160612106,0.6365901827812195,0.7383487224578857
681,-0.5508217215538025,-0.3560732901096344,0.15791432559490204
682,-0.9642879962921143,-0.8784493803977966,-0.3236185908317566
683,-0.27295514941215515,-0.005115916486829519,0.23061081767082214
684,-0.5395923852920532,-0.18038572371006012,0.21661102771759033
685,0.0054636066779494286,0.5267833471298218,0.6472428441047668
686,-1.1068071126937866,-1.09992516040802,-0.4742681682109833
687,0.010163536295294762,0.8208297491073608,0.9112502336502075
688,0.009429973550140858,0.6016930937767029,0.7873263359069824
689,-0.566872239112854,-0.37742942571640015,-0.016905713826417923
690,-0.7933515906333923,-0.6754974722862244,-0.2113393098115921
691,-0.9705495238304138,-0.894849419593811,-0.32359838485717773
692,-1.0668690204620361,-0.9689916968345642,-0.4464402496814728
693,-0.5830867886543274,-0.3783862292766571,0.07297352701425552
694,-0.6228885650634766,-0.39429086446762085,-0.0064453366212546825
695,0.006442272569984198,0.5618566870689392,0.7393279075622559
696,-0.49739885330200195,-0.28409838676452637,0.01342815812677145
697,-0.5368943214416504,-0.3177869915962219,-0.00443823728710413
698,-0.7976834177970886,-0.7008795738220215,-0.2289433479309082
699,-0.5786343216896057,-0.38741979002952576,-0.04184070974588394
700,-0.5830757021903992,-0.4004814028739929,-0.049604807049036026
701,-1.1784615516662598,-1.1473942995071411,-0.5059282779693604
702,0.009429973550140858,0.4895409047603607,0.67967689037323
703,-1.089827537536621,-1.0566819906234741,-0.45935502648353577
704,-0.7815245985984802,-0.6892762184143066,-0.23019932210445404
705,-1.1158283948898315,-1.1040499210357666,-0.48233577609062195
706,0.023362886160612106,0.5991640686988831,0.808502197265625
707,-1.0760987997055054,-0.9470123648643494,-0.4543684422969818
708,-1.0241400003433228,-0.9875525832176208,-0.4060326814651489
709,-1.1070902347564697,-1.105380654335022,-0.4492795765399933
710,-0.003372448030859232,0.53428053855896,0.5451579689979553
711,-1.1026427745819092,-1.0778697729110718,-0.4806804656982422
712,-0.14362625777721405,0.360402911901474,0.4799524247646332
713,-0.11325352638959885,0.20298399031162262,0.43799257278442383
714,-0.064342200756073,0.32276302576065063,0.4711795449256897
715,-0.38845086097717285,0.10740099847316742,0.387977659702301
716,-0.45612582564353943,0.015872040763497353,0.2528567612171173
717,-0.14676406979560852,0.3267335891723633,0.44662678241729736
718,-0.37656688690185547,0.06475292891263962,0.32302963733673096
719,-0.08330586552619934,0.3047355115413666,0.47733211517333984
720,-0.6016781330108643,-0.15716083347797394,0.10906507819890976
721,-0.0908348560333252,0.29293274879455566,0.44812268018722534
722,-0.0743352547287941,0.28688737750053406,0.4322534203529358
723,-0.4132741391658783,-0.013569993898272514,0.3253770172595978
724,-0.33669403195381165,-0.11117139458656311,0.18712174892425537
725,-0.2674693167209625,0.08391052484512329,0.3529376983642578
726,-0.4825763404369354,-0.0917675793170929,0.19847138226032257
727,-0.5619611144065857,-0.14781345427036285,0.10436466336250305
728,-0.2562914192676544,0.3107307255268097,0.41083574295043945
729,-0.4411287307739258,-0.0977533683180809,0.09054900705814362
730,-0.08992484211921692,0.2819588780403137,0.4530998468399048
731,-0.21110840141773224,0.2928929030895233,0.45248228311538696
732,-0.2837972640991211,0.2466546595096588,0.4361557364463806
733,-0.5642521381378174,-0.197731152176857,0.16805358231067657
734,-0.3495267927646637,0.18410128355026245,0.348766952753067
735,-0.4184032380580902,-0.015894068405032158,0.265491783618927
736,-0.5383215546607971,-0.22383016347885132,0.0730883851647377
737,-0.08424721658229828,0.298610121011734,0.46185994148254395
738,-0.6129587292671204,-0.1599041372537613,0.006460191681981087
739,-0.45357224345207214,-0.0027976164128631353,0.23333869874477386
740,-0.5766218304634094,-0.08170474320650101,0.1444515436887741
741,-0.11716875433921814,0.1903340071439743,0.41500669717788696
742,-0.5290843844413757,-0.0872989222407341,0.13142213225364685
743,-0.6756025552749634,-0.21795614063739777,0.10688465088605881
744,-0.5445422530174255,-0.2621409595012665,0.13380222022533417
745,-0.08278673887252808,0.3606020212173462,0.4656098484992981
746,-0.5862120389938354,-0.21610179543495178,0.12743782997131348
747,-0.11058450490236282,0.354983925819397,0.4529976546764374
748,-0.08332126587629318,0.3292803466320038,0.45193570852279663
749,-0.6151653528213501,-0.3752424716949463,0.005984402261674404
750,-0.9216955304145813,-0.8175600171089172,-0.3522394299507141
751,-0.26007089018821716,0.0324423611164093,0.25055256485939026
752,-0.6015623211860657,-0.22845885157585144,0.16718626022338867
753,-0.06260035932064056,0.32221052050590515,0.510251522064209
754,-1.0844680070877075,-1.052788257598877,-0.4803202450275421
755,-0.08798807859420776,0.42132672667503357,0.537406861782074
756,-0.08330586552619934,0.2753928005695343,0.47689446806907654
757,-0.5938481688499451,-0.38334277272224426,-0.02387145534157753
758,-0.8673434257507324,-0.6527506709098816,-0.1753915548324585
759,-0.9671868085861206,-0.8714271187782288,-0.33572128415107727
760,-1.0537340641021729,-0.973373532295227,-0.4732518494129181
761,-0.625240683555603,-0.41307589411735535,0.01717310957610607
762,-0.6187926530838013,-0.40372204780578613,-0.06752508878707886
763,-0.11924902349710464,0.18196922540664673,0.44432827830314636
764,-0.5172382593154907,-0.20475991070270538,0.039261139929294586
765,-0.5434102416038513,-0.31572622060775757,0.0018414151854813099
766,-0.7303134799003601,-0.6188094019889832,-0.16664080321788788
767,-0.5923004746437073,-0.28988632559776306,-0.0450245626270771
768,-0.6002256870269775,-0.4162886440753937,-0.087101511657238
769,-1.1230016946792603,-1.1439518928527832,-0.49144044518470764
770,-0.06187170743942261,0.30062979459762573,0.5069534182548523
771,-1.0729777812957764,-1.0093257427215576,-0.4741661548614502
772,-0.6923664212226868,-0.5102285742759705,-0.1641242504119873
773,-1.1018269062042236,-1.1168054342269897,-0.43928632140159607
774,-0.06388010084629059,0.25014787912368774,0.5980631709098816
775,-1.093531608581543,-0.9167281985282898,-0.47256943583488464
776,-1.0232001543045044,-0.9808351397514343,-0.4045371413230896
777,-1.1005381345748901,-1.0525766611099243,-0.40735557675361633
778,-0.08060189336538315,0.30777889490127563,0.4826282858848572
779,-1.0983086824417114,-1.0562012195587158,-0.4847421944141388
780,-0.07046885043382645,0.38312217593193054,0.5287845730781555
781,-0.10577628016471863,0.4002830386161804,0.5038363933563232
782,-0.4977526366710663,-0.011711610481142998,0.32510852813720703
783,-0.5324869751930237,-0.1129351481795311,0.06152055040001869
784,-0.1833234578371048,0.23469826579093933,0.3607249855995178
785,-0.5075584053993225,-0.04116768762469292,0.35751163959503174
786,-0.09281069785356522,0.40398257970809937,0.5103462934494019
787,-0.5531948208808899,-0.0932774767279625,0.1705201119184494
788,-0.09980420768260956,0.4205573499202728,0.539076030254364
789,-0.06718586385250092,0.417462557554245,0.511676013469696
790,-0.5513894557952881,-0.33229124546051025,0.08549672365188599
791,-0.35908061265945435,0.03435422480106354,0.7932102680206299
792,-0.3591030538082123,0.19593195617198944,0.9036917686462402
793,-0.578253448009491,-0.3287825882434845,0.07811183482408524
794,-0.5587096214294434,-0.17656971514225006,0.025754738599061966
795,-0.4661788046360016,0.014751619659364223,0.2837304472923279
796,-0.618320107460022,-0.4031776785850525,0.005782133433967829
797,-0.06807926297187805,0.40901097655296326,0.5035703778266907
798,-0.4731696546077728,-0.11117800325155258,0.37297794222831726
799,-0.45325037837028503,-0.07141661643981934,0.15952655673027039
800,-0.6381452083587646,-0.4408506751060486,0.13076262176036835
801,-0.5276951193809509,-0.1886448860168457,0.03029191866517067
802,-0.5505005121231079,-0.2558755576610565,0.08887029439210892
803,-0.5061803460121155,0.10512649267911911,0.7591228485107422
804,-0.07046885043382645,0.39270371198654175,0.5199282765388489
805,-0.6054055690765381,-0.26222410798072815,0.3717484772205353
806,-0.5630887746810913,-0.2680654227733612,0.11236698925495148
807,-0.486259788274765,0.03970235213637352,0.06654755771160126
808,-0.06807926297187805,0.4099372923374176,0.5658243894577026
809,-0.5268736481666565,-0.05100565031170845,0.07500021904706955
810,-0.6349164247512817,-0.3432390093803406,0.16088755428791046
811,-0.5112550854682922,0.07119853794574738,0.3388781249523163
812,-0.12044978886842728,0.4182848632335663,0.46386319398880005
813,-0.5270693898200989,-0.031083540990948677,0.05564399063587189
814,0.00690851965919137,0.5617367625236511,0.648461639881134
815,0.006440439261496067,0.5769523978233337,0.6701008677482605
816,-0.5568079948425293,-0.27533087134361267,0.17977865040302277
817,-0.9504226446151733,-0.8112757802009583,-0.2554440498352051
818,-0.3714911639690399,-0.012396072968840599,0.24264611303806305
819,-0.5192766785621643,-0.06606987863779068,0.7561054229736328
820,0.023362886160612106,0.5815514326095581,0.6531383395195007
821,-1.0953344106674194,-1.031056523323059,-0.37092265486717224
822,0.006440439261496067,0.4609447121620178,0.6506063342094421
823,-0.5555769801139832,-0.366653174161911,-0.014658418484032154
824,-0.7858903408050537,-0.6418479084968567,-7.021694909781218e-05
825,-0.969675600528717,-0.9614853858947754,-0.3004913926124573
826,-1.0749951601028442,-0.939264178276062,-0.3743607699871063
827,-0.5780116319656372,-0.32897868752479553,0.04949302598834038
828,0.023362886160612106,0.4694603681564331,0.6832217574119568
829,-0.5120449066162109,-0.25065091252326965,-0.015267644077539444
830,-0.5307788848876953,-0.3102547824382782,-0.009668576531112194
831,-0.7700211405754089,-0.6214698553085327,-0.10164333134889603
832,-0.5585314631462097,-0.33474430441856384,-0.04111804440617561
833,-0.5660895705223083,-0.3930266797542572,-0.04999866336584091
834,-1.177924633026123,-1.1305681467056274,-0.3369186222553253
835,0.00690851965919137,0.6072295904159546,0.6494866013526917
836,-1.0714921951293945,-1.0486583709716797,-0.3859597146511078
837,-0.7482786178588867,-0.6361720561981201,-0.16678033769130707
838,-1.132927417755127,-1.1314719915390015,-0.47181639075279236
839,0.006442272569984198,0.4633341431617737,0.6632555723190308
840,-1.0638251304626465,-0.8803887367248535,-0.3848864436149597
841,-1.0488101243972778,-0.99742591381073,-0.27963539958000183
842,-1.0940526723861694,-1.072356104850769,-0.32277384400367737
843,-0.0008876693900674582,0.4920603930950165,0.5522047877311707
844,-1.0986114740371704,-1.0682790279388428,-0.3812680244445801
845,0.010163536295294762,0.6781654953956604,0.7980819940567017
846,-0.07212074846029282,0.2362973541021347,0.8044233322143555
847,-0.40954288840293884,-0.05730411410331726,0.4177638590335846
848,-0.4369021952152252,-0.1654050052165985,0.6904004216194153
849,-0.1428668051958084,0.30152422189712524,0.915370523929596
850,-0.34001627564430237,0.039030320942401886,0.5662960410118103
851,-0.7825369834899902,-0.5974941849708557,0.5370200276374817
852,-0.29797229170799255,-0.033027276396751404,0.7571009993553162
853,-0.4080978333950043,-0.04293952137231827,0.9128062129020691
854,-0.7003697752952576,-0.44305890798568726,0.7614160776138306
855,0.023362886160612106,0.6979771852493286,0.7815247774124146
856,-0.2534385025501251,0.06711634993553162,0.4954706132411957
857,-0.3593428432941437,-0.023959223181009293,0.04304901883006096
858,-0.493932843208313,-0.26634693145751953,0.006678930949419737
859,-0.5905673503875732,-0.41236573457717896,-0.06508070230484009
860,-0.6117175221443176,-0.43094828724861145,-0.06398820877075195
861,-0.30235555768013,0.10721037536859512,0.44547614455223083
862,-0.5111111998558044,-0.29557785391807556,0.2210506796836853
863,-0.010565985925495625,0.36610904335975647,0.617538571357727
864,-0.37979191541671753,-0.007168614771217108,0.4143624007701874
865,0.00966596882790327,0.6020522117614746,0.6865184307098389
866,-0.554137647151947,-0.3761223256587982,0.014024082571268082
867,0.010163536295294762,0.6949959397315979,0.7432613372802734
868,-0.4984786808490753,-0.3102335035800934,0.2884393632411957
869,-0.41733717918395996,0.016230253502726555,0.210745707154274
870,-0.1827978491783142,0.14291445910930634,0.4851382076740265
871,-0.6211495995521545,-0.4354393184185028,0.21503295004367828
872,-0.6179417967796326,-0.42089706659317017,0.17446602880954742
873,-0.20371872186660767,0.24525804817676544,0.6191409826278687
874,-0.7307244539260864,-0.5195701718330383,0.29551008343696594
875,0.020132770761847496,0.720732569694519,0.7573365569114685
876,-0.14860522747039795,0.28096190094947815,0.6372377872467041
877,-0.32957690954208374,-0.005302858538925648,0.5418010354042053
878,-0.7949760556221008,-0.6361550092697144,0.12781743705272675
879,-0.31869080662727356,-0.09099899232387543,0.32488733530044556
880,-0.5842064023017883,-0.40183478593826294,0.26932427287101746
881,-0.39299362897872925,-0.0674121156334877,0.13698148727416992
882,0.00690851965919137,0.6604012250900269,0.7605975270271301
883,-0.7282077670097351,-0.5404105186462402,0.04685305804014206
884,-0.5504949688911438,-0.3989697992801666,0.24789413809776306
885,-0.4067766070365906,-0.1689896434545517,0.09876248985528946
886,0.020132770761847496,0.7335808873176575,0.7857797741889954
887,-0.5268902778625488,-0.31372883915901184,0.09864932298660278
888,-0.7925289869308472,-0.6351790428161621,0.11052458733320236
889,-0.39540985226631165,-0.14488628506660461,0.16203197836875916
890,0.007495281286537647,0.6002893447875977,0.6874474883079529
891,-0.4372222125530243,-0.2564934492111206,0.06576698273420334
892,-0.5331577062606812,-0.35921531915664673,0.47392070293426514
893,-0.9433185458183289,-0.8144253492355347,-0.3190971612930298
894,-0.2723448574542999,0.0005352739826776087,0.3599345088005066
895,-0.5386898517608643,-0.09080152958631516,0.4896065592765808
896,0.016421807929873466,0.6089417934417725,0.6315947771072388
897,-1.1050710678100586,-1.0868529081344604,-0.5065950751304626
898,0.00957042258232832,0.8653045296669006,0.9038856625556946
899,0.023362886160612106,0.6984328031539917,0.7711120843887329
900,-0.6030300259590149,-0.41832491755485535,-0.03717828541994095
901,-0.8503910899162292,-0.7460545301437378,-0.3048807978630066
902,-0.9826098680496216,-0.9363707304000854,-0.31724438071250916
903,-1.062401294708252,-1.0509369373321533,-0.40122950077056885
904,-0.6302440762519836,-0.4316979944705963,0.14650705456733704
905,-0.6882514357566833,-0.45707079768180847,-0.013339785858988762
906,0.010163536295294762,0.670258104801178,0.7548199892044067
907,-0.5078255534172058,-0.26228368282318115,0.003888106904923916
908,-0.5427292585372925,-0.32727670669555664,-0.0032259493600577116
909,-0.7271028161048889,-0.6115509867668152,-0.15999698638916016
910,-0.5838977098464966,-0.416517972946167,-0.04860128089785576
911,-0.6106143593788147,-0.44898462295532227,-0.0876108780503273
912,-1.1817229986190796,-1.1525105237960815,-0.49940118193626404
913,0.011034057475626469,0.5722140073776245,0.6858627796173096
914,-1.086575984954834,-1.0864168405532837,-0.46434876322746277
915,-0.7224866151809692,-0.6029689311981201,-0.212422713637352
916,-1.1240516901016235,-1.1120084524154663,-0.4680531620979309
917,0.020132770761847496,0.7014954090118408,0.773485541343689
918,-1.0819233655929565,-1.0108153820037842,-0.46086087822914124
919,-1.0469486713409424,-0.9967589974403381,-0.3993191123008728
920,-1.1174001693725586,-1.099655032157898,-0.3336770832538605
921,0.0010323569877073169,0.5373688340187073,0.5801244378089905
922,-1.1006046533584595,-1.0797450542449951,-0.4823812246322632
923,-0.5693306922912598,-0.34611818194389343,0.08796960860490799
924,-0.5925483703613281,-0.36568596959114075,0.02692554146051407
925,-0.7920091152191162,-0.6445493698120117,-0.2229919731616974
926,-0.5552957057952881,-0.38147011399269104,0.5235039591789246
927,-0.57682204246521,-0.4236302673816681,0.4834569990634918
928,-0.575206995010376,-0.3449176847934723,-0.008346588350832462
929,-0.76927649974823,-0.4562860429286957,0.12144937366247177
930,-0.6246299743652344,-0.5070842504501343,-0.08479400724172592
931,-0.7513960599899292,-0.5860031247138977,-0.05275103077292442
932,-0.5627299547195435,-0.34271854162216187,0.054410628974437714
933,-0.5857971906661987,-0.385572612285614,-0.026724444702267647
934,-0.5649247765541077,-0.3816106915473938,0.49948006868362427
935,-0.5495399236679077,-0.2974473834037781,0.003409298835322261
936,-0.5608679056167603,-0.3156420588493347,-0.014298155903816223
937,-0.6590965390205383,-0.4903557002544403,-0.09330698847770691
938,-0.5591371059417725,-0.33546146750450134,0.0654783621430397
939,-0.5775002241134644,-0.35639795660972595,-0.03030119091272354
940,-0.7799630761146545,-0.5728613138198853,-0.2014831304550171
941,-0.5589056611061096,-0.3810821771621704,0.3711625337600708
942,-0.7190214395523071,-0.5745947957038879,-0.2121402770280838
943,-0.6204418540000916,-0.4616764187812805,-0.0876784399151802
944,-0.7871469855308533,-0.639050304889679,-0.24062079191207886
945,-0.5714059472084045,-0.4139776825904846,0.34801608324050903
946,-0.7633893489837646,-0.5942899584770203,-0.1573801189661026
947,-0.6916933655738831,-0.5972867012023926,-0.07821536064147949
948,-0.7723346948623657,-0.5445994734764099,-0.24116840958595276
949,-0.5538699626922607,-0.3988388478755951,0.1093265563249588
950,-0.7857268452644348,-0.6090918183326721,-0.21812941133975983
951,-1.9690223932266235,-0.8591651320457458,-0.27532070875167847
952,-0.5509487390518188,-0.3189493715763092,0.28003907203674316
953,-1.0951868295669556,-1.0032963752746582,-0.3843865692615509
954,-0.3414321541786194,0.12018825113773346,0.5632750391960144
955,-0.24863897264003754,0.15016146004199982,0.5997607707977295
956,-0.5536095499992371,-0.2680187523365021,0.0013128992868587375
957,-0.8282683491706848,-0.6449527144432068,-0.22506804764270782
958,-0.9149788022041321,-0.7961146831512451,-0.3105235993862152
959,-0.5848875641822815,-0.33839675784111023,0.01965142786502838
960,-0.6060397028923035,-0.31225523352622986,-0.0621495358645916
961,-0.5330270528793335,-0.2627454698085785,-0.009938717819750309
962,-0.7798287868499756,-0.6068547964096069,-0.2320171445608139
963,-0.7662079334259033,-0.6197414398193359,-0.24521984159946442
964,-1.095861792564392,-1.0606176853179932,-0.5051677227020264
965,-1.1038036346435547,-1.0481486320495605,-0.49531298875808716
966,-0.31218618154525757,-0.021769147366285324,0.2424042820930481
967,-1.8152234554290771,-0.9144825339317322,-0.3170184791088104
968,-0.8970081210136414,-0.7685961127281189,-0.3118027150630951
969,-1.0801564455032349,-0.835614025592804,-0.013325183652341366
970,-0.9618974328041077,-0.8421658873558044,-0.22696815431118011
971,-0.9723695516586304,-0.8180332183837891,-0.31510913372039795
972,-0.9545950293540955,-0.8047177791595459,-0.30849170684814453
973,-0.8556185364723206,-0.6688888072967529,-0.12251085042953491
974,-0.9516944289207458,-0.8207221627235413,-0.31977277994155884
975,-1.086675763130188,-0.7889794707298279,0.0394800640642643
976,-0.9374419450759888,-0.7642801403999329,-0.30722835659980774
977,-0.7810657024383545,-0.6640399694442749,-0.307630717754364
978,-1.1858713626861572,-0.8402268886566162,-0.2736801207065582
979,-0.9551892280578613,-0.7978541254997253,-0.2804309129714966
980,-0.9126111268997192,-0.7407328486442566,-0.3342880308628082
981,-0.9117100834846497,-0.7675761580467224,-0.2263738214969635
982,-0.958561360836029,-0.8236677050590515,-0.2885742783546448
983,-1.0589534044265747,-0.8435603976249695,-0.37131986021995544
984,-0.8258313536643982,-0.6643878221511841,-0.23771634697914124
985,-1.0556203126907349,-0.785628616809845,-0.32943716645240784
986,-1.0138460397720337,-0.7889274954795837,-0.3124101459980011
987,-1.1210095882415771,-0.7300970554351807,0.01769949309527874
988,-0.9640423059463501,-0.76483553647995,-0.3212376832962036
989,-1.2745777368545532,-0.8943162560462952,-0.3201562464237213
990,-1.269030213356018,-0.8853524327278137,-0.29072093963623047
991,-1.0346277952194214,-0.7613682150840759,-0.24125614762306213
992,-0.5872254967689514,-0.3979916572570801,-0.0451815128326416
993,-0.33477991819381714,0.12001939117908478,0.3811737895011902
994,-1.0868650674819946,-1.0294032096862793,-0.4814360439777374
995,-0.4411880373954773,-0.030590005218982697,0.4083089232444763
996,-0.31115275621414185,0.0396900400519371,0.5959749221801758
997,-0.5952707529067993,-0.3614104092121124,-0.03923846781253815
998,-0.8350556492805481,-0.7144148349761963,-0.23653148114681244
999,-1.0980926752090454,-0.8326257467269897,-0.2012530118227005
1000,-1.1201367378234863,-1.009670376777649,-0.437995582818985
1001,-0.5949936509132385,-0.39187633991241455,-0.06625203788280487
1002,-0.7285043001174927,-0.5139641761779785,-0.19300192594528198
1003,-0.380572110414505,-0.11558520793914795,0.734740674495697
1004,-0.5497385859489441,-0.277253657579422,-0.02758828178048134
1005,-0.5402547121047974,-0.2339494526386261,-0.015299602411687374
1006,-0.7637559175491333,-0.6134236454963684,-0.2566811144351959
1007,-0.5888764262199402,-0.4117826819419861,-0.06115499883890152
1008,-0.7508519887924194,-0.5409727692604065,-0.20134237408638
1009,-1.0711076259613037,-1.0474408864974976,-0.4840965270996094
1010,-0.3279472291469574,0.010567376390099525,0.5806404948234558
1011,-1.1180278062820435,-1.0210464000701904,-0.4793456494808197
1012,-0.7723982334136963,-0.6001929044723511,-0.2691945433616638
1013,-1.0736817121505737,-1.0385860204696655,-0.49855244159698486
1014,-0.317609965801239,-0.04235547408461571,0.8995802998542786
1015,-1.1718283891677856,-1.0270532369613647,-0.4860677123069763
1016,-1.109831690788269,-0.9486462473869324,-0.42016422748565674
1017,-1.074225664138794,-1.014294147491455,-0.3529896140098572
1018,-0.5346587896347046,-0.34164008498191833,0.031621064990758896
1019,-1.0718965530395508,-1.0225661993026733,-0.47857746481895447
1020,-0.5399447679519653,-0.311860054731369,0.13501185178756714
1021,-0.23731842637062073,0.07810413092374802,0.26182109117507935
1022,-0.5850067138671875,-0.34316742420196533,-0.03609614446759224
1023,-0.21299198269844055,0.08019647747278214,0.33634865283966064
1024,-0.20269908010959625,0.030682064592838287,0.40513867139816284
1025,-0.5894027352333069,-0.41435423493385315,-0.036182504147291183
1026,-0.4320407807826996,-0.026543375104665756,0.2601465582847595
1027,-0.4596019983291626,-0.3200773596763611,0.06560126692056656
1028,-0.5961725115776062,-0.4154668152332306,-0.04069672152400017
1029,-0.5898019671440125,-0.4244762063026428,-0.05784064531326294
1030,-0.5183680057525635,-0.2297099083662033,0.3336479663848877
1031,-0.6347600221633911,-0.4979188144207001,-0.03253868222236633
1032,-0.2528684139251709,0.06208915635943413,0.46720245480537415
1033,-0.5019083023071289,-0.19122013449668884,0.021914536133408546
1034,-0.5245101451873779,-0.2754063308238983,0.006876285187900066
1035,-0.637191891670227,-0.49823853373527527,-0.06546377390623093
1036,-0.5365464687347412,-0.2689049243927002,-0.027822719886898994
1037,-0.5779315829277039,-0.41550713777542114,-0.03455774486064911
1038,-0.5758859515190125,-0.2928360402584076,0.03870527818799019
1039,-0.20567911863327026,0.12229631096124649,0.475901335477829
1040,-0.6391947865486145,-0.47447073459625244,-0.10313428938388824
1041,-0.5850885510444641,-0.4098334014415741,-0.06780383735895157
1042,-0.5293130278587341,-0.29966291785240173,0.0033405283465981483
1043,-0.5718375444412231,-0.3745489716529846,-0.0902789980173111
1044,-0.674112856388092,-0.522655725479126,-0.09460832923650742
1045,-0.5696691870689392,-0.2592613995075226,0.12966696918010712
1046,-0.26650136709213257,0.01356516219675541,0.2662665843963623
1047,-0.5285295248031616,-0.29618996381759644,0.03157328814268112
1048,-0.5577036738395691,-0.2072378695011139,0.14835870265960693
1049,-0.03734038770198822,0.5315095782279968,0.6369967460632324
1050,-1.0906106233596802,-1.0645638704299927,-0.42886754870414734
1051,-0.05554885044693947,0.4863435626029968,0.6850606799125671
1052,-0.03159333020448685,0.3784627318382263,0.7460646629333496
1053,-0.5554821491241455,-0.3274630010128021,-0.001228533685207367
1054,-0.782917320728302,-0.5310496687889099,-0.12751621007919312
1055,-0.9576156139373779,-0.903452455997467,-0.3000597357749939
1056,-1.0564560890197754,-0.9207577705383301,-0.4216594696044922
1057,-0.5851919054985046,-0.36506104469299316,-0.02363983727991581
1058,-0.593452513217926,-0.3384656310081482,-0.024794623255729675
1059,-0.013024822808802128,0.3401795029640198,0.7654650211334229
1060,-0.5012732148170471,-0.2615252435207367,-0.007656692061573267
1061,-0.5355188846588135,-0.29467204213142395,0.000548745971173048
1062,-0.8014805912971497,-0.6869828104972839,-0.22734668850898743
1063,-0.5637935400009155,-0.3698251247406006,-0.05007084459066391
1064,-0.5775569081306458,-0.3780965507030487,-0.04798589274287224
1065,-1.1502063274383545,-1.1327065229415894,-0.5020689964294434
1066,-0.03159333020448685,0.3235480487346649,0.6692733764648438
1067,-1.0820813179016113,-1.0180257558822632,-0.4650222361087799
1068,-0.782405436038971,-0.6865315437316895,-0.2318629026412964
1069,-1.1161388158798218,-1.095046043395996,-0.47760170698165894
1070,-0.015134753659367561,0.3562082052230835,0.8215769529342651
1071,-1.0695185661315918,-0.9429554343223572,-0.4605574905872345
1072,-1.0441009998321533,-0.9965395331382751,-0.38950788974761963
1073,-1.0911791324615479,-0.94492506980896,-0.2545832395553589
1074,-0.057408396154642105,0.32804688811302185,0.465228408575058
1075,-1.09416925907135,-1.0505337715148926,-0.4452976584434509
1076,-0.5151204466819763,-0.26095050573349,1.1606239080429077
1077,-0.7759569883346558,-0.6059898734092712,-0.19509023427963257
1078,-0.554289698600769,-0.3064471185207367,0.4723655581474304
1079,-0.7691893577575684,-0.5314820408821106,-0.11267554759979248
1080,-0.7559887766838074,-0.59099942445755,-0.22262327373027802
1081,-0.7698497176170349,-0.6329673528671265,-0.2415509968996048
1082,-0.5367060303688049,-0.12774668633937836,0.2480202317237854
1083,-0.7912898659706116,-0.5907605290412903,-0.23248058557510376
1084,-0.53355473279953,-0.22819983959197998,0.4318537414073944
1085,-0.7800664901733398,-0.6401109099388123,-0.2493281215429306
1086,-0.7716739773750305,-0.6033200621604919,-0.24150538444519043
1087,-0.537352442741394,-0.1496792733669281,0.2598702609539032
1088,-0.8485564589500427,-0.644141435623169,-0.24772413074970245
1089,-0.8143345713615417,-0.6368098258972168,-0.24263159930706024
1090,-0.7930730581283569,-0.5459741353988647,-0.2411234974861145
1091,-0.5537389516830444,-0.23020383715629578,0.5068948864936829
1092,-0.7519984245300293,-0.5955877900123596,-0.2287367582321167
1093,-0.2813873291015625,0.2931561768054962,0.5610069036483765
1094,-0.38494253158569336,0.127851203083992,0.3949774205684662
1095,-0.18915753066539764,0.292434424161911,0.7918943166732788
1096,-0.5546271204948425,-0.24864453077316284,-0.02752985619008541
1097,-0.8183293342590332,-0.6582856774330139,-0.22396045923233032
1098,-0.9659702181816101,-0.7886162400245667,-0.2930087447166443
1099,-1.1000735759735107,-0.9807422161102295,-0.31682342290878296
1100,-0.5862718820571899,-0.3373278081417084,-0.05998307093977928
1101,-0.6408752202987671,-0.32166531682014465,-0.12143156677484512
1102,-0.2999352514743805,0.06427953392267227,0.7502181529998779
1103,-0.5423350930213928,-0.26938140392303467,-0.02074473164975643
1104,-0.5205723643302917,-0.240254744887352,-0.014509442262351513
1105,-0.7599485516548157,-0.6011933088302612,-0.2416478395462036
1106,-0.5695970058441162,-0.3332090377807617,-0.009261559695005417
1107,-0.6450669169425964,-0.41956886649131775,-0.14846645295619965
1108,-1.1275962591171265,-1.0910791158676147,-0.4848126173019409
1109,-0.32123157382011414,0.21766524016857147,0.6872909665107727
1110,-1.1264564990997314,-1.0139095783233643,-0.4790891706943512
1111,-0.760764479637146,-0.605426013469696,-0.25401824712753296
1112,-1.0629346370697021,-0.8942596912384033,-0.40019917488098145
1113,-0.41162538528442383,-0.06078638136386871,0.2077617049217224
1114,-1.0871015787124634,-1.0074959993362427,-0.39481356739997864
1115,-0.4876421093940735,-0.046487484127283096,0.24370619654655457
1116,0.023362886160612106,0.5914652943611145,0.6489631533622742
1117,0.003954741172492504,0.5915814638137817,0.6483719348907471
1118,-0.3361654281616211,-0.008624839596450329,0.44256362318992615
1119,-0.2377086579799652,0.11900851875543594,0.2993108034133911
1120,-0.1683073490858078,0.3231656849384308,0.5369532108306885
1121,-0.46339917182922363,-0.16081389784812927,0.3360714912414551
1122,-0.4292117953300476,-0.09591485559940338,0.19129952788352966
1123,-0.21691782772541046,0.3280731737613678,0.6140066385269165
1124,-0.563939094543457,-0.23517300188541412,0.2310689240694046
1125,0.00706768874078989,0.4919089674949646,0.6270577311515808
1126,-0.09036813676357269,0.451071560382843,0.5908758044242859
1127,-0.2374519407749176,0.1966264396905899,0.6555664539337158
1128,-0.6554185748100281,-0.34422457218170166,0.24042384326457977
1129,-0.31570982933044434,0.16592000424861908,0.5808948278427124
1130,-0.3294016122817993,0.021010607481002808,0.45267167687416077
1131,-0.37883174419403076,0.15133997797966003,0.32347801327705383
1132,0.016421807929873466,0.5946748852729797,0.6320152282714844
1133,-0.6045576930046082,-0.32255953550338745,0.06659603118896484
1134,-0.35102108120918274,0.08482035994529724,0.5452722311019897
1135,-0.37916478514671326,0.1551908552646637,0.28257113695144653
1136,0.00966596882790327,0.5548315048217773,0.6867741346359253
1137,-0.37820568680763245,0.1320110410451889,0.3673210144042969
1138,-0.6756517291069031,-0.41410911083221436,0.16498364508152008
1139,-0.38479650020599365,0.13710205256938934,0.29222989082336426
1140,0.0016785142943263054,0.5793063640594482,0.64984130859375
1141,-0.3927721679210663,0.11740883439779282,0.2843356728553772
1142,-1.1029645204544067,-1.0655181407928467,-0.4945341944694519
1143,0.017431631684303284,0.6558275818824768,0.8218446373939514
1144,0.00690851965919137,0.6152611374855042,0.7747767567634583
1145,-0.5892998576164246,-0.3611493706703186,-0.05599742382764816
1146,-0.82488614320755,-0.6872710585594177,-0.1671086996793747
1147,-0.9432485699653625,-0.8668717741966248,-0.30782705545425415
1148,-1.0579564571380615,-1.0055595636367798,-0.41291630268096924
1149,-0.5957299470901489,-0.4408833384513855,0.16297540068626404
1150,-0.6664528250694275,-0.4468517303466797,-0.07250691950321198
1151,0.017431631684303284,0.5403266549110413,0.72847980260849
1152,-0.5069466829299927,-0.24150098860263824,0.2781854271888733
1153,-0.5580475926399231,-0.31713974475860596,-0.03426274284720421
1154,-0.7313569784164429,-0.5490992665290833,-0.16085974872112274
1155,-0.5939874053001404,-0.4139902889728546,-0.0659734457731247
1156,-0.6193447113037109,-0.4157554805278778,-0.08582216501235962
1157,-1.1590015888214111,-1.1690741777420044,-0.2887376844882965
1158,0.00690851965919137,0.5923129916191101,0.7034256458282471
1159,-1.0746989250183105,-1.011919617652893,-0.45919957756996155
1160,-0.7178977727890015,-0.5263239741325378,-0.13675756752490997
1161,-1.118423581123352,-1.109480381011963,-0.42838266491889954
1162,0.00966596882790327,0.5278066992759705,0.8246520161628723
1163,-1.0952645540237427,-1.0209977626800537,-0.4007722735404968
1164,-1.0266921520233154,-0.9253966212272644,-0.443326473236084
1165,-1.1175858974456787,-1.070298194885254,-0.26356351375579834
1166,0.006287766620516777,0.5375286340713501,0.5839369297027588
1167,-1.103538155555725,-1.0779476165771484,-0.4317963421344757
1168,-1.1014889478683472,-1.0926125049591064,-0.49671903252601624
1169,-1.1030840873718262,-1.0816279649734497,-0.4818931221961975
1170,-1.1218310594558716,-1.091779351234436,-0.4856119751930237
1171,-0.9492420554161072,-0.8673581480979919,-0.47752776741981506
1172,-1.067374587059021,-1.019843339920044,-0.498822420835495
1173,-1.1234674453735352,-1.079108476638794,-0.47436952590942383
1174,-1.0728763341903687,-1.0300843715667725,-0.4985736608505249
1175,-1.0916765928268433,-0.9596054553985596,-0.40156564116477966
1176,-1.124700903892517,-1.0937548875808716,-0.49150562286376953
1177,-1.1128880977630615,-1.044569969177246,-0.4818171262741089
1178,-1.090093970298767,-1.0398778915405273,-0.5033360123634338
1179,-1.0978140830993652,-1.0560730695724487,-0.49773338437080383
1180,-1.1154344081878662,-1.0565398931503296,-0.48234429955482483
1181,-1.131503939628601,-1.0473692417144775,-0.48544183373451233
1182,-1.1197562217712402,-1.0631210803985596,-0.4798775613307953
1183,-1.0446282625198364,-1.0012446641921997,-0.49779924750328064
1184,-1.109400987625122,-1.0473623275756836,-0.45867598056793213
1185,-1.0878334045410156,-1.060895562171936,-0.5002076029777527
1186,-1.1190885305404663,-1.0436960458755493,-0.49107009172439575
1187,-1.0533329248428345,-1.0253642797470093,-0.4399506151676178
1188,-1.1081857681274414,-1.0801141262054443,-0.49773213267326355
1189,-1.0596815347671509,-1.0168176889419556,-0.49727365374565125
1190,-1.1132471561431885,-1.0315464735031128,-0.4839966595172882
1191,-1.0381473302841187,-0.9842736124992371,-0.5061898827552795
1192,-1.089661717414856,-1.071583867073059,-0.49276238679885864
1193,-1.0464916229248047,-1.0143697261810303,-0.4796517789363861
1194,-0.4573728144168854,-0.1937469244003296,0.1472236067056656
1195,-0.4015771746635437,-0.12651900947093964,0.19238565862178802
1196,-0.758630096912384,-0.5348780155181885,-0.19030213356018066
1197,-0.9055127501487732,-0.8047565817832947,-0.36848244071006775
1198,-1.1387957334518433,-0.7530007362365723,-0.2242480218410492
1199,-1.0787203311920166,-0.9952269196510315,-0.4778904318809509
1200,-0.6527457237243652,-0.4795781373977661,-0.005947699770331383
1201,-0.7570167183876038,-0.6201958060264587,-0.21875432133674622
1202,-0.42871734499931335,-0.23120619356632233,0.17166468501091003
1203,-0.5804240107536316,-0.3881254196166992,-0.025237882509827614
1204,-0.5863355398178101,-0.3367964029312134,-0.04844379425048828
1205,-0.8635532259941101,-0.7895539999008179,-0.271293580532074
1206,-0.7559260129928589,-0.6309071183204651,-0.1748841404914856
1207,-0.7613425254821777,-0.6207984089851379,-0.2400495857000351
1208,-1.0365147590637207,-0.9924571514129639,-0.4813733398914337
1209,-0.38773471117019653,-0.09998387843370438,0.2851783335208893
1210,-0.8464556932449341,-0.7251901030540466,-0.24698929488658905
1211,-1.0541070699691772,-1.0243418216705322,-0.4313199520111084
1212,-0.49842599034309387,-0.2700681984424591,0.20894166827201843
1213,-1.0666303634643555,-0.9584177732467651,-0.4795280694961548
1214,-1.135211706161499,-0.91465163230896,-0.4419110119342804
1215,-1.0382221937179565,-0.9827522039413452,-0.505422830581665
1216,-0.5590068101882935,-0.4012834131717682,-0.009587281383574009
1217,-1.052061915397644,-1.008836030960083,-0.48159730434417725
1218,0.00690851965919137,0.7419599890708923,0.8571610450744629
1219,-0.49453577399253845,-0.26651307940483093,0.473768949508667
1220,-0.25437265634536743,0.025154979899525642,0.23985601961612701
1221,-0.2896440029144287,0.24538013339042664,0.5625975728034973
1222,-0.6164306402206421,-0.3806116580963135,0.22729671001434326
1223,-0.6091070771217346,-0.3264368176460266,0.23320963978767395
1224,-0.24600839614868164,0.1705513894557953,0.6138255596160889
1225,-0.7053877115249634,-0.5219956636428833,0.21292918920516968
1226,0.010163536295294762,0.8770120739936829,1.0804542303085327
1227,-0.13809004426002502,0.33339422941207886,0.6175602674484253
1228,-0.3113766312599182,0.1275593638420105,0.5858416557312012
1229,-0.8170810341835022,-0.6448143124580383,0.3967019021511078
1230,-0.3185819685459137,-0.08064746111631393,0.5009912848472595
1231,-0.5096778869628906,-0.3721366822719574,0.2627703845500946
1232,-0.3749842941761017,0.1374889314174652,0.2448199838399887
1233,0.011034057475626469,0.6504383087158203,0.7586787343025208
1234,-0.7413265109062195,-0.44322308897972107,0.23867745697498322
1235,-0.4764726161956787,-0.26128751039505005,0.36825743317604065
1236,-0.4103984534740448,-0.014226004481315613,0.16192057728767395
1237,0.00690851965919137,0.6801390051841736,0.8545520901679993
1238,-0.442271888256073,-0.06211622804403305,0.32470107078552246
1239,-0.825758159160614,-0.5948808789253235,0.04261879622936249
1240,-0.3718247711658478,0.08894133567810059,0.2735525965690613
1241,0.023362886160612106,0.6118844151496887,0.7726547718048096
1242,-0.43657180666923523,-0.12046550959348679,0.1223004087805748
1243,0.010163536295294762,0.7348002791404724,0.8015634417533875
1244,-0.6256236433982849,-0.40716034173965454,-0.037495292723178864
1245,-0.8380306959152222,-0.6890270709991455,-0.2179139405488968
1246,-0.9862514138221741,-0.9431049227714539,-0.29565176367759705
1247,-1.063504934310913,-1.0587430000305176,-0.39626556634902954
1248,0.00690851965919137,0.6052384376525879,0.7718176245689392
1249,-0.4606224000453949,-0.13410912454128265,0.06201780214905739
1250,-0.5577816963195801,-0.3485332429409027,0.002529532415792346
1251,-0.7805299162864685,-0.6183632016181946,-0.14244261384010315
1252,-0.6072199940681458,-0.40315335988998413,-0.04724469408392906
1253,-0.6284100413322449,-0.4477575123310089,-0.06840170919895172
1254,-1.185381531715393,-1.1514530181884766,-0.3507155776023865
1255,0.00690851965919137,0.6615041494369507,0.8408802151679993
1256,-1.0945125818252563,-1.076767921447754,-0.4527968466281891
1257,-0.7313644886016846,-0.558331310749054,-0.035814881324768066
1258,-1.1249746084213257,-1.1044119596481323,-0.42319032549858093
1259,0.010163536295294762,0.7162608504295349,0.8626258969306946
1260,-1.0726053714752197,-1.0472134351730347,-0.36024239659309387
1261,-1.0495785474777222,-0.987794041633606,-0.39786869287490845
1262,-1.1030032634735107,-1.0845550298690796,-0.24555228650569916
1263,0.0012893546372652054,0.6135218143463135,0.6182793378829956
1264,-1.1102628707885742,-1.0895075798034668,-0.4664849638938904
1265,-0.37520644068717957,-0.1597547084093094,0.6989251971244812
1266,-0.23946058750152588,0.14058823883533478,0.3212278485298157
1267,-0.13969600200653076,0.2574411630630493,0.6237587928771973
1268,-0.43361467123031616,-0.1658553183078766,0.6139712333679199
1269,-0.4557534158229828,-0.2295178920030594,0.4269377887248993
1270,-0.19885747134685516,0.31002292037010193,0.7366166114807129
1271,-0.49327436089515686,-0.3105129897594452,0.6456159949302673
1272,0.023362886160612106,0.6833910346031189,0.7524082660675049
1273,-0.11432778090238571,0.3596324026584625,0.6201536059379578
1274,-0.21742649376392365,0.21256569027900696,0.6143379211425781
1275,-0.6515845060348511,-0.3939730226993561,0.320905476808548
1276,-0.23289424180984497,0.07713633030653,0.5498958826065063
1277,-0.3595306873321533,-0.09803205728530884,0.6318679451942444
1278,-0.38179171085357666,0.20758262276649475,0.30619561672210693
1279,0.00690851965919137,0.63805091381073,0.7477504014968872
1280,-0.627260684967041,-0.38269245624542236,0.34000423550605774
1281,-0.3170664310455322,-0.07245423644781113,0.6350463628768921
1282,-0.3629143536090851,0.11750450730323792,0.2682603895664215
1283,0.020132770761847496,0.6516819596290588,0.7662549614906311
1284,-0.400476336479187,-0.07773791253566742,0.25201916694641113
1285,-0.6465710401535034,-0.47183626890182495,0.44221413135528564
1286,-0.36180976033210754,0.17116062343120575,0.3004692792892456
1287,0.007495281286537647,0.5091086030006409,0.6914585828781128
1288,-0.38936156034469604,0.04026114568114281,0.23761440813541412
1289,-0.5966511964797974,-0.3938100337982178,-0.020787645131349564
1290,-0.8408899307250977,-0.747679591178894,-0.24431315064430237
1291,-0.9452558755874634,-0.8647092580795288,-0.3152501881122589
1292,-1.0563595294952393,-1.0428476333618164,-0.41270214319229126
1293,-0.6162208318710327,-0.47721970081329346,0.25578367710113525
1294,-0.6449504494667053,-0.4154135286808014,-0.057378288358449936
1295,0.00690851965919137,0.6484378576278687,0.7745959162712097
1296,-0.49099186062812805,-0.2338520586490631,0.024588029831647873
1297,-0.5440071821212769,-0.35549601912498474,0.010058481246232986
1298,-0.717484712600708,-0.5830293893814087,-0.18974262475967407
1299,-0.600163459777832,-0.4101499915122986,-0.06896436214447021
1300,-0.6103537678718567,-0.42817920446395874,-0.07690536975860596
1301,-1.1766308546066284,-1.1477402448654175,-0.3830578625202179
1302,0.010163536295294762,0.5644103288650513,0.8105965852737427
1303,-1.0773171186447144,-1.0356143712997437,-0.4741877317428589
1304,-0.7156959772109985,-0.5812360644340515,-0.21347250044345856
1305,-1.1089398860931396,-1.0882837772369385,-0.4646700620651245
1306,0.020132770761847496,0.6435446739196777,0.7714255452156067
1307,-1.0695680379867554,-0.9608643651008606,-0.46034201979637146
1308,-0.9981979131698608,-0.9186087250709534,-0.39986371994018555
1309,-1.1221163272857666,-1.1066877841949463,-0.2901427745819092
1310,0.022836942225694656,0.4809969663619995,0.579325258731842
1311,-1.1123584508895874,-1.0786360502243042,-0.4985060691833496
1312,-0.8003152012825012,-0.6283521056175232,-0.20521341264247894
1313,-0.5954336524009705,-0.2463865578174591,0.027306225150823593
1314,-0.582190215587616,-0.34833458065986633,-0.05622453987598419
1315,-0.7087270617485046,-0.4887648820877075,-0.17420904338359833
1316,-0.5508441925048828,-0.2757321000099182,-0.01347326673567295
1317,-0.5495993494987488,-0.2705957889556885,-0.018642809242010117
1318,-0.5935699343681335,-0.41464680433273315,-0.02634156309068203
1319,-0.5510385632514954,-0.3416014015674591,-0.012788011692464352
1320,-0.5559554100036621,-0.3362429141998291,-0.023520825430750847
1321,-0.579315185546875,-0.2731289565563202,-0.041589461266994476
1322,-0.5451720356941223,-0.24779640138149261,-0.0028185842093080282
1323,-0.5453818440437317,-0.2500903606414795,-0.01691884733736515
1324,-0.7488972544670105,-0.5503712296485901,-0.20190799236297607
1325,-0.5883504152297974,-0.406610906124115,-0.05211089923977852
1326,-0.7083023190498352,-0.5035436749458313,-0.17824499309062958
1327,-0.5763099193572998,-0.30694636702537537,-0.039099689573049545
1328,-0.752299964427948,-0.476235032081604,-0.19046242535114288
1329,-0.5940662026405334,-0.39932453632354736,-0.02685745246708393
1330,-0.6778497099876404,-0.4718768000602722,-0.11205699294805527
1331,-0.6170996427536011,-0.3821789026260376,-0.07187856733798981
1332,-0.7710033655166626,-0.5551080107688904,-0.22536243498325348
1333,-0.6044216156005859,-0.40045711398124695,-0.014371040277183056
1334,-0.7568574547767639,-0.5330678224563599,-0.18985295295715332
1335,-0.8258674740791321,-0.5984002947807312,0.01987350359559059
1336,-0.9131286144256592,-0.8247734308242798,-0.31253787875175476
1337,-1.1145955324172974,-1.0210756063461304,-0.3902163803577423
1338,-0.5855896472930908,-0.37751680612564087,-0.03508061543107033
1339,-0.5820744633674622,-0.21526728570461273,-0.03772179037332535
1340,-0.4680808484554291,-0.2744308114051819,0.6635617613792419
1341,-0.5572693347930908,-0.36040744185447693,0.00032507535070180893
1342,-0.5469850897789001,-0.3501744866371155,-0.01758122816681862
1343,-0.7657539248466492,-0.5199501514434814,-0.23329709470272064
1344,-0.5692220330238342,-0.3205028176307678,-0.03935197368264198
1345,-0.5830318927764893,-0.39120227098464966,-0.06085393577814102
1346,-1.1360031366348267,-1.1036633253097534,-0.4753260612487793
1347,-0.441853404045105,-0.16436555981636047,0.4273480176925659
1348,-1.1534874439239502,-1.081644892692566,-0.4946451485157013
1349,-0.7614278793334961,-0.591651201248169,-0.24470722675323486
1350,-1.1097713708877563,-1.0838130712509155,-0.5062494874000549
1351,-0.44651365280151367,-0.2463434636592865,0.7686964273452759
1352,-1.1926811933517456,-1.0483428239822388,-0.4793618321418762
1353,-1.0364785194396973,-0.8634044528007507,-0.41119667887687683
1354,-1.0906835794448853,-1.0212275981903076,-0.3396202027797699
1355,-0.5909786820411682,-0.38031005859375,0.18001283705234528
1356,-1.101866602897644,-1.0504937171936035,-0.4761212170124054
1357,-0.8188230991363525,-0.6838899850845337,-0.1720668226480484
1358,-0.8648450374603271,-0.7489992380142212,-0.2630024254322052
1359,-0.8718345761299133,-0.7916700839996338,-0.41408535838127136
1360,-0.8232381939888,-0.6519742012023926,0.27500438690185547
1361,-0.8775578737258911,-0.694976270198822,-0.22951233386993408
1362,-0.8487503528594971,-0.7706547379493713,-0.27450042963027954
1363,-0.7807801365852356,-0.5829870104789734,0.016527775675058365
1364,-0.8223715424537659,-0.6986184120178223,-0.28102049231529236
1365,-0.8805987238883972,-0.778283417224884,-0.3241081237792969
1366,-0.8575477004051208,-0.7239111065864563,-0.033300016075372696
1367,-0.8338063359260559,-0.6987372636795044,-0.17883841693401337
1368,-0.9017183184623718,-0.7802913188934326,-0.2771534025669098
1369,-0.8537964224815369,-0.7711015343666077,-0.30027735233306885
1370,-0.8943713307380676,-0.7824856042861938,-0.4137650728225708
1371,-0.8354403376579285,-0.7195641398429871,-0.18577909469604492
1372,-0.9049219489097595,-0.7791751623153687,-0.2580934464931488
1373,-0.8562876582145691,-0.7716098427772522,-0.3477919101715088
1374,-0.8500643372535706,-0.6743138432502747,-0.2039518505334854
1375,-0.8751127123832703,-0.7616060972213745,-0.3594368100166321
1376,-0.8958896398544312,-0.7796131372451782,-0.26782336831092834
1377,-0.8269689679145813,-0.6652923822402954,-0.2107658088207245
1378,-0.905809223651886,-0.8071464896202087,-0.3676055371761322
1379,-0.9196971654891968,-0.7552163600921631,-0.21486087143421173
1380,-0.9139131307601929,-0.7772611975669861,-0.3885616660118103
1381,-0.6558876633644104,-0.41205957531929016,-0.14323775470256805
1382,-0.7737230658531189,-0.680266261100769,-0.2206926941871643
1383,-0.15439191460609436,0.22216664254665375,0.44704046845436096
1384,-0.6110163331031799,-0.4146980047225952,-0.03074461594223976
1385,-0.6121575236320496,-0.4324190616607666,0.033324237912893295
1386,-0.9450238347053528,-0.7744845747947693,-0.2441176325082779
1387,-0.7713767886161804,-0.5670676827430725,-0.24772953987121582
1388,-0.8464276194572449,-0.6275016069412231,-0.22960391640663147
1389,-0.971007764339447,-0.8901532292366028,-0.4231710433959961
1390,-0.19570063054561615,0.29641351103782654,0.5861049294471741
1391,-0.9331700801849365,-0.8063294887542725,-0.44053032994270325
1392,-0.923927903175354,-0.6599417328834534,-0.27080610394477844
1393,-0.9282816052436829,-0.7879490256309509,-0.40212589502334595
1394,-0.27296844124794006,0.2176043540239334,0.3215307891368866
1395,-0.9085608720779419,-0.723483681678772,-0.2217440903186798
1396,-0.9318663477897644,-0.7699127793312073,-0.2689971327781677
1397,-0.9158646464347839,-0.8313613533973694,-0.3953213095664978
1398,-0.433488130569458,-0.10276296734809875,0.1832697093486786
1399,-0.9521932005882263,-0.862295389175415,-0.4968414604663849
1400,-0.901157796382904,-0.6469389200210571,-0.20868587493896484
1401,-1.631405234336853,-0.6486923098564148,-0.08696907013654709
1402,-0.7504309415817261,-0.6029729247093201,-0.1459260731935501
1403,-0.8443505764007568,-0.602095901966095,-0.23198112845420837
1404,-0.8418339490890503,-0.627415657043457,-0.22559833526611328
1405,-1.050728678703308,-0.7067066431045532,-0.24730145931243896
1406,-1.0070116519927979,-0.6776360869407654,-0.2711750864982605
1407,-1.0537062883377075,-0.8121764659881592,-0.28458717465400696
1408,-1.0850368738174438,-0.9332616925239563,-0.1709475815296173
1409,-0.5973943471908569,-0.3389669358730316,0.1026800274848938
1410,-0.7689255475997925,-0.48907384276390076,-0.14645200967788696
1411,-0.1104186400771141,0.18263833224773407,0.8744377493858337
1412,-0.528258740901947,-0.18831588327884674,0.03541990742087364
1413,-0.5375546216964722,-0.2000051736831665,-0.009937707334756851
1414,-0.5856369733810425,-0.38453051447868347,0.05216986685991287
1415,-0.7305682897567749,-0.4985227584838867,-0.17051881551742554
1416,-0.1864326298236847,0.24016915261745453,0.9839771389961243
1417,-1.082747220993042,-1.0162338018417358,-0.4889989495277405
1418,-0.7614040374755859,-0.6054643988609314,-0.2541879713535309
1419,-1.087040662765503,-1.050023078918457,-0.5061860084533691
1420,-0.16321976482868195,0.15675000846385956,0.7838183641433716
1421,-0.9953967332839966,-0.8967701196670532,-0.4201371669769287
1422,-1.042963981628418,-0.8300970792770386,-0.3439624011516571
1423,-0.2726682424545288,-0.040959522128105164,0.30575501918792725
1424,-1.065968632698059,-1.011186122894287,-0.498822420835495
1425,-1.1329314708709717,-0.8434484004974365,-0.08767936378717422
1426,-0.9531171917915344,-0.805840790271759,-0.30053746700286865
1427,-0.9447906017303467,-0.7560563087463379,-0.31526485085487366
1428,-0.8671934008598328,-0.7569538354873657,-0.25375524163246155
1429,-0.9621583819389343,-0.8537307381629944,-0.31603023409843445
1430,-0.9635413885116577,-0.8274450302124023,-0.3117007613182068
1431,-0.9371752142906189,-0.8663138747215271,-0.3011443614959717
1432,-0.9385157227516174,-0.8002866506576538,-0.2874758541584015
1433,-0.9352465867996216,-0.7498102188110352,-0.30612844228744507
1434,-1.1055376529693604,-0.6943632960319519,-0.2975890636444092
1435,-0.8589476346969604,-0.7697408199310303,-0.25811824202537537
1436,-1.0363682508468628,-0.7911691665649414,-0.11315986514091492
1437,-0.9610220193862915,-0.8193797469139099,-0.31194570660591125
1438,-1.0450725555419922,-0.7991477251052856,-0.015782175585627556
1439,-0.9427159428596497,-0.8365334272384644,-0.27782246470451355
1440,-1.129485011100769,-0.8551000952720642,-0.32717305421829224
1441,-0.9702982902526855,-0.7866217494010925,-0.30420592427253723
1442,-0.9849881529808044,-0.9270817637443542,-0.31709200143814087
1443,-1.0342905521392822,-0.7497059106826782,0.18361347913742065
1444,-1.183079719543457,-0.9906195402145386,-0.21503466367721558
1445,-0.5976327657699585,-0.4435618221759796,-0.07005112618207932
1446,-0.7422253489494324,-0.5197954773902893,-0.21309758722782135
1447,-0.4213111698627472,-0.2487374097108841,0.8904582262039185
1448,-0.5609228610992432,-0.3372718095779419,-0.027679095044732094
1449,-0.5505808591842651,-0.31258851289749146,-0.030597126111388206
1450,-0.7934027910232544,-0.6388002038002014,-0.25417348742485046
1451,-0.6012046337127686,-0.44596055150032043,-0.10064919292926788
1452,-0.7327786087989807,-0.5662803649902344,-0.1870751827955246
1453,-1.1110155582427979,-1.082943081855774,-0.49357056617736816
1454,-0.4200977087020874,-0.15557384490966797,0.5093128085136414
1455,-1.2638137340545654,-1.0797407627105713,-0.4798012673854828
1456,-0.7653888463973999,-0.5981180667877197,-0.24380087852478027
1457,-1.153472661972046,-1.0528322458267212,-0.45156481862068176
1458,-0.468748539686203,-0.249412402510643,0.7999622821807861
1459,-1.2607426643371582,-1.0411076545715332,-0.47118547558784485
1460,-1.1333307027816772,-0.9476346373558044,-0.42773470282554626
1461,-1.0786254405975342,-1.0443493127822876,-0.4887723922729492
1462,-0.6236945390701294,-0.4313218593597412,-0.00951189175248146
1463,-1.106095314025879,-1.0416570901870728,-0.44988301396369934
1464,-1.0633294582366943,-0.9663833975791931,-0.40149804949760437
1465,-1.1612225770950317,-0.9731175303459167,-0.1641138792037964
1466,-1.069554090499878,-0.9996465444564819,-0.3975526988506317
1467,-1.0624375343322754,-1.0019536018371582,-0.39612194895744324
1468,-1.061414361000061,-0.9584971070289612,-0.40077194571495056
1469,-1.2417289018630981,-1.0498535633087158,-0.1616799384355545
1470,-1.1171375513076782,-0.9828886389732361,-0.32968851923942566
1471,-1.1628597974777222,-1.006392240524292,-0.37572622299194336
1472,-1.0551878213882446,-0.9502438306808472,-0.43640682101249695
1473,-1.0584818124771118,-1.016342282295227,-0.40883079171180725
1474,-1.1280815601348877,-1.0226024389266968,-0.46811413764953613
1475,-1.1972429752349854,-0.9571591019630432,-0.10481993108987808
1476,-1.059928059577942,-0.9886236190795898,-0.45240798592567444
1477,-1.0665664672851562,-0.9413979053497314,-0.39340707659721375
1478,-1.0778387784957886,-0.9969260096549988,-0.3123997151851654
1479,-1.2625041007995605,-1.0674805641174316,-0.4680212438106537
1480,-1.0503811836242676,-0.9302072525024414,-0.47353658080101013
1481,-1.0715138912200928,-1.049700140953064,-0.44520318508148193
1482,-1.0570298433303833,-0.9972855448722839,-0.45918911695480347
1483,-0.6214598417282104,-0.3975321650505066,-0.04248432070016861
1484,-0.7523851990699768,-0.5767353177070618,-0.21160833537578583
1485,-0.46138009428977966,-0.2754743993282318,0.7993770837783813
1486,-0.557482898235321,-0.24720703065395355,-0.019409967586398125
1487,-0.5468486547470093,-0.242675319314003,-0.030000479891896248
1488,-0.7914416193962097,-0.6703412532806396,-0.2650308907032013
1489,-0.6885703206062317,-0.5078368186950684,-0.10534191131591797
1490,-0.7471326589584351,-0.5868952870368958,-0.17742593586444855
1491,-1.0489832162857056,-1.0046371221542358,-0.4985990524291992
1492,-0.4045180380344391,-0.1347321718931198,0.6593587398529053
1493,-1.1391937732696533,-1.0864760875701904,-0.5034388303756714
1494,-0.7792237401008606,-0.6373421549797058,-0.26839980483055115
1495,-1.0574443340301514,-1.037695288658142,-0.49786943197250366
1496,-0.49192824959754944,-0.25004538893699646,0.639997124671936
1497,-1.1561031341552734,-1.0178148746490479,-0.4778844118118286
1498,-1.3088958263397217,-0.9651648998260498,-0.4796314835548401
1499,-1.0375382900238037,-0.9678133130073547,-0.4299788773059845
1500,-0.621326208114624,-0.45109671354293823,0.06266134232282639
1501,-1.0428009033203125,-1.0102455615997314,-0.49786943197250366
1502,-0.5975541472434998,-0.4012469947338104,-0.055149007588624954
1503,-0.5859280824661255,-0.36849918961524963,0.24197398126125336
1504,-0.5715367197990417,-0.3358164131641388,-0.06434710323810577
1505,-0.5752338171005249,-0.3229537606239319,-0.022386740893125534
1506,-0.6556254029273987,-0.4895390272140503,-0.09509342908859253
1507,-0.5795023441314697,-0.34329861402511597,-0.03692098334431648
1508,-0.5893277525901794,-0.3839094638824463,-0.049553561955690384
1509,-0.645599365234375,-0.46999621391296387,-0.20000264048576355
1510,-0.5783632397651672,-0.38855722546577454,0.3396543562412262
1511,-0.6115922927856445,-0.4395824670791626,0.03723813593387604
1512,-0.6078622937202454,-0.4095667898654938,-0.0808514803647995
1513,-0.6395501494407654,-0.49689656496047974,-0.07752446830272675
1514,-0.6090081930160522,-0.3803091049194336,0.45124658942222595
1515,-0.6039261817932129,-0.37625351548194885,-0.11362713575363159
1516,-0.6509295701980591,-0.45309555530548096,0.27961426973342896
1517,-0.6042680144309998,-0.39760929346084595,-0.00539351673796773
1518,-0.6541505455970764,-0.4439019560813904,-0.03623489663004875
1519,-0.5974498391151428,-0.289802223443985,-0.028345704078674316
1520,-0.18306966125965118,0.12010309845209122,0.7569555044174194
1521,-0.5133838653564453,-0.2555103302001953,0.00679706409573555
1522,-0.5355390310287476,-0.26604652404785156,0.0014982698485255241
1523,-0.8011080026626587,-0.6533641815185547,-0.24454645812511444
1524,-0.5708348155021667,-0.32724395394325256,-0.035873204469680786
1525,-0.24663908779621124,0.2975550591945648,0.7886069416999817
1526,-1.0776934623718262,-1.0031647682189941,-0.45188766717910767
1527,-1.1003341674804688,-1.0700173377990723,-0.49452629685401917
1528,-0.23918794095516205,0.008058937266469002,0.7311297059059143
1529,-1.062768816947937,-1.033143401145935,-0.39317166805267334
1530,-1.0348683595657349,-0.929098904132843,-0.394651859998703
1531,-0.21732082962989807,0.08197080343961716,0.29694533348083496
1532,-1.096004605293274,-0.9940369725227356,-0.42356422543525696
1533,-0.6449103355407715,-0.4382123351097107,-0.050207555294036865
1534,-0.5789412260055542,-0.31919971108436584,-0.02868260070681572
1535,-0.5721703171730042,-0.25825637578964233,-0.024962304159998894
1536,-0.7432512640953064,-0.4063829183578491,-0.15409182012081146
1537,-0.565575122833252,-0.281518816947937,-0.019334841519594193
1538,-0.6455337405204773,-0.2997153103351593,-0.07578277587890625
1539,-0.7692521810531616,-0.6207424998283386,-0.23943941295146942
1540,-0.6480366587638855,-0.4111637771129608,-0.0531822107732296
1541,-0.7490155696868896,-0.5741903185844421,-0.22346577048301697
1542,-0.7237077355384827,-0.45158451795578003,-0.1646881252527237
1543,-0.7695375680923462,-0.5516650080680847,-0.22142615914344788
1544,-0.7346397638320923,-0.5480808019638062,-0.20460417866706848
1545,-0.7388477325439453,-0.47626087069511414,-0.1948550045490265
1546,-0.789762556552887,-0.6608009338378906,-0.24273712933063507
1547,-0.6526537537574768,-0.40162765979766846,-0.004421112593263388
1548,-0.7773285508155823,-0.6243353486061096,-0.22880810499191284
1549,-0.4986090064048767,-0.3668734133243561,0.8706003427505493
1550,-0.5735147595405579,-0.41607165336608887,-0.030477408319711685
1551,-0.5580785870552063,-0.3644866347312927,-0.022587599232792854
1552,-0.750852644443512,-0.545966386795044,-0.21798460185527802
1553,-0.5766434073448181,-0.3789044916629791,-0.06193285807967186
1554,-0.6461556553840637,-0.42990991473197937,-0.14350521564483643
1555,-1.1366114616394043,-1.0967367887496948,-0.4343794584274292
1556,-0.5714554786682129,-0.33078113198280334,0.5289949774742126
1557,-1.2200719118118286,-1.0550254583358765,-0.4816940128803253
1558,-0.7517138123512268,-0.5934496521949768,-0.24053028225898743
1559,-1.1015249490737915,-1.0673034191131592,-0.4974074959754944
1560,-0.6237489581108093,-0.44561803340911865,0.8153713941574097
1561,-1.228988528251648,-1.0513776540756226,-0.4798606038093567
1562,-1.028038501739502,-0.8160467743873596,-0.401183545589447
1563,-1.0974429845809937,-1.0116220712661743,-0.41033652424812317
1564,-0.7172710299491882,-0.4775717556476593,0.0800066813826561
1565,-1.1059170961380005,-1.0747709274291992,-0.47618043422698975
1566,-0.11404784023761749,0.25748199224472046,0.7229276895523071
1567,-0.2803880274295807,-0.06988650560379028,0.6203895807266235
1568,-0.5231770277023315,-0.4490518271923065,0.748660147190094
1569,-0.3565090298652649,-0.05059421807527542,0.6668825149536133
1570,-0.42508643865585327,-0.24169032275676727,0.6754456758499146
1571,-0.2714809477329254,0.21364906430244446,0.3949503004550934
1572,0.010163536295294762,0.538346529006958,0.7779873609542847
1573,-0.6352193355560303,-0.37744271755218506,0.49499502778053284
1574,-0.4009982943534851,-0.21113137900829315,0.8390419483184814
1575,-0.32279887795448303,-0.06527471542358398,0.2100755125284195
1576,0.00690851965919137,0.6162056922912598,0.7930188775062561
1577,-0.3856072723865509,-0.14774516224861145,0.745281994342804
1578,-0.7025511860847473,-0.5073675513267517,0.3170202672481537
1579,-0.22950109839439392,0.191884383559227,0.4133034348487854
1580,0.017431631684303284,0.45910510420799255,0.6816021800041199
1581,-0.3909982740879059,-0.07636477798223495,0.1900406777858734
1582,-0.44606706500053406,-0.19791458547115326,-0.0005212889518588781
1583,-0.536456823348999,-0.30447912216186523,0.012634456157684326
1584,-0.5848914980888367,-0.41625916957855225,-0.05870247632265091
1585,-0.6056655645370483,-0.4499812722206116,-0.07598544657230377
1586,-1.1808429956436157,-1.1568210124969482,-0.463136225938797
1587,0.023362886160612106,0.5861085057258606,0.8040920495986938
1588,-1.0795347690582275,-1.037245750427246,-0.454627126455307
1589,-0.6455979347229004,-0.4456549286842346,-0.11987540870904922
1590,-1.1387274265289307,-1.0131412744522095,-0.4331448972225189
1591,0.010163536295294762,0.6876397132873535,0.8409611582756042
1592,-1.0726826190948486,-0.9950567483901978,-0.4400756061077118
1593,-0.9342556595802307,-0.8261567950248718,-0.38025930523872375
1594,-1.1294575929641724,-1.109748363494873,-0.395224392414093
1595,0.016421807929873466,0.43497785925865173,0.5925332307815552
1596,-1.1031299829483032,-0.9468668103218079,-0.5060368180274963
1597,-0.5076795816421509,-0.297942578792572,-0.018079785630106926
1598,-0.6004741191864014,-0.4061957001686096,-0.03604331240057945
1599,-0.5385895371437073,-0.3140134811401367,-0.002951451111584902
1600,-0.5574256777763367,-0.36006951332092285,-0.020128481090068817
1601,-0.5925759673118591,-0.39450308680534363,-0.09292375296354294
1602,-0.4504673480987549,-0.1616448014974594,0.022929972037672997
1603,-0.575439989566803,-0.3014984726905823,-0.02090800367295742
1604,-0.548319935798645,-0.34271368384361267,-0.030280308797955513
1605,-0.5882169008255005,-0.37121322751045227,-0.032030150294303894
1606,-0.5102194547653198,-0.28959277272224426,0.013772768899798393
1607,-0.5484856963157654,-0.22818905115127563,-0.02894025668501854
1608,-0.6120665073394775,-0.41300979256629944,-0.038923297077417374
1609,-0.5900119543075562,-0.4373275339603424,-0.08118033409118652
1610,-0.4954245090484619,-0.20843319594860077,0.04216332733631134
1611,-0.5769209861755371,-0.3654955327510834,-0.024009553715586662
1612,-0.5265451073646545,-0.2849217355251312,-0.012117029167711735
1613,-0.7801331281661987,-0.6401765942573547,-0.2204529494047165
1614,-0.569769561290741,-0.34852510690689087,-0.030636534094810486
1615,-0.5884772539138794,-0.4149899482727051,-0.08152756094932556
1616,-1.179705262184143,-1.1356754302978516,-0.48280444741249084
1617,-0.09047830104827881,0.31600385904312134,0.6556653380393982
1618,-1.079222559928894,-1.0374666452407837,-0.4550132751464844
1619,-0.7781417965888977,-0.6306830644607544,-0.2247028350830078
1620,-1.1214388608932495,-1.0656343698501587,-0.49474242329597473
1621,-0.1324707418680191,0.21261583268642426,0.7108221650123596
1622,-1.0690075159072876,-1.0454918146133423,-0.3905845880508423
1623,-1.0292809009552002,-0.9417470693588257,-0.4121520519256592
1624,-1.0887632369995117,-0.9469046592712402,-0.17365045845508575
1625,-0.1461869329214096,0.1777564287185669,0.38363146781921387
1626,-1.0978062152862549,-1.021384358406067,-0.4849788248538971
1627,-0.5728980898857117,-0.3014046549797058,-0.028658676892518997
1628,-0.5496624708175659,-0.2681067883968353,-0.020618140697479248
1629,-0.5446887612342834,-0.2907068729400635,-0.019877005368471146
1630,-0.6108803153038025,-0.3998968005180359,-0.0367090180516243
1631,-0.5321254730224609,-0.28374552726745605,-0.0048446268774569035
1632,-0.5637691020965576,-0.2743690311908722,-0.02974928729236126
1633,-0.5529830455780029,-0.26519715785980225,-0.02393455244600773
1634,-0.5835866332054138,-0.33469638228416443,-0.031222930178046227
1635,-0.5546231269836426,-0.35332900285720825,-0.026805078610777855
1636,-0.5517235994338989,-0.2173047959804535,-0.015456588007509708
1637,-0.5929346084594727,-0.3915655314922333,-0.020016197115182877
1638,-0.6103735566139221,-0.42806458473205566,-0.08958730846643448
1639,-0.5467302799224854,-0.30919769406318665,-0.019237095490098
1640,-0.587222158908844,-0.3401450514793396,-0.03994651883840561
1641,-0.7707836627960205,-0.5624935030937195,-0.20836734771728516
1642,-0.5677620768547058,-0.33507370948791504,-0.038089603185653687
1643,-0.5813369750976562,-0.3851551413536072,-0.055326130241155624
1644,-1.1565614938735962,-1.1346734762191772,-0.4806625247001648
1645,-0.30978211760520935,0.1850706934928894,0.5130424499511719
1646,-1.0814346075057983,-1.041938066482544,-0.4556322991847992
1647,-0.7738335132598877,-0.5910621285438538,-0.22528734803199768
1648,-1.1112505197525024,-1.0652343034744263,-0.4760540723800659
1649,-0.23778735101222992,0.08048737049102783,0.9006122946739197
1650,-1.0655128955841064,-1.027819275856018,-0.3947485387325287
1651,-1.019134283065796,-0.8379009962081909,-0.41038674116134644
1652,-1.0928524732589722,-0.9980812072753906,-0.33374249935150146
1653,-0.3236391246318817,0.12186159193515778,0.33246755599975586
1654,-1.1020151376724243,-1.0367639064788818,-0.4744926691055298
1655,-0.7597454190254211,-0.5886180400848389,-0.23656915128231049
1656,-0.7466745972633362,-0.5752153992652893,-0.22507405281066895
1657,-0.9158110022544861,-0.8003131151199341,-0.29715394973754883
1658,-0.6814376711845398,-0.4942495822906494,-0.15591081976890564
1659,-0.8526792526245117,-0.7092543244361877,-0.26336532831192017
1660,-0.7592349648475647,-0.5849938988685608,-0.24231185019016266
1661,-0.8471764326095581,-0.7566571831703186,-0.27186253666877747
1662,-0.8327808380126953,-0.6270217895507812,-0.26890653371810913
1663,-0.7996693849563599,-0.6053483486175537,-0.24719223380088806
1664,-0.9233216047286987,-0.7025805711746216,-0.19687557220458984
1665,-0.7476212382316589,-0.5894873738288879,-0.18330886960029602
1666,-0.8655072450637817,-0.7927043437957764,-0.262452095746994
1667,-0.5904462337493896,-0.41975241899490356,-0.06244206055998802
1668,-0.7297312021255493,-0.5113236904144287,-0.19431038200855255
1669,-1.116512417793274,-1.097259521484375,-0.5031889081001282
1670,-0.595564067363739,-0.3652774691581726,0.6225821375846863
1671,-1.163939356803894,-1.0823224782943726,-0.482892781496048
1672,-0.7682825326919556,-0.5951390266418457,-0.2449520379304886
1673,-1.1035515069961548,-1.0600210428237915,-0.48198744654655457
1674,-0.5316846370697021,-0.3841792047023773,0.8701104521751404
1675,-1.222408652305603,-1.082167625427246,-0.5064322352409363
1676,-1.0556447505950928,-0.9652425646781921,-0.40066519379615784
1677,-1.0894951820373535,-1.0156054496765137,-0.4133942127227783
1678,-0.7966110110282898,-0.5968374013900757,0.14570793509483337
1679,-1.0918283462524414,-1.0360888242721558,-0.48198744654655457
1680,-0.5745948553085327,-0.33300161361694336,-0.03641464188694954
1681,-0.7610206604003906,-0.6138976812362671,-0.21203503012657166
1682,-0.5953243970870972,-0.41450461745262146,-0.06812969595193863
1683,-0.7046397924423218,-0.5181601643562317,-0.11188449710607529
1684,-0.6125801205635071,-0.3975640833377838,-0.014962353743612766
1685,-0.7450868487358093,-0.5585263967514038,-0.20026899874210358
1686,-0.5968248248100281,-0.4122591018676758,-0.07357761263847351
1687,-0.6976925730705261,-0.5026189088821411,-0.10749127715826035
1688,-0.639957845211029,-0.4751078188419342,-0.0921911969780922
1689,-0.7725178003311157,-0.5858393311500549,-0.243429034948349
1690,-0.5701072812080383,-0.39774641394615173,-0.01108547206968069
1691,-0.777527928352356,-0.6078900098800659,-0.23297767341136932
1692,-0.6039485335350037,-0.39559412002563477,-0.07454290241003036
1693,-1.1666287183761597,-1.1273173093795776,-0.468723863363266
1694,-0.28628867864608765,0.07579827308654785,0.44725534319877625
1695,-1.1481643915176392,-1.0731959342956543,-0.45360860228538513
1696,-0.7624039649963379,-0.6083953976631165,-0.2400917112827301
1697,-1.1339718103408813,-1.085944652557373,-0.48602524399757385
1698,-0.3080993592739105,0.011800621636211872,0.8261907696723938
1699,-1.1416261196136475,-0.9882580041885376,-0.4177566468715668
1700,-1.0252348184585571,-0.8576245307922363,-0.39211419224739075
1701,-1.0886887311935425,-1.0763143301010132,-0.40913379192352295
1702,-0.35677942633628845,-0.11947771906852722,0.21533438563346863
1703,-1.105283260345459,-1.0351817607879639,-0.41581061482429504
1704,-0.7585288882255554,-0.6014319062232971,-0.24435098469257355
1705,-0.6194208264350891,-0.44145843386650085,-0.06632064282894135
1706,-0.7547904253005981,-0.600559651851654,-0.2311844825744629
1707,-0.7253340482711792,-0.5175285935401917,-0.17130395770072937
1708,-0.7565352916717529,-0.5872058272361755,-0.22948399186134338
1709,-0.6076645255088806,-0.4099140763282776,-0.0622272752225399
1710,-0.7490426898002625,-0.5674524307250977,-0.21463850140571594
1711,-0.7244963049888611,-0.5335713624954224,-0.22415247559547424
1712,-0.7700297832489014,-0.625346302986145,-0.21919012069702148
1713,-0.6176855564117432,-0.4425240755081177,-0.05835137143731117
1714,-0.7688049674034119,-0.6485215425491333,-0.236895352602005
1715,-1.1314010620117188,-1.1039164066314697,-0.45878925919532776
1716,-0.4115181565284729,-0.03772160783410072,0.5686421394348145
1717,-1.1209709644317627,-1.0483951568603516,-0.4870952069759369
1718,-0.7563652396202087,-0.5863943696022034,-0.2401052713394165
1719,-1.1063681840896606,-1.0693145990371704,-0.49761250615119934
1720,-0.39998140931129456,-0.15657489001750946,0.9401766061782837
1721,-1.1382060050964355,-1.079949140548706,-0.4881194829940796
1722,-1.0040525197982788,-0.8053718209266663,-0.3852415084838867
1723,-1.0791875123977661,-0.893998920917511,-0.10721959173679352
1724,-0.5989392995834351,-0.39783620834350586,0.1506708413362503
1725,-1.096063256263733,-1.0455646514892578,-0.4795159101486206
1726,-1.1797758340835571,-1.158839464187622,-0.3493797779083252
1727,-1.0494498014450073,-1.0219346284866333,-0.49773213267326355
1728,-1.102967381477356,-1.066342830657959,-0.4668528437614441
1729,-1.0538392066955566,-1.005115032196045,-0.5065025687217712
1730,-1.1499236822128296,-1.136279821395874,-0.46967965364456177
1731,-1.054609775543213,-0.9895496368408203,-0.4813733398914337
1732,-1.0870850086212158,-1.0496175289154053,-0.49773213267326355
1733,-1.0415968894958496,-0.9942485094070435,-0.479377418756485
1734,-1.1685975790023804,-1.1660925149917603,-0.48797139525413513
1735,-1.0371670722961426,-0.9856501817703247,-0.5065950751304626
1736,-0.29717832803726196,0.28214672207832336,0.4080202877521515
1737,-1.0386828184127808,-0.9737327098846436,-0.48516732454299927
1738,-0.8996719121932983,-0.7690378427505493,-0.3245081901550293
1739,-1.0445700883865356,-0.9894625544548035,-0.4813733398914337
1740,-0.38030731678009033,0.11510409414768219,0.269258975982666
1741,-1.0516079664230347,-0.9798997044563293,-0.49854394793510437
1742,-1.0898669958114624,-0.8844204545021057,-0.4412862956523895
1743,-1.0446255207061768,-0.9929040670394897,-0.42686447501182556
1744,-0.4205460548400879,-0.17057400941848755,0.10590707510709763
1745,-1.0399399995803833,-0.9784687757492065,-0.49779924750328064
1746,-0.5634862780570984,-0.35316580533981323,0.3214001953601837
1747,-0.3633539080619812,-0.05426546558737755,0.6350424289703369
1748,-0.32677626609802246,0.1677873581647873,0.34673285484313965
1749,0.010163536295294762,0.5124061107635498,0.8170040845870972
1750,-0.30294138193130493,-0.02022131346166134,0.5680453777313232
1751,-0.6528607606887817,-0.42489200830459595,0.48442110419273376
1752,-0.31620150804519653,0.2977938950061798,0.47443509101867676
1753,0.00690851965919137,0.5821489691734314,0.7238433361053467
1754,-0.2967025339603424,0.06493210047483444,0.2415241003036499
1755,-1.0862830877304077,-1.0451804399490356,-0.40043631196022034
1756,-0.6500416994094849,-0.4689311981201172,-0.18327468633651733
1757,-1.1205302476882935,-0.9508424401283264,-0.4867762327194214
1758,0.020132770761847496,0.5291537046432495,0.7615078091621399
1759,-1.0694857835769653,-0.9935418963432312,-0.46970853209495544
1760,-0.9259559512138367,-0.773635745048523,-0.34154653549194336
1761,-1.1282888650894165,-1.1149226427078247,-0.2906559109687805
1762,0.0033085839822888374,0.5293936133384705,0.5871280431747437
1763,-1.108515739440918,-1.0090184211730957,-0.4952155351638794
1764,-1.166564702987671,-1.0575858354568481,-0.4907912611961365
1765,-1.0592982769012451,-1.0235638618469238,-0.48516732454299927
1766,-1.0768591165542603,-1.0242103338241577,-0.44789624214172363
1767,-1.1091946363449097,-1.0485916137695312,-0.4982152283191681
1768,-1.1881064176559448,-1.0705567598342896,-0.4801316261291504
1769,-1.0485020875930786,-0.9452065229415894,-0.4972609877586365
1770,-1.0736947059631348,-1.0558905601501465,-0.39656561613082886
1771,-1.0533337593078613,-1.0243957042694092,-0.4973311722278595
1772,-0.8139875531196594,-0.6653966307640076,-0.26089683175086975
1773,-1.0584110021591187,-1.0351316928863525,-0.4805968105792999
1774,-0.6062206625938416,-0.3790040910243988,0.29763197898864746
1775,-1.1353830099105835,-1.0565801858901978,-0.5064322352409363
1776,-1.2224920988082886,-0.9500505924224854,-0.47933247685432434
1777,-1.0361518859863281,-0.9887726902961731,-0.43036094307899475
1778,-0.7030963897705078,-0.462067186832428,0.041536614298820496
1779,-1.0470616817474365,-1.025253176689148,-0.4803372919559479
1780,-0.8532571792602539,-0.7693483829498291,-0.2844933867454529
1781,-0.7117845416069031,-0.566696286201477,-0.17039792239665985
1782,-0.7872381210327148,-0.6009491086006165,-0.2675105035305023
1783,-0.7792072296142578,-0.6060373187065125,-0.2494739294052124
1784,-0.893130898475647,-0.7432387471199036,-0.2873115539550781
1785,-0.701496958732605,-0.5751490592956543,-0.1626860499382019
1786,-0.8739002346992493,-0.7676092386245728,-0.2320992648601532
1787,-1.0976487398147583,-1.0558829307556152,-0.49765491485595703
1788,-0.39811307191848755,-0.20405544340610504,0.9399942755699158
1789,-1.1800172328948975,-1.0527316331863403,-0.4880015254020691
1790,-0.9638317823410034,-0.8806947469711304,-0.41349077224731445
1791,-1.087518334388733,-1.0198338031768799,-0.4436720609664917
1792,-0.5878111124038696,-0.40514424443244934,0.03572293743491173
1793,-1.0953911542892456,-1.0191054344177246,-0.49427610635757446
1794,-1.1083520650863647,-0.9977746605873108,-0.44751837849617004
1795,-1.0486972332000732,-1.0010133981704712,-0.49786943197250366
1796,-1.0762075185775757,-1.0259462594985962,-0.48516732454299927
1797,-1.0404938459396362,-1.0014835596084595,-0.5044692158699036
1798,-1.106895923614502,-1.1076881885528564,-0.4875437915325165
1799,-1.0463305711746216,-1.002156138420105,-0.4783291518688202
1800,-0.36547133326530457,-0.03671743720769882,0.21386879682540894
1801,-1.0614147186279297,-1.0148905515670776,-0.5064322352409363
1802,-1.1170134544372559,-0.8960993885993958,-0.47952234745025635
1803,-1.0477856397628784,-0.9909876585006714,-0.4272301495075226
1804,-0.49193230271339417,-0.2752155065536499,0.04023179039359093
1805,-1.0471086502075195,-1.0062663555145264,-0.47954127192497253
1806,-0.4640047550201416,-0.20119264721870422,0.3131656050682068
1807,-0.6411417126655579,-0.3712485134601593,0.9089756011962891
1808,-0.3638302981853485,0.1289130300283432,0.3205823302268982
1809,0.006729484535753727,0.4509042501449585,0.7145960330963135
1810,-0.40265998244285583,-0.10228729993104935,0.17393064498901367
1811,-1.0678178071975708,-0.9347878694534302,-0.4081652760505676
1812,-0.9948307871818542,-0.8426969647407532,-0.3912715017795563
1813,-1.1209198236465454,-1.0942621231079102,-0.3405914008617401
1814,0.00966596882790327,0.4728511571884155,0.6331019401550293
1815,-1.100117802619934,-1.0465689897537231,-0.4818931221961975
1816,-1.2222827672958374,-1.0094355344772339,-0.4850650429725647
1817,-1.0335958003997803,-0.9521164298057556,-0.4908389449119568
1818,-1.0741281509399414,-0.9875417947769165,-0.4531031847000122
1819,-1.0401091575622559,-0.935275673866272,-0.4794175624847412
1820,-1.2194595336914062,-0.9711567163467407,-0.442975789308548
1821,-1.0488835573196411,-0.9634069800376892,-0.4229199290275574
1822,-0.5087055563926697,-0.32910725474357605,0.05221189558506012
1823,-1.0415843725204468,-0.9930834174156189,-0.4976470172405243
1824,-1.0588139295578003,-0.9012075662612915,-0.4449181854724884
1825,-1.0346328020095825,-0.9933120012283325,-0.41895243525505066
1826,-1.0935488939285278,-0.8837503790855408,-0.4617345333099365
1827,-1.0804684162139893,-0.982370138168335,-0.42932987213134766
1828,-0.7673724889755249,-0.6145787835121155,-0.010378480888903141
1829,-1.0818119049072266,-1.0162421464920044,-0.48144641518592834
1830,-1.0968703031539917,-0.9102303385734558,-0.2793522775173187
1831,-1.0380008220672607,-0.9728767275810242,-0.505422830581665
1832,-0.39787739515304565,-0.14437530934810638,0.17863327264785767
1833,-1.0363457202911377,-0.9572044610977173,-0.48114752769470215
1834,-0.4960595667362213,-0.31313517689704895,0.042854439467191696
1835,-1.095402479171753,-1.0511386394500732,-0.4871875047683716
