,q05,q50,q95
0,-0.21066562831401825,0.33056819438934326,0.5436604619026184
1,-0.07794156670570374,0.38291382789611816,0.45782437920570374
2,-0.27035394310951233,0.19168320298194885,0.4578329622745514
3,0.007965701632201672,0.606801450252533,0.9448868632316589
4,0.010887165553867817,0.7456754446029663,0.8669688105583191
5,-0.5741530060768127,-0.2779158055782318,0.2301587611436844
6,-1.4445648193359375,-0.8801605701446533,-0.20574873685836792
7,-0.4171062409877777,-0.06494191288948059,0.3108034133911133
8,-0.6413983702659607,-0.3647845685482025,0.08884595334529877
9,0.004913828335702419,0.5874557495117188,0.6443990468978882
10,-1.0421968698501587,-1.0164637565612793,-0.4435286223888397
11,0.019483249634504318,0.6577317714691162,0.7669067978858948
12,-0.5454376935958862,-0.3046025335788727,-0.007945518009364605
13,-0.9121431708335876,-0.788072407245636,-0.32461902499198914
14,-0.9364510178565979,-0.8047837018966675,-0.2746681272983551
15,-1.0745160579681396,-1.0000325441360474,-0.3811265230178833
16,-0.6848520636558533,-0.3020404577255249,-0.07497362047433853
17,0.007431517355144024,0.6227753758430481,0.8686445951461792
18,-0.512414813041687,-0.2675195634365082,-0.021165067330002785
19,-0.5249739289283752,-0.2901410162448883,-0.013065991923213005
20,-0.8048666715621948,-0.5745123624801636,-0.23657061159610748
21,-0.5669875741004944,-0.33681201934814453,-0.0228655356913805
22,-0.6777914762496948,-0.41527122259140015,-0.07277926057577133
23,-1.0253771543502808,-0.9757526516914368,-0.42244622111320496
24,0.022444268688559532,0.6826406121253967,0.8347024917602539
25,-1.0800824165344238,-1.0077987909317017,-0.4345489740371704
26,-0.7663305401802063,-0.5903651118278503,-0.23473124206066132
27,-1.03019380569458,-1.001265287399292,-0.4276164770126343
28,0.019483249634504318,0.6476854681968689,0.7728357315063477
29,-1.0358197689056396,-0.9966488480567932,-0.4108096957206726
30,-1.115835189819336,-0.9591625928878784,-0.45000797510147095
31,-1.0225621461868286,-0.9771380424499512,-0.37409937381744385
32,-0.0060400646179914474,0.513659656047821,0.5884923338890076
33,-1.032090425491333,-0.9857164621353149,-0.4780074656009674
34,-0.11672955006361008,0.29742735624313354,0.4435359239578247
35,-0.21090392768383026,0.32226771116256714,0.43776053190231323
36,0.008672443218529224,0.5230419039726257,0.7276849150657654
37,0.012758412398397923,0.658164381980896,0.7296395301818848
38,-0.5411753058433533,-0.30922508239746094,0.28278467059135437
39,-0.2508978843688965,0.18352599442005157,0.38439223170280457
40,-0.5475954413414001,-0.30016013979911804,-0.008357081562280655
41,0.009195363149046898,0.5323734283447266,0.6995676755905151
42,-0.8253593444824219,-0.7282163500785828,-0.2590344250202179
43,0.007431517355144024,0.6196506023406982,0.7099646925926208
44,0.009289917536079884,0.6001995801925659,0.7338077425956726
45,-0.5870928764343262,-0.4194636642932892,0.03327132761478424
46,-0.8281620740890503,-0.5906867980957031,-0.20491531491279602
47,-0.37611380219459534,-0.23927223682403564,0.5937774777412415
48,-0.6977092623710632,-0.5738863348960876,-0.027294715866446495
49,-0.7919360995292664,-0.6466615796089172,-0.1260504424571991
50,-0.542194128036499,-0.2825429439544678,0.30711829662323
51,-0.6469626426696777,-0.4479007124900818,-0.012740879319608212
52,0.01756865531206131,0.5394518375396729,0.728282630443573
53,-0.4942716658115387,-0.1985841691493988,0.012655993923544884
54,-0.5200964212417603,-0.24152213335037231,0.07744835317134857
55,-0.6688550114631653,-0.4386719763278961,0.16651411354541779
56,-0.5658609867095947,-0.3860304355621338,0.13132598996162415
57,-0.5985673069953918,-0.41293299198150635,-0.00019701739074662328
58,-0.827630341053009,-0.7161979675292969,-0.23324242234230042
59,0.010310967452824116,0.49551504850387573,0.7334209084510803
60,-0.8037503957748413,-0.7264602184295654,-0.14387236535549164
61,-0.5984714031219482,-0.4044835865497589,0.09538665413856506
62,-0.8440296649932861,-0.7018876075744629,-0.2489427775144577
63,0.01679740846157074,0.5636891722679138,0.7785233855247498
64,-0.8106222748756409,-0.6659627556800842,-0.17226868867874146
65,-0.7957294583320618,-0.6968731880187988,-0.09305250644683838
66,-0.810617208480835,-0.660569965839386,-0.22659140825271606
67,-0.010844036936759949,0.4171963930130005,0.5669606328010559
68,-0.844376802444458,-0.7476426362991333,-0.25516942143440247
69,-0.14695614576339722,0.2905420958995819,0.5084080696105957
70,-0.06590593606233597,0.3259982168674469,0.47772178053855896
71,-0.08703172951936722,0.3394835889339447,0.4423367977142334
72,-0.5394505262374878,-0.35783201456069946,0.05135845020413399
73,-0.6108396649360657,-0.39071378111839294,-0.042328204959630966
74,-0.17868028581142426,0.2231050580739975,0.43316948413848877
75,-0.5422311425209045,-0.3373306691646576,0.1329496204853058
76,-0.07855534553527832,0.3442275822162628,0.4762459397315979
77,-0.7574927806854248,-0.6771640777587891,-0.21034099161624908
78,-0.11753639578819275,0.21512731909751892,0.4529898464679718
79,-0.06626579910516739,0.28342121839523315,0.45574960112571716
80,-0.5972728729248047,-0.3799026310443878,-0.021798258647322655
81,-0.7898537516593933,-0.6119303107261658,-0.26375100016593933
82,-0.30592453479766846,-0.09633144736289978,0.11739245802164078
83,-0.6447820067405701,-0.4741356074810028,-0.08698881417512894
84,-0.6621736884117126,-0.5329545736312866,-0.06999338418245316
85,-0.32627633213996887,-0.06953949481248856,0.38791611790657043
86,-0.6512370705604553,-0.41436856985092163,-0.006514853797852993
87,-0.11705613881349564,0.1419927179813385,0.41515931487083435
88,-0.2643722891807556,0.1366630494594574,0.3991885185241699
89,-0.43877914547920227,-0.03018411062657833,0.3292194902896881
90,-0.6869652271270752,-0.519019365310669,-0.08870521932840347
91,-0.5798760056495667,-0.28213268518447876,0.06947584450244904
92,-0.6070504188537598,-0.36015793681144714,-0.0025733772199600935
93,-0.8458019495010376,-0.775562047958374,-0.37257125973701477
94,-0.07855534553527832,0.3166761100292206,0.4646701514720917
95,-0.7347163558006287,-0.5523339509963989,-0.09306421130895615
96,-0.6116539835929871,-0.4161043167114258,-0.028507230803370476
97,-0.6888918876647949,-0.5662315487861633,-0.20153242349624634
98,-0.6195417046546936,-0.42638689279556274,-0.0541338287293911
99,-0.7145910263061523,-0.5111993551254272,-0.07310545444488525
100,-0.7949661612510681,-0.6775611639022827,-0.1851356476545334
101,-0.08703172951936722,0.3604477047920227,0.4665979743003845
102,-0.711688756942749,-0.5985820293426514,-0.1710398942232132
103,-0.008457116782665253,0.4093421399593353,0.5630969405174255
104,-0.0009644607780501246,0.4550449252128601,0.7150422930717468
105,-0.5142248272895813,-0.1243874654173851,0.048571743071079254
106,-0.299412339925766,0.18350312113761902,0.354324609041214
107,-0.5078914165496826,-0.0803704708814621,0.18576893210411072
108,-0.8295382857322693,-0.716280996799469,-0.23858216404914856
109,0.004954565316438675,0.5468232035636902,0.5391785502433777
110,0.009195363149046898,0.4397231936454773,0.6029980778694153
111,-0.5644784569740295,-0.3604304790496826,0.0049064927734434605
112,-0.7583335638046265,-0.5683256983757019,-0.10558980703353882
113,-0.3669012188911438,0.013394638895988464,0.8026810884475708
114,-0.682758629322052,-0.5081386566162109,0.38919398188591003
115,-0.7592448592185974,-0.5496479272842407,0.0016336526023223996
116,-0.5129954218864441,-0.07493695616722107,0.13057014346122742
117,-0.01769644021987915,0.38351282477378845,0.5586064457893372
118,-0.486551970243454,-0.16621415317058563,0.14331229031085968
119,-0.49921566247940063,-0.19975270330905914,0.11490132659673691
120,-0.6621270775794983,-0.44977623224258423,0.006650305353105068
121,-0.5479007363319397,-0.24587474763393402,0.051688872277736664
122,-0.7899985313415527,-0.6199735403060913,-0.20721963047981262
123,0.01756865531206131,0.4902955889701843,0.5429909229278564
124,-0.8056910037994385,-0.7341737151145935,0.2037498950958252
125,-0.7915399074554443,-0.6003434658050537,-0.21241310238838196
126,-0.007504887413233519,0.49817955493927,0.6023168563842773
127,-0.7612356543540955,-0.6042923331260681,0.07598898559808731
128,-0.7516217231750488,-0.557513415813446,-0.023760860785841942
129,-0.8055611848831177,-0.6058513522148132,-0.15722844004631042
130,-0.09680678695440292,0.41938847303390503,0.6863744854927063
131,-0.8113996982574463,-0.6941038370132446,-0.2363664209842682
132,-0.03816315904259682,0.44121548533439636,0.8004258871078491
133,-0.0002651240210980177,0.535864531993866,0.721595048904419
134,-0.687079131603241,-0.2752154767513275,0.0893879309296608
135,0.022444268688559532,0.7827650904655457,0.9732720851898193
136,0.007965701632201672,0.6976715326309204,0.8919696807861328
137,-0.5088532567024231,-0.3214223384857178,0.2866491675376892
138,-0.47646644711494446,-0.14907151460647583,-0.02337757498025894
139,-0.2953328788280487,-0.039635881781578064,1.5646733045578003
140,-0.7329028844833374,-0.37684696912765503,0.028780600056052208
141,-0.7324771881103516,-0.38361117243766785,0.0822354108095169
142,-0.6696760654449463,-0.4517284631729126,0.13236908614635468
143,0.007965701632201672,0.5640807151794434,0.8098836541175842
144,-0.2364247739315033,0.25688406825065613,0.6405693292617798
145,-0.3559749126434326,0.0406724214553833,0.494722455739975
146,-0.7354230284690857,-0.5050806999206543,0.15890264511108398
147,-0.4824313521385193,-0.16861799359321594,0.46286195516586304
148,-0.4845908582210541,-0.2921717166900635,0.25061461329460144
149,-0.5510390400886536,-0.2536895275115967,-0.016910145059227943
150,0.022444268688559532,0.6907552480697632,0.8227803111076355
151,-0.6245819926261902,-0.3739713132381439,0.3276890218257904
152,-0.5578997135162354,-0.30269598960876465,-0.026168838143348694
153,0.011071969754993916,0.7777982354164124,0.851193368434906
154,-0.6329106688499451,-0.252103716135025,0.3595642149448395
155,-0.7551667094230652,-0.5143605470657349,0.022900046780705452
156,-0.5641838908195496,-0.2870267331600189,-0.08742547780275345
157,-0.6165920495986938,-0.31320998072624207,-0.016839513555169106
158,-0.04873747006058693,0.34573280811309814,0.46048176288604736
159,-0.5111684203147888,-0.3071994483470917,0.2976418435573578
160,0.022444268688559532,0.6233219504356384,0.6797016263008118
161,-0.8517458438873291,-0.7711049318313599,-0.22934171557426453
162,0.010887165553867817,0.8087119460105896,0.909639835357666
163,0.019483249634504318,0.743079423904419,0.7652299404144287
164,-0.6402609348297119,-0.48104971647262573,0.013896940276026726
165,-0.7380762696266174,-0.5476692914962769,-0.19799508154392242
166,-0.3031100928783417,-0.12367162108421326,1.1330043077468872
167,-0.6815239191055298,-0.4620301425457001,0.0650799348950386
168,-0.7576013803482056,-0.7139984369277954,0.09624308347702026
169,-0.47733891010284424,-0.2659822702407837,0.2676309645175934
170,0.007965701632201672,0.7090197205543518,0.7647637128829956
171,-0.3506074845790863,0.01733464002609253,0.260593980550766
172,-0.45380017161369324,-0.17211075127124786,0.23145560920238495
173,-0.8234964609146118,-0.7031998038291931,-0.03300097584724426
174,-0.5677364468574524,-0.37294748425483704,0.09064071625471115
175,-0.6128473281860352,-0.43922775983810425,0.14627763628959656
176,-0.8257287740707397,-0.7185401916503906,-0.23191314935684204
177,0.010887165553867817,0.6250535249710083,0.7386347055435181
178,-0.8308174014091492,-0.7849208116531372,-0.10389597713947296
179,-0.8361465334892273,-0.7131907939910889,-0.207144096493721
180,0.011071969754993916,0.7008588910102844,0.7592087984085083
181,-0.7768553495407104,-0.7311789393424988,0.2913459837436676
182,-0.8180016875267029,-0.6964814066886902,-0.07522866874933243
183,-0.8374248147010803,-0.6513556241989136,-0.2070058435201645
184,0.022444268688559532,0.5589115619659424,0.6205504536628723
185,-0.8407037854194641,-0.7870156764984131,-0.2191438376903534
186,-0.8162820935249329,-0.6908878087997437,-0.13159610331058502
187,-0.5753458142280579,-0.32073912024497986,-0.0032519535161554813
188,-0.46436411142349243,-0.1779511272907257,0.22562819719314575
189,-0.8096747994422913,-0.6521366238594055,-0.23733560740947723
190,-0.5436797738075256,-0.28192633390426636,0.17372795939445496
191,-0.4572632908821106,-0.21921804547309875,0.272370308637619
192,-0.5714699625968933,-0.2989374101161957,-0.02296946756541729
193,-0.8745301365852356,-0.6505790948867798,-0.1045941486954689
194,-0.7745335102081299,-0.6553933620452881,-0.23451359570026398
195,-0.5644950866699219,-0.3352597653865814,0.030029794201254845
196,-0.6294271945953369,-0.3373514413833618,-3.368232864886522e-05
197,-0.42134392261505127,-0.13878095149993896,0.5126440525054932
198,-0.5499178767204285,-0.30131351947784424,0.010529781691730022
199,-0.5604389309883118,-0.2942785322666168,-0.026537662371993065
200,-0.7314375042915344,-0.5695278644561768,-0.13340982794761658
201,-0.5661047697067261,-0.2950555980205536,0.06643780320882797
202,-0.5928151607513428,-0.3843081295490265,0.11598336696624756
203,-0.8784286975860596,-0.7813329100608826,-0.35659125447273254
204,-0.3532646596431732,-0.06722012162208557,0.4077533185482025
205,-0.8989958763122559,-0.6677803993225098,-0.25957533717155457
206,-0.4844445288181305,-0.25208017230033875,0.5760810375213623
207,-0.8109133839607239,-0.666487991809845,-0.246291846036911
208,-0.8027068972587585,-0.6862443089485168,-0.2425205111503601
209,-0.8570804595947266,-0.7394276857376099,-0.23546750843524933
210,-0.54168701171875,-0.4000571668148041,0.24552179872989655
211,-0.8083633780479431,-0.6497218012809753,-0.2360575795173645
212,-0.760237455368042,-0.4975375235080719,-0.10669128596782684
213,-1.8387274742126465,-0.7415656447410583,-0.2835150957107544
214,-0.6840022206306458,-0.4301612377166748,0.20926640927791595
215,-1.0181912183761597,-0.8147534728050232,-0.06880062818527222
216,-1.1581158638000488,-0.6322483420372009,-0.24792470037937164
217,-0.8335277438163757,-0.5768857002258301,0.010732367634773254
218,-0.8864120244979858,-0.7472350597381592,-0.2784308195114136
219,-0.9291338324546814,-0.806420624256134,-0.29854682087898254
220,-1.0095664262771606,-0.8349085450172424,-0.021906264126300812
221,-0.77973872423172,-0.6368657350540161,-0.2703458070755005
222,-0.6297923922538757,-0.35744479298591614,0.09640693664550781
223,-0.7600795030593872,-0.4913209080696106,-0.14774693548679352
224,-0.7391404509544373,-0.4896230697631836,-0.12459620088338852
225,-0.9200859665870667,-0.6757420897483826,-0.2992755174636841
226,-0.7974153161048889,-0.6247908473014832,-0.20046910643577576
227,-0.7607952356338501,-0.630720317363739,-0.2586440443992615
228,-1.0229239463806152,-0.7718298435211182,-0.16134190559387207
229,-0.8869937658309937,-0.2790566682815552,0.18761204183101654
230,-1.0170280933380127,-0.8731641173362732,-0.3214549124240875
231,-0.909744918346405,-0.6709779500961304,-0.2892816960811615
232,-1.0241488218307495,-0.8724746704101562,-0.3489444851875305
233,-0.841087281703949,-0.4371919631958008,0.8265154957771301
234,-1.115303635597229,-0.8989627361297607,-0.35492652654647827
235,-1.0275260210037231,-0.7259883880615234,-0.3350876569747925
236,-0.7795441746711731,-0.5136147737503052,0.09868675470352173
237,-1.0126639604568481,-0.7403509616851807,-0.0813676044344902
238,-0.5563762187957764,-0.3037972152233124,0.08889508247375488
239,-0.14800630509853363,0.20710532367229462,0.5349353551864624
240,-0.8144569396972656,-0.7569359540939331,-0.24218934774398804
241,-0.13041086494922638,0.25511670112609863,0.5189148783683777
242,-0.14695794880390167,0.1946404129266739,0.5837544202804565
243,-0.5748616456985474,-0.3897991180419922,-0.02860022895038128
244,-0.8369000554084778,-0.5775351524353027,-0.2058263123035431
245,-0.4756627678871155,-0.3202532231807709,0.147184357047081
246,-0.690443754196167,-0.5510414838790894,-0.029939981177449226
247,-0.8001208901405334,-0.6404740214347839,-0.12518897652626038
248,-0.5541764497756958,-0.3223933279514313,-0.007651565130800009
249,-0.6224014163017273,-0.42717015743255615,-0.01535485964268446
250,-0.19280655682086945,0.16445079445838928,0.5540149807929993
251,-0.5145851373672485,-0.2060905545949936,-0.03261824697256088
252,-0.5264855623245239,-0.2410373091697693,-0.016521787270903587
253,-0.6401013731956482,-0.4268415570259094,0.15393973886966705
254,-0.5706425905227661,-0.38081735372543335,0.053474653512239456
255,-0.5999413132667542,-0.413021445274353,-0.03296150267124176
256,-0.8263164758682251,-0.7248827815055847,-0.22848758101463318
257,-0.15469549596309662,0.22294427454471588,0.5645266175270081
258,-0.7918441891670227,-0.7160136103630066,-0.14630772173404694
259,-0.5993264317512512,-0.4025105834007263,0.09955285489559174
260,-0.8430956602096558,-0.7090164422988892,-0.24218633770942688
261,-0.15127238631248474,0.14515124261379242,0.5627002120018005
262,-0.8156006932258606,-0.6839785575866699,-0.1697058379650116
263,-0.7829409241676331,-0.6597657799720764,0.019442755728960037
264,-0.8063897490501404,-0.6271101236343384,-0.17462700605392456
265,-0.24788250029087067,0.047532930970191956,0.3434768617153168
266,-0.81308513879776,-0.7239764928817749,-0.2426125556230545
267,-0.5271459221839905,-0.2635636329650879,0.1834956556558609
268,-0.8860391974449158,-0.7946829795837402,-0.3017997443675995
269,-0.4865902364253998,-0.11808435618877411,0.43627291917800903
270,-0.4731825888156891,-0.1549675613641739,0.47211676836013794
271,-0.5931415557861328,-0.28613898158073425,0.10462754964828491
272,-0.8766977787017822,-0.6134408712387085,-0.1914532482624054
273,-0.8004274964332581,-0.6661047339439392,-0.25969550013542175
274,-0.5279898047447205,-0.1490916758775711,0.3188836872577667
275,-0.706333339214325,-0.373146653175354,-0.046713970601558685
276,-0.4813036024570465,-0.18165747821331024,0.585395097732544
277,-0.5322259068489075,-0.14917245507240295,0.14617034792900085
278,-0.532461404800415,-0.1412699818611145,0.6317701935768127
279,-0.5835778117179871,-0.3609781265258789,0.09873328357934952
280,-0.6978023052215576,-0.4085969030857086,0.4879682660102844
281,-0.9140194058418274,-0.7495875954627991,-0.35014548897743225
282,-0.47952795028686523,-0.10108338296413422,0.2843383252620697
283,-0.7982529401779175,-0.6586281657218933,-0.2511303126811981
284,-0.751712441444397,-0.5601404905319214,-0.16767120361328125
285,-0.9020869731903076,-0.8356934189796448,-0.27927055954933167
286,-0.5067886710166931,-0.17175504565238953,0.4283083379268646
287,-0.7914302945137024,-0.6024059653282166,-0.2501436173915863
288,-0.7867517471313477,-0.6477217674255371,-0.24019819498062134
289,-0.8744364380836487,-0.6743124723434448,-0.18454328179359436
290,-0.5283722281455994,-0.25679367780685425,0.24637636542320251
291,-0.8795764446258545,-0.7730039358139038,-0.32566002011299133
292,-0.7336851954460144,-0.5913500785827637,-0.1076379269361496
293,0.00346842291764915,0.623346745967865,0.634113073348999
294,0.022444268688559532,0.5938112735748291,0.6800005435943604
295,-0.6232717037200928,-0.3480699956417084,0.1451043039560318
296,-0.6547524929046631,-0.3913850486278534,-0.0831722542643547
297,-0.17614713311195374,0.17409129440784454,0.4166071116924286
298,-0.6357753276824951,-0.43116313219070435,-0.08606353402137756
299,-0.6760523915290833,-0.4817183315753937,-0.031568050384521484
300,-0.3596411645412445,0.013774722814559937,0.3340061902999878
301,-0.707515299320221,-0.4656617045402527,0.02258317917585373
302,0.0026031946763396263,0.531571626663208,0.6695880889892578
303,-0.25158920884132385,0.2633896470069885,0.3962230086326599
304,-0.30715906620025635,0.08989756554365158,0.4124080240726471
305,-0.7165692448616028,-0.5175815224647522,-0.054873719811439514
306,-0.5364368557929993,-0.26552969217300415,0.0865151584148407
307,-0.7354796528816223,-0.584829568862915,-0.187923863530159
308,0.022444268688559532,0.5679643750190735,0.679540753364563
309,-0.7108948826789856,-0.5734501481056213,-0.09318733215332031
310,-0.5936436653137207,-0.3811476230621338,0.4156167209148407
311,-0.6812198162078857,-0.4654373526573181,-0.1241571232676506
312,0.006465098820626736,0.5034139752388,0.7136320471763611
313,-0.6026859879493713,-0.4408319592475891,0.41943445801734924
314,-0.7135568857192993,-0.5021224021911621,-0.08215705305337906
315,-0.7449839115142822,-0.501450777053833,-0.22348609566688538
316,-0.003933295141905546,0.5745269060134888,0.6221538782119751
317,-0.7199560403823853,-0.5397930145263672,-0.1861216127872467
318,-0.8310359120368958,-0.7550631761550903,-0.23488914966583252
319,-0.7812660932540894,-0.6338056921958923,-0.23903991281986237
320,-0.9098686575889587,-0.6831262111663818,-0.43719837069511414
321,-0.9510976672172546,-0.8559994101524353,-0.46193090081214905
322,-1.059990406036377,-0.9498631954193115,-0.43501806259155273
323,-1.0270860195159912,-0.997595489025116,-0.4761093854904175
324,-0.9138150811195374,-0.7129696607589722,-0.36267128586769104
325,-1.008665919303894,-0.9685240983963013,-0.4490794837474823
326,-0.6779517531394958,-0.44192618131637573,-0.11413382738828659
327,-0.8724135756492615,-0.6160460710525513,-0.294234037399292
328,-0.884860098361969,-0.5480490326881409,-0.32625988125801086
329,-1.005383849143982,-0.9241405725479126,-0.4903157353401184
330,-0.9056294560432434,-0.630062460899353,-0.36910876631736755
331,-0.9777085185050964,-0.8496084213256836,-0.36219102144241333
332,-1.018949031829834,-0.9628523588180542,-0.49505358934402466
333,-0.7331629395484924,-0.48266690969467163,-0.13698138296604156
334,-1.0427080392837524,-0.9958710074424744,-0.49819523096084595
335,-0.9908921718597412,-0.9062318801879883,-0.4890161156654358
336,-1.0284992456436157,-0.9942236542701721,-0.4287230372428894
337,-0.7608327269554138,-0.6383495330810547,-0.2934936285018921
338,-1.015873670578003,-0.975859522819519,-0.49486780166625977
339,-1.0411851406097412,-0.9918185472488403,-0.4941587448120117
340,-1.019003987312317,-0.9712622761726379,-0.48206377029418945
341,-0.8798366785049438,-0.8393124341964722,-0.32621973752975464
342,-1.0265430212020874,-0.9791250228881836,-0.4925662875175476
343,0.010887165553867817,0.8425401449203491,0.8865129947662354
344,-0.7820917367935181,-0.5453385710716248,-0.10830892622470856
345,-0.27529266476631165,0.09032353013753891,0.4931422472000122
346,-0.7549364566802979,-0.45436182618141174,0.10707265883684158
347,-0.7900873422622681,-0.6158062219619751,0.33043166995048523
348,-0.4519372582435608,-0.1673775613307953,0.2809891998767853
349,0.022444268688559532,0.7434619069099426,0.8830893635749817
350,-0.37786865234375,0.04402955248951912,0.383005291223526
351,-0.5050405859947205,-0.08358762413263321,0.22469672560691833
352,-0.575283408164978,-0.34120577573776245,0.203155979514122
353,-0.8175004720687866,-0.6887344717979431,-0.15613757073879242
354,-0.8192960023880005,-0.7217444181442261,-0.09478281438350677
355,-0.7940419912338257,-0.6841686964035034,-0.11416023224592209
356,0.007965701632201672,0.6849628686904907,0.8359847068786621
357,-0.8071569204330444,-0.6584601998329163,-0.1815624088048935
358,-0.8357011675834656,-0.7272287607192993,-0.1897655576467514
359,-0.6219931244850159,-0.41318798065185547,0.11889989674091339
360,-0.681297779083252,-0.49324703216552734,-0.15685971081256866
361,-0.24626053869724274,-0.07083767652511597,0.8203945159912109
362,-0.6451197862625122,-0.4384212791919708,-0.03238986060023308
363,-0.6858318448066711,-0.4931224286556244,-0.09399589896202087
364,-0.33545851707458496,-0.01251076441258192,0.6114410161972046
365,-0.6451682448387146,-0.4803025424480438,-0.050156120210886
366,0.022444268688559532,0.6704023480415344,0.7487407922744751
367,-0.23664040863513947,0.20956939458847046,0.5284322500228882
368,-0.3350198566913605,0.036989230662584305,0.4245396554470062
369,-0.5470190644264221,-0.26191163063049316,0.1857096552848816
370,-0.6060508489608765,-0.41429632902145386,0.06466539949178696
371,-0.7265018820762634,-0.5473477244377136,-0.17027196288108826
372,0.007965701632201672,0.6225484013557434,0.7477182149887085
373,-0.7049775123596191,-0.5971148610115051,-0.13001355528831482
374,-0.5845416784286499,-0.39524364471435547,0.3556126654148102
375,-0.687869131565094,-0.5212531089782715,-0.16259753704071045
376,0.011071969754993916,0.7111210823059082,0.7915062308311462
377,-0.628445565700531,-0.47035980224609375,0.2250433713197708
378,-0.7273546457290649,-0.49558374285697937,-0.08863101154565811
379,-0.7359899282455444,-0.5132749676704407,-0.17518475651741028
380,0.014920552261173725,0.5138224959373474,0.6941826939582825
381,-0.7311087250709534,-0.5561636090278625,-0.21570870280265808
382,-0.9071460962295532,-0.6848008036613464,-0.05883225053548813
383,-0.6904270052909851,-0.448415070772171,-0.1444569081068039
384,-0.7357271909713745,-0.5318620204925537,-0.20008894801139832
385,-0.7530460357666016,-0.5760769248008728,-0.2083367258310318
386,-0.5528935194015503,-0.30265727639198303,0.0034962929785251617
387,-0.566777229309082,-0.24404819309711456,-0.017026038840413094
388,-0.5628013014793396,-0.33514100313186646,0.12365921586751938
389,-0.5564963817596436,-0.31873661279678345,-0.0026532942429184914
390,-0.554145336151123,-0.32961127161979675,-0.019742736592888832
391,-0.6475608348846436,-0.4299028217792511,-0.13326358795166016
392,-0.5503809452056885,-0.2958488464355469,-0.01349436491727829
393,-0.5661743879318237,-0.29347819089889526,-0.03166535124182701
394,-0.8832393288612366,-0.7784456014633179,-0.3795158565044403
395,-0.48517167568206787,-0.30222177505493164,0.0777309387922287
396,-0.768942654132843,-0.6062247157096863,-0.190617635846138
397,-0.6512068510055542,-0.44166702032089233,-0.15421196818351746
398,-0.8267875909805298,-0.5968449711799622,-0.22453688085079193
399,-0.5926551818847656,-0.3817167580127716,-0.033794257789850235
400,-0.7526498436927795,-0.5360308289527893,-0.22278422117233276
401,-0.7561637163162231,-0.5861772894859314,-0.2002655565738678
402,-0.9058459401130676,-0.7693253755569458,-0.22163818776607513
403,-0.6131148338317871,-0.4084377586841583,0.008735302835702896
404,-0.8546578288078308,-0.6591853499412537,-0.22742900252342224
405,-0.8565455675125122,-0.7007588148117065,-0.23398414254188538
406,-0.8829413056373596,-0.7628719806671143,-0.36499884724617004
407,-0.9114481806755066,-0.8814826607704163,-0.4378328323364258
408,-0.800066351890564,-0.5385774970054626,0.3483375906944275
409,-0.8921158313751221,-0.7859373688697815,-0.17552052438259125
410,-0.6361993551254272,-0.37783050537109375,0.024104738608002663
411,-0.7958207130432129,-0.5009362101554871,-0.10359768569469452
412,-0.7845082879066467,-0.5286990404129028,-0.11335048824548721
413,-0.9103252291679382,-0.7534970045089722,-0.15227146446704865
414,-0.8570824861526489,-0.6953617334365845,-0.1116066426038742
415,-0.8493038415908813,-0.7606498003005981,-0.1731410175561905
416,-0.9278943538665771,-0.8370000720024109,-0.39668864011764526
417,-0.6878967881202698,-0.3072338402271271,-0.15074850618839264
418,-0.9034634232521057,-0.8094300031661987,-0.38802939653396606
419,-0.8742084503173828,-0.7137308120727539,-0.15563464164733887
420,-0.873238205909729,-0.6662406921386719,-0.1961444467306137
421,-0.673110842704773,-0.5086376070976257,-0.24231725931167603
422,-0.8985446095466614,-0.796453058719635,-0.35862594842910767
423,-0.9256698489189148,-0.8174428343772888,-0.257426917552948
424,-0.914570689201355,-0.8069635033607483,-0.3878818154335022
425,-0.7576137781143188,-0.45408377051353455,-0.09736460447311401
426,-0.9311665892601013,-0.8464798927307129,-0.3701035678386688
427,-0.8249539732933044,-0.5651818513870239,-0.23232732713222504
428,-1.0105655193328857,-0.8316140174865723,-0.29636603593826294
429,-0.3417327105998993,-0.00664000166580081,1.143892765045166
430,-0.8186482787132263,-0.6320632100105286,-0.19057123363018036
431,-0.6979309916496277,-0.48898831009864807,-0.06568460166454315
432,-0.7567427754402161,-0.5504685044288635,-0.020907312631607056
433,-0.9883959889411926,-0.7145714163780212,-0.25080397725105286
434,-0.4983060956001282,0.039712462574243546,2.0902795791625977
435,-1.0236953496932983,-0.7772592306137085,-0.38164880871772766
436,-0.9946923851966858,-0.787500262260437,-0.34173986315727234
437,-0.523564338684082,0.05237019434571266,2.0918312072753906
438,-0.8699826598167419,-0.8084168434143066,-0.28247979283332825
439,-0.9985055923461914,-0.6778426170349121,-0.2897234261035919
440,-0.9680953025817871,-0.7518953084945679,-0.25646165013313293
441,-0.4395017921924591,-0.20373769104480743,0.8643894791603088
442,-0.9982242584228516,-0.8140063285827637,-0.29318660497665405
443,-1.0160784721374512,-0.8268010020256042,-0.10533656179904938
444,-0.7458782196044922,-0.5762548446655273,-0.20263467729091644
445,-0.8161230087280273,-0.6826600432395935,-0.3029375970363617
446,-0.7675384879112244,-0.5514215230941772,-0.17838642001152039
447,-0.7565182447433472,-0.5415059328079224,-0.12365775555372238
448,-0.8490293025970459,-0.687231719493866,-0.27486562728881836
449,-0.81363844871521,-0.7162705063819885,-0.2434612363576889
450,-0.7994195222854614,-0.6745182871818542,-0.30143827199935913
451,-1.0082757472991943,-0.8530335426330566,-0.4063008427619934
452,-0.8776614665985107,-0.3850567042827606,-0.08072156459093094
453,-0.9857481122016907,-0.8704700469970703,-0.3431975841522217
454,-0.891454815864563,-0.6907389760017395,-0.2901539206504822
455,-1.0207818746566772,-0.8656569719314575,-0.2925259470939636
456,-0.9944818615913391,-0.8303974866867065,-0.2371254861354828
457,-1.0878934860229492,-0.8229218125343323,-0.29169726371765137
458,-1.0157123804092407,-0.7770553231239319,-0.07102817296981812
459,-0.7969258427619934,-0.4739680290222168,-0.0998285561800003
460,-1.0102007389068604,-0.800176203250885,-0.2831565737724304
461,-0.8367166519165039,-0.7226014733314514,-0.38475778698921204
462,-0.9262896776199341,-0.6818797588348389,-0.38211315870285034
463,-0.8438644409179688,-0.4831867218017578,0.014737569727003574
464,-0.8474921584129333,-0.6736749410629272,-0.29415321350097656
465,-0.8388051986694336,-0.6732620000839233,-0.3357029855251312
466,-1.087538242340088,-0.8897608518600464,-0.39322367310523987
467,-0.8155909776687622,-0.6710931658744812,-0.3280484676361084
468,-0.8792860507965088,-0.6919373273849487,-0.3750627934932709
469,-1.0103756189346313,-0.9467898011207581,-0.47538506984710693
470,-0.6676830649375916,-0.3825116753578186,-0.010919194668531418
471,-1.0574448108673096,-0.9823012351989746,-0.4621000289916992
472,-0.9284437298774719,-0.7853144407272339,-0.3635687828063965
473,-1.0242713689804077,-0.9662299156188965,-0.4735695421695709
474,-0.75106281042099,-0.42406755685806274,-0.04848191514611244
475,-1.0283924341201782,-0.9506783485412598,-0.42676952481269836
476,-1.0416311025619507,-0.9589577913284302,-0.45957741141319275
477,-1.000271201133728,-0.9189545512199402,-0.4290219247341156
478,-0.8615922927856445,-0.6712143421173096,-0.14383573830127716
479,-1.0159311294555664,-0.9554915428161621,-0.4749280512332916
480,-0.6162424087524414,-0.4051394462585449,-0.015072773210704327
481,-0.39682483673095703,-0.14356857538223267,0.4995044767856598
482,-0.5789183974266052,-0.3075561821460724,-0.027443023398518562
483,-0.5705943703651428,-0.305050253868103,-0.008925976231694221
484,-0.6807737946510315,-0.5163928270339966,0.011685498058795929
485,-0.5749207139015198,-0.33803513646125793,-0.0008977637044154108
486,-0.5802600383758545,-0.36256757378578186,-0.04296225309371948
487,-0.3987787663936615,-0.030617065727710724,0.3188927471637726
488,-0.7958520650863647,-0.6877894997596741,-0.25031232833862305
489,-0.8049495220184326,-0.6963194012641907,-0.2455878108739853
490,-0.4039442837238312,-0.1543266624212265,0.575396716594696
491,-0.7980256080627441,-0.6632703542709351,-0.2440233826637268
492,-0.7433124780654907,-0.6491559743881226,-0.23950518667697906
493,-0.8321855068206787,-0.5545557141304016,-0.1708769053220749
494,-0.5871776938438416,-0.3658008277416229,0.2304084748029709
495,-0.8034267425537109,-0.6623445153236389,-0.2401086539030075
496,-0.6487078666687012,-0.43476513028144836,-0.008278390392661095
497,-0.5812713503837585,-0.3498247265815735,-0.01605221815407276
498,-0.5559729933738708,-0.32290154695510864,-0.026680419221520424
499,-0.7285436987876892,-0.4404163956642151,-0.19621390104293823
500,-0.5871623754501343,-0.3369068205356598,-0.034856270998716354
501,-0.6732426285743713,-0.351327508687973,-0.07449489086866379
502,-0.9572388529777527,-0.812135636806488,-0.27636173367500305
503,-0.6805664896965027,-0.43308085203170776,-0.04290906339883804
504,-0.7907059192657471,-0.5949456691741943,-0.20394141972064972
505,-0.7296197414398193,-0.4800570607185364,-0.19822145998477936
506,-0.9248553514480591,-0.7626832723617554,-0.32041168212890625
507,-0.8383710980415344,-0.6054583191871643,-0.22071628272533417
508,-0.7688629627227783,-0.5632755756378174,-0.1925024837255478
509,-0.9619590640068054,-0.8368310928344727,-0.22427576780319214
510,-0.6845493912696838,-0.48026472330093384,-0.0016402497421950102
511,-0.9404587745666504,-0.8304473161697388,-0.23906557261943817
512,-0.2611750066280365,0.17864567041397095,0.5197692513465881
513,-0.384432852268219,-0.0655047819018364,0.37505069375038147
514,-0.44191956520080566,-0.1479344218969345,0.3856377601623535
515,-0.5692605376243591,-0.35519713163375854,0.1292659044265747
516,-0.695084810256958,-0.4837941527366638,-0.1416284739971161
517,0.019483249634504318,0.5772103071212769,0.7728039622306824
518,-0.6845510601997375,-0.47058743238449097,0.004621404688805342
519,-0.588079035282135,-0.3825438320636749,0.326700359582901
520,-0.545124351978302,-0.32145267724990845,-0.0077657136134803295
521,0.007431517355144024,0.6072507500648499,0.7989405393600464
522,-0.616926908493042,-0.4196370542049408,0.04448278248310089
523,-0.7834421992301941,-0.5325575470924377,-0.01167379878461361
524,-0.6937623620033264,-0.47858762741088867,-0.18423578143119812
525,0.0023595085367560387,0.44306910037994385,0.6613634824752808
526,-0.5694154500961304,-0.35649630427360535,-0.034787796437740326
527,-0.5239938497543335,-0.2826189398765564,-0.0004408368840813637
528,-0.6471470594406128,-0.4799548387527466,-0.05643367022275925
529,-0.5448529124259949,-0.3318653404712677,-0.011478017084300518
530,-0.5591925382614136,-0.33957648277282715,-0.028381919488310814
531,-0.7903440594673157,-0.6082369685173035,-0.22550874948501587
532,-0.25598642230033875,0.19484490156173706,0.364493191242218
533,-0.7864097356796265,-0.6909344792366028,-0.1712964028120041
534,-0.5890985727310181,-0.43458256125450134,-0.02755621075630188
535,-0.7575844526290894,-0.5764750242233276,-0.2154177874326706
536,-0.2881796061992645,0.0945843756198883,0.4233151972293854
537,-0.7680944800376892,-0.5935333371162415,-0.16833290457725525
538,-0.7556567788124084,-0.6098690032958984,-0.08142169564962387
539,-0.7685818672180176,-0.4730984568595886,-0.20010919868946075
540,-0.3929155766963959,-0.04436342790722847,0.23864412307739258
541,-0.76553875207901,-0.6409640908241272,-0.23440422117710114
542,-0.5995357036590576,-0.37353116273880005,-0.04452313855290413
543,-0.5483922958374023,-0.2918500006198883,-0.014091516844928265
544,-0.553351104259491,-0.2844291925430298,-0.024791521951556206
545,-0.7625545263290405,-0.5496256947517395,-0.22795283794403076
546,-0.31758183240890503,0.026911094784736633,0.3881554901599884
547,-0.7782043218612671,-0.6271248459815979,-0.18819765746593475
548,-0.5827245116233826,-0.37900859117507935,-0.036543890833854675
549,-0.7472984194755554,-0.5551370978355408,-0.22220683097839355
550,-0.3820330798625946,-0.0932607501745224,0.4092239737510681
551,-0.7649137377738953,-0.5450947284698486,-0.22046251595020294
552,-0.7200958132743835,-0.5837229490280151,-0.07747198641300201
553,-0.7713944911956787,-0.5504725575447083,-0.21189561486244202
554,-0.4372389018535614,-0.16582882404327393,0.044878289103507996
555,-0.7750651240348816,-0.5563186407089233,-0.21761511266231537
556,-0.6826742887496948,-0.5260569453239441,-0.2113078236579895
557,-0.7486705183982849,-0.556963324546814,-0.21926574409008026
558,-0.9565647840499878,-0.7791867852210999,-0.1475515216588974
559,-0.7027523517608643,-0.4781882166862488,-0.13138052821159363
560,-0.9493422508239746,-0.8293049335479736,-0.298201322555542
561,-0.7569099068641663,-0.5843435525894165,-0.23722030222415924
562,-0.896524965763092,-0.8060215711593628,-0.2555500864982605
563,-0.940314769744873,-0.8720583915710449,-0.29330793023109436
564,-0.811854898929596,-0.6735950112342834,-0.2583903670310974
565,-0.9812066555023193,-0.8137012720108032,-0.37876027822494507
566,-0.7473409175872803,-0.548253059387207,-0.051263172179460526
567,-0.8972234129905701,-0.8490949869155884,-0.20095762610435486
568,-0.5815073847770691,-0.3776911795139313,-0.05099702998995781
569,-0.8601304292678833,-0.712834894657135,-0.23991911113262177
570,-0.46273842453956604,-0.11766424775123596,0.11183405667543411
571,-0.7816879749298096,-0.664882481098175,-0.2326059341430664
572,-0.6754385828971863,-0.49510717391967773,-0.12801353633403778
573,-0.7690625786781311,-0.6171132326126099,-0.22901234030723572
574,-0.540256142616272,-0.2708457410335541,0.2688930928707123
575,-0.7538583278656006,-0.5726022124290466,-0.237448588013649
576,-0.7920145392417908,-0.6330810785293579,-0.2391158491373062
577,-0.8835017681121826,-0.7341172099113464,-0.1960640698671341
578,-0.5846050977706909,-0.32496610283851624,0.14076630771160126
579,-0.7947807908058167,-0.657771646976471,-0.24540139734745026
580,-0.8994213938713074,-0.7914366722106934,-0.2848474383354187
581,-0.5787745714187622,-0.3055461347103119,-0.06827829778194427
582,-0.7902919054031372,-0.6646198034286499,-0.24856556951999664
583,-0.7258882522583008,-0.5289573073387146,-0.18819473683834076
584,-0.8353426456451416,-0.7168474793434143,-0.24777600169181824
585,-0.601579487323761,-0.36486631631851196,-0.039153363555669785
586,-0.7653408050537109,-0.5964307188987732,-0.21839241683483124
587,-0.7456473112106323,-0.5900297164916992,-0.22286728024482727
588,-0.9259158372879028,-0.8238810896873474,-0.3047863245010376
589,-0.6106240749359131,-0.42464181780815125,-0.004507967736572027
590,-0.818549633026123,-0.7931777834892273,-0.24508753418922424
591,-0.7894489169120789,-0.46775880455970764,-0.14609575271606445
592,-1.032358169555664,-0.9907122254371643,-0.4946625530719757
593,-1.0334912538528442,-0.9981194734573364,-0.49612289667129517
594,-1.0230607986450195,-0.9568473100662231,-0.4770384728908539
595,-0.8209494352340698,-0.5835936665534973,-0.19830752909183502
596,-1.0371760129928589,-1.0035706758499146,-0.5036826729774475
597,-1.0450410842895508,-0.9538052082061768,-0.4765241742134094
598,-1.0247113704681396,-0.9841676950454712,-0.4796055257320404
599,-0.8839327096939087,-0.6948934197425842,-0.2560711205005646
600,-1.0176194906234741,-0.9496894478797913,-0.47676652669906616
601,-0.7074121832847595,-0.4005008339881897,-0.08249128609895706
602,-0.6044483184814453,-0.3658357262611389,0.588996171951294
603,-0.5988105535507202,-0.35875973105430603,-0.0966634601354599
604,0.011071969754993916,0.5078842639923096,0.7234983444213867
605,-0.5835269093513489,-0.3494374752044678,0.19855853915214539
606,-0.7086998820304871,-0.4725707471370697,-0.08607279509305954
607,-0.6514007449150085,-0.4066842794418335,-0.029676683247089386
608,0.022444268688559532,0.5150658488273621,0.6303703784942627
609,-0.6096860766410828,-0.34835103154182434,-0.0750105232000351
610,-1.0706781148910522,-0.8979254961013794,-0.44579002261161804
611,-1.0299346446990967,-0.9592966437339783,-0.4945172369480133
612,-0.7580087780952454,-0.6202611327171326,0.07203150540590286
613,-1.0654230117797852,-0.9889287352561951,-0.48365455865859985
614,-1.0445634126663208,-0.9783763885498047,-0.4946489930152893
615,-1.0340684652328491,-0.963182270526886,-0.4579181671142578
616,-0.8570129871368408,-0.7611920833587646,0.18474119901657104
617,-1.019181728363037,-0.9612473249435425,-0.4945172369480133
618,-0.8837099671363831,-0.7722519636154175,-0.35095417499542236
619,-0.6039958000183105,-0.3736639618873596,0.024373481050133705
620,-0.9010863900184631,-0.8239268660545349,-0.3027641475200653
621,-0.8445850014686584,-0.6894033551216125,-0.2822135388851166
622,-0.918458104133606,-0.7572073340415955,-0.22639445960521698
623,-0.6340952515602112,-0.4607694447040558,-0.05432548373937607
624,-0.9304723739624023,-0.8295062780380249,-0.34829434752464294
625,-0.7385210990905762,-0.48976144194602966,-0.12972772121429443
626,-1.037509560585022,-0.9816182255744934,-0.4836089313030243
627,-1.0181235074996948,-0.9540615081787109,-0.4945172369480133
628,-1.027610421180725,-0.909353494644165,-0.4457942247390747
629,-0.8646960258483887,-0.7399947047233582,-0.26929011940956116
630,-1.0195438861846924,-0.9785303473472595,-0.49498552083969116
631,-0.7137782573699951,-0.48097389936447144,0.10562571883201599
632,-0.7412520051002502,-0.5056172609329224,-0.17157679796218872
633,0.006864781491458416,0.467222660779953,0.6572317481040955
634,-0.7106158137321472,-0.5327068567276001,-0.1705145239830017
635,-1.124409556388855,-1.0012263059616089,-0.4940555691719055
636,-0.8761997222900391,-0.7010353207588196,0.1976960003376007
637,-1.015450119972229,-0.9569317698478699,-0.47665131092071533
638,-1.015931248664856,-0.8730297684669495,-0.4533967673778534
639,-0.8563718199729919,-0.6233036518096924,-0.1813988834619522
640,-1.0083677768707275,-0.8641994595527649,-0.4547899067401886
641,-0.9103360772132874,-0.6778861880302429,-0.2485392540693283
642,-1.0206865072250366,-0.9682455658912659,-0.4783206880092621
643,-0.8590056896209717,-0.7002031207084656,-0.241171196103096
644,-0.1068551242351532,0.3079807460308075,0.4230338931083679
645,-0.21962007880210876,0.32792970538139343,0.4301290810108185
646,-0.06287452578544617,0.4583413600921631,0.7884373068809509
647,-0.5263108015060425,-0.2618406414985657,0.38134539127349854
648,-0.5418079495429993,-0.3254985213279724,0.35110634565353394
649,-0.18800833821296692,0.2168094366788864,0.3777041435241699
650,-0.48410099744796753,-0.17284545302391052,0.32609352469444275
651,-0.05901249125599861,0.44074738025665283,0.6276010870933533
652,-0.5502665638923645,-0.32099395990371704,0.02357187308371067
653,-0.06327695399522781,0.4038478136062622,0.5293247699737549
654,-0.5732815265655518,-0.3938673138618469,0.11603539437055588
655,-0.36726516485214233,-0.1732272058725357,0.21538735926151276
656,-0.5986454486846924,-0.4235512912273407,-0.031854573637247086
657,-0.5982645750045776,-0.4260554015636444,0.08395469188690186
658,-0.4826609194278717,-0.13231179118156433,0.5134667754173279
659,-0.6350753903388977,-0.5051965117454529,-0.03849678114056587
660,-0.08935488760471344,0.4697495996952057,0.6798858642578125
661,-0.42552846670150757,-0.15343594551086426,0.1573825478553772
662,-0.4560807943344116,-0.1536533683538437,0.29402393102645874
663,-0.6352683901786804,-0.4858495593070984,0.032856352627277374
664,-0.520344614982605,-0.2792474627494812,0.21748927235603333
665,-0.5743025541305542,-0.4012607932090759,0.1179974377155304
666,-0.5466882586479187,-0.2060876190662384,0.07877945899963379
667,-0.07725845277309418,0.4338603615760803,0.7064266204833984
668,-0.6449304819107056,-0.4608449637889862,-0.043387800455093384
669,-0.5564118027687073,-0.392561137676239,0.11150311678647995
670,-0.5330150723457336,-0.24340355396270752,0.07091696560382843
671,-0.0932522639632225,0.4341585040092468,0.6762911081314087
672,-0.5699530839920044,-0.33565661311149597,0.10896173119544983
673,-0.69312584400177,-0.5192877650260925,-0.06240266561508179
674,-0.502264678478241,-0.12349116057157516,0.18730930984020233
675,-0.10785380005836487,0.3500039875507355,0.5259266495704651
676,-0.5548933148384094,-0.23957911133766174,0.021958397701382637
677,-0.10018762201070786,0.3528141677379608,0.4653376340866089
678,-0.22252365946769714,0.29503288865089417,0.4306727945804596
679,0.018877806141972542,0.6800119280815125,0.9608129858970642
680,0.02189158834517002,0.6037132143974304,0.739816427230835
681,-0.5549230575561523,-0.3465977609157562,0.06104976683855057
682,-0.9686999320983887,-0.8848938941955566,-0.32220134139060974
683,-0.2880859971046448,0.017352893948554993,0.20768724381923676
684,-0.5414859652519226,-0.13823848962783813,0.22797417640686035
685,0.0031317686662077904,0.5365151762962341,0.6454112529754639
686,-1.108295202255249,-1.104306697845459,-0.480825275182724
687,0.010887165553867817,0.845155656337738,0.9325265288352966
688,0.009289917536079884,0.6338873505592346,0.7579835653305054
689,-0.5739613175392151,-0.39652156829833984,-0.010381230153143406
690,-0.7924338579177856,-0.70479416847229,-0.2445768564939499
691,-0.9742622971534729,-0.9138255715370178,-0.32659539580345154
692,-1.067374348640442,-0.9740235209465027,-0.4411633610725403
693,-0.5795482993125916,-0.3629137873649597,0.016386771574616432
694,-0.6200715899467468,-0.3899252414703369,-0.015952618792653084
695,0.007431517355144024,0.543366551399231,0.7392677068710327
696,-0.5014084577560425,-0.2773650288581848,0.011524063535034657
697,-0.5408753752708435,-0.3202955424785614,-0.008208566345274448
698,-0.7948288917541504,-0.6822009086608887,-0.22722840309143066
699,-0.5774617791175842,-0.3815504014492035,-0.0434272475540638
700,-0.5830309987068176,-0.4042767584323883,-0.055524054914712906
701,-1.1798923015594482,-1.1537151336669922,-0.5017367005348206
702,0.009289917536079884,0.5008362531661987,0.6844972968101501
703,-1.093187928199768,-1.062122106552124,-0.46239033341407776
704,-0.773912250995636,-0.6806285381317139,-0.22894994914531708
705,-1.1160767078399658,-1.1084001064300537,-0.48121803998947144
706,0.02189158834517002,0.5999807119369507,0.8051324486732483
707,-1.0764073133468628,-0.9750746488571167,-0.4625922441482544
708,-1.0277782678604126,-0.9891157746315002,-0.4122907817363739
709,-1.113990306854248,-1.1303077936172485,-0.4489024579524994
710,-0.0004815543070435524,0.5079478025436401,0.5509299039840698
711,-1.1018214225769043,-1.0868988037109375,-0.4798162877559662
712,-0.135006844997406,0.3678896427154541,0.47196948528289795
713,-0.1157703623175621,0.20021264255046844,0.44683367013931274
714,-0.06677119433879852,0.3272054195404053,0.47152817249298096
715,-0.3970620632171631,0.07248445600271225,0.3767869174480438
716,-0.4626556634902954,-0.05112889036536217,0.2910613417625427
717,-0.14417171478271484,0.3474723994731903,0.4480733275413513
718,-0.3796004354953766,0.054867781698703766,0.31635186076164246
719,-0.07855534553527832,0.3192325532436371,0.4745692312717438
720,-0.6027428507804871,-0.18457521498203278,0.11492929607629776
721,-0.09070784598588943,0.2885277569293976,0.4467461407184601
722,-0.0726865828037262,0.2820526957511902,0.4307999610900879
723,-0.41408947110176086,0.011744504794478416,0.32630959153175354
724,-0.3367580473423004,-0.05507707968354225,0.19598016142845154
725,-0.26181450486183167,0.10499756038188934,0.3520510494709015
726,-0.4873964190483093,-0.06673724204301834,0.21674901247024536
727,-0.563343346118927,-0.15560725331306458,0.10077938437461853
728,-0.2581218481063843,0.28298628330230713,0.4130542278289795
729,-0.4436779022216797,-0.05838564410805702,0.09844215214252472
730,-0.08914168179035187,0.27641502022743225,0.4573359489440918
731,-0.1948113590478897,0.26687636971473694,0.4563274383544922
732,-0.2775862216949463,0.26713964343070984,0.4389707148075104
733,-0.5589869618415833,-0.17435866594314575,0.1584552377462387
734,-0.3458361029624939,0.24284246563911438,0.33662641048431396
735,-0.42530447244644165,-0.03151194751262665,0.2814846634864807
736,-0.527241587638855,-0.24189823865890503,0.07672271877527237
737,-0.07855534553527832,0.31999608874320984,0.46185216307640076
738,-0.6147822737693787,-0.20177850127220154,0.03009304217994213
739,-0.45217037200927734,0.027532251551747322,0.24720962345600128
740,-0.5703107714653015,-0.12815582752227783,0.11982109397649765
741,-0.10874743014574051,0.19240161776542664,0.41531798243522644
742,-0.5320863127708435,-0.09972250461578369,0.1100250780582428
743,-0.6801601648330688,-0.2505961060523987,0.11682449281215668
744,-0.5410781502723694,-0.26558923721313477,0.13377569615840912
745,-0.08311162143945694,0.35789579153060913,0.46192261576652527
746,-0.5802896618843079,-0.23141586780548096,0.11549428105354309
747,-0.12078884243965149,0.33130818605422974,0.4650419056415558
748,-0.08239027112722397,0.3207882046699524,0.44932496547698975
749,-0.6205021142959595,-0.3805321455001831,-0.022685382515192032
750,-0.9158377051353455,-0.8412437438964844,-0.3518438935279846
751,-0.26379847526550293,0.0678052008152008,0.2815193831920624
752,-0.6023445129394531,-0.2757475972175598,0.1417105495929718
753,-0.06573161482810974,0.315442830324173,0.5104820728302002
754,-1.0836824178695679,-1.0587712526321411,-0.47900182008743286
755,-0.08856423199176788,0.4059855341911316,0.5257050395011902
756,-0.07997280359268188,0.3104543387889862,0.48628997802734375
757,-0.5923891067504883,-0.38991430401802063,-0.03576764464378357
758,-0.8626298904418945,-0.5668429136276245,-0.17821471393108368
759,-0.9647412300109863,-0.8707250356674194,-0.3446851670742035
760,-1.060364842414856,-0.9802560210227966,-0.4685610234737396
761,-0.6206916570663452,-0.4020027220249176,0.025222590193152428
762,-0.6201315522193909,-0.3940012753009796,-0.07286922633647919
763,-0.10665900260210037,0.19130410254001617,0.4479193091392517
764,-0.5145915746688843,-0.21102331578731537,0.046934567391872406
765,-0.5445431470870972,-0.3115464448928833,-0.009528170339763165
766,-0.7286673784255981,-0.611247718334198,-0.17818062007427216
767,-0.5926234722137451,-0.31647807359695435,-0.044959425926208496
768,-0.6027414798736572,-0.4336508512496948,-0.086369089782238
769,-1.123518943786621,-1.1266826391220093,-0.4915778636932373
770,-0.06596699357032776,0.3035450875759125,0.4999971389770508
771,-1.074798822402954,-1.0144946575164795,-0.4709385931491852
772,-0.6933593153953552,-0.5239462852478027,-0.16337226331233978
773,-1.1049526929855347,-1.0994545221328735,-0.4377538561820984
774,-0.06856191158294678,0.23325349390506744,0.5705896019935608
775,-1.0890613794326782,-0.90284663438797,-0.46993759274482727
776,-1.0128321647644043,-0.9726365804672241,-0.42208778858184814
777,-1.0937434434890747,-1.0565378665924072,-0.41385719180107117
778,-0.08425067365169525,0.3216424584388733,0.4784802496433258
779,-1.0860174894332886,-1.0469022989273071,-0.48627838492393494
780,-0.07106288522481918,0.38631001114845276,0.5344486236572266
781,-0.10573133081197739,0.38006702065467834,0.49486130475997925
782,-0.49657630920410156,-0.02083604596555233,0.334794282913208
783,-0.5358989834785461,-0.10544469207525253,0.08800225704908371
784,-0.19605064392089844,0.22409117221832275,0.3505282700061798
785,-0.5081952810287476,-0.045958686619997025,0.33299463987350464
786,-0.0907902866601944,0.4165223240852356,0.5128709077835083
787,-0.5465143322944641,-0.09635177254676819,0.1608499437570572
788,-0.10304420441389084,0.42413249611854553,0.5627310276031494
789,-0.06321293115615845,0.4204276204109192,0.5177900791168213
790,-0.5586676597595215,-0.32883745431900024,0.08008731156587601
791,-0.3868505358695984,0.014453879557549953,0.9406344890594482
792,-0.36146652698516846,0.16297279298305511,0.8089701533317566
793,-0.5770891308784485,-0.3423179090023041,0.06836902350187302
794,-0.5582902431488037,-0.16651523113250732,0.02743229828774929
795,-0.4677039384841919,-0.043766651302576065,0.2809556722640991
796,-0.6203241348266602,-0.41220173239707947,-0.000608918780926615
797,-0.0657297819852829,0.3810153603553772,0.5120963454246521
798,-0.4710252285003662,-0.09263399243354797,0.36294445395469666
799,-0.4525906443595886,-0.05911000445485115,0.18536251783370972
800,-0.638153076171875,-0.4334810674190521,0.1451287865638733
801,-0.5244151949882507,-0.1872921735048294,0.035269830375909805
802,-0.5572081208229065,-0.2936486601829529,0.0868305191397667
803,-0.5067761540412903,0.11092384904623032,0.8880248069763184
804,-0.07063471525907516,0.39428967237472534,0.5231148600578308
805,-0.6070340871810913,-0.2802484333515167,0.33657151460647583
806,-0.5579569935798645,-0.24374741315841675,0.1057073101401329
807,-0.49411067366600037,0.04850286245346069,0.06389601528644562
808,-0.067423015832901,0.3786841034889221,0.581830620765686
809,-0.5287967324256897,-0.032769229263067245,0.08001045882701874
810,-0.6290326118469238,-0.334317684173584,0.1159183606505394
811,-0.5102310180664062,0.1363474577665329,0.37889158725738525
812,-0.1285274475812912,0.42834916710853577,0.46833088994026184
813,-0.5302876830101013,-0.036167170852422714,0.05121123790740967
814,0.007965701632201672,0.5933976769447327,0.6480110287666321
815,0.0035401813220232725,0.5704792737960815,0.7044650912284851
816,-0.5570846796035767,-0.25169703364372253,0.15981267392635345
817,-0.9466611742973328,-0.8192600011825562,-0.22382454574108124
818,-0.3688656687736511,-0.019468817859888077,0.23446492850780487
819,-0.5278441905975342,-0.08878006041049957,0.7506675124168396
820,0.02189158834517002,0.58677738904953,0.6402724981307983
821,-1.0950746536254883,-1.0432478189468384,-0.39546945691108704
822,0.0035401813220232725,0.4690733850002289,0.6417726278305054
823,-0.5604035258293152,-0.3682555556297302,-0.013847773894667625
824,-0.7909093499183655,-0.6151756048202515,0.021286023780703545
825,-0.9721900224685669,-0.9485430717468262,-0.2999977469444275
826,-1.0648874044418335,-0.946252703666687,-0.385723352432251
827,-0.5771111249923706,-0.3159175217151642,0.036492109298706055
828,0.02189158834517002,0.5004133582115173,0.6756858825683594
829,-0.5099405646324158,-0.26041990518569946,-0.009257810190320015
830,-0.5305068492889404,-0.3148871660232544,-0.015948178246617317
831,-0.7639458775520325,-0.5998846292495728,-0.12130612879991531
832,-0.5612189769744873,-0.3594067692756653,-0.04172101989388466
833,-0.5672428011894226,-0.3769949674606323,-0.04788462445139885
834,-1.1918134689331055,-1.1408097743988037,-0.3483937978744507
835,0.007965701632201672,0.6065987944602966,0.6438459753990173
836,-1.0722116231918335,-1.050485610961914,-0.3881426751613617
837,-0.7437743544578552,-0.6153104305267334,-0.1643337458372116
838,-1.1296459436416626,-1.1399420499801636,-0.4741860032081604
839,0.007965701632201672,0.4272316098213196,0.6520479321479797
840,-1.067093014717102,-0.9109026193618774,-0.3854469358921051
841,-1.0406421422958374,-1.0285277366638184,-0.3166671693325043
842,-1.0945576429367065,-1.087847113609314,-0.3115729093551636
843,-0.006759440526366234,0.49238091707229614,0.5475566387176514
844,-1.1026227474212646,-1.0615520477294922,-0.3700338900089264
845,0.010887165553867817,0.6303361654281616,0.8175515532493591
846,-0.0640864148736,0.23520751297473907,0.7822131514549255
847,-0.40783387422561646,-0.022079797461628914,0.47092515230178833
848,-0.4325437843799591,-0.18012896180152893,0.6548685431480408
849,-0.14767514169216156,0.3147401809692383,0.9586783051490784
850,-0.33941590785980225,0.019369766116142273,0.5880754590034485
851,-0.7782266139984131,-0.6349878311157227,0.5470982789993286
852,-0.3048219680786133,-0.030733948573470116,0.7949799299240112
853,-0.4028020203113556,-0.08059342205524445,0.8741564750671387
854,-0.6997389197349548,-0.4438493549823761,0.730965256690979
855,0.022444268688559532,0.694098174571991,0.8027740716934204
856,-0.24997323751449585,0.0924324318766594,0.48620736598968506
857,-0.3638433516025543,-0.0241918433457613,0.06828741729259491
858,-0.4899316132068634,-0.31247079372406006,-0.001841182354837656
859,-0.5954015254974365,-0.4103206396102905,-0.060433849692344666
860,-0.6148320436477661,-0.4360315799713135,-0.07000426948070526
861,-0.30183830857276917,0.0960514098405838,0.47428178787231445
862,-0.5095707178115845,-0.2847702205181122,0.21614326536655426
863,-0.017579272389411926,0.37776216864585876,0.612617552280426
864,-0.3808746635913849,0.024348920211195946,0.4210575520992279
865,0.009771562181413174,0.6024202108383179,0.6888983249664307
866,-0.5579555034637451,-0.37092897295951843,0.01862015388906002
867,0.010887165553867817,0.6889071464538574,0.745170533657074
868,-0.5166430473327637,-0.353402316570282,0.3260834515094757
869,-0.41892728209495544,-0.006536778062582016,0.20354631543159485
870,-0.18682114779949188,0.1203584298491478,0.4839099645614624
871,-0.6252743601799011,-0.4370855689048767,0.18240782618522644
872,-0.6223506331443787,-0.4208958148956299,0.1808537244796753
873,-0.20758679509162903,0.2459852695465088,0.5854950547218323
874,-0.734057605266571,-0.500679075717926,0.26612165570259094
875,0.019483249634504318,0.7080252170562744,0.7562070488929749
876,-0.14722657203674316,0.2732141315937042,0.634550929069519
877,-0.33296287059783936,-0.0015490840887650847,0.5580244064331055
878,-0.7910470366477966,-0.6701944470405579,0.11965583264827728
879,-0.3125135898590088,-0.10723178088665009,0.35332930088043213
880,-0.5746574997901917,-0.3964911997318268,0.25201812386512756
881,-0.390184611082077,-0.051610302180051804,0.13636505603790283
882,0.007965701632201672,0.6455268263816833,0.776471734046936
883,-0.7247302532196045,-0.5335847735404968,0.057451486587524414
884,-0.5471804738044739,-0.334196001291275,0.23586542904376984
885,-0.41050833463668823,-0.13211435079574585,0.10135350376367569
886,0.019483249634504318,0.7269068360328674,0.7854660153388977
887,-0.5278679728507996,-0.33425173163414,0.09524339437484741
888,-0.7776865363121033,-0.6493199467658997,0.10485053062438965
889,-0.38231441378593445,-0.09500966221094131,0.15653172135353088
890,0.005322241224348545,0.6001866459846497,0.7281855344772339
891,-0.4389837086200714,-0.22727780044078827,0.062016911804676056
892,-0.5400355458259583,-0.37683790922164917,0.4857317805290222
893,-0.9414427876472473,-0.8121750354766846,-0.3201131224632263
894,-0.2690468728542328,-0.01570998504757881,0.3500309884548187
895,-0.5506907105445862,-0.15935631096363068,0.5205634236335754
896,0.015717610716819763,0.5980859398841858,0.6346985697746277
897,-1.1038988828659058,-1.0899462699890137,-0.506039023399353
898,0.011071969754993916,0.8754997253417969,0.9511146545410156
899,0.022444268688559532,0.7021302580833435,0.7668449282646179
900,-0.5983182787895203,-0.41422542929649353,-0.040610138326883316
901,-0.8515232801437378,-0.7383573055267334,-0.30791547894477844
902,-0.983383059501648,-0.9348098039627075,-0.31312522292137146
903,-1.0638951063156128,-1.0473816394805908,-0.40263789892196655
904,-0.631112277507782,-0.4337345361709595,0.1346573829650879
905,-0.6806467175483704,-0.46035706996917725,-0.018421871587634087
906,0.010887165553867817,0.6702473163604736,0.7585336565971375
907,-0.5141375064849854,-0.24322596192359924,0.001747189904563129
908,-0.548129677772522,-0.340501606464386,0.003644871059805155
909,-0.7325406670570374,-0.61944580078125,-0.15966658294200897
910,-0.5840831995010376,-0.42822492122650146,-0.05566583201289177
911,-0.6125380992889404,-0.4608405530452728,-0.08583290874958038
912,-1.184773325920105,-1.1514441967010498,-0.48590028285980225
913,0.011071969754993916,0.5801212787628174,0.6835563778877258
914,-1.090092420578003,-1.080235481262207,-0.4645741879940033
915,-0.7205560803413391,-0.6051989197731018,-0.20477423071861267
916,-1.1255234479904175,-1.117476463317871,-0.47052907943725586
917,0.019483249634504318,0.6942238807678223,0.7765064835548401
918,-1.0835827589035034,-1.0028318166732788,-0.4599989652633667
919,-1.047818660736084,-0.998493492603302,-0.40085554122924805
920,-1.117505669593811,-1.103866696357727,-0.34685012698173523
921,0.0021300623193383217,0.5411896705627441,0.575546383857727
922,-1.104094386100769,-1.0816859006881714,-0.48119544982910156
923,-0.573647677898407,-0.34454262256622314,0.08961406350135803
924,-0.5869476795196533,-0.38504818081855774,0.03301899507641792
925,-0.7890893220901489,-0.6458503007888794,-0.22189508378505707
926,-0.562674343585968,-0.38630643486976624,0.35727959871292114
927,-0.5734581351280212,-0.4149304926395416,0.49661219120025635
928,-0.5735338926315308,-0.32615330815315247,-0.008658390492200851
929,-0.7684050798416138,-0.4853709042072296,0.0916021317243576
930,-0.6299569606781006,-0.49335235357284546,-0.11110415309667587
931,-0.7523293495178223,-0.5648941397666931,-0.0293094702064991
932,-0.5673129558563232,-0.3416832685470581,0.05793701112270355
933,-0.5835663080215454,-0.3801702558994293,-0.03292566165328026
934,-0.5651406049728394,-0.39576470851898193,0.4708562195301056
935,-0.5506688952445984,-0.2923935353755951,-0.0016693839570507407
936,-0.5571631193161011,-0.3002067506313324,-0.012917131185531616
937,-0.6528321504592896,-0.4681500196456909,-0.10588620603084564
938,-0.5601182579994202,-0.3345038890838623,0.053415071219205856
939,-0.5742577910423279,-0.3519435524940491,-0.027289753779768944
940,-0.7867028117179871,-0.5734923481941223,-0.192979097366333
941,-0.5564393401145935,-0.37673789262771606,0.2674933969974518
942,-0.7233306169509888,-0.5669214129447937,-0.20588074624538422
943,-0.6224150657653809,-0.4436008632183075,-0.11171165853738785
944,-0.7883739471435547,-0.6493655443191528,-0.23996564745903015
945,-0.5692334175109863,-0.3958494961261749,0.3849746584892273
946,-0.7584445476531982,-0.6233112215995789,-0.16102561354637146
947,-0.6899398565292358,-0.6201030611991882,-0.08636359125375748
948,-0.7759755849838257,-0.5670681595802307,-0.2429220825433731
949,-0.5599398016929626,-0.3894749581813812,0.07702184468507767
950,-0.7821510434150696,-0.6194507479667664,-0.21509400010108948
951,-1.9669032096862793,-0.8773936033248901,-0.28339827060699463
952,-0.5501135587692261,-0.30228906869888306,0.2808471918106079
953,-1.0974831581115723,-1.002492070198059,-0.39351123571395874
954,-0.3350486159324646,0.13776622712612152,0.6131151914596558
955,-0.251794695854187,0.11000622808933258,0.611749529838562
956,-0.551302969455719,-0.27449870109558105,0.0027036210522055626
957,-0.8297566175460815,-0.6639994382858276,-0.23839162290096283
958,-0.912370502948761,-0.8284744024276733,-0.3068641722202301
959,-0.5861414074897766,-0.3404858112335205,0.029553625732660294
960,-0.6161904335021973,-0.3080225884914398,-0.06442837417125702
961,-0.5375663638114929,-0.27167394757270813,-0.002891377080231905
962,-0.7884997129440308,-0.6202431321144104,-0.23287524282932281
963,-0.7649568915367126,-0.6153600811958313,-0.24626260995864868
964,-1.0959060192108154,-1.0601167678833008,-0.5041809678077698
965,-1.1073052883148193,-1.0496259927749634,-0.4945971965789795
966,-0.31893038749694824,-0.028323471546173096,0.2500312924385071
967,-1.6974506378173828,-0.9290569424629211,-0.3194517493247986
968,-0.9030625224113464,-0.7907789349555969,-0.3118031919002533
969,-1.075242519378662,-0.8072708249092102,0.0069774119183421135
970,-0.9664015769958496,-0.8404217958450317,-0.24017250537872314
971,-0.9772520661354065,-0.8361732363700867,-0.3241433799266815
972,-0.9375038743019104,-0.8293545246124268,-0.30699026584625244
973,-0.8601221442222595,-0.682580292224884,-0.12108533084392548
974,-0.9589171409606934,-0.8186814188957214,-0.3192850649356842
975,-1.0925928354263306,-0.756811261177063,0.012152760289609432
976,-0.9344549179077148,-0.7691702246665955,-0.30958256125450134
977,-0.7747417688369751,-0.6670751571655273,-0.30688586831092834
978,-1.2824956178665161,-0.8491700291633606,-0.2782626152038574
979,-0.9919427633285522,-0.7929099202156067,-0.2948065400123596
980,-0.9226903915405273,-0.7674175500869751,-0.3312683701515198
981,-0.9120314717292786,-0.8076127767562866,-0.2689952254295349
982,-0.9615176916122437,-0.8119281530380249,-0.28996285796165466
983,-1.0610761642456055,-0.886591374874115,-0.34468701481819153
984,-0.8245216012001038,-0.660031259059906,-0.2445857971906662
985,-1.0575131177902222,-0.7956119179725647,-0.3180890679359436
986,-1.0123587846755981,-0.796136736869812,-0.31165313720703125
987,-1.1299737691879272,-0.7530907988548279,0.0003504070919007063
988,-0.9700935482978821,-0.7813115119934082,-0.32246801257133484
989,-1.297741174697876,-0.9229422211647034,-0.32214194536209106
990,-1.3863368034362793,-0.8932077884674072,-0.275438517332077
991,-1.0410298109054565,-0.7494858503341675,-0.2492009848356247
992,-0.5882010459899902,-0.39252305030822754,-0.04771203175187111
993,-0.3281014859676361,0.10049371421337128,0.366649866104126
994,-1.0867692232131958,-1.0387389659881592,-0.484376460313797
995,-0.4482676684856415,-0.03555221110582352,0.3941977322101593
996,-0.30868780612945557,0.002316552447155118,0.6042930483818054
997,-0.6010210514068604,-0.3623584806919098,-0.05600270628929138
998,-0.8322759866714478,-0.7002779245376587,-0.23129574954509735
999,-1.1037284135818481,-0.8300229907035828,-0.21768589317798615
1000,-1.130789875984192,-1.0346664190292358,-0.4232478141784668
1001,-0.5933711528778076,-0.38950926065444946,-0.08165126293897629
1002,-0.7256448268890381,-0.5066450238227844,-0.19431836903095245
1003,-0.376611590385437,-0.13977289199829102,0.7539287209510803
1004,-0.5515921115875244,-0.2630216181278229,-0.02387990616261959
1005,-0.5410135388374329,-0.2529049813747406,-0.010812494903802872
1006,-0.7662181854248047,-0.6068431735038757,-0.25809988379478455
1007,-0.5896690487861633,-0.4067836403846741,-0.06086442247033119
1008,-0.7514309287071228,-0.5417583584785461,-0.19803768396377563
1009,-1.0692458152770996,-1.0589351654052734,-0.4870752990245819
1010,-0.3336411416530609,0.013885043561458588,0.5724108219146729
1011,-1.1215544939041138,-1.0356290340423584,-0.4811568558216095
1012,-0.7806038856506348,-0.6069850921630859,-0.27246424555778503
1013,-1.074355125427246,-1.033851146697998,-0.49794769287109375
1014,-0.32045724987983704,-0.07594005018472672,0.9052100777626038
1015,-1.1363418102264404,-1.0265936851501465,-0.4791017472743988
1016,-1.122137427330017,-0.9313362836837769,-0.4278169870376587
1017,-1.069743037223816,-0.999220073223114,-0.36385035514831543
1018,-0.5295382738113403,-0.33271917700767517,0.0318046472966671
1019,-1.0737144947052002,-1.0281896591186523,-0.47560396790504456
1020,-0.5330578088760376,-0.3103758692741394,0.11148138344287872
1021,-0.2322591245174408,0.0997958779335022,0.2674202024936676
1022,-0.584263026714325,-0.35832059383392334,-0.026462050154805183
1023,-0.21273183822631836,0.08998523652553558,0.31890588998794556
1024,-0.20364245772361755,0.03536629676818848,0.36738643050193787
1025,-0.588306188583374,-0.41848239302635193,-0.04807312786579132
1026,-0.430436909198761,-0.06286130100488663,0.3210906684398651
1027,-0.4664945900440216,-0.33325108885765076,0.057149775326251984
1028,-0.594785749912262,-0.4255930483341217,-0.05218321830034256
1029,-0.5938696265220642,-0.41559964418411255,-0.07445502281188965
1030,-0.5129839181900024,-0.20257122814655304,0.2942562699317932
1031,-0.632447361946106,-0.4849747121334076,-0.041897326707839966
1032,-0.24947690963745117,0.07228448241949081,0.4813472628593445
1033,-0.5003535747528076,-0.1939794272184372,0.009128340519964695
1034,-0.5264338254928589,-0.22980181872844696,0.011884748935699463
1035,-0.6335690021514893,-0.4874897599220276,-0.05529004707932472
1036,-0.5335197448730469,-0.2756040394306183,-0.022925658151507378
1037,-0.5805401802062988,-0.4319969415664673,-0.03667769953608513
1038,-0.5664510726928711,-0.2868773639202118,0.04413037374615669
1039,-0.20242363214492798,0.13376913964748383,0.4883975386619568
1040,-0.6384447813034058,-0.4781937599182129,-0.09266704320907593
1041,-0.5842607617378235,-0.4150811433792114,-0.07379110157489777
1042,-0.5322239995002747,-0.33144837617874146,0.019650107249617577
1043,-0.5692484378814697,-0.376926064491272,-0.08939385414123535
1044,-0.6724041104316711,-0.5214098691940308,-0.06009862199425697
1045,-0.5587410926818848,-0.2575004994869232,0.1407124251127243
1046,-0.25853586196899414,0.012158865109086037,0.2703450322151184
1047,-0.5281565189361572,-0.28145304322242737,0.018088290467858315
1048,-0.5507116317749023,-0.17326855659484863,0.13138733804225922
1049,-0.03472458943724632,0.529152512550354,0.6331058144569397
1050,-1.0922374725341797,-1.0591803789138794,-0.4306834936141968
1051,-0.05696841701865196,0.5103737711906433,0.71588534116745
1052,-0.026433082297444344,0.3564908504486084,0.7313636541366577
1053,-0.5600805878639221,-0.3336629569530487,-0.003637355286628008
1054,-0.7795107960700989,-0.5092021822929382,-0.12427658587694168
1055,-0.9601378440856934,-0.9144032597541809,-0.298188716173172
1056,-1.0542232990264893,-0.9523190855979919,-0.4271453320980072
1057,-0.5863379836082458,-0.37121474742889404,-0.02001020312309265
1058,-0.5979204773902893,-0.3410312235355377,-0.018895141780376434
1059,-0.017579272389411926,0.34078502655029297,0.7502918839454651
1060,-0.5041040182113647,-0.26268985867500305,-0.004782162141054869
1061,-0.5393296480178833,-0.2949509620666504,0.0004239112604409456
1062,-0.7953053116798401,-0.6727429032325745,-0.22554001212120056
1063,-0.5673786997795105,-0.37686869502067566,-0.047863420099020004
1064,-0.5778902173042297,-0.38099342584609985,-0.05193568393588066
1065,-1.153800129890442,-1.1508049964904785,-0.4992982745170593
1066,-0.026433082297444344,0.3312607705593109,0.6590336561203003
1067,-1.0817347764968872,-0.9941306114196777,-0.4660569131374359
1068,-0.7771283984184265,-0.6787932515144348,-0.22889092564582825
1069,-1.110702633857727,-1.104140281677246,-0.47229596972465515
1070,-0.020024104043841362,0.34116682410240173,0.8351506590843201
1071,-1.0733392238616943,-0.9484258890151978,-0.4582514464855194
1072,-1.042870044708252,-0.9893823266029358,-0.3881266713142395
1073,-1.0966469049453735,-0.9803805947303772,-0.2627095580101013
1074,-0.058016762137413025,0.34944993257522583,0.47811922430992126
1075,-1.0900168418884277,-1.0428061485290527,-0.45145294070243835
1076,-0.5191742181777954,-0.27865177392959595,1.1682844161987305
1077,-0.7791795134544373,-0.6065266728401184,-0.21320964395999908
1078,-0.5450651049613953,-0.2849329113960266,0.4379669725894928
1079,-0.7724162340164185,-0.553561270236969,-0.15690891444683075
1080,-0.7549489140510559,-0.5921533703804016,-0.22392335534095764
1081,-0.7682115435600281,-0.6126016974449158,-0.2324530929327011
1082,-0.545236349105835,-0.15644460916519165,0.24636323750019073
1083,-0.7843653559684753,-0.5826032161712646,-0.23595932126045227
1084,-0.5341720581054688,-0.18465526401996613,0.4668201804161072
1085,-0.77961266040802,-0.6448198556900024,-0.24763691425323486
1086,-0.7773038148880005,-0.6155068278312683,-0.2383246272802353
1087,-0.545086145401001,-0.19540046155452728,0.25672030448913574
1088,-0.8331814408302307,-0.667134702205658,-0.2518569231033325
1089,-0.7991222143173218,-0.6382694840431213,-0.24570870399475098
1090,-0.7896172404289246,-0.5196337103843689,-0.24421033263206482
1091,-0.5544813871383667,-0.2578785717487335,0.4608772099018097
1092,-0.7505046129226685,-0.6107874512672424,-0.2272724062204361
1093,-0.2782546281814575,0.3122478425502777,0.5494845509529114
1094,-0.4025461971759796,0.13494378328323364,0.4105892777442932
1095,-0.19732828438282013,0.2870190441608429,0.7792849540710449
1096,-0.5543272495269775,-0.24405543506145477,-0.020939821377396584
1097,-0.8230170607566833,-0.635079562664032,-0.23877422511577606
1098,-0.9535043239593506,-0.8030927777290344,-0.2896054685115814
1099,-1.09840989112854,-0.9754257202148438,-0.30773040652275085
1100,-0.5839263200759888,-0.34608882665634155,-0.05898039788007736
1101,-0.6385369896888733,-0.31552359461784363,-0.1251017302274704
1102,-0.2915093004703522,0.10394003987312317,0.699688732624054
1103,-0.5429763793945312,-0.27249592542648315,-0.019828779622912407
1104,-0.5244964957237244,-0.233290895819664,-0.014540293253958225
1105,-0.763321578502655,-0.6099315285682678,-0.2464088797569275
1106,-0.5688288807868958,-0.3315199017524719,-0.030479831621050835
1107,-0.6453877091407776,-0.4208117425441742,-0.1426626592874527
1108,-1.132429599761963,-1.0705119371414185,-0.48071375489234924
1109,-0.30777809023857117,0.22850926220417023,0.66853266954422
1110,-1.1093143224716187,-1.0250595808029175,-0.47708192467689514
1111,-0.7640096545219421,-0.6004394888877869,-0.24944625794887543
1112,-1.039222002029419,-0.8659825325012207,-0.3940173089504242
1113,-0.4094192683696747,-0.06941355764865875,0.2127702385187149
1114,-1.0846821069717407,-1.0010721683502197,-0.41400304436683655
1115,-0.4863680899143219,-0.02096656523644924,0.25382208824157715
1116,0.022444268688559532,0.6010151505470276,0.6487526297569275
1117,0.0048936521634459496,0.6076101064682007,0.6523857712745667
1118,-0.3449672758579254,-0.04391436278820038,0.4571738541126251
1119,-0.24522337317466736,0.15771245956420898,0.3035310208797455
1120,-0.16819559037685394,0.3225383460521698,0.5283122062683105
1121,-0.4567795395851135,-0.11338293552398682,0.32722508907318115
1122,-0.41807660460472107,-0.040719423443078995,0.17354290187358856
1123,-0.2124137580394745,0.329547256231308,0.6115195751190186
1124,-0.5484989881515503,-0.27671894431114197,0.25346365571022034
1125,0.004913828335702419,0.4943619966506958,0.6229408979415894
1126,-0.09314260631799698,0.4380991458892822,0.5985561013221741
1127,-0.23115584254264832,0.23362894356250763,0.6393463015556335
1128,-0.6535273194313049,-0.32804831862449646,0.20857110619544983
1129,-0.3085005283355713,0.17527557909488678,0.5766623020172119
1130,-0.337308406829834,0.04879143834114075,0.4671703577041626
1131,-0.3738855719566345,0.19669264554977417,0.3268808424472809
1132,0.015717610716819763,0.601949155330658,0.6371814012527466
1133,-0.6072548031806946,-0.3451409339904785,0.052146244794130325
1134,-0.3530261814594269,0.08791200071573257,0.5668946504592896
1135,-0.38636723160743713,0.14704084396362305,0.26937782764434814
1136,0.009771562181413174,0.5431888699531555,0.6767544150352478
1137,-0.38015517592430115,0.12614800035953522,0.35021305084228516
1138,-0.6778861880302429,-0.40359827876091003,0.1503196805715561
1139,-0.3777290880680084,0.12448301166296005,0.2937379777431488
1140,0.003449910320341587,0.5807070136070251,0.6481176614761353
1141,-0.39459970593452454,0.09878915548324585,0.2716321051120758
1142,-1.1028729677200317,-1.0662015676498413,-0.49499353766441345
1143,0.01776450127363205,0.6332210302352905,0.8329674601554871
1144,0.007965701632201672,0.6151208877563477,0.7494587302207947
1145,-0.5898903608322144,-0.35859888792037964,-0.059760916978120804
1146,-0.827459990978241,-0.6881968975067139,-0.18286608159542084
1147,-0.9460891485214233,-0.8649477958679199,-0.3142605125904083
1148,-1.0570820569992065,-1.012329339981079,-0.41895294189453125
1149,-0.6026015281677246,-0.4450652003288269,0.16136348247528076
1150,-0.6693863272666931,-0.43046891689300537,-0.0747484341263771
1151,0.01776450127363205,0.5599332451820374,0.7439221739768982
1152,-0.5023449063301086,-0.2393643707036972,0.28074783086776733
1153,-0.5593265295028687,-0.3221597373485565,-0.02890276536345482
1154,-0.7315952777862549,-0.5564101338386536,-0.1737631857395172
1155,-0.5958827137947083,-0.41587603092193604,-0.05707397684454918
1156,-0.6229254603385925,-0.412309855222702,-0.08612439036369324
1157,-1.1567598581314087,-1.1499823331832886,-0.28325891494750977
1158,0.007965701632201672,0.5783064961433411,0.7053208947181702
1159,-1.0765444040298462,-1.0293033123016357,-0.4573482871055603
1160,-0.7220504879951477,-0.5197744369506836,-0.13409386575222015
1161,-1.1221795082092285,-1.1060230731964111,-0.42838308215141296
1162,0.00895746424794197,0.5355063676834106,0.7906374931335449
1163,-1.093766450881958,-1.0090738534927368,-0.40330615639686584
1164,-1.0170170068740845,-0.926505446434021,-0.4340369403362274
1165,-1.1176540851593018,-1.0438270568847656,-0.27374982833862305
1166,0.010646358132362366,0.5319127440452576,0.5883254408836365
1167,-1.1049859523773193,-1.0612132549285889,-0.42438510060310364
1168,-1.1014493703842163,-1.0973767042160034,-0.49630552530288696
1169,-1.1037393808364868,-1.0872089862823486,-0.48056602478027344
1170,-1.1193788051605225,-1.0860382318496704,-0.4836403727531433
1171,-0.9550703763961792,-0.8624057769775391,-0.4816696345806122
1172,-1.0628491640090942,-1.0264508724212646,-0.49392539262771606
1173,-1.129210352897644,-1.0729780197143555,-0.46653470396995544
1174,-1.077979564666748,-1.0175703763961792,-0.4979010820388794
1175,-1.0886104106903076,-0.9488018155097961,-0.39985403418540955
1176,-1.122320294380188,-1.0896732807159424,-0.487455278635025
1177,-1.112709403038025,-1.02274751663208,-0.48185932636260986
1178,-1.086597204208374,-1.0485035181045532,-0.5008403658866882
1179,-1.1021738052368164,-1.0598506927490234,-0.4944646656513214
1180,-1.1224701404571533,-1.0804985761642456,-0.48133987188339233
1181,-1.1437139511108398,-1.0582358837127686,-0.4831545948982239
1182,-1.1287291049957275,-1.082077145576477,-0.479873389005661
1183,-1.044189453125,-1.007089376449585,-0.4967707395553589
1184,-1.1106384992599487,-1.0287328958511353,-0.4652857184410095
1185,-1.0953727960586548,-1.0545393228530884,-0.49289757013320923
1186,-1.1177815198898315,-1.0237358808517456,-0.49132129549980164
1187,-1.049622893333435,-1.0295791625976562,-0.43094947934150696
1188,-1.1108876466751099,-1.0785914659500122,-0.4974972903728485
1189,-1.0572558641433716,-1.0164425373077393,-0.4963424503803253
1190,-1.1090774536132812,-1.045680046081543,-0.48522502183914185
1191,-1.0377676486968994,-0.9845209121704102,-0.5052861571311951
1192,-1.0906392335891724,-1.07309091091156,-0.4879586398601532
1193,-1.0464671850204468,-1.0139448642730713,-0.4810388386249542
1194,-0.45792728662490845,-0.18050304055213928,0.13357950747013092
1195,-0.4144960939884186,-0.1072879284620285,0.1666419357061386
1196,-0.7548737525939941,-0.5535125136375427,-0.1909799575805664
1197,-0.9070616960525513,-0.8011018633842468,-0.3720492124557495
1198,-1.1484698057174683,-0.7134362459182739,-0.23282866179943085
1199,-1.0849484205245972,-0.995993971824646,-0.47817063331604004
1200,-0.6574081182479858,-0.47362250089645386,-0.07005728036165237
1201,-0.7560673356056213,-0.6101863980293274,-0.21575738489627838
1202,-0.42636486887931824,-0.2183895707130432,0.18818338215351105
1203,-0.5872867107391357,-0.38128677010536194,-0.030580101534724236
1204,-0.5810503363609314,-0.3239435851573944,-0.043407440185546875
1205,-0.8597535490989685,-0.7870242595672607,-0.27432459592819214
1206,-0.7553128004074097,-0.6276037096977234,-0.17272908985614777
1207,-0.7587417960166931,-0.6206058263778687,-0.23441465198993683
1208,-1.0391803979873657,-0.9943620562553406,-0.48078712821006775
1209,-0.3744804859161377,-0.116732656955719,0.26949962973594666
1210,-0.842551589012146,-0.7309806942939758,-0.24768643081188202
1211,-1.0541216135025024,-1.0196197032928467,-0.4214358329772949
1212,-0.5009073615074158,-0.2579915225505829,0.19954437017440796
1213,-1.0693013668060303,-0.9365423321723938,-0.4806051552295685
1214,-1.15178644657135,-0.9431246519088745,-0.42725440859794617
1215,-1.0376428365707397,-0.9824015498161316,-0.5028290152549744
1216,-0.5615860223770142,-0.4145370125770569,-0.0038563197012990713
1217,-1.0504070520401,-1.0086106061935425,-0.48559415340423584
1218,0.007965701632201672,0.7542935013771057,0.9025694131851196
1219,-0.4793058931827545,-0.26739564538002014,0.5290064811706543
1220,-0.2715163230895996,0.07469351589679718,0.25178754329681396
1221,-0.29530152678489685,0.2907363772392273,0.6953992247581482
1222,-0.6157504320144653,-0.3636539578437805,0.2115810513496399
1223,-0.6052731275558472,-0.2996499836444855,0.20985470712184906
1224,-0.23420079052448273,0.22344079613685608,0.669901430606842
1225,-0.6880593299865723,-0.551405131816864,0.19092287123203278
1226,0.010887165553867817,0.8755871653556824,1.0669680833816528
1227,-0.14244027435779572,0.38452860713005066,0.6212747693061829
1228,-0.31509754061698914,0.08420129120349884,0.5713785290718079
1229,-0.8192104697227478,-0.6419610977172852,0.3502110540866852
1230,-0.3115135133266449,-0.05202260985970497,0.5212485790252686
1231,-0.5127370953559875,-0.3905802071094513,0.3071274161338806
1232,-0.36718663573265076,0.1381153017282486,0.2347867488861084
1233,0.011071969754993916,0.6790452599525452,0.7891966700553894
1234,-0.7366427183151245,-0.44625505805015564,0.19355542957782745
1235,-0.4793635308742523,-0.22549372911453247,0.34595873951911926
1236,-0.41473108530044556,-0.018104853108525276,0.1641545295715332
1237,0.007965701632201672,0.6871976852416992,0.8898608088493347
1238,-0.45409390330314636,-0.07782076299190521,0.3037779629230499
1239,-0.8282368779182434,-0.5531944632530212,0.03856656700372696
1240,-0.3811660408973694,0.09675823897123337,0.2680310308933258
1241,0.022444268688559532,0.5811681151390076,0.7828382849693298
1242,-0.44143199920654297,-0.11439880728721619,0.12736842036247253
1243,0.010887165553867817,0.7054807543754578,0.7982649803161621
1244,-0.627996027469635,-0.4132821261882782,-0.033609695732593536
1245,-0.833718478679657,-0.6852791905403137,-0.22783134877681732
1246,-0.9898073077201843,-0.9367470741271973,-0.294465035200119
1247,-1.0669962167739868,-1.051941156387329,-0.39444485306739807
1248,0.007431517355144024,0.613921582698822,0.7597207427024841
1249,-0.46585139632225037,-0.1659197062253952,0.06578265130519867
1250,-0.5659790635108948,-0.3460666239261627,0.0037996903993189335
1251,-0.7692452669143677,-0.604796290397644,-0.14790557324886322
1252,-0.6113857626914978,-0.4093475639820099,-0.039529480040073395
1253,-0.629980206489563,-0.44529446959495544,-0.0547097772359848
1254,-1.1853550672531128,-1.1622711420059204,-0.37827563285827637
1255,0.007965701632201672,0.6677692532539368,0.7910341620445251
1256,-1.0983811616897583,-1.0723360776901245,-0.4613494277000427
1257,-0.7358624935150146,-0.5803098082542419,-0.04380301758646965
1258,-1.1212996244430542,-1.1040310859680176,-0.42908981442451477
1259,0.010887165553867817,0.7266673445701599,0.8495165109634399
1260,-1.0746124982833862,-1.0369824171066284,-0.37604761123657227
1261,-1.0479938983917236,-0.9860740303993225,-0.4001404345035553
1262,-1.106210470199585,-1.0775172710418701,-0.2972243130207062
1263,0.0027065591420978308,0.6213852167129517,0.6035889983177185
1264,-1.1085834503173828,-1.0944130420684814,-0.46749183535575867
1265,-0.3757783770561218,-0.13839130103588104,0.7607992887496948
1266,-0.2546289563179016,0.17559757828712463,0.3372877240180969
1267,-0.13978518545627594,0.2342694103717804,0.6068443655967712
1268,-0.4428223669528961,-0.18088893592357635,0.5978457927703857
1269,-0.455862820148468,-0.19995073974132538,0.39923083782196045
1270,-0.19822216033935547,0.3363151550292969,0.7618661522865295
1271,-0.5028926134109497,-0.36152881383895874,0.6189061403274536
1272,0.022444268688559532,0.6751295924186707,0.7520313262939453
1273,-0.10303734987974167,0.3370133340358734,0.631597638130188
1274,-0.21514803171157837,0.1721171736717224,0.6251885294914246
1275,-0.6470549702644348,-0.41632503271102905,0.33081501722335815
1276,-0.23871564865112305,0.046231530606746674,0.5571683049201965
1277,-0.3511086702346802,-0.07894675433635712,0.6073552966117859
1278,-0.37344667315483093,0.2116629034280777,0.3207562565803528
1279,0.007965701632201672,0.6334249973297119,0.7550378441810608
1280,-0.6307791471481323,-0.41588178277015686,0.32704928517341614
1281,-0.3063912093639374,-0.07087139785289764,0.6363621354103088
1282,-0.3646339178085327,0.1014118418097496,0.2839847207069397
1283,0.019483249634504318,0.6351670026779175,0.7676189541816711
1284,-0.39297646284103394,-0.12321556359529495,0.2546955645084381
1285,-0.6379501819610596,-0.48439329862594604,0.423238068819046
1286,-0.3617357015609741,0.1567271202802658,0.2999909520149231
1287,0.005322241224348545,0.5335731506347656,0.6838576197624207
1288,-0.38797956705093384,0.04781820997595787,0.24904140830039978
1289,-0.5959798693656921,-0.39034634828567505,-0.01854926161468029
1290,-0.8452330231666565,-0.7447394728660583,-0.26041775941848755
1291,-0.9475760459899902,-0.8644711375236511,-0.3133946359157562
1292,-1.0564943552017212,-1.0303529500961304,-0.4150770604610443
1293,-0.6174399852752686,-0.4626025855541229,0.25038981437683105
1294,-0.6398758888244629,-0.4223361909389496,-0.060697827488183975
1295,0.007431517355144024,0.6706206798553467,0.7601020336151123
1296,-0.49735015630722046,-0.2450302392244339,0.029631992802023888
1297,-0.5458580255508423,-0.35491499304771423,0.013548960909247398
1298,-0.7272241711616516,-0.5725253820419312,-0.19153757393360138
1299,-0.6021007299423218,-0.41250288486480713,-0.06701955944299698
1300,-0.6099474430084229,-0.4366317689418793,-0.08622687309980392
1301,-1.181751012802124,-1.1455165147781372,-0.3927467465400696
1302,0.010887165553867817,0.5531056523323059,0.7961339950561523
1303,-1.0769836902618408,-1.0389217138290405,-0.4757838845252991
1304,-0.7121941447257996,-0.5645185112953186,-0.21033920347690582
1305,-1.1105704307556152,-1.0968631505966187,-0.4672914445400238
1306,0.019483249634504318,0.6364378333091736,0.7726163268089294
1307,-1.0705957412719727,-0.9627477526664734,-0.45996302366256714
1308,-1.0022796392440796,-0.9230409860610962,-0.401328980922699
1309,-1.1229209899902344,-1.1048976182937622,-0.3203026354312897
1310,0.0211623627692461,0.4775567650794983,0.5741466283798218
1311,-1.1119253635406494,-1.078791618347168,-0.49770480394363403
1312,-0.7965103387832642,-0.6288754343986511,-0.20599773526191711
1313,-0.5988303422927856,-0.25645381212234497,0.013640963472425938
1314,-0.5824745297431946,-0.33969324827194214,-0.06123973801732063
1315,-0.7012739181518555,-0.48337528109550476,-0.1800326257944107
1316,-0.5510731339454651,-0.25773292779922485,-0.006733257789164782
1317,-0.5470963716506958,-0.27260148525238037,-0.011719969101250172
1318,-0.5933132171630859,-0.4186564087867737,-0.03688986971974373
1319,-0.5522703528404236,-0.34057772159576416,-0.01116207055747509
1320,-0.5543485283851624,-0.33721306920051575,-0.02018089033663273
1321,-0.581052303314209,-0.267132967710495,-0.03360717371106148
1322,-0.5431090593338013,-0.2528137266635895,0.008846629410982132
1323,-0.5431090593338013,-0.2569449841976166,-0.013322179205715656
1324,-0.7472572922706604,-0.5670890808105469,-0.19284193217754364
1325,-0.5930995345115662,-0.4067945182323456,-0.049891602247953415
1326,-0.7045381665229797,-0.5042994022369385,-0.18169277906417847
1327,-0.577609121799469,-0.2890777289867401,-0.035932768136262894
1328,-0.7500519752502441,-0.4836956858634949,-0.190499946475029
1329,-0.5913857221603394,-0.4022383987903595,-0.03802177682518959
1330,-0.6755694150924683,-0.4662235379219055,-0.12205701321363449
1331,-0.6129468083381653,-0.385304719209671,-0.08635540306568146
1332,-0.7649141550064087,-0.571992814540863,-0.22126056253910065
1333,-0.6061152219772339,-0.3950555920600891,-0.01774979941546917
1334,-0.7526792287826538,-0.5441712737083435,-0.19066382944583893
1335,-0.8241925835609436,-0.5695995688438416,0.023774925619363785
1336,-0.9189705848693848,-0.8368634581565857,-0.307314932346344
1337,-1.1134955883026123,-1.014927864074707,-0.3941541910171509
1338,-0.5826222896575928,-0.3878706097602844,-0.026602791622281075
1339,-0.5889045596122742,-0.2135711908340454,-0.042405858635902405
1340,-0.47414693236351013,-0.2799932658672333,0.6646146178245544
1341,-0.5563274025917053,-0.35833054780960083,-0.0016787159256637096
1342,-0.5474495887756348,-0.3499308228492737,-0.02249855175614357
1343,-0.7603375911712646,-0.5624120831489563,-0.23335719108581543
1344,-0.57086181640625,-0.3190022110939026,-0.03788791969418526
1345,-0.5859512090682983,-0.36838072538375854,-0.06504332274198532
1346,-1.1434249877929688,-1.072164535522461,-0.4672743082046509
1347,-0.4500732719898224,-0.17856648564338684,0.44087275862693787
1348,-1.1376285552978516,-1.0713565349578857,-0.4917754530906677
1349,-0.761557936668396,-0.6025236248970032,-0.24574387073516846
1350,-1.1163874864578247,-1.0834906101226807,-0.5059326887130737
1351,-0.4504427909851074,-0.28121519088745117,0.7641933560371399
1352,-1.188645362854004,-1.045116662979126,-0.477880597114563
1353,-1.0382980108261108,-0.8245177268981934,-0.40044474601745605
1354,-1.0913400650024414,-1.0245455503463745,-0.3370327055454254
1355,-0.5975281596183777,-0.3700295686721802,0.19375106692314148
1356,-1.1033583879470825,-1.0660110712051392,-0.4734314978122711
1357,-0.823469340801239,-0.6674964427947998,-0.1859189122915268
1358,-0.865057647228241,-0.7344976663589478,-0.26555803418159485
1359,-0.867104172706604,-0.7781655788421631,-0.42619943618774414
1360,-0.817218542098999,-0.6614809036254883,0.3310316503047943
1361,-0.8821167945861816,-0.6853471994400024,-0.24784977734088898
1362,-0.847737729549408,-0.7616351842880249,-0.294365793466568
1363,-0.7795153260231018,-0.5750529170036316,0.024087488651275635
1364,-0.8220153450965881,-0.7064117789268494,-0.279832124710083
1365,-0.8844251036643982,-0.7889705896377563,-0.3135218024253845
1366,-0.8509860634803772,-0.7332716584205627,-0.026826409623026848
1367,-0.8305695652961731,-0.7003906965255737,-0.1992359608411789
1368,-0.9022253155708313,-0.7778372764587402,-0.29578229784965515
1369,-0.8528454303741455,-0.7703027725219727,-0.3089449107646942
1370,-0.8944920897483826,-0.7780280709266663,-0.4191461503505707
1371,-0.8370083570480347,-0.7205836772918701,-0.16948868334293365
1372,-0.8998980522155762,-0.7829448580741882,-0.2592388689517975
1373,-0.8527342677116394,-0.7506890892982483,-0.3671441376209259
1374,-0.8478497862815857,-0.6879315972328186,-0.1767560988664627
1375,-0.876750111579895,-0.7537204027175903,-0.36412280797958374
1376,-0.8948116302490234,-0.787125825881958,-0.2651975154876709
1377,-0.827427864074707,-0.6684077382087708,-0.2016303539276123
1378,-0.9069685339927673,-0.8038803935050964,-0.3745173513889313
1379,-0.9197837710380554,-0.7294119596481323,-0.23145915567874908
1380,-0.9166170358657837,-0.7761950492858887,-0.418937087059021
1381,-0.6575576663017273,-0.429744154214859,-0.130635067820549
1382,-0.7697016596794128,-0.6605518460273743,-0.2173459678888321
1383,-0.14478351175785065,0.2610566020011902,0.4656570553779602
1384,-0.6043838858604431,-0.4215348958969116,-0.018892593681812286
1385,-0.6144080758094788,-0.4279268980026245,0.030517766252160072
1386,-0.9467859864234924,-0.7381860613822937,-0.24213114380836487
1387,-0.7704331874847412,-0.5674070119857788,-0.24544110894203186
1388,-0.8541395664215088,-0.646246612071991,-0.23023010790348053
1389,-0.9720153212547302,-0.8944380879402161,-0.4099978804588318
1390,-0.1997455209493637,0.2893044650554657,0.6191984415054321
1391,-0.9299775958061218,-0.7995080351829529,-0.4407998025417328
1392,-0.9166585206985474,-0.6714931726455688,-0.2577974200248718
1393,-0.9281972050666809,-0.7795568108558655,-0.3904322385787964
1394,-0.28125447034835815,0.1896628588438034,0.3160172402858734
1395,-0.908685564994812,-0.7374060750007629,-0.23510469496250153
1396,-0.9342554211616516,-0.771636426448822,-0.30005648732185364
1397,-0.9124805331230164,-0.8325766921043396,-0.42388716340065
1398,-0.4362565279006958,-0.08492039144039154,0.18491360545158386
1399,-0.9518308043479919,-0.8736158013343811,-0.49791625142097473
1400,-0.9000378847122192,-0.6606329679489136,-0.21138419210910797
1401,-1.593430995941162,-0.6600631475448608,-0.08787252008914948
1402,-0.7537667751312256,-0.6040698289871216,-0.15923593938350677
1403,-0.843207836151123,-0.607977032661438,-0.22845539450645447
1404,-0.8278716206550598,-0.6195495128631592,-0.24044284224510193
1405,-1.0434824228286743,-0.7259190082550049,-0.24917307496070862
1406,-0.9866158962249756,-0.6634781360626221,-0.2711312472820282
1407,-1.009041666984558,-0.8132080435752869,-0.2915012240409851
1408,-1.0890110731124878,-0.9509691596031189,-0.18965069949626923
1409,-0.5976316332817078,-0.3356926441192627,0.07830187678337097
1410,-0.771760106086731,-0.5032445192337036,-0.15284349024295807
1411,-0.122561015188694,0.19395264983177185,0.8207502961158752
1412,-0.5241611003875732,-0.2093009203672409,0.03055431693792343
1413,-0.5396336913108826,-0.17884187400341034,-0.01270158402621746
1414,-0.589504063129425,-0.3757284879684448,0.03206225112080574
1415,-0.7340190410614014,-0.495771199464798,-0.17073675990104675
1416,-0.19145140051841736,0.268231064081192,1.0205076932907104
1417,-1.0802969932556152,-0.9845456480979919,-0.48952943086624146
1418,-0.7635307312011719,-0.5897894501686096,-0.24912960827350616
1419,-1.0878016948699951,-1.0476385354995728,-0.5054582357406616
1420,-0.15884339809417725,0.14543269574642181,0.7364638447761536
1421,-1.0028172731399536,-0.9311087727546692,-0.42745089530944824
1422,-1.0431535243988037,-0.8436555862426758,-0.3600189983844757
1423,-0.2740572392940521,-0.07427424192428589,0.27998608350753784
1424,-1.0608034133911133,-1.0094107389450073,-0.4944295287132263
1425,-1.1397616863250732,-0.8298981189727783,-0.10409137606620789
1426,-0.9494684934616089,-0.8316125869750977,-0.29584643244743347
1427,-0.9464508891105652,-0.7611061334609985,-0.31174930930137634
1428,-0.8739938735961914,-0.7546534538269043,-0.2521858215332031
1429,-0.958946704864502,-0.8764175772666931,-0.3128081262111664
1430,-0.9640849828720093,-0.8451286554336548,-0.3178307116031647
1431,-0.9537650346755981,-0.8706750869750977,-0.3025287985801697
1432,-0.9355193376541138,-0.8132953643798828,-0.2879379689693451
1433,-0.9356842041015625,-0.755912721157074,-0.30773741006851196
1434,-1.105168342590332,-0.6927601099014282,-0.2785932123661041
1435,-0.8674039840698242,-0.7580196261405945,-0.27087831497192383
1436,-1.013607144355774,-0.7874272465705872,-0.12264233082532883
1437,-0.9459065794944763,-0.8127782940864563,-0.3177799582481384
1438,-1.0417726039886475,-0.7871955037117004,-0.029194463044404984
1439,-0.9463720321655273,-0.8518363833427429,-0.2818242311477661
1440,-1.1055487394332886,-0.852039635181427,-0.3248327970504761
1441,-0.9859116673469543,-0.7941927909851074,-0.3051232397556305
1442,-0.9855712652206421,-0.934478759765625,-0.3216429650783539
1443,-1.0353350639343262,-0.7197203636169434,0.18205632269382477
1444,-1.1902554035186768,-1.0173417329788208,-0.21812516450881958
1445,-0.6001960039138794,-0.42874348163604736,-0.0824602022767067
1446,-0.7415724396705627,-0.5391364693641663,-0.2151058465242386
1447,-0.42247098684310913,-0.2552368640899658,0.9003857970237732
1448,-0.5586073994636536,-0.3401726484298706,-0.033420078456401825
1449,-0.5530397891998291,-0.308648020029068,-0.029441071674227715
1450,-0.7924582958221436,-0.6339392066001892,-0.25540438294410706
1451,-0.5997777581214905,-0.4528377950191498,-0.09770026057958603
1452,-0.7302142977714539,-0.5498799085617065,-0.19000974297523499
1453,-1.1115977764129639,-1.0865106582641602,-0.49144822359085083
1454,-0.4224296510219574,-0.15902945399284363,0.4911497235298157
1455,-1.2572473287582397,-1.05937922000885,-0.47806859016418457
1456,-0.7689521908760071,-0.6039088368415833,-0.241335928440094
1457,-1.1440651416778564,-1.0567721128463745,-0.4650672376155853
1458,-0.4708264172077179,-0.28217822313308716,0.8045153021812439
1459,-1.2617015838623047,-1.0172784328460693,-0.4550316631793976
1460,-1.1246503591537476,-0.9614787697792053,-0.420335978269577
1461,-1.081014633178711,-1.0460410118103027,-0.4955713748931885
1462,-0.6171928644180298,-0.4460716247558594,-0.00047496077604591846
1463,-1.118418574333191,-1.0525211095809937,-0.4666112959384918
1464,-1.0611413717269897,-0.9710454940795898,-0.40236181020736694
1465,-1.2006983757019043,-0.9842067956924438,-0.19143113493919373
1466,-1.0704364776611328,-1.0140295028686523,-0.39891380071640015
1467,-1.0625540018081665,-1.0075182914733887,-0.4041004776954651
1468,-1.0596718788146973,-0.9686846733093262,-0.3835696280002594
1469,-1.2527238130569458,-1.0426325798034668,-0.1826464682817459
1470,-1.129565954208374,-0.965822696685791,-0.3429805040359497
1471,-1.174369215965271,-1.0113760232925415,-0.379800409078598
1472,-1.0563477277755737,-0.9425497055053711,-0.447608083486557
1473,-1.0581555366516113,-1.0181760787963867,-0.4116126298904419
1474,-1.1286709308624268,-1.0377999544143677,-0.4649563133716583
1475,-1.2059041261672974,-0.9715344905853271,-0.11325669288635254
1476,-1.060423493385315,-0.9918941855430603,-0.46429282426834106
1477,-1.068069577217102,-0.9587752819061279,-0.3956935703754425
1478,-1.086321473121643,-0.9966678619384766,-0.36191022396087646
1479,-1.2611440420150757,-1.076839804649353,-0.4649032950401306
1480,-1.04891836643219,-0.9265806078910828,-0.480547696352005
1481,-1.06790030002594,-1.0261515378952026,-0.4403960704803467
1482,-1.058013677597046,-0.9867172241210938,-0.46477895975112915
1483,-0.6174761652946472,-0.391475647687912,-0.04377901554107666
1484,-0.7499241232872009,-0.5634562373161316,-0.21091710031032562
1485,-0.46314939856529236,-0.314118891954422,0.7894933819770813
1486,-0.5564109683036804,-0.24591435492038727,-0.010677918791770935
1487,-0.5486758947372437,-0.2185489684343338,-0.037642210721969604
1488,-0.7922295928001404,-0.6876301765441895,-0.26059165596961975
1489,-0.6862968802452087,-0.5069804191589355,-0.10358395427465439
1490,-0.7458449006080627,-0.5923865437507629,-0.18357476592063904
1491,-1.0514897108078003,-0.9977084398269653,-0.4979485273361206
1492,-0.3934418857097626,-0.1298184096813202,0.6651391386985779
1493,-1.152729868888855,-1.0546125173568726,-0.4996274709701538
1494,-0.780851423740387,-0.6283526420593262,-0.26338300108909607
1495,-1.0597784519195557,-1.0214821100234985,-0.49652281403541565
1496,-0.500533401966095,-0.231654554605484,0.6918324828147888
1497,-1.1665078401565552,-1.0049409866333008,-0.47808748483657837
1498,-1.2438092231750488,-0.9796133041381836,-0.4783385396003723
1499,-1.0382872819900513,-0.972686231136322,-0.43851178884506226
1500,-0.6294997930526733,-0.44110003113746643,0.07979507744312286
1501,-1.0444589853286743,-1.0040422677993774,-0.49652281403541565
1502,-0.5984053015708923,-0.41482412815093994,-0.060514893382787704
1503,-0.5942884087562561,-0.3819359540939331,0.23818829655647278
1504,-0.5721125602722168,-0.33729228377342224,-0.06759641319513321
1505,-0.5714049339294434,-0.3145289421081543,-0.02403578720986843
1506,-0.6488615870475769,-0.5003288388252258,-0.09542018920183182
1507,-0.577532947063446,-0.347306489944458,-0.04251968115568161
1508,-0.5881103277206421,-0.38985544443130493,-0.03731894493103027
1509,-0.6532628536224365,-0.483114093542099,-0.1966821402311325
1510,-0.587492823600769,-0.3873533010482788,0.3348541855812073
1511,-0.6141596436500549,-0.44324225187301636,0.06034437194466591
1512,-0.6067773103713989,-0.4074222147464752,-0.07776743173599243
1513,-0.6352801322937012,-0.5027322173118591,-0.0750393271446228
1514,-0.6122021079063416,-0.38565072417259216,0.49284374713897705
1515,-0.6118266582489014,-0.38121604919433594,-0.10914444923400879
1516,-0.658056914806366,-0.4425826072692871,0.29996687173843384
1517,-0.6108185648918152,-0.40041619539260864,0.0027723966632038355
1518,-0.6529774069786072,-0.44894522428512573,-0.0189934391528368
1519,-0.6126976609230042,-0.2917208969593048,-0.028409816324710846
1520,-0.18022038042545319,0.14696212112903595,0.7597507238388062
1521,-0.5178244709968567,-0.2657759487628937,0.002952432259917259
1522,-0.5369880795478821,-0.28060075640678406,0.0014547206228598952
1523,-0.8009408116340637,-0.654806911945343,-0.24236467480659485
1524,-0.5702066421508789,-0.33499208092689514,-0.03497002273797989
1525,-0.23472265899181366,0.28830015659332275,0.8197522163391113
1526,-1.0795694589614868,-1.0020692348480225,-0.43893206119537354
1527,-1.0999598503112793,-1.0751088857650757,-0.49364861845970154
1528,-0.22570094466209412,0.024115314707159996,0.7248194813728333
1529,-1.0532759428024292,-1.0400595664978027,-0.3912757337093353
1530,-1.02534818649292,-0.9002355933189392,-0.3998264670372009
1531,-0.21171031892299652,0.06541230529546738,0.3283888101577759
1532,-1.0984954833984375,-1.0012131929397583,-0.4190033972263336
1533,-0.6384919285774231,-0.44116029143333435,-0.04501832649111748
1534,-0.5780927538871765,-0.30757448077201843,-0.030001727864146233
1535,-0.5753337740898132,-0.2528803050518036,-0.025424674153327942
1536,-0.7412749528884888,-0.39670148491859436,-0.15723606944084167
1537,-0.5693650841712952,-0.27009329199790955,-0.01821351982653141
1538,-0.6497390866279602,-0.3121592402458191,-0.08067595958709717
1539,-0.7727924585342407,-0.632347822189331,-0.23260608315467834
1540,-0.649720311164856,-0.42364010214805603,-0.05919867753982544
1541,-0.7565374970436096,-0.5759907960891724,-0.22171111404895782
1542,-0.7216796278953552,-0.48489609360694885,-0.17633384466171265
1543,-0.7724659442901611,-0.5721012949943542,-0.2169329822063446
1544,-0.7362207770347595,-0.5521866083145142,-0.21161821484565735
1545,-0.736892580986023,-0.4919514060020447,-0.19817447662353516
1546,-0.7862767577171326,-0.6608073115348816,-0.2348223328590393
1547,-0.6531631946563721,-0.3843025863170624,-0.008971412666141987
1548,-0.7749713063240051,-0.6337742209434509,-0.23024439811706543
1549,-0.4983048141002655,-0.3939821720123291,0.8336325287818909
1550,-0.5757341384887695,-0.40117770433425903,-0.0305457916110754
1551,-0.5540542006492615,-0.36207884550094604,-0.02384660765528679
1552,-0.7580636143684387,-0.5640081763267517,-0.21693888306617737
1553,-0.5788686871528625,-0.37931397557258606,-0.0537860132753849
1554,-0.6470996737480164,-0.42597562074661255,-0.1384282261133194
1555,-1.1362098455429077,-1.1048330068588257,-0.44681602716445923
1556,-0.5693235993385315,-0.3590068519115448,0.551856279373169
1557,-1.2361160516738892,-1.0569868087768555,-0.48171573877334595
1558,-0.7567852139472961,-0.5912920832633972,-0.2293749898672104
1559,-1.1008284091949463,-1.0672696828842163,-0.4943540692329407
1560,-0.619818925857544,-0.46470484137535095,0.7749367356300354
1561,-1.2266751527786255,-1.0423455238342285,-0.47489917278289795
1562,-1.047438383102417,-0.801315426826477,-0.3960742950439453
1563,-1.094941258430481,-1.0159356594085693,-0.3913266658782959
1564,-0.7229006886482239,-0.47120437026023865,0.08361904323101044
1565,-1.104551076889038,-1.0868366956710815,-0.47965288162231445
1566,-0.11316264420747757,0.2692982256412506,0.7620179653167725
1567,-0.28184276819229126,-0.07936449348926544,0.5967031121253967
1568,-0.5346230864524841,-0.43872833251953125,0.6500134468078613
1569,-0.34030964970588684,-0.06102679297327995,0.657151997089386
1570,-0.4322350025177002,-0.22469989955425262,0.704562246799469
1571,-0.2671312093734741,0.2812961935997009,0.43322744965553284
1572,0.010887165553867817,0.5478299856185913,0.774094820022583
1573,-0.6310833096504211,-0.43693065643310547,0.5651083588600159
1574,-0.3911772668361664,-0.20684976875782013,0.7947473526000977
1575,-0.31250762939453125,-0.06902246177196503,0.1976885050535202
1576,0.007431517355144024,0.626071035861969,0.8007175922393799
1577,-0.3804165720939636,-0.15681064128875732,0.7116355895996094
1578,-0.6896046996116638,-0.5258873105049133,0.37339937686920166
1579,-0.23797009885311127,0.20494116842746735,0.44855549931526184
1580,0.0163097083568573,0.463765025138855,0.6843344569206238
1581,-0.37807804346084595,-0.07885320484638214,0.19336730241775513
1582,-0.4548884630203247,-0.23357343673706055,0.007982700131833553
1583,-0.5354551076889038,-0.33342641592025757,0.006048885639756918
1584,-0.5848858952522278,-0.412828654050827,-0.056951798498630524
1585,-0.6061540246009827,-0.4506707489490509,-0.07876192033290863
1586,-1.1809383630752563,-1.1655811071395874,-0.46654069423675537
1587,0.022444268688559532,0.5818808078765869,0.7921292781829834
1588,-1.0772088766098022,-1.0427037477493286,-0.46261322498321533
1589,-0.6466223001480103,-0.450937420129776,-0.11973053216934204
1590,-1.1264327764511108,-1.0290831327438354,-0.4296199381351471
1591,0.010887165553867817,0.709997832775116,0.8354349732398987
1592,-1.0714002847671509,-0.9657014608383179,-0.44375014305114746
1593,-0.9296673536300659,-0.8147504329681396,-0.3638900816440582
1594,-1.1281079053878784,-1.1095839738845825,-0.3860577344894409
1595,0.014262818731367588,0.43800589442253113,0.5961050987243652
1596,-1.1095712184906006,-0.9526427984237671,-0.506006121635437
1597,-0.5067238211631775,-0.2899186611175537,-0.01943172886967659
1598,-0.6003025770187378,-0.4151235818862915,-0.04003628343343735
1599,-0.5368161201477051,-0.30712321400642395,-0.004831025376915932
1600,-0.5571216940879822,-0.34926319122314453,-0.018148483708500862
1601,-0.59307861328125,-0.3969227075576782,-0.08250511437654495
1602,-0.4518737494945526,-0.1694803088903427,0.03502575680613518
1603,-0.5750725269317627,-0.3069804310798645,-0.017900308594107628
1604,-0.548485517501831,-0.3398084044456482,-0.030074747279286385
1605,-0.5856578350067139,-0.3399994671344757,-0.027271803468465805
1606,-0.5159423351287842,-0.29257476329803467,0.009516803547739983
1607,-0.549202561378479,-0.22340665757656097,-0.024709971621632576
1608,-0.6159225106239319,-0.40488308668136597,-0.029147332534193993
1609,-0.5938823819160461,-0.42379143834114075,-0.07161189615726471
1610,-0.5025458335876465,-0.23494689166545868,0.03666331619024277
1611,-0.5820871591567993,-0.35517269372940063,-0.03355567902326584
1612,-0.5245993137359619,-0.2903672158718109,-0.01045307982712984
1613,-0.7781580686569214,-0.6461718678474426,-0.21921561658382416
1614,-0.5669892430305481,-0.34664076566696167,-0.03939838707447052
1615,-0.5872306227684021,-0.40459883213043213,-0.07997184991836548
1616,-1.1769205331802368,-1.1261188983917236,-0.48782283067703247
1617,-0.0923125296831131,0.3272702097892761,0.6670936942100525
1618,-1.0959261655807495,-1.027757167816162,-0.4545813202857971
1619,-0.7814820408821106,-0.6316432356834412,-0.22365212440490723
1620,-1.1195144653320312,-1.062516450881958,-0.4940072000026703
1621,-0.10808917135000229,0.14108328521251678,0.7245563268661499
1622,-1.0594160556793213,-1.0327181816101074,-0.3884156048297882
1623,-1.0235432386398315,-0.9318369030952454,-0.40349438786506653
1624,-1.0915762186050415,-0.9368731379508972,-0.16446740925312042
1625,-0.14857810735702515,0.15595164895057678,0.3853181004524231
1626,-1.1008965969085693,-1.0422760248184204,-0.48476728796958923
1627,-0.5716642141342163,-0.3076258897781372,-0.027164367958903313
1628,-0.5487964153289795,-0.2806563973426819,-0.016055544838309288
1629,-0.5458003878593445,-0.29921233654022217,-0.01895025745034218
1630,-0.610001266002655,-0.38089045882225037,-0.0385877899825573
1631,-0.5310322046279907,-0.3072401285171509,-0.007108740974217653
1632,-0.5645327568054199,-0.2643142342567444,-0.023654183372855186
1633,-0.5532066226005554,-0.27275195717811584,-0.022157708182930946
1634,-0.5826462507247925,-0.33107951283454895,-0.027320295572280884
1635,-0.5514960885047913,-0.3501761853694916,-0.028172872960567474
1636,-0.5479760766029358,-0.2360929399728775,-0.009412350133061409
1637,-0.5901357531547546,-0.3744349777698517,-0.0267926175147295
1638,-0.6099226474761963,-0.4329110383987427,-0.09717753529548645
1639,-0.54710853099823,-0.30271780490875244,-0.01596650294959545
1640,-0.5851529240608215,-0.337335467338562,-0.03265582025051117
1641,-0.766755998134613,-0.5801133513450623,-0.21678875386714935
1642,-0.5691856741905212,-0.3341681957244873,-0.03573042154312134
1643,-0.5845970511436462,-0.36280378699302673,-0.05446988716721535
1644,-1.153664469718933,-1.1229610443115234,-0.47047117352485657
1645,-0.30853405594825745,0.17647883296012878,0.5055581331253052
1646,-1.098591923713684,-1.0666238069534302,-0.45383191108703613
1647,-0.7754727602005005,-0.5987595319747925,-0.22513632476329803
1648,-1.1098713874816895,-1.069200873374939,-0.4796518385410309
1649,-0.2441236823797226,0.07002675533294678,0.8913100957870483
1650,-1.0558338165283203,-1.029574990272522,-0.3970583379268646
1651,-1.0092198848724365,-0.8138836622238159,-0.40199241042137146
1652,-1.0897356271743774,-1.0057649612426758,-0.32024046778678894
1653,-0.322387158870697,0.11698699742555618,0.34330034255981445
1654,-1.1014206409454346,-1.045324683189392,-0.47009366750717163
1655,-0.759346604347229,-0.5870625972747803,-0.2399401068687439
1656,-0.7498525977134705,-0.586374819278717,-0.22537009418010712
1657,-0.9116578698158264,-0.7764272689819336,-0.29841288924217224
1658,-0.6830027103424072,-0.48003387451171875,-0.14130450785160065
1659,-0.8560382723808289,-0.7094001173973083,-0.26415500044822693
1660,-0.7584164142608643,-0.5836334228515625,-0.24422511458396912
1661,-0.8526110053062439,-0.7731229066848755,-0.26864877343177795
1662,-0.8293216824531555,-0.6521319150924683,-0.2715979218482971
1663,-0.803849995136261,-0.6074880957603455,-0.25804603099823
1664,-0.9319454431533813,-0.731287956237793,-0.21011388301849365
1665,-0.7451376914978027,-0.5949808955192566,-0.1856337934732437
1666,-0.8659616112709045,-0.8093575835227966,-0.270190566778183
1667,-0.5936954021453857,-0.4178009331226349,-0.0667940005660057
1668,-0.7343288064002991,-0.5080112814903259,-0.19360914826393127
1669,-1.1163740158081055,-1.0968999862670898,-0.5035375356674194
1670,-0.5956206917762756,-0.36870867013931274,0.5501459240913391
1671,-1.1538492441177368,-1.0678012371063232,-0.4837333858013153
1672,-0.7662954926490784,-0.5882906317710876,-0.24334973096847534
1673,-1.1024266481399536,-1.0696243047714233,-0.48119544982910156
1674,-0.547103762626648,-0.4204951822757721,0.8876890540122986
1675,-1.2152682542800903,-1.0905431509017944,-0.5051815509796143
1676,-1.0333077907562256,-0.9393330812454224,-0.407869428396225
1677,-1.0913718938827515,-1.0091454982757568,-0.40557125210762024
1678,-0.789539635181427,-0.6047816276550293,0.1518121063709259
1679,-1.089802622795105,-1.0403823852539062,-0.48119544982910156
1680,-0.5703206658363342,-0.33271360397338867,-0.044727250933647156
1681,-0.7580557465553284,-0.6380512714385986,-0.2049700915813446
1682,-0.5940732359886169,-0.40898799896240234,-0.06266938894987106
1683,-0.703314483165741,-0.5218719244003296,-0.12127424031496048
1684,-0.61204594373703,-0.39827221632003784,-0.024075962603092194
1685,-0.7455525994300842,-0.5709555745124817,-0.20604629814624786
1686,-0.6001355051994324,-0.41580209136009216,-0.06656420975923538
1687,-0.6963151097297668,-0.48062509298324585,-0.1183241531252861
1688,-0.6394942998886108,-0.4728674292564392,-0.09699113667011261
1689,-0.769756555557251,-0.5945607423782349,-0.2410465031862259
1690,-0.5741327404975891,-0.3979107737541199,-0.015233603306114674
1691,-0.7709617614746094,-0.621372401714325,-0.23376505076885223
1692,-0.6069121956825256,-0.40245452523231506,-0.07220199704170227
1693,-1.1701552867889404,-1.121350646018982,-0.47246450185775757
1694,-0.2799481153488159,0.05650748312473297,0.5061402320861816
1695,-1.164113163948059,-1.0802158117294312,-0.44884195923805237
1696,-0.7601972222328186,-0.6096684336662292,-0.23963706195354462
1697,-1.1260565519332886,-1.0775623321533203,-0.48827922344207764
1698,-0.29524239897727966,0.0034033707343041897,0.7827171087265015
1699,-1.1528675556182861,-0.979967474937439,-0.42851680517196655
1700,-1.0152300596237183,-0.848284900188446,-0.39675217866897583
1701,-1.08168363571167,-1.059773564338684,-0.39680221676826477
1702,-0.3574940264225006,-0.08475768566131592,0.21864376962184906
1703,-1.1040483713150024,-1.0242884159088135,-0.42985495924949646
1704,-0.7609769701957703,-0.5992529392242432,-0.23714298009872437
1705,-0.6172983050346375,-0.4388110637664795,-0.07319515943527222
1706,-0.7523259520530701,-0.6055400371551514,-0.22722303867340088
1707,-0.7241767048835754,-0.515823483467102,-0.1768774539232254
1708,-0.7547257542610168,-0.5910677909851074,-0.22838810086250305
1709,-0.6057057976722717,-0.3961476981639862,-0.08080883324146271
1710,-0.7457015514373779,-0.5689241290092468,-0.21065351366996765
1711,-0.7305231094360352,-0.534336507320404,-0.22489167749881744
1712,-0.7678185105323792,-0.619890034198761,-0.2256471961736679
1713,-0.6144346594810486,-0.43869858980178833,-0.052408087998628616
1714,-0.7674685716629028,-0.6442266702651978,-0.23933617770671844
1715,-1.1347399950027466,-1.118707537651062,-0.4624064266681671
1716,-0.41859352588653564,-0.04867793247103691,0.6116402745246887
1717,-1.1321766376495361,-1.0321218967437744,-0.48406916856765747
1718,-0.7562047243118286,-0.5802422165870667,-0.23922793567180634
1719,-1.1204298734664917,-1.0723297595977783,-0.4957842230796814
1720,-0.39803576469421387,-0.18348148465156555,0.9841765761375427
1721,-1.1461056470870972,-1.0746668577194214,-0.48901304602622986
1722,-0.9970483779907227,-0.8207144737243652,-0.3900105655193329
1723,-1.0849183797836304,-0.9147953391075134,-0.12302102893590927
1724,-0.6150349378585815,-0.40353232622146606,0.16184690594673157
1725,-1.0965914726257324,-1.061221718788147,-0.4797009825706482
1726,-1.1801437139511108,-1.1640501022338867,-0.35717064142227173
1727,-1.0508811473846436,-1.0232741832733154,-0.4970097243785858
1728,-1.0980108976364136,-1.0437674522399902,-0.4774167239665985
1729,-1.0533610582351685,-1.0119343996047974,-0.5050390958786011
1730,-1.1633669137954712,-1.1473422050476074,-0.46184855699539185
1731,-1.0544191598892212,-1.0068299770355225,-0.48115405440330505
1732,-1.0918673276901245,-1.0709011554718018,-0.49705934524536133
1733,-1.0424832105636597,-0.9874778389930725,-0.4821126163005829
1734,-1.1741645336151123,-1.1582376956939697,-0.4730110466480255
1735,-1.034563660621643,-0.9934878349304199,-0.5052861571311951
1736,-0.2916783094406128,0.29025495052337646,0.4084501564502716
1737,-1.0411796569824219,-0.9712586402893066,-0.4870850443840027
1738,-0.9027673006057739,-0.7822265625,-0.3204267919063568
1739,-1.0449103116989136,-0.988261878490448,-0.48115405440330505
1740,-0.37350571155548096,0.1551729142665863,0.2814360558986664
1741,-1.0536730289459229,-0.957040011882782,-0.4981268644332886
1742,-1.1045373678207397,-0.901342511177063,-0.4514599144458771
1743,-1.0445003509521484,-0.9860314130783081,-0.439015656709671
1744,-0.41933220624923706,-0.1742079257965088,0.09806325286626816
1745,-1.0395060777664185,-0.9820971488952637,-0.4963740110397339
1746,-0.564265251159668,-0.3515329658985138,0.29993706941604614
1747,-0.3693382143974304,-0.0942491739988327,0.6480538249015808
1748,-0.3272090554237366,0.1692229062318802,0.3434295952320099
1749,0.010887165553867817,0.5200990438461304,0.793229877948761
1750,-0.2955142855644226,-0.010852121748030186,0.5542705059051514
1751,-0.6568982005119324,-0.4076138436794281,0.49089834094047546
1752,-0.30667632818222046,0.3067738115787506,0.4884719252586365
1753,0.007965701632201672,0.5707475543022156,0.7345876097679138
1754,-0.3013863265514374,0.053278472274541855,0.2652243375778198
1755,-1.0851430892944336,-1.0460270643234253,-0.4045034945011139
1756,-0.6496890187263489,-0.47099170088768005,-0.1681915670633316
1757,-1.1221637725830078,-1.0192794799804688,-0.48758167028427124
1758,0.019483249634504318,0.5411547422409058,0.7616785168647766
1759,-1.0736310482025146,-1.0036224126815796,-0.46579399704933167
1760,-0.9311460256576538,-0.7612887024879456,-0.36263659596443176
1761,-1.1278148889541626,-1.1096808910369873,-0.29516828060150146
1762,0.0035737946163862944,0.5193429589271545,0.5948615670204163
1763,-1.1015324592590332,-1.0422557592391968,-0.4917537569999695
1764,-1.1628106832504272,-1.0466395616531372,-0.4909069240093231
1765,-1.0609732866287231,-1.0303268432617188,-0.4870850443840027
1766,-1.0731654167175293,-1.041724681854248,-0.4540080428123474
1767,-1.1109662055969238,-1.0390830039978027,-0.4975023865699768
1768,-1.182649850845337,-1.0645790100097656,-0.47979384660720825
1769,-1.0499755144119263,-0.9383723735809326,-0.4963429570198059
1770,-1.0712357759475708,-1.0497665405273438,-0.4020024538040161
1771,-1.0544302463531494,-1.0302876234054565,-0.4963351786136627
1772,-0.8200645446777344,-0.6541954278945923,-0.2634824216365814
1773,-1.053666353225708,-1.0339961051940918,-0.48108023405075073
1774,-0.6176512837409973,-0.3851236402988434,0.25425270199775696
1775,-1.1329901218414307,-1.0276520252227783,-0.5049969553947449
1776,-1.1918188333511353,-0.9462462067604065,-0.47812092304229736
1777,-1.0374819040298462,-0.9993173480033875,-0.43980830907821655
1778,-0.7057518362998962,-0.46305543184280396,0.052382711321115494
1779,-1.0464446544647217,-1.0249401330947876,-0.4811245799064636
1780,-0.8568366169929504,-0.7628991007804871,-0.282072514295578
1781,-0.7076171636581421,-0.5636541843414307,-0.1682073175907135
1782,-0.7863072156906128,-0.5980865359306335,-0.2619055211544037
1783,-0.7848899364471436,-0.6080240607261658,-0.24952852725982666
1784,-0.8934690356254578,-0.7600775361061096,-0.2888791263103485
1785,-0.7089102864265442,-0.5744218826293945,-0.15565669536590576
1786,-0.8793463110923767,-0.7705884575843811,-0.26214107871055603
1787,-1.0937005281448364,-1.052656650543213,-0.4956985116004944
1788,-0.3918919265270233,-0.18791311979293823,0.9481148719787598
1789,-1.1881047487258911,-1.0644623041152954,-0.49029773473739624
1790,-0.9470686316490173,-0.8857675194740295,-0.42278361320495605
1791,-1.086019515991211,-1.012615442276001,-0.442105233669281
1792,-0.599660336971283,-0.4142855107784271,0.01561385951936245
1793,-1.0913058519363403,-0.9982894062995911,-0.49328848719596863
1794,-1.110418677330017,-1.0183690786361694,-0.45325344800949097
1795,-1.0491015911102295,-1.0103702545166016,-0.4962928295135498
1796,-1.0780096054077148,-1.0303385257720947,-0.48741084337234497
1797,-1.0410494804382324,-1.001015543937683,-0.5024998188018799
1798,-1.108856439590454,-1.1082980632781982,-0.4868123233318329
1799,-1.044743537902832,-0.9992449283599854,-0.47955745458602905
1800,-0.3683983385562897,-0.007593490649014711,0.2116357535123825
1801,-1.0602647066116333,-0.9999960064888,-0.5052620768547058
1802,-1.096000075340271,-0.921535313129425,-0.47830930352211
1803,-1.0397049188613892,-0.9965451955795288,-0.4401552081108093
1804,-0.48510658740997314,-0.2402454912662506,0.04428792744874954
1805,-1.0462690591812134,-1.0053911209106445,-0.4810388386249542
1806,-0.46405908465385437,-0.25766244530677795,0.28497314453125
1807,-0.6443085074424744,-0.4004657566547394,0.8585286736488342
1808,-0.3623903691768646,0.13477782905101776,0.32056209444999695
1809,0.005322241224348545,0.46429163217544556,0.7119433283805847
1810,-0.3929181694984436,-0.07136456668376923,0.16145747900009155
1811,-1.0659316778182983,-0.9274196624755859,-0.4064193367958069
1812,-1.0005487203598022,-0.8437830209732056,-0.3921765387058258
1813,-1.12163245677948,-1.0843147039413452,-0.35095494985580444
1814,0.009195363149046898,0.4780527651309967,0.616848886013031
1815,-1.1024692058563232,-1.0404483079910278,-0.48042237758636475
1816,-1.2263084650039673,-1.034566044807434,-0.48741084337234497
1817,-1.0355814695358276,-0.9232211112976074,-0.4892440736293793
1818,-1.0743367671966553,-0.986632764339447,-0.4597839415073395
1819,-1.0393470525741577,-0.9286640882492065,-0.4806051552295685
1820,-1.2158035039901733,-0.9991273283958435,-0.44713294506073
1821,-1.0457698106765747,-0.9750081896781921,-0.43038201332092285
1822,-0.5090554356575012,-0.33182767033576965,0.044284068048000336
1823,-1.0416829586029053,-0.9972367882728577,-0.4962928295135498
1824,-1.0522147417068481,-0.8416654467582703,-0.44701096415519714
1825,-1.0371659994125366,-1.003485918045044,-0.427865207195282
1826,-1.0940214395523071,-0.9046005606651306,-0.4581478536128998
1827,-1.0813783407211304,-0.9883583188056946,-0.4234890341758728
1828,-0.7595449686050415,-0.6234888434410095,0.007089718710631132
1829,-1.0748672485351562,-1.0189915895462036,-0.48119544982910156
1830,-1.0989115238189697,-0.9319095015525818,-0.2828408181667328
1831,-1.0371677875518799,-0.9771416783332825,-0.5039844512939453
1832,-0.40346550941467285,-0.16352401673793793,0.15718574821949005
1833,-1.037583589553833,-0.9547194242477417,-0.4836791753768921
1834,-0.49093037843704224,-0.29552075266838074,0.03904661536216736
1835,-1.0936874151229858,-1.0555391311645508,-0.4808635413646698
