,q05,q50,q95
0,-0.20554973185062408,0.3471493721008301,0.5542254447937012
1,-0.08212146908044815,0.40290969610214233,0.45228713750839233
2,-0.26589661836624146,0.21536143124103546,0.4528449475765228
3,0.008296740241348743,0.5790328979492188,0.9686319828033447
4,0.00994859542697668,0.7578684091567993,0.8447510600090027
5,-0.5659911632537842,-0.2749952971935272,0.2209193855524063
6,-1.3827956914901733,-0.9304797053337097,-0.20059245824813843
7,-0.4108477234840393,-0.06901305913925171,0.273250937461853
8,-0.641094446182251,-0.36588385701179504,0.07082254439592361
9,0.007543252315372229,0.6166430115699768,0.6493321657180786
10,-1.0438294410705566,-1.0156171321868896,-0.4545772671699524
11,0.019610358402132988,0.6522883176803589,0.7639491558074951
12,-0.5452842712402344,-0.2860560715198517,-0.003908783197402954
13,-0.9132306575775146,-0.7948019504547119,-0.3411242663860321
14,-0.9326745867729187,-0.7930585145950317,-0.25615859031677246
15,-1.0898748636245728,-0.9925228953361511,-0.38720446825027466
16,-0.6842775344848633,-0.3122369050979614,-0.06331290304660797
17,0.008296740241348743,0.60756915807724,0.8733648061752319
18,-0.5119264721870422,-0.26926401257514954,-0.020690206438302994
19,-0.5272727608680725,-0.28260353207588196,-0.012909764423966408
20,-0.8056970238685608,-0.5980868935585022,-0.23887844383716583
21,-0.5682563185691833,-0.33708903193473816,-0.011371776461601257
22,-0.680777370929718,-0.4259789288043976,-0.07008658349514008
23,-1.0258256196975708,-0.978831946849823,-0.42729684710502625
24,0.024850839748978615,0.6615636944770813,0.8678954243659973
25,-1.1167728900909424,-1.0129553079605103,-0.44561201333999634
26,-0.7636549472808838,-0.5972263813018799,-0.23108109831809998
27,-1.030950903892517,-1.005135178565979,-0.4442909061908722
28,0.019610358402132988,0.6576405167579651,0.7713523507118225
29,-1.0356066226959229,-0.9876203536987305,-0.4143725037574768
30,-1.1596039533615112,-0.9622355103492737,-0.45297783613204956
31,-1.0243626832962036,-0.9791706204414368,-0.39770469069480896
32,-0.005024461075663567,0.5188214778900146,0.5846661329269409
33,-1.0330111980438232,-0.9933913350105286,-0.47873973846435547
34,-0.11077548563480377,0.3058890700340271,0.4391024112701416
35,-0.20984235405921936,0.3092988431453705,0.43191587924957275
36,0.0057581705041229725,0.5254901051521301,0.7283358573913574
37,0.019099002704024315,0.6667415499687195,0.7273166179656982
38,-0.5413053631782532,-0.3198431730270386,0.33130186796188354
39,-0.26001137495040894,0.1743093878030777,0.386661559343338
40,-0.5500133037567139,-0.311480313539505,0.03942006453871727
41,0.009446325711905956,0.5685459971427917,0.7177159786224365
42,-0.8284745216369629,-0.7507365345954895,-0.25168561935424805
43,0.008296740241348743,0.6482529640197754,0.7030327916145325
44,0.0073982649482786655,0.5963162779808044,0.7255135178565979
45,-0.589855432510376,-0.41134944558143616,0.048986926674842834
46,-0.8360230922698975,-0.5991834998130798,-0.19479387998580933
47,-0.3913642466068268,-0.23057083785533905,0.5712473392486572
48,-0.6900909543037415,-0.5859160423278809,-0.03243332356214523
49,-0.7963556051254272,-0.6460692286491394,-0.1339288055896759
50,-0.5422177910804749,-0.28660938143730164,0.2795209288597107
51,-0.6470208764076233,-0.4621518850326538,-0.00590134784579277
52,0.02246270515024662,0.5595685839653015,0.7312958240509033
53,-0.49473345279693604,-0.19062328338623047,0.028800519183278084
54,-0.5119640827178955,-0.24377596378326416,0.09111259132623672
55,-0.6691878437995911,-0.43326646089553833,0.18692710995674133
56,-0.559370756149292,-0.3717821538448334,0.12040533870458603
57,-0.5997326970100403,-0.4240216314792633,0.007476473227143288
58,-0.8265559673309326,-0.7094634175300598,-0.24545326828956604
59,0.00994859542697668,0.518589198589325,0.7236600518226624
60,-0.8048309087753296,-0.7285293340682983,-0.1281171441078186
61,-0.6007616519927979,-0.3942866325378418,0.09863805025815964
62,-0.8407740592956543,-0.6836794018745422,-0.2544364333152771
63,0.019099002704024315,0.5837220549583435,0.7646569013595581
64,-0.8057646751403809,-0.6689889430999756,-0.16240328550338745
65,-0.7928438782691956,-0.6889026165008545,-0.06662993878126144
66,-0.8029910922050476,-0.6633068919181824,-0.23113930225372314
67,-0.0030749139841645956,0.40864047408103943,0.5749244689941406
68,-0.8482158184051514,-0.7352626323699951,-0.2559245824813843
69,-0.14508508145809174,0.3134884536266327,0.5110013484954834
70,-0.06685282289981842,0.29542338848114014,0.47473427653312683
71,-0.08003608882427216,0.32813093066215515,0.45030495524406433
72,-0.5386412143707275,-0.3841901421546936,0.04990395903587341
73,-0.6093336343765259,-0.4112911820411682,-0.05240001156926155
74,-0.17244304716587067,0.21956656873226166,0.44677379727363586
75,-0.5434382557868958,-0.34201979637145996,0.1568298041820526
76,-0.08126269280910492,0.3301036059856415,0.47865059971809387
77,-0.7588816285133362,-0.6737924814224243,-0.22359265387058258
78,-0.128649041056633,0.19239264726638794,0.4524761438369751
79,-0.06894267350435257,0.27530747652053833,0.4588603973388672
80,-0.5917589664459229,-0.4075126349925995,-0.003078893758356571
81,-0.7905958890914917,-0.6281828284263611,-0.2657431662082672
82,-0.29555270075798035,-0.1034967377781868,0.10468798130750656
83,-0.6412191987037659,-0.4464322030544281,-0.08380501717329025
84,-0.6645113229751587,-0.5309739708900452,-0.03890996426343918
85,-0.32676610350608826,-0.053275831043720245,0.38466838002204895
86,-0.6484870314598083,-0.43804723024368286,-0.01832006499171257
87,-0.12412013858556747,0.1412087380886078,0.40937677025794983
88,-0.26326698064804077,0.10258600860834122,0.39896345138549805
89,-0.4257826507091522,0.024880919605493546,0.3372178375720978
90,-0.7033454179763794,-0.5298195481300354,-0.10449900478124619
91,-0.5897117257118225,-0.23692280054092407,0.08213818818330765
92,-0.6085448861122131,-0.3907507359981537,-0.011023134924471378
93,-0.8450770378112793,-0.7807953953742981,-0.36200371384620667
94,-0.08126269280910492,0.29436028003692627,0.4679044187068939
95,-0.7358022332191467,-0.5740680694580078,-0.05280940979719162
96,-0.6120023727416992,-0.4052320718765259,-0.026363162323832512
97,-0.6977682113647461,-0.6136624813079834,-0.19832786917686462
98,-0.6284844279289246,-0.4543210566043854,-0.037409741431474686
99,-0.7067087888717651,-0.4935435950756073,-0.07956720143556595
100,-0.794730544090271,-0.6827502250671387,-0.17861559987068176
101,-0.08003608882427216,0.3622942268848419,0.47315630316734314
102,-0.7123171091079712,-0.6479858160018921,-0.16481773555278778
103,-0.0012448581401258707,0.40075159072875977,0.5457265973091125
104,-0.00013090658467262983,0.45609724521636963,0.7400624752044678
105,-0.5088407397270203,-0.13226711750030518,0.05298428237438202
106,-0.2895783483982086,0.15388217568397522,0.34757956862449646
107,-0.5037354230880737,-0.08367004990577698,0.22729043662548065
108,-0.8209572434425354,-0.7099936604499817,-0.23585107922554016
109,0.007096282206475735,0.5524834394454956,0.5459348559379578
110,0.009446325711905956,0.4484024941921234,0.6066916584968567
111,-0.5660988688468933,-0.33066484332084656,0.012873548083007336
112,-0.7605647444725037,-0.5837523937225342,-0.10428961366415024
113,-0.3724518120288849,0.03218105807900429,0.6754528880119324
114,-0.6918347477912903,-0.5168363451957703,0.42587581276893616
115,-0.7579249739646912,-0.5568134784698486,0.0097872419282794
116,-0.5120382308959961,-0.06695972383022308,0.17131981253623962
117,-0.012429711408913136,0.3609725534915924,0.5666442513465881
118,-0.48839858174324036,-0.13107945024967194,0.1575118452310562
119,-0.49241235852241516,-0.19923606514930725,0.13312283158302307
120,-0.6602286100387573,-0.4598974883556366,0.002748577855527401
121,-0.5462584495544434,-0.24061910808086395,0.06153847277164459
122,-0.7928977608680725,-0.6238685846328735,-0.20990929007530212
123,0.02246270515024662,0.47722750902175903,0.5505384802818298
124,-0.7975488901138306,-0.7375275492668152,0.24052898585796356
125,-0.792312741279602,-0.5906264185905457,-0.2209898680448532
126,-0.003324508434161544,0.4881632328033447,0.583550751209259
127,-0.7530496120452881,-0.6330522298812866,0.08943323791027069
128,-0.752823531627655,-0.551392674446106,-0.022647999227046967
129,-0.7928457856178284,-0.6171992421150208,-0.13701745867729187
130,-0.09199145436286926,0.43661871552467346,0.6713346242904663
131,-0.8148193955421448,-0.7204192280769348,-0.23024453222751617
132,-0.03030305728316307,0.4313648045063019,0.8518543243408203
133,0.00467292033135891,0.5588740110397339,0.7434477210044861
134,-0.6661093831062317,-0.3099658489227295,0.08088549971580505
135,0.024850839748978615,0.795384407043457,0.9122346043586731
136,0.008296740241348743,0.6672618389129639,0.9210361838340759
137,-0.5010491609573364,-0.3008006513118744,0.25341662764549255
138,-0.47452080249786377,-0.1243695542216301,-0.03724946081638336
139,-0.2909162938594818,0.0064291744492948055,1.8437905311584473
140,-0.7543034553527832,-0.37251555919647217,0.03953612968325615
141,-0.7339131236076355,-0.4131847023963928,0.07690750062465668
142,-0.6740297079086304,-0.46819090843200684,0.1210666298866272
143,0.008296740241348743,0.5650686025619507,0.8640199899673462
144,-0.23849904537200928,0.23196415603160858,0.6509124040603638
145,-0.34934237599372864,0.03767839074134827,0.44219160079956055
146,-0.73812335729599,-0.5132048726081848,0.18575358390808105
147,-0.4844287633895874,-0.23114924132823944,0.4361560642719269
148,-0.47043123841285706,-0.25028568506240845,0.2578491270542145
149,-0.5446510910987854,-0.25871923565864563,-0.028930066153407097
150,0.024850839748978615,0.6857296824455261,0.8306817412376404
151,-0.6274132132530212,-0.3809143304824829,0.37342968583106995
152,-0.557941198348999,-0.3395030200481415,-0.0279249157756567
153,0.011625335551798344,0.7513537406921387,0.8510892391204834
154,-0.6199681162834167,-0.28916722536087036,0.37563103437423706
155,-0.753876805305481,-0.5373630523681641,0.016149520874023438
156,-0.5606451034545898,-0.28357386589050293,-0.09362516552209854
157,-0.6116393208503723,-0.3243022859096527,-0.016599377617239952
158,-0.05057382211089134,0.3124992549419403,0.47294408082962036
159,-0.5174810290336609,-0.2941281497478485,0.32104119658470154
160,0.024850839748978615,0.6276607513427734,0.6919558644294739
161,-0.8492146134376526,-0.783778727054596,-0.22157244384288788
162,0.00994859542697668,0.7943092584609985,0.8776150941848755
163,0.019610358402132988,0.7371823191642761,0.7650783658027649
164,-0.643986701965332,-0.46350935101509094,0.03861067444086075
165,-0.7428562641143799,-0.5402372479438782,-0.19419029355049133
166,-0.3076770603656769,-0.14374446868896484,1.2521787881851196
167,-0.6841846704483032,-0.45496323704719543,0.107232965528965
168,-0.7561113834381104,-0.7071681022644043,0.1540566086769104
169,-0.47271329164505005,-0.2776831090450287,0.339278906583786
170,0.008296740241348743,0.6928631067276001,0.7583475708961487
171,-0.35704609751701355,0.014026230201125145,0.29354363679885864
172,-0.4566361606121063,-0.1473783254623413,0.24910961091518402
173,-0.8254302740097046,-0.6847326755523682,0.007163228001445532
174,-0.578194260597229,-0.35134637355804443,0.07842042297124863
175,-0.6119963526725769,-0.4382512867450714,0.17235954105854034
176,-0.8293023705482483,-0.7170165777206421,-0.23394908010959625
177,0.00994859542697668,0.6527910828590393,0.7448609471321106
178,-0.831706166267395,-0.780343770980835,-0.10069700330495834
179,-0.8408285975456238,-0.7105703353881836,-0.20552591979503632
180,0.01109318807721138,0.695766031742096,0.7511621713638306
181,-0.7772245407104492,-0.7297540903091431,0.33528268337249756
182,-0.8237104415893555,-0.6906580328941345,-0.07668309658765793
183,-0.8361260294914246,-0.6208896636962891,-0.20548304915428162
184,0.024850839748978615,0.575044572353363,0.6355805993080139
185,-0.8445254564285278,-0.786803662776947,-0.218092143535614
186,-0.8474444150924683,-0.6670153141021729,-0.15841330587863922
187,-0.5683726668357849,-0.32556426525115967,-0.005208040587604046
188,-0.47353774309158325,-0.19862224161624908,0.22004668414592743
189,-0.8098331689834595,-0.6630677580833435,-0.24364149570465088
190,-0.5438755750656128,-0.25474366545677185,0.17887450754642487
191,-0.45572057366371155,-0.22921858727931976,0.340808242559433
192,-0.5711269974708557,-0.2844608724117279,-0.021283185109496117
193,-0.879426896572113,-0.6146730780601501,-0.040815114974975586
194,-0.7719563841819763,-0.6445888876914978,-0.2381502240896225
195,-0.5678259134292603,-0.340501606464386,0.0008731341222301126
196,-0.6293787360191345,-0.35940754413604736,-0.0034016829449683428
197,-0.42000338435173035,-0.1666218787431717,0.565556526184082
198,-0.5493478775024414,-0.30089619755744934,0.03310449793934822
199,-0.5587353706359863,-0.28814855217933655,-0.027406757697463036
200,-0.7305953502655029,-0.5657780170440674,-0.13044503331184387
201,-0.5662748217582703,-0.29317575693130493,0.11812667548656464
202,-0.5914396047592163,-0.3800102770328522,0.08900585770606995
203,-0.8787255883216858,-0.7745556235313416,-0.3610158860683441
204,-0.34123310446739197,-0.05981859192252159,0.4030808210372925
205,-0.9102569818496704,-0.6915185451507568,-0.2594571113586426
206,-0.48428696393966675,-0.23064984381198883,0.62532639503479
207,-0.8089572787284851,-0.6543881297111511,-0.2521058917045593
208,-0.8007886409759521,-0.664629340171814,-0.2513800859451294
209,-0.8555275797843933,-0.7233474850654602,-0.23297391831874847
210,-0.538847029209137,-0.4052523672580719,0.2123681902885437
211,-0.8087735772132874,-0.6222621202468872,-0.24318699538707733
212,-0.7537299990653992,-0.4954460561275482,-0.09980402886867523
213,-1.8747068643569946,-0.7352838516235352,-0.2806676924228668
214,-0.6779694557189941,-0.4596819579601288,0.280142217874527
215,-1.0115782022476196,-0.7933376431465149,-0.10087703913450241
216,-1.0290439128875732,-0.6198453903198242,-0.24442961812019348
217,-0.8335349559783936,-0.6215696930885315,0.03076830320060253
218,-0.8748944997787476,-0.7401027083396912,-0.2797739803791046
219,-0.925891637802124,-0.8081956505775452,-0.28510040044784546
220,-1.0179857015609741,-0.8231602311134338,-0.010168073698878288
221,-0.7819754481315613,-0.6288310289382935,-0.27550008893013
222,-0.6284712553024292,-0.3633784353733063,0.15122461318969727
223,-0.7874248027801514,-0.4795873165130615,-0.1585061401128769
224,-0.737973690032959,-0.5191016793251038,-0.14875008165836334
225,-0.8848288059234619,-0.6434540152549744,-0.29937607049942017
226,-0.8038092255592346,-0.5978661775588989,-0.1924656331539154
227,-0.7565751671791077,-0.6371470093727112,-0.2663763165473938
228,-1.016801357269287,-0.778252124786377,-0.1684565544128418
229,-0.8836494088172913,-0.3312619924545288,0.2337460070848465
230,-1.017871379852295,-0.857559323310852,-0.3086652457714081
231,-0.8981939554214478,-0.7001039385795593,-0.2821303606033325
232,-1.0292465686798096,-0.8698632121086121,-0.3460351824760437
233,-0.8284391164779663,-0.4384779930114746,0.5828186869621277
234,-1.1181161403656006,-0.8903552293777466,-0.3464067876338959
235,-1.0279903411865234,-0.7448925375938416,-0.3370269536972046
236,-0.7660364508628845,-0.5022285580635071,0.12305772304534912
237,-1.0191730260849,-0.7257929444313049,-0.04602457955479622
238,-0.5520281791687012,-0.311733216047287,0.08693692833185196
239,-0.15311428904533386,0.23966196179389954,0.5180863738059998
240,-0.8159993886947632,-0.7730271816253662,-0.2336018830537796
241,-0.12789766490459442,0.2906953990459442,0.5130939483642578
242,-0.1528835892677307,0.18743766844272614,0.582602322101593
243,-0.5807507634162903,-0.340432733297348,-0.014065321534872055
244,-0.8419120907783508,-0.5786352753639221,-0.20689448714256287
245,-0.4765559136867523,-0.33185097575187683,0.14740833640098572
246,-0.682202160358429,-0.5561225414276123,-0.05703926086425781
247,-0.8049699068069458,-0.6451476812362671,-0.1044207438826561
248,-0.5520268678665161,-0.3338351845741272,-0.01470582652837038
249,-0.6254229545593262,-0.41019535064697266,-0.010744080878794193
250,-0.18848049640655518,0.13919994235038757,0.5611864924430847
251,-0.5191919207572937,-0.20267996191978455,-0.030147293582558632
252,-0.5204668641090393,-0.23850341141223907,-0.018229268491268158
253,-0.6429146528244019,-0.4185449481010437,0.15874356031417847
254,-0.5644832253456116,-0.3633134961128235,0.040626514703035355
255,-0.6022897362709045,-0.4229983985424042,-0.02076549269258976
256,-0.824621856212616,-0.7294535636901855,-0.2285350263118744
257,-0.16115042567253113,0.20849846303462982,0.5597497820854187
258,-0.7946469783782959,-0.7215621471405029,-0.13532333076000214
259,-0.5983744263648987,-0.4063635766506195,0.10484214127063751
260,-0.8399457335472107,-0.6987068057060242,-0.24380731582641602
261,-0.13836896419525146,0.13938286900520325,0.5558207631111145
262,-0.8142513036727905,-0.6907590627670288,-0.17578229308128357
263,-0.7788641452789307,-0.6572393774986267,0.019183330237865448
264,-0.8031267523765564,-0.6565949320793152,-0.1613422930240631
265,-0.24508723616600037,0.020935310050845146,0.3216569721698761
266,-0.818605363368988,-0.7332313060760498,-0.24554380774497986
267,-0.5256984233856201,-0.24500195682048798,0.17720673978328705
268,-0.8872537016868591,-0.8069164752960205,-0.31470245122909546
269,-0.49297451972961426,-0.10760243982076645,0.4674283266067505
270,-0.4695208668708801,-0.161924347281456,0.4484270215034485
271,-0.5982908010482788,-0.23599760234355927,0.13182957470417023
272,-0.8816412091255188,-0.5784679055213928,-0.19438514113426208
273,-0.8023906946182251,-0.6685893535614014,-0.26473793387413025
274,-0.531403660774231,-0.1154123842716217,0.3401458263397217
275,-0.7053766250610352,-0.38280197978019714,-0.06111292541027069
276,-0.48025739192962646,-0.17319832742214203,0.6309821605682373
277,-0.5330817103385925,-0.12578679621219635,0.18942169845104218
278,-0.532504141330719,-0.11476020514965057,0.5654526352882385
279,-0.5828303694725037,-0.3163536489009857,0.12245587259531021
280,-0.6928390860557556,-0.4104219973087311,0.30680912733078003
281,-0.9110916256904602,-0.778618335723877,-0.3549613654613495
282,-0.4817553162574768,-0.09917088598012924,0.36647936701774597
283,-0.7982538938522339,-0.6286388635635376,-0.2580474615097046
284,-0.751239538192749,-0.5484133362770081,-0.1794067919254303
285,-0.9028971791267395,-0.836166501045227,-0.2792254686355591
286,-0.5048322677612305,-0.16395901143550873,0.4937645494937897
287,-0.792677640914917,-0.587243378162384,-0.25099053978919983
288,-0.7844796180725098,-0.6445494294166565,-0.24617090821266174
289,-0.8795390725135803,-0.6844955682754517,-0.2105303555727005
290,-0.5256190896034241,-0.2555132508277893,0.22918163239955902
291,-0.8822650909423828,-0.7792308330535889,-0.3312375545501709
292,-0.7344706654548645,-0.5769339203834534,-0.09909608960151672
293,0.007543252315372229,0.6098822355270386,0.6367753744125366
294,0.024850839748978615,0.5960891246795654,0.684420645236969
295,-0.6270742416381836,-0.34595662355422974,0.1589258760213852
296,-0.6614174842834473,-0.37666812539100647,-0.06770744919776917
297,-0.1817607581615448,0.16264718770980835,0.4953697919845581
298,-0.6349089741706848,-0.4256196916103363,-0.05960388109087944
299,-0.6737435460090637,-0.48621228337287903,-0.03557738661766052
300,-0.352459192276001,0.011929964646697044,0.3479328155517578
301,-0.711532711982727,-0.4703231751918793,0.04392671585083008
302,0.007011104840785265,0.529693067073822,0.6659033894538879
303,-0.2510058581829071,0.25603434443473816,0.3837493062019348
304,-0.31508976221084595,0.08416147530078888,0.41241875290870667
305,-0.7195875644683838,-0.5035235285758972,-0.06484155356884003
306,-0.5346508622169495,-0.23118656873703003,0.1364087611436844
307,-0.7383010983467102,-0.5661646723747253,-0.2037053257226944
308,0.024850839748978615,0.5565718412399292,0.6791462898254395
309,-0.718842089176178,-0.5504182577133179,-0.11854136735200882
310,-0.5964324474334717,-0.3567136526107788,0.31374266743659973
311,-0.6689304113388062,-0.46500903367996216,-0.14003583788871765
312,0.007129340432584286,0.49230924248695374,0.7057631015777588
313,-0.6025640964508057,-0.4497308135032654,0.48092737793922424
314,-0.7180099487304688,-0.4934006333351135,-0.0805554911494255
315,-0.7444319725036621,-0.502358615398407,-0.20935791730880737
316,0.001417027902789414,0.5780503749847412,0.6241356730461121
317,-0.7137134075164795,-0.5497376918792725,-0.1856229156255722
318,-0.8445497155189514,-0.7411365509033203,-0.23006539046764374
319,-0.778572678565979,-0.6230480670928955,-0.24590609967708588
320,-0.9078459143638611,-0.7146227955818176,-0.4305128753185272
321,-0.9474202990531921,-0.8557074069976807,-0.4653542637825012
322,-1.0471959114074707,-0.9542378187179565,-0.4413496255874634
323,-1.0298117399215698,-0.9951702356338501,-0.47550660371780396
324,-0.9313523769378662,-0.7268938422203064,-0.35346680879592896
325,-1.0093858242034912,-0.9553107619285583,-0.4446509778499603
326,-0.6803662180900574,-0.4211869239807129,-0.11841518431901932
327,-0.8769147992134094,-0.587460458278656,-0.2920123040676117
328,-0.8877847194671631,-0.5430517196655273,-0.31750011444091797
329,-0.9990915656089783,-0.9347766041755676,-0.4947297275066376
330,-0.9059393405914307,-0.6724790334701538,-0.3594294488430023
331,-0.9815504550933838,-0.7976073026657104,-0.34974366426467896
332,-1.0199750661849976,-0.9681807160377502,-0.4975229799747467
333,-0.7370175719261169,-0.4812506139278412,-0.11634597927331924
334,-1.0450186729431152,-0.9871865510940552,-0.49931642413139343
335,-0.986572802066803,-0.9193761944770813,-0.49382922053337097
336,-1.0305514335632324,-0.9978031516075134,-0.43021470308303833
337,-0.7651636600494385,-0.6623827815055847,-0.23178747296333313
338,-1.013106346130371,-0.9730392694473267,-0.49734219908714294
339,-1.034314751625061,-0.9939152002334595,-0.4918373227119446
340,-1.0201033353805542,-0.979534924030304,-0.4818281829357147
341,-0.8751595616340637,-0.8425282835960388,-0.3064909279346466
342,-1.0256744623184204,-0.9808482527732849,-0.49348992109298706
343,0.00994859542697668,0.845919132232666,0.9171625375747681
344,-0.768490195274353,-0.5206530690193176,-0.11305242031812668
345,-0.2639734745025635,0.08412767946720123,0.48341286182403564
346,-0.7538763284683228,-0.4643611013889313,0.043200794607400894
347,-0.7971785068511963,-0.6243306398391724,0.3069968819618225
348,-0.4519604444503784,-0.16296492516994476,0.27345579862594604
349,0.024850839748978615,0.7484334707260132,0.8818256258964539
350,-0.37857377529144287,0.04433341696858406,0.3748840391635895
351,-0.512711226940155,-0.09670164436101913,0.24112777411937714
352,-0.5733740925788879,-0.3547341525554657,0.18711671233177185
353,-0.807843804359436,-0.6699393391609192,-0.173831045627594
354,-0.8206060528755188,-0.7146838307380676,-0.1267576813697815
355,-0.7958630323410034,-0.6812295317649841,-0.12260576337575912
356,0.008296740241348743,0.668214738368988,0.8240810036659241
357,-0.7994092702865601,-0.6590548753738403,-0.18319672346115112
358,-0.8346641063690186,-0.7283578515052795,-0.1891694962978363
359,-0.6249183416366577,-0.41581618785858154,0.15828390419483185
360,-0.682482123374939,-0.48567745089530945,-0.14656101167201996
361,-0.24947553873062134,-0.04623689129948616,0.7819992303848267
362,-0.6460038423538208,-0.4434516131877899,-0.01142876222729683
363,-0.6907382011413574,-0.5205385684967041,-0.09265567362308502
364,-0.3373435437679291,-0.006534982938319445,0.6275505423545837
365,-0.6576091051101685,-0.49893924593925476,-0.04192204028367996
366,0.024850839748978615,0.6908211708068848,0.7552419304847717
367,-0.23494312167167664,0.2009851336479187,0.5168227553367615
368,-0.345086932182312,0.06655821949243546,0.4195088744163513
369,-0.5437374114990234,-0.30981767177581787,0.20720641314983368
370,-0.6178687810897827,-0.42023059725761414,0.06928527355194092
371,-0.7321955561637878,-0.5351123213768005,-0.1785096377134323
372,0.008296740241348743,0.6099457740783691,0.7553197145462036
373,-0.7038743495941162,-0.5846105813980103,-0.13105660676956177
374,-0.5886695981025696,-0.3871800899505615,0.39974015951156616
375,-0.6952201724052429,-0.5301755666732788,-0.16852498054504395
376,0.01109318807721138,0.7109086513519287,0.7775505781173706
377,-0.6255204677581787,-0.4630781412124634,0.17226238548755646
378,-0.7303553819656372,-0.5192098617553711,-0.07897553592920303
379,-0.7421692609786987,-0.5279250144958496,-0.1755865067243576
380,0.017512399703264236,0.5228561758995056,0.6872766017913818
381,-0.7218179106712341,-0.5820220708847046,-0.21177051961421967
382,-0.9030236601829529,-0.7045314908027649,-0.06911439448595047
383,-0.6899464130401611,-0.4468896687030792,-0.15724696218967438
384,-0.7390874624252319,-0.5259428024291992,-0.2009941041469574
385,-0.7545852661132812,-0.5807049870491028,-0.2153468281030655
386,-0.5533782243728638,-0.28220224380493164,0.0009455435792915523
387,-0.5642417073249817,-0.24854788184165955,-0.028562474995851517
388,-0.5546406507492065,-0.31484919786453247,0.1643829196691513
389,-0.555936336517334,-0.3179526925086975,0.0003292647306807339
390,-0.5523284077644348,-0.32548055052757263,-0.01751045510172844
391,-0.6513205170631409,-0.42705127596855164,-0.12411411106586456
392,-0.5509995818138123,-0.2854415476322174,-0.016160959377884865
393,-0.5617856383323669,-0.3009799122810364,-0.026570171117782593
394,-0.8874179720878601,-0.7865337133407593,-0.3786188066005707
395,-0.474162220954895,-0.3305773437023163,0.08075562119483948
396,-0.767295777797699,-0.6089989542961121,-0.20432020723819733
397,-0.6546705365180969,-0.45061537623405457,-0.15333521366119385
398,-0.8299620151519775,-0.6079779863357544,-0.2213413566350937
399,-0.5946714878082275,-0.3824533522129059,-0.040388595312833786
400,-0.750424861907959,-0.5667334198951721,-0.21929970383644104
401,-0.7528641223907471,-0.5687804818153381,-0.20479005575180054
402,-0.901121973991394,-0.7771443724632263,-0.20661737024784088
403,-0.6062400937080383,-0.41412675380706787,-0.011722233146429062
404,-0.8544316291809082,-0.6732277870178223,-0.23142828047275543
405,-0.8550628423690796,-0.6903933882713318,-0.23463085293769836
406,-0.8813018202781677,-0.7716407775878906,-0.3407849371433258
407,-0.9170217514038086,-0.859380841255188,-0.43225282430648804
408,-0.8015793561935425,-0.48937004804611206,0.32266923785209656
409,-0.9006587862968445,-0.7918229103088379,-0.18195869028568268
410,-0.6334893107414246,-0.36369258165359497,0.1144266128540039
411,-0.7965627312660217,-0.49614179134368896,-0.10335028916597366
412,-0.7829393744468689,-0.4780958890914917,-0.10481375455856323
413,-0.9194341897964478,-0.7657864689826965,-0.19611670076847076
414,-0.8505168557167053,-0.7013146281242371,-0.11986145377159119
415,-0.8530942797660828,-0.7691701054573059,-0.17934878170490265
416,-0.931105375289917,-0.8258069753646851,-0.40875014662742615
417,-0.6846703290939331,-0.31833410263061523,-0.14042799174785614
418,-0.9067398309707642,-0.8216970562934875,-0.39441540837287903
419,-0.8777267336845398,-0.7601796388626099,-0.17511191964149475
420,-0.8658126592636108,-0.6938655972480774,-0.18193767964839935
421,-0.6726117134094238,-0.5010455250740051,-0.23849701881408691
422,-0.9016178846359253,-0.7853211760520935,-0.35413414239883423
423,-0.9191126227378845,-0.7944879531860352,-0.24501070380210876
424,-0.9169049859046936,-0.8005588054656982,-0.3974416255950928
425,-0.7542842626571655,-0.4220305383205414,-0.11286605149507523
426,-0.9294329285621643,-0.8265399932861328,-0.36254313588142395
427,-0.8215494155883789,-0.5716507434844971,-0.24783030152320862
428,-1.009690284729004,-0.8248726725578308,-0.2993609309196472
429,-0.3650018572807312,0.0071251001209020615,1.0409386157989502
430,-0.805976152420044,-0.6330695748329163,-0.22044552862644196
431,-0.6924147009849548,-0.48304277658462524,-0.08599025011062622
432,-0.7589533925056458,-0.5472250580787659,-0.01952020637691021
433,-1.0072193145751953,-0.7242307662963867,-0.2718524932861328
434,-0.49083462357521057,0.058487895876169205,1.9989063739776611
435,-1.035239577293396,-0.7905197143554688,-0.37843194603919983
436,-1.0087387561798096,-0.7910918593406677,-0.3511403203010559
437,-0.5091431736946106,0.04061596840620041,2.131544589996338
438,-0.8737948536872864,-0.8239977359771729,-0.28910931944847107
439,-1.0018583536148071,-0.6903613209724426,-0.28790509700775146
440,-0.9664067029953003,-0.772246241569519,-0.23434552550315857
441,-0.4760635495185852,-0.21021293103694916,0.7741507291793823
442,-1.0128132104873657,-0.8294472694396973,-0.303450345993042
443,-1.038040280342102,-0.7957621216773987,-0.07928718626499176
444,-0.7527108788490295,-0.5896399021148682,-0.20221367478370667
445,-0.8124154210090637,-0.6675249338150024,-0.2955235242843628
446,-0.7644700407981873,-0.5415868759155273,-0.18396833539009094
447,-0.7448573112487793,-0.5675403475761414,-0.11656838655471802
448,-0.8424789905548096,-0.6678641438484192,-0.2764301598072052
449,-0.8173846006393433,-0.7090965509414673,-0.25234493613243103
450,-0.8026385307312012,-0.6740192174911499,-0.29552140831947327
451,-1.0143028497695923,-0.868467390537262,-0.4008324444293976
452,-0.8682537078857422,-0.39219674468040466,-0.09063153713941574
453,-0.9752401113510132,-0.8651672005653381,-0.3378426134586334
454,-0.88692307472229,-0.7142798900604248,-0.2898474931716919
455,-1.018139123916626,-0.8656170964241028,-0.28399425745010376
456,-0.9778903722763062,-0.8336935639381409,-0.19127480685710907
457,-1.0430256128311157,-0.793445885181427,-0.28230831027030945
458,-1.0094913244247437,-0.7989675402641296,-0.17079225182533264
459,-0.7931378483772278,-0.48897138237953186,-0.11818346381187439
460,-1.0198572874069214,-0.7776528000831604,-0.28045424818992615
461,-0.8288418650627136,-0.7050914168357849,-0.3778153657913208
462,-0.9302763938903809,-0.6865981817245483,-0.38299280405044556
463,-0.8333700895309448,-0.4878661334514618,0.01784355565905571
464,-0.8432479500770569,-0.6549565196037292,-0.29999780654907227
465,-0.8375396728515625,-0.6454079151153564,-0.3407849073410034
466,-1.0705324411392212,-0.8897187113761902,-0.38605833053588867
467,-0.8206412196159363,-0.665951132774353,-0.33349594473838806
468,-0.8631390333175659,-0.6817103624343872,-0.36167746782302856
469,-1.0099157094955444,-0.9474207162857056,-0.47010868787765503
470,-0.662804365158081,-0.36050647497177124,0.025274157524108887
471,-1.0449650287628174,-0.9792092442512512,-0.4650532007217407
472,-0.9337548017501831,-0.7676047086715698,-0.37925001978874207
473,-1.0282516479492188,-0.9819337725639343,-0.4750537574291229
474,-0.7526719570159912,-0.4222166836261749,-0.07600686699151993
475,-1.0249991416931152,-0.9448094367980957,-0.3794375956058502
476,-1.0323137044906616,-0.943432629108429,-0.456974059343338
477,-0.9946121573448181,-0.9098618626594543,-0.42517513036727905
478,-0.8532952666282654,-0.6677190065383911,-0.1395113319158554
479,-1.018239140510559,-0.9699884653091431,-0.4749968647956848
480,-0.6222939491271973,-0.3881716728210449,-0.0037663786206394434
481,-0.4021002948284149,-0.16478890180587769,0.4977881908416748
482,-0.582884669303894,-0.3173487186431885,-0.029803285375237465
483,-0.5681993365287781,-0.2950485050678253,-0.013487784191966057
484,-0.676262617111206,-0.516588568687439,0.016590029001235962
485,-0.5762887597084045,-0.32726770639419556,-0.0038306363858282566
486,-0.5812357068061829,-0.35784050822257996,-0.03163069114089012
487,-0.3946751654148102,-0.06840405613183975,0.3424031734466553
488,-0.800822913646698,-0.6732552647590637,-0.2464510053396225
489,-0.8101851940155029,-0.6979172229766846,-0.24915842711925507
490,-0.40005290508270264,-0.17571593821048737,0.49104538559913635
491,-0.7976643443107605,-0.6508927941322327,-0.23369146883487701
492,-0.7432718276977539,-0.6452387571334839,-0.24324285984039307
493,-0.8306179046630859,-0.536537766456604,-0.1778370440006256
494,-0.5790916085243225,-0.39113277196884155,0.211818128824234
495,-0.8060452938079834,-0.6867534518241882,-0.24536952376365662
496,-0.6613938808441162,-0.4345240294933319,0.0171728003770113
497,-0.5773091316223145,-0.3422528803348541,-0.017458848655223846
498,-0.5535005331039429,-0.3295302987098694,-0.02349669486284256
499,-0.7229886054992676,-0.456724613904953,-0.19398468732833862
500,-0.588158905506134,-0.31691834330558777,-0.03174230456352234
501,-0.6673863530158997,-0.36188068985939026,-0.06924528628587723
502,-0.9595397114753723,-0.8189117312431335,-0.2746223509311676
503,-0.68129563331604,-0.45350319147109985,-0.05045793578028679
504,-0.7886772155761719,-0.6023136973381042,-0.21031029522418976
505,-0.7265603542327881,-0.48750975728034973,-0.1973036527633667
506,-0.9214737415313721,-0.7682231664657593,-0.3322484791278839
507,-0.8222045302391052,-0.6083601117134094,-0.21443647146224976
508,-0.7662541270256042,-0.5682408213615417,-0.20014362037181854
509,-0.9728183746337891,-0.8147374987602234,-0.22243276238441467
510,-0.7011091709136963,-0.4749910235404968,-0.02402336336672306
511,-0.9434502720832825,-0.8386300802230835,-0.25278329849243164
512,-0.274698942899704,0.19537794589996338,0.5051066279411316
513,-0.3673340678215027,-0.09069537371397018,0.3365105390548706
514,-0.44183987379074097,-0.13774140179157257,0.3751637637615204
515,-0.5723981261253357,-0.3486712574958801,0.22011125087738037
516,-0.6988803148269653,-0.4541027843952179,-0.1511656492948532
517,0.019610358402132988,0.5551207065582275,0.7673785090446472
518,-0.6889551281929016,-0.4419049620628357,0.01737176440656185
519,-0.5927824974060059,-0.3749787509441376,0.28984925150871277
520,-0.5467013120651245,-0.288269579410553,-0.03483634442090988
521,0.008296740241348743,0.6259480118751526,0.8036458492279053
522,-0.6045460104942322,-0.4052082896232605,0.04080823063850403
523,-0.7815064191818237,-0.5269650220870972,-0.03673291578888893
524,-0.6902703642845154,-0.464680552482605,-0.1791142374277115
525,0.004140772856771946,0.46230247616767883,0.6622555255889893
526,-0.5645002722740173,-0.3686501085758209,-0.039267368614673615
527,-0.5233646035194397,-0.27612313628196716,0.0008276750450022519
528,-0.6471208333969116,-0.49997785687446594,-0.05477263778448105
529,-0.5485391020774841,-0.3367249667644501,-0.017059145495295525
530,-0.5624805092811584,-0.366352915763855,-0.0312582328915596
531,-0.7874007821083069,-0.6122427582740784,-0.22392863035202026
532,-0.2537722587585449,0.1994001865386963,0.3481372892856598
533,-0.786338210105896,-0.6838782429695129,-0.17168501019477844
534,-0.5859642028808594,-0.4248417019844055,-0.013627073727548122
535,-0.7550066709518433,-0.5779983401298523,-0.22124901413917542
536,-0.2854253351688385,0.07765883207321167,0.42134493589401245
537,-0.7696593403816223,-0.5904403924942017,-0.17268866300582886
538,-0.758566677570343,-0.6066442728042603,-0.09410377591848373
539,-0.7721646428108215,-0.4963214099407196,-0.20063242316246033
540,-0.39871588349342346,-0.022983377799391747,0.20740456879138947
541,-0.7701066136360168,-0.6271235942840576,-0.24164114892482758
542,-0.6056856513023376,-0.34748512506484985,-0.03551873192191124
543,-0.5479483604431152,-0.29215556383132935,-0.016133714467287064
544,-0.5526028871536255,-0.286693274974823,-0.023075899109244347
545,-0.7660902142524719,-0.5340772867202759,-0.22591717541217804
546,-0.3275563716888428,-0.03386577591300011,0.4077175259590149
547,-0.7788482308387756,-0.6492327451705933,-0.20441797375679016
548,-0.5806699395179749,-0.3827275335788727,-0.03357287496328354
549,-0.7475036382675171,-0.5601428747177124,-0.21360065042972565
550,-0.3889467120170593,-0.07003384828567505,0.36313650012016296
551,-0.7642254829406738,-0.5615951418876648,-0.2249087393283844
552,-0.7206679582595825,-0.589640200138092,-0.08307597786188126
553,-0.770728349685669,-0.5603827834129333,-0.21999649703502655
554,-0.42744284868240356,-0.1576710343360901,0.040990110486745834
555,-0.7756023406982422,-0.53884357213974,-0.21571432054042816
556,-0.6824142336845398,-0.5573275089263916,-0.20871292054653168
557,-0.7461739182472229,-0.5555418729782104,-0.21272654831409454
558,-0.9533615112304688,-0.7709283232688904,-0.15365928411483765
559,-0.7045667767524719,-0.4943370223045349,-0.12483969330787659
560,-0.9508786797523499,-0.8247011303901672,-0.30762532353401184
561,-0.7561171650886536,-0.5782850980758667,-0.23399175703525543
562,-0.9000681042671204,-0.8083459138870239,-0.2691742777824402
563,-0.9393812417984009,-0.857139527797699,-0.29480645060539246
564,-0.8122353553771973,-0.6614405512809753,-0.2593940496444702
565,-0.9773745536804199,-0.8037821054458618,-0.37324684858322144
566,-0.7616031765937805,-0.5482473969459534,-0.04146600887179375
567,-0.9020132422447205,-0.8233229517936707,-0.19368933141231537
568,-0.5795078277587891,-0.3895789384841919,-0.04909098893404007
569,-0.8625667095184326,-0.694491982460022,-0.23427778482437134
570,-0.45600685477256775,-0.16157545149326324,0.09954346716403961
571,-0.7815914154052734,-0.6608544588088989,-0.2290758490562439
572,-0.679675281047821,-0.4982020854949951,-0.1268538385629654
573,-0.7696024775505066,-0.6232382655143738,-0.23576034605503082
574,-0.545680046081543,-0.22124849259853363,0.29822152853012085
575,-0.7554243803024292,-0.5651920437812805,-0.23997995257377625
576,-0.7938713431358337,-0.645153820514679,-0.24370945990085602
577,-0.8828046917915344,-0.7377520203590393,-0.2048395425081253
578,-0.5880345106124878,-0.35070285201072693,0.16725759208202362
579,-0.800693154335022,-0.6482030749320984,-0.2475210726261139
580,-0.901868999004364,-0.8015851974487305,-0.2924967110157013
581,-0.5731736421585083,-0.3293158710002899,-0.07135781645774841
582,-0.7948731184005737,-0.6473672389984131,-0.25141221284866333
583,-0.7223865389823914,-0.524999737739563,-0.1900048404932022
584,-0.8376191258430481,-0.6772743463516235,-0.24194735288619995
585,-0.6095283627510071,-0.3634902238845825,-0.019528398290276527
586,-0.7666068077087402,-0.6115314960479736,-0.2275993973016739
587,-0.7469977140426636,-0.5971599817276001,-0.22569353878498077
588,-0.9262843728065491,-0.8319145441055298,-0.31068432331085205
589,-0.6101590991020203,-0.4279739558696747,-0.017689548432826996
590,-0.8208854794502258,-0.7334373593330383,-0.23823635280132294
591,-0.7836989760398865,-0.45441874861717224,-0.1282404512166977
592,-1.033218502998352,-0.9794962406158447,-0.493973970413208
593,-1.0335277318954468,-0.9970661997795105,-0.49539676308631897
594,-1.0253511667251587,-0.9708350896835327,-0.47373536229133606
595,-0.8444549441337585,-0.5576593279838562,-0.18684476613998413
596,-1.03175950050354,-0.9963685870170593,-0.5027109384536743
597,-1.0522629022598267,-0.9599778652191162,-0.47249460220336914
598,-1.026381015777588,-0.9881170988082886,-0.4807448387145996
599,-0.8896150588989258,-0.7007640600204468,-0.258354514837265
600,-1.015636920928955,-0.9518396854400635,-0.474026083946228
601,-0.7122588753700256,-0.3841891586780548,-0.08634259551763535
602,-0.5995680689811707,-0.36423754692077637,0.6283137798309326
603,-0.5936425924301147,-0.3591173589229584,-0.09780093282461166
604,0.01109318807721138,0.5428771376609802,0.7225308418273926
605,-0.5793470740318298,-0.36718031764030457,0.24902190268039703
606,-0.6996408700942993,-0.4719012677669525,-0.07614051550626755
607,-0.6503793001174927,-0.43746688961982727,-0.014704413712024689
608,0.024850839748978615,0.5208840370178223,0.6537842750549316
609,-0.6070787906646729,-0.33981773257255554,-0.06470667570829391
610,-1.0691008567810059,-0.903245747089386,-0.42815282940864563
611,-1.027632474899292,-0.9694311022758484,-0.4962277412414551
612,-0.7563610076904297,-0.5930135846138,0.011087520979344845
613,-1.0542927980422974,-0.9851497411727905,-0.4837826192378998
614,-1.0353648662567139,-0.9674043655395508,-0.49464869499206543
615,-1.031173586845398,-0.9338403940200806,-0.46635958552360535
616,-0.8582692742347717,-0.7331970930099487,0.14029645919799805
617,-1.0190180540084839,-0.9621102213859558,-0.49583154916763306
618,-0.8888897895812988,-0.758590579032898,-0.35422927141189575
619,-0.6080649495124817,-0.3634655475616455,0.0664667934179306
620,-0.8925506472587585,-0.8178532719612122,-0.3108118176460266
621,-0.848138689994812,-0.7059524059295654,-0.28701072931289673
622,-0.9208791255950928,-0.8089280724525452,-0.2072327882051468
623,-0.6363848447799683,-0.4678906202316284,-0.05294591188430786
624,-0.9236839413642883,-0.8288389444351196,-0.35330960154533386
625,-0.7439659833908081,-0.46230363845825195,-0.12656062841415405
626,-1.041701316833496,-0.9889113903045654,-0.48331767320632935
627,-1.0085252523422241,-0.9508411884307861,-0.49591028690338135
628,-1.0275170803070068,-0.9152276515960693,-0.459238737821579
629,-0.8577224612236023,-0.7315633893013,-0.26998546719551086
630,-1.0208704471588135,-0.978107213973999,-0.4975229799747467
631,-0.7170382142066956,-0.4901195168495178,0.07369156181812286
632,-0.747981607913971,-0.5093632340431213,-0.1729622781276703
633,0.008296740241348743,0.46535709500312805,0.7257423400878906
634,-0.7099890112876892,-0.5410417318344116,-0.1747165322303772
635,-1.1398589611053467,-0.9977514743804932,-0.491905152797699
636,-0.8687215447425842,-0.643912672996521,0.2160193771123886
637,-1.0201880931854248,-0.9712182283401489,-0.4751271605491638
638,-1.0185433626174927,-0.8795391917228699,-0.4498119354248047
639,-0.8605999946594238,-0.5880782604217529,-0.19235728681087494
640,-0.9984036087989807,-0.9106554985046387,-0.4520356059074402
641,-0.9031775593757629,-0.6458019614219666,-0.24497435986995697
642,-1.0196181535720825,-0.9743010401725769,-0.4790518581867218
643,-0.8597813844680786,-0.7199509143829346,-0.24615655839443207
644,-0.11113876849412918,0.3036785125732422,0.3995123505592346
645,-0.2234465330839157,0.3187084496021271,0.44231706857681274
646,-0.06645061075687408,0.44984757900238037,0.7648720145225525
647,-0.5292559862136841,-0.2715458571910858,0.38281407952308655
648,-0.5410321950912476,-0.3447306752204895,0.3988240361213684
649,-0.2073252648115158,0.23423345386981964,0.41084760427474976
650,-0.4844619333744049,-0.1569386124610901,0.3018527925014496
651,-0.05252861976623535,0.4209558963775635,0.6256345510482788
652,-0.5563599467277527,-0.35175377130508423,0.02998041920363903
653,-0.06600677967071533,0.40392786264419556,0.5655528903007507
654,-0.572577714920044,-0.40103015303611755,0.13409079611301422
655,-0.37610507011413574,-0.1517660766839981,0.2080884426832199
656,-0.5989940762519836,-0.4366768002510071,-0.026081273332238197
657,-0.5964969992637634,-0.4287469983100891,0.10475033521652222
658,-0.48486900329589844,-0.12772637605667114,0.46405142545700073
659,-0.6321691274642944,-0.5269653797149658,-0.0116738798096776
660,-0.08838029205799103,0.4731645882129669,0.6987505555152893
661,-0.4162942171096802,-0.11518097668886185,0.1607726663351059
662,-0.4688199758529663,-0.17257210612297058,0.2988583743572235
663,-0.6370344161987305,-0.49003785848617554,0.03050997294485569
664,-0.5114696621894836,-0.2809666097164154,0.25302281975746155
665,-0.5738937258720398,-0.39672744274139404,0.12442106753587723
666,-0.5406306385993958,-0.2223266214132309,0.0660431757569313
667,-0.08572795242071152,0.4424861967563629,0.7356961965560913
668,-0.6426385641098022,-0.452479749917984,-0.04284052923321724
669,-0.5635024905204773,-0.39882442355155945,0.14175692200660706
670,-0.5346375107765198,-0.2429191768169403,0.08684545010328293
671,-0.09148208796977997,0.45866188406944275,0.6779557466506958
672,-0.5685530304908752,-0.3296399712562561,0.0960356667637825
673,-0.6932806372642517,-0.5200976133346558,-0.05337734892964363
674,-0.5091108083724976,-0.12601454555988312,0.1608542650938034
675,-0.1065337210893631,0.3642416298389435,0.5496807098388672
676,-0.5552822351455688,-0.2489890605211258,0.02140670269727707
677,-0.10033175349235535,0.35708847641944885,0.4649466574192047
678,-0.22153779864311218,0.3090163469314575,0.4277191758155823
679,0.019610358402132988,0.6389809846878052,0.9564329385757446
680,0.024850839748978615,0.6405514478683472,0.7519879937171936
681,-0.5569807291030884,-0.3678028881549835,0.14938776195049286
682,-0.9676531553268433,-0.8996514678001404,-0.3250093460083008
683,-0.2946830093860626,-0.0033356761559844017,0.21163812279701233
684,-0.5502992272377014,-0.15751226246356964,0.2129753679037094
685,0.0043343547731637955,0.5571874976158142,0.6454778909683228
686,-1.1069388389587402,-1.0976535081863403,-0.4770505726337433
687,0.00994859542697668,0.8154049515724182,0.8958907127380371
688,0.008416439406573772,0.618784487247467,0.7746613621711731
689,-0.5699553489685059,-0.3772294223308563,-0.015364327467978
690,-0.789315402507782,-0.6831239461898804,-0.24288123846054077
691,-0.9710155725479126,-0.9038767218589783,-0.3249470591545105
692,-1.0662856101989746,-0.9849443435668945,-0.4406484067440033
693,-0.5832058191299438,-0.3807375431060791,0.061396002769470215
694,-0.6190375685691833,-0.38648223876953125,0.005080478731542826
695,0.008296740241348743,0.5547813177108765,0.7381321787834167
696,-0.4931690990924835,-0.2739383578300476,0.01835661195218563
697,-0.5358939170837402,-0.31700214743614197,-0.003951357211917639
698,-0.7989879250526428,-0.7025146484375,-0.23300231993198395
699,-0.5791919231414795,-0.38841554522514343,-0.047785382717847824
700,-0.5856725573539734,-0.40208226442337036,-0.04432278126478195
701,-1.1737455129623413,-1.1500227451324463,-0.5055615305900574
702,0.009103945456445217,0.5075182914733887,0.6978315114974976
703,-1.088983178138733,-1.0624345541000366,-0.4484913945198059
704,-0.7776737213134766,-0.6844776272773743,-0.23206137120723724
705,-1.1193809509277344,-1.1082916259765625,-0.4809834957122803
706,0.024850839748978615,0.5819617509841919,0.8051890134811401
707,-1.074733018875122,-0.9634082317352295,-0.4596223831176758
708,-1.0268034934997559,-0.9913524389266968,-0.4064721167087555
709,-1.111881971359253,-1.1368352174758911,-0.45476067066192627
710,0.002699528820812702,0.5486456751823425,0.5455577969551086
711,-1.101250410079956,-1.0825986862182617,-0.4794950783252716
712,-0.1303187906742096,0.35192054510116577,0.4767360985279083
713,-0.12553785741329193,0.20009171962738037,0.4421316981315613
714,-0.06894267350435257,0.3257937729358673,0.46718135476112366
715,-0.3870188295841217,0.0914759710431099,0.38259977102279663
716,-0.46140268445014954,0.0073736184276640415,0.27477139234542847
717,-0.14293122291564941,0.3196166753768921,0.4419419765472412
718,-0.37033379077911377,0.0565328411757946,0.31111982464790344
719,-0.08126269280910492,0.2946288585662842,0.4755304455757141
720,-0.6033004522323608,-0.15987537801265717,0.11240898817777634
721,-0.08981040865182877,0.2811678946018219,0.457763135433197
722,-0.0766432136297226,0.2796144187450409,0.43653345108032227
723,-0.4110490083694458,-0.010085810907185078,0.3366721272468567
724,-0.34212061762809753,-0.09924297034740448,0.1644677072763443
725,-0.28531941771507263,0.08155878633260727,0.35215499997138977
726,-0.48182418942451477,-0.08428839594125748,0.22132225334644318
727,-0.5613915324211121,-0.14930805563926697,0.09118816256523132
728,-0.25738754868507385,0.293500691652298,0.42071694135665894
729,-0.4371490180492401,-0.08055480569601059,0.0749736800789833
730,-0.09659422188997269,0.2666386067867279,0.4587465524673462
731,-0.2028854936361313,0.2832389175891876,0.45370355248451233
732,-0.28816115856170654,0.22357113659381866,0.4350118637084961
733,-0.5657882690429688,-0.14472942054271698,0.16085965931415558
734,-0.346333771944046,0.17968404293060303,0.33523494005203247
735,-0.4183140695095062,-0.026407314464449883,0.27171170711517334
736,-0.5302982926368713,-0.22402383387088776,0.09281739592552185
737,-0.08247699588537216,0.2977661192417145,0.4660862386226654
738,-0.6093849539756775,-0.172227144241333,0.00652625598013401
739,-0.4452475309371948,-0.027987055480480194,0.2645137906074524
740,-0.5731178522109985,-0.12800101935863495,0.11706125736236572
741,-0.11216472089290619,0.1866842657327652,0.4126899838447571
742,-0.5407407283782959,-0.07659178227186203,0.12467562407255173
743,-0.6941114068031311,-0.20819471776485443,0.11996202915906906
744,-0.5429014563560486,-0.24521595239639282,0.13628025352954865
745,-0.07871198654174805,0.3572491407394409,0.46395841240882874
746,-0.5807195901870728,-0.2147093415260315,0.10203777253627777
747,-0.12351948767900467,0.33097922801971436,0.45143523812294006
748,-0.07650599628686905,0.34758028388023376,0.45495694875717163
749,-0.6040657162666321,-0.37571439146995544,0.0061716497875750065
750,-0.9225178360939026,-0.803448498249054,-0.3545874059200287
751,-0.25950589776039124,0.03505707159638405,0.2769986093044281
752,-0.5950538516044617,-0.22377678751945496,0.20420096814632416
753,-0.06894267350435257,0.3347179889678955,0.5060674548149109
754,-1.0812098979949951,-1.0580397844314575,-0.47927916049957275
755,-0.09594852477312088,0.4305570721626282,0.5289204120635986
756,-0.08126269280910492,0.30784618854522705,0.4638405740261078
757,-0.5951617360115051,-0.3886684775352478,-0.035995181649923325
758,-0.8599038124084473,-0.631783664226532,-0.19406253099441528
759,-0.9699698090553284,-0.8775457739830017,-0.32168641686439514
760,-1.0547434091567993,-0.9787435531616211,-0.47233402729034424
761,-0.6188459396362305,-0.4314529001712799,0.007877207361161709
762,-0.61833655834198,-0.3961011469364166,-0.06706622242927551
763,-0.11421240121126175,0.19394397735595703,0.4446020722389221
764,-0.5162978768348694,-0.21577860414981842,0.054842881858348846
765,-0.5448042154312134,-0.31320056319236755,-0.010478338226675987
766,-0.7282094955444336,-0.5904086232185364,-0.1750807762145996
767,-0.5923694968223572,-0.31261587142944336,-0.028401153162121773
768,-0.6028657555580139,-0.4137755334377289,-0.0846564918756485
769,-1.1280707120895386,-1.1249829530715942,-0.4894390404224396
770,-0.06568542122840881,0.304971307516098,0.5012633800506592
771,-1.067844271659851,-1.0119231939315796,-0.4737817049026489
772,-0.6951810717582703,-0.48213982582092285,-0.16165921092033386
773,-1.1012792587280273,-1.0994200706481934,-0.4444831311702728
774,-0.06516686081886292,0.223862886428833,0.6056324243545532
775,-1.07349693775177,-0.9207205176353455,-0.4735090732574463
776,-1.0145132541656494,-0.9695351123809814,-0.41580209136009216
777,-1.1009812355041504,-1.0608412027359009,-0.4006546437740326
778,-0.08388754725456238,0.3226799964904785,0.47923746705055237
779,-1.0922369956970215,-1.037876844406128,-0.4850718677043915
780,-0.07210277020931244,0.4019523859024048,0.5483832359313965
781,-0.10550795495510101,0.3751036524772644,0.5020598769187927
782,-0.4964570701122284,-0.03187105432152748,0.33139151334762573
783,-0.5367807149887085,-0.10686150938272476,0.07562433183193207
784,-0.20039823651313782,0.24788926541805267,0.35184475779533386
785,-0.5084675550460815,-0.03597511351108551,0.35795673727989197
786,-0.08884912729263306,0.41389212012290955,0.5279666185379028
787,-0.5465167164802551,-0.07572139799594879,0.16974319517612457
788,-0.11047666519880295,0.40771913528442383,0.5122960805892944
789,-0.06340401619672775,0.41772347688674927,0.5062593817710876
790,-0.560211718082428,-0.33082765340805054,0.08987154811620712
791,-0.36311501264572144,-0.0005599490250460804,0.7383261322975159
792,-0.35201120376586914,0.1719079166650772,0.8403921127319336
793,-0.5726909041404724,-0.31361016631126404,0.09009876102209091
794,-0.5592414140701294,-0.19287368655204773,0.016068464145064354
795,-0.4689924120903015,0.0012246704427525401,0.27813518047332764
796,-0.6139700412750244,-0.41557782888412476,0.00703855836763978
797,-0.06596189737319946,0.38247400522232056,0.5058389902114868
798,-0.47025224566459656,-0.08428406715393066,0.4004291892051697
799,-0.45659008622169495,-0.04484258219599724,0.18128173053264618
800,-0.6375111937522888,-0.4440317153930664,0.16116507351398468
801,-0.5296680927276611,-0.21101321280002594,0.03993663936853409
802,-0.5601744651794434,-0.29021987318992615,0.08760041743516922
803,-0.509008526802063,0.09429600834846497,0.6297947764396667
804,-0.07159729301929474,0.40941566228866577,0.5213457942008972
805,-0.6104358434677124,-0.2689855396747589,0.45216259360313416
806,-0.5525912642478943,-0.2529502213001251,0.12340205162763596
807,-0.4909394681453705,0.0764273852109909,0.07058943808078766
808,-0.06701910495758057,0.3728638291358948,0.5390623211860657
809,-0.5221296548843384,-0.04171479493379593,0.06744229048490524
810,-0.630158543586731,-0.3146832287311554,0.13877740502357483
811,-0.5008172988891602,0.07204964011907578,0.3641347587108612
812,-0.13714230060577393,0.43415921926498413,0.47153183817863464
813,-0.5278308391571045,-0.01474662683904171,0.056820690631866455
814,0.008296740241348743,0.5660447478294373,0.6635650396347046
815,0.0050218598917126656,0.5878312587738037,0.70262610912323
816,-0.552370011806488,-0.2764272093772888,0.14812514185905457
817,-0.9515953063964844,-0.8077426552772522,-0.2627459764480591
818,-0.37409907579421997,-0.013760470785200596,0.2498573362827301
819,-0.5225102305412292,-0.05194011330604553,0.8323820233345032
820,0.024850839748978615,0.5886003375053406,0.6537185311317444
821,-1.0949293375015259,-1.0298521518707275,-0.3563344180583954
822,0.0043343547731637955,0.47846290469169617,0.6645182371139526
823,-0.5600733160972595,-0.36067861318588257,-0.011583908461034298
824,-0.7776501178741455,-0.6220020651817322,-0.0051872991025447845
825,-0.9708294868469238,-0.9399416446685791,-0.29831981658935547
826,-1.066261649131775,-0.9722374081611633,-0.37743714451789856
827,-0.5830904245376587,-0.33275264501571655,0.0372067429125309
828,0.024850839748978615,0.4677276909351349,0.6816146373748779
829,-0.5115160942077637,-0.26155874133110046,-0.0026376766618341208
830,-0.5297566652297974,-0.3123258352279663,-0.012128855101764202
831,-0.7609056830406189,-0.5985333919525146,-0.06130937859416008
832,-0.55668705701828,-0.3555576801300049,-0.041303038597106934
833,-0.5655588507652283,-0.3796888291835785,-0.04643421247601509
834,-1.1810864210128784,-1.1590098142623901,-0.35902872681617737
835,0.008296740241348743,0.6073466539382935,0.6403676867485046
836,-1.0702298879623413,-1.0416573286056519,-0.38479870557785034
837,-0.7458792924880981,-0.6150150299072266,-0.17380574345588684
838,-1.130771279335022,-1.1327993869781494,-0.4774962067604065
839,0.008296740241348743,0.46103575825691223,0.6772158741950989
840,-1.0643727779388428,-0.9212803840637207,-0.3831014633178711
841,-1.0430972576141357,-1.009709358215332,-0.2605178952217102
842,-1.0927764177322388,-1.0766205787658691,-0.2876221537590027
843,-0.0024660336785018444,0.5026137232780457,0.5590143799781799
844,-1.0994409322738647,-1.0399532318115234,-0.39960071444511414
845,0.00994859542697668,0.6809130311012268,0.827851414680481
846,-0.0618782602250576,0.20763249695301056,0.8016704320907593
847,-0.4064239263534546,-0.026026906445622444,0.4086538255214691
848,-0.4339376389980316,-0.18692180514335632,0.6590604186058044
849,-0.13525888323783875,0.34744903445243835,0.9419887661933899
850,-0.3330896198749542,0.05280793458223343,0.5773524641990662
851,-0.7776750326156616,-0.6228467226028442,0.540145218372345
852,-0.3053954839706421,0.04712173715233803,0.7352707982063293
853,-0.4054107666015625,-0.09149530529975891,0.9088755249977112
854,-0.7077850103378296,-0.4726632535457611,0.7606170773506165
855,0.024850839748978615,0.6675152778625488,0.7745459675788879
856,-0.25339123606681824,0.08299612253904343,0.5292315483093262
857,-0.35959070920944214,-0.03399116173386574,0.05293312296271324
858,-0.48831576108932495,-0.2851927876472473,0.01504638884216547
859,-0.5950369238853455,-0.42494967579841614,-0.06473154574632645
860,-0.6149361729621887,-0.4344053864479065,-0.06021866574883461
861,-0.3027786612510681,0.06528253108263016,0.5061840415000916
862,-0.5089455246925354,-0.293169230222702,0.22829248011112213
863,-0.010855965316295624,0.35627827048301697,0.6232826113700867
864,-0.3862365484237671,-0.0031573683954775333,0.4346309304237366
865,0.009446325711905956,0.6245663166046143,0.691352903842926
866,-0.5537044405937195,-0.36425796151161194,0.029104478657245636
867,0.00994859542697668,0.7094225287437439,0.7475637197494507
868,-0.5048579573631287,-0.33167946338653564,0.3368661105632782
869,-0.42234987020492554,0.011236494407057762,0.2116573005914688
870,-0.1913343071937561,0.13816620409488678,0.48857393860816956
871,-0.6308127045631409,-0.4574414789676666,0.18476098775863647
872,-0.6211081147193909,-0.42221134901046753,0.23129163682460785
873,-0.20357897877693176,0.21528469026088715,0.6423449516296387
874,-0.732811689376831,-0.5055155158042908,0.2894861102104187
875,0.019610358402132988,0.6977306008338928,0.7595946788787842
876,-0.13243576884269714,0.25136417150497437,0.6515524983406067
877,-0.3340426981449127,-0.0005730050033889711,0.5120830535888672
878,-0.7932329773902893,-0.6806594133377075,0.12022385001182556
879,-0.32533663511276245,-0.07261872291564941,0.36415591835975647
880,-0.5758145451545715,-0.37430357933044434,0.26541754603385925
881,-0.38917189836502075,-0.06012198328971863,0.14034698903560638
882,0.008296740241348743,0.6432448029518127,0.7691357731819153
883,-0.7322978377342224,-0.5264819264411926,0.03157377988100052
884,-0.558143138885498,-0.3650583028793335,0.26780691742897034
885,-0.4000709056854248,-0.14069636166095734,0.09399118274450302
886,0.019610358402132988,0.7283124327659607,0.7763124108314514
887,-0.523790717124939,-0.3092794418334961,0.12584766745567322
888,-0.7874680161476135,-0.6588519811630249,0.0998244434595108
889,-0.3926852345466614,-0.09718464314937592,0.16077208518981934
890,0.007543252315372229,0.61927729845047,0.7087358832359314
891,-0.43292465806007385,-0.23293505609035492,0.06806448847055435
892,-0.534772515296936,-0.38150453567504883,0.4754146337509155
893,-0.9416592717170715,-0.811436653137207,-0.32888510823249817
894,-0.271527498960495,-0.011486887000501156,0.3618178367614746
895,-0.5442529916763306,-0.12331007421016693,0.5391555428504944
896,0.017512399703264236,0.6068965196609497,0.6327919960021973
897,-1.1044697761535645,-1.0854744911193848,-0.5068023204803467
898,0.011625335551798344,0.8576003909111023,0.924743115901947
899,0.024850839748978615,0.7007663249969482,0.7829312086105347
900,-0.5992656946182251,-0.41053110361099243,-0.043375346809625626
901,-0.8515823483467102,-0.7320404648780823,-0.31503430008888245
902,-0.9850123524665833,-0.9394432306289673,-0.31877443194389343
903,-1.065942645072937,-1.0508230924606323,-0.40211665630340576
904,-0.6324515342712402,-0.4283553957939148,0.13812734186649323
905,-0.7031198740005493,-0.46452823281288147,-0.03086073137819767
906,0.00994859542697668,0.6820843815803528,0.7649361491203308
907,-0.5101289749145508,-0.23735462129116058,0.010571922175586224
908,-0.5444206595420837,-0.319525808095932,-0.0014579255366697907
909,-0.7274652719497681,-0.6207448244094849,-0.15903903543949127
910,-0.5852552056312561,-0.42270174622535706,-0.044789500534534454
911,-0.6161951422691345,-0.46195492148399353,-0.08705510199069977
912,-1.180510401725769,-1.148836374282837,-0.49628087878227234
913,0.011625335551798344,0.5776787996292114,0.6961166858673096
914,-1.0909137725830078,-1.0900568962097168,-0.46042928099632263
915,-0.7194945216178894,-0.5938134789466858,-0.201832577586174
916,-1.1276005506515503,-1.1222573518753052,-0.4628733694553375
917,0.019610358402132988,0.6984250545501709,0.7813686728477478
918,-1.0832417011260986,-1.0161354541778564,-0.45964711904525757
919,-1.0478438138961792,-1.0147079229354858,-0.4001956880092621
920,-1.1139461994171143,-1.1013200283050537,-0.3357406556606293
921,0.004325828980654478,0.541294515132904,0.5889790058135986
922,-1.100014567375183,-1.0851460695266724,-0.48121538758277893
923,-0.5685181617736816,-0.35498037934303284,0.05780784413218498
924,-0.5873172283172607,-0.4017600417137146,0.007146449293941259
925,-0.7924959063529968,-0.6384004950523376,-0.22170229256153107
926,-0.5622674822807312,-0.40028005838394165,0.4835849404335022
927,-0.5755036473274231,-0.41950124502182007,0.4748935401439667
928,-0.5759133696556091,-0.337184876203537,-0.004762156866490841
929,-0.7688703536987305,-0.47709792852401733,0.08122603595256805
930,-0.6272806525230408,-0.49566569924354553,-0.05239030718803406
931,-0.7502696514129639,-0.5810551047325134,-0.04368995130062103
932,-0.5660039186477661,-0.3362484574317932,0.06732011586427689
933,-0.5884554386138916,-0.3912524878978729,-0.03371630981564522
934,-0.5662662386894226,-0.40286222100257874,0.5046798586845398
935,-0.5452883243560791,-0.29142555594444275,0.0033388594165444374
936,-0.5561056733131409,-0.3125496804714203,-0.01433815062046051
937,-0.654137372970581,-0.48252877593040466,-0.11135338991880417
938,-0.5627095699310303,-0.33958178758621216,0.048462774604558945
939,-0.5777177214622498,-0.3508615493774414,-0.032718777656555176
940,-0.7856606841087341,-0.5813802480697632,-0.18618476390838623
941,-0.5573906898498535,-0.3867742717266083,0.30718687176704407
942,-0.725923478603363,-0.5664616227149963,-0.2022496908903122
943,-0.6211137771606445,-0.4593520760536194,-0.11133618652820587
944,-0.7872743010520935,-0.6396974325180054,-0.24247367680072784
945,-0.5715511441230774,-0.4057771563529968,0.3567264974117279
946,-0.7594574093818665,-0.5985370874404907,-0.1301223635673523
947,-0.6930366158485413,-0.5926148295402527,-0.05562087893486023
948,-0.7771688103675842,-0.5585668087005615,-0.2437637895345688
949,-0.5575533509254456,-0.40188854932785034,0.0942830964922905
950,-0.7830079197883606,-0.6176047325134277,-0.2197265923023224
951,-1.9904440641403198,-0.8924818634986877,-0.2839730381965637
952,-0.5561054348945618,-0.290594220161438,0.27925634384155273
953,-1.0958584547042847,-1.0087398290634155,-0.39943599700927734
954,-0.33551397919654846,0.12757861614227295,0.6116172671318054
955,-0.2476300746202469,0.1499296873807907,0.663765549659729
956,-0.5526992082595825,-0.2646579146385193,-0.0001900087227113545
957,-0.8351131677627563,-0.6446174383163452,-0.19793841242790222
958,-0.9146133065223694,-0.8101387619972229,-0.31168973445892334
959,-0.5895220041275024,-0.33237576484680176,0.02340918965637684
960,-0.6112138628959656,-0.3298708200454712,-0.05591201409697533
961,-0.532681405544281,-0.275938481092453,-0.00548563152551651
962,-0.7827929854393005,-0.6013304591178894,-0.22977405786514282
963,-0.7648057341575623,-0.6187257170677185,-0.25366097688674927
964,-1.0968331098556519,-1.0653477907180786,-0.5048741102218628
965,-1.10405695438385,-1.0556833744049072,-0.4959052503108978
966,-0.3135579526424408,-0.006473183631896973,0.2604258358478546
967,-1.6857961416244507,-0.9023676514625549,-0.32435521483421326
968,-0.900689959526062,-0.7738837003707886,-0.3030927777290344
969,-1.090716004371643,-0.8316781520843506,-0.016939375549554825
970,-0.954212486743927,-0.8402531743049622,-0.2295774221420288
971,-0.9768245220184326,-0.8064652681350708,-0.3246886730194092
972,-0.9371234178543091,-0.8225224018096924,-0.3112336993217468
973,-0.8514775037765503,-0.7009056210517883,-0.10498493909835815
974,-0.9445911645889282,-0.8239730000495911,-0.3209705352783203
975,-1.0935841798782349,-0.785761833190918,0.051535945385694504
976,-0.9231037497520447,-0.7708722352981567,-0.3089759051799774
977,-0.7805265188217163,-0.6727203130722046,-0.3123803734779358
978,-1.1439476013183594,-0.8746607303619385,-0.27081984281539917
979,-0.9404054880142212,-0.8187737464904785,-0.27858152985572815
980,-0.9194636940956116,-0.7825104594230652,-0.33612096309661865
981,-0.9081555008888245,-0.7967440485954285,-0.2303934097290039
982,-0.9483113884925842,-0.8276016712188721,-0.29534751176834106
983,-1.0630358457565308,-0.885489284992218,-0.36481598019599915
984,-0.834770917892456,-0.6380349397659302,-0.2452937364578247
985,-1.061093807220459,-0.7813501954078674,-0.33225196599960327
986,-1.0185984373092651,-0.8434542417526245,-0.3207721412181854
987,-1.1679151058197021,-0.7594460844993591,0.0369856096804142
988,-0.971284031867981,-0.751046895980835,-0.32587072253227234
989,-1.276963233947754,-0.927052915096283,-0.32281386852264404
990,-1.2354806661605835,-0.9125267267227173,-0.2811582386493683
991,-1.0345693826675415,-0.7401568293571472,-0.2541019916534424
992,-0.5854504108428955,-0.40276890993118286,-0.06667663156986237
993,-0.3357491195201874,0.14291898906230927,0.35140958428382874
994,-1.0847800970077515,-1.0408447980880737,-0.4877876341342926
995,-0.4511546790599823,-0.03991840407252312,0.4245269000530243
996,-0.31136995553970337,-0.01275684218853712,0.6303415894508362
997,-0.601141095161438,-0.3528629541397095,-0.03678401559591293
998,-0.8345996141433716,-0.6943709254264832,-0.24413587152957916
999,-1.1156944036483765,-0.8169150352478027,-0.22691848874092102
1000,-1.1190500259399414,-1.0348396301269531,-0.4355437755584717
1001,-0.5935806632041931,-0.4004819989204407,-0.08271319419145584
1002,-0.7267704010009766,-0.5114538669586182,-0.19936329126358032
1003,-0.3815475404262543,-0.1059018149971962,0.697758138179779
1004,-0.5494291186332703,-0.2631310820579529,-0.026602044701576233
1005,-0.54050213098526,-0.21719740331172943,-0.0077836462296545506
1006,-0.7674645185470581,-0.6088559627532959,-0.2574661076068878
1007,-0.5890328884124756,-0.3913547396659851,-0.025281360372900963
1008,-0.7533624768257141,-0.5432849526405334,-0.19862142205238342
1009,-1.0707406997680664,-1.0639351606369019,-0.4857870042324066
1010,-0.33396926522254944,0.03527143970131874,0.5940899848937988
1011,-1.1222338676452637,-1.0402438640594482,-0.4808434247970581
1012,-0.7775110006332397,-0.6019931435585022,-0.2742852568626404
1013,-1.0728272199630737,-1.0413775444030762,-0.4989042282104492
1014,-0.31951195001602173,-0.07069046795368195,0.8615092039108276
1015,-1.1876550912857056,-1.0443369150161743,-0.4687461853027344
1016,-1.113853096961975,-0.9297974109649658,-0.4228946566581726
1017,-1.0699512958526611,-0.9880920648574829,-0.34721070528030396
1018,-0.5296784043312073,-0.3635864853858948,0.032785315066576004
1019,-1.0728085041046143,-1.0325592756271362,-0.48009783029556274
1020,-0.5355468988418579,-0.28446346521377563,0.10930837690830231
1021,-0.22955326735973358,0.08813183009624481,0.26322877407073975
1022,-0.5857722163200378,-0.35350996255874634,-0.03194110840559006
1023,-0.21452519297599792,0.06605323404073715,0.31225937604904175
1024,-0.20677630603313446,0.0521664097905159,0.3831258714199066
1025,-0.5878027677536011,-0.41188183426856995,-0.04218202456831932
1026,-0.43130844831466675,-0.05479747802019119,0.32857516407966614
1027,-0.47002482414245605,-0.34587836265563965,0.05056222900748253
1028,-0.5969572067260742,-0.4349924921989441,-0.050714775919914246
1029,-0.5950068831443787,-0.42678532004356384,-0.07351650297641754
1030,-0.5132833123207092,-0.18433192372322083,0.30090153217315674
1031,-0.6320515275001526,-0.49209025502204895,-0.042754821479320526
1032,-0.2539116442203522,0.05736370384693146,0.4989386796951294
1033,-0.49813544750213623,-0.1863609105348587,0.016611246392130852
1034,-0.5284138917922974,-0.2554053068161011,0.022299110889434814
1035,-0.6346883773803711,-0.49221739172935486,-0.07356152683496475
1036,-0.5327931046485901,-0.2788959741592407,-0.02281203493475914
1037,-0.5758354663848877,-0.42167940735816956,-0.037262044847011566
1038,-0.5576838254928589,-0.3226017653942108,0.030149374157190323
1039,-0.20363418757915497,0.13520750403404236,0.4563581347465515
1040,-0.6334663033485413,-0.49271515011787415,-0.09250479936599731
1041,-0.5862540602684021,-0.41336217522621155,-0.06605078279972076
1042,-0.532121479511261,-0.2925827205181122,0.009375685825943947
1043,-0.575803816318512,-0.3864264488220215,-0.09534797817468643
1044,-0.6706220507621765,-0.516048014163971,-0.07753347605466843
1045,-0.5578562021255493,-0.28936970233917236,0.11933644860982895
1046,-0.276523619890213,-0.015183061361312866,0.2589455544948578
1047,-0.5279209017753601,-0.3041422367095947,0.017937758937478065
1048,-0.5559999942779541,-0.19337782263755798,0.11643461883068085
1049,-0.039513349533081055,0.5431028604507446,0.6437562108039856
1050,-1.0890369415283203,-1.0548917055130005,-0.4381677508354187
1051,-0.048700522631406784,0.5079962611198425,0.7279914617538452
1052,-0.034342024475336075,0.38690221309661865,0.7412331104278564
1053,-0.5601416230201721,-0.32207247614860535,-0.0041930293664336205
1054,-0.7776163220405579,-0.5079485177993774,-0.11342916637659073
1055,-0.9610772132873535,-0.9305407404899597,-0.2987232208251953
1056,-1.0557512044906616,-0.9512389302253723,-0.4226031005382538
1057,-0.5894500017166138,-0.37655773758888245,-0.025497322902083397
1058,-0.5982392430305481,-0.33235466480255127,-0.020198913291096687
1059,-0.012070246040821075,0.3701777756214142,0.7722362875938416
1060,-0.4951101243495941,-0.25744035840034485,-0.007110729347914457
1061,-0.5355727076530457,-0.2832828462123871,0.0008764953236095607
1062,-0.8003807663917542,-0.6747725605964661,-0.2331189215183258
1063,-0.5625118613243103,-0.3771287202835083,-0.05093101039528847
1064,-0.5796875357627869,-0.39619505405426025,-0.04545118659734726
1065,-1.1494029760360718,-1.1369675397872925,-0.5003495216369629
1066,-0.03368247300386429,0.3451782763004303,0.6860349178314209
1067,-1.0819592475891113,-1.0287312269210815,-0.46000510454177856
1068,-0.7800373435020447,-0.6953902244567871,-0.23247560858726501
1069,-1.1118178367614746,-1.0998321771621704,-0.47750407457351685
1070,-0.010343067348003387,0.39448997378349304,0.847461462020874
1071,-1.0745787620544434,-0.9645403623580933,-0.45855003595352173
1072,-1.043333649635315,-0.9944276213645935,-0.390671968460083
1073,-1.095679521560669,-0.9934589862823486,-0.2457660734653473
1074,-0.04972033202648163,0.3384841978549957,0.4784817397594452
1075,-1.0918594598770142,-1.046802282333374,-0.44216224551200867
1076,-0.5213527679443359,-0.2396450936794281,1.0973223447799683
1077,-0.7769679427146912,-0.6115818023681641,-0.20534442365169525
1078,-0.547627866268158,-0.2399124801158905,0.5278193950653076
1079,-0.7731915712356567,-0.5563220977783203,-0.16438204050064087
1080,-0.7550180554389954,-0.60843425989151,-0.22283810377120972
1081,-0.7707070112228394,-0.6294459104537964,-0.23418459296226501
1082,-0.5362695455551147,-0.12679487466812134,0.27867454290390015
1083,-0.7924424409866333,-0.5847764015197754,-0.2411273866891861
1084,-0.5317680239677429,-0.1763288676738739,0.4518391788005829
1085,-0.7824727892875671,-0.6417426466941833,-0.25232985615730286
1086,-0.7734736800193787,-0.6296071410179138,-0.24393874406814575
1087,-0.5396838784217834,-0.14598938822746277,0.28887706995010376
1088,-0.842931866645813,-0.6434886455535889,-0.2507835626602173
1089,-0.7953105568885803,-0.6316990256309509,-0.2459309697151184
1090,-0.7876525521278381,-0.5396430492401123,-0.24004657566547394
1091,-0.5511159300804138,-0.2128371149301529,0.5424062013626099
1092,-0.7496543526649475,-0.5881247520446777,-0.2342209368944168
1093,-0.2746381163597107,0.30206558108329773,0.5694740414619446
1094,-0.3926122188568115,0.14418458938598633,0.41298943758010864
1095,-0.1989954560995102,0.30542901158332825,0.7971276044845581
1096,-0.5529214143753052,-0.25640225410461426,-0.028578443452715874
1097,-0.8161619305610657,-0.6365386843681335,-0.22791126370429993
1098,-0.9616740345954895,-0.7955494523048401,-0.29450953006744385
1099,-1.1066982746124268,-0.9858614206314087,-0.3276325762271881
1100,-0.5872442722320557,-0.3411671221256256,-0.06106581166386604
1101,-0.6408439874649048,-0.32397162914276123,-0.11570698767900467
1102,-0.291016548871994,0.10525662451982498,0.7231661081314087
1103,-0.545987069606781,-0.2572750747203827,-0.017874743789434433
1104,-0.52091383934021,-0.24249233305454254,-0.013361153192818165
1105,-0.761590838432312,-0.5929290652275085,-0.24697235226631165
1106,-0.569539487361908,-0.3299340307712555,-0.021783903241157532
1107,-0.646523654460907,-0.4207545816898346,-0.1368883103132248
1108,-1.135905385017395,-1.0654634237289429,-0.4776758551597595
1109,-0.31025564670562744,0.2241254299879074,0.660949170589447
1110,-1.1217362880706787,-1.0169494152069092,-0.4772804081439972
1111,-0.7628499269485474,-0.6035544872283936,-0.25555574893951416
1112,-1.0422614812850952,-0.9001248478889465,-0.38450172543525696
1113,-0.4115091860294342,-0.05317027494311333,0.2080526202917099
1114,-1.0866941213607788,-1.0095856189727783,-0.38244014978408813
1115,-0.4871423542499542,-0.0390438549220562,0.24979868531227112
1116,0.024850839748978615,0.6018661856651306,0.6467732191085815
1117,0.005099199246615171,0.5832186937332153,0.6586937308311462
1118,-0.32957974076271057,-0.05518171191215515,0.4457688331604004
1119,-0.23836222290992737,0.14015154540538788,0.308682918548584
1120,-0.1745763123035431,0.3591991662979126,0.5551044940948486
1121,-0.4560054838657379,-0.12860392034053802,0.2678283452987671
1122,-0.4279361665248871,-0.09071967750787735,0.21880115568637848
1123,-0.2139659821987152,0.33228635787963867,0.6202847957611084
1124,-0.5562055110931396,-0.2666444182395935,0.2609198987483978
1125,0.007011104840785265,0.5015774965286255,0.6302517652511597
1126,-0.09319210797548294,0.452558308839798,0.5926104187965393
1127,-0.22705473005771637,0.24062366783618927,0.6562033891677856
1128,-0.6639561653137207,-0.3203025162220001,0.24888655543327332
1129,-0.3001476526260376,0.21038185060024261,0.559167742729187
1130,-0.3248172104358673,0.03234529495239258,0.4470849931240082
1131,-0.36063501238822937,0.1753757745027542,0.33148473501205444
1132,0.017512399703264236,0.591724693775177,0.6324792504310608
1133,-0.6123934388160706,-0.3520068824291229,0.09345933794975281
1134,-0.34844809770584106,0.09429420530796051,0.5196607708930969
1135,-0.38236674666404724,0.15793542563915253,0.2969151735305786
1136,0.009446325711905956,0.5630351901054382,0.7039452791213989
1137,-0.374914288520813,0.11984818428754807,0.3729369044303894
1138,-0.6768379211425781,-0.4132402241230011,0.11895141750574112
1139,-0.3887704312801361,0.15370593965053558,0.3057369887828827
1140,0.0037475530989468098,0.5864971876144409,0.6534936428070068
1141,-0.39363375306129456,0.12574127316474915,0.29464876651763916
1142,-1.0984584093093872,-1.0773327350616455,-0.49602988362312317
1143,0.01809019222855568,0.6389460563659668,0.8049164414405823
1144,0.008296740241348743,0.5729479789733887,0.7382137179374695
1145,-0.5924085974693298,-0.3702542781829834,-0.04937579110264778
1146,-0.8300238251686096,-0.7130136489868164,-0.17921853065490723
1147,-0.9491826295852661,-0.8591668009757996,-0.30258405208587646
1148,-1.0562589168548584,-1.0149126052856445,-0.41050639748573303
1149,-0.5994978547096252,-0.43919837474823,0.16596773266792297
1150,-0.6642943620681763,-0.42840903997421265,-0.07219751924276352
1151,0.01809019222855568,0.558958113193512,0.7188106775283813
1152,-0.5002069473266602,-0.24830304086208344,0.26277390122413635
1153,-0.5545375347137451,-0.33296477794647217,-0.02414722554385662
1154,-0.729941725730896,-0.5416598320007324,-0.16861024498939514
1155,-0.5969523787498474,-0.4145376980304718,-0.05894838646054268
1156,-0.6197825074195862,-0.41127797961235046,-0.08578532189130783
1157,-1.161782145500183,-1.148287296295166,-0.2876819968223572
1158,0.008296740241348743,0.5674716830253601,0.6952946186065674
1159,-1.077895164489746,-1.0242890119552612,-0.45762670040130615
1160,-0.7272212505340576,-0.5338174104690552,-0.1391090601682663
1161,-1.1196287870407104,-1.1082922220230103,-0.4349299371242523
1162,0.009446325711905956,0.5506518483161926,0.8296418786048889
1163,-1.0752767324447632,-1.0135012865066528,-0.4023546576499939
1164,-1.0250800848007202,-0.9427440762519836,-0.4382839500904083
1165,-1.1176778078079224,-1.0571568012237549,-0.27111881971359253
1166,0.005601134151220322,0.5484988689422607,0.5864235162734985
1167,-1.105531096458435,-1.0597074031829834,-0.4313798248767853
1168,-1.1021329164505005,-1.0989376306533813,-0.49765095114707947
1169,-1.1017297506332397,-1.0837818384170532,-0.48121538758277893
1170,-1.121380090713501,-1.0778255462646484,-0.4861741065979004
1171,-0.9516943097114563,-0.8426779508590698,-0.48081302642822266
1172,-1.0681018829345703,-1.0213088989257812,-0.4988040626049042
1173,-1.1092437505722046,-1.0835679769515991,-0.48932480812072754
1174,-1.0802770853042603,-1.0184863805770874,-0.49894964694976807
1175,-1.087648630142212,-0.924865186214447,-0.40314844250679016
1176,-1.120269536972046,-1.0842276811599731,-0.4898776412010193
1177,-1.1143617630004883,-1.081413745880127,-0.47946104407310486
1178,-1.0887503623962402,-1.0443265438079834,-0.5017954111099243
1179,-1.0992307662963867,-1.059876561164856,-0.49707481265068054
1180,-1.121964693069458,-1.078277587890625,-0.48151329159736633
1181,-1.1457487344741821,-1.067651391029358,-0.48023900389671326
1182,-1.1423554420471191,-1.068611741065979,-0.4793705344200134
1183,-1.0427240133285522,-1.0008618831634521,-0.49744728207588196
1184,-1.110548734664917,-1.0735708475112915,-0.45961204171180725
1185,-1.0943514108657837,-1.05121910572052,-0.4959000051021576
1186,-1.1171807050704956,-1.0373060703277588,-0.49018511176109314
1187,-1.0527178049087524,-1.0292538404464722,-0.4309949576854706
1188,-1.1080684661865234,-1.0857990980148315,-0.4975340664386749
1189,-1.060414433479309,-1.0104587078094482,-0.49721410870552063
1190,-1.1108627319335938,-1.0287493467330933,-0.48409968614578247
1191,-1.0372470617294312,-0.9796551465988159,-0.5062950253486633
1192,-1.0872185230255127,-1.0669283866882324,-0.49063363671302795
1193,-1.0478543043136597,-1.013974905014038,-0.47963181138038635
1194,-0.452851265668869,-0.1465209573507309,0.14720161259174347
1195,-0.4113526940345764,-0.08744094520807266,0.16460248827934265
1196,-0.7541714310646057,-0.5479875802993774,-0.19761712849140167
1197,-0.9065432548522949,-0.8064568042755127,-0.36538273096084595
1198,-1.1298003196716309,-0.7570534944534302,-0.21061116456985474
1199,-1.0853996276855469,-1.0170836448669434,-0.47823458909988403
1200,-0.6601854562759399,-0.49056199193000793,-0.02647649310529232
1201,-0.7558989524841309,-0.6120421290397644,-0.21855668723583221
1202,-0.42957523465156555,-0.2201823592185974,0.18003369867801666
1203,-0.5806203484535217,-0.38738182187080383,-0.03921392932534218
1204,-0.5763583183288574,-0.32841956615448,-0.04599657654762268
1205,-0.8580704927444458,-0.8008185029029846,-0.27780723571777344
1206,-0.7550516724586487,-0.6306399703025818,-0.17698268592357635
1207,-0.7584699988365173,-0.622239351272583,-0.24298276007175446
1208,-1.0370255708694458,-0.987177312374115,-0.4791528880596161
1209,-0.3731535077095032,-0.11481183022260666,0.26987916231155396
1210,-0.838967502117157,-0.7044963836669922,-0.2533349394798279
1211,-1.0526645183563232,-1.0157279968261719,-0.41315576434135437
1212,-0.49835559725761414,-0.27796846628189087,0.21124950051307678
1213,-1.0493292808532715,-0.9590121507644653,-0.4778177738189697
1214,-1.1223738193511963,-0.922325849533081,-0.4503701627254486
1215,-1.0368176698684692,-0.9863536357879639,-0.5036243796348572
1216,-0.5544201135635376,-0.39383578300476074,6.493052933365107e-05
1217,-1.0504974126815796,-1.0122003555297852,-0.4839467406272888
1218,0.008296740241348743,0.7266513705253601,0.9043931365013123
1219,-0.4734310507774353,-0.2970533072948456,0.4862707257270813
1220,-0.26261812448501587,0.08205900341272354,0.23711523413658142
1221,-0.2866446375846863,0.211250439286232,0.6779683232307434
1222,-0.6072583794593811,-0.3646000623703003,0.2539500296115875
1223,-0.6005212664604187,-0.3090463876724243,0.22375153005123138
1224,-0.23300999402999878,0.21955643594264984,0.6493344902992249
1225,-0.6958712339401245,-0.5465781688690186,0.19818632304668427
1226,0.00994859542697668,0.8647120594978333,1.0580915212631226
1227,-0.12831628322601318,0.3952883780002594,0.6274011731147766
1228,-0.3106016218662262,0.11207249760627747,0.589728057384491
1229,-0.8166720271110535,-0.6231630444526672,0.2958536148071289
1230,-0.3215876519680023,-0.022264696657657623,0.49698692560195923
1231,-0.52287757396698,-0.3949265480041504,0.2704077363014221
1232,-0.37823668122291565,0.132818803191185,0.252053439617157
1233,0.011625335551798344,0.6692935824394226,0.8123598694801331
1234,-0.7369394302368164,-0.44195806980133057,0.1657486855983734
1235,-0.47555452585220337,-0.2067134827375412,0.3635123670101166
1236,-0.40455058217048645,-0.013364652171730995,0.17192985117435455
1237,0.008296740241348743,0.6678576469421387,0.8803050518035889
1238,-0.45475417375564575,-0.07889482378959656,0.33294957876205444
1239,-0.8234461545944214,-0.5629697442054749,0.06337575614452362
1240,-0.3744015097618103,0.057121504098176956,0.27648264169692993
1241,0.024850839748978615,0.5910883545875549,0.7663456201553345
1242,-0.44613564014434814,-0.12603645026683807,0.12699490785598755
1243,0.00994859542697668,0.7092603445053101,0.792487621307373
1244,-0.6290522813796997,-0.42030027508735657,-0.033817701041698456
1245,-0.8358389735221863,-0.6889108419418335,-0.20358680188655853
1246,-0.9890425205230713,-0.9371705055236816,-0.29398274421691895
1247,-1.0677865743637085,-1.0524367094039917,-0.39413589239120483
1248,0.008296740241348743,0.6279398798942566,0.7764450907707214
1249,-0.4616526663303375,-0.15042561292648315,0.07817026972770691
1250,-0.5585301518440247,-0.34955909848213196,0.005360443145036697
1251,-0.7709229588508606,-0.6019153594970703,-0.1306503862142563
1252,-0.6099864840507507,-0.40908724069595337,-0.04708389192819595
1253,-0.6282767057418823,-0.4362899661064148,-0.06015544384717941
1254,-1.1841036081314087,-1.1547260284423828,-0.3705427050590515
1255,0.008296740241348743,0.6532540321350098,0.7640263438224792
1256,-1.0918034315109253,-1.0738462209701538,-0.4586319625377655
1257,-0.7400606870651245,-0.5832443833351135,-0.0652337595820427
1258,-1.123704433441162,-1.1055614948272705,-0.4345231354236603
1259,0.00994859542697668,0.6997044682502747,0.8660518527030945
1260,-1.067095160484314,-1.0399366617202759,-0.36440587043762207
1261,-1.0518500804901123,-0.9842979311943054,-0.3992277681827545
1262,-1.1019774675369263,-1.0754191875457764,-0.2752627432346344
1263,0.004211108665913343,0.6292651295661926,0.6151652336120605
1264,-1.1104227304458618,-1.0891798734664917,-0.4595436155796051
1265,-0.36556315422058105,-0.15766166150569916,0.7145572900772095
1266,-0.24473530054092407,0.14314697682857513,0.3278675973415375
1267,-0.14576701819896698,0.24531109631061554,0.653199315071106
1268,-0.44034165143966675,-0.1742049604654312,0.6192541718482971
1269,-0.4578273296356201,-0.17621146142482758,0.4694242477416992
1270,-0.19983118772506714,0.2969368100166321,0.7773418426513672
1271,-0.49314072728157043,-0.337198942899704,0.6003185510635376
1272,0.024850839748978615,0.6964778304100037,0.760107696056366
1273,-0.10884785652160645,0.3256886899471283,0.6061661243438721
1274,-0.2184273600578308,0.19155868887901306,0.6056757569313049
1275,-0.6479290723800659,-0.41920676827430725,0.35521042346954346
1276,-0.2388862818479538,0.0883302241563797,0.5484196543693542
1277,-0.35893508791923523,-0.07604002952575684,0.6348277926445007
1278,-0.3807859420776367,0.21969853341579437,0.32771700620651245
1279,0.008296740241348743,0.6051947474479675,0.7615525722503662
1280,-0.6292121410369873,-0.4181535243988037,0.387652724981308
1281,-0.3061222732067108,-0.05013672262430191,0.6680595278739929
1282,-0.3637436628341675,0.1329248994588852,0.282466322183609
1283,0.019610358402132988,0.6359729766845703,0.7676182389259338
1284,-0.4005311131477356,-0.07019982486963272,0.28381696343421936
1285,-0.6340847611427307,-0.4478718340396881,0.3927491009235382
1286,-0.36612871289253235,0.17701366543769836,0.3035595118999481
1287,0.007543252315372229,0.5306838750839233,0.6894433498382568
1288,-0.3858952820301056,0.05055413022637367,0.24929699301719666
1289,-0.595508337020874,-0.40292415022850037,-0.03552491217851639
1290,-0.8413723111152649,-0.7412794232368469,-0.250230997800827
1291,-0.9419189095497131,-0.8690186142921448,-0.31864625215530396
1292,-1.05697762966156,-1.036374807357788,-0.4175378978252411
1293,-0.6188441514968872,-0.48158973455429077,0.27951496839523315
1294,-0.6446568369865417,-0.4132730960845947,-0.050882190465927124
1295,0.008296740241348743,0.6758054494857788,0.7717970609664917
1296,-0.4968762993812561,-0.2395390272140503,0.04545743763446808
1297,-0.5430103540420532,-0.34969407320022583,0.016058299690485
1298,-0.7258889675140381,-0.5694875717163086,-0.18368326127529144
1299,-0.6016523241996765,-0.4194841682910919,-0.0740036740899086
1300,-0.6119683980941772,-0.4369122385978699,-0.0756559893488884
1301,-1.1775221824645996,-1.1488947868347168,-0.40028220415115356
1302,0.00994859542697668,0.5593786239624023,0.7917320728302002
1303,-1.0764316320419312,-1.043241024017334,-0.4715644419193268
1304,-0.7119961977005005,-0.5688616037368774,-0.20285697281360626
1305,-1.110955834388733,-1.105566382408142,-0.46021339297294617
1306,0.019610358402132988,0.6307722926139832,0.7704369425773621
1307,-1.068649172782898,-0.9557815194129944,-0.4584128260612488
1308,-1.0046207904815674,-0.9223092198371887,-0.4016927480697632
1309,-1.1246824264526367,-1.1049790382385254,-0.3010388910770416
1310,0.024083362892270088,0.4658178985118866,0.5826212167739868
1311,-1.1098326444625854,-1.0795708894729614,-0.49822893738746643
1312,-0.7955144047737122,-0.6414079070091248,-0.2044653296470642
1313,-0.6003654599189758,-0.2427728772163391,0.010285457596182823
1314,-0.5806174874305725,-0.33887583017349243,-0.05594779551029205
1315,-0.7020271420478821,-0.5087454319000244,-0.18956156075000763
1316,-0.5473456978797913,-0.268371045589447,-0.010902701877057552
1317,-0.5478501319885254,-0.2666007876396179,-0.01435660757124424
1318,-0.5933285355567932,-0.41427505016326904,-0.022703833878040314
1319,-0.5541310906410217,-0.3483029901981354,-0.014229916967451572
1320,-0.5536027550697327,-0.33706972002983093,-0.02164817601442337
1321,-0.5803952217102051,-0.2828926742076874,-0.035888124257326126
1322,-0.5441978573799133,-0.23947058618068695,-0.001275334507226944
1323,-0.5444471836090088,-0.23793841898441315,-0.014870367012917995
1324,-0.7501029372215271,-0.5600723028182983,-0.20275460183620453
1325,-0.5905197262763977,-0.41009366512298584,-0.04942508786916733
1326,-0.7010436058044434,-0.517462968826294,-0.1882769912481308
1327,-0.5784915685653687,-0.2988387942314148,-0.03364044427871704
1328,-0.7475542426109314,-0.49295130372047424,-0.19376108050346375
1329,-0.5923476815223694,-0.4010913372039795,-0.024392452090978622
1330,-0.6719034314155579,-0.4638174772262573,-0.10817410051822662
1331,-0.6143906116485596,-0.35978963971138,-0.07617659121751785
1332,-0.7680858969688416,-0.5740189552307129,-0.22562739253044128
1333,-0.6086381673812866,-0.3930899202823639,-0.02049894444644451
1334,-0.7532604336738586,-0.5309448838233948,-0.19926267862319946
1335,-0.8260098695755005,-0.5511725544929504,0.04353063553571701
1336,-0.9128933548927307,-0.830315887928009,-0.31355640292167664
1337,-1.120486855506897,-1.003249168395996,-0.3928423523902893
1338,-0.5860521793365479,-0.3862631916999817,-0.03570408374071121
1339,-0.5820404887199402,-0.21099013090133667,-0.04529265686869621
1340,-0.4593484699726105,-0.27691248059272766,0.6849951148033142
1341,-0.5582943558692932,-0.370082825422287,-0.0027711812872439623
1342,-0.5462418794631958,-0.3449018895626068,-0.018619274720549583
1343,-0.754243016242981,-0.5428508520126343,-0.24255776405334473
1344,-0.5695937275886536,-0.329984575510025,-0.04435540735721588
1345,-0.5837545394897461,-0.3848418593406677,-0.0680059939622879
1346,-1.1475205421447754,-1.081480622291565,-0.47080665826797485
1347,-0.44414520263671875,-0.1970413327217102,0.42757925391197205
1348,-1.1485296487808228,-1.077813744544983,-0.4926459789276123
1349,-0.7610852718353271,-0.5955997705459595,-0.24868841469287872
1350,-1.1148924827575684,-1.084952473640442,-0.5063897371292114
1351,-0.4404885768890381,-0.2712306082248688,0.7233026027679443
1352,-1.1956743001937866,-1.0466139316558838,-0.47903409600257874
1353,-1.0218106508255005,-0.8609994053840637,-0.403736412525177
1354,-1.0919088125228882,-1.0326071977615356,-0.34263715147972107
1355,-0.5764208436012268,-0.3640184998512268,0.19329534471035004
1356,-1.0990768671035767,-1.0624349117279053,-0.4774510860443115
1357,-0.8231815695762634,-0.686565101146698,-0.18363410234451294
1358,-0.8600383400917053,-0.7224801182746887,-0.26521024107933044
1359,-0.8710504770278931,-0.7842921614646912,-0.4267696738243103
1360,-0.8170278072357178,-0.6413611173629761,0.28203532099723816
1361,-0.880908191204071,-0.704683780670166,-0.22738051414489746
1362,-0.8488849997520447,-0.7683703899383545,-0.2991809546947479
1363,-0.7777119874954224,-0.5726250410079956,0.010764864273369312
1364,-0.8269186615943909,-0.7096419334411621,-0.2851722240447998
1365,-0.8852380514144897,-0.7803665995597839,-0.32504937052726746
1366,-0.8509171009063721,-0.7065562009811401,-0.029649492353200912
1367,-0.8295832276344299,-0.7069905996322632,-0.1780012547969818
1368,-0.9040416479110718,-0.7859610915184021,-0.3048214614391327
1369,-0.8511708974838257,-0.7885823845863342,-0.3071261942386627
1370,-0.8984432220458984,-0.7842512726783752,-0.42480945587158203
1371,-0.8411054611206055,-0.7091182470321655,-0.1837078481912613
1372,-0.9025582671165466,-0.791478157043457,-0.2504892945289612
1373,-0.8507965803146362,-0.7686526775360107,-0.3731193244457245
1374,-0.8496664762496948,-0.6848903298377991,-0.16475555300712585
1375,-0.8750433921813965,-0.7600125670433044,-0.3639884889125824
1376,-0.8981882929801941,-0.7857134342193604,-0.26509544253349304
1377,-0.8222639560699463,-0.6599329113960266,-0.20072390139102936
1378,-0.9073967337608337,-0.8004499673843384,-0.3782256245613098
1379,-0.9250165820121765,-0.749544620513916,-0.19467440247535706
1380,-0.9094207286834717,-0.7954189777374268,-0.39509421586990356
1381,-0.6503638029098511,-0.4342697858810425,-0.13498620688915253
1382,-0.7732061743736267,-0.6758667826652527,-0.22831812500953674
1383,-0.1551961749792099,0.2219853401184082,0.4702675938606262
1384,-0.6111993789672852,-0.419475257396698,-0.05775344744324684
1385,-0.6099423170089722,-0.4190720021724701,0.0425872728228569
1386,-0.9482173323631287,-0.7399284839630127,-0.23336178064346313
1387,-0.7696905136108398,-0.563563346862793,-0.24308207631111145
1388,-0.8497436046600342,-0.6299887895584106,-0.23261918127536774
1389,-0.9740456342697144,-0.8803381323814392,-0.42681390047073364
1390,-0.19778282940387726,0.2856752872467041,0.5763901472091675
1391,-0.9319049715995789,-0.7875370383262634,-0.440536230802536
1392,-0.9147239923477173,-0.6843469738960266,-0.2889339327812195
1393,-0.933418869972229,-0.7400081157684326,-0.3826458156108856
1394,-0.27351489663124084,0.225389301776886,0.3178269565105438
1395,-0.9089769124984741,-0.7622491121292114,-0.22037307918071747
1396,-0.930164098739624,-0.7487878203392029,-0.256253182888031
1397,-0.907832682132721,-0.8310312032699585,-0.4135562479496002
1398,-0.43904784321784973,-0.06094381958246231,0.1806086152791977
1399,-0.9515621066093445,-0.8856057524681091,-0.49502506852149963
1400,-0.9085360765457153,-0.6478467583656311,-0.22947120666503906
1401,-1.6877244710922241,-0.638109028339386,-0.08357406407594681
1402,-0.7535837888717651,-0.5812898874282837,-0.1389169692993164
1403,-0.8542458415031433,-0.6016323566436768,-0.22437821328639984
1404,-0.8367382884025574,-0.6338127255439758,-0.2225932627916336
1405,-1.0809682607650757,-0.7293357849121094,-0.2532974183559418
1406,-0.9721984267234802,-0.6550841927528381,-0.2752901613712311
1407,-1.0407781600952148,-0.8019440770149231,-0.28929051756858826
1408,-1.087934136390686,-0.9002920985221863,-0.16656528413295746
1409,-0.5968089699745178,-0.34227287769317627,0.12125319987535477
1410,-0.7707408666610718,-0.5043050646781921,-0.151063933968544
1411,-0.12120682001113892,0.20142848789691925,0.9120749235153198
1412,-0.5267403721809387,-0.196818545460701,0.04911644011735916
1413,-0.5413163900375366,-0.215174600481987,-0.009744791314005852
1414,-0.5859023928642273,-0.3840479850769043,0.05438501387834549
1415,-0.7246016263961792,-0.48677700757980347,-0.18085287511348724
1416,-0.18092869222164154,0.27472761273384094,0.9621723890304565
1417,-1.0789140462875366,-1.0174858570098877,-0.49211564660072327
1418,-0.7629960179328918,-0.6053086519241333,-0.25627055764198303
1419,-1.0865404605865479,-1.0568593740463257,-0.5063498020172119
1420,-0.17104284465312958,0.13306930661201477,0.819831371307373
1421,-1.007707118988037,-0.9179684519767761,-0.4231940805912018
1422,-1.039514422416687,-0.8467175960540771,-0.36732354760169983
1423,-0.27168092131614685,-0.054112132638692856,0.3374252915382385
1424,-1.0649609565734863,-1.0176767110824585,-0.4988040626049042
1425,-1.1592504978179932,-0.8254304528236389,-0.09253184497356415
1426,-0.9476194977760315,-0.8188959956169128,-0.29778873920440674
1427,-0.9324992299079895,-0.7668247818946838,-0.3203207850456238
1428,-0.8694148063659668,-0.7508348822593689,-0.25920259952545166
1429,-0.9613462090492249,-0.863659679889679,-0.31597307324409485
1430,-0.9618317484855652,-0.8454453945159912,-0.3123665452003479
1431,-0.9370623826980591,-0.8599877953529358,-0.30126112699508667
1432,-0.932357132434845,-0.7913229465484619,-0.297394335269928
1433,-0.924612820148468,-0.7440162897109985,-0.31293660402297974
1434,-1.1248078346252441,-0.7615342140197754,-0.2797184884548187
1435,-0.8569832444190979,-0.7667983770370483,-0.2519427239894867
1436,-1.0259902477264404,-0.8029614090919495,-0.12704947590827942
1437,-0.9644367098808289,-0.8161883354187012,-0.3071487843990326
1438,-1.0372968912124634,-0.7838279008865356,-0.03881088271737099
1439,-0.9470034241676331,-0.8522505164146423,-0.28548064827919006
1440,-1.0902256965637207,-0.8631889224052429,-0.32004934549331665
1441,-0.9452285766601562,-0.7969040274620056,-0.3078843057155609
1442,-0.9931885004043579,-0.9272216558456421,-0.3125731348991394
1443,-1.0228679180145264,-0.7415775656700134,0.16482703387737274
1444,-1.1971583366394043,-0.9811177253723145,-0.19394409656524658
1445,-0.5997492074966431,-0.4285750091075897,-0.08914237469434738
1446,-0.7420379519462585,-0.5421625971794128,-0.2155848890542984
1447,-0.42183953523635864,-0.24044489860534668,0.8815387487411499
1448,-0.5636987686157227,-0.3516629934310913,-0.03118406981229782
1449,-0.5500579476356506,-0.32223767042160034,-0.028562413528561592
1450,-0.7870506644248962,-0.6402402520179749,-0.2540068030357361
1451,-0.596158504486084,-0.43822699785232544,-0.0761149451136589
1452,-0.729487419128418,-0.5536359548568726,-0.18559418618679047
1453,-1.11726713180542,-1.0799570083618164,-0.49173977971076965
1454,-0.4209592044353485,-0.16105280816555023,0.4909067749977112
1455,-1.2345694303512573,-1.07076895236969,-0.47805067896842957
1456,-0.7648064494132996,-0.6276407241821289,-0.2428644299507141
1457,-1.1495417356491089,-1.044939637184143,-0.46230992674827576
1458,-0.4734140634536743,-0.29601672291755676,0.8389365673065186
1459,-1.275832176208496,-1.022398829460144,-0.4619080126285553
1460,-1.1357126235961914,-0.9773552417755127,-0.418983519077301
1461,-1.0767055749893188,-1.0444703102111816,-0.4903939962387085
1462,-0.6184601187705994,-0.44165119528770447,-0.006045210175216198
1463,-1.1066416501998901,-1.02732253074646,-0.4631993770599365
1464,-1.0601335763931274,-0.9688750505447388,-0.4006909728050232
1465,-1.1797916889190674,-0.9917930960655212,-0.17187528312206268
1466,-1.0717270374298096,-1.008055329322815,-0.39958876371383667
1467,-1.062856674194336,-1.0132559537887573,-0.3993539810180664
1468,-1.0548527240753174,-0.9702253937721252,-0.4007602632045746
1469,-1.246385097503662,-1.049424409866333,-0.18336816132068634
1470,-1.1181641817092896,-0.984232485294342,-0.31231552362442017
1471,-1.1810812950134277,-1.0046184062957764,-0.3821046054363251
1472,-1.0568346977233887,-0.955252468585968,-0.4373254179954529
1473,-1.0610607862472534,-1.0147312879562378,-0.40981850028038025
1474,-1.1129400730133057,-1.0369993448257446,-0.47217410802841187
1475,-1.2183585166931152,-0.9877665638923645,-0.10167956352233887
1476,-1.0572563409805298,-0.9846282005310059,-0.45353299379348755
1477,-1.0682523250579834,-0.9655888080596924,-0.39627963304519653
1478,-1.0836023092269897,-0.9927523732185364,-0.28897178173065186
1479,-1.2619980573654175,-1.0820742845535278,-0.47217410802841187
1480,-1.0556254386901855,-0.9204692244529724,-0.473104864358902
1481,-1.0687788724899292,-1.0276073217391968,-0.44013774394989014
1482,-1.0629217624664307,-0.9962441921234131,-0.46132028102874756
1483,-0.6195615530014038,-0.3968890905380249,-0.04781298339366913
1484,-0.750682532787323,-0.5703057050704956,-0.21614862978458405
1485,-0.46603018045425415,-0.3090090751647949,0.8286722898483276
1486,-0.5563939213752747,-0.24494999647140503,-0.020217396318912506
1487,-0.548775851726532,-0.24587127566337585,-0.03302495926618576
1488,-0.7942817807197571,-0.6810397505760193,-0.26254162192344666
1489,-0.6901248097419739,-0.4927346408367157,-0.1078420877456665
1490,-0.7449321746826172,-0.5863720774650574,-0.1887737363576889
1491,-1.0514322519302368,-1.0008344650268555,-0.4990153908729553
1492,-0.4001052975654602,-0.14297880232334137,0.6636133790016174
1493,-1.143946647644043,-1.0776883363723755,-0.5030045509338379
1494,-0.7815370559692383,-0.6461077928543091,-0.26388972997665405
1495,-1.0563043355941772,-1.031546950340271,-0.49750733375549316
1496,-0.5022202134132385,-0.2779603898525238,0.7278205752372742
1497,-1.1470022201538086,-1.0069236755371094,-0.4728878438472748
1498,-1.3005969524383545,-0.9672718048095703,-0.47897881269454956
1499,-1.036331057548523,-0.9523157477378845,-0.42194074392318726
1500,-0.6308997869491577,-0.43982914090156555,0.09137426316738129
1501,-1.0430251359939575,-1.0064492225646973,-0.49750733375549316
1502,-0.599168598651886,-0.40756064653396606,-0.054671116173267365
1503,-0.588762104511261,-0.38247182965278625,0.24549686908721924
1504,-0.573265016078949,-0.33249861001968384,-0.06359940022230148
1505,-0.5730025172233582,-0.3190790116786957,-0.035980336368083954
1506,-0.6527493596076965,-0.5220382213592529,-0.09642668068408966
1507,-0.5764428377151489,-0.3519565761089325,-0.04615103453397751
1508,-0.5908221006393433,-0.3911825716495514,-0.050259169191122055
1509,-0.6448322534561157,-0.47466447949409485,-0.19222266972064972
1510,-0.5848438739776611,-0.3875727951526642,0.3289855718612671
1511,-0.6175686717033386,-0.4344753324985504,0.06034620478749275
1512,-0.6090077757835388,-0.4110682010650635,-0.08199909329414368
1513,-0.6320837736129761,-0.46336591243743896,-0.07174132019281387
1514,-0.610929548740387,-0.41743943095207214,0.3752748370170593
1515,-0.6091007590293884,-0.3918795883655548,-0.11755157262086868
1516,-0.6554514765739441,-0.4597229063510895,0.28075864911079407
1517,-0.6087598204612732,-0.4045683443546295,-0.00549352215602994
1518,-0.6485318541526794,-0.44865912199020386,-0.017600079998373985
1519,-0.6117663383483887,-0.3235323131084442,-0.02780219353735447
1520,-0.17991092801094055,0.1514948606491089,0.7595083713531494
1521,-0.5141530632972717,-0.25555071234703064,0.002597374841570854
1522,-0.5321748852729797,-0.25829046964645386,0.0017896350473165512
1523,-0.8027854561805725,-0.6524516344070435,-0.24609273672103882
1524,-0.5735427737236023,-0.33166036009788513,-0.039193060249090195
1525,-0.23004531860351562,0.32642316818237305,0.8222402334213257
1526,-1.073695182800293,-1.010114073753357,-0.44575345516204834
1527,-1.1003583669662476,-1.0665804147720337,-0.49526381492614746
1528,-0.23246626555919647,0.02561769261956215,0.7525942921638489
1529,-1.0537335872650146,-1.0314650535583496,-0.39740511775016785
1530,-1.029241919517517,-0.9271119236946106,-0.3974999189376831
1531,-0.21799719333648682,0.07220367342233658,0.3247385025024414
1532,-1.0957697629928589,-0.9930020570755005,-0.4270663559436798
1533,-0.6520246267318726,-0.4316113591194153,-0.046294741332530975
1534,-0.57340008020401,-0.3019368648529053,-0.030453618615865707
1535,-0.5718594789505005,-0.25485968589782715,-0.025549087673425674
1536,-0.7415691614151001,-0.40056145191192627,-0.15165458619594574
1537,-0.5664008259773254,-0.2811466455459595,-0.022319510579109192
1538,-0.6458932161331177,-0.3109859526157379,-0.06679227203130722
1539,-0.7721095681190491,-0.6281067728996277,-0.23869413137435913
1540,-0.6530454754829407,-0.4187987744808197,-0.05179065465927124
1541,-0.7547099590301514,-0.5874022245407104,-0.22200262546539307
1542,-0.7226066589355469,-0.4748619496822357,-0.17142993211746216
1543,-0.7702285051345825,-0.562361478805542,-0.22117941081523895
1544,-0.7345181107521057,-0.5498502850532532,-0.19868074357509613
1545,-0.7382541298866272,-0.5036078095436096,-0.19973205029964447
1546,-0.786792516708374,-0.6643351912498474,-0.23776467144489288
1547,-0.6487321257591248,-0.36137622594833374,-0.017983093857765198
1548,-0.7790566682815552,-0.6224072575569153,-0.22933542728424072
1549,-0.5008692145347595,-0.3768994212150574,0.7960917949676514
1550,-0.5682673454284668,-0.3998395502567291,-0.02936410903930664
1551,-0.5564655661582947,-0.36040085554122925,-0.02008712664246559
1552,-0.7529371976852417,-0.5462453961372375,-0.22135871648788452
1553,-0.5779202580451965,-0.374359667301178,-0.06047496199607849
1554,-0.6469317674636841,-0.42057207226753235,-0.13447146117687225
1555,-1.1319433450698853,-1.090871810913086,-0.45578324794769287
1556,-0.5710294246673584,-0.3354784846305847,0.5520170331001282
1557,-1.2113431692123413,-1.056013822555542,-0.48074209690093994
1558,-0.7552382349967957,-0.5985097289085388,-0.24427509307861328
1559,-1.1042696237564087,-1.0787312984466553,-0.49738791584968567
1560,-0.6148900985717773,-0.4464646875858307,0.8050768375396729
1561,-1.2306873798370361,-1.03887140750885,-0.4783579409122467
1562,-1.0267800092697144,-0.8267288208007812,-0.3933267593383789
1563,-1.0962648391723633,-1.017741322517395,-0.4161823093891144
1564,-0.7205976843833923,-0.459285706281662,0.07823806256055832
1565,-1.1045477390289307,-1.0799360275268555,-0.47787806391716003
1566,-0.1124911829829216,0.2925399839878082,0.7403033375740051
1567,-0.28535595536231995,-0.07275301218032837,0.5969836115837097
1568,-0.5349485278129578,-0.4387005865573883,0.6422555446624756
1569,-0.34607183933258057,-0.028882497921586037,0.6921462416648865
1570,-0.4286780059337616,-0.26095661520957947,0.6792402267456055
1571,-0.2712754011154175,0.25814199447631836,0.41397231817245483
1572,0.00994859542697668,0.5573922991752625,0.7748804092407227
1573,-0.6112427711486816,-0.4175695776939392,0.6262020468711853
1574,-0.39393946528434753,-0.21440532803535461,0.7775216698646545
1575,-0.32115039229393005,-0.06573904305696487,0.2100469172000885
1576,0.008296740241348743,0.6328463554382324,0.8172179460525513
1577,-0.38899123668670654,-0.1421634703874588,0.7108300924301147
1578,-0.6865741610527039,-0.5448079109191895,0.3660086691379547
1579,-0.23505248129367828,0.2024386078119278,0.4251939654350281
1580,0.01809019222855568,0.4596344530582428,0.6883559226989746
1581,-0.37944257259368896,-0.0896572470664978,0.18987181782722473
1582,-0.4520244896411896,-0.23803910613059998,-0.006817851215600967
1583,-0.5379530787467957,-0.3194275498390198,0.01196653489023447
1584,-0.5847554802894592,-0.4246389865875244,-0.06151300296187401
1585,-0.6038158535957336,-0.45131224393844604,-0.07973425090312958
1586,-1.172547698020935,-1.1704877614974976,-0.45634719729423523
1587,0.024850839748978615,0.594090461730957,0.7993239164352417
1588,-1.0793765783309937,-1.042296051979065,-0.46051812171936035
1589,-0.6388868689537048,-0.449476957321167,-0.12895680963993073
1590,-1.135113000869751,-1.0171681642532349,-0.43744370341300964
1591,0.00994859542697668,0.7003984451293945,0.8623120784759521
1592,-1.0708802938461304,-0.9842304587364197,-0.43962982296943665
1593,-0.9346159100532532,-0.8135985732078552,-0.3699435889720917
1594,-1.1281163692474365,-1.1104522943496704,-0.3910437822341919
1595,0.017512399703264236,0.42327630519866943,0.6022933125495911
1596,-1.1094517707824707,-0.9864393472671509,-0.5064480900764465
1597,-0.5028241276741028,-0.2991839051246643,-0.01825626567006111
1598,-0.5947844982147217,-0.4084986448287964,-0.04195738583803177
1599,-0.5393350124359131,-0.31792202591896057,-0.006083219312131405
1600,-0.5570526719093323,-0.37391871213912964,-0.020154396072030067
1601,-0.5966265201568604,-0.38675054907798767,-0.05227058753371239
1602,-0.45271044969558716,-0.18298029899597168,0.03126954659819603
1603,-0.5758851170539856,-0.2878294885158539,-0.02324994094669819
1604,-0.5487182140350342,-0.327868789434433,-0.03099704720079899
1605,-0.588754415512085,-0.3587278723716736,-0.027285553514957428
1606,-0.5138012766838074,-0.27666211128234863,0.011108958162367344
1607,-0.5485038161277771,-0.23842377960681915,-0.028245050460100174
1608,-0.6134095191955566,-0.42670950293540955,-0.044168587774038315
1609,-0.5921549797058105,-0.4355025589466095,-0.08006031811237335
1610,-0.5025218725204468,-0.22883065044879913,0.030891824513673782
1611,-0.57281893491745,-0.36785122752189636,-0.03411438688635826
1612,-0.5255910754203796,-0.29186490178108215,-0.013277660124003887
1613,-0.7786586284637451,-0.6485501527786255,-0.21785883605480194
1614,-0.5673720836639404,-0.3509926497936249,-0.03818704932928085
1615,-0.585682213306427,-0.41256898641586304,-0.07990454882383347
1616,-1.174088954925537,-1.1288037300109863,-0.48933348059654236
1617,-0.09228584915399551,0.33441299200057983,0.6770761013031006
1618,-1.0988893508911133,-1.0276707410812378,-0.45325955748558044
1619,-0.7727400064468384,-0.6360437273979187,-0.2156786322593689
1620,-1.1200315952301025,-1.0690321922302246,-0.49094104766845703
1621,-0.12454719841480255,0.17706067860126495,0.7235878705978394
1622,-1.0641741752624512,-1.033875823020935,-0.3925520181655884
1623,-1.0284788608551025,-0.9552023410797119,-0.4031940996646881
1624,-1.0923216342926025,-0.9307844638824463,-0.16650165617465973
1625,-0.1514580249786377,0.22373680770397186,0.3902854025363922
1626,-1.0978089570999146,-1.04116690158844,-0.48504483699798584
1627,-0.5688542723655701,-0.31581586599349976,-0.023550814017653465
1628,-0.5494475364685059,-0.29093673825263977,-0.017379427328705788
1629,-0.5442671179771423,-0.30088311433792114,-0.01888817921280861
1630,-0.6059971451759338,-0.37747976183891296,-0.038432102650403976
1631,-0.5318379402160645,-0.29743149876594543,0.006948093418031931
1632,-0.5636840462684631,-0.2555629014968872,-0.0370778925716877
1633,-0.5541554093360901,-0.27747681736946106,-0.024207036942243576
1634,-0.5804527997970581,-0.3271154761314392,-0.03275562822818756
1635,-0.5488423109054565,-0.35885560512542725,-0.02522525005042553
1636,-0.5487419962882996,-0.2071269303560257,-0.010029342025518417
1637,-0.5873648524284363,-0.3836236894130707,-0.017392368987202644
1638,-0.6126420497894287,-0.4354751706123352,-0.08884868025779724
1639,-0.5466911792755127,-0.28707966208457947,-0.017678512260317802
1640,-0.5839613676071167,-0.34137359261512756,-0.03964134678244591
1641,-0.7641406059265137,-0.5554494261741638,-0.22625485062599182
1642,-0.566748321056366,-0.33548465371131897,-0.04492223635315895
1643,-0.5812262892723083,-0.37797966599464417,-0.057779017835855484
1644,-1.1581010818481445,-1.1258838176727295,-0.47960981726646423
1645,-0.2964739501476288,0.20003466308116913,0.5304194092750549
1646,-1.101095199584961,-1.0467252731323242,-0.4508801996707916
1647,-0.7665694952011108,-0.5916340351104736,-0.22585932910442352
1648,-1.1092824935913086,-1.0613752603530884,-0.4765833914279938
1649,-0.24716909229755402,-0.001993930898606777,0.9062716960906982
1650,-1.0598793029785156,-1.0316481590270996,-0.39763471484184265
1651,-0.9993942379951477,-0.8765575885772705,-0.4024159908294678
1652,-1.0938005447387695,-1.0293387174606323,-0.3216729760169983
1653,-0.32493749260902405,0.12223070859909058,0.3632321357727051
1654,-1.0967223644256592,-1.0436584949493408,-0.473259836435318
1655,-0.7584397196769714,-0.5872272849082947,-0.23288218677043915
1656,-0.7490816712379456,-0.578053891658783,-0.21974925696849823
1657,-0.9169185161590576,-0.8116225600242615,-0.30405867099761963
1658,-0.6903905272483826,-0.48138198256492615,-0.15039220452308655
1659,-0.8627297282218933,-0.7161869406700134,-0.2605845034122467
1660,-0.760502278804779,-0.578648567199707,-0.23805230855941772
1661,-0.8514948487281799,-0.7742346525192261,-0.2674350440502167
1662,-0.8280206918716431,-0.6475812792778015,-0.27528446912765503
1663,-0.8041795492172241,-0.5981511473655701,-0.25197309255599976
1664,-0.9348627924919128,-0.7270294427871704,-0.21508100628852844
1665,-0.7451179623603821,-0.6008573770523071,-0.18243134021759033
1666,-0.8658221364021301,-0.7605181336402893,-0.2628413438796997
1667,-0.5936818718910217,-0.40704867243766785,-0.0674082562327385
1668,-0.7245574593544006,-0.5202835202217102,-0.1952713429927826
1669,-1.114514708518982,-1.093506097793579,-0.5063112378120422
1670,-0.5887592434883118,-0.3548254668712616,0.5138124823570251
1671,-1.1517910957336426,-1.073691487312317,-0.4850424528121948
1672,-0.7696707844734192,-0.5912120342254639,-0.24299125373363495
1673,-1.10158371925354,-1.0598292350769043,-0.48121538758277893
1674,-0.5447373390197754,-0.40664300322532654,0.819725513458252
1675,-1.2031699419021606,-1.098730444908142,-0.5064195990562439
1676,-1.061455488204956,-0.9546183943748474,-0.39853793382644653
1677,-1.0871976613998413,-1.0093985795974731,-0.41069066524505615
1678,-0.7999359965324402,-0.6115140318870544,0.12743428349494934
1679,-1.091815710067749,-1.0426664352416992,-0.48121538758277893
1680,-0.5717119574546814,-0.33820563554763794,-0.04108203202486038
1681,-0.75830078125,-0.602366030216217,-0.21499375998973846
1682,-0.5931470990180969,-0.41947415471076965,-0.06548120826482773
1683,-0.7033226490020752,-0.5189253091812134,-0.11700927466154099
1684,-0.6111084818840027,-0.39598914980888367,-0.02526986598968506
1685,-0.7406644821166992,-0.5655872821807861,-0.20199398696422577
1686,-0.5970337390899658,-0.41365909576416016,-0.07402849942445755
1687,-0.6973946690559387,-0.49735647439956665,-0.09949388355016708
1688,-0.6413000226020813,-0.4753032624721527,-0.09479176998138428
1689,-0.7670674920082092,-0.5937895178794861,-0.23976010084152222
1690,-0.5731221437454224,-0.37784382700920105,-0.010398858226835728
1691,-0.773037850856781,-0.6047398447990417,-0.23375602066516876
1692,-0.6065630912780762,-0.4070933163166046,-0.07375149428844452
1693,-1.1677647829055786,-1.115425944328308,-0.46716052293777466
1694,-0.290138840675354,0.1413111537694931,0.49103203415870667
1695,-1.1697771549224854,-1.0893888473510742,-0.44831132888793945
1696,-0.7599704265594482,-0.6019426584243774,-0.23282083868980408
1697,-1.128603458404541,-1.077853798866272,-0.4870333671569824
1698,-0.2923567295074463,0.023120881989598274,0.8107265830039978
1699,-1.1341127157211304,-0.971797525882721,-0.42230936884880066
1700,-0.9975746273994446,-0.8471131920814514,-0.3943091034889221
1701,-1.0839459896087646,-1.0658237934112549,-0.39726608991622925
1702,-0.3503272831439972,-0.07676392048597336,0.23616282641887665
1703,-1.1007131338119507,-1.0261389017105103,-0.43367865681648254
1704,-0.7561419010162354,-0.6034349799156189,-0.24114809930324554
1705,-0.6182090640068054,-0.43430688977241516,-0.061720509082078934
1706,-0.7559652924537659,-0.5995872616767883,-0.23183156549930573
1707,-0.7237906455993652,-0.516182005405426,-0.1653742641210556
1708,-0.7559608221054077,-0.5958426594734192,-0.2322455793619156
1709,-0.608245313167572,-0.3869812488555908,-0.06320072710514069
1710,-0.7457464337348938,-0.5612745881080627,-0.21888341009616852
1711,-0.7316738367080688,-0.5456300377845764,-0.22247450053691864
1712,-0.7686091661453247,-0.623374342918396,-0.23215186595916748
1713,-0.6139479279518127,-0.4385755956172943,-0.05962296202778816
1714,-0.7690801024436951,-0.6435283422470093,-0.2358960211277008
1715,-1.1305235624313354,-1.0966392755508423,-0.46612435579299927
1716,-0.41010910272598267,-0.033292967826128006,0.6320985555648804
1717,-1.1281282901763916,-1.0422420501708984,-0.4872828722000122
1718,-0.7531682252883911,-0.5901599526405334,-0.23587433993816376
1719,-1.1073427200317383,-1.0868382453918457,-0.4965009391307831
1720,-0.39323660731315613,-0.13719597458839417,0.98493492603302
1721,-1.143845558166504,-1.0850712060928345,-0.4961232841014862
1722,-0.9767526388168335,-0.8179363012313843,-0.3843781352043152
1723,-1.081907033920288,-0.933886706829071,-0.13043758273124695
1724,-0.6076804399490356,-0.4067271649837494,0.15457534790039062
1725,-1.0977001190185547,-1.0465155839920044,-0.47762051224708557
1726,-1.1804555654525757,-1.160581111907959,-0.368847519159317
1727,-1.0520823001861572,-1.0230624675750732,-0.49748143553733826
1728,-1.099758505821228,-1.058151364326477,-0.47445857524871826
1729,-1.0485502481460571,-1.0044798851013184,-0.5064803957939148
1730,-1.1653575897216797,-1.1472718715667725,-0.4644460380077362
1731,-1.0532535314559937,-0.9930940866470337,-0.4805509150028229
1732,-1.0938612222671509,-1.0615251064300537,-0.49748143553733826
1733,-1.0416090488433838,-1.0075491666793823,-0.4808928072452545
1734,-1.171144962310791,-1.1480307579040527,-0.47934019565582275
1735,-1.0349141359329224,-0.993446946144104,-0.5063990354537964
1736,-0.29369494318962097,0.2351638227701187,0.41888248920440674
1737,-1.0410712957382202,-0.9730657935142517,-0.4863661229610443
1738,-0.9021424651145935,-0.7730204463005066,-0.3065437376499176
1739,-1.045596718788147,-0.9945501685142517,-0.4793502390384674
1740,-0.3794114887714386,0.15024305880069733,0.28791293501853943
1741,-1.052958369255066,-0.9597432017326355,-0.4990153908729553
1742,-1.1004477739334106,-0.8963770270347595,-0.44617605209350586
1743,-1.042694330215454,-1.0028210878372192,-0.4224109947681427
1744,-0.4186478853225708,-0.19375571608543396,0.10869906842708588
1745,-1.0399147272109985,-0.9794953465461731,-0.49737077951431274
1746,-0.5568717122077942,-0.3680775463581085,0.27058589458465576
1747,-0.3706915080547333,-0.08036360144615173,0.647912323474884
1748,-0.3242211639881134,0.144515261054039,0.3247256278991699
1749,0.00994859542697668,0.5059664845466614,0.7996962070465088
1750,-0.29943737387657166,-0.004968282766640186,0.5706470608711243
1751,-0.657503068447113,-0.4221503734588623,0.4502730667591095
1752,-0.3077676296234131,0.35649195313453674,0.4761807918548584
1753,0.008296740241348743,0.562175452709198,0.7218440771102905
1754,-0.2930915057659149,0.0667620599269867,0.23488828539848328
1755,-1.0847487449645996,-1.056976318359375,-0.40094640851020813
1756,-0.6551392674446106,-0.48640871047973633,-0.18500962853431702
1757,-1.1201895475387573,-1.0079461336135864,-0.48495185375213623
1758,0.019610358402132988,0.5506665706634521,0.7793405055999756
1759,-1.0706195831298828,-1.010244607925415,-0.46198609471321106
1760,-0.9179033041000366,-0.7756238579750061,-0.3528812825679779
1761,-1.1278154850006104,-1.1164284944534302,-0.2942582070827484
1762,0.005099199246615171,0.5337622761726379,0.604200541973114
1763,-1.1030796766281128,-1.0283594131469727,-0.495218425989151
1764,-1.1585509777069092,-1.0730072259902954,-0.4903816878795624
1765,-1.0583246946334839,-1.02639901638031,-0.4863661229610443
1766,-1.0790358781814575,-1.0009074211120605,-0.45113861560821533
1767,-1.101722002029419,-1.0388799905776978,-0.49738940596580505
1768,-1.1739716529846191,-1.072059988975525,-0.4798458516597748
1769,-1.0488762855529785,-0.952104926109314,-0.4952847361564636
1770,-1.0719667673110962,-1.0450133085250854,-0.3991313874721527
1771,-1.0535643100738525,-1.0297939777374268,-0.49534478783607483
1772,-0.8194881081581116,-0.6587270498275757,-0.2575051188468933
1773,-1.0573089122772217,-1.0366928577423096,-0.4804554879665375
1774,-0.6243793964385986,-0.38737669587135315,0.3304067850112915
1775,-1.1179722547531128,-1.0563905239105225,-0.5064195990562439
1776,-1.186696171760559,-0.9516745805740356,-0.47867080569267273
1777,-1.0353965759277344,-0.997049868106842,-0.42326170206069946
1778,-0.6988633275032043,-0.45351144671440125,0.04497656226158142
1779,-1.0491540431976318,-1.0298576354980469,-0.4803439974784851
1780,-0.8520576357841492,-0.7674967646598816,-0.2887216806411743
1781,-0.7088260054588318,-0.5651800036430359,-0.15622282028198242
1782,-0.7861072421073914,-0.6108007431030273,-0.25957027077674866
1783,-0.7816973924636841,-0.5971895456314087,-0.25121963024139404
1784,-0.8931592106819153,-0.7070863842964172,-0.30185773968696594
1785,-0.7058218717575073,-0.5830765962600708,-0.1638859510421753
1786,-0.870332658290863,-0.7780790328979492,-0.2661340832710266
1787,-1.0954991579055786,-1.0588335990905762,-0.49854403734207153
1788,-0.39339274168014526,-0.17443498969078064,0.9046493172645569
1789,-1.1846270561218262,-1.0715030431747437,-0.4953487515449524
1790,-0.9483931660652161,-0.8849873542785645,-0.41838568449020386
1791,-1.085690975189209,-1.0262070894241333,-0.4381943941116333
1792,-0.5854771733283997,-0.40437617897987366,0.020937951281666756
1793,-1.0890767574310303,-1.0202640295028687,-0.48808586597442627
1794,-1.111470103263855,-1.041462779045105,-0.44439688324928284
1795,-1.0488042831420898,-1.003115177154541,-0.49721410870552063
1796,-1.0801582336425781,-1.0354052782058716,-0.4863661229610443
1797,-1.0403212308883667,-0.9898159503936768,-0.5051671862602234
1798,-1.10349702835083,-1.1081753969192505,-0.48488977551460266
1799,-1.0478415489196777,-0.9959930777549744,-0.4794289767742157
1800,-0.3652704060077667,-0.025450589135289192,0.1897781789302826
1801,-1.066325068473816,-1.0142797231674194,-0.5066428780555725
1802,-1.0907788276672363,-0.9160025119781494,-0.4798927903175354
1803,-1.0386134386062622,-1.002595067024231,-0.4226895272731781
1804,-0.4890632629394531,-0.25150957703590393,0.03402497246861458
1805,-1.0483168363571167,-1.0042498111724854,-0.4793927073478699
1806,-0.47048652172088623,-0.2213158756494522,0.35219505429267883
1807,-0.6367942690849304,-0.39733561873435974,0.8900364637374878
1808,-0.3661043643951416,0.15035532414913177,0.3215380907058716
1809,0.007011104840785265,0.45343226194381714,0.7024810910224915
1810,-0.40309956669807434,-0.08578953146934509,0.1702980250120163
1811,-1.0671480894088745,-0.925630509853363,-0.3929694592952728
1812,-1.0038326978683472,-0.8641396164894104,-0.3919025659561157
1813,-1.1201751232147217,-1.1044551134109497,-0.3389187455177307
1814,0.009446325711905956,0.4859597384929657,0.6160907745361328
1815,-1.1028398275375366,-1.061527967453003,-0.4806351363658905
1816,-1.2422351837158203,-1.0257498025894165,-0.4863661229610443
1817,-1.033494472503662,-0.9362484812736511,-0.4824032485485077
1818,-1.0721081495285034,-0.9975453615188599,-0.4594762921333313
1819,-1.0381355285644531,-0.9397498369216919,-0.4777926206588745
1820,-1.2328705787658691,-0.9930199980735779,-0.44284290075302124
1821,-1.0448803901672363,-0.946382462978363,-0.4092518985271454
1822,-0.5096375346183777,-0.3420044481754303,0.04935066029429436
1823,-1.0437116622924805,-0.9866491556167603,-0.4944855868816376
1824,-1.0627655982971191,-0.8521547913551331,-0.4216586649417877
1825,-1.0298899412155151,-0.9872300624847412,-0.42191585898399353
1826,-1.0862680673599243,-0.9047543406486511,-0.4565032124519348
1827,-1.0789021253585815,-0.9776167869567871,-0.4319598078727722
1828,-0.7657681703567505,-0.6199340224266052,0.0038399952463805676
1829,-1.0732148885726929,-1.0148355960845947,-0.48106783628463745
1830,-1.0977258682250977,-0.9802947640419006,-0.26671138405799866
1831,-1.0368062257766724,-0.9782474040985107,-0.5045342445373535
1832,-0.39254531264305115,-0.14196446537971497,0.1321423351764679
1833,-1.0360357761383057,-0.9641875624656677,-0.4815112054347992
1834,-0.4973345994949341,-0.3044000267982483,0.03857314586639404
1835,-1.0946199893951416,-1.0572187900543213,-0.4828481376171112
