,q05,q50,q95
0,-0.19381003081798553,0.3352128267288208,0.5673525929450989
1,-0.08339136093854904,0.4000309407711029,0.45418399572372437
2,-0.24860374629497528,0.20998252928256989,0.48758623003959656
3,0.008532475680112839,0.5810782313346863,0.9693010449409485
4,0.011392436921596527,0.7429636120796204,0.8512069582939148
5,-0.569801390171051,-0.25819528102874756,0.25877833366394043
6,-1.3324849605560303,-0.9082500338554382,-0.1993541121482849
7,-0.41057002544403076,-0.06353510171175003,0.288949579000473
8,-0.6447678208351135,-0.38528263568878174,0.06157961115241051
9,0.0064925518818199635,0.6032087206840515,0.6518659591674805
10,-1.041184425354004,-1.0119669437408447,-0.45068955421447754
11,0.018858959898352623,0.6768524646759033,0.761760413646698
12,-0.5491751432418823,-0.2982088327407837,-0.00530649907886982
13,-0.9105613231658936,-0.7932968139648438,-0.3396005630493164
14,-0.9287149906158447,-0.8000714182853699,-0.26632410287857056
15,-1.0469626188278198,-1.0222784280776978,-0.3881405293941498
16,-0.6906964182853699,-0.2899412512779236,-0.06048605218529701
17,0.008532475680112839,0.6006092429161072,0.8536945581436157
18,-0.5125101208686829,-0.2704388201236725,-0.02089296281337738
19,-0.5263825058937073,-0.28196287155151367,-0.013280566781759262
20,-0.8001435995101929,-0.590776801109314,-0.2368927001953125
21,-0.5702282786369324,-0.32920438051223755,0.011733124032616615
22,-0.6806653141975403,-0.41800445318222046,-0.0711209699511528
23,-1.0263384580612183,-0.9840705990791321,-0.4383087754249573
24,0.02253095619380474,0.6590622663497925,0.836458683013916
25,-1.1147469282150269,-1.0036553144454956,-0.45095139741897583
26,-0.7619937062263489,-0.5996557474136353,-0.21898840367794037
27,-1.0353384017944336,-1.008264422416687,-0.43399107456207275
28,0.018858959898352623,0.6607679128646851,0.7796337604522705
29,-1.0355761051177979,-0.9776040315628052,-0.424050897359848
30,-1.1568317413330078,-0.952551543712616,-0.46021774411201477
31,-1.0234709978103638,-0.9890833497047424,-0.37169086933135986
32,-0.008819825015962124,0.5405719876289368,0.5520676970481873
33,-1.0333216190338135,-0.9911867380142212,-0.4766586720943451
34,-0.10983675718307495,0.30409175157546997,0.4494398534297943
35,-0.20573732256889343,0.3082171380519867,0.4509885311126709
36,0.009886493906378746,0.5009773969650269,0.7290933728218079
37,0.01736540161073208,0.6886929869651794,0.7515249848365784
38,-0.5461815595626831,-0.2803897559642792,0.3145569860935211
39,-0.26851609349250793,0.17030951380729675,0.40998512506484985
40,-0.553403913974762,-0.2732425630092621,0.03946980834007263
41,0.009165514260530472,0.5188150405883789,0.7052919268608093
42,-0.8290143013000488,-0.721491277217865,-0.2488994151353836
43,0.008532475680112839,0.6454526782035828,0.6890146136283875
44,0.009886493906378746,0.6327692866325378,0.7557953596115112
45,-0.5906676054000854,-0.42551201581954956,0.040574684739112854
46,-0.8327429294586182,-0.5931903719902039,-0.20459765195846558
47,-0.38973966240882874,-0.2546677589416504,0.580434262752533
48,-0.6853569149971008,-0.566580593585968,-0.03745890036225319
49,-0.7990395426750183,-0.6752212047576904,-0.11161850392818451
50,-0.5487737655639648,-0.27660682797431946,0.2882100045681
51,-0.6428033709526062,-0.45859718322753906,-0.016901234164834023
52,0.021737558767199516,0.551281213760376,0.7165786623954773
53,-0.4902266263961792,-0.20623888075351715,0.036383550614118576
54,-0.5109758973121643,-0.2428741306066513,0.10002128779888153
55,-0.6755329370498657,-0.4425608515739441,0.16749468445777893
56,-0.5649570822715759,-0.3883618414402008,0.10656141489744186
57,-0.6005094647407532,-0.424679160118103,0.007726237643510103
58,-0.8262908458709717,-0.7108057141304016,-0.23592141270637512
59,0.010305872187018394,0.5231476426124573,0.7115597128868103
60,-0.8112446069717407,-0.7297206521034241,-0.12979041039943695
61,-0.6000787019729614,-0.3823187053203583,0.07214180380105972
62,-0.8456419706344604,-0.7073655724525452,-0.2550089657306671
63,0.018858959898352623,0.6104104518890381,0.7902674078941345
64,-0.8101504445075989,-0.6713612675666809,-0.15434406697750092
65,-0.7924157381057739,-0.6462612152099609,-0.08696170896291733
66,-0.8089946508407593,-0.6804925799369812,-0.22116714715957642
67,0.0010114159667864442,0.4155021011829376,0.5746287107467651
68,-0.8462576270103455,-0.7410645484924316,-0.2568267285823822
69,-0.14343586564064026,0.30007436871528625,0.5436850190162659
70,-0.06543529778718948,0.31758999824523926,0.47223642468452454
71,-0.08234362304210663,0.3395400941371918,0.4432161748409271
72,-0.5445345044136047,-0.39034613966941833,0.06101326271891594
73,-0.6237960457801819,-0.40022051334381104,-0.04639202728867531
74,-0.18014948070049286,0.20405641198158264,0.4441708028316498
75,-0.5391144156455994,-0.33858513832092285,0.16512104868888855
76,-0.08343509584665298,0.3129453659057617,0.4762069582939148
77,-0.770880937576294,-0.6759244203567505,-0.17337560653686523
78,-0.11775437742471695,0.20607763528823853,0.464048832654953
79,-0.06595627963542938,0.27773407101631165,0.45234185457229614
80,-0.5878512263298035,-0.3708045482635498,-0.004192238207906485
81,-0.7925657629966736,-0.6025605201721191,-0.2675626873970032
82,-0.28780847787857056,-0.10020057111978531,0.13882581889629364
83,-0.6392630338668823,-0.4449765086174011,-0.09050504118204117
84,-0.6626722812652588,-0.5227135419845581,-0.053626324981451035
85,-0.3205110430717468,-0.07638131827116013,0.36776497960090637
86,-0.6401882767677307,-0.3942312002182007,-0.026688313111662865
87,-0.11910511553287506,0.11969972401857376,0.4211724102497101
88,-0.25912120938301086,0.08646693825721741,0.388543039560318
89,-0.43965697288513184,-0.006815421395003796,0.33918672800064087
90,-0.6964085102081299,-0.5263081789016724,-0.07714514434337616
91,-0.5786808133125305,-0.2501513361930847,0.09076999872922897
92,-0.6095317006111145,-0.34114018082618713,-0.02121247537434101
93,-0.8458481431007385,-0.7763711214065552,-0.38892504572868347
94,-0.08343509584665298,0.2821114957332611,0.4659220278263092
95,-0.7345153093338013,-0.5231468677520752,-0.08036185801029205
96,-0.60731440782547,-0.401845782995224,-0.011607382446527481
97,-0.6858127117156982,-0.5709400773048401,-0.1912744790315628
98,-0.6253275275230408,-0.3953617513179779,-0.05608852580189705
99,-0.6953468918800354,-0.47737324237823486,-0.08690522611141205
100,-0.7932690382003784,-0.6768814921379089,-0.1698427051305771
101,-0.08234362304210663,0.35436657071113586,0.4691605567932129
102,-0.7107914686203003,-0.5865522623062134,-0.15689879655838013
103,0.004327446222305298,0.40199556946754456,0.5810903906822205
104,0.0004099467769265175,0.46794936060905457,0.7556159496307373
105,-0.5082053542137146,-0.12838181853294373,0.06098678335547447
106,-0.28744691610336304,0.129426971077919,0.32808107137680054
107,-0.5058092474937439,-0.07021235674619675,0.21404926478862762
108,-0.8249065279960632,-0.7163064479827881,-0.2381732016801834
109,0.001587048638612032,0.5662458539009094,0.5394229888916016
110,0.009165514260530472,0.43823421001434326,0.6239562034606934
111,-0.5674892067909241,-0.36006930470466614,0.011965255253016949
112,-0.7665824294090271,-0.5800865888595581,-0.1295669972896576
113,-0.3770065903663635,0.0028094658628106117,0.6530595421791077
114,-0.6886610388755798,-0.5023260116577148,0.3955320715904236
115,-0.7686996459960938,-0.539437472820282,0.039633654057979584
116,-0.5112651586532593,-0.08776672929525375,0.1341104954481125
117,-0.01947314664721489,0.34963348507881165,0.5608008503913879
118,-0.4831309914588928,-0.15328353643417358,0.15531912446022034
119,-0.4978501796722412,-0.2103770226240158,0.13978539407253265
120,-0.6498033404350281,-0.45619308948516846,0.003750438103452325
121,-0.5444051027297974,-0.22908692061901093,0.06455055624246597
122,-0.7900091409683228,-0.6365017294883728,-0.20867782831192017
123,0.0211391169577837,0.4913990795612335,0.5356451869010925
124,-0.8046976327896118,-0.731031596660614,0.14174360036849976
125,-0.7934408187866211,-0.6009904742240906,-0.20808804035186768
126,0.004679177887737751,0.47495707869529724,0.5958423614501953
127,-0.7644332051277161,-0.6099159717559814,0.08777116984128952
128,-0.7524300217628479,-0.5506496429443359,-0.02259274385869503
129,-0.7963243126869202,-0.6166003346443176,-0.16015863418579102
130,-0.09393914043903351,0.42085668444633484,0.7448620200157166
131,-0.812354326248169,-0.6908388137817383,-0.2296069711446762
132,-0.03244007006287575,0.4425046443939209,0.8537997603416443
133,0.0004688467597588897,0.5198990702629089,0.7323973178863525
134,-0.6481267213821411,-0.3008024990558624,0.07590188086032867
135,0.02253095619380474,0.7703304886817932,0.9317022562026978
136,0.008532475680112839,0.6684902906417847,0.8993085026741028
137,-0.49962347745895386,-0.296090304851532,0.29701414704322815
138,-0.4720611870288849,-0.145343616604805,-0.0454467348754406
139,-0.31069228053092957,-0.006494093686342239,1.6109381914138794
140,-0.7423276305198669,-0.3555315434932709,0.05747344344854355
141,-0.7176071405410767,-0.3714952766895294,0.1240731030702591
142,-0.6566787958145142,-0.44260573387145996,0.12257596850395203
143,0.008532475680112839,0.557772696018219,0.8425142765045166
144,-0.22942017018795013,0.22094595432281494,0.6154218316078186
145,-0.340638667345047,0.060841355472803116,0.4633179306983948
146,-0.752978503704071,-0.5061006546020508,0.16837602853775024
147,-0.48841553926467896,-0.21598373353481293,0.44041821360588074
148,-0.46498388051986694,-0.24643360078334808,0.24868351221084595
149,-0.5534075498580933,-0.2604917883872986,-0.034632887691259384
150,0.02253095619380474,0.6653592586517334,0.8305286765098572
151,-0.6331355571746826,-0.35976049304008484,0.37387773394584656
152,-0.5563123822212219,-0.31395649909973145,-0.01989537477493286
153,0.009886493906378746,0.7758517265319824,0.8769571185112
154,-0.6077340245246887,-0.24814088642597198,0.35109835863113403
155,-0.7524557709693909,-0.5086814761161804,0.017217909917235374
156,-0.5603033900260925,-0.28684887290000916,-0.08316982537508011
157,-0.6112746000289917,-0.3003891706466675,-0.017138808965682983
158,-0.05029972270131111,0.3685576617717743,0.46662402153015137
159,-0.5156232714653015,-0.29979056119918823,0.32626134157180786
160,0.021932514384388924,0.6248987317085266,0.6819053888320923
161,-0.8501376509666443,-0.802353024482727,-0.22220177948474884
162,0.011392436921596527,0.8009659647941589,0.886195719242096
163,0.018858959898352623,0.7411948442459106,0.7596938014030457
164,-0.6475938558578491,-0.48223087191581726,0.028899556025862694
165,-0.7314633727073669,-0.5531131625175476,-0.198280930519104
166,-0.31863611936569214,-0.16943581402301788,1.213518738746643
167,-0.6927719116210938,-0.46928322315216064,0.10833428055047989
168,-0.7511972784996033,-0.731293797492981,0.12665438652038574
169,-0.4857209622859955,-0.26423895359039307,0.33246085047721863
170,0.008532475680112839,0.6817988753318787,0.7588693499565125
171,-0.3478459417819977,-0.0032088470179587603,0.27007612586021423
172,-0.4420475959777832,-0.1743900328874588,0.2362905740737915
173,-0.829801082611084,-0.6969481110572815,0.0004394192947074771
174,-0.5795888900756836,-0.3460330665111542,0.10121068358421326
175,-0.613547682762146,-0.43701642751693726,0.1286061853170395
176,-0.8241069912910461,-0.7248179316520691,-0.23241804540157318
177,0.011392436921596527,0.632470965385437,0.7381736636161804
178,-0.8276475071907043,-0.7896577715873718,-0.10510607808828354
179,-0.8426897525787354,-0.6993626356124878,-0.20615392923355103
180,0.009886493906378746,0.7010681629180908,0.7593472599983215
181,-0.7881072163581848,-0.7318646907806396,0.17290326952934265
182,-0.8149608969688416,-0.7042631506919861,-0.09261608868837357
183,-0.836970865726471,-0.6528883576393127,-0.2079186886548996
184,0.02120380289852619,0.5680155158042908,0.6400958895683289
185,-0.8448116779327393,-0.7883936762809753,-0.22066596150398254
186,-0.8950507640838623,-0.6678884625434875,-0.10346627235412598
187,-0.5702126622200012,-0.34127315878868103,0.004450717940926552
188,-0.46892455220222473,-0.188851997256279,0.1685067117214203
189,-0.8054721355438232,-0.6634302735328674,-0.24300207197666168
190,-0.5345562696456909,-0.26184237003326416,0.24629279971122742
191,-0.4429519772529602,-0.2316451519727707,0.30984270572662354
192,-0.5682534575462341,-0.28638264536857605,-0.025011390447616577
193,-0.8768670558929443,-0.627802848815918,-0.08791607618331909
194,-0.7797122001647949,-0.6654027700424194,-0.23337115347385406
195,-0.5643972754478455,-0.3335156738758087,0.0023809236008673906
196,-0.6365067362785339,-0.37127381563186646,-0.003232720075175166
197,-0.4169295132160187,-0.1706928014755249,0.4858390688896179
198,-0.5479040741920471,-0.3004336953163147,0.02148374728858471
199,-0.5539848804473877,-0.3006834089756012,-0.027695802971720695
200,-0.7337961196899414,-0.5764406323432922,-0.14218568801879883
201,-0.5641655921936035,-0.3093147575855255,0.11933820694684982
202,-0.592919111251831,-0.3863537609577179,0.10727431625127792
203,-0.874376118183136,-0.7822360992431641,-0.37056806683540344
204,-0.3458293676376343,-0.05425652116537094,0.4397447109222412
205,-0.89391028881073,-0.6822814345359802,-0.2555604577064514
206,-0.49025288224220276,-0.2740582525730133,0.596937894821167
207,-0.804426908493042,-0.6615470051765442,-0.2443074882030487
208,-0.8028757572174072,-0.6927293539047241,-0.22580038011074066
209,-0.854718804359436,-0.7181504964828491,-0.22927938401699066
210,-0.5410966873168945,-0.4019080400466919,0.20213553309440613
211,-0.8111669421195984,-0.6487933993339539,-0.24295653402805328
212,-0.7702630758285522,-0.5160074830055237,-0.07850753515958786
213,-1.7940841913223267,-0.7402476668357849,-0.2825661897659302
214,-0.6654484272003174,-0.44516026973724365,0.2996247708797455
215,-1.0241485834121704,-0.8304229378700256,-0.10302769392728806
216,-1.0093166828155518,-0.6214361786842346,-0.25081393122673035
217,-0.8392176032066345,-0.5819793939590454,0.05293150618672371
218,-0.9026480317115784,-0.7180768847465515,-0.27508851885795593
219,-0.921181321144104,-0.8022305965423584,-0.2976016104221344
220,-1.009922742843628,-0.8180269598960876,-0.039442796260118484
221,-0.7718724608421326,-0.6322838068008423,-0.2780701518058777
222,-0.625480055809021,-0.3483211100101471,0.11055775731801987
223,-0.8690517544746399,-0.49774783849716187,-0.15489810705184937
224,-0.7423412203788757,-0.522585391998291,-0.16281826794147491
225,-0.9341824054718018,-0.648023784160614,-0.29340338706970215
226,-0.801098108291626,-0.6026665568351746,-0.17397727072238922
227,-0.7616519331932068,-0.6254789233207703,-0.27687302231788635
228,-1.025234341621399,-0.7503808736801147,-0.13638797402381897
229,-0.8938895463943481,-0.3244827091693878,0.13915254175662994
230,-1.0095354318618774,-0.8940356969833374,-0.30487945675849915
231,-0.9000637531280518,-0.6753158569335938,-0.2827342748641968
232,-1.0231616497039795,-0.8916051387786865,-0.3523291349411011
233,-0.8385382294654846,-0.439117968082428,0.5760538578033447
234,-1.0839393138885498,-0.878280758857727,-0.3672427833080292
235,-1.0241917371749878,-0.7651047110557556,-0.3309595584869385
236,-0.7184436321258545,-0.45672664046287537,0.09530095756053925
237,-1.0208022594451904,-0.6894567608833313,-0.03333846479654312
238,-0.5536035299301147,-0.306363582611084,0.06927729398012161
239,-0.14992313086986542,0.20778590440750122,0.5093766450881958
240,-0.8182228207588196,-0.7492214441299438,-0.23509864509105682
241,-0.13956190645694733,0.2999099791049957,0.5123758316040039
242,-0.15058012306690216,0.17905521392822266,0.5584526658058167
243,-0.5781435966491699,-0.3677205443382263,-0.020505474880337715
244,-0.8349043130874634,-0.5895172953605652,-0.2041834145784378
245,-0.485677570104599,-0.32987186312675476,0.11570727825164795
246,-0.6797654628753662,-0.5577453970909119,-0.042756032198667526
247,-0.8025181889533997,-0.6219013929367065,-0.12075842171907425
248,-0.5479040145874023,-0.3201768100261688,-0.026319433003664017
249,-0.6199432611465454,-0.40031853318214417,-0.011929679661989212
250,-0.19327974319458008,0.15044066309928894,0.5595707297325134
251,-0.5149517059326172,-0.21048793196678162,-0.030073072761297226
252,-0.5170110464096069,-0.23813802003860474,-0.015233051963150501
253,-0.6499717831611633,-0.41545623540878296,0.14167369902133942
254,-0.5678614974021912,-0.38314664363861084,0.06333980709314346
255,-0.5999763011932373,-0.41610246896743774,-0.02483448013663292
256,-0.8243647217750549,-0.7230097651481628,-0.22437360882759094
257,-0.15636909008026123,0.21253465116024017,0.5632408261299133
258,-0.7981868386268616,-0.7198877930641174,-0.14950984716415405
259,-0.6019657254219055,-0.39272210001945496,0.07708891481161118
260,-0.8443362712860107,-0.6956862211227417,-0.2448505461215973
261,-0.13895218074321747,0.1621181219816208,0.5758212208747864
262,-0.8216239809989929,-0.686739981174469,-0.16092820465564728
263,-0.7772188186645508,-0.6828193664550781,-0.0030071549117565155
264,-0.8109704256057739,-0.657071053981781,-0.1557885706424713
265,-0.2567208707332611,0.07747907191514969,0.3293364942073822
266,-0.8156818151473999,-0.7186750769615173,-0.2501979172229767
267,-0.5212157368659973,-0.24826641380786896,0.2060897797346115
268,-0.8798176050186157,-0.755635142326355,-0.3082846403121948
269,-0.47998353838920593,-0.1378808170557022,0.4399910569190979
270,-0.4819228947162628,-0.1849072426557541,0.5123976469039917
271,-0.5918996334075928,-0.23926874995231628,0.10910280048847198
272,-0.8810125589370728,-0.607272744178772,-0.17887333035469055
273,-0.8032282590866089,-0.6506896018981934,-0.25797343254089355
274,-0.5261948704719543,-0.1403743326663971,0.3031161427497864
275,-0.7084631323814392,-0.4007522463798523,-0.01531523372977972
276,-0.481091171503067,-0.1749105155467987,0.6315398812294006
277,-0.5281668305397034,-0.17461150884628296,0.19812163710594177
278,-0.5337219834327698,-0.14423421025276184,0.6239123344421387
279,-0.5767717957496643,-0.30443334579467773,0.14996391534805298
280,-0.6981757283210754,-0.43267378211021423,0.3876240849494934
281,-0.9130731821060181,-0.7482367157936096,-0.37250247597694397
282,-0.4645150601863861,-0.10368505865335464,0.3859298825263977
283,-0.7966533303260803,-0.6344876289367676,-0.24946944415569305
284,-0.7498811483383179,-0.5298948287963867,-0.17231711745262146
285,-0.9055173397064209,-0.8304622769355774,-0.2770979106426239
286,-0.5051910877227783,-0.17866526544094086,0.4209142327308655
287,-0.7901240587234497,-0.5864536762237549,-0.24580486118793488
288,-0.7829068899154663,-0.6393266320228577,-0.23491908609867096
289,-0.8776667714118958,-0.6747415065765381,-0.2267557829618454
290,-0.5278852581977844,-0.2910638153553009,0.24773478507995605
291,-0.8746366500854492,-0.7795140743255615,-0.33716171979904175
292,-0.7307572960853577,-0.568088948726654,-0.10518848896026611
293,0.0035754600539803505,0.6125209927558899,0.6448480486869812
294,0.021932514384388924,0.6058971881866455,0.6781179308891296
295,-0.6261340379714966,-0.3430993854999542,0.16489171981811523
296,-0.6697396039962769,-0.3841966986656189,-0.06026281416416168
297,-0.16650378704071045,0.21967890858650208,0.4826411306858063
298,-0.6330068111419678,-0.4337618947029114,-0.05409425497055054
299,-0.6757917404174805,-0.4948996603488922,-0.039523325860500336
300,-0.3575991094112396,0.05632524564862251,0.3431982398033142
301,-0.7071025967597961,-0.46398523449897766,0.04353826865553856
302,0.0035754600539803505,0.5215281844139099,0.6669068336486816
303,-0.26553863286972046,0.28268924355506897,0.36368921399116516
304,-0.305347740650177,0.10319751501083374,0.43116623163223267
305,-0.7141602635383606,-0.5009458065032959,-0.06767074763774872
306,-0.52493816614151,-0.2503049075603485,0.11802379786968231
307,-0.740490734577179,-0.6133546233177185,-0.19769760966300964
308,0.021932514384388924,0.5777211785316467,0.6754600405693054
309,-0.7213308215141296,-0.5810652375221252,-0.11585056781768799
310,-0.6012980341911316,-0.37819328904151917,0.33588629961013794
311,-0.6673687100410461,-0.43308961391448975,-0.13350999355316162
312,0.0075831967405974865,0.4863513112068176,0.7068852782249451
313,-0.6037724018096924,-0.45143944025039673,0.25242167711257935
314,-0.7145224809646606,-0.476591020822525,-0.08454115688800812
315,-0.7505248785018921,-0.5171684622764587,-0.2146473377943039
316,0.001521195168606937,0.5904649496078491,0.619683027267456
317,-0.716499924659729,-0.5443010926246643,-0.18017905950546265
318,-0.8453621864318848,-0.789989173412323,-0.23677659034729004
319,-0.7808730006217957,-0.6177272796630859,-0.24575363099575043
320,-0.8979493975639343,-0.7175784707069397,-0.4392644166946411
321,-0.947325587272644,-0.8726934194564819,-0.47434094548225403
322,-1.0715442895889282,-0.9700046181678772,-0.4505794048309326
323,-1.0299140214920044,-1.0007169246673584,-0.4782872498035431
324,-0.9240755438804626,-0.7608844041824341,-0.3499689996242523
325,-1.0212950706481934,-0.9583747982978821,-0.4606233537197113
326,-0.6742850542068481,-0.433786541223526,-0.11413225531578064
327,-0.8826428651809692,-0.6211189031600952,-0.30319127440452576
328,-0.8956198692321777,-0.5859683156013489,-0.318563312292099
329,-0.9963828921318054,-0.937868058681488,-0.4907207489013672
330,-0.921282172203064,-0.6852606534957886,-0.3628706932067871
331,-0.9905317425727844,-0.843072772026062,-0.35677316784858704
332,-1.0186350345611572,-0.968429446220398,-0.4930029809474945
333,-0.7501026391983032,-0.46328362822532654,-0.147853285074234
334,-1.0388320684432983,-0.9900833368301392,-0.49991923570632935
335,-0.9819913506507874,-0.8896294236183167,-0.4882412552833557
336,-1.0282301902770996,-1.0012714862823486,-0.4485626518726349
337,-0.7439835667610168,-0.6444523930549622,-0.28804811835289
338,-1.0143980979919434,-0.9655816555023193,-0.48974817991256714
339,-1.0517743825912476,-0.9766069650650024,-0.49284911155700684
340,-1.019433617591858,-0.9704184532165527,-0.4792594015598297
341,-0.8733752369880676,-0.8040043115615845,-0.31572943925857544
342,-1.026139497756958,-0.9838809370994568,-0.4936724901199341
343,0.011392436921596527,0.84055095911026,0.9148679375648499
344,-0.7613989114761353,-0.5104436874389648,-0.11282094568014145
345,-0.2692156434059143,0.05655566230416298,0.5234969854354858
346,-0.7471457719802856,-0.4423689842224121,0.0932854413986206
347,-0.7986297607421875,-0.6064242720603943,0.3338106870651245
348,-0.44729751348495483,-0.10860367119312286,0.3196706473827362
349,0.02253095619380474,0.7247081995010376,0.8735634088516235
350,-0.36621347069740295,0.03488822653889656,0.38579779863357544
351,-0.5027363300323486,-0.08567497879266739,0.19981303811073303
352,-0.5844595432281494,-0.36640122532844543,0.2120087742805481
353,-0.8024158477783203,-0.654187798500061,-0.17851568758487701
354,-0.8177661895751953,-0.7271715402603149,-0.1111207902431488
355,-0.7879244685173035,-0.6579380035400391,-0.12030411511659622
356,0.008532475680112839,0.6716619729995728,0.8409794569015503
357,-0.7995420694351196,-0.627910315990448,-0.19643789529800415
358,-0.8373345732688904,-0.7145789861679077,-0.1866271197795868
359,-0.6124527454376221,-0.4222630262374878,0.1224415972828865
360,-0.6793606877326965,-0.49366968870162964,-0.155363529920578
361,-0.25519755482673645,-0.09183361381292343,0.7904932498931885
362,-0.6451374292373657,-0.4384140968322754,0.035068243741989136
363,-0.6774393916130066,-0.52066969871521,-0.08908392488956451
364,-0.3355104625225067,-0.008378582075238228,0.5970928072929382
365,-0.6514867544174194,-0.4916673004627228,-0.06101613864302635
366,0.02253095619380474,0.7028254866600037,0.7486764192581177
367,-0.2296341210603714,0.24456876516342163,0.5083507895469666
368,-0.3445068597793579,0.021195517852902412,0.35550442337989807
369,-0.5455424785614014,-0.3053290545940399,0.20475804805755615
370,-0.6098425388336182,-0.4187367558479309,0.05239682272076607
371,-0.7341268658638,-0.5353114604949951,-0.16906332969665527
372,0.008532475680112839,0.616324245929718,0.7522428631782532
373,-0.7062727808952332,-0.5789746046066284,-0.13530488312244415
374,-0.5865573883056641,-0.38512247800827026,0.4235823154449463
375,-0.7055586576461792,-0.5334279537200928,-0.15127089619636536
376,0.009886493906378746,0.6999038457870483,0.7773075699806213
377,-0.6231906414031982,-0.466204434633255,0.22641968727111816
378,-0.7259226441383362,-0.5071120262145996,-0.06310699135065079
379,-0.7444946765899658,-0.5230446457862854,-0.17277349531650543
380,0.01599065028131008,0.5047264695167542,0.6707955002784729
381,-0.7174551486968994,-0.5730104446411133,-0.20848329365253448
382,-0.9165011048316956,-0.6613724231719971,-0.08254433423280716
383,-0.7014008164405823,-0.43827176094055176,-0.14711464941501617
384,-0.7335852980613708,-0.5280858278274536,-0.20176580548286438
385,-0.7533517479896545,-0.5729497075080872,-0.21255294978618622
386,-0.5552974343299866,-0.29487016797065735,-0.0002531237551011145
387,-0.5690374374389648,-0.23898260295391083,-0.026413502171635628
388,-0.5570802092552185,-0.3301623463630676,0.11857865750789642
389,-0.5558184385299683,-0.32530078291893005,-0.004421817138791084
390,-0.552268922328949,-0.3238847851753235,-0.021390048786997795
391,-0.652564525604248,-0.42472270131111145,-0.12774930894374847
392,-0.5466991662979126,-0.304275244474411,-0.013702090829610825
393,-0.56473708152771,-0.2924744784832001,-0.032047826796770096
394,-0.8800944089889526,-0.8073180317878723,-0.391201376914978
395,-0.4899035394191742,-0.3072795569896698,0.06953880190849304
396,-0.7660492658615112,-0.6043257713317871,-0.1976110339164734
397,-0.6548806428909302,-0.4341706931591034,-0.15299798548221588
398,-0.8278313875198364,-0.6178526282310486,-0.2170686274766922
399,-0.5885160565376282,-0.39725714921951294,-0.048890117555856705
400,-0.7531760334968567,-0.546958327293396,-0.21844761073589325
401,-0.7606141567230225,-0.589368462562561,-0.20118539035320282
402,-0.8998987674713135,-0.7713315486907959,-0.21029536426067352
403,-0.6081846952438354,-0.40360966324806213,-0.03309182450175285
404,-0.8534174561500549,-0.6577028632164001,-0.22913356125354767
405,-0.8637592196464539,-0.6950055360794067,-0.2074606716632843
406,-0.8874966502189636,-0.7677755355834961,-0.34987112879753113
407,-0.9139699935913086,-0.8637104630470276,-0.4296811819076538
408,-0.8064436912536621,-0.5306481719017029,0.2856488525867462
409,-0.9008931517601013,-0.788770318031311,-0.15798549354076385
410,-0.6373782157897949,-0.3761296570301056,0.06999184936285019
411,-0.8007957935333252,-0.47734856605529785,-0.13221779465675354
412,-0.7724876403808594,-0.4899199306964874,-0.09629195183515549
413,-0.9165574908256531,-0.7614597678184509,-0.16429483890533447
414,-0.8474500179290771,-0.7229282855987549,-0.11323261260986328
415,-0.8493207693099976,-0.7624087333679199,-0.15713581442832947
416,-0.9233148097991943,-0.8451743721961975,-0.4156319797039032
417,-0.6886546015739441,-0.276297390460968,-0.15128691494464874
418,-0.9064880609512329,-0.8250634670257568,-0.39990419149398804
419,-0.8733492493629456,-0.7691773176193237,-0.15391138195991516
420,-0.8724461197853088,-0.7104106545448303,-0.166526198387146
421,-0.6672582626342773,-0.5160923600196838,-0.24547789990901947
422,-0.9067813754081726,-0.7944478392601013,-0.350847452878952
423,-0.9231758117675781,-0.8058595657348633,-0.24279427528381348
424,-0.9162114262580872,-0.8061416149139404,-0.38935428857803345
425,-0.750806450843811,-0.4570719003677368,-0.11591490358114243
426,-0.9251736402511597,-0.8327160477638245,-0.3664915859699249
427,-0.8258000016212463,-0.5631705522537231,-0.23761571943759918
428,-0.992746889591217,-0.8320517539978027,-0.29362547397613525
429,-0.3731677830219269,-0.008062944747507572,1.042242169380188
430,-0.8240603804588318,-0.6404653191566467,-0.19282373785972595
431,-0.6905202865600586,-0.49419254064559937,-0.09030365943908691
432,-0.7649178504943848,-0.5471286177635193,0.021640021353960037
433,-0.9944654703140259,-0.7615453004837036,-0.2568742036819458
434,-0.5038104057312012,0.04907791689038277,2.0395426750183105
435,-1.0188353061676025,-0.7852475643157959,-0.3847667872905731
436,-1.0244293212890625,-0.8019152283668518,-0.35108765959739685
437,-0.5591060519218445,0.026498708873987198,1.9465701580047607
438,-0.8733929395675659,-0.8191013932228088,-0.2916180491447449
439,-1.0125850439071655,-0.6842480897903442,-0.28615134954452515
440,-0.9597027897834778,-0.7826851010322571,-0.22993068397045135
441,-0.4471278786659241,-0.16791939735412598,0.8618383407592773
442,-1.0137358903884888,-0.8260679244995117,-0.29889824986457825
443,-1.015877604484558,-0.8067393898963928,-0.055617284029722214
444,-0.743367612361908,-0.5618832111358643,-0.21128427982330322
445,-0.8192974328994751,-0.6803975701332092,-0.30656346678733826
446,-0.7719829678535461,-0.5173432230949402,-0.19030433893203735
447,-0.7586085796356201,-0.5422607660293579,-0.09633190184831619
448,-0.8660488128662109,-0.6778609752655029,-0.27784568071365356
449,-0.8171870112419128,-0.6873531341552734,-0.2139715999364853
450,-0.8012104034423828,-0.6824696660041809,-0.3011668622493744
451,-1.0156298875808716,-0.8580799698829651,-0.40231752395629883
452,-0.8429418206214905,-0.38159918785095215,-0.09145515412092209
453,-1.004513144493103,-0.8514849543571472,-0.35635432600975037
454,-0.8922525644302368,-0.7116210460662842,-0.2888370454311371
455,-1.0262788534164429,-0.8593111634254456,-0.2901325821876526
456,-1.0028663873672485,-0.7999461889266968,-0.19207879900932312
457,-1.0610198974609375,-0.8047579526901245,-0.28688088059425354
458,-1.0123131275177002,-0.8160548806190491,-0.1281309574842453
459,-0.7984411716461182,-0.49124112725257874,-0.1007741391658783
460,-1.0231504440307617,-0.7675021290779114,-0.2771564722061157
461,-0.825807511806488,-0.7146063446998596,-0.37349238991737366
462,-0.9268730878829956,-0.7065719366073608,-0.384947806596756
463,-0.838921308517456,-0.43706023693084717,0.037189219146966934
464,-0.8456538915634155,-0.6635037660598755,-0.3251837193965912
465,-0.8427907228469849,-0.6516346335411072,-0.3475733697414398
466,-1.0886611938476562,-0.8706752061843872,-0.37778186798095703
467,-0.8044446706771851,-0.6591476202011108,-0.3315657079219818
468,-0.8766716718673706,-0.7200652360916138,-0.3647322952747345
469,-1.0143035650253296,-0.9463047981262207,-0.4757205545902252
470,-0.6672086715698242,-0.3613888919353485,-0.006654036231338978
471,-1.0571808815002441,-0.9771703481674194,-0.4639962911605835
472,-0.9404348731040955,-0.7668632864952087,-0.3687823712825775
473,-1.024783730506897,-0.983322262763977,-0.47790369391441345
474,-0.7386651039123535,-0.4376070201396942,-0.035242438316345215
475,-1.0250718593597412,-0.9445991516113281,-0.37554505467414856
476,-1.0603398084640503,-0.9624813795089722,-0.45612427592277527
477,-0.9990909695625305,-0.9147191047668457,-0.4267699420452118
478,-0.8569156527519226,-0.6763149499893188,-0.1419573426246643
479,-1.014615535736084,-0.9705532789230347,-0.47770941257476807
480,-0.6244086623191833,-0.38622790575027466,-0.011443502269685268
481,-0.40765100717544556,-0.16899332404136658,0.5037128925323486
482,-0.5803126692771912,-0.30800125002861023,-0.02773631177842617
483,-0.5726966857910156,-0.3188725411891937,-0.012103108689188957
484,-0.6794626712799072,-0.5215628743171692,-0.023951107636094093
485,-0.5752547979354858,-0.3346326947212219,-0.011629118584096432
486,-0.5828385353088379,-0.3519449830055237,-0.028952736407518387
487,-0.3951966464519501,-0.061195071786642075,0.31733623147010803
488,-0.7968300580978394,-0.6872101426124573,-0.24962516129016876
489,-0.8022070527076721,-0.7021235227584839,-0.24636539816856384
490,-0.4064430892467499,-0.13216421008110046,0.48918628692626953
491,-0.8003384470939636,-0.6632980704307556,-0.24266386032104492
492,-0.7410551905632019,-0.6512407064437866,-0.2392883002758026
493,-0.8212490677833557,-0.5778710842132568,-0.1913272887468338
494,-0.5832419991493225,-0.36617764830589294,0.19924384355545044
495,-0.8033618927001953,-0.6835580468177795,-0.2459603101015091
496,-0.6551709175109863,-0.4383583068847656,-0.018605733290314674
497,-0.5753774642944336,-0.35630953311920166,-0.01482735387980938
498,-0.5573691725730896,-0.32422569394111633,-0.027812492102384567
499,-0.724692702293396,-0.4317488968372345,-0.18580055236816406
500,-0.5817636251449585,-0.317196249961853,-0.0352940671145916
501,-0.6693457961082458,-0.3618669807910919,-0.07471159100532532
502,-0.9684586524963379,-0.8186593651771545,-0.27808770537376404
503,-0.6835845708847046,-0.4469375014305115,-0.04321422427892685
504,-0.7936598062515259,-0.5909510850906372,-0.20845529437065125
505,-0.7260954976081848,-0.4712848365306854,-0.19164660573005676
506,-0.9166421294212341,-0.7811275124549866,-0.32878267765045166
507,-0.839402973651886,-0.6154208183288574,-0.22210711240768433
508,-0.7675161957740784,-0.5675258040428162,-0.1968022733926773
509,-0.9651526808738708,-0.8147899508476257,-0.23597365617752075
510,-0.6906334757804871,-0.4819687008857727,-0.03673402965068817
511,-0.9469112753868103,-0.8454910516738892,-0.2585432231426239
512,-0.2522035837173462,0.19331663846969604,0.512856125831604
513,-0.37801510095596313,-0.05519771948456764,0.37245699763298035
514,-0.45151299238204956,-0.19508656859397888,0.34603404998779297
515,-0.5699528455734253,-0.3564741313457489,0.20525266230106354
516,-0.6993632316589355,-0.48734548687934875,-0.1364482194185257
517,0.018858959898352623,0.5650607347488403,0.7635390758514404
518,-0.6745460033416748,-0.413640558719635,0.04142497852444649
519,-0.5973904132843018,-0.3866357207298279,0.254199355840683
520,-0.5408008098602295,-0.2768586277961731,-0.02900257706642151
521,0.008532475680112839,0.5987744331359863,0.8052096962928772
522,-0.6127869486808777,-0.3863157331943512,0.021630926057696342
523,-0.7586451172828674,-0.5080327987670898,-0.01724054478108883
524,-0.6850724816322327,-0.46300023794174194,-0.1762157380580902
525,0.0019121876684948802,0.44712743163108826,0.6750110387802124
526,-0.5696449279785156,-0.34754690527915955,-0.029963914304971695
527,-0.5221097469329834,-0.2794971168041229,-0.002180258510634303
528,-0.6475871205329895,-0.4879896342754364,-0.06147388368844986
529,-0.5489279627799988,-0.32925474643707275,-0.012392891570925713
530,-0.557646632194519,-0.3554040193557739,-0.030756138265132904
531,-0.791608452796936,-0.5977677702903748,-0.22031010687351227
532,-0.2544136345386505,0.19810457527637482,0.3374443054199219
533,-0.7893788814544678,-0.6816046833992004,-0.17756080627441406
534,-0.594377338886261,-0.43228206038475037,-0.04270143806934357
535,-0.7549669742584229,-0.5981265902519226,-0.21564006805419922
536,-0.29881447553634644,0.08784174919128418,0.4072747826576233
537,-0.7670643329620361,-0.597649335861206,-0.18049676716327667
538,-0.7598966360092163,-0.6150683164596558,-0.082956962287426
539,-0.7669286727905273,-0.4612172245979309,-0.19620968401432037
540,-0.402088463306427,-0.003816999029368162,0.2039470672607422
541,-0.7661764621734619,-0.6466467976570129,-0.2370472252368927
542,-0.6082327961921692,-0.3472523093223572,-0.03878474235534668
543,-0.5447346568107605,-0.3010471761226654,-0.016530746594071388
544,-0.5529733896255493,-0.28330904245376587,-0.024976907297968864
545,-0.7615013718605042,-0.5509496331214905,-0.22262762486934662
546,-0.3302778899669647,0.009714231826364994,0.3905273675918579
547,-0.7736844420433044,-0.654013454914093,-0.19753043353557587
548,-0.5859988331794739,-0.3852498531341553,-0.029591020196676254
549,-0.7471929788589478,-0.5607726573944092,-0.2179778814315796
550,-0.400471568107605,-0.08967326581478119,0.3688768744468689
551,-0.7622148394584656,-0.5401259660720825,-0.218021422624588
552,-0.727551281452179,-0.596203625202179,-0.08124115318059921
553,-0.7752192616462708,-0.5303961038589478,-0.21766524016857147
554,-0.44622719287872314,-0.1351667046546936,0.025807872414588928
555,-0.7701035737991333,-0.5480766892433167,-0.21972353756427765
556,-0.6832072734832764,-0.5472617149353027,-0.21093761920928955
557,-0.7478200793266296,-0.5493025183677673,-0.21737536787986755
558,-0.9580822587013245,-0.7937089204788208,-0.15050938725471497
559,-0.7056077122688293,-0.4968782961368561,-0.12344036251306534
560,-0.9460558891296387,-0.8330057263374329,-0.31419631838798523
561,-0.7553543448448181,-0.5703385472297668,-0.23353207111358643
562,-0.8987445831298828,-0.8095231652259827,-0.2375897914171219
563,-0.9349625706672668,-0.8734803795814514,-0.297529011964798
564,-0.8128527998924255,-0.6593847274780273,-0.2611885368824005
565,-0.9874421954154968,-0.8234126567840576,-0.3705257177352905
566,-0.7447763085365295,-0.5550171136856079,-0.05732005089521408
567,-0.9017226099967957,-0.8234033584594727,-0.16626417636871338
568,-0.580321192741394,-0.38191336393356323,-0.04577164351940155
569,-0.8592987060546875,-0.7148445248603821,-0.23869246244430542
570,-0.4582943320274353,-0.1268702894449234,0.15456682443618774
571,-0.7831140756607056,-0.6705928444862366,-0.22906380891799927
572,-0.6788760423660278,-0.49858611822128296,-0.12127784639596939
573,-0.7729797959327698,-0.6090717315673828,-0.2319600135087967
574,-0.5541725754737854,-0.23432977497577667,0.23494036495685577
575,-0.7528804540634155,-0.5905008316040039,-0.2357892096042633
576,-0.7950274348258972,-0.6229696869850159,-0.23998983204364777
577,-0.8815677165985107,-0.7354859709739685,-0.2096070945262909
578,-0.5862160325050354,-0.34859636425971985,0.1375005692243576
579,-0.7979224920272827,-0.6684552431106567,-0.24469853937625885
580,-0.9070735573768616,-0.7941175103187561,-0.30135205388069153
581,-0.5704933404922485,-0.3025210201740265,-0.07506988942623138
582,-0.7938753962516785,-0.6517612934112549,-0.2445295751094818
583,-0.7230511903762817,-0.5335133075714111,-0.18749989569187164
584,-0.8341807723045349,-0.6819426417350769,-0.2393558770418167
585,-0.6013250350952148,-0.37018057703971863,-0.02753019705414772
586,-0.7673892378807068,-0.6122210621833801,-0.2212052047252655
587,-0.7495795488357544,-0.5953841209411621,-0.22615693509578705
588,-0.9313045740127563,-0.8108999133110046,-0.2936950623989105
589,-0.6116265654563904,-0.42674267292022705,0.005576558411121368
590,-0.8197726607322693,-0.7855637073516846,-0.2400260716676712
591,-0.7903571724891663,-0.4586784541606903,-0.12590110301971436
592,-1.0319328308105469,-0.9697718024253845,-0.4938875138759613
593,-1.04966139793396,-0.9916621446609497,-0.4902880787849426
594,-1.0249384641647339,-0.9635441899299622,-0.47742435336112976
595,-0.842835009098053,-0.5777217745780945,-0.210750550031662
596,-1.0330331325531006,-1.0020524263381958,-0.5014739036560059
597,-1.0451017618179321,-0.9650740623474121,-0.4774880111217499
598,-1.0255330801010132,-0.998303234577179,-0.47795772552490234
599,-0.8805570006370544,-0.7222894430160522,-0.25033965706825256
600,-1.0170470476150513,-0.9507141709327698,-0.47761863470077515
601,-0.7111151218414307,-0.3905782699584961,-0.07616400718688965
602,-0.5925869941711426,-0.3644736409187317,0.5705195069313049
603,-0.5877270698547363,-0.36523306369781494,-0.08870638161897659
604,0.009886493906378746,0.5338424444198608,0.7241401076316833
605,-0.5771697163581848,-0.3239150643348694,0.2359694093465805
606,-0.6979723572731018,-0.4772319495677948,-0.09012510627508163
607,-0.6581659913063049,-0.42715713381767273,-0.005322800949215889
608,0.02120380289852619,0.5051297545433044,0.6567761301994324
609,-0.6098005175590515,-0.3489234447479248,-0.07287827879190445
610,-1.065003752708435,-0.8837637305259705,-0.43552735447883606
611,-1.0318586826324463,-0.959170401096344,-0.4931553900241852
612,-0.7678045034408569,-0.6202208995819092,0.0013817350845783949
613,-1.0618330240249634,-0.9856554269790649,-0.47990682721138
614,-1.0505545139312744,-0.9850739240646362,-0.49353304505348206
615,-1.031184196472168,-0.9495089650154114,-0.4839538633823395
616,-0.8600201606750488,-0.7694400548934937,0.2358292192220688
617,-1.0159937143325806,-0.9615416526794434,-0.4931553900241852
618,-0.888105034828186,-0.8006314039230347,-0.36408889293670654
619,-0.6109092235565186,-0.373075395822525,0.03138989582657814
620,-0.9004943370819092,-0.8221040964126587,-0.31880393624305725
621,-0.8416878581047058,-0.7026628851890564,-0.28978201746940613
622,-0.9199888706207275,-0.799380898475647,-0.20579512417316437
623,-0.6305006742477417,-0.4673368036746979,-0.01656663790345192
624,-0.9303159713745117,-0.8409724235534668,-0.3632883131504059
625,-0.7732438445091248,-0.44422996044158936,-0.13965336978435516
626,-1.0435571670532227,-0.9818737506866455,-0.4797235429286957
627,-1.010629653930664,-0.94361412525177,-0.4933416247367859
628,-1.0277454853057861,-0.949901282787323,-0.4722960293292999
629,-0.8490851521492004,-0.7469407320022583,-0.2679150402545929
630,-1.018996000289917,-0.9828424453735352,-0.49351567029953003
631,-0.7136585116386414,-0.47840726375579834,0.11575298756361008
632,-0.7558935880661011,-0.5160287618637085,-0.1701597273349762
633,0.0075831967405974865,0.45053380727767944,0.6804743409156799
634,-0.71714186668396,-0.540785551071167,-0.1629716455936432
635,-1.133716106414795,-0.9716529250144958,-0.4927799701690674
636,-0.8648719787597656,-0.7013271450996399,0.2640654146671295
637,-1.0182712078094482,-0.9677156805992126,-0.4782872498035431
638,-1.0182913541793823,-0.8739668726921082,-0.44093310832977295
639,-0.8549240231513977,-0.5862259864807129,-0.1933135986328125
640,-1.002519130706787,-0.8880215883255005,-0.4550653398036957
641,-0.9080709218978882,-0.6690363883972168,-0.2546791434288025
642,-1.0221973657608032,-0.9704201817512512,-0.4754265248775482
643,-0.8588369488716125,-0.7072387933731079,-0.24381010234355927
644,-0.11071104556322098,0.2924930453300476,0.40387311577796936
645,-0.22785736620426178,0.3213508427143097,0.41988974809646606
646,-0.055914219468832016,0.4635372757911682,0.7660961747169495
647,-0.5335482358932495,-0.2285088747739792,0.3674936890602112
648,-0.5400794148445129,-0.31866806745529175,0.27382543683052063
649,-0.18904413282871246,0.22778640687465668,0.4067186713218689
650,-0.48625144362449646,-0.1632336974143982,0.3723050355911255
651,-0.05614630505442619,0.452578604221344,0.6401081681251526
652,-0.5441036820411682,-0.31798872351646423,0.03391269966959953
653,-0.06440582871437073,0.43914327025413513,0.5583127737045288
654,-0.5771052837371826,-0.40540680289268494,0.10739653557538986
655,-0.38233092427253723,-0.17276343703269958,0.20460723340511322
656,-0.5990453362464905,-0.42697474360466003,-0.020933646708726883
657,-0.5917642116546631,-0.41644176840782166,0.13382413983345032
658,-0.4877200424671173,-0.13909313082695007,0.445549339056015
659,-0.6397034525871277,-0.4957718849182129,-0.02398173324763775
660,-0.09159957617521286,0.4669434428215027,0.6769448518753052
661,-0.4190749526023865,-0.12213966250419617,0.16728171706199646
662,-0.4601784944534302,-0.17972859740257263,0.2862778604030609
663,-0.6396591663360596,-0.49833956360816956,0.03977504372596741
664,-0.5218713283538818,-0.2764226496219635,0.24415206909179688
665,-0.5752246975898743,-0.4082850217819214,0.09539651870727539
666,-0.5435648560523987,-0.2057560235261917,0.06890131533145905
667,-0.08570635318756104,0.456533282995224,0.7109493613243103
668,-0.6448233723640442,-0.47239190340042114,-0.031200909987092018
669,-0.5536437630653381,-0.3700469434261322,0.13536351919174194
670,-0.5391048192977905,-0.2138582170009613,0.08586061745882034
671,-0.09376320987939835,0.463978111743927,0.6702585816383362
672,-0.5766392350196838,-0.31855103373527527,0.09794214367866516
673,-0.6972482800483704,-0.532745897769928,-0.06485210359096527
674,-0.5019579529762268,-0.12014585733413696,0.1608341485261917
675,-0.10786321759223938,0.31752294301986694,0.5340984463691711
676,-0.5520688891410828,-0.2502881586551666,0.022523758932948112
677,-0.10181080549955368,0.34798187017440796,0.46204790472984314
678,-0.22724810242652893,0.2434409111738205,0.4304477572441101
679,0.018858959898352623,0.6710993051528931,0.9634581804275513
680,0.02253095619380474,0.6309540271759033,0.744239330291748
681,-0.5555887818336487,-0.3344346880912781,0.1406862735748291
682,-0.9698378443717957,-0.8925468325614929,-0.321225643157959
683,-0.28633853793144226,-0.037619687616825104,0.23250316083431244
684,-0.5397568345069885,-0.1891506016254425,0.3066364526748657
685,0.0064925518818199635,0.5414650440216064,0.6465361714363098
686,-1.1067798137664795,-1.0897525548934937,-0.47827520966529846
687,0.011392436921596527,0.8339314460754395,0.9158186316490173
688,0.009886493906378746,0.6188182830810547,0.7459774017333984
689,-0.5684443712234497,-0.3803720772266388,-0.010925792157649994
690,-0.7927275896072388,-0.6914051175117493,-0.2553333640098572
691,-0.9713415503501892,-0.9319777488708496,-0.3249148428440094
692,-1.0671836137771606,-0.9836033582687378,-0.4448082745075226
693,-0.5818517208099365,-0.3568193018436432,0.06054238602519035
694,-0.625778317451477,-0.4054411053657532,-0.00709146074950695
695,0.008532475680112839,0.5549170970916748,0.7368729114532471
696,-0.4949987828731537,-0.2754960060119629,-0.001292087254114449
697,-0.5355499982833862,-0.3054218590259552,-0.011276639066636562
698,-0.7915542721748352,-0.6970363855361938,-0.2292022556066513
699,-0.578356146812439,-0.397479772567749,-0.045583583414554596
700,-0.5861403346061707,-0.39485856890678406,-0.05052613466978073
701,-1.1708790063858032,-1.148613691329956,-0.5069858431816101
702,0.009886493906378746,0.48781463503837585,0.6904603838920593
703,-1.0924474000930786,-1.0496152639389038,-0.4591829478740692
704,-0.7727352976799011,-0.6860217452049255,-0.22819849848747253
705,-1.1163979768753052,-1.1068832874298096,-0.4828835725784302
706,0.02253095619380474,0.6130721569061279,0.8051776885986328
707,-1.072821021080017,-0.9618656039237976,-0.46389123797416687
708,-1.0260505676269531,-0.9930365681648254,-0.4065779745578766
709,-1.1122682094573975,-1.0898371934890747,-0.4390837252140045
710,0.0016327673802152276,0.5455262660980225,0.5483888387680054
711,-1.0992014408111572,-1.0914393663406372,-0.4816291332244873
712,-0.12968558073043823,0.3460458815097809,0.472840279340744
713,-0.11150038242340088,0.20560286939144135,0.44857195019721985
714,-0.06595627963542938,0.3392984867095947,0.47181931138038635
715,-0.38994044065475464,0.08905478566884995,0.3793732523918152
716,-0.44503581523895264,0.022926460951566696,0.2566775679588318
717,-0.14296722412109375,0.3585561215877533,0.44869694113731384
718,-0.3672913610935211,0.07128293812274933,0.30061066150665283
719,-0.08255860209465027,0.3023039400577545,0.47677862644195557
720,-0.6077832579612732,-0.1477835476398468,0.11822764575481415
721,-0.08605333417654037,0.3041132986545563,0.44695863127708435
722,-0.07175271213054657,0.2882390022277832,0.4296528398990631
723,-0.4232206642627716,0.010622065514326096,0.32066646218299866
724,-0.3343167304992676,-0.07819660007953644,0.1699734926223755
725,-0.27873197197914124,0.02426307275891304,0.3554947078227997
726,-0.4963480234146118,-0.13410165905952454,0.21041947603225708
727,-0.5617091059684753,-0.18067385256290436,0.1008315309882164
728,-0.252582848072052,0.3094633221626282,0.4165586531162262
729,-0.4388340413570404,-0.06996510177850723,0.10534477233886719
730,-0.0860937088727951,0.27614662051200867,0.45486336946487427
731,-0.20500530302524567,0.30008435249328613,0.4543282985687256
732,-0.283723384141922,0.2416326105594635,0.4416901767253876
733,-0.5537472367286682,-0.15002131462097168,0.15729300677776337
734,-0.344353586435318,0.16574722528457642,0.34998467564582825
735,-0.41614606976509094,-0.025375613942742348,0.28785640001296997
736,-0.5366677045822144,-0.23598358035087585,0.08200728893280029
737,-0.08255860209465027,0.2840427756309509,0.4667968451976776
738,-0.6147030591964722,-0.13708704710006714,0.018993176519870758
739,-0.458024799823761,0.0035147385206073523,0.26271364092826843
740,-0.5693816542625427,-0.11790794134140015,0.13181084394454956
741,-0.10349258035421371,0.18080076575279236,0.42315512895584106
742,-0.5313786268234253,-0.11531418561935425,0.12399419397115707
743,-0.6955604553222656,-0.21757915616035461,0.10714706033468246
744,-0.5472519397735596,-0.2571339011192322,0.1273842751979828
745,-0.08234362304210663,0.3711061179637909,0.4605626165866852
746,-0.5784896016120911,-0.22335048019886017,0.10895472019910812
747,-0.1094047948718071,0.3640024662017822,0.49466565251350403
748,-0.0814446359872818,0.3324929475784302,0.4589380621910095
749,-0.6126993894577026,-0.36697956919670105,0.013744641095399857
750,-0.9273443222045898,-0.8206267356872559,-0.35750487446784973
751,-0.26035207509994507,0.04260566830635071,0.2504219114780426
752,-0.598521888256073,-0.2382090985774994,0.18778373301029205
753,-0.06595627963542938,0.3254219889640808,0.48913905024528503
754,-1.0820554494857788,-1.0546224117279053,-0.4815690219402313
755,-0.0860937088727951,0.42349693179130554,0.5364692211151123
756,-0.08255860209465027,0.31384313106536865,0.4832494556903839
757,-0.59287428855896,-0.38469457626342773,-0.03283505514264107
758,-0.8786012530326843,-0.6265406012535095,-0.18547002971172333
759,-0.9698495864868164,-0.8829428553581238,-0.3343140780925751
760,-1.0535897016525269,-0.9879517555236816,-0.4774678945541382
761,-0.6343552470207214,-0.4269863963127136,0.023497994989156723
762,-0.6162750720977783,-0.3972470760345459,-0.07013671845197678
763,-0.10818326473236084,0.18713998794555664,0.45084285736083984
764,-0.5159099102020264,-0.18868662416934967,0.05565544217824936
765,-0.5465786457061768,-0.3093193769454956,-0.012777730822563171
766,-0.7306872010231018,-0.6043936610221863,-0.17758147418498993
767,-0.5937017202377319,-0.3127117156982422,-0.03708156570792198
768,-0.6019733548164368,-0.42874041199684143,-0.08308181911706924
769,-1.1290160417556763,-1.1407917737960815,-0.48305174708366394
770,-0.06543529778718948,0.30459821224212646,0.497237890958786
771,-1.0697741508483887,-1.0089339017868042,-0.47762206196784973
772,-0.6981490850448608,-0.5147393941879272,-0.16011656820774078
773,-1.106131672859192,-1.0967961549758911,-0.4387136697769165
774,-0.06714111566543579,0.23243191838264465,0.6088395118713379
775,-1.086828589439392,-0.9172054529190063,-0.4763798117637634
776,-1.0161689519882202,-0.9731236100196838,-0.4327704608440399
777,-1.1035795211791992,-1.0435312986373901,-0.4063458740711212
778,-0.08316998183727264,0.3255770206451416,0.4781452715396881
779,-1.0890439748764038,-1.0567941665649414,-0.48300254344940186
780,-0.06419520080089569,0.3831949830055237,0.5379524827003479
781,-0.10467582941055298,0.403168648481369,0.5129235982894897
782,-0.4987398087978363,-0.04971689730882645,0.33241719007492065
783,-0.5355633497238159,-0.11361465603113174,0.0803057849407196
784,-0.18859782814979553,0.22243984043598175,0.34673425555229187
785,-0.5124595761299133,-0.04823783040046692,0.3144347071647644
786,-0.09264801442623138,0.3988465964794159,0.5156303644180298
787,-0.5515159964561462,-0.12216208875179291,0.17199121415615082
788,-0.11030443012714386,0.3984644412994385,0.5385176539421082
789,-0.06171641871333122,0.42591235041618347,0.5095353126525879
790,-0.5502941012382507,-0.33917272090911865,0.08702756464481354
791,-0.3828277587890625,0.06406460702419281,0.7226074934005737
792,-0.36797797679901123,0.18089035153388977,0.8671057820320129
793,-0.5797958970069885,-0.331443190574646,0.07585696130990982
794,-0.5601863265037537,-0.18418720364570618,0.023692520335316658
795,-0.46850547194480896,-0.04029516130685806,0.2756478190422058
796,-0.6103899478912354,-0.4310513138771057,0.0070037865079939365
797,-0.058437082916498184,0.3781009912490845,0.5141341686248779
798,-0.4669056534767151,-0.10993779450654984,0.3640071749687195
799,-0.4524650573730469,-0.04941500723361969,0.19237317144870758
800,-0.6415263414382935,-0.43869179487228394,0.15463796257972717
801,-0.5316579341888428,-0.1827239841222763,0.0496150441467762
802,-0.5478880405426025,-0.2610475718975067,0.09310799837112427
803,-0.5146728754043579,0.13897012174129486,0.6737228631973267
804,-0.06419520080089569,0.395275741815567,0.5218642950057983
805,-0.6062093377113342,-0.2654806077480316,0.3577693998813629
806,-0.5600104331970215,-0.27384689450263977,0.1173257976770401
807,-0.48863086104393005,0.05414542555809021,0.07350331544876099
808,-0.058437082916498184,0.37317395210266113,0.5468615889549255
809,-0.5256870985031128,-0.026282228529453278,0.06693786382675171
810,-0.6331543922424316,-0.31635165214538574,0.12541259825229645
811,-0.5078098177909851,0.08575287461280823,0.3540562093257904
812,-0.12795531749725342,0.43375644087791443,0.469948410987854
813,-0.5277411937713623,0.002081747865304351,0.06538223475217819
814,0.008532475680112839,0.5630719065666199,0.682284414768219
815,0.0064925518818199635,0.585856020450592,0.678520143032074
816,-0.5590808391571045,-0.2611542046070099,0.13187779486179352
817,-0.945345401763916,-0.8293793797492981,-0.2559800446033478
818,-0.3680025339126587,-0.015490506775677204,0.2187352329492569
819,-0.5202139019966125,-0.07644128054380417,0.715219259262085
820,0.021932514384388924,0.5877190828323364,0.659854531288147
821,-1.091860055923462,-1.0521316528320312,-0.3556447923183441
822,0.0064925518818199635,0.461624413728714,0.6494917869567871
823,-0.5556514859199524,-0.3631170988082886,-0.012193279340863228
824,-0.787232518196106,-0.6126591563224792,-0.026652390137314796
825,-0.9713093042373657,-0.9509672522544861,-0.2972341775894165
826,-1.0561065673828125,-0.9907808899879456,-0.384863018989563
827,-0.5796590447425842,-0.3255177438259125,0.043947309255599976
828,0.021932514384388924,0.46247735619544983,0.6711229085922241
829,-0.511664867401123,-0.256000816822052,-0.012149881571531296
830,-0.5275872945785522,-0.3090759813785553,-0.011785103939473629
831,-0.765672504901886,-0.6136753559112549,-0.09448574483394623
832,-0.5638030767440796,-0.363429993391037,-0.041778482496738434
833,-0.571077823638916,-0.3705286383628845,-0.05264441668987274
834,-1.1871715784072876,-1.1553022861480713,-0.34077975153923035
835,0.008532475680112839,0.5970081686973572,0.6515769958496094
836,-1.069815754890442,-1.0503180027008057,-0.38288217782974243
837,-0.7450984716415405,-0.6307783722877502,-0.17552867531776428
838,-1.1306151151657104,-1.1156251430511475,-0.4816724359989166
839,0.008532475680112839,0.45627567172050476,0.654866635799408
840,-1.0620753765106201,-0.8993839621543884,-0.38517701625823975
841,-1.052875280380249,-1.0122840404510498,-0.2782400846481323
842,-1.092153787612915,-1.078466534614563,-0.3330632448196411
843,-0.0003481517778709531,0.4841698408126831,0.559245228767395
844,-1.1034071445465088,-1.0501307249069214,-0.3962232768535614
845,0.011392436921596527,0.6776923537254333,0.8208739161491394
846,-0.07151695340871811,0.18725094199180603,0.7860429286956787
847,-0.4041561484336853,-0.05763429403305054,0.37432584166526794
848,-0.43634626269340515,-0.15901631116867065,0.6564565896987915
849,-0.14262992143630981,0.29604190587997437,0.9540857672691345
850,-0.3297027349472046,0.01813928224146366,0.5922437906265259
851,-0.7820935249328613,-0.6171525716781616,0.5687770843505859
852,-0.309780478477478,0.010598653927445412,0.855037271976471
853,-0.4067431390285492,-0.07426399737596512,0.888850748538971
854,-0.7176185846328735,-0.4648204743862152,0.691908061504364
855,0.02253095619380474,0.6801723837852478,0.767702043056488
856,-0.25554829835891724,0.07291775941848755,0.47714537382125854
857,-0.36028143763542175,-0.013639234937727451,0.04746216535568237
858,-0.4948504567146301,-0.29538583755493164,0.014866462908685207
859,-0.5914121270179749,-0.42190712690353394,-0.06035574525594711
860,-0.6150982975959778,-0.42993417382240295,-0.07240860164165497
861,-0.2939985990524292,0.10134721547365189,0.5156635046005249
862,-0.5091546177864075,-0.29581329226493835,0.26556169986724854
863,-0.019118240103125572,0.3640486001968384,0.619584858417511
864,-0.38422611355781555,0.016114279627799988,0.4152935743331909
865,0.010252077132463455,0.6232545971870422,0.686667799949646
866,-0.552024245262146,-0.386725515127182,0.03957695886492729
867,0.011392436921596527,0.7009618282318115,0.7413166761398315
868,-0.5050050020217896,-0.33585453033447266,0.3350198268890381
869,-0.41565337777137756,0.011325384490191936,0.21856680512428284
870,-0.1774170696735382,0.15468208491802216,0.4390594959259033
871,-0.6283307075500488,-0.45457378029823303,0.2046138346195221
872,-0.6240537166595459,-0.4218731224536896,0.19098913669586182
873,-0.19313015043735504,0.24761350452899933,0.6261549592018127
874,-0.7333338856697083,-0.5070434212684631,0.3054000437259674
875,0.018858959898352623,0.7065516114234924,0.7543518543243408
876,-0.1481291502714157,0.26535531878471375,0.6309065818786621
877,-0.32216766476631165,0.012639009393751621,0.5153623819351196
878,-0.7944191098213196,-0.6485728621482849,0.149311363697052
879,-0.3219113349914551,-0.09893385320901871,0.3844941556453705
880,-0.5802258849143982,-0.3609454929828644,0.25911635160446167
881,-0.38912954926490784,-0.04356515035033226,0.16204537451267242
882,0.008532475680112839,0.6429987549781799,0.7676588892936707
883,-0.7238176465034485,-0.5191599130630493,0.05178529769182205
884,-0.5534981489181519,-0.35561424493789673,0.25491809844970703
885,-0.4039061963558197,-0.1669589728116989,0.09414225071668625
886,0.018858959898352623,0.7333205938339233,0.7862111330032349
887,-0.5201628804206848,-0.3055165708065033,0.20345985889434814
888,-0.7798120975494385,-0.6377167701721191,0.08642228692770004
889,-0.3877173662185669,-0.10195903480052948,0.15706652402877808
890,0.0064925518818199635,0.6128911375999451,0.6843644976615906
891,-0.43592187762260437,-0.24591170251369476,0.06819793581962585
892,-0.5325520038604736,-0.36679065227508545,0.5330682396888733
893,-0.9398282170295715,-0.8310887813568115,-0.32010334730148315
894,-0.27073583006858826,-0.020313270390033722,0.3494287431240082
895,-0.530877947807312,-0.14473187923431396,0.5728538036346436
896,0.01599065028131008,0.6100941300392151,0.630972146987915
897,-1.1047804355621338,-1.0916080474853516,-0.5072913765907288
898,0.009886493906378746,0.863979697227478,0.9291205406188965
899,0.02253095619380474,0.701569676399231,0.7687326073646545
900,-0.5988698601722717,-0.41722989082336426,-0.042638618499040604
901,-0.852276623249054,-0.741537868976593,-0.32116350531578064
902,-0.9825242161750793,-0.9205282330513,-0.3196105360984802
903,-1.0642668008804321,-1.0548479557037354,-0.3997715413570404
904,-0.633914589881897,-0.41706910729408264,0.1513555496931076
905,-0.692905843257904,-0.4496258497238159,-0.02516753599047661
906,0.011392436921596527,0.667988657951355,0.7593857645988464
907,-0.5099121928215027,-0.251315712928772,0.009097621776163578
908,-0.5414747595787048,-0.3357120156288147,-0.0030296703334897757
909,-0.7333576083183289,-0.6153455376625061,-0.15202264487743378
910,-0.5861021876335144,-0.4204578995704651,-0.04260828718543053
911,-0.6161447167396545,-0.4648618698120117,-0.08962272107601166
912,-1.181511402130127,-1.1518653631210327,-0.49905866384506226
913,0.009886493906378746,0.5803914666175842,0.6912646293640137
914,-1.090993881225586,-1.0789234638214111,-0.458464652299881
915,-0.7225783467292786,-0.5948376655578613,-0.21050377190113068
916,-1.1245912313461304,-1.113728404045105,-0.46920353174209595
917,0.018858959898352623,0.6899659037590027,0.7761709094047546
918,-1.0837944746017456,-1.0246704816818237,-0.46050825715065
919,-1.0500789880752563,-0.9994218945503235,-0.39796754717826843
920,-1.1177952289581299,-1.093491792678833,-0.3438698947429657
921,0.0063745188526809216,0.5502406358718872,0.583899199962616
922,-1.1022236347198486,-1.0891982316970825,-0.4828234612941742
923,-0.5702981948852539,-0.3581191897392273,0.06915205717086792
924,-0.5822584629058838,-0.38483676314353943,0.05199636518955231
925,-0.7922770380973816,-0.6544144749641418,-0.22787034511566162
926,-0.5598527789115906,-0.39798790216445923,0.37088316679000854
927,-0.5777080655097961,-0.4135470688343048,0.5145570635795593
928,-0.5784569382667542,-0.33521509170532227,-0.016712699085474014
929,-0.7680567502975464,-0.44601255655288696,0.07972419261932373
930,-0.631679892539978,-0.5050597786903381,-0.050716646015644073
931,-0.7518070936203003,-0.5726170539855957,-0.016092129051685333
932,-0.5641679763793945,-0.34569206833839417,0.054905056953430176
933,-0.5894954800605774,-0.3893342614173889,-0.04117966443300247
934,-0.5676894783973694,-0.38516584038734436,0.45649826526641846
935,-0.5494139790534973,-0.3003332018852234,0.00504648732021451
936,-0.5567377209663391,-0.28841453790664673,-0.013304030522704124
937,-0.6626248955726624,-0.4964459240436554,-0.11176757514476776
938,-0.5608599185943604,-0.3414698541164398,0.08118881285190582
939,-0.5756450295448303,-0.3555838167667389,-0.03196374699473381
940,-0.7782118320465088,-0.5983426570892334,-0.19751887023448944
941,-0.5545254945755005,-0.3878105878829956,0.3217184841632843
942,-0.7318785190582275,-0.5689455270767212,-0.21566757559776306
943,-0.6251739263534546,-0.4624648094177246,-0.10586676001548767
944,-0.7887718677520752,-0.6525960564613342,-0.23971493542194366
945,-0.57381671667099,-0.40114879608154297,0.38204923272132874
946,-0.7620669007301331,-0.5980382561683655,-0.14377181231975555
947,-0.6988315582275391,-0.5953766703605652,-0.0714690238237381
948,-0.776872456073761,-0.5410701632499695,-0.24163931608200073
949,-0.5612574815750122,-0.4004655182361603,0.1309202015399933
950,-0.7837213277816772,-0.6309581995010376,-0.22221414744853973
951,-2.0530571937561035,-0.8736315965652466,-0.2808947265148163
952,-0.5559200048446655,-0.29029861092567444,0.22627942264080048
953,-1.0943419933319092,-1.0061341524124146,-0.39903661608695984
954,-0.3264786899089813,0.1329609453678131,0.5922602415084839
955,-0.24993188679218292,0.13365352153778076,0.6155055165290833
956,-0.554998517036438,-0.2783796489238739,-0.0025167581625282764
957,-0.8246312737464905,-0.6305373311042786,-0.22616371512413025
958,-0.9134807586669922,-0.8136744499206543,-0.31308841705322266
959,-0.5888263583183289,-0.33854469656944275,0.0271762628108263
960,-0.608253538608551,-0.3022668957710266,-0.055334631353616714
961,-0.5350655913352966,-0.2552584111690521,-0.002647514920681715
962,-0.7786332964897156,-0.6094092726707458,-0.2287084311246872
963,-0.7645267844200134,-0.6095275282859802,-0.24760429561138153
964,-1.099204182624817,-1.0662094354629517,-0.5058068037033081
965,-1.091219186782837,-1.0431102514266968,-0.4952579438686371
966,-0.3123628795146942,-0.0441453792154789,0.2805161774158478
967,-1.6710848808288574,-0.9062676429748535,-0.3187982439994812
968,-0.9121694564819336,-0.780584454536438,-0.3075277507305145
969,-1.0861947536468506,-0.8073212504386902,-0.007622889243066311
970,-0.967546284198761,-0.8372763395309448,-0.2403174489736557
971,-0.9609321355819702,-0.823762834072113,-0.324403315782547
972,-0.9558135271072388,-0.8116853833198547,-0.3116101026535034
973,-0.8517166376113892,-0.6674318313598633,-0.08381263166666031
974,-0.9543498754501343,-0.8362937569618225,-0.3137228488922119
975,-1.0991275310516357,-0.8029648661613464,0.051584772765636444
976,-0.9427465796470642,-0.766945481300354,-0.3102659583091736
977,-0.7822551131248474,-0.6654694080352783,-0.30990999937057495
978,-1.139589548110962,-0.8961470127105713,-0.276804119348526
979,-0.9498206377029419,-0.7818606495857239,-0.280766099691391
980,-0.9178764224052429,-0.7842786312103271,-0.32957562804222107
981,-0.9131366014480591,-0.8043530583381653,-0.25536832213401794
982,-0.9614483714103699,-0.816317617893219,-0.28970852494239807
983,-1.0584911108016968,-0.8398182392120361,-0.362009733915329
984,-0.8515305519104004,-0.6613665819168091,-0.24497590959072113
985,-1.0569369792938232,-0.8012803792953491,-0.3127690553665161
986,-1.0210379362106323,-0.8208343982696533,-0.3217751979827881
987,-1.1539890766143799,-0.7671409845352173,0.010315355844795704
988,-0.9550527334213257,-0.766237735748291,-0.32378342747688293
989,-1.2852673530578613,-0.902454674243927,-0.3207054138183594
990,-1.2157450914382935,-0.907652735710144,-0.2762438952922821
991,-1.0486376285552979,-0.6998879909515381,-0.24635358154773712
992,-0.5812911987304688,-0.3916526138782501,-0.06599283218383789
993,-0.3244810700416565,0.10675475746393204,0.3445224463939667
994,-1.0819076299667358,-1.04117751121521,-0.48744359612464905
995,-0.45202934741973877,-0.0633263885974884,0.40100759267807007
996,-0.3101569414138794,-0.012836754322052002,0.6167894601821899
997,-0.6005334258079529,-0.3656105101108551,-0.050075992941856384
998,-0.8374075889587402,-0.7082151770591736,-0.23138731718063354
999,-1.1149930953979492,-0.830104649066925,-0.19600459933280945
1000,-1.1140707731246948,-1.0260692834854126,-0.4274580776691437
1001,-0.5939504504203796,-0.4010639190673828,-0.07025182247161865
1002,-0.7248799800872803,-0.502865731716156,-0.19808846712112427
1003,-0.38061678409576416,-0.12023954093456268,0.7168650031089783
1004,-0.5502287149429321,-0.2846793830394745,-0.0327034592628479
1005,-0.543622612953186,-0.2149423509836197,-0.012155978940427303
1006,-0.7664700746536255,-0.602668285369873,-0.25539717078208923
1007,-0.5909432172775269,-0.40147116780281067,-0.04031519964337349
1008,-0.7525973916053772,-0.5339277386665344,-0.19982849061489105
1009,-1.0697541236877441,-1.0325425863265991,-0.48440787196159363
1010,-0.329540878534317,-0.007728999480605125,0.5790513157844543
1011,-1.1245288848876953,-1.0379871129989624,-0.4819875657558441
1012,-0.7760035991668701,-0.6158819198608398,-0.2778320908546448
1013,-1.0737684965133667,-1.0412994623184204,-0.49699363112449646
1014,-0.32498085498809814,-0.07886751741170883,0.8478380441665649
1015,-1.1885281801223755,-1.0425957441329956,-0.47568947076797485
1016,-1.112416386604309,-0.9330912828445435,-0.4244345426559448
1017,-1.0707635879516602,-1.0300407409667969,-0.368074893951416
1018,-0.5350817441940308,-0.3385598063468933,0.03908708691596985
1019,-1.07635498046875,-1.048414707183838,-0.47630640864372253
1020,-0.5318716168403625,-0.2966490685939789,0.10517817735671997
1021,-0.2351783812046051,0.09186495095491409,0.2698241174221039
1022,-0.5890769362449646,-0.3503817021846771,-0.018021272495388985
1023,-0.22241473197937012,0.07930458337068558,0.30458864569664
1024,-0.20730090141296387,0.014838784001767635,0.38006284832954407
1025,-0.5913556218147278,-0.4179748594760895,-0.0469512939453125
1026,-0.4319784641265869,-0.03746957331895828,0.3434874713420868
1027,-0.47048476338386536,-0.34204238653182983,0.047441188246011734
1028,-0.5976089239120483,-0.42304208874702454,-0.05391710624098778
1029,-0.5900086164474487,-0.42227819561958313,-0.07857672870159149
1030,-0.5203765630722046,-0.2045164555311203,0.254720538854599
1031,-0.6360540986061096,-0.49569612741470337,-0.050833843648433685
1032,-0.25495249032974243,0.05837512016296387,0.46893545985221863
1033,-0.4962666928768158,-0.1895013451576233,0.02793935313820839
1034,-0.5246998071670532,-0.25387516617774963,0.012703049927949905
1035,-0.6382578015327454,-0.49824896454811096,-0.07097005844116211
1036,-0.5356459021568298,-0.29039621353149414,-0.022649869322776794
1037,-0.5802261829376221,-0.4189893901348114,-0.04690892994403839
1038,-0.5692794322967529,-0.29751384258270264,0.04607932269573212
1039,-0.20240841805934906,0.11205615848302841,0.4864015579223633
1040,-0.6374688148498535,-0.4867534041404724,-0.08665158599615097
1041,-0.5888440608978271,-0.40838900208473206,-0.05641474574804306
1042,-0.5330203771591187,-0.3103284239768982,0.000894156051799655
1043,-0.5704220533370972,-0.38232776522636414,-0.08776417374610901
1044,-0.6747936606407166,-0.5228584408760071,-0.06849273294210434
1045,-0.5605297088623047,-0.27582383155822754,0.13077124953269958
1046,-0.26990729570388794,0.005148787051439285,0.2535710334777832
1047,-0.5293560028076172,-0.2983943819999695,0.03180525451898575
1048,-0.5514417290687561,-0.2264910638332367,0.176850825548172
1049,-0.022318895906209946,0.5508632659912109,0.6437398791313171
1050,-1.0883103609085083,-1.0614575147628784,-0.44092458486557007
1051,-0.0558132566511631,0.4911077320575714,0.7011799812316895
1052,-0.018917836248874664,0.36945879459381104,0.7080990672111511
1053,-0.5555539131164551,-0.3186120092868805,-0.007172002922743559
1054,-0.7815390229225159,-0.5552217960357666,-0.12429977208375931
1055,-0.9599442481994629,-0.9407487511634827,-0.29733309149742126
1056,-1.057681679725647,-0.9499720931053162,-0.422908216714859
1057,-0.588573694229126,-0.3685486316680908,-0.015678754076361656
1058,-0.5997024178504944,-0.33052974939346313,-0.02072708122432232
1059,-0.02314358949661255,0.36079293489456177,0.7819012999534607
1060,-0.4985521137714386,-0.2606727182865143,-0.0009113663691096008
1061,-0.5346000790596008,-0.28774797916412354,-0.0018562031909823418
1062,-0.7943063378334045,-0.6797563433647156,-0.22843964397907257
1063,-0.5655856728553772,-0.3929249942302704,-0.039356671273708344
1064,-0.5812658667564392,-0.38764649629592896,-0.04984574392437935
1065,-1.153771162033081,-1.1369608640670776,-0.5023278594017029
1066,-0.018917836248874664,0.34574127197265625,0.661454975605011
1067,-1.0845586061477661,-1.02777099609375,-0.4564412534236908
1068,-0.7770838737487793,-0.6824102997779846,-0.2282051295042038
1069,-1.111255407333374,-1.1043336391448975,-0.4749698340892792
1070,-0.02314358949661255,0.36968284845352173,0.8341923952102661
1071,-1.075735330581665,-0.9703176617622375,-0.45810893177986145
1072,-1.042366623878479,-0.9873330593109131,-0.39004549384117126
1073,-1.0999971628189087,-0.9670187830924988,-0.26286599040031433
1074,-0.05774376168847084,0.34546077251434326,0.47105538845062256
1075,-1.0896897315979004,-1.0498051643371582,-0.45447319746017456
1076,-0.5139555335044861,-0.2619478404521942,1.1337969303131104
1077,-0.7803374528884888,-0.6148020625114441,-0.1716640740633011
1078,-0.551387369632721,-0.28470513224601746,0.5125501155853271
1079,-0.7702555060386658,-0.5550687313079834,-0.1532585322856903
1080,-0.7522693872451782,-0.595000684261322,-0.2228226214647293
1081,-0.7707468867301941,-0.6235893368721008,-0.23208416998386383
1082,-0.5295719504356384,-0.13095742464065552,0.38566261529922485
1083,-0.787651538848877,-0.5481554269790649,-0.23099839687347412
1084,-0.5314693450927734,-0.19321784377098083,0.489345908164978
1085,-0.780055046081543,-0.6365939378738403,-0.2459382265806198
1086,-0.7753669619560242,-0.6209514737129211,-0.23696142435073853
1087,-0.5322872400283813,-0.1724846512079239,0.393514484167099
1088,-0.8303887844085693,-0.6478309631347656,-0.24165642261505127
1089,-0.8028854131698608,-0.62591952085495,-0.2471974641084671
1090,-0.7841866612434387,-0.519040048122406,-0.24297097325325012
1091,-0.5520299673080444,-0.21344630420207977,0.5213380455970764
1092,-0.7486280202865601,-0.6011366248130798,-0.2297240048646927
1093,-0.2774890065193176,0.30827775597572327,0.5746463537216187
1094,-0.3837015926837921,0.11988328397274017,0.4365363121032715
1095,-0.19886727631092072,0.30757758021354675,0.7986728549003601
1096,-0.5516571998596191,-0.23752139508724213,-0.02663826383650303
1097,-0.82115238904953,-0.6562392711639404,-0.23969504237174988
1098,-0.962488055229187,-0.7949257493019104,-0.28271326422691345
1099,-1.0971397161483765,-0.9714407920837402,-0.32806161046028137
1100,-0.585148811340332,-0.337467223405838,-0.05160180851817131
1101,-0.6422322988510132,-0.3149511516094208,-0.12526322901248932
1102,-0.28751340508461,0.12300964444875717,0.6904271841049194
1103,-0.5456196665763855,-0.26813700795173645,-0.021736986935138702
1104,-0.5176950097084045,-0.23696638643741608,-0.011546698398888111
1105,-0.7611888647079468,-0.5997056365013123,-0.24577729403972626
1106,-0.5666205883026123,-0.33558496832847595,-0.007186398841440678
1107,-0.6448720693588257,-0.4256698787212372,-0.1451161503791809
1108,-1.126103401184082,-1.0632188320159912,-0.4748576283454895
1109,-0.3177953064441681,0.24520960450172424,0.6893672347068787
1110,-1.1070427894592285,-1.022064208984375,-0.4809059202671051
1111,-0.763781726360321,-0.6089954376220703,-0.2550384998321533
1112,-1.0443658828735352,-0.9035564064979553,-0.40323805809020996
1113,-0.40447404980659485,-0.06782922148704529,0.23967987298965454
1114,-1.083322525024414,-1.0027737617492676,-0.4078998267650604
1115,-0.48344922065734863,-0.02902206778526306,0.24240320920944214
1116,0.021932514384388924,0.6049900054931641,0.648248553276062
1117,0.00801149383187294,0.5976966023445129,0.6550409197807312
1118,-0.33343151211738586,-0.051780860871076584,0.4351472854614258
1119,-0.23611873388290405,0.132319375872612,0.33027082681655884
1120,-0.16981789469718933,0.3486691415309906,0.5642088055610657
1121,-0.44041144847869873,-0.1027374193072319,0.31044459342956543
1122,-0.4300454258918762,-0.07988794893026352,0.21779391169548035
1123,-0.20981338620185852,0.3399845361709595,0.6070289611816406
1124,-0.5572337508201599,-0.2673414647579193,0.23384186625480652
1125,0.0064925518818199635,0.5002645254135132,0.6240097880363464
1126,-0.09671633690595627,0.44469743967056274,0.5936808586120605
1127,-0.23766174912452698,0.23995760083198547,0.6369461417198181
1128,-0.6429458260536194,-0.29044532775878906,0.21587198972702026
1129,-0.3086824417114258,0.16211844980716705,0.584681510925293
1130,-0.3266623616218567,0.0705425813794136,0.43955478072166443
1131,-0.3721866011619568,0.20155301690101624,0.322970986366272
1132,0.01599065028131008,0.5913846492767334,0.6358546018600464
1133,-0.6064623594284058,-0.3231241703033447,0.05882503092288971
1134,-0.35335978865623474,0.09635879099369049,0.5259885787963867
1135,-0.38286325335502625,0.15534164011478424,0.2722531855106354
1136,0.010252077132463455,0.5485285520553589,0.6828123927116394
1137,-0.38284793496131897,0.12180662900209427,0.3650744557380676
1138,-0.6760473251342773,-0.4181921184062958,0.1930951476097107
1139,-0.37889862060546875,0.1454111933708191,0.30071505904197693
1140,0.007085341494530439,0.5956516265869141,0.6522849798202515
1141,-0.39202672243118286,0.10182595252990723,0.28258630633354187
1142,-1.100144624710083,-1.0794984102249146,-0.4946294128894806
1143,0.016840003430843353,0.6502951383590698,0.782988965511322
1144,0.008532475680112839,0.6073236465454102,0.7673692107200623
1145,-0.590981125831604,-0.37319305539131165,-0.056878864765167236
1146,-0.8283564448356628,-0.6971422433853149,-0.17168524861335754
1147,-0.9484960436820984,-0.8517625331878662,-0.3146306276321411
1148,-1.0551908016204834,-1.0162104368209839,-0.40945717692375183
1149,-0.5998361706733704,-0.44741445779800415,0.1688825488090515
1150,-0.6619014143943787,-0.42652958631515503,-0.07778767496347427
1151,0.016840003430843353,0.5472040176391602,0.7219587564468384
1152,-0.5107460618019104,-0.24082708358764648,0.2284431904554367
1153,-0.5550795793533325,-0.32908087968826294,-0.02598746120929718
1154,-0.7339810729026794,-0.5538250803947449,-0.1729889065027237
1155,-0.5980288982391357,-0.4180174767971039,-0.06482337415218353
1156,-0.618097186088562,-0.4030935764312744,-0.0848856195807457
1157,-1.16289222240448,-1.1630820035934448,-0.30263081192970276
1158,0.008532475680112839,0.5902966856956482,0.7084469199180603
1159,-1.0768946409225464,-1.0402966737747192,-0.45724043250083923
1160,-0.7239150404930115,-0.5328067541122437,-0.13540101051330566
1161,-1.1192272901535034,-1.1030067205429077,-0.4377748668193817
1162,0.010252077132463455,0.5499089360237122,0.7858772873878479
1163,-1.0894278287887573,-1.0236623287200928,-0.3993791341781616
1164,-1.025436282157898,-0.9363629221916199,-0.44116729497909546
1165,-1.1200995445251465,-1.0761499404907227,-0.28576919436454773
1166,0.005763040855526924,0.5438493490219116,0.5805850625038147
1167,-1.1032354831695557,-1.065766453742981,-0.4319337010383606
1168,-1.1041719913482666,-1.095366358757019,-0.49638864398002625
1169,-1.103795051574707,-1.0900596380233765,-0.4828234612941742
1170,-1.1169703006744385,-1.0825011730194092,-0.48479968309402466
1171,-0.950498104095459,-0.8562138676643372,-0.4783831536769867
1172,-1.0683284997940063,-1.0175813436508179,-0.500532329082489
1173,-1.1125251054763794,-1.0725550651550293,-0.4778570830821991
1174,-1.0741443634033203,-1.0198090076446533,-0.49727869033813477
1175,-1.0894629955291748,-0.9464207887649536,-0.3940851092338562
1176,-1.1281523704528809,-1.0828760862350464,-0.48883840441703796
1177,-1.1128660440444946,-1.0455827713012695,-0.48412010073661804
1178,-1.0877554416656494,-1.043529987335205,-0.5018709301948547
1179,-1.096901297569275,-1.0531177520751953,-0.4953751266002655
1180,-1.1209650039672852,-1.0723719596862793,-0.4827403128147125
1181,-1.1407792568206787,-1.0494189262390137,-0.4807828664779663
1182,-1.1208322048187256,-1.0817859172821045,-0.4815918207168579
1183,-1.0435422658920288,-0.9986356496810913,-0.4969300329685211
1184,-1.108684778213501,-1.0432815551757812,-0.46108773350715637
1185,-1.0863910913467407,-1.0424013137817383,-0.49976980686187744
1186,-1.1176289319992065,-1.0342544317245483,-0.4896585941314697
1187,-1.0502489805221558,-1.024351716041565,-0.45127519965171814
1188,-1.1070350408554077,-1.0837136507034302,-0.49630311131477356
1189,-1.063578724861145,-1.0158283710479736,-0.49650660157203674
1190,-1.1078875064849854,-1.0373297929763794,-0.48412010073661804
1191,-1.0390363931655884,-0.9833016991615295,-0.5064988732337952
1192,-1.0865137577056885,-1.0757319927215576,-0.4918585419654846
1193,-1.0460091829299927,-1.0133137702941895,-0.48178544640541077
1194,-0.4631352424621582,-0.22620603442192078,0.1537940800189972
1195,-0.4093722999095917,-0.11199359595775604,0.17881755530834198
1196,-0.7566334009170532,-0.5406364798545837,-0.1883831024169922
1197,-0.9029569625854492,-0.8040634989738464,-0.3685738444328308
1198,-1.1463935375213623,-0.7878528237342834,-0.23708170652389526
1199,-1.0779614448547363,-1.0026198625564575,-0.48107314109802246
1200,-0.6553515791893005,-0.49611249566078186,-0.0014631462981924415
1201,-0.7554188966751099,-0.6114456057548523,-0.22182567417621613
1202,-0.43255743384361267,-0.20166094601154327,0.16715207695960999
1203,-0.5864814519882202,-0.3849217891693115,-0.04633970186114311
1204,-0.5827576518058777,-0.329945832490921,-0.0392916202545166
1205,-0.8581652045249939,-0.7981584668159485,-0.27573341131210327
1206,-0.757391095161438,-0.6278173923492432,-0.17840133607387543
1207,-0.7590051889419556,-0.6354119181632996,-0.23838253319263458
1208,-1.0388282537460327,-0.990390419960022,-0.4826165437698364
1209,-0.39178141951560974,-0.07817167043685913,0.27752283215522766
1210,-0.8408209681510925,-0.7057520747184753,-0.25208115577697754
1211,-1.0535674095153809,-1.0183500051498413,-0.4352230131626129
1212,-0.4968608319759369,-0.2597459852695465,0.19169151782989502
1213,-1.0623219013214111,-0.9758654832839966,-0.4814566969871521
1214,-1.1417630910873413,-0.9106244444847107,-0.44097086787223816
1215,-1.039172649383545,-0.9881080389022827,-0.5052849054336548
1216,-0.5621498823165894,-0.4237443506717682,-0.000579511804971844
1217,-1.049838662147522,-1.0054823160171509,-0.4838799834251404
1218,0.008532475680112839,0.7514885067939758,0.8892709016799927
1219,-0.4708805978298187,-0.2238922119140625,0.526599109172821
1220,-0.2681969702243805,0.03571805730462074,0.23619969189167023
1221,-0.30083727836608887,0.23944121599197388,0.5735389590263367
1222,-0.6287872195243835,-0.3665432631969452,0.25196653604507446
1223,-0.5897451043128967,-0.2925814092159271,0.24886462092399597
1224,-0.23592445254325867,0.20926016569137573,0.6512206196784973
1225,-0.6925778388977051,-0.5019512176513672,0.19429703056812286
1226,0.011392436921596527,0.8837164044380188,1.0799944400787354
1227,-0.1298009157180786,0.3867385685443878,0.6125419735908508
1228,-0.318370521068573,0.13274702429771423,0.5835195183753967
1229,-0.810030996799469,-0.6379616856575012,0.33139753341674805
1230,-0.3257454037666321,-0.016184454783797264,0.48957470059394836
1231,-0.5178471803665161,-0.37827548384666443,0.2692595422267914
1232,-0.3706682324409485,0.13657541573047638,0.23668350279331207
1233,0.009886493906378746,0.6727363467216492,0.7835210561752319
1234,-0.7375075221061707,-0.458111971616745,0.2214391976594925
1235,-0.46652886271476746,-0.2699807584285736,0.3674312233924866
1236,-0.4064411222934723,-0.03516002371907234,0.18566809594631195
1237,0.008532475680112839,0.6869706511497498,0.8551065325737
1238,-0.45261433720588684,-0.08267243206501007,0.30250561237335205
1239,-0.8308541774749756,-0.5876692533493042,0.055126480758190155
1240,-0.377511590719223,0.07905799895524979,0.27579739689826965
1241,0.02120380289852619,0.5829302072525024,0.8106120824813843
1242,-0.44056236743927,-0.1082686111330986,0.12793053686618805
1243,0.011392436921596527,0.71443772315979,0.8062377572059631
1244,-0.628381073474884,-0.4114321172237396,-0.04457123205065727
1245,-0.8381521105766296,-0.700607180595398,-0.2132546454668045
1246,-0.9875008463859558,-0.9399535655975342,-0.3068726658821106
1247,-1.0658447742462158,-1.0581034421920776,-0.3964647352695465
1248,0.008532475680112839,0.5827222466468811,0.777086079120636
1249,-0.47131526470184326,-0.15869303047657013,0.06777704507112503
1250,-0.5642648935317993,-0.35511696338653564,0.0029309990350157022
1251,-0.7721771001815796,-0.6069358587265015,-0.13715709745883942
1252,-0.6112870573997498,-0.4099370837211609,-0.045448385179042816
1253,-0.622427761554718,-0.4512338638305664,-0.07145609706640244
1254,-1.1852524280548096,-1.1552497148513794,-0.3688250780105591
1255,0.008532475680112839,0.6564285159111023,0.7970334887504578
1256,-1.0923289060592651,-1.0769777297973633,-0.4632221460342407
1257,-0.7342529892921448,-0.5668403506278992,-0.04908349737524986
1258,-1.124767780303955,-1.102272868156433,-0.4359503984451294
1259,0.011392436921596527,0.7323333024978638,0.8582019209861755
1260,-1.0738872289657593,-1.0419384241104126,-0.38002070784568787
1261,-1.0472077131271362,-1.0006343126296997,-0.40458109974861145
1262,-1.0947418212890625,-1.0637627840042114,-0.27645379304885864
1263,0.004527056124061346,0.6105837225914001,0.6067376136779785
1264,-1.1125520467758179,-1.094694972038269,-0.46733880043029785
1265,-0.36740753054618835,-0.16290785372257233,0.692888081073761
1266,-0.25308868288993835,0.14487870037555695,0.33581429719924927
1267,-0.1346050649881363,0.2285328209400177,0.6460435390472412
1268,-0.433927059173584,-0.1889822781085968,0.6371318697929382
1269,-0.4665423333644867,-0.21846981346607208,0.40556812286376953
1270,-0.1921328902244568,0.3314938545227051,0.7676742672920227
1271,-0.5035054683685303,-0.3369728624820709,0.5895456075668335
1272,0.02253095619380474,0.6976454854011536,0.7521792650222778
1273,-0.1073044091463089,0.3343116044998169,0.6278234124183655
1274,-0.2168886512517929,0.19150646030902863,0.6110899448394775
1275,-0.6503419876098633,-0.39299464225769043,0.29905012249946594
1276,-0.23033635318279266,0.0568852499127388,0.5697746276855469
1277,-0.35437601804733276,-0.06984403729438782,0.5856397151947021
1278,-0.3741105794906616,0.21508455276489258,0.33642327785491943
1279,0.008532475680112839,0.62690269947052,0.7546110153198242
1280,-0.6166020631790161,-0.3834010064601898,0.33638879656791687
1281,-0.313563734292984,-0.06951307505369186,0.6658186912536621
1282,-0.3679558038711548,0.12016969919204712,0.2841750681400299
1283,0.018858959898352623,0.651096522808075,0.7678739428520203
1284,-0.3978177607059479,-0.09007509797811508,0.30479514598846436
1285,-0.6487744450569153,-0.444649338722229,0.3798079788684845
1286,-0.36092302203178406,0.1676301509141922,0.30166149139404297
1287,0.0064925518818199635,0.5264263153076172,0.6943651437759399
1288,-0.38936978578567505,0.030703093856573105,0.2419925183057785
1289,-0.5963073968887329,-0.4014149606227875,-0.030962808057665825
1290,-0.8407751321792603,-0.7394852638244629,-0.25870099663734436
1291,-0.9465789198875427,-0.8689121603965759,-0.31657811999320984
1292,-1.0575597286224365,-1.0327284336090088,-0.4128682017326355
1293,-0.6176374554634094,-0.463591605424881,0.2632463276386261
1294,-0.6434682011604309,-0.40470707416534424,-0.05729887634515762
1295,0.008532475680112839,0.6479706764221191,0.7778859734535217
1296,-0.496288001537323,-0.23669469356536865,0.03635140508413315
1297,-0.5428668260574341,-0.34661805629730225,0.00010451459093019366
1298,-0.7162465453147888,-0.5753275156021118,-0.1944008320569992
1299,-0.5973086953163147,-0.41692495346069336,-0.06640234589576721
1300,-0.6117574572563171,-0.44263356924057007,-0.07960540056228638
1301,-1.1798415184020996,-1.1460118293762207,-0.4034985899925232
1302,0.011392436921596527,0.5642078518867493,0.8004883527755737
1303,-1.078330159187317,-1.0327630043029785,-0.46215659379959106
1304,-0.7121055722236633,-0.5607300400733948,-0.2055983990430832
1305,-1.1084210872650146,-1.1038458347320557,-0.46764180064201355
1306,0.018858959898352623,0.6453444361686707,0.7686346769332886
1307,-1.0709095001220703,-0.9842516779899597,-0.45907995104789734
1308,-1.0053441524505615,-0.9122225046157837,-0.39961138367652893
1309,-1.121536374092102,-1.0946780443191528,-0.30283623933792114
1310,0.020407317206263542,0.4811857044696808,0.5806636810302734
1311,-1.109869360923767,-1.0762012004852295,-0.4976170063018799
1312,-0.7976459264755249,-0.6427537202835083,-0.19507969915866852
1313,-0.5975103378295898,-0.2527848482131958,0.004834478721022606
1314,-0.5835390090942383,-0.3484173119068146,-0.057020314037799835
1315,-0.7030712366104126,-0.5193125009536743,-0.18330304324626923
1316,-0.5513308048248291,-0.2771613299846649,-0.00685656676068902
1317,-0.5526509881019592,-0.2598719000816345,-0.018101496621966362
1318,-0.5939530730247498,-0.415676474571228,-0.03769104555249214
1319,-0.5515142679214478,-0.3477499783039093,-0.010821586474776268
1320,-0.5524299740791321,-0.32981613278388977,-0.021390048786997795
1321,-0.584194540977478,-0.25437572598457336,-0.037832196801900864
1322,-0.5450387597084045,-0.24979077279567719,-0.004797371104359627
1323,-0.5459017157554626,-0.2442042976617813,-0.013910451903939247
1324,-0.7472255825996399,-0.5509313344955444,-0.20295000076293945
1325,-0.5913534164428711,-0.40800154209136963,-0.05303778499364853
1326,-0.7037934064865112,-0.5111140608787537,-0.18224157392978668
1327,-0.5804558396339417,-0.28554874658584595,-0.033577654510736465
1328,-0.751724362373352,-0.4936315715312958,-0.1903260499238968
1329,-0.592738687992096,-0.3968398869037628,-0.037098534405231476
1330,-0.6852683424949646,-0.46486926078796387,-0.10750655084848404
1331,-0.6129114031791687,-0.38376736640930176,-0.07506844401359558
1332,-0.7691282629966736,-0.5723298788070679,-0.22410808503627777
1333,-0.6060197353363037,-0.39492595195770264,-0.011580316349864006
1334,-0.7568056583404541,-0.5410493612289429,-0.1899566501379013
1335,-0.8284702897071838,-0.6074249148368835,0.039949946105480194
1336,-0.9169000387191772,-0.8319095373153687,-0.3165334463119507
1337,-1.1214709281921387,-1.0179359912872314,-0.39428117871284485
1338,-0.5851028561592102,-0.3808465003967285,-0.03322448953986168
1339,-0.5932588577270508,-0.2093992680311203,-0.03984152153134346
1340,-0.47181570529937744,-0.26970168948173523,0.6920108199119568
1341,-0.5554385185241699,-0.3701200783252716,-0.004034177400171757
1342,-0.5485037565231323,-0.34949034452438354,-0.018362846225500107
1343,-0.7604176998138428,-0.575221836566925,-0.2296118587255478
1344,-0.5687325596809387,-0.32415804266929626,-0.04068809375166893
1345,-0.5896428227424622,-0.3766343891620636,-0.06943788379430771
1346,-1.1421217918395996,-1.1037251949310303,-0.4454812705516815
1347,-0.44936349987983704,-0.19083461165428162,0.4395032525062561
1348,-1.1530109643936157,-1.0728057622909546,-0.49300238490104675
1349,-0.7630503177642822,-0.6013547778129578,-0.24530373513698578
1350,-1.1167811155319214,-1.0878381729125977,-0.5072972774505615
1351,-0.44629034399986267,-0.25979772210121155,0.7651596069335938
1352,-1.1933507919311523,-1.037008285522461,-0.48101338744163513
1353,-1.0406513214111328,-0.8436480164527893,-0.4056200087070465
1354,-1.0908461809158325,-1.0197060108184814,-0.36249539256095886
1355,-0.5946165919303894,-0.40062835812568665,0.18606233596801758
1356,-1.0986931324005127,-1.0624675750732422,-0.47366198897361755
1357,-0.8184844255447388,-0.6453830599784851,-0.17550702393054962
1358,-0.8638737201690674,-0.733342707157135,-0.24957381188869476
1359,-0.8717212080955505,-0.7849982976913452,-0.42424076795578003
1360,-0.8195807337760925,-0.6570127010345459,0.2144695669412613
1361,-0.8753350973129272,-0.6857855916023254,-0.24588407576084137
1362,-0.8444073796272278,-0.7641735076904297,-0.3038744032382965
1363,-0.7828462719917297,-0.595460057258606,0.006339868530631065
1364,-0.8202217221260071,-0.6989521980285645,-0.2863568365573883
1365,-0.8842841982841492,-0.7899115681648254,-0.3082885444164276
1366,-0.8560081124305725,-0.7129777669906616,-0.010759107768535614
1367,-0.826062023639679,-0.6832490563392639,-0.20857639610767365
1368,-0.90080326795578,-0.7779455184936523,-0.3050309717655182
1369,-0.8512972593307495,-0.7760968208312988,-0.3011217713356018
1370,-0.8952186107635498,-0.7909670472145081,-0.40605804324150085
1371,-0.845647394657135,-0.7170483469963074,-0.2076815962791443
1372,-0.9024759531021118,-0.7855579853057861,-0.25771015882492065
1373,-0.8535594344139099,-0.75480055809021,-0.3716164231300354
1374,-0.8515730500221252,-0.6949607729911804,-0.21430714428424835
1375,-0.874752938747406,-0.7481921315193176,-0.3529685139656067
1376,-0.8991052508354187,-0.7803754806518555,-0.2759450674057007
1377,-0.8251827359199524,-0.6843153238296509,-0.19597963988780975
1378,-0.906101405620575,-0.8067131042480469,-0.3804279863834381
1379,-0.9180371165275574,-0.732974112033844,-0.23303291201591492
1380,-0.9103283882141113,-0.7724063992500305,-0.3977489173412323
1381,-0.6535210013389587,-0.43513718247413635,-0.13199011981487274
1382,-0.7709761261940002,-0.6562854647636414,-0.2191942185163498
1383,-0.1502089500427246,0.24353668093681335,0.46967312693595886
1384,-0.6195182800292969,-0.40063682198524475,-0.07073290646076202
1385,-0.6141421794891357,-0.41155627369880676,0.03685496002435684
1386,-0.9472438097000122,-0.7737127542495728,-0.2420913279056549
1387,-0.7686277627944946,-0.5738587975502014,-0.24463573098182678
1388,-0.8540620803833008,-0.6148427724838257,-0.2255048155784607
1389,-0.97086501121521,-0.8977072834968567,-0.42441892623901367
1390,-0.2030876874923706,0.2918457090854645,0.5499445199966431
1391,-0.9309653639793396,-0.8054522275924683,-0.4348814785480499
1392,-0.9165538549423218,-0.6670279502868652,-0.288906991481781
1393,-0.9382039904594421,-0.7763644456863403,-0.3946436643600464
1394,-0.2809654772281647,0.20157699286937714,0.3199082314968109
1395,-0.9053846001625061,-0.7154219150543213,-0.27904650568962097
1396,-0.9359409213066101,-0.740270733833313,-0.25388994812965393
1397,-0.9094966053962708,-0.8248472213745117,-0.4308837354183197
1398,-0.43814200162887573,-0.0765594094991684,0.2032409906387329
1399,-0.948623538017273,-0.8867756128311157,-0.49012240767478943
1400,-0.9182155132293701,-0.6437554955482483,-0.22803433239459991
1401,-1.693063497543335,-0.6468475461006165,-0.059027254581451416
1402,-0.7505432367324829,-0.5936513543128967,-0.143049955368042
1403,-0.8291775584220886,-0.6172140836715698,-0.23038171231746674
1404,-0.8324124217033386,-0.6155274510383606,-0.2399967461824417
1405,-1.0791932344436646,-0.7136523723602295,-0.24265818297863007
1406,-0.9890946745872498,-0.659544825553894,-0.27378416061401367
1407,-1.0511329174041748,-0.8245370388031006,-0.2842505872249603
1408,-1.0968307256698608,-0.9167050719261169,-0.1690748631954193
1409,-0.5924768447875977,-0.36220282316207886,0.1630186289548874
1410,-0.7732930779457092,-0.4919969141483307,-0.15198451280593872
1411,-0.12943635880947113,0.1911771595478058,0.9448519945144653
1412,-0.5254963636398315,-0.19772467017173767,0.0142626091837883
1413,-0.538734495639801,-0.21103470027446747,-0.011549374088644981
1414,-0.5870233774185181,-0.3818383812904358,0.05774787440896034
1415,-0.7230737805366516,-0.49355873465538025,-0.17152293026447296
1416,-0.1874302476644516,0.2644381523132324,0.93329918384552
1417,-1.082399845123291,-1.006210446357727,-0.4931815564632416
1418,-0.7635074853897095,-0.5994877219200134,-0.2564440667629242
1419,-1.0837093591690063,-1.039620041847229,-0.506712019443512
1420,-0.16335991024971008,0.1833171397447586,0.7667276263237
1421,-1.0245068073272705,-0.9079599976539612,-0.4244345426559448
1422,-1.0475419759750366,-0.8113475441932678,-0.35858193039894104
1423,-0.295580118894577,-0.06300507485866547,0.3163759708404541
1424,-1.064390778541565,-1.0057200193405151,-0.500532329082489
1425,-1.1368343830108643,-0.8176328539848328,-0.05677028000354767
1426,-0.9469203948974609,-0.8344200849533081,-0.29177597165107727
1427,-0.9395533800125122,-0.7907285094261169,-0.3145494759082794
1428,-0.8695749640464783,-0.7464735507965088,-0.26675543189048767
1429,-0.9624250531196594,-0.8735141158103943,-0.31951209902763367
1430,-0.9653538465499878,-0.8338136672973633,-0.31462475657463074
1431,-0.9655442237854004,-0.8673396706581116,-0.3075921833515167
1432,-0.9342188239097595,-0.7878544926643372,-0.2848603129386902
1433,-0.9333702921867371,-0.7710371017456055,-0.3129892349243164
1434,-1.1154903173446655,-0.7029623985290527,-0.2895886301994324
1435,-0.8572724461555481,-0.7551310658454895,-0.25734567642211914
1436,-1.048192024230957,-0.8075960278511047,-0.09889880567789078
1437,-0.9582102298736572,-0.8161122798919678,-0.31215351819992065
1438,-1.032186508178711,-0.7488960027694702,0.016924217343330383
1439,-0.9419264793395996,-0.8618083000183105,-0.28344711661338806
1440,-1.0990030765533447,-0.8457437753677368,-0.31972792744636536
1441,-0.9857160449028015,-0.8038736581802368,-0.3060768246650696
1442,-0.9885514974594116,-0.9352148771286011,-0.3191429674625397
1443,-1.0208566188812256,-0.7613572478294373,0.21046175062656403
1444,-1.1850407123565674,-0.9970290064811707,-0.20185115933418274
1445,-0.5998304486274719,-0.43611636757850647,-0.07764352113008499
1446,-0.7412593960762024,-0.529801070690155,-0.21730941534042358
1447,-0.42870357632637024,-0.26019734144210815,0.8600144982337952
1448,-0.556058943271637,-0.3503471612930298,-0.027752645313739777
1449,-0.5530921220779419,-0.31554093956947327,-0.029384171590209007
1450,-0.7826809883117676,-0.6330748200416565,-0.25484350323677063
1451,-0.600444495677948,-0.44488251209259033,-0.07596326619386673
1452,-0.7314522862434387,-0.5500102639198303,-0.1920488029718399
1453,-1.1136528253555298,-1.0741735696792603,-0.4901869297027588
1454,-0.4231748580932617,-0.17088547348976135,0.5278350114822388
1455,-1.241465449333191,-1.0692628622055054,-0.48056766390800476
1456,-0.7661606073379517,-0.6125034093856812,-0.24598829448223114
1457,-1.135695219039917,-1.0622563362121582,-0.4519196152687073
1458,-0.47769272327423096,-0.2867528200149536,0.8516841530799866
1459,-1.2291980981826782,-1.0479618310928345,-0.470620721578598
1460,-1.1205453872680664,-0.9513086080551147,-0.4239776134490967
1461,-1.0802562236785889,-1.0331491231918335,-0.4990624487400055
1462,-0.6280596852302551,-0.43375569581985474,0.010305262170732021
1463,-1.1103286743164062,-1.0595062971115112,-0.4448587894439697
1464,-1.0561964511871338,-0.9574463367462158,-0.3996972441673279
1465,-1.1767178773880005,-0.9555696845054626,-0.19782139360904694
1466,-1.0709013938903809,-1.0183933973312378,-0.3961988687515259
1467,-1.0626691579818726,-1.0131244659423828,-0.4032713770866394
1468,-1.0615817308425903,-0.9942511320114136,-0.38742491602897644
1469,-1.242427945137024,-1.0402320623397827,-0.1526128500699997
1470,-1.1332027912139893,-0.9594694375991821,-0.3436542749404907
1471,-1.168336272239685,-1.0138336420059204,-0.37119370698928833
1472,-1.0582880973815918,-0.9555339217185974,-0.4465649425983429
1473,-1.0589998960494995,-1.0252104997634888,-0.4139736294746399
1474,-1.124153971672058,-1.0250041484832764,-0.4667585492134094
1475,-1.226712942123413,-0.9862536787986755,-0.0796683058142662
1476,-1.06065034866333,-0.9846900701522827,-0.45815521478652954
1477,-1.068373441696167,-0.9579231142997742,-0.39348751306533813
1478,-1.0848267078399658,-1.0155447721481323,-0.3205972909927368
1479,-1.2624530792236328,-1.0688910484313965,-0.46908268332481384
1480,-1.0507128238677979,-0.9177764058113098,-0.477861225605011
1481,-1.0719804763793945,-1.0401370525360107,-0.4438771605491638
1482,-1.060243844985962,-0.9792622327804565,-0.4648669362068176
1483,-0.6230372190475464,-0.40676432847976685,-0.03108907677233219
1484,-0.7535723447799683,-0.5823482871055603,-0.2038836032152176
1485,-0.4632817208766937,-0.3108108937740326,0.7648041248321533
1486,-0.5575457811355591,-0.24063923954963684,-0.017154110595583916
1487,-0.5457286238670349,-0.2657678425312042,-0.028255462646484375
1488,-0.7933874130249023,-0.6814073324203491,-0.2617609202861786
1489,-0.6924401521682739,-0.4965454339981079,-0.10443298518657684
1490,-0.7454613447189331,-0.5944004654884338,-0.18910174071788788
1491,-1.0503904819488525,-0.9964194297790527,-0.4976121783256531
1492,-0.39519068598747253,-0.09778042137622833,0.6528022289276123
1493,-1.1412112712860107,-1.0483201742172241,-0.5042311549186707
1494,-0.7792302370071411,-0.6401187181472778,-0.26651498675346375
1495,-1.056424617767334,-1.031882643699646,-0.49707841873168945
1496,-0.4994591772556305,-0.2742080092430115,0.7008266448974609
1497,-1.1336309909820557,-1.0279881954193115,-0.4805706739425659
1498,-1.2505443096160889,-0.9655479192733765,-0.48054012656211853
1499,-1.035460352897644,-0.9758462309837341,-0.4228496551513672
1500,-0.6311915516853333,-0.4454472064971924,0.0799827054142952
1501,-1.0434983968734741,-1.0155810117721558,-0.49699699878692627
1502,-0.6019794344902039,-0.4081520438194275,-0.07093503326177597
1503,-0.5876449346542358,-0.3763071298599243,0.25423896312713623
1504,-0.5732470154762268,-0.3382013738155365,-0.06360834836959839
1505,-0.573887050151825,-0.32724934816360474,-0.030726458877325058
1506,-0.6529898643493652,-0.5130431056022644,-0.08402332663536072
1507,-0.5790899395942688,-0.34121081233024597,-0.04918321222066879
1508,-0.5919195413589478,-0.38604989647865295,-0.046074431389570236
1509,-0.6463817358016968,-0.48290079832077026,-0.2027645856142044
1510,-0.5847494602203369,-0.3999811112880707,0.3270573616027832
1511,-0.6102377772331238,-0.43668070435523987,0.11890457570552826
1512,-0.6069561243057251,-0.41388794779777527,-0.07643114030361176
1513,-0.6272372603416443,-0.46874022483825684,-0.06988293677568436
1514,-0.6161953806877136,-0.3865126073360443,0.4195997714996338
1515,-0.6049311757087708,-0.3983322083950043,-0.11309123039245605
1516,-0.6664333343505859,-0.4438154399394989,0.3562111258506775
1517,-0.6027323007583618,-0.4020993113517761,0.01097958255559206
1518,-0.6524444818496704,-0.455639123916626,-0.007176938001066446
1519,-0.600897490978241,-0.30707764625549316,-0.027641519904136658
1520,-0.1846773624420166,0.13638123869895935,0.7116551399230957
1521,-0.5167015790939331,-0.2671947479248047,0.0015332046896219254
1522,-0.53199702501297,-0.2661896347999573,-0.001417546533048153
1523,-0.7988253831863403,-0.6633405089378357,-0.24498456716537476
1524,-0.5711793899536133,-0.32867470383644104,-0.03800542652606964
1525,-0.23423506319522858,0.2901051342487335,0.8190744519233704
1526,-1.0713895559310913,-0.9968199729919434,-0.4501541256904602
1527,-1.0949763059616089,-1.0704047679901123,-0.4925706386566162
1528,-0.2352210432291031,0.026939380913972855,0.7405986785888672
1529,-1.0583375692367554,-1.0549075603485107,-0.3916391134262085
1530,-1.0323622226715088,-0.9259105324745178,-0.4010310471057892
1531,-0.21012002229690552,0.04538591578602791,0.30755531787872314
1532,-1.0949360132217407,-0.9926778078079224,-0.4232499897480011
1533,-0.645402729511261,-0.4332778751850128,-0.04287136346101761
1534,-0.5784444212913513,-0.310581237077713,-0.03612443804740906
1535,-0.5747628808021545,-0.24343280494213104,-0.024332653731107712
1536,-0.740631639957428,-0.4027783274650574,-0.14782556891441345
1537,-0.5683197975158691,-0.30098196864128113,-0.01949452981352806
1538,-0.6543581485748291,-0.3013944625854492,-0.07481573522090912
1539,-0.7701231837272644,-0.6321911215782166,-0.23693223297595978
1540,-0.6462632417678833,-0.41505730152130127,-0.05356552079319954
1541,-0.7535967230796814,-0.584642231464386,-0.22601547837257385
1542,-0.7213494181632996,-0.48157039284706116,-0.17455941438674927
1543,-0.7728064060211182,-0.5601561665534973,-0.21472187340259552
1544,-0.733803391456604,-0.5489110946655273,-0.20247426629066467
1545,-0.7370577454566956,-0.48961135745048523,-0.19068410992622375
1546,-0.7866494655609131,-0.6556363701820374,-0.23768654465675354
1547,-0.6488984227180481,-0.3817532956600189,-0.011256936937570572
1548,-0.7773339152336121,-0.6214739084243774,-0.22711120545864105
1549,-0.4967274069786072,-0.3647899925708771,0.8277700543403625
1550,-0.5720033049583435,-0.40048420429229736,-0.03473310172557831
1551,-0.5586177706718445,-0.3578571081161499,-0.02138368971645832
1552,-0.7538670897483826,-0.5559905171394348,-0.2161298245191574
1553,-0.5764464735984802,-0.3894596993923187,-0.060469046235084534
1554,-0.6472213864326477,-0.4424362778663635,-0.14966392517089844
1555,-1.1314715147018433,-1.1104732751846313,-0.42864686250686646
1556,-0.5655601620674133,-0.3074103891849518,0.5708020925521851
1557,-1.2099168300628662,-1.0709019899368286,-0.4829508662223816
1558,-0.7549675703048706,-0.6087223887443542,-0.24182550609111786
1559,-1.0993095636367798,-1.0736480951309204,-0.492963969707489
1560,-0.6050352454185486,-0.45002615451812744,0.7859868407249451
1561,-1.2225863933563232,-1.045851230621338,-0.4791352450847626
1562,-1.0443894863128662,-0.8179503083229065,-0.4055710434913635
1563,-1.0994617938995361,-1.022773027420044,-0.412108451128006
1564,-0.7225863933563232,-0.4640670120716095,0.10014432668685913
1565,-1.1024032831192017,-1.0869718790054321,-0.46974697709083557
1566,-0.10631826519966125,0.24712765216827393,0.7154537439346313
1567,-0.2852780818939209,-0.003298361785709858,0.6169396638870239
1568,-0.5421311259269714,-0.4383704364299774,0.7388264536857605
1569,-0.3542768955230713,-0.06509247422218323,0.6407646536827087
1570,-0.42066460847854614,-0.2365032434463501,0.6774682402610779
1571,-0.2636987566947937,0.25297442078590393,0.4021482467651367
1572,0.011392436921596527,0.5594338774681091,0.7745071053504944
1573,-0.6123501062393188,-0.4183109402656555,0.5271958708763123
1574,-0.39686787128448486,-0.21563595533370972,0.7899747490882874
1575,-0.31383416056632996,-0.03552275896072388,0.21035921573638916
1576,0.008532475680112839,0.6095796227455139,0.8032195568084717
1577,-0.3829886019229889,-0.15840551257133484,0.7039914131164551
1578,-0.6931093335151672,-0.5274872779846191,0.2953583002090454
1579,-0.2262585610151291,0.1774463653564453,0.43881359696388245
1580,0.016840003430843353,0.4694347083568573,0.6835694909095764
1581,-0.3792681097984314,-0.09499618411064148,0.20759347081184387
1582,-0.4557609260082245,-0.23140929639339447,0.0029209840577095747
1583,-0.5401859879493713,-0.33825233578681946,0.011437224224209785
1584,-0.5852437615394592,-0.42169204354286194,-0.06465303897857666
1585,-0.6057950854301453,-0.45052602887153625,-0.08038519322872162
1586,-1.164420247077942,-1.1670684814453125,-0.4668065309524536
1587,0.02253095619380474,0.5856802463531494,0.7881795167922974
1588,-1.0783333778381348,-1.0421669483184814,-0.4623531401157379
1589,-0.6436501741409302,-0.4705634117126465,-0.10707912594079971
1590,-1.1298941373825073,-1.0440977811813354,-0.4389238655567169
1591,0.011392436921596527,0.6975945830345154,0.8467687368392944
1592,-1.0741620063781738,-0.9774883389472961,-0.4440556764602661
1593,-0.9413286447525024,-0.8129562735557556,-0.38914820551872253
1594,-1.1263048648834229,-1.1122533082962036,-0.39065873622894287
1595,0.01599065028131008,0.43923065066337585,0.6030547618865967
1596,-1.1071866750717163,-0.9950659275054932,-0.506788432598114
1597,-0.5040159821510315,-0.30039024353027344,-0.019067704677581787
1598,-0.6064192056655884,-0.4113089442253113,-0.037536874413490295
1599,-0.5416947603225708,-0.3189490735530853,-0.007036667317152023
1600,-0.5543607473373413,-0.36004477739334106,-0.018249519169330597
1601,-0.5981773138046265,-0.3927282691001892,-0.07915045320987701
1602,-0.45223382115364075,-0.17739011347293854,0.026904525235295296
1603,-0.5778615474700928,-0.3024653494358063,-0.02409658394753933
1604,-0.5519431829452515,-0.33580681681632996,-0.030972082167863846
1605,-0.5912240743637085,-0.3673686981201172,-0.02881450206041336
1606,-0.5097344517707825,-0.27673205733299255,0.024072661995887756
1607,-0.5436952114105225,-0.24439311027526855,-0.0258324034512043
1608,-0.6140614748001099,-0.4237845242023468,-0.042399581521749496
1609,-0.5990388989448547,-0.4335443079471588,-0.07424475252628326
1610,-0.4995991885662079,-0.21079224348068237,0.029435113072395325
1611,-0.5763158798217773,-0.361989289522171,-0.04322293400764465
1612,-0.5254738330841064,-0.2910064160823822,-0.01326041854918003
1613,-0.7813404202461243,-0.657476007938385,-0.2261906862258911
1614,-0.5699950456619263,-0.3498486876487732,-0.04074433445930481
1615,-0.5884601473808289,-0.4159371554851532,-0.08289027214050293
1616,-1.174833059310913,-1.1207427978515625,-0.4906332790851593
1617,-0.09686628729104996,0.3314697742462158,0.6364191770553589
1618,-1.0968869924545288,-1.0361491441726685,-0.4571554362773895
1619,-0.7752528786659241,-0.6384390592575073,-0.22778066992759705
1620,-1.1204999685287476,-1.0697189569473267,-0.4943649470806122
1621,-0.12553183734416962,0.1398453712463379,0.7221395373344421
1622,-1.0671372413635254,-1.0326520204544067,-0.38867315649986267
1623,-1.026178002357483,-0.9469342231750488,-0.4097559154033661
1624,-1.0929676294326782,-0.9069005250930786,-0.18318107724189758
1625,-0.1467706561088562,0.2273970991373062,0.3680267333984375
1626,-1.1001330614089966,-1.0345593690872192,-0.4825114905834198
1627,-0.5695703029632568,-0.3046201765537262,-0.032148052006959915
1628,-0.54877769947052,-0.2864193320274353,-0.015859777107834816
1629,-0.5462440252304077,-0.289366215467453,-0.019265854731202126
1630,-0.61033695936203,-0.36248940229415894,-0.02867431938648224
1631,-0.5362978577613831,-0.30690187215805054,0.00725466338917613
1632,-0.5603658556938171,-0.2618156969547272,-0.029829444363713264
1633,-0.5529898405075073,-0.28591787815093994,-0.026589835062623024
1634,-0.5844190716743469,-0.3304918706417084,-0.02943405881524086
1635,-0.5456660985946655,-0.35341957211494446,-0.017365599051117897
1636,-0.5474330186843872,-0.18595658242702484,-0.011319834738969803
1637,-0.5858008861541748,-0.3580265939235687,-0.02344018779695034
1638,-0.6117833852767944,-0.4175548255443573,-0.09534857422113419
1639,-0.547407865524292,-0.29298481345176697,-0.020368801429867744
1640,-0.5899813771247864,-0.34756341576576233,-0.03177643194794655
1641,-0.7668420076370239,-0.5766068696975708,-0.21125422418117523
1642,-0.5655816793441772,-0.33336853981018066,-0.041219312697649
1643,-0.5885761976242065,-0.3756166696548462,-0.05481991916894913
1644,-1.1572917699813843,-1.1254186630249023,-0.45828530192375183
1645,-0.30501770973205566,0.1591491550207138,0.5271857976913452
1646,-1.09933602809906,-1.0461742877960205,-0.45519769191741943
1647,-0.7716830968856812,-0.5844784379005432,-0.22673799097537994
1648,-1.1097500324249268,-1.0612105131149292,-0.47937628626823425
1649,-0.23773543536663055,0.051858317106962204,0.8744340538978577
1650,-1.0623888969421387,-1.0320874452590942,-0.39532801508903503
1651,-1.013771653175354,-0.8762776851654053,-0.40906888246536255
1652,-1.1013875007629395,-1.004589319229126,-0.3488712012767792
1653,-0.32225704193115234,0.07866698503494263,0.3668346107006073
1654,-1.0989410877227783,-1.044564962387085,-0.47210603952407837
1655,-0.7605363726615906,-0.5960954427719116,-0.23788270354270935
1656,-0.7488940954208374,-0.5907260179519653,-0.22211606800556183
1657,-0.9184766411781311,-0.8152167797088623,-0.3142397701740265
1658,-0.678760290145874,-0.4836437702178955,-0.1545451581478119
1659,-0.8576316833496094,-0.704545259475708,-0.2576000690460205
1660,-0.7599672675132751,-0.5815824866294861,-0.24200251698493958
1661,-0.8534846305847168,-0.7583548426628113,-0.2698929011821747
1662,-0.828999400138855,-0.6514004468917847,-0.26911282539367676
1663,-0.8035368323326111,-0.5893632173538208,-0.25470489263534546
1664,-0.9282927513122559,-0.678316593170166,-0.21720653772354126
1665,-0.7445493340492249,-0.5999963879585266,-0.19527624547481537
1666,-0.8665628433227539,-0.7773169279098511,-0.26605692505836487
1667,-0.5946331024169922,-0.4239906072616577,-0.06768470257520676
1668,-0.723006010055542,-0.5191354155540466,-0.19126051664352417
1669,-1.1123502254486084,-1.102301836013794,-0.5067987442016602
1670,-0.5821034908294678,-0.36501213908195496,0.5316072702407837
1671,-1.1614946126937866,-1.065484642982483,-0.4833168387413025
1672,-0.765167236328125,-0.5943896770477295,-0.23938485980033875
1673,-1.1028883457183838,-1.0660735368728638,-0.48268020153045654
1674,-0.5490400791168213,-0.4181514084339142,0.8760104179382324
1675,-1.1931246519088745,-1.092238426208496,-0.5067216753959656
1676,-1.026401162147522,-0.9311757683753967,-0.4022805988788605
1677,-1.0897883176803589,-1.0111275911331177,-0.41154929995536804
1678,-0.7945269346237183,-0.5892489552497864,0.15865693986415863
1679,-1.090675711631775,-1.0412251949310303,-0.48268020153045654
1680,-0.5727584362030029,-0.31890085339546204,-0.040847405791282654
1681,-0.7571528553962708,-0.6145382523536682,-0.20736022293567657
1682,-0.596235990524292,-0.4132791757583618,-0.06935634464025497
1683,-0.7019113302230835,-0.5035714507102966,-0.1207592785358429
1684,-0.6094351410865784,-0.40311264991760254,-0.02873101644217968
1685,-0.7416769862174988,-0.5687242746353149,-0.20065218210220337
1686,-0.5959194898605347,-0.41570794582366943,-0.07284773886203766
1687,-0.6977704167366028,-0.4934521019458771,-0.10665707290172577
1688,-0.6372125148773193,-0.47053489089012146,-0.09984707832336426
1689,-0.7685535550117493,-0.5887365341186523,-0.24224229156970978
1690,-0.5766051411628723,-0.38863900303840637,-0.01889769174158573
1691,-0.7755703330039978,-0.6242233514785767,-0.23673492670059204
1692,-0.6081225275993347,-0.3995645344257355,-0.07386916875839233
1693,-1.1631699800491333,-1.0984290838241577,-0.47413885593414307
1694,-0.287393718957901,0.07406724244356155,0.5087369084358215
1695,-1.154870867729187,-1.0756165981292725,-0.4463806748390198
1696,-0.7627682685852051,-0.6022921204566956,-0.24248382449150085
1697,-1.1197654008865356,-1.0719141960144043,-0.4890057444572449
1698,-0.31311169266700745,0.02497193031013012,0.8073901534080505
1699,-1.1566617488861084,-0.9819970726966858,-0.420205295085907
1700,-1.0182013511657715,-0.8550383448600769,-0.3963748514652252
1701,-1.0818493366241455,-1.0604866743087769,-0.41521820425987244
1702,-0.3560657501220703,-0.08335229754447937,0.2396402359008789
1703,-1.0995413064956665,-1.0443462133407593,-0.4323424994945526
1704,-0.7533766627311707,-0.5956050753593445,-0.23633083701133728
1705,-0.6163651943206787,-0.42484065890312195,-0.06831935048103333
1706,-0.7543547749519348,-0.6027083992958069,-0.23024201393127441
1707,-0.7250201106071472,-0.5252391695976257,-0.1764560043811798
1708,-0.7580339312553406,-0.5887423157691956,-0.231626495718956
1709,-0.6098243594169617,-0.40432262420654297,-0.07025111466646194
1710,-0.7473889589309692,-0.5717804431915283,-0.213673934340477
1711,-0.7306580543518066,-0.5359012484550476,-0.21266934275627136
1712,-0.7698895335197449,-0.6207501292228699,-0.223035529255867
1713,-0.6112625002861023,-0.43735596537590027,-0.06868193298578262
1714,-0.7696520090103149,-0.6640768051147461,-0.2357175052165985
1715,-1.1323554515838623,-1.1033351421356201,-0.4539065361022949
1716,-0.40188005566596985,-0.027491580694913864,0.657707154750824
1717,-1.1260545253753662,-1.047500491142273,-0.48731133341789246
1718,-0.7542811036109924,-0.5991935133934021,-0.23570965230464935
1719,-1.102944254875183,-1.0773818492889404,-0.4932541251182556
1720,-0.39966142177581787,-0.1419292837381363,0.974696934223175
1721,-1.1541550159454346,-1.067544937133789,-0.4907071888446808
1722,-0.9811848998069763,-0.8177402019500732,-0.38874927163124084
1723,-1.0884102582931519,-0.9367316961288452,-0.1805088222026825
1724,-0.6132256388664246,-0.39626646041870117,0.16311977803707123
1725,-1.0974174737930298,-1.0476545095443726,-0.4815918207168579
1726,-1.1834218502044678,-1.161224365234375,-0.3675599694252014
1727,-1.0482922792434692,-1.0208367109298706,-0.4971851408481598
1728,-1.096307396888733,-1.0524414777755737,-0.4678764045238495
1729,-1.048501968383789,-1.009892225265503,-0.5064988732337952
1730,-1.1611218452453613,-1.1366392374038696,-0.4663415551185608
1731,-1.055967092514038,-0.9838449358940125,-0.4826165437698364
1732,-1.089149832725525,-1.0546469688415527,-0.49717867374420166
1733,-1.042302131652832,-1.0041165351867676,-0.48078784346580505
1734,-1.1656016111373901,-1.1504923105239868,-0.4884275794029236
1735,-1.038379430770874,-0.994182825088501,-0.5063086152076721
1736,-0.29511502385139465,0.3348667621612549,0.41033393144607544
1737,-1.0368770360946655,-0.9751743674278259,-0.48476752638816833
1738,-0.9006601572036743,-0.7612372040748596,-0.3063652217388153
1739,-1.0473382472991943,-0.9855613708496094,-0.4826165437698364
1740,-0.37393292784690857,0.1626351773738861,0.3037756681442261
1741,-1.0501258373260498,-0.9769543409347534,-0.4978092908859253
1742,-1.0924386978149414,-0.9216119647026062,-0.4484708309173584
1743,-1.0443758964538574,-0.9994716048240662,-0.4222293794155121
1744,-0.41275325417518616,-0.1763053834438324,0.10714101046323776
1745,-1.0411688089370728,-0.9822801351547241,-0.4969300329685211
1746,-0.5744224190711975,-0.3273853659629822,0.2825743556022644
1747,-0.36200615763664246,-0.10838477313518524,0.6641956567764282
1748,-0.32578885555267334,0.17117232084274292,0.3183044195175171
1749,0.011392436921596527,0.5103197693824768,0.8021113276481628
1750,-0.30126339197158813,-0.00672162277624011,0.6038618087768555
1751,-0.65801602602005,-0.41993656754493713,0.5321804881095886
1752,-0.3040946424007416,0.3121366798877716,0.4858207106590271
1753,0.008532475680112839,0.6021000146865845,0.7214228510856628
1754,-0.29729771614074707,0.07618216425180435,0.25375545024871826
1755,-1.0841652154922485,-1.0438048839569092,-0.4005860984325409
1756,-0.6467186212539673,-0.4726940095424652,-0.1832295060157776
1757,-1.1192389726638794,-1.028548002243042,-0.48837700486183167
1758,0.018858959898352623,0.5415593981742859,0.7625946402549744
1759,-1.0712264776229858,-1.008870244026184,-0.4610854983329773
1760,-0.9181268811225891,-0.759494960308075,-0.33788493275642395
1761,-1.1270778179168701,-1.1132498979568481,-0.3034360408782959
1762,0.007300670724362135,0.5346297025680542,0.5961319208145142
1763,-1.1018102169036865,-1.0197778940200806,-0.4939824342727661
1764,-1.1604161262512207,-1.0489133596420288,-0.48861172795295715
1765,-1.0564090013504028,-1.0284267663955688,-0.48476752638816833
1766,-1.0788865089416504,-1.0352293252944946,-0.45342305302619934
1767,-1.103623390197754,-1.0409181118011475,-0.49729761481285095
1768,-1.1801795959472656,-1.0619943141937256,-0.48178544640541077
1769,-1.0487112998962402,-0.9503046274185181,-0.4951034486293793
1770,-1.0719176530838013,-1.0504781007766724,-0.3982655107975006
1771,-1.0518133640289307,-1.034670352935791,-0.4960998594760895
1772,-0.8175961375236511,-0.6561158299446106,-0.2559618651866913
1773,-1.0567837953567505,-1.0341981649398804,-0.4818491041660309
1774,-0.6160749197006226,-0.3817639648914337,0.3169117569923401
1775,-1.1172679662704468,-1.0358415842056274,-0.5063974857330322
1776,-1.2039521932601929,-0.9475710988044739,-0.48041635751724243
1777,-1.0352674722671509,-0.9969164133071899,-0.4228496551513672
1778,-0.6992336511611938,-0.44204607605934143,0.09673561900854111
1779,-1.046522617340088,-1.0251097679138184,-0.48190921545028687
1780,-0.8568804860115051,-0.7722942233085632,-0.2887403070926666
1781,-0.7088309526443481,-0.555195689201355,-0.15276500582695007
1782,-0.7889304757118225,-0.6102153658866882,-0.2638952136039734
1783,-0.7819179892539978,-0.6060338020324707,-0.2476775199174881
1784,-0.894783079624176,-0.7432348728179932,-0.30168429017066956
1785,-0.7095050811767578,-0.5771977305412292,-0.16921564936637878
1786,-0.8735685348510742,-0.7390379309654236,-0.26674869656562805
1787,-1.0906339883804321,-1.0560593605041504,-0.49500229954719543
1788,-0.39704981446266174,-0.22359399497509003,0.9210202693939209
1789,-1.1883119344711304,-1.056951642036438,-0.48965197801589966
1790,-0.9414595365524292,-0.8786541819572449,-0.4174763560295105
1791,-1.0859876871109009,-0.9923838376998901,-0.41733604669570923
1792,-0.5858169198036194,-0.4065277576446533,0.03136923536658287
1793,-1.096678376197815,-1.014007568359375,-0.4916546940803528
1794,-1.1068897247314453,-1.0081801414489746,-0.43695342540740967
1795,-1.0475164651870728,-1.0129443407058716,-0.49699699878692627
1796,-1.0765708684921265,-1.0317115783691406,-0.48476752638816833
1797,-1.0419414043426514,-0.9953380823135376,-0.5045453310012817
1798,-1.108964443206787,-1.1099351644515991,-0.48924097418785095
1799,-1.0462079048156738,-1.0073190927505493,-0.48178544640541077
1800,-0.3727864623069763,-0.04201361909508705,0.22534571588039398
1801,-1.0587036609649658,-1.0064876079559326,-0.5063832998275757
1802,-1.0914875268936157,-0.8832037448883057,-0.4806092381477356
1803,-1.0385884046554565,-1.0055631399154663,-0.42167794704437256
1804,-0.48444756865501404,-0.2612004578113556,0.044100042432546616
1805,-1.0461865663528442,-1.0016001462936401,-0.48178544640541077
1806,-0.4681633412837982,-0.1879998743534088,0.34471023082733154
1807,-0.6461396813392639,-0.3865898549556732,0.850878119468689
1808,-0.363025426864624,0.16519644856452942,0.3254302740097046
1809,0.0064925518818199635,0.4508521556854248,0.6932501196861267
1810,-0.4038127064704895,-0.042578525841236115,0.16829565167427063
1811,-1.0700709819793701,-0.9294532537460327,-0.3940064609050751
1812,-1.0026373863220215,-0.8469522595405579,-0.39370715618133545
1813,-1.125054121017456,-1.09232759475708,-0.34728434681892395
1814,0.009165514260530472,0.4742026925086975,0.6134516000747681
1815,-1.102042317390442,-1.0480412244796753,-0.4828234612941742
1816,-1.2161853313446045,-1.011657476425171,-0.48476752638816833
1817,-1.0413427352905273,-0.9242124557495117,-0.4893662929534912
1818,-1.0716633796691895,-1.0116268396377563,-0.46035945415496826
1819,-1.0374623537063599,-0.963627815246582,-0.4814566969871521
1820,-1.229280710220337,-0.9866455793380737,-0.45115411281585693
1821,-1.0461310148239136,-0.9655705690383911,-0.4128700792789459
1822,-0.5006915926933289,-0.33976301550865173,0.056145574897527695
1823,-1.042719841003418,-0.995899498462677,-0.4953083097934723
1824,-1.0692018270492554,-0.8538857698440552,-0.4458373486995697
1825,-1.032559871673584,-0.9766650795936584,-0.423668771982193
1826,-1.0836020708084106,-0.9044154286384583,-0.4577428102493286
1827,-1.0786848068237305,-0.9875073432922363,-0.4332854747772217
1828,-0.756935715675354,-0.6169258952140808,0.0025660116225481033
1829,-1.0798375606536865,-1.0220115184783936,-0.48244643211364746
1830,-1.1033434867858887,-0.9363304972648621,-0.2775144577026367
1831,-1.0388702154159546,-0.9836888909339905,-0.5050946474075317
1832,-0.3964294493198395,-0.15225917100906372,0.14589495956897736
1833,-1.0355786085128784,-0.9477039575576782,-0.4814739525318146
1834,-0.4885421693325043,-0.31518399715423584,0.04205888882279396
1835,-1.0944916009902954,-1.04537832736969,-0.47805386781692505
