,q05,q50,q95
0,-0.21436326205730438,0.32211101055145264,0.6041052937507629
1,-0.08457604050636292,0.3863857090473175,0.47424575686454773
2,-0.2687297463417053,0.2104967087507248,0.523034393787384
3,0.007925326935946941,0.5713855624198914,1.0176922082901
4,0.01125381886959076,0.7398608922958374,0.8450508117675781
5,-0.5701839923858643,-0.27311936020851135,0.2189696580171585
6,-1.3877469301223755,-0.9041098356246948,-0.1929975152015686
7,-0.40182429552078247,-0.05883191153407097,0.3678726553916931
8,-0.6437015533447266,-0.37965917587280273,0.12093721330165863
9,0.00573083246126771,0.5828600525856018,0.6467453837394714
10,-1.0474578142166138,-1.0125553607940674,-0.4434502124786377
11,0.01927432417869568,0.6513233184814453,0.7748181223869324
12,-0.5469627976417542,-0.2704760432243347,-0.008312039077281952
13,-0.9145675897598267,-0.7926033735275269,-0.3144669234752655
14,-0.9331226348876953,-0.7947470545768738,-0.25487107038497925
15,-1.095281720161438,-0.9897312521934509,-0.39191555976867676
16,-0.6984392404556274,-0.312235563993454,-0.07358352094888687
17,0.007925326935946941,0.6074946522712708,0.8569888472557068
18,-0.5136526823043823,-0.26708081364631653,-0.019647177308797836
19,-0.5322819352149963,-0.2700146734714508,-0.010121011175215244
20,-0.808059811592102,-0.591693103313446,-0.24172841012477875
21,-0.5721167922019958,-0.3360718786716461,-0.016514107584953308
22,-0.6874984502792358,-0.424509197473526,-0.0826464593410492
23,-1.0256335735321045,-0.9792098999023438,-0.428036093711853
24,0.023370608687400818,0.6829703450202942,0.8629056215286255
25,-1.0915971994400024,-1.0000615119934082,-0.4446536898612976
26,-0.7642046213150024,-0.5846151113510132,-0.22633430361747742
27,-1.033554196357727,-1.0014238357543945,-0.4463309645652771
28,0.01927432417869568,0.6414772868156433,0.7936913967132568
29,-1.049941062927246,-0.9913003444671631,-0.41918227076530457
30,-1.140317440032959,-0.9568103551864624,-0.45710083842277527
31,-1.025289535522461,-0.976661741733551,-0.38795381784439087
32,-0.001584281912073493,0.5336092114448547,0.5716460347175598
33,-1.0329142808914185,-0.9948314428329468,-0.47916147112846375
34,-0.11108647286891937,0.33320021629333496,0.4399815797805786
35,-0.22154580056667328,0.3216266334056854,0.42692112922668457
36,0.008983887732028961,0.4831050932407379,0.7253491282463074
37,0.014064513146877289,0.6591617465019226,0.7402501106262207
38,-0.5481089353561401,-0.27748146653175354,0.31649574637413025
39,-0.25721439719200134,0.15822260081768036,0.3766760230064392
40,-0.5538279414176941,-0.27418315410614014,0.00876196101307869
41,0.009662365540862083,0.5443743467330933,0.7148377299308777
42,-0.8281533122062683,-0.7249580025672913,-0.2540532648563385
43,0.007925326935946941,0.625085175037384,0.7076388597488403
44,0.009509775787591934,0.6205567121505737,0.7253562808036804
45,-0.5884259343147278,-0.4326142966747284,0.04826061427593231
46,-0.8351683616638184,-0.6062197089195251,-0.19544118642807007
47,-0.3677498996257782,-0.2559649348258972,0.5376793146133423
48,-0.6832916140556335,-0.5795823931694031,-0.034990344196558
49,-0.7963718771934509,-0.6757836937904358,-0.11696735769510269
50,-0.5504474639892578,-0.26114028692245483,0.352059006690979
51,-0.6432281136512756,-0.4660626947879791,-0.015841985121369362
52,0.021656818687915802,0.5484110116958618,0.6985138058662415
53,-0.49305978417396545,-0.16990767419338226,-0.004778822883963585
54,-0.5172722339630127,-0.24637651443481445,0.06693363934755325
55,-0.6617022752761841,-0.4081999361515045,0.17617464065551758
56,-0.5615561604499817,-0.3755139708518982,0.09777268767356873
57,-0.6009557843208313,-0.4173538386821747,-0.0032049473375082016
58,-0.8334375619888306,-0.7033875584602356,-0.24671167135238647
59,0.010905390605330467,0.501081645488739,0.741787850856781
60,-0.8059938549995422,-0.7289865612983704,-0.12627138197422028
61,-0.5920689702033997,-0.3876359462738037,0.06873857229948044
62,-0.8448774814605713,-0.7102606296539307,-0.25545012950897217
63,0.018398527055978775,0.604146420955658,0.779317319393158
64,-0.8126169443130493,-0.6671224236488342,-0.1613491326570511
65,-0.7907692790031433,-0.6756994724273682,-0.1108085885643959
66,-0.8069655299186707,-0.6581619381904602,-0.233723983168602
67,0.00450528971850872,0.423481822013855,0.5868125557899475
68,-0.849679172039032,-0.7360774874687195,-0.2486257404088974
69,-0.14902862906455994,0.3395884931087494,0.5209062695503235
70,-0.06260712444782257,0.3225373923778534,0.4742298424243927
71,-0.08403269201517105,0.3255824148654938,0.44228875637054443
72,-0.5437686443328857,-0.36545366048812866,0.061978600919246674
73,-0.6112806797027588,-0.37557148933410645,-0.04234876483678818
74,-0.17774340510368347,0.20814217627048492,0.44817832112312317
75,-0.5469216108322144,-0.3521600365638733,0.13286063075065613
76,-0.08384556323289871,0.34046652913093567,0.47104907035827637
77,-0.7708026766777039,-0.6785407066345215,-0.20229871571063995
78,-0.12395596504211426,0.21813228726387024,0.4578103721141815
79,-0.06439626961946487,0.2705119550228119,0.4584446847438812
80,-0.590569794178009,-0.38764747977256775,-0.03179382532835007
81,-0.7789729833602905,-0.5867902040481567,-0.25393080711364746
82,-0.29503753781318665,-0.1071910560131073,0.11707494407892227
83,-0.6439793109893799,-0.4573819935321808,-0.10500065237283707
84,-0.6626334190368652,-0.5488039255142212,-0.09564580023288727
85,-0.3129830062389374,-0.051720064133405685,0.37762075662612915
86,-0.6457405090332031,-0.4473770260810852,-0.031257979571819305
87,-0.11979185789823532,0.11266209930181503,0.4266695976257324
88,-0.24638907611370087,0.1117723286151886,0.39582112431526184
89,-0.4334687888622284,-0.021018486469984055,0.34678080677986145
90,-0.7054525017738342,-0.5149050951004028,-0.08441384881734848
91,-0.5820315480232239,-0.2629702389240265,0.09059348702430725
92,-0.6066967248916626,-0.3980009853839874,-0.026586512103676796
93,-0.8503612875938416,-0.7564178109169006,-0.3719319701194763
94,-0.08384556323289871,0.27264443039894104,0.4589347839355469
95,-0.7305706739425659,-0.5611361861228943,-0.09803050011396408
96,-0.6071633100509644,-0.3984261453151703,-0.047327976673841476
97,-0.6889724135398865,-0.5898672342300415,-0.20462839305400848
98,-0.6359336972236633,-0.41037023067474365,-0.06483020633459091
99,-0.7067246437072754,-0.4806809425354004,-0.07947298884391785
100,-0.7921539545059204,-0.6901017427444458,-0.179510697722435
101,-0.08403269201517105,0.3423681855201721,0.47465378046035767
102,-0.7077961564064026,-0.6299610733985901,-0.17071710526943207
103,0.0024559595622122288,0.3561626672744751,0.5610712766647339
104,-0.005217180587351322,0.46650636196136475,0.651142954826355
105,-0.5076282620429993,-0.12564998865127563,0.059015799313783646
106,-0.2937801480293274,0.1360625922679901,0.32286062836647034
107,-0.5018811821937561,-0.04888587072491646,0.2168058454990387
108,-0.8241698741912842,-0.7203103303909302,-0.2323753535747528
109,0.0067365048453211784,0.5581067800521851,0.5411069989204407
110,0.009662365540862083,0.43479710817337036,0.6184794306755066
111,-0.5658719539642334,-0.33864524960517883,0.008034485392272472
112,-0.7784113883972168,-0.586697518825531,-0.08338387310504913
113,-0.3575926721096039,0.021418146789073944,0.5796518921852112
114,-0.6857782602310181,-0.4829159677028656,0.48918893933296204
115,-0.7587428689002991,-0.5530279874801636,0.03812193498015404
116,-0.5113441348075867,-0.07417607307434082,0.15282632410526276
117,-0.017042724415659904,0.36766791343688965,0.5577527284622192
118,-0.48821210861206055,-0.1680515706539154,0.17039425671100616
119,-0.4953921437263489,-0.1966569721698761,0.10509243607521057
120,-0.6569921374320984,-0.4551708400249481,-0.001755083561874926
121,-0.5443941354751587,-0.26576754450798035,0.04582081735134125
122,-0.7925273776054382,-0.6021615266799927,-0.21955998241901398
123,0.021656818687915802,0.4940110445022583,0.5392552018165588
124,-0.8053925037384033,-0.743328869342804,0.23540815711021423
125,-0.7909281253814697,-0.5741612911224365,-0.22119618952274323
126,0.005968640558421612,0.4852200150489807,0.6049047708511353
127,-0.7566986083984375,-0.6056596636772156,0.0666441097855568
128,-0.741914689540863,-0.568481981754303,-0.031636036932468414
129,-0.8022760152816772,-0.6056500673294067,-0.15293529629707336
130,-0.10100635886192322,0.4388994574546814,0.5868485569953918
131,-0.8141858577728271,-0.7051330208778381,-0.23376591503620148
132,-0.03406576067209244,0.413663387298584,0.8611111044883728
133,-0.007701103109866381,0.5248202681541443,0.6902173161506653
134,-0.660470724105835,-0.30421876907348633,0.06381829082965851
135,0.023370608687400818,0.8030037879943848,0.9323539733886719
136,0.007925326935946941,0.6557275056838989,0.899789571762085
137,-0.49650999903678894,-0.2933143973350525,0.27517035603523254
138,-0.4602898061275482,-0.12470556795597076,-0.01770697347819805
139,-0.3100687265396118,-0.024919740855693817,1.648935317993164
140,-0.7471674680709839,-0.3831174969673157,0.04723523184657097
141,-0.7139445543289185,-0.4000900685787201,0.09354744851589203
142,-0.6648560762405396,-0.434782475233078,0.10085699707269669
143,0.007925326935946941,0.567009449005127,0.9154613614082336
144,-0.23312771320343018,0.18757058680057526,0.6292399168014526
145,-0.3447398543357849,0.059737253934144974,0.4514232873916626
146,-0.7256178855895996,-0.4989435374736786,0.23069781064987183
147,-0.48869067430496216,-0.20212160050868988,0.4523562788963318
148,-0.48264750838279724,-0.23238004744052887,0.21241620182991028
149,-0.5562319755554199,-0.2609020471572876,-0.017003124579787254
150,0.023370608687400818,0.6993914842605591,0.8195723295211792
151,-0.6272216439247131,-0.3637860417366028,0.33561772108078003
152,-0.5570701956748962,-0.3185003697872162,-0.0031435342971235514
153,0.01116535160690546,0.772908091545105,0.882290244102478
154,-0.617503821849823,-0.2986416220664978,0.35569384694099426
155,-0.761710524559021,-0.5292718410491943,0.03186598792672157
156,-0.5575770139694214,-0.25368058681488037,-0.08754964917898178
157,-0.6123849749565125,-0.32049304246902466,-0.023150119930505753
158,-0.04681118577718735,0.33724555373191833,0.46615687012672424
159,-0.5096855759620667,-0.30152076482772827,0.2855686843395233
160,0.023370608687400818,0.6097968220710754,0.6872115731239319
161,-0.8475766777992249,-0.8104551434516907,-0.23326390981674194
162,0.01125381886959076,0.788122832775116,0.881578266620636
163,0.01927432417869568,0.7437402009963989,0.7671794891357422
164,-0.6398978233337402,-0.46508312225341797,0.016555994749069214
165,-0.7378242015838623,-0.5579925179481506,-0.18821275234222412
166,-0.3090612292289734,-0.13397274911403656,1.2898588180541992
167,-0.6796814799308777,-0.46858203411102295,0.10521364212036133
168,-0.760221540927887,-0.7143904566764832,0.10021902620792389
169,-0.4739105701446533,-0.25549009442329407,0.2759557068347931
170,0.007925326935946941,0.6889475584030151,0.7551352977752686
171,-0.35264280438423157,0.04181278869509697,0.24045252799987793
172,-0.45235931873321533,-0.19704657793045044,0.2600196599960327
173,-0.8342121243476868,-0.6851608753204346,-0.02458260953426361
174,-0.5706549882888794,-0.3685215413570404,0.08845397084951401
175,-0.6124786734580994,-0.44178178906440735,0.1921236515045166
176,-0.8278623819351196,-0.7287442684173584,-0.22971321642398834
177,0.01125381886959076,0.638260543346405,0.7525467276573181
178,-0.826622486114502,-0.7821401357650757,-0.09160243719816208
179,-0.8398703336715698,-0.7296240329742432,-0.20361146330833435
180,0.01116535160690546,0.6878673434257507,0.7614708542823792
181,-0.7828392386436462,-0.7229824066162109,0.1847982257604599
182,-0.8280324935913086,-0.6907474398612976,-0.07972389459609985
183,-0.839154064655304,-0.6419521570205688,-0.21147383749485016
184,0.023370608687400818,0.5665092468261719,0.6648127436637878
185,-0.847949206829071,-0.7793337106704712,-0.21463027596473694
186,-0.8468433022499084,-0.6686710715293884,-0.08552549034357071
187,-0.5753249526023865,-0.30993425846099854,0.011447793804109097
188,-0.4769660234451294,-0.1923869401216507,0.26852402091026306
189,-0.8185033798217773,-0.6459150314331055,-0.23400439321994781
190,-0.5393630862236023,-0.26054513454437256,0.22826509177684784
191,-0.44492077827453613,-0.24841608107089996,0.346920907497406
192,-0.5737553834915161,-0.29771947860717773,-0.023126395419239998
193,-0.8802865147590637,-0.5898259878158569,-0.05825777351856232
194,-0.7709891200065613,-0.6684971451759338,-0.23602227866649628
195,-0.5649133324623108,-0.3278203308582306,-7.097475463524461e-05
196,-0.6245149374008179,-0.3377992510795593,0.006701274774968624
197,-0.4141676723957062,-0.13154907524585724,0.5250576138496399
198,-0.5507046580314636,-0.3088793158531189,0.041575849056243896
199,-0.5588326454162598,-0.3036348819732666,-0.02235129289329052
200,-0.7306334972381592,-0.5700089931488037,-0.1337585747241974
201,-0.5642766952514648,-0.31380695104599,0.06803304702043533
202,-0.5927921533584595,-0.3846542239189148,0.06510830670595169
203,-0.8795150518417358,-0.7993884682655334,-0.3629903793334961
204,-0.3438202440738678,-0.10038246214389801,0.42231816053390503
205,-0.9058242440223694,-0.7152169942855835,-0.2572292685508728
206,-0.4915858805179596,-0.24911631643772125,0.5572823286056519
207,-0.8046393394470215,-0.6770839691162109,-0.24725037813186646
208,-0.8002657890319824,-0.6804105639457703,-0.2455526888370514
209,-0.8574827909469604,-0.7326179146766663,-0.23259465396404266
210,-0.5398197770118713,-0.3980693221092224,0.20784936845302582
211,-0.8118348717689514,-0.6387152671813965,-0.2347840666770935
212,-0.7489215135574341,-0.5194970369338989,-0.1292533129453659
213,-1.7300134897232056,-0.735134482383728,-0.2871217131614685
214,-0.6546697616577148,-0.42443180084228516,0.26420536637306213
215,-1.0191419124603271,-0.8222630620002747,-0.10771014541387558
216,-1.0838725566864014,-0.6068164110183716,-0.23297904431819916
217,-0.8387525677680969,-0.5931772589683533,0.07441740483045578
218,-0.8813555836677551,-0.7362643480300903,-0.280099481344223
219,-0.9198235869407654,-0.7849048376083374,-0.2796238362789154
220,-1.0127229690551758,-0.8516167998313904,0.028597503900527954
221,-0.7801212668418884,-0.630186915397644,-0.27953118085861206
222,-0.629278838634491,-0.3439537286758423,0.09262516349554062
223,-0.7766237854957581,-0.47927701473236084,-0.15847359597682953
224,-0.7408155202865601,-0.502699077129364,-0.15047569572925568
225,-0.9332094192504883,-0.6854466199874878,-0.2965075671672821
226,-0.8028194308280945,-0.5994121432304382,-0.18042925000190735
227,-0.7634170651435852,-0.6236801147460938,-0.2748323678970337
228,-1.0177005529403687,-0.8041919469833374,-0.13738535344600677
229,-0.8946073055267334,-0.3184741735458374,0.1951572746038437
230,-1.0042928457260132,-0.8804529905319214,-0.3151903748512268
231,-0.8816021084785461,-0.6750112771987915,-0.2819027900695801
232,-1.030234456062317,-0.855987012386322,-0.3651854693889618
233,-0.8082921504974365,-0.4349305331707001,0.588108241558075
234,-1.1054357290267944,-0.8829303979873657,-0.3401235044002533
235,-1.0164918899536133,-0.7455195188522339,-0.328261137008667
236,-0.7321556806564331,-0.4759078919887543,0.17853112518787384
237,-1.0124372243881226,-0.7592342495918274,-0.035455603152513504
238,-0.5531675219535828,-0.29150116443634033,0.09717164933681488
239,-0.15061722695827484,0.19926302134990692,0.5163724422454834
240,-0.8194108009338379,-0.7609681487083435,-0.23749256134033203
241,-0.1386280208826065,0.3077264130115509,0.5124961137771606
242,-0.15135563910007477,0.16945704817771912,0.5950350165367126
243,-0.5775400996208191,-0.3811461329460144,-0.025159839540719986
244,-0.8391347527503967,-0.574332594871521,-0.2086762934923172
245,-0.4686206877231598,-0.34603065252304077,0.13374128937721252
246,-0.6753810048103333,-0.5488637685775757,-0.04985164850950241
247,-0.7991763949394226,-0.6530544757843018,-0.12372060865163803
248,-0.5483896732330322,-0.3201879858970642,-0.025007987394928932
249,-0.6230772137641907,-0.4175044894218445,-0.018467284739017487
250,-0.19206857681274414,0.1663666069507599,0.5523253083229065
251,-0.5178791880607605,-0.19203345477581024,-0.026096006855368614
252,-0.5248140692710876,-0.24438105523586273,-0.01377486065030098
253,-0.634355366230011,-0.41181641817092896,0.10316646099090576
254,-0.5652934312820435,-0.36913979053497314,0.015982262790203094
255,-0.6020321249961853,-0.4129350781440735,-0.03241698816418648
256,-0.8327372074127197,-0.7043324112892151,-0.23397772014141083
257,-0.16124391555786133,0.1967577487230301,0.5557500720024109
258,-0.7956787943840027,-0.7146874070167542,-0.1431584358215332
259,-0.5923187136650085,-0.39590752124786377,0.04980570822954178
260,-0.8443272709846497,-0.7155612707138062,-0.25292885303497314
261,-0.15207648277282715,0.11843010038137436,0.5620520710945129
262,-0.8185763955116272,-0.6816858053207397,-0.17038258910179138
263,-0.7780062556266785,-0.6724770665168762,-0.05323619022965431
264,-0.8099770545959473,-0.6368304491043091,-0.16244281828403473
265,-0.24031580984592438,0.022755032405257225,0.3088691830635071
266,-0.8202482461929321,-0.7256612181663513,-0.24215008318424225
267,-0.5207042098045349,-0.2354632169008255,0.19940583407878876
268,-0.8854687213897705,-0.7747324109077454,-0.31310975551605225
269,-0.4937034249305725,-0.15483827888965607,0.37920883297920227
270,-0.4747518301010132,-0.15617913007736206,0.46357861161231995
271,-0.5961606502532959,-0.2623717784881592,0.10980571806430817
272,-0.8781921863555908,-0.6201280951499939,-0.16717413067817688
273,-0.7932748794555664,-0.6451345086097717,-0.2658151090145111
274,-0.5360777378082275,-0.08417671918869019,0.29017674922943115
275,-0.702650249004364,-0.3779694139957428,-0.010889776051044464
276,-0.48760658502578735,-0.1654999852180481,0.6524225473403931
277,-0.5350754857063293,-0.1469116359949112,0.13633976876735687
278,-0.5273389220237732,-0.11223160475492477,0.5528085231781006
279,-0.5841920375823975,-0.3373775780200958,0.12641067802906036
280,-0.6906065344810486,-0.4039221405982971,0.37727445363998413
281,-0.9094998836517334,-0.7637172937393188,-0.3535304367542267
282,-0.4821445047855377,-0.07634488493204117,0.4136112928390503
283,-0.8023490309715271,-0.6334834098815918,-0.2569287121295929
284,-0.7489646077156067,-0.5391419529914856,-0.16761313378810883
285,-0.904654860496521,-0.8277841210365295,-0.2787357270717621
286,-0.5064984560012817,-0.17082440853118896,0.4553702473640442
287,-0.7935247421264648,-0.6172144412994385,-0.2547849714756012
288,-0.7861672639846802,-0.6475025415420532,-0.23667822778224945
289,-0.8736805319786072,-0.6951904296875,-0.19586342573165894
290,-0.5319567322731018,-0.2522988021373749,0.2143789380788803
291,-0.8834608793258667,-0.7923795580863953,-0.32231950759887695
292,-0.7365915775299072,-0.5788726806640625,-0.11904910951852798
293,-0.00309750996530056,0.6137219667434692,0.6422142386436462
294,0.023370608687400818,0.6047280430793762,0.6708663105964661
295,-0.6290544271469116,-0.3300732374191284,0.17453226447105408
296,-0.6610094308853149,-0.37197765707969666,-0.06031161546707153
297,-0.17823436856269836,0.15142962336540222,0.4374546408653259
298,-0.6387813091278076,-0.41159436106681824,-0.07516881823539734
299,-0.6766611933708191,-0.48691263794898987,-0.005299567710608244
300,-0.35614094138145447,0.032388925552368164,0.3335820138454437
301,-0.7026679515838623,-0.467827707529068,0.07284631580114365
302,-0.00309750996530056,0.5315659046173096,0.672279417514801
303,-0.25526008009910583,0.2395862191915512,0.3725510239601135
304,-0.3074518144130707,0.11676636338233948,0.40689632296562195
305,-0.7161195278167725,-0.5184755921363831,-0.05345369130373001
306,-0.5382998585700989,-0.2893567681312561,0.1042819693684578
307,-0.7354613542556763,-0.5871053338050842,-0.19310157001018524
308,0.023370608687400818,0.5748432278633118,0.664470374584198
309,-0.7115148305892944,-0.5833611488342285,-0.1100446805357933
310,-0.599564254283905,-0.37146320939064026,0.3460230231285095
311,-0.6809463500976562,-0.3790602385997772,-0.12583254277706146
312,0.006776774302124977,0.5106595754623413,0.6891307830810547
313,-0.6043741703033447,-0.44067901372909546,0.3617247939109802
314,-0.7183035016059875,-0.4903806447982788,-0.08083199709653854
315,-0.7434900999069214,-0.5220763683319092,-0.21608366072177887
316,-0.0005640130257233977,0.5855883359909058,0.6291646957397461
317,-0.7176053524017334,-0.5501415133476257,-0.17760275304317474
318,-0.8355917930603027,-0.76891028881073,-0.23238635063171387
319,-0.7686329483985901,-0.6196083426475525,-0.24996069073677063
320,-0.9039871096611023,-0.7108170986175537,-0.42935580015182495
321,-0.9507028460502625,-0.8571571707725525,-0.46528303623199463
322,-1.0871615409851074,-0.9557480216026306,-0.4630054533481598
323,-1.0274419784545898,-1.0078529119491577,-0.4776904881000519
324,-0.9207608699798584,-0.7633992433547974,-0.3608625531196594
325,-1.029782772064209,-0.9330461621284485,-0.45400869846343994
326,-0.6765894293785095,-0.41759809851646423,-0.11450463533401489
327,-0.8845898509025574,-0.6074275970458984,-0.3166176974773407
328,-0.9016119837760925,-0.5423409938812256,-0.32420292496681213
329,-0.9921956062316895,-0.9517703056335449,-0.4945926070213318
330,-0.9060596823692322,-0.6623020768165588,-0.3628907799720764
331,-0.9913153052330017,-0.8342449069023132,-0.33850952982902527
332,-1.0169016122817993,-0.9652448296546936,-0.4966256618499756
333,-0.7437702417373657,-0.4388148784637451,-0.15166281163692474
334,-1.0407333374023438,-0.9892672896385193,-0.5012754797935486
335,-0.9760448336601257,-0.9027662873268127,-0.4928397536277771
336,-1.0279113054275513,-1.0095747709274292,-0.43071481585502625
337,-0.7582411766052246,-0.6268356442451477,-0.269253671169281
338,-1.0139930248260498,-0.9684829711914062,-0.49637752771377563
339,-1.0375680923461914,-0.9830352067947388,-0.4917988181114197
340,-1.0184539556503296,-0.970689058303833,-0.4799221158027649
341,-0.8820352554321289,-0.8176263570785522,-0.31838658452033997
342,-1.0254141092300415,-0.9859212040901184,-0.4928990304470062
343,0.01125381886959076,0.8312912583351135,0.9234153032302856
344,-0.7817601561546326,-0.5531314611434937,-0.10359210520982742
345,-0.2690529227256775,0.07679001986980438,0.4943053722381592
346,-0.744387149810791,-0.4658389091491699,0.12167108803987503
347,-0.7884042263031006,-0.6003302931785583,0.3073822855949402
348,-0.45962509512901306,-0.1648223102092743,0.3511423170566559
349,0.023370608687400818,0.7597746253013611,0.8521799445152283
350,-0.3880402743816376,0.05746861547231674,0.3743060827255249
351,-0.5113279819488525,-0.07998935133218765,0.23028776049613953
352,-0.5801505446434021,-0.36033910512924194,0.18028123676776886
353,-0.8096339106559753,-0.6794847846031189,-0.16252401471138
354,-0.8165808916091919,-0.7245503067970276,-0.13373565673828125
355,-0.8006587624549866,-0.6874815821647644,-0.0966290608048439
356,0.007329059764742851,0.6777947545051575,0.820497989654541
357,-0.8043571710586548,-0.657474935054779,-0.182977557182312
358,-0.843103289604187,-0.7201295495033264,-0.1843157410621643
359,-0.6253457069396973,-0.4321666359901428,0.12200474739074707
360,-0.6833972930908203,-0.490347295999527,-0.1331198662519455
361,-0.2416132092475891,-0.09726216644048691,0.948167622089386
362,-0.6422919631004333,-0.41792526841163635,-0.008970345370471478
363,-0.683964192867279,-0.5268426537513733,-0.0858289897441864
364,-0.3385900855064392,0.03855596482753754,0.5799447894096375
365,-0.6451815962791443,-0.4925573766231537,-0.07067370414733887
366,0.023370608687400818,0.6891536116600037,0.7461919784545898
367,-0.23257894814014435,0.21811233460903168,0.4833991527557373
368,-0.35517168045043945,0.05876079201698303,0.4196189343929291
369,-0.5430305004119873,-0.33134397864341736,0.17480815947055817
370,-0.6125493049621582,-0.40837928652763367,0.026852328330278397
371,-0.7325901389122009,-0.5437630414962769,-0.16090096533298492
372,0.007925326935946941,0.599175214767456,0.7361115217208862
373,-0.7092841863632202,-0.5945069193840027,-0.13264316320419312
374,-0.5889811515808105,-0.3987211585044861,0.36766353249549866
375,-0.6967325210571289,-0.5449519157409668,-0.16188757121562958
376,0.01116535160690546,0.7010776996612549,0.781902015209198
377,-0.6310482621192932,-0.46582159399986267,0.25918349623680115
378,-0.7287408709526062,-0.47863274812698364,-0.04105580970644951
379,-0.7425514459609985,-0.5359683632850647,-0.17416691780090332
380,0.015688396990299225,0.4912041127681732,0.7061401009559631
381,-0.721359372138977,-0.559455931186676,-0.20929831266403198
382,-0.9079092144966125,-0.7014397382736206,-0.06083353981375694
383,-0.6957884430885315,-0.44633665680885315,-0.1440790593624115
384,-0.7436400055885315,-0.5290827751159668,-0.19700053334236145
385,-0.7570650577545166,-0.5780787467956543,-0.203046515583992
386,-0.5547937750816345,-0.2907752990722656,0.00414558919146657
387,-0.5641636848449707,-0.23644164204597473,-0.025661610066890717
388,-0.5714699625968933,-0.2912174463272095,0.1006213054060936
389,-0.5573537349700928,-0.32111987471580505,-0.0011362310033291578
390,-0.5510972738265991,-0.33017587661743164,-0.01898137293756008
391,-0.6511845588684082,-0.4384315609931946,-0.1410755217075348
392,-0.5517269372940063,-0.3020647168159485,-0.015387886203825474
393,-0.5628381967544556,-0.28453344106674194,-0.02795257791876793
394,-0.8840481042861938,-0.7839721441268921,-0.38517996668815613
395,-0.47760722041130066,-0.31679004430770874,0.07543277740478516
396,-0.7700198888778687,-0.6097838282585144,-0.1983817219734192
397,-0.6519578695297241,-0.4359295070171356,-0.1613256335258484
398,-0.8334047198295593,-0.6037808656692505,-0.2178901582956314
399,-0.5982875823974609,-0.3777430057525635,-0.04331567883491516
400,-0.7527989149093628,-0.5562836527824402,-0.22234810888767242
401,-0.7558772563934326,-0.5746521353721619,-0.20244896411895752
402,-0.8994798064231873,-0.7806004881858826,-0.23606939613819122
403,-0.6060110926628113,-0.40331733226776123,-0.00545145757496357
404,-0.8553379774093628,-0.6923289895057678,-0.23059065639972687
405,-0.8614470362663269,-0.6942464113235474,-0.1951640248298645
406,-0.8845515847206116,-0.7634170651435852,-0.3571062386035919
407,-0.9141274690628052,-0.8608107566833496,-0.4329022765159607
408,-0.7952514290809631,-0.5033014416694641,0.3052715063095093
409,-0.8879794478416443,-0.7705968618392944,-0.17504435777664185
410,-0.6393372416496277,-0.36063066124916077,0.036022718995809555
411,-0.7991393804550171,-0.4915841221809387,-0.11238502711057663
412,-0.7806561589241028,-0.508948564529419,-0.1033768579363823
413,-0.9173753261566162,-0.7971723675727844,-0.18673768639564514
414,-0.8494688272476196,-0.682201087474823,-0.09336985647678375
415,-0.8563281297683716,-0.7559905648231506,-0.1770337074995041
416,-0.92619389295578,-0.8555369973182678,-0.40859997272491455
417,-0.6778408288955688,-0.3091263473033905,-0.11451349407434464
418,-0.9005183577537537,-0.8235377073287964,-0.3852449059486389
419,-0.869779109954834,-0.7636016607284546,-0.17045895755290985
420,-0.8749374151229858,-0.6784012317657471,-0.18769976496696472
421,-0.6708323955535889,-0.505257785320282,-0.237375408411026
422,-0.8979073166847229,-0.7949389219284058,-0.3531021177768707
423,-0.9247775077819824,-0.8200980424880981,-0.2420227825641632
424,-0.9157193303108215,-0.8004103302955627,-0.3900749087333679
425,-0.7517682909965515,-0.46904170513153076,-0.1111082136631012
426,-0.9298357963562012,-0.8310829401016235,-0.3733326196670532
427,-0.834108293056488,-0.5828233957290649,-0.23982279002666473
428,-1.0079987049102783,-0.8387866020202637,-0.29619088768959045
429,-0.3475949466228485,-0.01978183351457119,0.8827880024909973
430,-0.8245424032211304,-0.6475181579589844,-0.19496573507785797
431,-0.6926507353782654,-0.47774738073349,-0.052405945956707
432,-0.7539370059967041,-0.5418659448623657,0.04829134792089462
433,-0.9964016675949097,-0.7123270034790039,-0.2621404826641083
434,-0.5068985223770142,0.05192290246486664,2.158600091934204
435,-1.0133793354034424,-0.784769594669342,-0.38342782855033875
436,-1.0147570371627808,-0.7818909883499146,-0.3521595895290375
437,-0.5241557955741882,0.045828692615032196,2.0427300930023193
438,-0.8750169277191162,-0.8096664547920227,-0.28431999683380127
439,-0.9953128695487976,-0.6747108697891235,-0.28587737679481506
440,-0.9654451608657837,-0.7766047716140747,-0.21031653881072998
441,-0.42819857597351074,-0.17317992448806763,0.752931535243988
442,-0.9827554225921631,-0.8077317476272583,-0.30653414130210876
443,-1.036799669265747,-0.8246784806251526,-0.06252837181091309
444,-0.747150719165802,-0.5747178792953491,-0.19767649471759796
445,-0.8158051371574402,-0.6595475673675537,-0.2910003960132599
446,-0.755297839641571,-0.5095973014831543,-0.19190846383571625
447,-0.7501649856567383,-0.5554789304733276,-0.13647139072418213
448,-0.8637781739234924,-0.6837941408157349,-0.2799859046936035
449,-0.8172735571861267,-0.7087140679359436,-0.22255448997020721
450,-0.8022108674049377,-0.6699323058128357,-0.28601476550102234
451,-1.016985297203064,-0.8647249341011047,-0.39838939905166626
452,-0.8829007744789124,-0.38125327229499817,-0.11816488951444626
453,-0.9731684923171997,-0.8415400981903076,-0.3454594314098358
454,-0.8865368962287903,-0.7011035084724426,-0.2905462384223938
455,-1.0174376964569092,-0.8630678057670593,-0.2783586382865906
456,-0.9746965765953064,-0.831865668296814,-0.16701015830039978
457,-1.0649487972259521,-0.8193028569221497,-0.2895281910896301
458,-1.01190185546875,-0.7779523134231567,-0.13068728148937225
459,-0.7930381298065186,-0.4843409061431885,-0.12383934110403061
460,-1.0101039409637451,-0.7695910334587097,-0.2753709852695465
461,-0.8206731081008911,-0.7103232145309448,-0.3724249005317688
462,-0.914650022983551,-0.7150166034698486,-0.3824253976345062
463,-0.8133426904678345,-0.43245866894721985,0.028115997090935707
464,-0.8390583395957947,-0.6458324193954468,-0.3150081932544708
465,-0.8359863758087158,-0.6887838840484619,-0.33959531784057617
466,-1.06269109249115,-0.8833419680595398,-0.3949267268180847
467,-0.819584846496582,-0.6579891443252563,-0.3294573426246643
468,-0.866688072681427,-0.701924204826355,-0.3664977550506592
469,-1.0175422430038452,-0.9534476399421692,-0.48377177119255066
470,-0.6687439680099487,-0.35427820682525635,0.0012331766774877906
471,-1.073828935623169,-0.9853869080543518,-0.46312981843948364
472,-0.9369548559188843,-0.782880961894989,-0.37683725357055664
473,-1.0249565839767456,-0.9806505441665649,-0.4776904881000519
474,-0.7557993531227112,-0.3999011814594269,-0.0290205217897892
475,-1.0190222263336182,-0.9420173168182373,-0.38186344504356384
476,-1.0236141681671143,-0.9483312964439392,-0.4555823802947998
477,-0.9987750053405762,-0.9249324798583984,-0.42323529720306396
478,-0.8467078804969788,-0.6947887539863586,-0.15158429741859436
479,-1.0131434202194214,-0.9721565246582031,-0.4776904881000519
480,-0.6163029074668884,-0.3983228802680969,0.000868526054546237
481,-0.40215542912483215,-0.1285467892885208,0.5288738012313843
482,-0.5810753703117371,-0.3070846199989319,-0.025669418275356293
483,-0.5699416399002075,-0.30902883410453796,-0.012576091103255749
484,-0.6789140701293945,-0.5248811841011047,-0.004453119356185198
485,-0.5790004730224609,-0.33167093992233276,-0.010544746182858944
486,-0.5783886313438416,-0.3517586290836334,-0.024010149762034416
487,-0.3960878849029541,-0.06150977686047554,0.36962997913360596
488,-0.7939254641532898,-0.6823808550834656,-0.2521345913410187
489,-0.8085252046585083,-0.7014000415802002,-0.24936871230602264
490,-0.4009549021720886,-0.1766204535961151,0.5387372374534607
491,-0.7947497963905334,-0.6696444749832153,-0.2446325272321701
492,-0.7491723299026489,-0.6539079546928406,-0.23728278279304504
493,-0.837600827217102,-0.6055222749710083,-0.1585817039012909
494,-0.5708336234092712,-0.38326460123062134,0.20062752068042755
495,-0.8034231662750244,-0.6685442924499512,-0.24109426140785217
496,-0.6480390429496765,-0.4468976557254791,-0.024735772982239723
497,-0.5798125267028809,-0.35394740104675293,-0.020631205290555954
498,-0.5533235669136047,-0.3190455734729767,-0.025937668979167938
499,-0.7227373719215393,-0.454028457403183,-0.19149300456047058
500,-0.5877143740653992,-0.3188699185848236,-0.03368029370903969
501,-0.665668249130249,-0.34946149587631226,-0.06188686937093735
502,-0.9575626254081726,-0.8225827217102051,-0.2700280547142029
503,-0.6828810572624207,-0.43544602394104004,-0.050685491412878036
504,-0.7940642237663269,-0.6003294587135315,-0.1965891569852829
505,-0.7268255352973938,-0.49152836203575134,-0.196622833609581
506,-0.9204080700874329,-0.7552525997161865,-0.3318491578102112
507,-0.8354580402374268,-0.610900342464447,-0.22184744477272034
508,-0.7682280540466309,-0.5595047473907471,-0.19788140058517456
509,-0.9669144749641418,-0.8381792902946472,-0.22892813384532928
510,-0.6845455765724182,-0.48820990324020386,-0.01741119660437107
511,-0.9408009052276611,-0.8605702519416809,-0.26299184560775757
512,-0.25895029306411743,0.21679271757602692,0.5109173655509949
513,-0.3755025267601013,-0.05797204747796059,0.3296375274658203
514,-0.4457937777042389,-0.2286805361509323,0.40380075573921204
515,-0.5693663954734802,-0.3568961024284363,0.1806986927986145
516,-0.6961333155632019,-0.46811991930007935,-0.14738565683364868
517,0.01927432417869568,0.57115238904953,0.7658174633979797
518,-0.6805887818336487,-0.4194623529911041,0.012960642576217651
519,-0.5923354029655457,-0.3836304843425751,0.2671017646789551
520,-0.5455427765846252,-0.31357136368751526,-0.01659935712814331
521,0.007925326935946941,0.6059176325798035,0.8096007704734802
522,-0.6062062382698059,-0.38830792903900146,0.004016871098428965
523,-0.7717729210853577,-0.5415060520172119,0.0030546332709491253
524,-0.6945858001708984,-0.4587438702583313,-0.17430990934371948
525,-0.004134166054427624,0.47420287132263184,0.6460318565368652
526,-0.5716458559036255,-0.36431020498275757,-0.030567562207579613
527,-0.5271065831184387,-0.2844674587249756,-0.0020454677287489176
528,-0.6562613844871521,-0.4875328838825226,-0.06161607429385185
529,-0.5446092486381531,-0.3296322524547577,-0.016463503241539
530,-0.5636173486709595,-0.3531365990638733,-0.03299286216497421
531,-0.7896600365638733,-0.5983138084411621,-0.22005519270896912
532,-0.25918063521385193,0.16658556461334229,0.3412264585494995
533,-0.7869091629981995,-0.6963034272193909,-0.17866893112659454
534,-0.5909470319747925,-0.41837021708488464,-0.030573196709156036
535,-0.7547487020492554,-0.6040137410163879,-0.21916352212429047
536,-0.28382205963134766,0.1005241647362709,0.4390372633934021
537,-0.7638974189758301,-0.5906033515930176,-0.17679379880428314
538,-0.7597949504852295,-0.6104378700256348,-0.09072557836771011
539,-0.7700332999229431,-0.4882374405860901,-0.1931658834218979
540,-0.40012794733047485,0.009437656961381435,0.2575153708457947
541,-0.7681841850280762,-0.644204318523407,-0.23600080609321594
542,-0.6015481352806091,-0.3549191951751709,-0.04591004177927971
543,-0.5506085753440857,-0.3052993714809418,-0.015184017829596996
544,-0.5502631664276123,-0.29906660318374634,-0.022154342383146286
545,-0.7627872228622437,-0.536602258682251,-0.22870950400829315
546,-0.318200945854187,0.023457609117031097,0.37092748284339905
547,-0.7815166115760803,-0.6419197916984558,-0.19832298159599304
548,-0.5843278765678406,-0.38518399000167847,-0.03842638060450554
549,-0.7481002807617188,-0.552478015422821,-0.21758483350276947
550,-0.39590758085250854,-0.08984800428152084,0.3805371820926666
551,-0.762721061706543,-0.563205897808075,-0.22300265729427338
552,-0.7255251407623291,-0.5937586426734924,-0.08392409980297089
553,-0.7717146277427673,-0.5587764978408813,-0.20753420889377594
554,-0.43695610761642456,-0.17022953927516937,0.041012901812791824
555,-0.7716902494430542,-0.5691008567810059,-0.22093160450458527
556,-0.6833423972129822,-0.5347561836242676,-0.21172404289245605
557,-0.7485344409942627,-0.556381344795227,-0.21850547194480896
558,-0.9575935006141663,-0.7722991704940796,-0.14802978932857513
559,-0.7072354555130005,-0.4667488932609558,-0.12774574756622314
560,-0.9472413659095764,-0.8341333866119385,-0.30141201615333557
561,-0.7549596428871155,-0.5632092356681824,-0.22904573380947113
562,-0.8996619582176208,-0.8070241212844849,-0.23264089226722717
563,-0.9397751092910767,-0.8728346824645996,-0.2979331612586975
564,-0.8117908239364624,-0.6670559644699097,-0.2651086151599884
565,-0.9847291111946106,-0.811305582523346,-0.3708812892436981
566,-0.755081832408905,-0.5572443604469299,-0.06281477212905884
567,-0.9041186571121216,-0.7915874719619751,-0.17473144829273224
568,-0.5808590650558472,-0.38049766421318054,-0.050752680748701096
569,-0.8630097508430481,-0.7190021276473999,-0.22876641154289246
570,-0.4539009630680084,-0.10334990918636322,0.10624299943447113
571,-0.7808359861373901,-0.6551628112792969,-0.23058286309242249
572,-0.685429573059082,-0.4906381368637085,-0.12539775669574738
573,-0.7696942090988159,-0.6103909015655518,-0.2335580438375473
574,-0.5429062843322754,-0.24114587903022766,0.2677247226238251
575,-0.7562758326530457,-0.5585493445396423,-0.2336220145225525
576,-0.7931269407272339,-0.630035400390625,-0.23953968286514282
577,-0.8888526558876038,-0.7465643882751465,-0.20800241827964783
578,-0.5927047729492188,-0.36382997035980225,0.1827738732099533
579,-0.7974815368652344,-0.6580120325088501,-0.24563480913639069
580,-0.8983569741249084,-0.8070234060287476,-0.2700970470905304
581,-0.5715648531913757,-0.3097149431705475,-0.06664905697107315
582,-0.7934335470199585,-0.6341107487678528,-0.24471373856067657
583,-0.7233977317810059,-0.5322688221931458,-0.19199253618717194
584,-0.8422889113426208,-0.6902665495872498,-0.24636486172676086
585,-0.6031627655029297,-0.37663349509239197,-0.03545788675546646
586,-0.7688359618186951,-0.5960060954093933,-0.22259612381458282
587,-0.7484209537506104,-0.589099645614624,-0.22297252714633942
588,-0.9281628727912903,-0.8327414393424988,-0.3011612892150879
589,-0.6073919534683228,-0.42236047983169556,-0.00718054361641407
590,-0.8192769885063171,-0.7824943661689758,-0.24172334372997284
591,-0.7958882451057434,-0.4747942388057709,-0.14252348244190216
592,-1.0301296710968018,-0.9741942882537842,-0.4929566979408264
593,-1.0371073484420776,-1.0075992345809937,-0.4973950684070587
594,-1.0247886180877686,-0.972407341003418,-0.47715112566947937
595,-0.832449734210968,-0.5715797543525696,-0.1903543621301651
596,-1.0361177921295166,-0.9931455850601196,-0.5025397539138794
597,-1.0478767156600952,-0.9632492065429688,-0.4764840304851532
598,-1.024646520614624,-0.9786657691001892,-0.47772082686424255
599,-0.8939256072044373,-0.7267090082168579,-0.2690778374671936
600,-1.0163710117340088,-0.9525412321090698,-0.47715112566947937
601,-0.7098461985588074,-0.3954344689846039,-0.07668791711330414
602,-0.5908783078193665,-0.37562787532806396,0.42846038937568665
603,-0.5884578824043274,-0.3534063398838043,-0.08643808960914612
604,0.01116535160690546,0.5304962992668152,0.7270556092262268
605,-0.586618959903717,-0.34550583362579346,0.2495204657316208
606,-0.7014665007591248,-0.46728676557540894,-0.08689575642347336
607,-0.6580902934074402,-0.41771194338798523,-0.010820496827363968
608,0.022692278027534485,0.5133006572723389,0.649756908416748
609,-0.6143828630447388,-0.32867008447647095,-0.07332417368888855
610,-1.0457663536071777,-0.896274745464325,-0.43504372239112854
611,-1.026875615119934,-0.9715063571929932,-0.4957691431045532
612,-0.7609253525733948,-0.6076441407203674,0.0017795508028939366
613,-1.0546280145645142,-0.983167827129364,-0.48142027854919434
614,-1.0473315715789795,-0.9823794364929199,-0.4957275390625
615,-1.030774712562561,-0.941541850566864,-0.4723707139492035
616,-0.8503544330596924,-0.7733740210533142,0.11491689831018448
617,-1.019974946975708,-0.9689674377441406,-0.4957691431045532
618,-0.8877627849578857,-0.7961961030960083,-0.35118916630744934
619,-0.608020544052124,-0.3709287941455841,0.0481841005384922
620,-0.8989148736000061,-0.8047225475311279,-0.3155844807624817
621,-0.8485261797904968,-0.7041739821434021,-0.28801193833351135
622,-0.9217634201049805,-0.7936394810676575,-0.21855583786964417
623,-0.6324646472930908,-0.43797269463539124,-0.04416433721780777
624,-0.9248586893081665,-0.8364722728729248,-0.3562283515930176
625,-0.748312771320343,-0.4655098021030426,-0.14081871509552002
626,-1.048737645149231,-0.9850534200668335,-0.481264591217041
627,-1.009751558303833,-0.9453685283660889,-0.4957691431045532
628,-1.0264402627944946,-0.9126926064491272,-0.4596549868583679
629,-0.8631660342216492,-0.7453730702400208,-0.2803109586238861
630,-1.0212092399597168,-0.974473237991333,-0.4967164993286133
631,-0.7220897674560547,-0.4651745557785034,0.10068728029727936
632,-0.7573715448379517,-0.5105828046798706,-0.16437119245529175
633,0.007329059764742851,0.47447946667671204,0.6663521528244019
634,-0.7159566879272461,-0.5392816662788391,-0.17043793201446533
635,-1.1135306358337402,-0.9803877472877502,-0.49140992760658264
636,-0.8568815588951111,-0.694292426109314,0.2976893186569214
637,-1.017135500907898,-0.9593069553375244,-0.4776904881000519
638,-1.017605185508728,-0.857862651348114,-0.44929924607276917
639,-0.8594080805778503,-0.599565863609314,-0.19034312665462494
640,-1.0071254968643188,-0.8710202574729919,-0.45396411418914795
641,-0.909717857837677,-0.6637285351753235,-0.24313494563102722
642,-1.0193815231323242,-0.9685474634170532,-0.48064637184143066
643,-0.858235239982605,-0.7083264589309692,-0.2415916919708252
644,-0.1105603501200676,0.30152663588523865,0.41007548570632935
645,-0.23118595778942108,0.3220990300178528,0.4299343526363373
646,-0.06518645584583282,0.4225504398345947,0.7822734713554382
647,-0.5334610939025879,-0.22705473005771637,0.37305405735969543
648,-0.5402805805206299,-0.3229704797267914,0.38827699422836304
649,-0.18442963063716888,0.20231208205223083,0.36439165472984314
650,-0.4825904369354248,-0.13065870106220245,0.3272887170314789
651,-0.055674538016319275,0.4203934669494629,0.623590886592865
652,-0.5537084341049194,-0.32055604457855225,0.03913814574480057
653,-0.06268008798360825,0.4090897738933563,0.5516394972801208
654,-0.5729914903640747,-0.412123441696167,0.09448529034852982
655,-0.3662578761577606,-0.12858498096466064,0.21779955923557281
656,-0.602329671382904,-0.4359157085418701,-0.028764553368091583
657,-0.593410313129425,-0.4240277111530304,0.08353862911462784
658,-0.4836645722389221,-0.08830772340297699,0.5389601588249207
659,-0.6388603448867798,-0.4991900324821472,-0.06088383123278618
660,-0.09162966907024384,0.46785080432891846,0.6905106902122498
661,-0.4189548194408417,-0.11497124284505844,0.15409860014915466
662,-0.4624880850315094,-0.137412890791893,0.29138830304145813
663,-0.6320447325706482,-0.4807254672050476,0.06453454494476318
664,-0.5151914954185486,-0.27576014399528503,0.27339524030685425
665,-0.5704439282417297,-0.3881762623786926,0.09964858740568161
666,-0.5412257313728333,-0.17094823718070984,0.08051910996437073
667,-0.08321308344602585,0.4356735944747925,0.6901074051856995
668,-0.6433742642402649,-0.4581332802772522,-0.04452412948012352
669,-0.5604574084281921,-0.38964977860450745,0.18332844972610474
670,-0.538801372051239,-0.25604912638664246,0.08069918304681778
671,-0.09637123346328735,0.4467402398586273,0.6690508127212524
672,-0.5731083154678345,-0.3156411647796631,0.07584350556135178
673,-0.6983616352081299,-0.5190187096595764,-0.05237339809536934
674,-0.5122880935668945,-0.11043952405452728,0.1670934110879898
675,-0.10919004678726196,0.32116439938545227,0.5550814270973206
676,-0.5561461448669434,-0.2431638538837433,0.023688295856118202
677,-0.10030882060527802,0.32914310693740845,0.46293896436691284
678,-0.23142226040363312,0.2862207591533661,0.42494580149650574
679,0.018844127655029297,0.6427475214004517,0.9400261640548706
680,0.023370608687400818,0.6143556237220764,0.7480729818344116
681,-0.5566751956939697,-0.343826025724411,0.15872229635715485
682,-0.9653189182281494,-0.8920803070068359,-0.32534968852996826
683,-0.28340011835098267,-0.0007095326436683536,0.21928489208221436
684,-0.5447590351104736,-0.16551119089126587,0.19776907563209534
685,0.004075265489518642,0.5113729238510132,0.6433762311935425
686,-1.105239987373352,-1.0909614562988281,-0.4769747853279114
687,0.010905390605330467,0.827336311340332,0.8876214027404785
688,0.009509775787591934,0.6252737641334534,0.7500146627426147
689,-0.5734910368919373,-0.3699456751346588,-0.018681960180401802
690,-0.7935726642608643,-0.7224393486976624,-0.2119363248348236
691,-0.9742438197135925,-0.9297701120376587,-0.3303309977054596
692,-1.0651021003723145,-0.9787531495094299,-0.4411393404006958
693,-0.5884928107261658,-0.36538001894950867,0.05031566321849823
694,-0.6185877323150635,-0.40269070863723755,-0.002652703784406185
695,0.007925326935946941,0.5786481499671936,0.7392763495445251
696,-0.4962356984615326,-0.2818748950958252,0.004477080423384905
697,-0.5387091636657715,-0.3247520625591278,-0.008791577070951462
698,-0.7992637753486633,-0.6853420734405518,-0.23322567343711853
699,-0.5780574083328247,-0.3761574625968933,-0.04353597015142441
700,-0.5871917605400085,-0.3878423869609833,-0.047155968844890594
701,-1.1777418851852417,-1.1556380987167358,-0.5050555467605591
702,0.009509775787591934,0.47744202613830566,0.685973048210144
703,-1.087045669555664,-1.0415295362472534,-0.4545699656009674
704,-0.775132417678833,-0.6690927743911743,-0.23065482079982758
705,-1.1178481578826904,-1.1134228706359863,-0.4825982451438904
706,0.023370608687400818,0.5736556649208069,0.7999916076660156
707,-1.0740350484848022,-0.9806086421012878,-0.45997869968414307
708,-1.0291715860366821,-0.9890477657318115,-0.40588608384132385
709,-1.1127599477767944,-1.1336843967437744,-0.4591350257396698
710,0.0020118081010878086,0.5514466166496277,0.5577054619789124
711,-1.1003237962722778,-1.0707857608795166,-0.48221302032470703
712,-0.13270209729671478,0.3438100814819336,0.4723532199859619
713,-0.12080564349889755,0.22829754650592804,0.43571242690086365
714,-0.06439626961946487,0.3315387964248657,0.472493976354599
715,-0.379430890083313,0.09845604002475739,0.3789993226528168
716,-0.44376060366630554,-0.018313206732273102,0.25184234976768494
717,-0.13789907097816467,0.3535151183605194,0.44122806191444397
718,-0.387389212846756,0.032429758459329605,0.30417171120643616
719,-0.08265303820371628,0.3032914996147156,0.469749391078949
720,-0.611173689365387,-0.17762649059295654,0.10059212893247604
721,-0.09113398939371109,0.2787649929523468,0.4453200697898865
722,-0.07850360125303268,0.2916595935821533,0.4351542890071869
723,-0.41623345017433167,0.023942694067955017,0.3315558433532715
724,-0.32473573088645935,-0.08429758250713348,0.18525606393814087
725,-0.27324989438056946,0.05716785788536072,0.35730722546577454
726,-0.49082863330841064,-0.080677330493927,0.19492383301258087
727,-0.5663397312164307,-0.16336943209171295,0.09467189013957977
728,-0.2534742057323456,0.31186971068382263,0.409074068069458
729,-0.4318571388721466,-0.038678936660289764,0.0978698879480362
730,-0.09367399662733078,0.2740169167518616,0.4522590935230255
731,-0.19746656715869904,0.30376437306404114,0.4551495909690857
732,-0.2856086790561676,0.2713150382041931,0.44114282727241516
733,-0.5589218139648438,-0.16423529386520386,0.16325919330120087
734,-0.3527697026729584,0.19824914634227753,0.34339848160743713
735,-0.4217127561569214,-0.025343872606754303,0.2666167914867401
736,-0.5383027195930481,-0.21178701519966125,0.07964987307786942
737,-0.08265303820371628,0.27133968472480774,0.456884503364563
738,-0.619332492351532,-0.15080764889717102,0.006791991647332907
739,-0.45063745975494385,0.008479241281747818,0.24348881840705872
740,-0.563568651676178,-0.11634741723537445,0.13865822553634644
741,-0.10850387811660767,0.1899106502532959,0.41747036576271057
742,-0.5364651083946228,-0.09574596583843231,0.117442786693573
743,-0.6996818780899048,-0.2588905096054077,0.11542442440986633
744,-0.5483627319335938,-0.27532559633255005,0.11638672649860382
745,-0.08308988064527512,0.36249426007270813,0.46216365694999695
746,-0.5705742239952087,-0.1976851522922516,0.12113683670759201
747,-0.11607526987791061,0.35670945048332214,0.4500278830528259
748,-0.08065301924943924,0.3348480761051178,0.4626932144165039
749,-0.6148704886436462,-0.36398327350616455,0.010153575800359249
750,-0.9295514225959778,-0.8471649289131165,-0.35267969965934753
751,-0.2580786347389221,0.06473661959171295,0.26405319571495056
752,-0.6008869409561157,-0.2108735293149948,0.16348455846309662
753,-0.06439626961946487,0.32782813906669617,0.5015195608139038
754,-1.080458641052246,-1.0564879179000854,-0.4821242392063141
755,-0.09250437468290329,0.44469544291496277,0.5343325138092041
756,-0.08265303820371628,0.26469191908836365,0.47053301334381104
757,-0.5943687558174133,-0.3811165392398834,-0.02003505453467369
758,-0.8703293800354004,-0.6289361715316772,-0.18796607851982117
759,-0.9665330648422241,-0.8935410976409912,-0.3326168656349182
760,-1.0508086681365967,-0.9904859662055969,-0.4734690487384796
761,-0.6257640719413757,-0.42001137137413025,0.009364116005599499
762,-0.619087278842926,-0.41116756200790405,-0.0665024071931839
763,-0.11000076681375504,0.16923558712005615,0.4403833746910095
764,-0.5125284790992737,-0.2172936350107193,0.059565357863903046
765,-0.5467766523361206,-0.30187657475471497,0.001331412699073553
766,-0.7293393015861511,-0.5965601205825806,-0.173363596200943
767,-0.5961270928382874,-0.2948056161403656,-0.04778924956917763
768,-0.6022480726242065,-0.42631205916404724,-0.08426284044981003
769,-1.1433466672897339,-1.1431753635406494,-0.4869840741157532
770,-0.06300635635852814,0.31841975450515747,0.4886700212955475
771,-1.07181715965271,-1.0080335140228271,-0.4734690487384796
772,-0.6899474263191223,-0.5080873370170593,-0.17452162504196167
773,-1.1128814220428467,-1.0990016460418701,-0.43914952874183655
774,-0.06662581115961075,0.2379491776227951,0.5657593011856079
775,-1.0848900079727173,-0.9331768751144409,-0.4734690487384796
776,-1.020996332168579,-0.9795563817024231,-0.4188387095928192
777,-1.0953657627105713,-1.0405365228652954,-0.36744454503059387
778,-0.08592379838228226,0.31495192646980286,0.4795039892196655
779,-1.0886589288711548,-1.0519583225250244,-0.4847106635570526
780,-0.07135294377803802,0.3962439298629761,0.5390569567680359
781,-0.10866446048021317,0.38594165444374084,0.4967610538005829
782,-0.4909060299396515,-0.006926972419023514,0.3392443060874939
783,-0.5352061986923218,-0.12419340759515762,0.09093091636896133
784,-0.19958315789699554,0.2280392199754715,0.36351585388183594
785,-0.5119449496269226,-0.03203664720058441,0.33974531292915344
786,-0.0928727239370346,0.40334370732307434,0.5198336243629456
787,-0.5499178171157837,-0.09044394642114639,0.1676214039325714
788,-0.10422701388597488,0.4127017855644226,0.5393553376197815
789,-0.06281439960002899,0.4042336046695709,0.5174383521080017
790,-0.5597442984580994,-0.3257196545600891,0.08827535063028336
791,-0.3836979269981384,-0.015023020096123219,0.9587055444717407
792,-0.36017200350761414,0.16611063480377197,0.7809752821922302
793,-0.5760200023651123,-0.3248438835144043,0.07405640929937363
794,-0.5608481764793396,-0.17763471603393555,0.00010102492524310946
795,-0.47034937143325806,-0.024499686434864998,0.2960548400878906
796,-0.6165134906768799,-0.41766151785850525,0.0006804278818890452
797,-0.06939571350812912,0.38464632630348206,0.518112063407898
798,-0.463186115026474,-0.07629097998142242,0.3794589638710022
799,-0.45377904176712036,-0.03568441793322563,0.16887937486171722
800,-0.6397929191589355,-0.4419128894805908,0.13510024547576904
801,-0.5325435996055603,-0.19524408876895905,0.04115431010723114
802,-0.5586724877357483,-0.2636065185070038,0.09480191767215729
803,-0.5091014504432678,0.09958402067422867,0.8942835927009583
804,-0.07135294377803802,0.4108307957649231,0.5194962024688721
805,-0.6083132028579712,-0.2732757031917572,0.4752824306488037
806,-0.5554686188697815,-0.2562192678451538,0.1123230904340744
807,-0.48792049288749695,0.04548780247569084,0.07605837285518646
808,-0.06868018954992294,0.38250917196273804,0.5604960918426514
809,-0.5261054635047913,-0.057367339730262756,0.07173136621713638
810,-0.6306655406951904,-0.32288727164268494,0.1515287458896637
811,-0.503955602645874,0.14216236770153046,0.3566240966320038
812,-0.12813706696033478,0.42730313539505005,0.46811798214912415
813,-0.5282703042030334,-0.019185826182365417,0.06668472290039062
814,0.007925326935946941,0.572141170501709,0.6651945114135742
815,0.004075265489518642,0.5778371691703796,0.6725061535835266
816,-0.558493435382843,-0.2759804129600525,0.1307363361120224
817,-0.9443813562393188,-0.8272264003753662,-0.24525205790996552
818,-0.3785112500190735,0.005598049610853195,0.22439254820346832
819,-0.5266724228858948,-0.06768688559532166,0.7700865864753723
820,0.023370608687400818,0.5753984451293945,0.6483336091041565
821,-1.093650221824646,-1.0519992113113403,-0.38037633895874023
822,0.004075265489518642,0.4597325325012207,0.643391489982605
823,-0.562167763710022,-0.37099266052246094,-0.013635233044624329
824,-0.7877142429351807,-0.6284911036491394,-0.01477792952209711
825,-0.9714071154594421,-0.936882495880127,-0.2957431972026825
826,-1.0587360858917236,-0.9696532487869263,-0.38515058159828186
827,-0.5809001326560974,-0.32279688119888306,0.030351432040333748
828,0.023370608687400818,0.4798750877380371,0.6801807880401611
829,-0.5134071111679077,-0.25829601287841797,-0.008492236025631428
830,-0.5288046002388,-0.3204458951950073,-0.010859070345759392
831,-0.7587586641311646,-0.5983453392982483,-0.09428838640451431
832,-0.5602437853813171,-0.3617714047431946,-0.041970737278461456
833,-0.5674562454223633,-0.3789643943309784,-0.04687226191163063
834,-1.1772297620773315,-1.1498380899429321,-0.3548721373081207
835,0.007925326935946941,0.5957366824150085,0.6484504342079163
836,-1.0720404386520386,-1.0490180253982544,-0.38127151131629944
837,-0.742123544216156,-0.6338690519332886,-0.16476818919181824
838,-1.1288210153579712,-1.1234173774719238,-0.47662973403930664
839,0.007329059764742851,0.42221763730049133,0.6440719962120056
840,-1.065584421157837,-0.9015019536018372,-0.3833695650100708
841,-1.0421096086502075,-0.9850043654441833,-0.2967188060283661
842,-1.0934597253799438,-1.0617002248764038,-0.2798742949962616
843,-0.003447147086262703,0.5144553184509277,0.5597610473632812
844,-1.097934603691101,-1.0606136322021484,-0.38148626685142517
845,0.01125381886959076,0.635097324848175,0.8061506152153015
846,-0.06597922742366791,0.19749249517917633,0.7851155400276184
847,-0.4193223714828491,-0.017407525330781937,0.47786465287208557
848,-0.43954935669898987,-0.1724408119916916,0.6578707695007324
849,-0.1383356750011444,0.32344502210617065,0.974476158618927
850,-0.35090121626853943,0.02994639240205288,0.5795755386352539
851,-0.7708196640014648,-0.6099326610565186,0.5727347731590271
852,-0.30175966024398804,0.036997877061367035,0.749243974685669
853,-0.4089590311050415,-0.05115876719355583,0.9438450336456299
854,-0.7084634304046631,-0.4860977828502655,0.6904358267784119
855,0.023370608687400818,0.6577578783035278,0.8051697611808777
856,-0.2545686364173889,0.04464501515030861,0.4635992646217346
857,-0.3442224860191345,-0.08081177622079849,0.05873861908912659
858,-0.5101412534713745,-0.238412544131279,0.0047110095620155334
859,-0.5923455357551575,-0.4046994149684906,-0.06654240936040878
860,-0.6192514896392822,-0.43453335762023926,-0.06450317800045013
861,-0.29040613770484924,0.06350342184305191,0.4577074646949768
862,-0.5117624402046204,-0.2942762076854706,0.25057050585746765
863,-0.019211187958717346,0.33966732025146484,0.625385046005249
864,-0.3981499671936035,-0.011862925253808498,0.4000151455402374
865,0.010010793805122375,0.6204955577850342,0.6960409879684448
866,-0.5483622550964355,-0.37178900837898254,0.012093703262507915
867,0.01125381886959076,0.689813494682312,0.7571192979812622
868,-0.5215699076652527,-0.32464897632598877,0.3091653287410736
869,-0.4177294075489044,0.042056694626808167,0.21624672412872314
870,-0.1879643201828003,0.119642473757267,0.4514472484588623
871,-0.6222262382507324,-0.4357340931892395,0.1934502273797989
872,-0.6214847564697266,-0.42922815680503845,0.21356594562530518
873,-0.20116323232650757,0.23906360566616058,0.6120589375495911
874,-0.7283070683479309,-0.5233046412467957,0.2793723940849304
875,0.01927432417869568,0.7093403339385986,0.7696996331214905
876,-0.1353832632303238,0.27121293544769287,0.649093747138977
877,-0.3406441807746887,-0.004825207404792309,0.5348300933837891
878,-0.786124587059021,-0.6786239147186279,0.18083249032497406
879,-0.31615015864372253,-0.07675006240606308,0.3258454203605652
880,-0.5767168402671814,-0.36559322476387024,0.2945522367954254
881,-0.3760802149772644,-0.09158510714769363,0.13754045963287354
882,0.007925326935946941,0.6513711810112,0.7864640951156616
883,-0.7272444367408752,-0.5200387239456177,0.036730241030454636
884,-0.5569627285003662,-0.3609943985939026,0.2901606559753418
885,-0.40791648626327515,-0.11381841450929642,0.09128298610448837
886,0.01927432417869568,0.7350473403930664,0.7905637621879578
887,-0.5212529301643372,-0.3132287561893463,0.12110157310962677
888,-0.7796363234519958,-0.6280239820480347,0.11171258985996246
889,-0.39580991864204407,-0.09377099573612213,0.1664033681154251
890,0.00573083246126771,0.6083507537841797,0.6794546842575073
891,-0.4393974244594574,-0.2333936095237732,0.06491813063621521
892,-0.5335831642150879,-0.361083984375,0.4561368227005005
893,-0.935793936252594,-0.8053550720214844,-0.32276272773742676
894,-0.26995179057121277,-0.010335470549762249,0.35117307305336
895,-0.5402846336364746,-0.11166362464427948,0.5502642393112183
896,0.0159548819065094,0.5969608426094055,0.6292878985404968
897,-1.1022741794586182,-1.0886181592941284,-0.5054190158843994
898,0.01116535160690546,0.8551002740859985,0.9306108355522156
899,0.023370608687400818,0.7042894959449768,0.7671335935592651
900,-0.5981168746948242,-0.41056790947914124,-0.039418213069438934
901,-0.8544116020202637,-0.7544323801994324,-0.31600040197372437
902,-0.9854299426078796,-0.9228313565254211,-0.31892362236976624
903,-1.0655314922332764,-1.0571225881576538,-0.4053307771682739
904,-0.6356149911880493,-0.4201003611087799,0.1352263242006302
905,-0.7002989649772644,-0.46510112285614014,-0.026061302050948143
906,0.01125381886959076,0.673582136631012,0.7688484787940979
907,-0.5169068574905396,-0.25294849276542664,0.0033315415494143963
908,-0.549728512763977,-0.3166339099407196,-0.00416489876806736
909,-0.7318681478500366,-0.6252135038375854,-0.15543846786022186
910,-0.5872691869735718,-0.42613884806632996,-0.04089062660932541
911,-0.6175047159194946,-0.463638573884964,-0.08750120550394058
912,-1.1834921836853027,-1.1631629467010498,-0.48893922567367554
913,0.01116535160690546,0.581078827381134,0.6848634481430054
914,-1.086348295211792,-1.0811303853988647,-0.45604264736175537
915,-0.7192814946174622,-0.598356306552887,-0.20926661789417267
916,-1.1226063966751099,-1.1186162233352661,-0.46593430638313293
917,0.01927432417869568,0.6950435042381287,0.7848972678184509
918,-1.081129550933838,-1.031609058380127,-0.454664021730423
919,-1.0494648218154907,-0.9970287680625916,-0.4037795066833496
920,-1.1149325370788574,-1.1044509410858154,-0.3499123156070709
921,0.0034343695733696222,0.5428147315979004,0.586366593837738
922,-1.1008944511413574,-1.0816365480422974,-0.48250946402549744
923,-0.575611412525177,-0.3484727442264557,0.04591955617070198
924,-0.5844478607177734,-0.37079331278800964,-0.0009055428672581911
925,-0.7916463613510132,-0.6309289932250977,-0.23274293541908264
926,-0.5540962815284729,-0.39064842462539673,0.5657376646995544
927,-0.5791276097297668,-0.416932612657547,0.5007484555244446
928,-0.5773182511329651,-0.3353055417537689,-0.010501411743462086
929,-0.766177237033844,-0.46189698576927185,0.017216289415955544
930,-0.622920036315918,-0.4883033335208893,-0.07677403092384338
931,-0.7537772059440613,-0.587051510810852,-0.024519028142094612
932,-0.5651625394821167,-0.3386284410953522,0.035528529435396194
933,-0.5884674191474915,-0.37126871943473816,-0.02803438901901245
934,-0.5681070685386658,-0.3811792731285095,0.4970957636833191
935,-0.5501570105552673,-0.3010723888874054,-0.007805070374161005
936,-0.5595795512199402,-0.31022506952285767,-0.015084435231983662
937,-0.6519810557365417,-0.4821627140045166,-0.11062305420637131
938,-0.5630995631217957,-0.3411092162132263,0.07088790833950043
939,-0.5777600407600403,-0.36174091696739197,-0.030084263533353806
940,-0.7805722951889038,-0.5807963013648987,-0.19234855473041534
941,-0.5594844222068787,-0.37546953558921814,0.3398306369781494
942,-0.7274356484413147,-0.5723880529403687,-0.2058170884847641
943,-0.6180926561355591,-0.46351414918899536,-0.10882128775119781
944,-0.7846847176551819,-0.6293121576309204,-0.24671323597431183
945,-0.5715903043746948,-0.41577303409576416,0.39157044887542725
946,-0.7576575875282288,-0.5910797715187073,-0.15258479118347168
947,-0.7011889815330505,-0.573321521282196,-0.091096892952919
948,-0.7787023186683655,-0.5514252185821533,-0.23824596405029297
949,-0.5548553466796875,-0.40016084909439087,0.16784700751304626
950,-0.7837325930595398,-0.5976500511169434,-0.22912053763866425
951,-2.0571722984313965,-0.8568950891494751,-0.2771661579608917
952,-0.5533846020698547,-0.3049688935279846,0.2676737308502197
953,-1.0962833166122437,-1.0227351188659668,-0.39422473311424255
954,-0.3328406512737274,0.1616828292608261,0.6433508992195129
955,-0.2360428124666214,0.15151651203632355,0.6790271401405334
956,-0.553445041179657,-0.26835426688194275,0.0022847282234579325
957,-0.8381948471069336,-0.6408447027206421,-0.1877838671207428
958,-0.911601185798645,-0.8233729600906372,-0.31382420659065247
959,-0.5885036587715149,-0.3271213173866272,0.015642624348402023
960,-0.6138336062431335,-0.2994714081287384,-0.05627979338169098
961,-0.5347672700881958,-0.2810876667499542,-0.005528225563466549
962,-0.7848252654075623,-0.6121214628219604,-0.2236478626728058
963,-0.766226589679718,-0.6256400942802429,-0.24339474737644196
964,-1.0965540409088135,-1.0591015815734863,-0.5016292929649353
965,-1.1059882640838623,-1.058313250541687,-0.49456241726875305
966,-0.3078797459602356,-0.08845208585262299,0.23798227310180664
967,-1.6915559768676758,-0.9317832589149475,-0.31781265139579773
968,-0.9002543687820435,-0.7690868973731995,-0.30761343240737915
969,-1.0901343822479248,-0.8097084760665894,-0.021330270916223526
970,-0.9583439230918884,-0.8456599712371826,-0.23795588314533234
971,-0.9748095870018005,-0.810370922088623,-0.3227446675300598
972,-0.9416306614875793,-0.811116635799408,-0.31757891178131104
973,-0.8546198010444641,-0.7044113874435425,-0.07670211046934128
974,-0.9447344541549683,-0.8198985457420349,-0.3149655759334564
975,-1.0932080745697021,-0.7843503355979919,0.055639732629060745
976,-0.9197388291358948,-0.7450185418128967,-0.30400699377059937
977,-0.7791392803192139,-0.6680213809013367,-0.3072834312915802
978,-1.2185626029968262,-0.8524671196937561,-0.2652803957462311
979,-0.967047929763794,-0.7844666838645935,-0.2843758165836334
980,-0.926722526550293,-0.7931235432624817,-0.33003783226013184
981,-0.9079244136810303,-0.8071616291999817,-0.21842294931411743
982,-0.9365084171295166,-0.8128890991210938,-0.2888714075088501
983,-1.0644253492355347,-0.8625966310501099,-0.37080496549606323
984,-0.8267886638641357,-0.6765033602714539,-0.2504655122756958
985,-1.0604267120361328,-0.7950305342674255,-0.3163229823112488
986,-1.0344500541687012,-0.8128126859664917,-0.3152118921279907
987,-1.1462678909301758,-0.7280106544494629,0.01825781539082527
988,-0.9682541489601135,-0.7535118460655212,-0.3204759359359741
989,-1.2564597129821777,-0.9039614200592041,-0.3182765245437622
990,-1.3038479089736938,-0.9079776406288147,-0.2627865672111511
991,-1.035091757774353,-0.7075079679489136,-0.2548164427280426
992,-0.5835151672363281,-0.3925459086894989,-0.05826886370778084
993,-0.32562217116355896,0.1130267009139061,0.36638113856315613
994,-1.0822523832321167,-1.039031744003296,-0.47897905111312866
995,-0.4594523012638092,-0.08748990297317505,0.4244728684425354
996,-0.30115023255348206,0.014985807240009308,0.5882372856140137
997,-0.6057335138320923,-0.33709707856178284,-0.049367401748895645
998,-0.8335829377174377,-0.7047789692878723,-0.2438361942768097
999,-1.088128685951233,-0.8066089153289795,-0.19903098046779633
1000,-1.1207557916641235,-1.0224653482437134,-0.42712584137916565
1001,-0.5907185077667236,-0.3798169493675232,-0.07801837474107742
1002,-0.7291580438613892,-0.5063456296920776,-0.1905282586812973
1003,-0.3865529000759125,-0.134333536028862,0.7240213751792908
1004,-0.5509962439537048,-0.2755074203014374,-0.035410553216934204
1005,-0.541907548904419,-0.22787074744701385,-0.01028374396264553
1006,-0.7626134157180786,-0.6242322325706482,-0.2575702369213104
1007,-0.5878344178199768,-0.4178873896598816,-0.06753634661436081
1008,-0.7535186409950256,-0.5330281853675842,-0.19601066410541534
1009,-1.0744390487670898,-1.0637098550796509,-0.4851669371128082
1010,-0.3328237235546112,0.003140114713460207,0.5822802782058716
1011,-1.118593692779541,-1.0417600870132446,-0.48187780380249023
1012,-0.7806746959686279,-0.6208489537239075,-0.2757037878036499
1013,-1.0729235410690308,-1.0354893207550049,-0.49983900785446167
1014,-0.31858640909194946,-0.08228642493486404,0.8541866540908813
1015,-1.1505305767059326,-1.0456033945083618,-0.48001590371131897
1016,-1.102647304534912,-0.9157853722572327,-0.4306727647781372
1017,-1.0691330432891846,-1.0149332284927368,-0.347827672958374
1018,-0.5359246730804443,-0.32898151874542236,0.03597280755639076
1019,-1.075774908065796,-1.0333002805709839,-0.4807838201522827
1020,-0.5310681462287903,-0.294185608625412,0.10066927224397659
1021,-0.23444131016731262,0.10145144909620285,0.26456788182258606
1022,-0.5892844796180725,-0.3535480499267578,-0.03443301096558571
1023,-0.21410222351551056,0.08766984194517136,0.3346317410469055
1024,-0.20833586156368256,0.04468276724219322,0.4069612920284271
1025,-0.5854303240776062,-0.41566041111946106,-0.042193952947854996
1026,-0.43886104226112366,-0.0618547759950161,0.3050535321235657
1027,-0.4565585255622864,-0.3638696074485779,0.07502797245979309
1028,-0.5997093319892883,-0.42857611179351807,-0.05366544425487518
1029,-0.59062659740448,-0.4179430305957794,-0.07735279947519302
1030,-0.5117011070251465,-0.20574277639389038,0.37336426973342896
1031,-0.6293624639511108,-0.4867814779281616,-0.03971310704946518
1032,-0.25592300295829773,0.05782471224665642,0.4621097147464752
1033,-0.4990104138851166,-0.21902206540107727,0.023182768374681473
1034,-0.5336653590202332,-0.25075802206993103,0.010740438476204872
1035,-0.62895667552948,-0.48534244298934937,-0.06287521123886108
1036,-0.535416841506958,-0.27751532196998596,-0.03225988522171974
1037,-0.5771481394767761,-0.408645898103714,-0.03698078915476799
1038,-0.572248101234436,-0.2958831489086151,0.031172964721918106
1039,-0.20191490650177002,0.11527232825756073,0.47804197669029236
1040,-0.639847457408905,-0.48914697766304016,-0.09146170318126678
1041,-0.5877538919448853,-0.41351160407066345,-0.0639740377664566
1042,-0.5374081134796143,-0.3081035912036896,0.007062377408146858
1043,-0.5736724138259888,-0.3830786645412445,-0.09135206043720245
1044,-0.6728793978691101,-0.5084772109985352,-0.09695831686258316
1045,-0.5690032839775085,-0.2666221261024475,0.11610632389783859
1046,-0.2662985026836395,0.021313145756721497,0.23731711506843567
1047,-0.5310252904891968,-0.293913334608078,0.014374728314578533
1048,-0.5535655617713928,-0.1919124573469162,0.11475691199302673
1049,-0.031514182686805725,0.5077998638153076,0.6310217380523682
1050,-1.090791940689087,-1.0399788618087769,-0.4349105656147003
1051,-0.05774205923080444,0.49969035387039185,0.6890853047370911
1052,-0.02500084787607193,0.3557196259498596,0.7144948840141296
1053,-0.5616147518157959,-0.3378554880619049,-0.01108893658965826
1054,-0.7881361246109009,-0.5232990980148315,-0.13056182861328125
1055,-0.9584839344024658,-0.9084281921386719,-0.2918449938297272
1056,-1.055526614189148,-0.959002673625946,-0.431463360786438
1057,-0.5900297164916992,-0.3667019307613373,-0.020224466919898987
1058,-0.6009907722473145,-0.3455260694026947,-0.0234032291918993
1059,-0.024432236328721046,0.335298091173172,0.7625697255134583
1060,-0.4992241859436035,-0.26589611172676086,-0.010812302120029926
1061,-0.5378659963607788,-0.29161420464515686,-0.0015836190432310104
1062,-0.8000408411026001,-0.6722190976142883,-0.23116832971572876
1063,-0.5658577084541321,-0.38055619597435,-0.05093945935368538
1064,-0.5816653966903687,-0.3762173652648926,-0.049054455012083054
1065,-1.1539586782455444,-1.1368805170059204,-0.49770069122314453
1066,-0.02500084787607193,0.31118613481521606,0.6561450958251953
1067,-1.0828348398208618,-1.014281153678894,-0.4611109495162964
1068,-0.7762537002563477,-0.6828179359436035,-0.23184973001480103
1069,-1.112070918083191,-1.1069642305374146,-0.4763488173484802
1070,-0.026094989851117134,0.34800079464912415,0.8466258645057678
1071,-1.0746456384658813,-0.9694039225578308,-0.44994035363197327
1072,-1.0421102046966553,-0.9844281673431396,-0.39651408791542053
1073,-1.0936784744262695,-0.9805617332458496,-0.25738856196403503
1074,-0.055440180003643036,0.33348095417022705,0.4523995816707611
1075,-1.0925527811050415,-1.0453834533691406,-0.44093477725982666
1076,-0.5171175599098206,-0.2673823833465576,1.022207498550415
1077,-0.7726702690124512,-0.5864580273628235,-0.1887234002351761
1078,-0.5467373132705688,-0.29129132628440857,0.49058377742767334
1079,-0.7708297371864319,-0.5382317304611206,-0.17196492850780487
1080,-0.7557947635650635,-0.5915953516960144,-0.22024588286876678
1081,-0.7689573764801025,-0.6221950650215149,-0.23870117962360382
1082,-0.5356431603431702,-0.12396111339330673,0.2728272080421448
1083,-0.7867488265037537,-0.5612615346908569,-0.24394923448562622
1084,-0.535500705242157,-0.18296223878860474,0.49922284483909607
1085,-0.7842671871185303,-0.6258804798126221,-0.25401055812835693
1086,-0.7738131880760193,-0.611333429813385,-0.2381352186203003
1087,-0.538556694984436,-0.14862830936908722,0.2942214012145996
1088,-0.8249049186706543,-0.6447662115097046,-0.25305378437042236
1089,-0.797856867313385,-0.6523462533950806,-0.24368645250797272
1090,-0.7919458746910095,-0.5229570269584656,-0.23550651967525482
1091,-0.5485944151878357,-0.2185932844877243,0.5556623935699463
1092,-0.7514392137527466,-0.609352171421051,-0.22536306083202362
1093,-0.2799394130706787,0.2775591313838959,0.5639204978942871
1094,-0.38451099395751953,0.1270214170217514,0.401329904794693
1095,-0.19141440093517303,0.2830461859703064,0.7790417671203613
1096,-0.5507246255874634,-0.23257485032081604,-0.02660384401679039
1097,-0.8273561000823975,-0.6427524089813232,-0.23799923062324524
1098,-0.9696091413497925,-0.8015362024307251,-0.2923877239227295
1099,-1.099537968635559,-0.9674479365348816,-0.31739309430122375
1100,-0.5828886032104492,-0.33674660325050354,-0.05811493098735809
1101,-0.6395320296287537,-0.33139005303382874,-0.12643460929393768
1102,-0.2872396409511566,0.09592223167419434,0.7749789357185364
1103,-0.5438398718833923,-0.2563868463039398,-0.01966729201376438
1104,-0.5256272554397583,-0.23792962729930878,-0.015956608578562737
1105,-0.761005699634552,-0.5934202075004578,-0.24369290471076965
1106,-0.5685997009277344,-0.33628183603286743,-0.04672698676586151
1107,-0.6459569931030273,-0.42544686794281006,-0.14035555720329285
1108,-1.1399036645889282,-1.0630474090576172,-0.47706905007362366
1109,-0.30862146615982056,0.2167346328496933,0.6389391422271729
1110,-1.1075838804244995,-1.021607518196106,-0.47874411940574646
1111,-0.7650275230407715,-0.6159880757331848,-0.24863223731517792
1112,-1.053208827972412,-0.9103101491928101,-0.39736801385879517
1113,-0.4069059193134308,-0.10564453154802322,0.18108677864074707
1114,-1.0869821310043335,-1.0079222917556763,-0.37202173471450806
1115,-0.4846614897251129,-0.001228909706696868,0.237513467669487
1116,0.023370608687400818,0.5779821276664734,0.6406692862510681
1117,0.005091737024486065,0.5816762447357178,0.649864912033081
1118,-0.33126893639564514,-0.004727473016828299,0.47158083319664
1119,-0.2310146689414978,0.16313743591308594,0.29564812779426575
1120,-0.16983458399772644,0.344433069229126,0.5547563433647156
1121,-0.4353674650192261,-0.12635253369808197,0.31144899129867554
1122,-0.4240654706954956,-0.05786203220486641,0.17760910093784332
1123,-0.21680884063243866,0.34925171732902527,0.6204538345336914
1124,-0.5591868758201599,-0.24569857120513916,0.3089918792247772
1125,0.00573083246126771,0.49283722043037415,0.6225670576095581
1126,-0.08832340687513351,0.4685596227645874,0.5986932516098022
1127,-0.23176982998847961,0.21394547820091248,0.6295064091682434
1128,-0.6566898226737976,-0.32942092418670654,0.23848672211170197
1129,-0.30872195959091187,0.1538558453321457,0.5594810247421265
1130,-0.3253515660762787,0.06778274476528168,0.46588051319122314
1131,-0.37565794587135315,0.1580418348312378,0.3318358361721039
1132,0.0159548819065094,0.5951856374740601,0.6382965445518494
1133,-0.6112751960754395,-0.3258321285247803,0.04888780415058136
1134,-0.34419530630111694,0.10977829247713089,0.5428087711334229
1135,-0.38652628660202026,0.15249250829219818,0.2902117371559143
1136,0.010010793805122375,0.5579644441604614,0.6792843341827393
1137,-0.3766394555568695,0.11668463796377182,0.35968518257141113
1138,-0.6807461380958557,-0.3983643054962158,0.17619381844997406
1139,-0.3801828920841217,0.1404743492603302,0.3002921938896179
1140,0.0034343695733696222,0.6003165245056152,0.6507096290588379
1141,-0.4005776643753052,0.10546161234378815,0.30032986402511597
1142,-1.1020927429199219,-1.056963562965393,-0.49547049403190613
1143,0.017671264708042145,0.6244779229164124,0.8158984184265137
1144,0.007925326935946941,0.5925607681274414,0.7593882083892822
1145,-0.5892440676689148,-0.3555667996406555,-0.05500650405883789
1146,-0.8305361866950989,-0.6853888630867004,-0.17243804037570953
1147,-0.9475691914558411,-0.8539910912513733,-0.3033352494239807
1148,-1.0562193393707275,-1.0148764848709106,-0.41266265511512756
1149,-0.5932168364524841,-0.44573840498924255,0.18531762063503265
1150,-0.6677274107933044,-0.4464028477668762,-0.07846827805042267
1151,0.017671264708042145,0.5460667610168457,0.7282111644744873
1152,-0.505044162273407,-0.23366640508174896,0.3021126389503479
1153,-0.5570958256721497,-0.30918583273887634,-0.020465776324272156
1154,-0.7333793044090271,-0.5510843396186829,-0.16823583841323853
1155,-0.5976800918579102,-0.4173022508621216,-0.06348662823438644
1156,-0.6206322908401489,-0.42469751834869385,-0.09114999324083328
1157,-1.1754181385040283,-1.154647946357727,-0.2726062834262848
1158,0.007925326935946941,0.5681111216545105,0.6954148411750793
1159,-1.0756754875183105,-1.0197566747665405,-0.4504830837249756
1160,-0.7213985323905945,-0.5312162041664124,-0.13973930478096008
1161,-1.1278743743896484,-1.1028343439102173,-0.4280637800693512
1162,0.010010793805122375,0.5386255979537964,0.8027514219284058
1163,-1.0926311016082764,-1.0196170806884766,-0.40408918261528015
1164,-1.0250402688980103,-0.948178231716156,-0.43577373027801514
1165,-1.1189651489257812,-1.0657049417495728,-0.2513889670372009
1166,0.011304378509521484,0.5454775094985962,0.5853095650672913
1167,-1.1041141748428345,-1.0628215074539185,-0.43212375044822693
1168,-1.1032745838165283,-1.0955958366394043,-0.4989587068557739
1169,-1.1020797491073608,-1.0906721353530884,-0.48250946402549744
1170,-1.1213921308517456,-1.0727849006652832,-0.4819870591163635
1171,-0.9541022777557373,-0.8587861061096191,-0.48189014196395874
1172,-1.0665628910064697,-1.0237277746200562,-0.49171170592308044
1173,-1.1191776990890503,-1.0711939334869385,-0.48832598328590393
1174,-1.0806307792663574,-1.0275927782058716,-0.49977123737335205
1175,-1.0875300168991089,-0.9588237404823303,-0.40233170986175537
1176,-1.1225237846374512,-1.0931967496871948,-0.487763911485672
1177,-1.1120303869247437,-1.0683925151824951,-0.48406025767326355
1178,-1.0885037183761597,-1.053939700126648,-0.5010522603988647
1179,-1.0977243185043335,-1.0532416105270386,-0.49895191192626953
1180,-1.1174434423446655,-1.075441598892212,-0.48247188329696655
1181,-1.1391215324401855,-1.054072618484497,-0.4873577356338501
1182,-1.1237515211105347,-1.075255274772644,-0.4805471897125244
1183,-1.0417273044586182,-1.0022262334823608,-0.4975622594356537
1184,-1.1085487604141235,-1.046125054359436,-0.46120521426200867
1185,-1.0852304697036743,-1.0527989864349365,-0.5005744099617004
1186,-1.1185182332992554,-1.0393983125686646,-0.4942470192909241
1187,-1.0492970943450928,-1.0265239477157593,-0.43231892585754395
1188,-1.1146411895751953,-1.0752943754196167,-0.498005211353302
1189,-1.061212420463562,-1.023331880569458,-0.4971007704734802
1190,-1.1063066720962524,-1.0428040027618408,-0.48406025767326355
1191,-1.0374188423156738,-0.9823698997497559,-0.5042197108268738
1192,-1.0885000228881836,-1.0796219110488892,-0.49138206243515015
1193,-1.0459471940994263,-1.010827898979187,-0.4815814793109894
1194,-0.45712295174598694,-0.1835968792438507,0.15529713034629822
1195,-0.407846063375473,-0.11123389005661011,0.14841945469379425
1196,-0.752418041229248,-0.5408567190170288,-0.19752313196659088
1197,-0.9105520844459534,-0.801654577255249,-0.3708484470844269
1198,-1.13214910030365,-0.7644709348678589,-0.21284210681915283
1199,-1.079227328300476,-1.0169286727905273,-0.4815814793109894
1200,-0.664910078048706,-0.47299206256866455,-0.011929623782634735
1201,-0.7572331428527832,-0.619275689125061,-0.21579115092754364
1202,-0.43560606241226196,-0.20911328494548798,0.17406807839870453
1203,-0.5898137092590332,-0.39661163091659546,-0.0366327166557312
1204,-0.574442446231842,-0.30594590306282043,-0.041738156229257584
1205,-0.8622645139694214,-0.777620255947113,-0.2756997346878052
1206,-0.7572774887084961,-0.6326550841331482,-0.18112003803253174
1207,-0.7578694224357605,-0.6273874640464783,-0.238540917634964
1208,-1.036055564880371,-0.9866942763328552,-0.481948584318161
1209,-0.38646143674850464,-0.06400100141763687,0.2803988456726074
1210,-0.8412843346595764,-0.7302122116088867,-0.24952363967895508
1211,-1.0547446012496948,-1.0140291452407837,-0.4218110740184784
1212,-0.49882206320762634,-0.2859329581260681,0.16862520575523376
1213,-1.0720884799957275,-0.9726088047027588,-0.4815814793109894
1214,-1.1346931457519531,-0.9237596988677979,-0.4299505352973938
1215,-1.0372501611709595,-0.9892733693122864,-0.5025776028633118
1216,-0.5597400069236755,-0.3994625210762024,-0.00681440532207489
1217,-1.050025224685669,-1.0100663900375366,-0.48406025767326355
1218,0.007925326935946941,0.7335305213928223,0.8965274095535278
1219,-0.47024279832839966,-0.31073078513145447,0.5569676756858826
1220,-0.2721494138240814,0.01233503594994545,0.25236040353775024
1221,-0.2896769940853119,0.24362696707248688,0.592980146408081
1222,-0.6105303168296814,-0.39148858189582825,0.21921297907829285
1223,-0.5976295471191406,-0.2904016375541687,0.2474667876958847
1224,-0.23602549731731415,0.2632409930229187,0.6898424625396729
1225,-0.684736967086792,-0.5156566500663757,0.2038859724998474
1226,0.01125381886959076,0.8729227185249329,1.0721443891525269
1227,-0.13156840205192566,0.4158238470554352,0.6060780882835388
1228,-0.30521079897880554,0.07135908305644989,0.5793914198875427
1229,-0.8181338310241699,-0.6794342994689941,0.3849849998950958
1230,-0.3029760718345642,-0.026203246787190437,0.45028895139694214
1231,-0.5152833461761475,-0.3513224422931671,0.2819261848926544
1232,-0.3837844133377075,0.13327498733997345,0.23877614736557007
1233,0.01116535160690546,0.6444371938705444,0.7716161012649536
1234,-0.7410925030708313,-0.4255117177963257,0.17948345839977264
1235,-0.477431982755661,-0.19677697122097015,0.3726958632469177
1236,-0.4067620038986206,-0.008832868188619614,0.18299293518066406
1237,0.007329059764742851,0.6757029891014099,0.8854885101318359
1238,-0.4632604718208313,-0.09760861843824387,0.3197158873081207
1239,-0.8353003263473511,-0.5819523930549622,0.03704411908984184
1240,-0.3776228725910187,0.09043484181165695,0.27037569880485535
1241,0.023370608687400818,0.5968274474143982,0.7874254584312439
1242,-0.44337669014930725,-0.13674400746822357,0.1351376473903656
1243,0.01125381886959076,0.6993355751037598,0.81361985206604
1244,-0.6337643265724182,-0.4014566242694855,-0.0509454719722271
1245,-0.8340068459510803,-0.6719353795051575,-0.22009268403053284
1246,-0.9903727769851685,-0.9217974543571472,-0.29963645339012146
1247,-1.0648505687713623,-1.0524394512176514,-0.40023407340049744
1248,0.007925326935946941,0.6155908703804016,0.777716875076294
1249,-0.46248430013656616,-0.15712186694145203,0.07180722057819366
1250,-0.566752552986145,-0.3539009690284729,-0.0018425880698487163
1251,-0.77755206823349,-0.6092483997344971,-0.12518036365509033
1252,-0.6091700792312622,-0.40314775705337524,-0.04415704309940338
1253,-0.6227584481239319,-0.43704062700271606,-0.059362977743148804
1254,-1.1887022256851196,-1.1496965885162354,-0.36904996633529663
1255,0.007925326935946941,0.6512839794158936,0.8006953597068787
1256,-1.0909420251846313,-1.0832440853118896,-0.45978182554244995
1257,-0.7338035702705383,-0.5681424736976624,-0.03816898912191391
1258,-1.1242618560791016,-1.102006196975708,-0.42749667167663574
1259,0.01125381886959076,0.69721919298172,0.855155885219574
1260,-1.0672639608383179,-1.0293595790863037,-0.37920838594436646
1261,-1.050514817237854,-0.9856013655662537,-0.397325336933136
1262,-1.1028908491134644,-1.0837379693984985,-0.28064388036727905
1263,0.0038009716663509607,0.6210102438926697,0.6109521985054016
1264,-1.1121288537979126,-1.0813086032867432,-0.4637535810470581
1265,-0.3704429268836975,-0.13883937895298004,0.6886351108551025
1266,-0.2532171607017517,0.13628849387168884,0.32737237215042114
1267,-0.1524076610803604,0.25122031569480896,0.6279217004776001
1268,-0.4263848662376404,-0.17437618970870972,0.6536591053009033
1269,-0.4733639657497406,-0.1980431228876114,0.43624958395957947
1270,-0.19585977494716644,0.3656322658061981,0.7463863492012024
1271,-0.48329228162765503,-0.33884087204933167,0.6269692778587341
1272,0.023370608687400818,0.6852172017097473,0.7508421540260315
1273,-0.09902676939964294,0.35533779859542847,0.6146230697631836
1274,-0.22319169342517853,0.13954851031303406,0.6223185062408447
1275,-0.6371231079101562,-0.3947988748550415,0.40727588534355164
1276,-0.22961406409740448,0.09512918442487717,0.5515121817588806
1277,-0.35638508200645447,-0.08155659586191177,0.6458121538162231
1278,-0.37162908911705017,0.22952531278133392,0.32121706008911133
1279,0.007925326935946941,0.6157407164573669,0.7637971043586731
1280,-0.6181910037994385,-0.4057912230491638,0.3570595681667328
1281,-0.30909252166748047,-0.031712405383586884,0.6233247518539429
1282,-0.3700650930404663,0.15188828110694885,0.27072378993034363
1283,0.01927432417869568,0.6387250423431396,0.7683470249176025
1284,-0.39787349104881287,-0.05366846174001694,0.25339001417160034
1285,-0.6397772431373596,-0.4739733338356018,0.4585692882537842
1286,-0.3682720363140106,0.17228807508945465,0.3013833165168762
1287,0.005220063496381044,0.5304936766624451,0.6983293890953064
1288,-0.3887302875518799,0.06007342040538788,0.23940469324588776
1289,-0.5952187776565552,-0.40172550082206726,-0.029233485460281372
1290,-0.8439280986785889,-0.755316972732544,-0.22141408920288086
1291,-0.9478577375411987,-0.8921152353286743,-0.3195815980434418
1292,-1.057808756828308,-1.0324662923812866,-0.4157438576221466
1293,-0.6138660311698914,-0.4669336974620819,0.29154783487319946
1294,-0.639639675617218,-0.41855260729789734,-0.05075300857424736
1295,0.007925326935946941,0.6772823333740234,0.7810878753662109
1296,-0.4920172393321991,-0.24952249228954315,0.03525099158287048
1297,-0.5463762283325195,-0.33923977613449097,0.009748896583914757
1298,-0.7315211892127991,-0.5833600163459778,-0.17494691908359528
1299,-0.6000754833221436,-0.41632193326950073,-0.07050912827253342
1300,-0.6161730289459229,-0.4380432069301605,-0.07608562707901001
1301,-1.1789106130599976,-1.1512447595596313,-0.38123854994773865
1302,0.01125381886959076,0.5643593072891235,0.7984060049057007
1303,-1.077019453048706,-1.039667010307312,-0.474389910697937
1304,-0.7117916941642761,-0.5671445727348328,-0.20418024063110352
1305,-1.108494520187378,-1.1003665924072266,-0.4620535969734192
1306,0.01927432417869568,0.6408130526542664,0.7764222025871277
1307,-1.068813443183899,-0.9874936938285828,-0.45341208577156067
1308,-0.9995794892311096,-0.9163045287132263,-0.40368109941482544
1309,-1.1233859062194824,-1.1040047407150269,-0.3031337559223175
1310,0.022056253626942635,0.4953150749206543,0.5919223427772522
1311,-1.1109610795974731,-1.084520697593689,-0.49983733892440796
1312,-0.7986828088760376,-0.650342583656311,-0.21138043701648712
1313,-0.600513756275177,-0.23546858131885529,0.029825055971741676
1314,-0.5742840766906738,-0.32790637016296387,-0.052140187472105026
1315,-0.7003938555717468,-0.4905540943145752,-0.17816083133220673
1316,-0.5482961535453796,-0.26352161169052124,-0.012062669731676579
1317,-0.5474295616149902,-0.25177595019340515,-0.023938624188303947
1318,-0.592736005783081,-0.4127976596355438,-0.027566904202103615
1319,-0.5556584596633911,-0.34667471051216125,-0.011790956370532513
1320,-0.5518142580986023,-0.339930921792984,-0.021425684913992882
1321,-0.579673171043396,-0.30312013626098633,-0.036902908235788345
1322,-0.5438628792762756,-0.2510285973548889,-0.010716577060520649
1323,-0.5442527532577515,-0.2382577806711197,-0.016620755195617676
1324,-0.7494401931762695,-0.5522677302360535,-0.20292893052101135
1325,-0.5896092057228088,-0.41017821431159973,-0.05622918903827667
1326,-0.7017713785171509,-0.49505066871643066,-0.17861111462116241
1327,-0.5798025131225586,-0.3097870647907257,-0.03595888614654541
1328,-0.7510448098182678,-0.48018378019332886,-0.19533640146255493
1329,-0.5921486020088196,-0.40553492307662964,-0.028967445716261864
1330,-0.6741307377815247,-0.47451022267341614,-0.11365754157304764
1331,-0.6177884936332703,-0.3793538808822632,-0.07447059452533722
1332,-0.7667829990386963,-0.5582588315010071,-0.2213367521762848
1333,-0.60844486951828,-0.39984211325645447,-0.01553046703338623
1334,-0.7529730200767517,-0.5489224195480347,-0.1956479549407959
1335,-0.8253872990608215,-0.5702627897262573,0.0643095001578331
1336,-0.908474862575531,-0.830796480178833,-0.31298232078552246
1337,-1.109017014503479,-1.000322937965393,-0.3990713953971863
1338,-0.5825042128562927,-0.3829948604106903,-0.031790610402822495
1339,-0.5843995213508606,-0.21052123606204987,-0.03945252299308777
1340,-0.4813682734966278,-0.2846739888191223,0.6929339170455933
1341,-0.5602346658706665,-0.3713092803955078,-0.005167542956769466
1342,-0.5469856858253479,-0.3489042818546295,-0.021060839295387268
1343,-0.7606421709060669,-0.5606913566589355,-0.23396706581115723
1344,-0.5679397583007812,-0.32467910647392273,-0.04049835726618767
1345,-0.5842979550361633,-0.3769107460975647,-0.06599734723567963
1346,-1.142628788948059,-1.090128779411316,-0.4661499857902527
1347,-0.44237157702445984,-0.20188966393470764,0.45491841435432434
1348,-1.1351478099822998,-1.0695993900299072,-0.4952881932258606
1349,-0.7618390917778015,-0.6256332397460938,-0.24343396723270416
1350,-1.1144726276397705,-1.0778652429580688,-0.5051707625389099
1351,-0.4584042727947235,-0.2779689431190491,0.783504843711853
1352,-1.171316385269165,-1.0370831489562988,-0.48013487458229065
1353,-1.027238130569458,-0.8770725727081299,-0.40381547808647156
1354,-1.090406894683838,-1.0263887643814087,-0.33214157819747925
1355,-0.5961874127388,-0.3692185580730438,0.20454342663288116
1356,-1.0987944602966309,-1.059631586074829,-0.47388625144958496
1357,-0.827517569065094,-0.6435627937316895,-0.16691024601459503
1358,-0.867204487323761,-0.7449211478233337,-0.25626081228256226
1359,-0.8712944388389587,-0.7978984117507935,-0.4272439777851105
1360,-0.8172552585601807,-0.6701198220252991,0.28327324986457825
1361,-0.8849318027496338,-0.6980136036872864,-0.2133069783449173
1362,-0.8441222906112671,-0.7700617909431458,-0.2859334647655487
1363,-0.7826336026191711,-0.5638461709022522,0.013933117501437664
1364,-0.8197052478790283,-0.7104776501655579,-0.28048866987228394
1365,-0.8839818835258484,-0.8027383685112,-0.3201873302459717
1366,-0.8545276522636414,-0.7530784010887146,-0.012750141322612762
1367,-0.8274984955787659,-0.6920910477638245,-0.1810106337070465
1368,-0.9064692258834839,-0.7840269207954407,-0.2873469591140747
1369,-0.8588641285896301,-0.7757881879806519,-0.2980745732784271
1370,-0.8991041779518127,-0.7949500679969788,-0.41484972834587097
1371,-0.8396957516670227,-0.7128150463104248,-0.18236896395683289
1372,-0.9063677191734314,-0.7924774289131165,-0.2673760652542114
1373,-0.8521910309791565,-0.76580411195755,-0.3596898317337036
1374,-0.8521712422370911,-0.6759234666824341,-0.1575932651758194
1375,-0.8759074807167053,-0.7567138075828552,-0.36003854870796204
1376,-0.8958684802055359,-0.7851489782333374,-0.2608121931552887
1377,-0.8235505223274231,-0.6551249623298645,-0.1942039281129837
1378,-0.9062833189964294,-0.8077061176300049,-0.3648691177368164
1379,-0.9285449981689453,-0.7298201322555542,-0.2239619493484497
1380,-0.9081493020057678,-0.7991050481796265,-0.3872871398925781
1381,-0.6500242948532104,-0.44182321429252625,-0.12724384665489197
1382,-0.7782642841339111,-0.6588702201843262,-0.22029732167720795
1383,-0.1503838449716568,0.2730320990085602,0.46240702271461487
1384,-0.6018065810203552,-0.42838552594184875,-0.08069084584712982
1385,-0.6208609938621521,-0.4405572712421417,0.051958318799734116
1386,-0.9460994601249695,-0.7569749355316162,-0.24282625317573547
1387,-0.7712540030479431,-0.5686274170875549,-0.23666509985923767
1388,-0.8503870964050293,-0.6432462334632874,-0.22311632335186005
1389,-0.9707164168357849,-0.8886286020278931,-0.4275931715965271
1390,-0.2053196132183075,0.26139113306999207,0.6093558669090271
1391,-0.9329131245613098,-0.7763402462005615,-0.438102126121521
1392,-0.9139882326126099,-0.7166078686714172,-0.2786121964454651
1393,-0.9335104823112488,-0.756411612033844,-0.37398409843444824
1394,-0.27471697330474854,0.24038414657115936,0.3214563727378845
1395,-0.900661051273346,-0.7593164443969727,-0.22841212153434753
1396,-0.9174849390983582,-0.753303050994873,-0.30699649453163147
1397,-0.910530686378479,-0.8105086088180542,-0.4169527590274811
1398,-0.43518099188804626,-0.05780521407723427,0.18700841069221497
1399,-0.9503326416015625,-0.8818336725234985,-0.4918733537197113
1400,-0.8798836469650269,-0.6403811573982239,-0.22135679423809052
1401,-1.5752480030059814,-0.6413714289665222,-0.0975208580493927
1402,-0.7510626316070557,-0.584623396396637,-0.1352056860923767
1403,-0.8387201428413391,-0.6106425523757935,-0.2010621875524521
1404,-0.8541536927223206,-0.6240255236625671,-0.21974284946918488
1405,-1.0591827630996704,-0.7222810387611389,-0.2405458688735962
1406,-1.0048211812973022,-0.6420801877975464,-0.27033278346061707
1407,-1.0392202138900757,-0.8073216080665588,-0.29065895080566406
1408,-1.0912386178970337,-0.9476101994514465,-0.1608155518770218
1409,-0.6016361713409424,-0.33800265192985535,0.1471780240535736
1410,-0.7750587463378906,-0.5204301476478577,-0.14776770770549774
1411,-0.12421544641256332,0.21606744825839996,0.8699180483818054
1412,-0.5290079712867737,-0.18680958449840546,0.023409217596054077
1413,-0.538847804069519,-0.17092569172382355,-0.00918121449649334
1414,-0.5887711048126221,-0.4019394814968109,0.07852784544229507
1415,-0.726932168006897,-0.4806177020072937,-0.17763254046440125
1416,-0.17705990374088287,0.2601783573627472,0.9351480603218079
1417,-1.0809270143508911,-1.033225655555725,-0.4882933497428894
1418,-0.764383852481842,-0.6009984016418457,-0.2498367577791214
1419,-1.0910351276397705,-1.0467296838760376,-0.5033549070358276
1420,-0.1651856005191803,0.17034375667572021,0.7759806513786316
1421,-1.011222243309021,-0.898324728012085,-0.4321821928024292
1422,-1.0467442274093628,-0.8782657384872437,-0.36771360039711
1423,-0.28190237283706665,-0.10138452053070068,0.30788812041282654
1424,-1.0633262395858765,-1.0087426900863647,-0.48900046944618225
1425,-1.1170520782470703,-0.8125594258308411,-0.06711824238300323
1426,-0.9517070055007935,-0.8178379535675049,-0.29122576117515564
1427,-0.9516593813896179,-0.78263920545578,-0.32226064801216125
1428,-0.8668919205665588,-0.7407698035240173,-0.25286900997161865
1429,-0.9591307640075684,-0.8582831621170044,-0.3183141052722931
1430,-0.9637339115142822,-0.8487592339515686,-0.3057524859905243
1431,-0.9503515362739563,-0.8579407930374146,-0.3063303530216217
1432,-0.9302849769592285,-0.7743549942970276,-0.28994545340538025
1433,-0.9336570501327515,-0.7605168223381042,-0.3156125545501709
1434,-1.1173486709594727,-0.6999918818473816,-0.281141996383667
1435,-0.8689569234848022,-0.7599357962608337,-0.2581478953361511
1436,-1.0035663843154907,-0.7720852494239807,-0.09031718224287033
1437,-0.9582260847091675,-0.8238959312438965,-0.3040294051170349
1438,-1.0444108247756958,-0.7465628385543823,0.002590399933978915
1439,-0.9495232701301575,-0.845303475856781,-0.2832237780094147
1440,-1.1120669841766357,-0.8537861704826355,-0.3174488842487335
1441,-0.9419583678245544,-0.8036661744117737,-0.307242214679718
1442,-0.9832180142402649,-0.9406388998031616,-0.3124438524246216
1443,-1.0343197584152222,-0.7110820412635803,0.17138263583183289
1444,-1.204002022743225,-0.9691393971443176,-0.20018361508846283
1445,-0.5991078615188599,-0.4016086459159851,-0.08201621472835541
1446,-0.7426179647445679,-0.5113392472267151,-0.21560370922088623
1447,-0.4245203137397766,-0.24657422304153442,0.8504360318183899
1448,-0.5635805130004883,-0.3485259711742401,-0.03038904257118702
1449,-0.5513152480125427,-0.30614304542541504,-0.03202177956700325
1450,-0.7932109236717224,-0.6570969223976135,-0.25617656111717224
1451,-0.5958585739135742,-0.4353642463684082,-0.0927644595503807
1452,-0.7299594283103943,-0.5576607584953308,-0.18967635929584503
1453,-1.1102062463760376,-1.073236346244812,-0.49287793040275574
1454,-0.4199565649032593,-0.13074961304664612,0.5356360077857971
1455,-1.2502385377883911,-1.067383885383606,-0.4796009957790375
1456,-0.7667181491851807,-0.6110121607780457,-0.24340270459651947
1457,-1.1293445825576782,-1.0534508228302002,-0.4541090726852417
1458,-0.4748033583164215,-0.25390344858169556,0.8270807266235352
1459,-1.2449129819869995,-1.0306330919265747,-0.46939533948898315
1460,-1.1350377798080444,-0.9688946604728699,-0.42308709025382996
1461,-1.0773673057556152,-1.0369375944137573,-0.4899239242076874
1462,-0.6212132573127747,-0.42901110649108887,-0.006449826993048191
1463,-1.1111027002334595,-1.053260326385498,-0.44704997539520264
1464,-1.0639674663543701,-0.9718043804168701,-0.4029996395111084
1465,-1.1957401037216187,-0.9715820550918579,-0.17001594603061676
1466,-1.0697418451309204,-1.0089071989059448,-0.40014705061912537
1467,-1.063774824142456,-1.0007069110870361,-0.40150246024131775
1468,-1.056396484375,-0.9792450666427612,-0.3864700496196747
1469,-1.2615966796875,-1.0188329219818115,-0.21002529561519623
1470,-1.133795142173767,-0.9721485376358032,-0.3308545649051666
1471,-1.1616309881210327,-1.0044304132461548,-0.37351229786872864
1472,-1.0543123483657837,-0.9492002129554749,-0.4436260461807251
1473,-1.0582727193832397,-1.028708815574646,-0.41047385334968567
1474,-1.1382678747177124,-1.0381555557250977,-0.4710121154785156
1475,-1.209954023361206,-0.9763622879981995,-0.1366872638463974
1476,-1.0587860345840454,-0.9947367906570435,-0.45574596524238586
1477,-1.0677754878997803,-0.9541662931442261,-0.3934119939804077
1478,-1.0887038707733154,-1.0194960832595825,-0.3345823287963867
1479,-1.2585184574127197,-1.0719369649887085,-0.4710121154785156
1480,-1.050087571144104,-0.9383336901664734,-0.4872477352619171
1481,-1.0735992193222046,-1.0407021045684814,-0.44074976444244385
1482,-1.0575480461120605,-0.9832001328468323,-0.4792640209197998
1483,-0.6280075311660767,-0.3979952037334442,-0.04582681134343147
1484,-0.7514432668685913,-0.5580838322639465,-0.2082817703485489
1485,-0.4775094985961914,-0.3278610110282898,0.7680901288986206
1486,-0.5583353042602539,-0.24570302665233612,-0.019234180450439453
1487,-0.5503171682357788,-0.25163090229034424,-0.030201483517885208
1488,-0.7923924922943115,-0.6890244483947754,-0.26699045300483704
1489,-0.6915292739868164,-0.4988347887992859,-0.09435633569955826
1490,-0.7475138306617737,-0.5924814343452454,-0.1773451864719391
1491,-1.0483570098876953,-1.0017696619033813,-0.49974822998046875
1492,-0.39211148023605347,-0.08834760636091232,0.7093484401702881
1493,-1.144953966140747,-1.0679700374603271,-0.5037238597869873
1494,-0.7777276039123535,-0.6232944130897522,-0.2692742645740509
1495,-1.0571707487106323,-1.029350996017456,-0.4976527690887451
1496,-0.49730929732322693,-0.24023117125034332,0.6630411744117737
1497,-1.1568857431411743,-1.010419487953186,-0.47918644547462463
1498,-1.2582902908325195,-0.9735122919082642,-0.48094213008880615
1499,-1.0378141403198242,-0.9651922583580017,-0.43355315923690796
1500,-0.6340886354446411,-0.4407794177532196,0.11894377321004868
1501,-1.0421627759933472,-1.007759690284729,-0.4976527690887451
1502,-0.601635217666626,-0.41240960359573364,-0.05440019816160202
1503,-0.5887627005577087,-0.3521117568016052,0.3167561888694763
1504,-0.5709032416343689,-0.3377060294151306,-0.06795822083950043
1505,-0.5786333680152893,-0.3277122676372528,-0.02761100046336651
1506,-0.6504976749420166,-0.5249107480049133,-0.09429916739463806
1507,-0.57695072889328,-0.3521750569343567,-0.043501775711774826
1508,-0.5873745679855347,-0.39715105295181274,-0.04526498541235924
1509,-0.6461751461029053,-0.47930842638015747,-0.19362284243106842
1510,-0.5821861624717712,-0.38451942801475525,0.33650046586990356
1511,-0.6164175868034363,-0.4392712414264679,0.039759114384651184
1512,-0.6106315851211548,-0.4030761420726776,-0.0816749706864357
1513,-0.632339596748352,-0.4784187972545624,-0.06973624974489212
1514,-0.6096394658088684,-0.37532156705856323,0.4768403172492981
1515,-0.6035221815109253,-0.38328421115875244,-0.11400056630373001
1516,-0.6584481000900269,-0.4522480368614197,0.28508269786834717
1517,-0.6097260117530823,-0.4098789691925049,-0.00716200890019536
1518,-0.6565965414047241,-0.4548969268798828,-0.04771734029054642
1519,-0.6112073659896851,-0.2916930317878723,-0.03297143802046776
1520,-0.1815565973520279,0.1535884141921997,0.7224385738372803
1521,-0.5195096135139465,-0.27333202958106995,0.003992865327745676
1522,-0.5341951847076416,-0.2650022506713867,-0.001112949918024242
1523,-0.8019013404846191,-0.6641076803207397,-0.25142472982406616
1524,-0.5682748556137085,-0.33770304918289185,-0.03932885825634003
1525,-0.24031727015972137,0.3024807274341583,0.7771510481834412
1526,-1.0777933597564697,-1.0013419389724731,-0.449521541595459
1527,-1.100773811340332,-1.0593417882919312,-0.4939674437046051
1528,-0.23867876827716827,0.01531620230525732,0.6928887963294983
1529,-1.0854474306106567,-1.037229299545288,-0.39750099182128906
1530,-1.0268006324768066,-0.9171783924102783,-0.39927059412002563
1531,-0.21121522784233093,0.06514354795217514,0.29068896174430847
1532,-1.0974211692810059,-0.9976949095726013,-0.41719183325767517
1533,-0.6480695009231567,-0.43986424803733826,-0.06013642996549606
1534,-0.5791594386100769,-0.30784934759140015,-0.030327510088682175
1535,-0.5657194256782532,-0.26223433017730713,-0.026843983680009842
1536,-0.7420561909675598,-0.4193952679634094,-0.15391625463962555
1537,-0.565440833568573,-0.2948574423789978,-0.02492780052125454
1538,-0.646970808506012,-0.30073270201683044,-0.0711701512336731
1539,-0.7720692753791809,-0.6051677465438843,-0.23359215259552002
1540,-0.6490441560745239,-0.41233062744140625,-0.054332662373781204
1541,-0.7523024082183838,-0.5747590065002441,-0.21725521981716156
1542,-0.7197674512863159,-0.4793880581855774,-0.1667216271162033
1543,-0.7735600471496582,-0.5711461305618286,-0.2165258824825287
1544,-0.7356563806533813,-0.5374808311462402,-0.20802778005599976
1545,-0.7386106848716736,-0.49052169919013977,-0.19742082059383392
1546,-0.7874568104743958,-0.6574680805206299,-0.2368105947971344
1547,-0.6529261469841003,-0.39384862780570984,-0.01476357039064169
1548,-0.7775988578796387,-0.6105688810348511,-0.22999483346939087
1549,-0.4880400598049164,-0.3744211196899414,0.8070128560066223
1550,-0.5726619362831116,-0.4042894244194031,-0.030124442651867867
1551,-0.5562345385551453,-0.3598893880844116,-0.023542001843452454
1552,-0.7548878788948059,-0.5601441264152527,-0.20746228098869324
1553,-0.57871413230896,-0.3775569200515747,-0.06274477392435074
1554,-0.6462677121162415,-0.41978585720062256,-0.1400553435087204
1555,-1.1385791301727295,-1.096484899520874,-0.4326775074005127
1556,-0.5687049627304077,-0.34319934248924255,0.5862295627593994
1557,-1.2333134412765503,-1.0482662916183472,-0.4820929765701294
1558,-0.7573534250259399,-0.5965888500213623,-0.23618322610855103
1559,-1.1023008823394775,-1.0682766437530518,-0.4994928240776062
1560,-0.6134403347969055,-0.46110278367996216,0.7987657785415649
1561,-1.213158369064331,-1.0392510890960693,-0.4806705117225647
1562,-1.0408955812454224,-0.8485190868377686,-0.3999999761581421
1563,-1.0944069623947144,-1.0150766372680664,-0.406343936920166
1564,-0.7153902649879456,-0.49593621492385864,0.09072741121053696
1565,-1.1029517650604248,-1.0867042541503906,-0.47586899995803833
1566,-0.11309836804866791,0.2776971757411957,0.7090212106704712
1567,-0.2785175144672394,-0.0880768895149231,0.5883532762527466
1568,-0.5240756273269653,-0.42418378591537476,0.6873182058334351
1569,-0.3334537148475647,-0.061102449893951416,0.6644703149795532
1570,-0.4149242341518402,-0.22863568365573883,0.6938993334770203
1571,-0.2648758590221405,0.26494354009628296,0.40507346391677856
1572,0.01125381886959076,0.5546765923500061,0.7772977948188782
1573,-0.6304093599319458,-0.4470950961112976,0.577447235584259
1574,-0.39744967222213745,-0.18285420536994934,0.8102864027023315
1575,-0.3126741051673889,-0.03205016255378723,0.23015262186527252
1576,0.007925326935946941,0.624104917049408,0.8242433071136475
1577,-0.39588966965675354,-0.14574606716632843,0.7182849049568176
1578,-0.6961989998817444,-0.544746458530426,0.328190416097641
1579,-0.22316280007362366,0.18301036953926086,0.45402857661247253
1580,0.016930267214775085,0.47784051299095154,0.6783720850944519
1581,-0.3764079809188843,-0.10763727873563766,0.2127077728509903
1582,-0.44940048456192017,-0.24719038605690002,0.001920113107189536
1583,-0.539542555809021,-0.3062431216239929,0.021184146404266357
1584,-0.5868660807609558,-0.4091627895832062,-0.05966801196336746
1585,-0.607110857963562,-0.4519960880279541,-0.08013051748275757
1586,-1.1685054302215576,-1.160648226737976,-0.4617636501789093
1587,0.023370608687400818,0.604297935962677,0.8015542030334473
1588,-1.078682780265808,-1.038126826286316,-0.45926952362060547
1589,-0.6442527174949646,-0.44604676961898804,-0.11267852038145065
1590,-1.129491925239563,-1.0200294256210327,-0.4355953335762024
1591,0.01125381886959076,0.6995564103126526,0.8344823122024536
1592,-1.0719670057296753,-0.9492051601409912,-0.4485182762145996
1593,-0.9263446927070618,-0.7898918390274048,-0.3592101037502289
1594,-1.1286423206329346,-1.108178973197937,-0.39298391342163086
1595,0.01476890780031681,0.41919174790382385,0.5926026701927185
1596,-1.1097239255905151,-0.9698972105979919,-0.5049591064453125
1597,-0.5045252442359924,-0.2940593361854553,-0.020258044824004173
1598,-0.596329391002655,-0.41758298873901367,-0.04036179929971695
1599,-0.543104350566864,-0.3143577575683594,-0.008394977077841759
1600,-0.5608656406402588,-0.36933770775794983,-0.018412774428725243
1601,-0.5926102995872498,-0.4247768819332123,-0.09240977466106415
1602,-0.4437551498413086,-0.21208752691745758,0.038586024194955826
1603,-0.577305018901825,-0.3315400183200836,-0.024601956829428673
1604,-0.5529366731643677,-0.3512309193611145,-0.029269903898239136
1605,-0.5889121890068054,-0.3495059311389923,-0.032724492251873016
1606,-0.5195571184158325,-0.3061334490776062,0.03381980210542679
1607,-0.5509759783744812,-0.24346496164798737,-0.02361302264034748
1608,-0.6170404553413391,-0.4245555102825165,-0.039377450942993164
1609,-0.5852220058441162,-0.420225590467453,-0.07237997651100159
1610,-0.49600863456726074,-0.20828871428966522,0.05221007391810417
1611,-0.58115553855896,-0.3797454237937927,-0.03562147170305252
1612,-0.5282943248748779,-0.2792262136936188,-0.010296421125531197
1613,-0.7794452905654907,-0.6441642045974731,-0.2089187055826187
1614,-0.5698829293251038,-0.3531016409397125,-0.040464166551828384
1615,-0.5886132717132568,-0.4159572720527649,-0.08327116817235947
1616,-1.1733423471450806,-1.1183116436004639,-0.49547940492630005
1617,-0.0861404538154602,0.37341028451919556,0.640375018119812
1618,-1.099827766418457,-1.028621792793274,-0.44964635372161865
1619,-0.7729973793029785,-0.640529990196228,-0.22626492381095886
1620,-1.1235567331314087,-1.0685211420059204,-0.4932820796966553
1621,-0.11833749711513519,0.17692969739437103,0.703579306602478
1622,-1.0691779851913452,-1.0110043287277222,-0.39674508571624756
1623,-1.029771089553833,-0.9405121803283691,-0.40581387281417847
1624,-1.0908644199371338,-0.9384181499481201,-0.16214878857135773
1625,-0.14877010881900787,0.18933646380901337,0.3799618184566498
1626,-1.098894715309143,-1.0456018447875977,-0.48370563983917236
1627,-0.5678976774215698,-0.3106510639190674,-0.02805274724960327
1628,-0.5476657748222351,-0.2806242108345032,-0.01636822707951069
1629,-0.5450236797332764,-0.2944784164428711,-0.021403493359684944
1630,-0.6171354651451111,-0.38493409752845764,-0.03341620787978172
1631,-0.5360121130943298,-0.2714599370956421,-0.005259627941995859
1632,-0.5626797676086426,-0.2579348087310791,-0.030175551772117615
1633,-0.5508520603179932,-0.2689097225666046,-0.02501492202281952
1634,-0.5770081281661987,-0.3362024426460266,-0.03973223268985748
1635,-0.5510807633399963,-0.35608965158462524,-0.02923031710088253
1636,-0.5545048117637634,-0.21667464077472687,-0.009406090714037418
1637,-0.5890906453132629,-0.37327390909194946,-0.025873875245451927
1638,-0.6183727979660034,-0.4272662103176117,-0.09851358830928802
1639,-0.5475589036941528,-0.3143473267555237,-0.017791317775845528
1640,-0.5818559527397156,-0.34143438935279846,-0.04026801884174347
1641,-0.7650604248046875,-0.5638211965560913,-0.2188177853822708
1642,-0.5669156908988953,-0.336261510848999,-0.04025879129767418
1643,-0.5825219750404358,-0.3689517378807068,-0.05970810726284981
1644,-1.1558009386062622,-1.1321310997009277,-0.4708182215690613
1645,-0.3133333921432495,0.1685250699520111,0.5177795886993408
1646,-1.1026194095611572,-1.0524870157241821,-0.44785305857658386
1647,-0.7692636847496033,-0.5988158583641052,-0.2246832400560379
1648,-1.1096036434173584,-1.0606168508529663,-0.4765016734600067
1649,-0.2511509954929352,0.015673883259296417,0.872279703617096
1650,-1.0659767389297485,-1.013802409172058,-0.4020996689796448
1651,-1.0200974941253662,-0.8723491430282593,-0.40464678406715393
1652,-1.0888487100601196,-0.9948967099189758,-0.3200985789299011
1653,-0.3331177532672882,0.05379153788089752,0.3624882698059082
1654,-1.0987824201583862,-1.0424156188964844,-0.4716082811355591
1655,-0.7603821158409119,-0.5884847640991211,-0.23062273859977722
1656,-0.749775230884552,-0.58431077003479,-0.22312095761299133
1657,-0.9151433110237122,-0.8045573234558105,-0.30308857560157776
1658,-0.6917747855186462,-0.49114692211151123,-0.1371454894542694
1659,-0.8597181439399719,-0.713107168674469,-0.2575049102306366
1660,-0.7572111487388611,-0.5824884176254272,-0.24082405865192413
1661,-0.8519563674926758,-0.7870463728904724,-0.2736052870750427
1662,-0.8270738124847412,-0.6362132430076599,-0.2650216817855835
1663,-0.8012822270393372,-0.6247901916503906,-0.25361114740371704
1664,-0.9320366382598877,-0.7410342693328857,-0.21368396282196045
1665,-0.7438204288482666,-0.6040924787521362,-0.18776506185531616
1666,-0.8677507042884827,-0.7725296020507812,-0.2690308690071106
1667,-0.5949939489364624,-0.424419105052948,-0.0676359087228775
1668,-0.7262141108512878,-0.5060555934906006,-0.1909002661705017
1669,-1.109371542930603,-1.097214937210083,-0.5026721954345703
1670,-0.5890508890151978,-0.3664020895957947,0.5247448682785034
1671,-1.1701366901397705,-1.0775622129440308,-0.48483291268348694
1672,-0.7680762410163879,-0.5912238359451294,-0.24420399963855743
1673,-1.1004624366760254,-1.0702461004257202,-0.4823831021785736
1674,-0.5335737466812134,-0.40906715393066406,0.8670708537101746
1675,-1.2112047672271729,-1.0783685445785522,-0.5049731731414795
1676,-1.0627766847610474,-0.9659438133239746,-0.40038639307022095
1677,-1.0860857963562012,-1.0029544830322266,-0.4117240607738495
1678,-0.7928900122642517,-0.5958030223846436,0.1636219173669815
1679,-1.0914448499679565,-1.0456409454345703,-0.4823831021785736
1680,-0.574345588684082,-0.3372691571712494,-0.04411369562149048
1681,-0.7567735314369202,-0.6125816106796265,-0.2125249058008194
1682,-0.5968749523162842,-0.41309618949890137,-0.06926016509532928
1683,-0.7115774154663086,-0.5217388868331909,-0.10724901407957077
1684,-0.6092162132263184,-0.40430277585983276,-0.020389216020703316
1685,-0.7441607117652893,-0.5654451251029968,-0.20373453199863434
1686,-0.5956680774688721,-0.4122641682624817,-0.07280348241329193
1687,-0.7029091715812683,-0.5075810551643372,-0.12620937824249268
1688,-0.6379292607307434,-0.4839772880077362,-0.09202200174331665
1689,-0.7680917978286743,-0.5829018950462341,-0.23355941474437714
1690,-0.5766608715057373,-0.3886498212814331,-0.006604844704270363
1691,-0.7708994150161743,-0.6184609532356262,-0.23502911627292633
1692,-0.6072012186050415,-0.4025755226612091,-0.07621248811483383
1693,-1.1624393463134766,-1.1159253120422363,-0.4865477681159973
1694,-0.2829533517360687,0.12358615547418594,0.4915958642959595
1695,-1.1549454927444458,-1.0844995975494385,-0.444253534078598
1696,-0.7612465023994446,-0.6087461113929749,-0.2369004487991333
1697,-1.1265071630477905,-1.0784467458724976,-0.4880276322364807
1698,-0.29554975032806396,0.02150314673781395,0.8099887371063232
1699,-1.1261919736862183,-0.985357940196991,-0.40847086906433105
1700,-1.0214992761611938,-0.8479142189025879,-0.3922079801559448
1701,-1.0836100578308105,-1.0613915920257568,-0.4226604104042053
1702,-0.35091879963874817,-0.07796739786863327,0.21210213005542755
1703,-1.10624098777771,-1.0235837697982788,-0.41609176993370056
1704,-0.755573570728302,-0.6131953597068787,-0.2403789907693863
1705,-0.6168054938316345,-0.44009503722190857,-0.07629873603582382
1706,-0.754103422164917,-0.6046202778816223,-0.22808410227298737
1707,-0.7213008403778076,-0.5237810611724854,-0.17259739339351654
1708,-0.7577041983604431,-0.5926356911659241,-0.22943156957626343
1709,-0.6129632592201233,-0.39990249276161194,-0.0647207647562027
1710,-0.747024416923523,-0.5609647631645203,-0.22080926597118378
1711,-0.7331571578979492,-0.5342870950698853,-0.21591559052467346
1712,-0.7698359489440918,-0.6262871026992798,-0.21924026310443878
1713,-0.6127074956893921,-0.43519046902656555,-0.050026584416627884
1714,-0.7733902335166931,-0.641620934009552,-0.23958727717399597
1715,-1.1355195045471191,-1.0945508480072021,-0.45244100689888
1716,-0.4018773138523102,-0.039937373250722885,0.6625764966011047
1717,-1.124424695968628,-1.0583128929138184,-0.48645928502082825
1718,-0.7523819804191589,-0.5911683440208435,-0.23912039399147034
1719,-1.1063288450241089,-1.0725761651992798,-0.4991036057472229
1720,-0.3957369923591614,-0.1482076197862625,0.9883137345314026
1721,-1.1519958972930908,-1.0589815378189087,-0.48471328616142273
1722,-1.0042285919189453,-0.8166279792785645,-0.39342671632766724
1723,-1.0805414915084839,-0.9393149018287659,-0.12531082332134247
1724,-0.604931116104126,-0.402893990278244,0.16185101866722107
1725,-1.0957735776901245,-1.0528910160064697,-0.4812617897987366
1726,-1.1713365316390991,-1.1541492938995361,-0.3716239929199219
1727,-1.0489234924316406,-1.0237581729888916,-0.4977104365825653
1728,-1.099833607673645,-1.0729265213012695,-0.47207191586494446
1729,-1.0543789863586426,-1.0171345472335815,-0.5049188733100891
1730,-1.1591423749923706,-1.1434199810028076,-0.46587836742401123
1731,-1.0562800168991089,-0.9905017018318176,-0.481948584318161
1732,-1.088344693183899,-1.0555351972579956,-0.4977104365825653
1733,-1.0396342277526855,-0.9839330315589905,-0.48097196221351624
1734,-1.1749370098114014,-1.1592618227005005,-0.45359736680984497
1735,-1.0356210470199585,-0.9946542978286743,-0.504787266254425
1736,-0.29271918535232544,0.3434426784515381,0.4244614541530609
1737,-1.042134165763855,-0.9733537435531616,-0.485558420419693
1738,-0.8992974162101746,-0.7574305534362793,-0.31438732147216797
1739,-1.0437268018722534,-0.9930631518363953,-0.481948584318161
1740,-0.37157315015792847,0.16416582465171814,0.28992098569869995
1741,-1.0514302253723145,-0.9659051299095154,-0.49974822998046875
1742,-1.109487533569336,-0.9001557230949402,-0.44520869851112366
1743,-1.0428186655044556,-0.9848495125770569,-0.43337732553482056
1744,-0.41998055577278137,-0.14848670363426208,0.11990154534578323
1745,-1.037800908088684,-0.97735196352005,-0.4975622594356537
1746,-0.5619689226150513,-0.3464728891849518,0.3408666253089905
1747,-0.3540254235267639,-0.0580369308590889,0.6717550754547119
1748,-0.32791653275489807,0.18354175984859467,0.3327776789665222
1749,0.01125381886959076,0.5021191239356995,0.8034778237342834
1750,-0.30150267481803894,-0.0028112034779042006,0.6011415123939514
1751,-0.6629042625427246,-0.40559378266334534,0.49996426701545715
1752,-0.29958879947662354,0.28568315505981445,0.4838738739490509
1753,0.007925326935946941,0.5959006547927856,0.7121681571006775
1754,-0.2950555980205536,0.06380203366279602,0.2439759373664856
1755,-1.086107611656189,-1.046126365661621,-0.40374431014060974
1756,-0.6527736783027649,-0.4632735848426819,-0.18452730774879456
1757,-1.117541790008545,-0.9951675534248352,-0.4887654185295105
1758,0.01927432417869568,0.5419579148292542,0.7682628035545349
1759,-1.070875644683838,-1.012192964553833,-0.45892757177352905
1760,-0.9303411841392517,-0.7681657075881958,-0.34718188643455505
1761,-1.1283719539642334,-1.1147832870483398,-0.29226550459861755
1762,0.005091737024486065,0.5501236915588379,0.601643979549408
1763,-1.103331208229065,-1.0236883163452148,-0.4983997344970703
1764,-1.1567648649215698,-1.074824333190918,-0.49269622564315796
1765,-1.0572071075439453,-1.0201327800750732,-0.485558420419693
1766,-1.0752105712890625,-1.0329432487487793,-0.44985461235046387
1767,-1.1030819416046143,-1.0425578355789185,-0.4988500475883484
1768,-1.1801140308380127,-1.0646191835403442,-0.4815814793109894
1769,-1.0492461919784546,-0.9437482357025146,-0.49660825729370117
1770,-1.07156503200531,-1.0508298873901367,-0.404196560382843
1771,-1.054610252380371,-1.038517951965332,-0.4966987669467926
1772,-0.8218783140182495,-0.6521211862564087,-0.2487974911928177
1773,-1.0578582286834717,-1.039202094078064,-0.482015997171402
1774,-0.6166540384292603,-0.40024805068969727,0.30705609917640686
1775,-1.112248182296753,-1.0334374904632568,-0.5049731731414795
1776,-1.1918540000915527,-0.9463131427764893,-0.4804188311100006
1777,-1.0363876819610596,-0.984060525894165,-0.434507817029953
1778,-0.7046990990638733,-0.4620743989944458,0.08740218728780746
1779,-1.0467500686645508,-1.0218459367752075,-0.48205116391181946
1780,-0.8582894206047058,-0.7553324103355408,-0.2864195704460144
1781,-0.70814049243927,-0.5586366653442383,-0.12874887883663177
1782,-0.7847177386283875,-0.6040845513343811,-0.25877225399017334
1783,-0.7799122929573059,-0.5976158976554871,-0.24773626029491425
1784,-0.8954474329948425,-0.7215269804000854,-0.29902204871177673
1785,-0.701285719871521,-0.5797594785690308,-0.1601405292749405
1786,-0.871869683265686,-0.7706917524337769,-0.25158190727233887
1787,-1.0910884141921997,-1.0575146675109863,-0.4996790885925293
1788,-0.3940216302871704,-0.21165063977241516,0.9778011441230774
1789,-1.2017704248428345,-1.0554243326187134,-0.48605749011039734
1790,-0.9624756574630737,-0.8715304136276245,-0.42570728063583374
1791,-1.0883845090866089,-1.0087487697601318,-0.4288785457611084
1792,-0.5915220975875854,-0.403296560049057,0.04557642340660095
1793,-1.092961072921753,-1.0177406072616577,-0.49525415897369385
1794,-1.1070576906204224,-1.0225461721420288,-0.4419745206832886
1795,-1.048964023590088,-1.0070818662643433,-0.4974059760570526
1796,-1.0815106630325317,-1.0240968465805054,-0.485558420419693
1797,-1.0405869483947754,-1.0036181211471558,-0.4977102279663086
1798,-1.109150767326355,-1.105074167251587,-0.4889611601829529
1799,-1.048278570175171,-0.9989952445030212,-0.4815814793109894
1800,-0.3715675175189972,-0.03796697035431862,0.2178424894809723
1801,-1.0641738176345825,-1.0067331790924072,-0.504787266254425
1802,-1.0993075370788574,-0.8990433812141418,-0.48122045397758484
1803,-1.0383491516113281,-1.0160367488861084,-0.43434086441993713
1804,-0.4881182014942169,-0.2245684713125229,0.029054567217826843
1805,-1.046080470085144,-1.005662202835083,-0.4815814793109894
1806,-0.4653642177581787,-0.18313588201999664,0.339326411485672
1807,-0.6389840841293335,-0.3641170263290405,0.8564223051071167
1808,-0.3680473864078522,0.16942718625068665,0.31699302792549133
1809,0.004694176372140646,0.44571566581726074,0.6926634311676025
1810,-0.4010562598705292,-0.07380347698926926,0.16931943595409393
1811,-1.0666297674179077,-0.9551746249198914,-0.35715252161026
1812,-0.9974928498268127,-0.8505340218544006,-0.3972051441669464
1813,-1.1234228610992432,-1.0864335298538208,-0.3459835350513458
1814,0.010010793805122375,0.48391082882881165,0.6159206628799438
1815,-1.1021698713302612,-1.0450382232666016,-0.48198947310447693
1816,-1.2255566120147705,-1.0202029943466187,-0.485558420419693
1817,-1.0329785346984863,-0.9426809549331665,-0.4794560968875885
1818,-1.0733261108398438,-0.9951936602592468,-0.4584938883781433
1819,-1.0366766452789307,-0.9386948347091675,-0.4815814793109894
1820,-1.212497353553772,-0.9916548728942871,-0.4456823766231537
1821,-1.0474720001220703,-0.9688424468040466,-0.42778968811035156
1822,-0.5065057873725891,-0.3269508183002472,0.055325448513031006
1823,-1.0412384271621704,-0.9968025088310242,-0.497134268283844
1824,-1.0563939809799194,-0.9029083847999573,-0.46764931082725525
1825,-1.0339304208755493,-0.9828304648399353,-0.43456658720970154
1826,-1.1054067611694336,-0.9007360339164734,-0.45987290143966675
1827,-1.0803725719451904,-0.9671543836593628,-0.43399491906166077
1828,-0.7579441666603088,-0.6025374531745911,0.019292602315545082
1829,-1.078507900238037,-1.0231574773788452,-0.4823831021785736
1830,-1.09626305103302,-0.9321695566177368,-0.2788882851600647
1831,-1.0374568700790405,-0.9833953976631165,-0.5025776028633118
1832,-0.399254709482193,-0.13511738181114197,0.15644614398479462
1833,-1.03634512424469,-0.9704866409301758,-0.4820772409439087
1834,-0.4953846037387848,-0.31266042590141296,0.035700246691703796
1835,-1.092777967453003,-1.0684239864349365,-0.48370885848999023
