,q05,q50,q95
0,-0.21120665967464447,0.32456323504447937,0.5620601773262024
1,-0.08081983774900436,0.3830982744693756,0.45409658551216125
2,-0.27295878529548645,0.20440222322940826,0.48226529359817505
3,0.0062970807775855064,0.5828567743301392,0.9824697375297546
4,0.01200544647872448,0.7527708411216736,0.839230477809906
5,-0.5621148347854614,-0.25828972458839417,0.24583545327186584
6,-1.4205617904663086,-0.897226095199585,-0.18789300322532654
7,-0.42172515392303467,-0.06695877015590668,0.34188443422317505
8,-0.6415731906890869,-0.35331296920776367,0.09717990458011627
9,0.007067963946610689,0.6000008583068848,0.6436015963554382
10,-1.0470396280288696,-1.0124237537384033,-0.45263808965682983
11,0.01962561160326004,0.6462298035621643,0.7713660001754761
12,-0.5504934191703796,-0.2951473891735077,-0.00532293226569891
13,-0.9109951853752136,-0.788870632648468,-0.3328273594379425
14,-0.9374963045120239,-0.7686314582824707,-0.26113370060920715
15,-1.0969051122665405,-1.0057331323623657,-0.40842676162719727
16,-0.6784995794296265,-0.3140593469142914,-0.06992793828248978
17,0.0062970807775855064,0.6092175245285034,0.900753378868103
18,-0.5116832852363586,-0.2599492073059082,-0.020396744832396507
19,-0.5248140096664429,-0.28043100237846375,-0.01599445939064026
20,-0.8068152070045471,-0.5821043848991394,-0.23272156715393066
21,-0.5686026215553284,-0.3409896492958069,-0.0096583915874362
22,-0.6736672520637512,-0.42325475811958313,-0.0707540363073349
23,-1.0237948894500732,-0.9753416776657104,-0.4171934425830841
24,0.023324936628341675,0.6787765026092529,0.8426793217658997
25,-1.0938091278076172,-1.0039176940917969,-0.4517999291419983
26,-0.7647646069526672,-0.5866913795471191,-0.23204636573791504
27,-1.0362341403961182,-1.001283884048462,-0.4536028504371643
28,0.01962561160326004,0.6264297366142273,0.787125289440155
29,-1.046276330947876,-0.993681788444519,-0.3993509113788605
30,-1.137738585472107,-0.9738351702690125,-0.4579888880252838
31,-1.024314045906067,-0.980320155620575,-0.39988183975219727
32,-0.008058147504925728,0.5194970965385437,0.5891367793083191
33,-1.0341168642044067,-0.9922446012496948,-0.4742187261581421
34,-0.10954457521438599,0.28484293818473816,0.43716830015182495
35,-0.21353912353515625,0.286077082157135,0.43648794293403625
36,0.010822625830769539,0.509088933467865,0.7449142932891846
37,0.018791891634464264,0.6569272875785828,0.749921977519989
38,-0.5380734205245972,-0.27173495292663574,0.3212549388408661
39,-0.2641488313674927,0.1568237692117691,0.40194180607795715
40,-0.5474764108657837,-0.2890194356441498,0.01649574749171734
41,0.009279378689825535,0.5525282621383667,0.7166013121604919
42,-0.8291130661964417,-0.7247860431671143,-0.2577188313007355
43,0.005756109952926636,0.6486918926239014,0.699661135673523
44,0.010242256335914135,0.6270847916603088,0.7394354343414307
45,-0.5936316847801208,-0.42331817746162415,0.04240066558122635
46,-0.8230036497116089,-0.6040713787078857,-0.1920214295387268
47,-0.3751336932182312,-0.22429633140563965,0.5139355659484863
48,-0.6909788250923157,-0.5692695379257202,-0.01930926740169525
49,-0.793236494064331,-0.6528410315513611,-0.12855735421180725
50,-0.5405083298683167,-0.26988986134529114,0.3129115402698517
51,-0.6439236998558044,-0.45990610122680664,-0.01683865860104561
52,0.02255651354789734,0.5605903267860413,0.7117859125137329
53,-0.49924007058143616,-0.20504333078861237,0.01630139909684658
54,-0.5215555429458618,-0.24945048987865448,0.06476456671953201
55,-0.6695682406425476,-0.4459860920906067,0.25117892026901245
56,-0.5623619556427002,-0.3926868438720703,0.10210060328245163
57,-0.6029176712036133,-0.41944557428359985,-0.004895935766398907
58,-0.8238933086395264,-0.7043812274932861,-0.23736979067325592
59,0.01200544647872448,0.533454954624176,0.7247913479804993
60,-0.8042460680007935,-0.7212345600128174,-0.14282013475894928
61,-0.603534996509552,-0.3794834017753601,0.09776328504085541
62,-0.8447107076644897,-0.7081678509712219,-0.2557874023914337
63,0.018791891634464264,0.5994560718536377,0.7856709957122803
64,-0.8123795986175537,-0.6550378203392029,-0.16042403876781464
65,-0.7894322276115417,-0.6671660542488098,-0.11331085860729218
66,-0.8116269111633301,-0.6574153304100037,-0.23753826320171356
67,-0.002744746394455433,0.4230271875858307,0.5833097100257874
68,-0.8493229746818542,-0.7532132267951965,-0.2501111626625061
69,-0.13770446181297302,0.34378647804260254,0.5471447110176086
70,-0.060485612601041794,0.321033775806427,0.4749278426170349
71,-0.08440302312374115,0.33096298575401306,0.44533488154411316
72,-0.5328423976898193,-0.36951568722724915,0.05832252651453018
73,-0.6129212379455566,-0.3867098093032837,-0.04618581011891365
74,-0.18145065009593964,0.21355222165584564,0.4405084252357483
75,-0.5462191700935364,-0.3427749574184418,0.14915864169597626
76,-0.0814889520406723,0.32538744807243347,0.48318904638290405
77,-0.7640394568443298,-0.6625362634658813,-0.19925887882709503
78,-0.1153797134757042,0.20134687423706055,0.4528219699859619
79,-0.06226153299212456,0.28163954615592957,0.45361799001693726
80,-0.5934196710586548,-0.37433135509490967,-0.008367607370018959
81,-0.7835577130317688,-0.6057135462760925,-0.2691073417663574
82,-0.2843807637691498,-0.15183159708976746,0.12383788824081421
83,-0.6398478746414185,-0.46112486720085144,-0.09824872761964798
84,-0.6762658953666687,-0.5310503244400024,-0.07373499870300293
85,-0.32498306035995483,-0.04911382496356964,0.36015307903289795
86,-0.6464141011238098,-0.4161727726459503,-0.03408879041671753
87,-0.11297444999217987,0.12463591247797012,0.4107743203639984
88,-0.24961242079734802,0.10588466376066208,0.37978437542915344
89,-0.43353506922721863,-0.02765905298292637,0.3298013508319855
90,-0.7048735618591309,-0.4974610209465027,-0.0830485001206398
91,-0.5805422067642212,-0.2528923451900482,0.07930421829223633
92,-0.612332820892334,-0.37817248702049255,-0.029659127816557884
93,-0.8411893248558044,-0.7853929400444031,-0.3737276792526245
94,-0.0814889520406723,0.3145790100097656,0.4731280505657196
95,-0.7383376359939575,-0.5185432434082031,-0.0968427062034607
96,-0.6082525253295898,-0.4124881625175476,-0.020364917814731598
97,-0.6847131252288818,-0.5808867812156677,-0.20734155178070068
98,-0.6336389183998108,-0.4070124626159668,-0.04499982297420502
99,-0.6963493227958679,-0.4769102931022644,-0.08406604081392288
100,-0.7959449291229248,-0.6805872917175293,-0.16695165634155273
101,-0.08517194539308548,0.3507280647754669,0.4720222055912018
102,-0.7099392414093018,-0.6288484334945679,-0.1642075926065445
103,-0.0014046872965991497,0.3943815529346466,0.5676025748252869
104,-0.006592626683413982,0.48326078057289124,0.6771956086158752
105,-0.5109379291534424,-0.11848825216293335,0.053903110325336456
106,-0.30135881900787354,0.15484653413295746,0.34276604652404785
107,-0.5092520713806152,-0.03368232771754265,0.2197822481393814
108,-0.8280127644538879,-0.6998748779296875,-0.2366904616355896
109,0.005756109952926636,0.5293317437171936,0.5525760054588318
110,0.009279378689825535,0.44712337851524353,0.6145924925804138
111,-0.5686805248260498,-0.3559296429157257,0.011661967262625694
112,-0.7613685727119446,-0.5853849053382874,-0.11938019841909409
113,-0.36392927169799805,0.04532814025878906,0.5931607484817505
114,-0.6912744641304016,-0.49048903584480286,0.4060186445713043
115,-0.7528517246246338,-0.5727784633636475,0.05537355691194534
116,-0.5108175277709961,-0.07708433270454407,0.13757885992527008
117,-0.013290293514728546,0.34548529982566833,0.5548174977302551
118,-0.48101773858070374,-0.15693069994449615,0.15797151625156403
119,-0.49547329545021057,-0.18095535039901733,0.10332418233156204
120,-0.6605679988861084,-0.4454478919506073,0.006508084945380688
121,-0.5452761650085449,-0.24928702414035797,0.04040621593594551
122,-0.7952730059623718,-0.6195279955863953,-0.21273210644721985
123,0.02255651354789734,0.48386427760124207,0.537989616394043
124,-0.8127439022064209,-0.7380818128585815,0.22771768271923065
125,-0.7925652265548706,-0.5944720506668091,-0.21727269887924194
126,-0.0009930501691997051,0.4813196063041687,0.6105905771255493
127,-0.763566255569458,-0.6110262870788574,0.07281416654586792
128,-0.7493360042572021,-0.5318626761436462,-0.031880442053079605
129,-0.7958629727363586,-0.6141723394393921,-0.12404458969831467
130,-0.09940186887979507,0.43487319350242615,0.6411392688751221
131,-0.8138065338134766,-0.7057011723518372,-0.22987279295921326
132,-0.03770025074481964,0.4210093319416046,0.7938427329063416
133,0.0010176153155043721,0.5590022206306458,0.7227538228034973
134,-0.6519315242767334,-0.28706157207489014,0.08056550472974777
135,0.023324936628341675,0.7785753607749939,0.9684154987335205
136,0.0062970807775855064,0.6765313148498535,0.9170135855674744
137,-0.5107336044311523,-0.3123456835746765,0.2270527333021164
138,-0.46884506940841675,-0.12097679078578949,-0.01040304359048605
139,-0.31527915596961975,0.04184314236044884,1.647718071937561
140,-0.7452768683433533,-0.3877227008342743,0.02911694347858429
141,-0.7220406532287598,-0.39038023352622986,0.09017034620046616
142,-0.6832278966903687,-0.4302607774734497,0.07654771953821182
143,0.0062970807775855064,0.5612737536430359,0.8590019345283508
144,-0.2253604680299759,0.21005156636238098,0.657869815826416
145,-0.35637322068214417,0.06628634035587311,0.5111146569252014
146,-0.7384209632873535,-0.49027082324028015,0.17415215075016022
147,-0.4837668836116791,-0.18339942395687103,0.41978228092193604
148,-0.484820693731308,-0.25533467531204224,0.2423827201128006
149,-0.5504975914955139,-0.251821368932724,-0.018815042451024055
150,0.023324936628341675,0.6892585158348083,0.8424152731895447
151,-0.626205563545227,-0.3456161916255951,0.3889088034629822
152,-0.558773398399353,-0.32698601484298706,-0.026674626395106316
153,0.01270783320069313,0.7735267281532288,0.8605411052703857
154,-0.6101552248001099,-0.264835387468338,0.3558710217475891
155,-0.768928587436676,-0.5003308057785034,0.01698850654065609
156,-0.5624457597732544,-0.28944528102874756,-0.06597788631916046
157,-0.6097514629364014,-0.3388424813747406,-0.026536589488387108
158,-0.054467204958200455,0.3779762387275696,0.4640983045101166
159,-0.5129891633987427,-0.3302587866783142,0.3683029115200043
160,0.023324936628341675,0.6340312957763672,0.6868980526924133
161,-0.8470980525016785,-0.7750064730644226,-0.20742708444595337
162,0.01200544647872448,0.7846993803977966,0.862931489944458
163,0.01962561160326004,0.7339335083961487,0.7630017399787903
164,-0.6414486765861511,-0.4766124486923218,0.0029064039699733257
165,-0.7358450889587402,-0.5608310699462891,-0.1864618957042694
166,-0.3171593248844147,-0.1717785894870758,1.421223759651184
167,-0.685746967792511,-0.45051079988479614,0.12703055143356323
168,-0.7569791674613953,-0.719391942024231,0.0944945439696312
169,-0.4750048518180847,-0.26262423396110535,0.3328840136528015
170,0.0062970807775855064,0.6925827860832214,0.7627758979797363
171,-0.3602379858493805,0.033922839909791946,0.29690325260162354
172,-0.4488990604877472,-0.16468752920627594,0.2525322735309601
173,-0.8189629912376404,-0.6896873116493225,-0.014330507256090641
174,-0.5713205337524414,-0.37353068590164185,0.11002229154109955
175,-0.6074908971786499,-0.43743202090263367,0.12127937376499176
176,-0.8280013799667358,-0.713169515132904,-0.22252295911312103
177,0.01200544647872448,0.6452663540840149,0.7399936318397522
178,-0.8263325691223145,-0.7929977774620056,-0.11293362081050873
179,-0.8417046070098877,-0.702156662940979,-0.2001650631427765
180,0.01270783320069313,0.7048965692520142,0.7584641575813293
181,-0.7783941626548767,-0.7247885465621948,0.37711241841316223
182,-0.8247566223144531,-0.7148272395133972,-0.04062730818986893
183,-0.8363281488418579,-0.6548203229904175,-0.21145665645599365
184,0.023324936628341675,0.5518147945404053,0.630949854850769
185,-0.8482275605201721,-0.7891539931297302,-0.21627317368984222
186,-0.8203294277191162,-0.6891124844551086,-0.11935798078775406
187,-0.5704439878463745,-0.3362860083580017,-0.00017737469170242548
188,-0.4727914035320282,-0.19835089147090912,0.25290369987487793
189,-0.8077834248542786,-0.6473510265350342,-0.24021558463573456
190,-0.5435871481895447,-0.2506589889526367,0.19083860516548157
191,-0.4508630633354187,-0.2420426309108734,0.3029076159000397
192,-0.5724640488624573,-0.302529513835907,-0.022945236414670944
193,-0.8782901167869568,-0.598442018032074,-0.0877886638045311
194,-0.7733640670776367,-0.660389244556427,-0.22602590918540955
195,-0.5648638606071472,-0.3376406133174896,0.014067322015762329
196,-0.6369830369949341,-0.36813345551490784,0.002094088587909937
197,-0.4284178614616394,-0.13771498203277588,0.5187849998474121
198,-0.548714280128479,-0.3001070022583008,0.007993578910827637
199,-0.5550582408905029,-0.307711124420166,-0.02150328829884529
200,-0.7349664568901062,-0.5719801783561707,-0.14180409908294678
201,-0.5640949010848999,-0.30448561906814575,0.1057465597987175
202,-0.5877880454063416,-0.3747527003288269,0.10839097946882248
203,-0.8730738162994385,-0.7910482883453369,-0.36355432868003845
204,-0.34297215938568115,-0.06671405583620071,0.3895891308784485
205,-0.9040512442588806,-0.6661537885665894,-0.2573081851005554
206,-0.4869130551815033,-0.25595879554748535,0.6336368918418884
207,-0.8017370700836182,-0.6679828763008118,-0.24642065167427063
208,-0.8000386357307434,-0.6966368556022644,-0.24364008009433746
209,-0.8579619526863098,-0.7471477389335632,-0.23239105939865112
210,-0.542522668838501,-0.4059363603591919,0.22336076200008392
211,-0.8033912777900696,-0.6086369752883911,-0.23879294097423553
212,-0.7603973150253296,-0.49367281794548035,-0.10483095794916153
213,-1.750329852104187,-0.7626966834068298,-0.2903840243816376
214,-0.6617971062660217,-0.43334999680519104,0.2910425662994385
215,-1.0214314460754395,-0.8453802466392517,-0.0994684100151062
216,-1.0849432945251465,-0.6238278746604919,-0.24878069758415222
217,-0.8320198059082031,-0.5819384455680847,0.046964701265096664
218,-0.8894764184951782,-0.7179308533668518,-0.27784857153892517
219,-0.9217128753662109,-0.8071712255477905,-0.2851163446903229
220,-1.0031092166900635,-0.818681001663208,-0.005407389253377914
221,-0.7767370939254761,-0.6371491551399231,-0.2764784097671509
222,-0.6298982501029968,-0.3708445727825165,0.13159716129302979
223,-0.7465062141418457,-0.4886634051799774,-0.14095737040042877
224,-0.7417091131210327,-0.5205084085464478,-0.12542296946048737
225,-0.8970184922218323,-0.6533581018447876,-0.30702054500579834
226,-0.80287766456604,-0.5944750308990479,-0.16967567801475525
227,-0.7569205164909363,-0.6274584531784058,-0.2782796621322632
228,-1.0124990940093994,-0.7706344723701477,-0.14862513542175293
229,-0.8873939514160156,-0.2862526476383209,0.14166973531246185
230,-1.0160120725631714,-0.8738425970077515,-0.2794091999530792
231,-0.8790332078933716,-0.6891760230064392,-0.2896682918071747
232,-1.0236018896102905,-0.8721284866333008,-0.3766624629497528
233,-0.828158974647522,-0.4240003824234009,0.5292707681655884
234,-1.083721399307251,-0.8869273066520691,-0.3694499731063843
235,-1.017756462097168,-0.7718746066093445,-0.33328482508659363
236,-0.7327220439910889,-0.4917914867401123,0.21907606720924377
237,-1.012030005455017,-0.7000593543052673,-0.05917680636048317
238,-0.5511996746063232,-0.3138557970523834,0.0806485116481781
239,-0.1484549194574356,0.20651349425315857,0.5221661329269409
240,-0.821431577205658,-0.7631281614303589,-0.2407011091709137
241,-0.1354820877313614,0.30400046706199646,0.5180179476737976
242,-0.1469782292842865,0.13637706637382507,0.5687127113342285
243,-0.5798905491828918,-0.36261647939682007,-0.029861481860280037
244,-0.8279286623001099,-0.5851678252220154,-0.20278812944889069
245,-0.47169002890586853,-0.31794196367263794,0.10128841549158096
246,-0.6854837536811829,-0.554453432559967,-0.015066158026456833
247,-0.8010942339897156,-0.659313976764679,-0.10266140848398209
248,-0.5467179417610168,-0.3353115916252136,-0.022514784708619118
249,-0.6244633197784424,-0.42606112360954285,-0.026423851028084755
250,-0.19354745745658875,0.17116223275661469,0.5636963844299316
251,-0.5145682692527771,-0.21557675302028656,-0.025185992941260338
252,-0.5198002457618713,-0.23071707785129547,-0.013656377792358398
253,-0.6426436305046082,-0.41287869215011597,0.13172288239002228
254,-0.5654009580612183,-0.38547441363334656,0.057239893823862076
255,-0.6011441946029663,-0.41466382145881653,-0.026085535064339638
256,-0.8292845487594604,-0.7054360508918762,-0.23084045946598053
257,-0.15737755596637726,0.21545317769050598,0.5527911186218262
258,-0.7924858331680298,-0.7159141898155212,-0.1605052798986435
259,-0.601154625415802,-0.39632049202919006,0.07203847914934158
260,-0.8447113037109375,-0.6959787011146545,-0.2413717657327652
261,-0.1418481320142746,0.11715002357959747,0.561459481716156
262,-0.8236925005912781,-0.6802783608436584,-0.17015978693962097
263,-0.7791811227798462,-0.6410679817199707,-0.023080915212631226
264,-0.8118653297424316,-0.6557937860488892,-0.18142610788345337
265,-0.24917136132717133,0.043870046734809875,0.3444898724555969
266,-0.818256139755249,-0.7309056520462036,-0.24612975120544434
267,-0.5329194068908691,-0.26694899797439575,0.17614591121673584
268,-0.8875335454940796,-0.7953649163246155,-0.3267108201980591
269,-0.48400360345840454,-0.11796366423368454,0.39418432116508484
270,-0.47838178277015686,-0.17049935460090637,0.5450906157493591
271,-0.5963996648788452,-0.2575160264968872,0.1459510624408722
272,-0.8771157264709473,-0.6305660605430603,-0.1657884418964386
273,-0.8008153438568115,-0.6510882377624512,-0.261011004447937
274,-0.5356335639953613,-0.13318127393722534,0.32188528776168823
275,-0.6903334856033325,-0.40061092376708984,-0.053471148014068604
276,-0.4873700439929962,-0.18333616852760315,0.550387978553772
277,-0.5250768065452576,-0.15235738456249237,0.21161849796772003
278,-0.5270007848739624,-0.12348868697881699,0.6866467595100403
279,-0.5878360867500305,-0.34365975856781006,0.14844395220279694
280,-0.6798044443130493,-0.4270274341106415,0.3413296639919281
281,-0.9155018329620361,-0.7684488892555237,-0.3601769506931305
282,-0.47442251443862915,-0.036684438586235046,0.3444659411907196
283,-0.799390971660614,-0.6392180323600769,-0.2554493546485901
284,-0.7517235279083252,-0.5728402733802795,-0.17477458715438843
285,-0.8992018103599548,-0.8356542587280273,-0.27224045991897583
286,-0.5116031765937805,-0.1777341216802597,0.42065900564193726
287,-0.7923112511634827,-0.6002500653266907,-0.2497321218252182
288,-0.784645676612854,-0.6387230157852173,-0.23984873294830322
289,-0.8740370869636536,-0.695915937423706,-0.21750053763389587
290,-0.5258345007896423,-0.26972827315330505,0.24452105164527893
291,-0.8825896382331848,-0.7786388993263245,-0.3440719544887543
292,-0.7341450452804565,-0.5942794680595398,-0.10533542931079865
293,0.0016330927610397339,0.6307962536811829,0.6288036108016968
294,0.023324936628341675,0.5887230634689331,0.6789922714233398
295,-0.6241094470024109,-0.35704073309898376,0.1219254657626152
296,-0.6581776738166809,-0.37873727083206177,-0.07665202766656876
297,-0.1802656501531601,0.13154971599578857,0.4377434551715851
298,-0.6307300329208374,-0.4322264790534973,-0.07776714116334915
299,-0.6723452806472778,-0.4948570430278778,-0.023870350793004036
300,-0.37251102924346924,0.05526682734489441,0.3234972357749939
301,-0.7109439373016357,-0.46691620349884033,0.027335304766893387
302,0.0016330927610397339,0.5355704426765442,0.6660460829734802
303,-0.2581537067890167,0.25762510299682617,0.39742785692214966
304,-0.31251275539398193,0.09674973040819168,0.40647801756858826
305,-0.7106595635414124,-0.511828601360321,-0.05908956006169319
306,-0.5324151515960693,-0.2361181378364563,0.11434727907180786
307,-0.7409878969192505,-0.5743579864501953,-0.20095127820968628
308,0.023324936628341675,0.5677884221076965,0.6748009920120239
309,-0.7141649127006531,-0.5766302347183228,-0.12086421996355057
310,-0.601331889629364,-0.3734248876571655,0.42456889152526855
311,-0.6771065592765808,-0.4302345812320709,-0.13664233684539795
312,0.005261915735900402,0.496626615524292,0.7046353816986084
313,-0.6107386350631714,-0.4697381854057312,0.3927701711654663
314,-0.7100865840911865,-0.49687519669532776,-0.09343129396438599
315,-0.7464092969894409,-0.5194793939590454,-0.21339334547519684
316,0.0018781516700983047,0.5760810375213623,0.617195188999176
317,-0.7182738184928894,-0.550949215888977,-0.18513193726539612
318,-0.8459444046020508,-0.747738778591156,-0.2274886965751648
319,-0.7720804810523987,-0.6209051012992859,-0.2435407042503357
320,-0.9159934520721436,-0.6977086663246155,-0.4378395080566406
321,-0.9457564949989319,-0.8621472716331482,-0.46395838260650635
322,-1.0725975036621094,-0.963853657245636,-0.45911312103271484
323,-1.0343719720840454,-0.9956474900245667,-0.4759635031223297
324,-0.9238115549087524,-0.7374267578125,-0.34820500016212463
325,-1.0193829536437988,-0.9557672739028931,-0.4605030417442322
326,-0.6781531572341919,-0.4388425648212433,-0.1119687557220459
327,-0.8821972608566284,-0.639801025390625,-0.30768582224845886
328,-0.9057493209838867,-0.5892676115036011,-0.3259165585041046
329,-1.0096100568771362,-0.9566192626953125,-0.48920080065727234
330,-0.9095951318740845,-0.624101996421814,-0.37747037410736084
331,-0.9876484274864197,-0.8641569018363953,-0.3337392210960388
332,-1.0187172889709473,-0.9665666818618774,-0.49257609248161316
333,-0.7486772537231445,-0.4646896421909332,-0.12866686284542084
334,-1.036435842514038,-0.9913080334663391,-0.5011969804763794
335,-0.9779496192932129,-0.9327700734138489,-0.48830023407936096
336,-1.02869713306427,-0.9977502822875977,-0.4362805187702179
337,-0.7639095783233643,-0.6447868347167969,-0.2772151231765747
338,-1.0145037174224854,-0.9628845453262329,-0.4932672381401062
339,-1.0327624082565308,-0.9699438214302063,-0.49099087715148926
340,-1.0194627046585083,-0.9760058522224426,-0.47900912165641785
341,-0.8734489679336548,-0.8109556436538696,-0.3121768534183502
342,-1.0248793363571167,-0.9807394742965698,-0.4909838140010834
343,0.01200544647872448,0.8385331034660339,0.9251056909561157
344,-0.7705723643302917,-0.536157488822937,-0.12474726885557175
345,-0.26677465438842773,0.06102638691663742,0.4625783860683441
346,-0.7520430088043213,-0.4798406958580017,0.09341942518949509
347,-0.7972304821014404,-0.6072195768356323,0.2864152789115906
348,-0.4567624032497406,-0.17210718989372253,0.26413142681121826
349,0.023324936628341675,0.749173641204834,0.8933976888656616
350,-0.3806290030479431,0.0339014008641243,0.35804763436317444
351,-0.5040085315704346,-0.07312294840812683,0.2237538844347
352,-0.5867722630500793,-0.36265531182289124,0.17734931409358978
353,-0.7992022633552551,-0.6675198674201965,-0.16143137216567993
354,-0.8254647254943848,-0.7286561131477356,-0.12232469767332077
355,-0.7925583124160767,-0.6832370758056641,-0.1164359375834465
356,0.0062970807775855064,0.6749328970909119,0.8284798860549927
357,-0.7995937466621399,-0.6414897441864014,-0.17778140306472778
358,-0.8335397839546204,-0.7311583757400513,-0.1828279048204422
359,-0.6237244606018066,-0.4277784526348114,0.1569918394088745
360,-0.6858410835266113,-0.4927038252353668,-0.14471657574176788
361,-0.2516724169254303,-0.04732583835721016,0.8414350748062134
362,-0.644127607345581,-0.417912095785141,0.007242754567414522
363,-0.6928009390830994,-0.5108343958854675,-0.0953141376376152
364,-0.33907702565193176,-0.02013394422829151,0.6273925304412842
365,-0.6444283127784729,-0.4963452219963074,-0.020822100341320038
366,0.023324936628341675,0.673909068107605,0.7548322677612305
367,-0.22598540782928467,0.20387226343154907,0.49210014939308167
368,-0.35211557149887085,0.03460661321878433,0.42963024973869324
369,-0.5436952710151672,-0.2891620993614197,0.17640990018844604
370,-0.6082616448402405,-0.41946741938591003,0.06805600225925446
371,-0.730437159538269,-0.5549492835998535,-0.1687714159488678
372,0.0062970807775855064,0.5955938696861267,0.7476992607116699
373,-0.7052412629127502,-0.5863058567047119,-0.141462042927742
374,-0.590883195400238,-0.3760219216346741,0.39156416058540344
375,-0.6931094527244568,-0.5204297304153442,-0.14837920665740967
376,0.01270783320069313,0.7200630307197571,0.7846218347549438
377,-0.6261112689971924,-0.4562830924987793,0.20182614028453827
378,-0.7295179963111877,-0.5338916778564453,-0.07312299311161041
379,-0.7493813037872314,-0.5273739695549011,-0.16819685697555542
380,0.01790422573685646,0.5060147643089294,0.6828975081443787
381,-0.7205379605293274,-0.5649950504302979,-0.2063208967447281
382,-0.9160746932029724,-0.6964539885520935,-0.04841286689043045
383,-0.6913371682167053,-0.4229690134525299,-0.14688821136951447
384,-0.7403407692909241,-0.5300750732421875,-0.20096486806869507
385,-0.7544877529144287,-0.5771700143814087,-0.20709586143493652
386,-0.5551835894584656,-0.29738545417785645,0.002261534333229065
387,-0.5729708075523376,-0.22582939267158508,-0.019707730039954185
388,-0.5568553805351257,-0.3178870379924774,0.10664989799261093
389,-0.5574533343315125,-0.3187052309513092,-0.005881312768906355
390,-0.554948091506958,-0.32834529876708984,-0.02073458582162857
391,-0.6497673392295837,-0.4247332811355591,-0.13387107849121094
392,-0.5479981899261475,-0.3070933520793915,-0.0175851471722126
393,-0.5685902833938599,-0.2980203330516815,-0.02808062918484211
394,-0.8819376230239868,-0.8097256422042847,-0.37537091970443726
395,-0.48558947443962097,-0.305765300989151,0.032484620809555054
396,-0.7637439370155334,-0.625153660774231,-0.19600805640220642
397,-0.651121199131012,-0.4373675584793091,-0.1546751856803894
398,-0.8282326459884644,-0.6246774792671204,-0.21959540247917175
399,-0.5958654284477234,-0.40646234154701233,-0.04737386479973793
400,-0.7527503967285156,-0.5500399470329285,-0.2217537760734558
401,-0.7574145197868347,-0.5769601464271545,-0.19975605607032776
402,-0.9036468863487244,-0.7854006886482239,-0.2212788313627243
403,-0.6108784675598145,-0.4246938228607178,-0.04443388059735298
404,-0.8520050644874573,-0.673444926738739,-0.2306319922208786
405,-0.8655471205711365,-0.6900070309638977,-0.20769304037094116
406,-0.8848822116851807,-0.7781931757926941,-0.3517569899559021
407,-0.9171864986419678,-0.8476086258888245,-0.4312680959701538
408,-0.8108886480331421,-0.5165872573852539,0.22897377610206604
409,-0.8928626775741577,-0.7728514671325684,-0.17294228076934814
410,-0.6321061253547668,-0.3421003222465515,0.09395014494657516
411,-0.8037928342819214,-0.5163642764091492,-0.13968415558338165
412,-0.7802021503448486,-0.5051682591438293,-0.1193830594420433
413,-0.9065006971359253,-0.7513835430145264,-0.14701516926288605
414,-0.856182873249054,-0.7160640954971313,-0.12471214681863785
415,-0.8535851240158081,-0.7531068921089172,-0.17098331451416016
416,-0.9206522107124329,-0.8408413529396057,-0.4014315903186798
417,-0.6873603463172913,-0.3099381625652313,-0.1383657306432724
418,-0.9044020175933838,-0.8216696977615356,-0.39857426285743713
419,-0.8747031092643738,-0.752930760383606,-0.15989315509796143
420,-0.8681120872497559,-0.6866570711135864,-0.20214658975601196
421,-0.663769543170929,-0.5019048452377319,-0.2539840638637543
422,-0.8983932137489319,-0.8020573258399963,-0.3550368845462799
423,-0.9228541851043701,-0.795975387096405,-0.24820511043071747
424,-0.9101627469062805,-0.8097608089447021,-0.39882516860961914
425,-0.7508823275566101,-0.4371025562286377,-0.0989275723695755
426,-0.9292912483215332,-0.8462933301925659,-0.3635062873363495
427,-0.8135979175567627,-0.5635119080543518,-0.23819001019001007
428,-1.005461573600769,-0.8511869311332703,-0.2873201370239258
429,-0.36172249913215637,-0.029513182118535042,0.925815224647522
430,-0.8132265210151672,-0.6499828100204468,-0.18526194989681244
431,-0.6772374510765076,-0.4754871129989624,-0.05880821868777275
432,-0.7673478722572327,-0.5550239682197571,-0.03041076846420765
433,-1.0094966888427734,-0.7129817008972168,-0.24671794474124908
434,-0.5124646425247192,0.02231612242758274,1.9907677173614502
435,-1.0186082124710083,-0.7790088653564453,-0.38792213797569275
436,-1.0208635330200195,-0.8195591568946838,-0.36131271719932556
437,-0.5332480669021606,0.11190365254878998,2.2089977264404297
438,-0.8714758157730103,-0.8038423657417297,-0.28394344449043274
439,-1.0033084154129028,-0.6915072202682495,-0.28393158316612244
440,-0.9631922245025635,-0.7703657150268555,-0.24095937609672546
441,-0.44061940908432007,-0.16428937017917633,0.7869306802749634
442,-1.011637568473816,-0.8345788717269897,-0.2953859567642212
443,-1.042675256729126,-0.7989957928657532,-0.060385361313819885
444,-0.7490734457969666,-0.589972734451294,-0.20070122182369232
445,-0.8146646022796631,-0.6649847626686096,-0.3041268587112427
446,-0.7662274241447449,-0.5726683139801025,-0.19331546127796173
447,-0.7588075399398804,-0.5553244352340698,-0.09969618916511536
448,-0.8432829976081848,-0.6724192500114441,-0.2803979218006134
449,-0.8235698342323303,-0.6841353178024292,-0.23305530846118927
450,-0.8020937442779541,-0.6663196086883545,-0.30294355750083923
451,-1.0162333250045776,-0.8711218237876892,-0.405230313539505
452,-0.8695067167282104,-0.37018460035324097,-0.08285141736268997
453,-0.9656124711036682,-0.8561610579490662,-0.344107985496521
454,-0.8774811625480652,-0.710626482963562,-0.28732749819755554
455,-1.0225708484649658,-0.8772563338279724,-0.27009931206703186
456,-0.9720896482467651,-0.8263934850692749,-0.19497860968112946
457,-1.0541791915893555,-0.827317476272583,-0.2905765473842621
458,-1.0149691104888916,-0.780765175819397,-0.14630064368247986
459,-0.7913640141487122,-0.4878575801849365,-0.10096766799688339
460,-1.0142585039138794,-0.733009934425354,-0.27331361174583435
461,-0.8333063721656799,-0.6966310143470764,-0.3872775137424469
462,-0.9182299375534058,-0.7090545296669006,-0.386282742023468
463,-0.8318747878074646,-0.4433271288871765,0.031048152595758438
464,-0.8403416872024536,-0.6571179628372192,-0.3121914863586426
465,-0.8448435664176941,-0.6979601383209229,-0.3409048616886139
466,-1.0725823640823364,-0.898971438407898,-0.3784809112548828
467,-0.8133056163787842,-0.6713150143623352,-0.33090975880622864
468,-0.8642581701278687,-0.6846468448638916,-0.3747689723968506
469,-1.016350507736206,-0.9581741094589233,-0.47427234053611755
470,-0.6650397777557373,-0.356463223695755,0.0015574432909488678
471,-1.066711187362671,-0.9707746505737305,-0.466629296541214
472,-0.9357467293739319,-0.768334150314331,-0.36615315079689026
473,-1.030487298965454,-0.9849599003791809,-0.4746161103248596
474,-0.7625263333320618,-0.4180566966533661,-0.08767901360988617
475,-1.028485655784607,-0.9338682889938354,-0.36381959915161133
476,-1.0381197929382324,-0.9565637707710266,-0.45031100511550903
477,-0.9991573691368103,-0.9018545746803284,-0.42234623432159424
478,-0.8520631790161133,-0.6730874180793762,-0.12305695563554764
479,-1.034282922744751,-0.9634127020835876,-0.47637367248535156
480,-0.6215019822120667,-0.4043818414211273,-0.02164643071591854
481,-0.40551114082336426,-0.16516850888729095,0.5105457901954651
482,-0.5785509347915649,-0.3117779791355133,-0.0276354867964983
483,-0.5675384402275085,-0.30268794298171997,-0.01707819104194641
484,-0.6794217228889465,-0.5248095989227295,0.017971031367778778
485,-0.5797550678253174,-0.33092087507247925,0.0033709723502397537
486,-0.583282470703125,-0.35151639580726624,-0.047894638031721115
487,-0.4059874713420868,-0.04400910437107086,0.3643116056919098
488,-0.7993434071540833,-0.6961805820465088,-0.2497214674949646
489,-0.8048211932182312,-0.7203207015991211,-0.24780867993831635
490,-0.4142507314682007,-0.10823889821767807,0.5284343361854553
491,-0.7944371104240417,-0.6659694910049438,-0.24127566814422607
492,-0.7421483993530273,-0.6494976282119751,-0.2409033328294754
493,-0.8318398594856262,-0.5641127824783325,-0.17237770557403564
494,-0.5853530764579773,-0.36827194690704346,0.204899862408638
495,-0.8035052418708801,-0.6687245965003967,-0.23853279650211334
496,-0.6487909555435181,-0.44443008303642273,-0.0300899725407362
497,-0.5803162455558777,-0.36082935333251953,-0.02170543186366558
498,-0.5543450117111206,-0.3254087567329407,-0.027493277564644814
499,-0.7229120135307312,-0.4601644277572632,-0.1896536946296692
500,-0.5888319611549377,-0.3349423408508301,-0.037367407232522964
501,-0.6664934754371643,-0.3743631839752197,-0.06658089905977249
502,-0.9580870866775513,-0.8076273798942566,-0.29376059770584106
503,-0.6866335868835449,-0.4343196153640747,-0.028444457799196243
504,-0.7918933629989624,-0.6046757102012634,-0.20492546260356903
505,-0.7263147234916687,-0.502227246761322,-0.197310209274292
506,-0.9309620261192322,-0.7635246515274048,-0.33745041489601135
507,-0.8484984040260315,-0.6050702929496765,-0.22236421704292297
508,-0.766360878944397,-0.5667498707771301,-0.196369007229805
509,-0.9763592481613159,-0.8286246657371521,-0.23904134333133698
510,-0.6886898875236511,-0.49086788296699524,-0.05620379000902176
511,-0.9476779699325562,-0.854926347732544,-0.26764410734176636
512,-0.2689254879951477,0.1755857765674591,0.5003639459609985
513,-0.3782486021518707,-0.040990106761455536,0.3846156895160675
514,-0.4373154938220978,-0.16378338634967804,0.3938821256160736
515,-0.5665218830108643,-0.3338489234447479,0.19271069765090942
516,-0.6945750713348389,-0.4865149259567261,-0.146671861410141
517,0.01962561160326004,0.5730189085006714,0.7656369209289551
518,-0.682029128074646,-0.44915685057640076,0.01593754068017006
519,-0.5936915278434753,-0.3855445981025696,0.2606973350048065
520,-0.5454384088516235,-0.2908118963241577,-0.020351426675915718
521,0.0062970807775855064,0.621923565864563,0.8085142374038696
522,-0.5985910296440125,-0.4098304212093353,0.04904000088572502
523,-0.7675483226776123,-0.513333261013031,-0.004332583863288164
524,-0.6953606009483337,-0.46437913179397583,-0.17981159687042236
525,0.0010176153155043721,0.46840882301330566,0.6862059235572815
526,-0.5709277987480164,-0.36335745453834534,-0.03244379535317421
527,-0.5239370465278625,-0.2808176577091217,-0.004503724630922079
528,-0.6502997875213623,-0.5013564825057983,-0.05642780289053917
529,-0.5454760193824768,-0.33808639645576477,-0.01140821073204279
530,-0.5606347322463989,-0.35444578528404236,-0.03297441825270653
531,-0.7868282198905945,-0.6268453001976013,-0.22105377912521362
532,-0.2584916949272156,0.17172370851039886,0.35461804270744324
533,-0.7832596302032471,-0.682493269443512,-0.1758788526058197
534,-0.5920746922492981,-0.4231630265712738,-0.022044848650693893
535,-0.7559852004051208,-0.5974894165992737,-0.21978123486042023
536,-0.2945493161678314,0.12533195316791534,0.4013576805591583
537,-0.7698820233345032,-0.5947704911231995,-0.17002148926258087
538,-0.7496697306632996,-0.6123079061508179,-0.08800647407770157
539,-0.7670440077781677,-0.47065261006355286,-0.19748467206954956
540,-0.3982575535774231,0.012394950725138187,0.23563049733638763
541,-0.7662503719329834,-0.6518131494522095,-0.23903359472751617
542,-0.6054205894470215,-0.35188060998916626,-0.04446394369006157
543,-0.5457208156585693,-0.30376529693603516,-0.01758679747581482
544,-0.5539237856864929,-0.30723854899406433,-0.02274751290678978
545,-0.7678434252738953,-0.5362347960472107,-0.22188642621040344
546,-0.32882773876190186,0.01042116992175579,0.405270516872406
547,-0.7702626585960388,-0.6375939249992371,-0.19969654083251953
548,-0.5879802107810974,-0.3755863606929779,-0.03851613029837608
549,-0.7450963854789734,-0.5485213994979858,-0.21340802311897278
550,-0.3879810869693756,-0.07537820190191269,0.37535184621810913
551,-0.7615280151367188,-0.5530889630317688,-0.22253023087978363
552,-0.7241213917732239,-0.5750147104263306,-0.08523847907781601
553,-0.7735741138458252,-0.5677086710929871,-0.21154853701591492
554,-0.42453277111053467,-0.11549516767263412,0.04751484468579292
555,-0.7703135013580322,-0.5471621751785278,-0.2226993888616562
556,-0.682689905166626,-0.5442154407501221,-0.20876167714595795
557,-0.7474613785743713,-0.5585947036743164,-0.21946360170841217
558,-0.9597851634025574,-0.7508285045623779,-0.14489756524562836
559,-0.7096279263496399,-0.49054592847824097,-0.1113954707980156
560,-0.942897617816925,-0.8319251537322998,-0.3065016567707062
561,-0.7578094005584717,-0.5726772546768188,-0.22697369754314423
562,-0.8979536890983582,-0.8146458864212036,-0.22881771624088287
563,-0.9441279172897339,-0.8754684925079346,-0.29205912351608276
564,-0.8104428648948669,-0.6534086465835571,-0.25955402851104736
565,-0.9749598503112793,-0.819557249546051,-0.37529730796813965
566,-0.7548230886459351,-0.5636182427406311,-0.045568328350782394
567,-0.9013243317604065,-0.80321204662323,-0.15916843712329865
568,-0.5808258056640625,-0.3888838589191437,-0.04415571317076683
569,-0.8602689504623413,-0.7068004608154297,-0.23221078515052795
570,-0.46811336278915405,-0.1587805151939392,0.14777038991451263
571,-0.7832347750663757,-0.6665297746658325,-0.23034879565238953
572,-0.6806153655052185,-0.5024297833442688,-0.11650257557630539
573,-0.7713274359703064,-0.6255419254302979,-0.2351454645395279
574,-0.544477641582489,-0.26876601576805115,0.26556360721588135
575,-0.7505805492401123,-0.5867303013801575,-0.2272200733423233
576,-0.7935576438903809,-0.6461707949638367,-0.24311129748821259
577,-0.8813368082046509,-0.6888192892074585,-0.19667647778987885
578,-0.5838324427604675,-0.3394850492477417,0.14377672970294952
579,-0.7980335354804993,-0.6561524868011475,-0.24947316944599152
580,-0.9021367430686951,-0.786571741104126,-0.3023202419281006
581,-0.5725300908088684,-0.28923678398132324,-0.07094108313322067
582,-0.7920517325401306,-0.6339731216430664,-0.25129830837249756
583,-0.7232668399810791,-0.5334668755531311,-0.1837744414806366
584,-0.8322010636329651,-0.705655038356781,-0.23935817182064056
585,-0.6021477580070496,-0.3727053999900818,-0.022978972643613815
586,-0.7658725380897522,-0.6027482151985168,-0.22137026488780975
587,-0.7480513453483582,-0.6048824191093445,-0.22285516560077667
588,-0.9263272881507874,-0.8271558880805969,-0.29644256830215454
589,-0.6094566583633423,-0.42845600843429565,-0.006094357464462519
590,-0.8227238059043884,-0.7567110657691956,-0.23881088197231293
591,-0.793070912361145,-0.4701664447784424,-0.12065601348876953
592,-1.0296921730041504,-0.9787834882736206,-0.49344632029533386
593,-1.0437953472137451,-1.000457763671875,-0.4960448741912842
594,-1.0296815633773804,-0.9706135988235474,-0.47668108344078064
595,-0.8429518938064575,-0.5505505204200745,-0.1916474997997284
596,-1.0374603271484375,-0.9958162903785706,-0.5026545524597168
597,-1.0568691492080688,-0.964491605758667,-0.4765787720680237
598,-1.0261162519454956,-0.9733323454856873,-0.4770534336566925
599,-0.9009662866592407,-0.7148458957672119,-0.2612485885620117
600,-1.0156705379486084,-0.9547298550605774,-0.4759365916252136
601,-0.7045698761940002,-0.39265090227127075,-0.07751130312681198
602,-0.5954622626304626,-0.37689411640167236,0.4999254643917084
603,-0.5975174307823181,-0.3942818343639374,-0.09424004703760147
604,0.01270783320069313,0.531682550907135,0.7203354835510254
605,-0.5753864645957947,-0.3499414324760437,0.32149022817611694
606,-0.7135910391807556,-0.49434369802474976,-0.08558066189289093
607,-0.6525596976280212,-0.40777331590652466,-0.014352221041917801
608,0.023324936628341675,0.4999038577079773,0.6410958766937256
609,-0.6137356758117676,-0.3626895248889923,-0.07580780982971191
610,-1.0547242164611816,-0.8991535305976868,-0.4308631122112274
611,-1.0293859243392944,-0.965556800365448,-0.4920564293861389
612,-0.7694708108901978,-0.6025558710098267,-0.02006039395928383
613,-1.0626980066299438,-0.9819608330726624,-0.4812238812446594
614,-1.0369192361831665,-0.9723930954933167,-0.49118390679359436
615,-1.0295339822769165,-0.9318134188652039,-0.46289321780204773
616,-0.8558287620544434,-0.7593951225280762,0.19496099650859833
617,-1.0222599506378174,-0.952610194683075,-0.4920564293861389
618,-0.8877156972885132,-0.7869842648506165,-0.36527904868125916
619,-0.6037963032722473,-0.3829537630081177,0.09011664241552353
620,-0.8986725211143494,-0.8265892863273621,-0.3104659914970398
621,-0.8465158343315125,-0.7045376896858215,-0.28364476561546326
622,-0.921919047832489,-0.7813631892204285,-0.21881531178951263
623,-0.6327661871910095,-0.4479266107082367,-0.06812543421983719
624,-0.9320688843727112,-0.8503190875053406,-0.36863064765930176
625,-0.7762603759765625,-0.47402381896972656,-0.1576569676399231
626,-1.0466893911361694,-0.9871251583099365,-0.4812238812446594
627,-1.0149821043014526,-0.9659656882286072,-0.4920564293861389
628,-1.0260065793991089,-0.939305305480957,-0.4561105966567993
629,-0.8590254187583923,-0.735522985458374,-0.2721521854400635
630,-1.022643804550171,-0.9764306545257568,-0.4947207272052765
631,-0.7202001214027405,-0.49520570039749146,0.047685157507658005
632,-0.7572066783905029,-0.5195289850234985,-0.16222423315048218
633,0.0062970807775855064,0.46394068002700806,0.6712562441825867
634,-0.7157056331634521,-0.5434051156044006,-0.16728155314922333
635,-1.1362849473953247,-1.001889944076538,-0.49090808629989624
636,-0.8619682788848877,-0.6926220059394836,0.2384767085313797
637,-1.0219039916992188,-0.9538117051124573,-0.4759373962879181
638,-1.0217982530593872,-0.8772038221359253,-0.44477981328964233
639,-0.8567839860916138,-0.6194306015968323,-0.14226055145263672
640,-1.0090060234069824,-0.8649569749832153,-0.4453771412372589
641,-0.9073768258094788,-0.6545152068138123,-0.23917151987552643
642,-1.019464135169983,-0.9674376249313354,-0.47721752524375916
643,-0.8528526425361633,-0.709060549736023,-0.2462499886751175
644,-0.10799304395914078,0.28902629017829895,0.3893572986125946
645,-0.22380974888801575,0.3142625093460083,0.4546249806880951
646,-0.061565350741147995,0.4528767466545105,0.8036910891532898
647,-0.5261752009391785,-0.24360017478466034,0.3585919439792633
648,-0.5458774566650391,-0.32791566848754883,0.3155657947063446
649,-0.20465870201587677,0.1812056005001068,0.4015296995639801
650,-0.4819730520248413,-0.1720130443572998,0.3208114802837372
651,-0.048605937510728836,0.4038238525390625,0.6174173951148987
652,-0.559082567691803,-0.33647432923316956,0.024802222847938538
653,-0.06531346589326859,0.4144389033317566,0.5355166792869568
654,-0.5731773376464844,-0.40828269720077515,0.09963198006153107
655,-0.37204819917678833,-0.1256328821182251,0.2016679346561432
656,-0.5987230539321899,-0.42545223236083984,-0.010248121805489063
657,-0.5978555679321289,-0.42093101143836975,0.10627449303865433
658,-0.4897225499153137,-0.11400069296360016,0.5422282218933105
659,-0.6370523571968079,-0.5105831623077393,-0.04929385706782341
660,-0.09332755953073502,0.4619850516319275,0.6905815005302429
661,-0.42470964789390564,-0.09093355387449265,0.1644328087568283
662,-0.45991504192352295,-0.18143093585968018,0.3055141568183899
663,-0.6368602514266968,-0.49383601546287537,0.05936018377542496
664,-0.5170614123344421,-0.2877580225467682,0.2579808235168457
665,-0.5719348192214966,-0.41370007395744324,0.08882775902748108
666,-0.5429607629776001,-0.19836020469665527,0.05935780331492424
667,-0.08337904512882233,0.4355277419090271,0.7054178714752197
668,-0.6429989337921143,-0.4530766010284424,-0.048338521271944046
669,-0.5615347027778625,-0.3815563917160034,0.14448916912078857
670,-0.5320394039154053,-0.2501470446586609,0.08335200697183609
671,-0.09282360225915909,0.4392538070678711,0.6773815751075745
672,-0.5741831064224243,-0.36449483036994934,0.10485371202230453
673,-0.6976819634437561,-0.49694859981536865,-0.05873049795627594
674,-0.5051842927932739,-0.10011990368366241,0.1694335639476776
675,-0.11311459541320801,0.3400651216506958,0.5325309634208679
676,-0.55708247423172,-0.256501704454422,0.02606901340186596
677,-0.0961018055677414,0.3476622700691223,0.4616117477416992
678,-0.23733104765415192,0.28236138820648193,0.4119519293308258
679,0.01962561160326004,0.6545507907867432,0.946980893611908
680,0.023324936628341675,0.6266700625419617,0.7396655678749084
681,-0.5568055510520935,-0.3543250560760498,0.11701694130897522
682,-0.9646884202957153,-0.878554105758667,-0.32660141587257385
683,-0.28632423281669617,-0.011834642849862576,0.21941235661506653
684,-0.5367575287818909,-0.1780165731906891,0.2317991703748703
685,0.005155717022716999,0.5357452034950256,0.6449889540672302
686,-1.1066495180130005,-1.0935008525848389,-0.4716051518917084
687,0.01200544647872448,0.8378633856773376,0.9404538869857788
688,0.010795586742460728,0.6204022765159607,0.7414061427116394
689,-0.5715137720108032,-0.3713582754135132,-0.021321522071957588
690,-0.7943748235702515,-0.7110336422920227,-0.2298070192337036
691,-0.9735563397407532,-0.9114435315132141,-0.3288402855396271
692,-1.0640159845352173,-0.9727227091789246,-0.4443915784358978
693,-0.5821642279624939,-0.3754534423351288,0.04811586067080498
694,-0.6233565807342529,-0.40572473406791687,-0.004028670024126768
695,0.005756109952926636,0.5535016059875488,0.7447236180305481
696,-0.4947739541530609,-0.27968713641166687,0.012550164945423603
697,-0.5393425226211548,-0.3200366497039795,-0.007749259937554598
698,-0.7981670498847961,-0.6932051777839661,-0.2340216189622879
699,-0.5798521041870117,-0.386140912771225,-0.04771406948566437
700,-0.585940957069397,-0.40156760811805725,-0.041005704551935196
701,-1.1782252788543701,-1.1582616567611694,-0.5052461624145508
702,0.011375955305993557,0.5104463696479797,0.6875543594360352
703,-1.0887621641159058,-1.0486021041870117,-0.45174989104270935
704,-0.7791154384613037,-0.6807153820991516,-0.233013316988945
705,-1.1181036233901978,-1.1071158647537231,-0.48230716586112976
706,0.023324936628341675,0.6108536720275879,0.7929246425628662
707,-1.0731799602508545,-0.9646076560020447,-0.460782915353775
708,-1.0264892578125,-0.9951006770133972,-0.40339425206184387
709,-1.1138474941253662,-1.116047739982605,-0.4584721624851227
710,0.0011532008647918701,0.5257024765014648,0.5499351024627686
711,-1.1001189947128296,-1.0822759866714478,-0.48129183053970337
712,-0.12635798752307892,0.37011849880218506,0.4841718077659607
713,-0.11928968131542206,0.19460923969745636,0.4478890299797058
714,-0.06226153299212456,0.3498065173625946,0.45835432410240173
715,-0.3772515058517456,0.12484454363584518,0.38519537448883057
716,-0.4507245123386383,-0.028781302273273468,0.2703614830970764
717,-0.14364959299564362,0.35815784335136414,0.44743189215660095
718,-0.3787175416946411,0.0544925257563591,0.30860331654548645
719,-0.08090200275182724,0.3022288680076599,0.4833601713180542
720,-0.6002845764160156,-0.18454571068286896,0.0982435941696167
721,-0.09228561818599701,0.3013601303100586,0.44804975390434265
722,-0.0729578360915184,0.29732969403266907,0.43405506014823914
723,-0.41582563519477844,-0.022929798811674118,0.3355369567871094
724,-0.3313179314136505,-0.06186666339635849,0.1697096824645996
725,-0.2601480185985565,0.06470432877540588,0.36569979786872864
726,-0.4935428202152252,-0.05864604189991951,0.21027737855911255
727,-0.5808408260345459,-0.11826135963201523,0.10182119905948639
728,-0.25921714305877686,0.3552623987197876,0.41745808720588684
729,-0.4361981153488159,-0.05968437343835831,0.09341331571340561
730,-0.0948004499077797,0.28034231066703796,0.4560885727405548
731,-0.19656071066856384,0.30204349756240845,0.44565194845199585
732,-0.2864035367965698,0.26229944825172424,0.43789586424827576
733,-0.5658861994743347,-0.14459848403930664,0.1636793315410614
734,-0.3430519998073578,0.2040499895811081,0.33126333355903625
735,-0.4273938536643982,-0.04730778560042381,0.27271655201911926
736,-0.5365349650382996,-0.2359202802181244,0.08591349422931671
737,-0.08090200275182724,0.31825387477874756,0.4621834456920624
738,-0.6111028790473938,-0.2029726654291153,0.016418537124991417
739,-0.45817112922668457,0.027328193187713623,0.24751044809818268
740,-0.5685434937477112,-0.10682452470064163,0.12343563884496689
741,-0.11068174988031387,0.18750391900539398,0.4125232398509979
742,-0.5318114161491394,-0.0973118394613266,0.11613070219755173
743,-0.7276612520217896,-0.24311146140098572,0.11546068638563156
744,-0.5506618618965149,-0.30260178446769714,0.12934273481369019
745,-0.08328162133693695,0.3448706567287445,0.46049901843070984
746,-0.5799350738525391,-0.22766776382923126,0.09334234893321991
747,-0.11440172046422958,0.33107078075408936,0.45328736305236816
748,-0.08169098943471909,0.3471491038799286,0.449622243642807
749,-0.6095532774925232,-0.3572777807712555,-0.004702742211520672
750,-0.925830602645874,-0.8013848662376404,-0.36517783999443054
751,-0.2593938112258911,0.04576079547405243,0.2718158960342407
752,-0.5894377827644348,-0.21371431648731232,0.16657325625419617
753,-0.06172056123614311,0.303628146648407,0.49892666935920715
754,-1.081160306930542,-1.0556875467300415,-0.4813559949398041
755,-0.09448573738336563,0.39957576990127563,0.5138857364654541
756,-0.08227559179067612,0.28812286257743835,0.46492302417755127
757,-0.5959218740463257,-0.4002734422683716,-0.031374599784612656
758,-0.8654082417488098,-0.5964733958244324,-0.1787862777709961
759,-0.9630628228187561,-0.8744915723800659,-0.3332151174545288
760,-1.0517058372497559,-0.9800553321838379,-0.47464877367019653
761,-0.618984043598175,-0.4374992251396179,0.008689142763614655
762,-0.6158795952796936,-0.401443749666214,-0.06693904846906662
763,-0.11165650188922882,0.1848805695772171,0.43524986505508423
764,-0.5186904668807983,-0.22703750431537628,0.06357274204492569
765,-0.5495326519012451,-0.31733739376068115,-0.004741992335766554
766,-0.724458634853363,-0.599345326423645,-0.18225935101509094
767,-0.5920953750610352,-0.30613264441490173,-0.030186256393790245
768,-0.6043084263801575,-0.4274978041648865,-0.08286232501268387
769,-1.130602240562439,-1.138529896736145,-0.4871727526187897
770,-0.05890948325395584,0.30417612195014954,0.48834577202796936
771,-1.0718988180160522,-1.0026322603225708,-0.4749702215194702
772,-0.6972154378890991,-0.5059441328048706,-0.1569310873746872
773,-1.1163859367370605,-1.105350375175476,-0.4486590325832367
774,-0.059450455009937286,0.19826637208461761,0.6194030046463013
775,-1.093400001525879,-0.9221881628036499,-0.47343578934669495
776,-1.0164071321487427,-0.9853641986846924,-0.41357502341270447
777,-1.0989354848861694,-1.037889003753662,-0.3800152540206909
778,-0.07996664196252823,0.31377503275871277,0.47767847776412964
779,-1.0885629653930664,-1.0581878423690796,-0.4843001961708069
780,-0.06578115373849869,0.3728581964969635,0.5287602543830872
781,-0.11392466723918915,0.40829575061798096,0.5091123580932617
782,-0.49913936853408813,-0.02751913107931614,0.33283448219299316
783,-0.5355121493339539,-0.11061766743659973,0.08485092222690582
784,-0.20337210595607758,0.23936662077903748,0.3434619605541229
785,-0.5072478652000427,0.0022972826845943928,0.3440217077732086
786,-0.09570912271738052,0.4075745940208435,0.5224327445030212
787,-0.5460339784622192,-0.08805709332227707,0.17201147973537445
788,-0.10535763204097748,0.42385008931159973,0.5347545146942139
789,-0.05933540314435959,0.40991151332855225,0.5111280083656311
790,-0.5586286187171936,-0.3083265721797943,0.08178853243589401
791,-0.377445250749588,0.021951422095298767,0.9652242064476013
792,-0.3747294843196869,0.18654917180538177,0.8141751885414124
793,-0.5742366909980774,-0.3336590826511383,0.10357256978750229
794,-0.56197589635849,-0.1877279430627823,0.024589302018284798
795,-0.4677196443080902,0.015270164236426353,0.2771807312965393
796,-0.6145909428596497,-0.4275723397731781,0.00722632696852088
797,-0.06566683948040009,0.37642890214920044,0.508624792098999
798,-0.472721129655838,-0.06048538163304329,0.37282317876815796
799,-0.45329102873802185,-0.09007281064987183,0.15335145592689514
800,-0.6397254467010498,-0.4402904212474823,0.167128324508667
801,-0.5306694507598877,-0.19149091839790344,0.044626299291849136
802,-0.5571938753128052,-0.27599936723709106,0.085503488779068
803,-0.5068315267562866,0.10919061303138733,0.8554965853691101
804,-0.06578115373849869,0.3866191506385803,0.5142785310745239
805,-0.6047016978263855,-0.26580503582954407,0.41291624307632446
806,-0.5588295459747314,-0.25298893451690674,0.11673875898122787
807,-0.48840269446372986,0.034526750445365906,0.06540527194738388
808,-0.06665359437465668,0.3782694339752197,0.5874679684638977
809,-0.5274248719215393,-0.046189457178115845,0.07345250993967056
810,-0.6278016567230225,-0.3289138674736023,0.11293410509824753
811,-0.5073408484458923,0.12608857452869415,0.36100292205810547
812,-0.12529009580612183,0.4552888870239258,0.468517005443573
813,-0.532400369644165,-0.03939157351851463,0.06290613859891891
814,0.005756109952926636,0.5764235854148865,0.6965532302856445
815,0.005736086051911116,0.6069650650024414,0.6817553043365479
816,-0.5546807050704956,-0.23235498368740082,0.07867611199617386
817,-0.951087236404419,-0.8405742645263672,-0.2657061219215393
818,-0.37704041600227356,-0.00756751699373126,0.23506633937358856
819,-0.5199671983718872,-0.054203372448682785,0.8357440233230591
820,0.023324936628341675,0.5677040815353394,0.6528276801109314
821,-1.0949680805206299,-1.0432658195495605,-0.3821994364261627
822,0.005155717022716999,0.48222285509109497,0.6588630676269531
823,-0.5590584874153137,-0.34529784321784973,-0.014441977255046368
824,-0.7866842746734619,-0.6270871758460999,-0.017804287374019623
825,-0.9715215563774109,-0.9534748792648315,-0.29582980275154114
826,-1.0599809885025024,-0.9773489236831665,-0.38593223690986633
827,-0.5786015391349792,-0.30524468421936035,0.044186316430568695
828,0.023324936628341675,0.4919304847717285,0.6835253834724426
829,-0.5114272832870483,-0.2484714388847351,-0.010615126229822636
830,-0.5301654934883118,-0.31469690799713135,-0.01338172610849142
831,-0.7650637626647949,-0.6066201329231262,-0.1111549586057663
832,-0.560652494430542,-0.35132506489753723,-0.039766788482666016
833,-0.569024384021759,-0.38488224148750305,-0.052460458129644394
834,-1.1844470500946045,-1.1433569192886353,-0.36251989006996155
835,0.005756109952926636,0.5953410863876343,0.6470896601676941
836,-1.070522665977478,-1.0372816324234009,-0.38029712438583374
837,-0.7413128018379211,-0.6356942653656006,-0.17143726348876953
838,-1.1272295713424683,-1.1057630777359009,-0.477561891078949
839,0.005756109952926636,0.43464386463165283,0.6580169796943665
840,-1.0591497421264648,-0.8786279559135437,-0.37757009267807007
841,-1.0394545793533325,-0.9970265030860901,-0.2748141288757324
842,-1.093255639076233,-1.074735164642334,-0.3022473454475403
843,-0.0015830144984647632,0.5219792723655701,0.5617935061454773
844,-1.0996372699737549,-1.0670305490493774,-0.3834632933139801
845,0.01200544647872448,0.6683796644210815,0.8045157790184021
846,-0.06229260936379433,0.24170610308647156,0.7984280586242676
847,-0.41007572412490845,-0.054181963205337524,0.39163586497306824
848,-0.4281305968761444,-0.1876276284456253,0.6536698341369629
849,-0.13360024988651276,0.3137171268463135,0.933672308921814
850,-0.3523353040218353,0.02290746197104454,0.587922215461731
851,-0.7947152256965637,-0.5719593167304993,0.5844124555587769
852,-0.30475878715515137,0.03201285004615784,0.801930844783783
853,-0.4053528606891632,-0.06586430966854095,0.8571107387542725
854,-0.7215842008590698,-0.47731760144233704,0.6884349584579468
855,0.023324936628341675,0.6838148236274719,0.7992752194404602
856,-0.2563396692276001,0.0606774277985096,0.46924838423728943
857,-0.3467390239238739,-0.05983057990670204,0.04323996230959892
858,-0.4974159598350525,-0.29372718930244446,0.008740055374801159
859,-0.5932328701019287,-0.4145183861255646,-0.06008494645357132
860,-0.6144859194755554,-0.4361329972743988,-0.06414502114057541
861,-0.2867327034473419,0.0698382630944252,0.5062443614006042
862,-0.5020145773887634,-0.28880470991134644,0.24306023120880127
863,-0.0179274994879961,0.38400283455848694,0.6055883765220642
864,-0.38283413648605347,0.00011025200365111232,0.3856395184993744
865,0.009279378689825535,0.622622013092041,0.6856314539909363
866,-0.5563087463378906,-0.3743356168270111,0.022954152897000313
867,0.01200544647872448,0.7006476521492004,0.7587167620658875
868,-0.5162416696548462,-0.3415071368217468,0.33165302872657776
869,-0.4164707362651825,0.019885770976543427,0.22080039978027344
870,-0.1939762979745865,0.09968394786119461,0.36777982115745544
871,-0.6270139813423157,-0.4329281449317932,0.19950246810913086
872,-0.6233478784561157,-0.43059760332107544,0.154580220580101
873,-0.20268875360488892,0.24759210646152496,0.6367039680480957
874,-0.725199282169342,-0.49236157536506653,0.32254907488822937
875,0.01962561160326004,0.7124173045158386,0.7540144324302673
876,-0.13318051397800446,0.24824035167694092,0.6454616189002991
877,-0.3254988193511963,-0.02106463350355625,0.5455800890922546
878,-0.7873785495758057,-0.6434733867645264,0.124144546687603
879,-0.32744649052619934,-0.0987742617726326,0.37057575583457947
880,-0.578721284866333,-0.3774693012237549,0.28599900007247925
881,-0.3839871287345886,-0.07304583489894867,0.15147314965724945
882,0.0062970807775855064,0.6464750170707703,0.7912023663520813
883,-0.7259606719017029,-0.5254395604133606,0.03303079679608345
884,-0.5563338994979858,-0.36725151538848877,0.22787407040596008
885,-0.40496376156806946,-0.15955954790115356,0.101763516664505
886,0.01962561160326004,0.7326166033744812,0.7789657711982727
887,-0.5234891772270203,-0.3209177553653717,0.18067432940006256
888,-0.7763797044754028,-0.629631757736206,0.08259102702140808
889,-0.39109036326408386,-0.1094454899430275,0.15236249566078186
890,0.007067963946610689,0.6121777892112732,0.7020241618156433
891,-0.4416164457798004,-0.2298007309436798,0.06312183290719986
892,-0.5320954322814941,-0.37463662028312683,0.520793616771698
893,-0.9386186003684998,-0.8391401171684265,-0.3284904360771179
894,-0.2736082673072815,-0.02133040316402912,0.33709093928337097
895,-0.5360966324806213,-0.12778910994529724,0.5962295532226562
896,0.01790422573685646,0.6155655384063721,0.6299370527267456
897,-1.1037006378173828,-1.090917706489563,-0.5054287314414978
898,0.01270783320069313,0.8680044412612915,0.9451156854629517
899,0.023324936628341675,0.6892526745796204,0.7715066075325012
900,-0.6013755202293396,-0.4142683446407318,-0.03987615928053856
901,-0.8504553437232971,-0.7535947561264038,-0.31650352478027344
902,-0.9857502579689026,-0.937466561794281,-0.3257085680961609
903,-1.0656898021697998,-1.0449389219284058,-0.3990919291973114
904,-0.6291126608848572,-0.42610806226730347,0.14176182448863983
905,-0.6986320614814758,-0.4651857614517212,-0.02026718482375145
906,0.01200544647872448,0.6709300875663757,0.7648552060127258
907,-0.5137927532196045,-0.2408098727464676,0.010551131330430508
908,-0.5483940839767456,-0.32031866908073425,-0.006843484938144684
909,-0.7261949181556702,-0.6147319078445435,-0.1547403484582901
910,-0.585969865322113,-0.4243711829185486,-0.048151060938835144
911,-0.612623929977417,-0.44931909441947937,-0.08829456567764282
912,-1.1785184144973755,-1.156596302986145,-0.49269822239875793
913,0.01270783320069313,0.5773058533668518,0.699370801448822
914,-1.08782958984375,-1.0790596008300781,-0.4588058292865753
915,-0.728493869304657,-0.5944238901138306,-0.20942027866840363
916,-1.1227097511291504,-1.1113489866256714,-0.47026365995407104
917,0.01962561160326004,0.6904755234718323,0.7700315713882446
918,-1.0846502780914307,-1.0199328660964966,-0.4533859193325043
919,-1.0474119186401367,-1.005974292755127,-0.39765840768814087
920,-1.1167700290679932,-1.0954633951187134,-0.3464888036251068
921,0.0019806064665317535,0.5325438380241394,0.5829283595085144
922,-1.1040281057357788,-1.0856434106826782,-0.4821590483188629
923,-0.5694205164909363,-0.35555192828178406,0.06328488886356354
924,-0.5841904282569885,-0.32431113719940186,0.04562261700630188
925,-0.7903295755386353,-0.6408777236938477,-0.22049297392368317
926,-0.5570484399795532,-0.37648075819015503,0.5221619009971619
927,-0.57515949010849,-0.4173530638217926,0.44998353719711304
928,-0.5747050642967224,-0.33027368783950806,-0.011784031055867672
929,-0.7653982639312744,-0.4721112549304962,0.11374723166227341
930,-0.6326084733009338,-0.4820455014705658,-0.07810487598180771
931,-0.7483153343200684,-0.5765268206596375,-0.008100639097392559
932,-0.5629054307937622,-0.33130744099617004,0.05446609854698181
933,-0.5865402221679688,-0.3753446638584137,-0.032584112137556076
934,-0.5628499984741211,-0.37834078073501587,0.4572659134864807
935,-0.5485156178474426,-0.308027446269989,-0.008860445581376553
936,-0.557857096195221,-0.29919853806495667,-0.016364390030503273
937,-0.6576836109161377,-0.4741566777229309,-0.09629534929990768
938,-0.5598728060722351,-0.3340047001838684,0.06700067222118378
939,-0.5764948725700378,-0.3615477979183197,-0.027069032192230225
940,-0.7802662253379822,-0.5772128105163574,-0.1885187029838562
941,-0.5535909533500671,-0.38215380907058716,0.32582521438598633
942,-0.7298023700714111,-0.5739680528640747,-0.21401405334472656
943,-0.6260083317756653,-0.4409988224506378,-0.10028096288442612
944,-0.7837206721305847,-0.6325475573539734,-0.23811201751232147
945,-0.5699084997177124,-0.4051843285560608,0.367338627576828
946,-0.7617398500442505,-0.5979933142662048,-0.15376532077789307
947,-0.6941615343093872,-0.5981238484382629,-0.05500851944088936
948,-0.7776449918746948,-0.5565295815467834,-0.23751166462898254
949,-0.5614370703697205,-0.4052666425704956,0.09335601329803467
950,-0.7842214703559875,-0.6290695667266846,-0.21933354437351227
951,-1.9574509859085083,-0.8715721368789673,-0.27332982420921326
952,-0.5527370572090149,-0.2944483757019043,0.31426891684532166
953,-1.0915170907974243,-0.990919828414917,-0.3930427134037018
954,-0.3452022671699524,0.16186749935150146,0.6068061590194702
955,-0.23612383008003235,0.1205587238073349,0.6239240765571594
956,-0.5545641183853149,-0.26011642813682556,0.0014545830199494958
957,-0.82972651720047,-0.6438233852386475,-0.2230222225189209
958,-0.9141052961349487,-0.8252333998680115,-0.319835364818573
959,-0.5868657827377319,-0.33974528312683105,0.032561711966991425
960,-0.6105632781982422,-0.29357603192329407,-0.06329278647899628
961,-0.532808780670166,-0.2694835662841797,-0.00849825982004404
962,-0.782032310962677,-0.6106064319610596,-0.2255491316318512
963,-0.7653674483299255,-0.6240987181663513,-0.2508145868778229
964,-1.0951201915740967,-1.0621240139007568,-0.503531277179718
965,-1.0988246202468872,-1.0521641969680786,-0.49185019731521606
966,-0.31326010823249817,-0.04970725625753403,0.28055569529533386
967,-1.728128433227539,-0.9149354696273804,-0.3246232867240906
968,-0.9037330150604248,-0.7676910758018494,-0.31963109970092773
969,-1.0944600105285645,-0.8338932394981384,-0.007975487969815731
970,-0.9585658311843872,-0.8341164588928223,-0.24731861054897308
971,-0.9781301021575928,-0.827672004699707,-0.32855841517448425
972,-0.9198817610740662,-0.822819709777832,-0.3043438196182251
973,-0.8648091554641724,-0.6966221928596497,-0.08906647562980652
974,-0.948898196220398,-0.8282890319824219,-0.32285618782043457
975,-1.0902272462844849,-0.7705892324447632,0.049538470804691315
976,-0.9156939387321472,-0.760470449924469,-0.31229716539382935
977,-0.783406138420105,-0.6601507663726807,-0.3129124343395233
978,-1.211961030960083,-0.8836248517036438,-0.2681938111782074
979,-0.9481244087219238,-0.7996568083763123,-0.2774025499820709
980,-0.9250949621200562,-0.7769319415092468,-0.33392709493637085
981,-0.9054691195487976,-0.7916260957717896,-0.26151883602142334
982,-0.9368752241134644,-0.8208960890769958,-0.2879084050655365
983,-1.0607208013534546,-0.8809967041015625,-0.37345439195632935
984,-0.8365191221237183,-0.6564094424247742,-0.24278266727924347
985,-1.0588667392730713,-0.785801351070404,-0.3267541527748108
986,-1.0207736492156982,-0.8136866092681885,-0.3248841464519501
987,-1.136167287826538,-0.7156029343605042,0.02366892248392105
988,-0.9719943404197693,-0.750049889087677,-0.32757270336151123
989,-1.2643297910690308,-0.9068328738212585,-0.32868492603302
990,-1.3398030996322632,-0.8932424783706665,-0.2741646468639374
991,-1.037537932395935,-0.7617224454879761,-0.24952130019664764
992,-0.5857635736465454,-0.39870551228523254,-0.06826163083314896
993,-0.32741454243659973,0.13956476747989655,0.3628007471561432
994,-1.0846402645111084,-1.0479618310928345,-0.48431187868118286
995,-0.4589940905570984,-0.056600071489810944,0.41797810792922974
996,-0.30036962032318115,0.012023208662867546,0.6171352863311768
997,-0.6015053391456604,-0.3345751464366913,-0.054211683571338654
998,-0.8372278809547424,-0.6985267400741577,-0.24476201832294464
999,-1.1182150840759277,-0.8201549649238586,-0.18867944180965424
1000,-1.1139291524887085,-1.0157201290130615,-0.43086087703704834
1001,-0.591948390007019,-0.39743468165397644,-0.07524210959672928
1002,-0.7303778529167175,-0.5031810402870178,-0.19280412793159485
1003,-0.376189649105072,-0.11217938363552094,0.708774745464325
1004,-0.5495008230209351,-0.2806202173233032,-0.03062516637146473
1005,-0.5399522185325623,-0.21332477033138275,-0.0065073794685304165
1006,-0.763876736164093,-0.5892821550369263,-0.2603798806667328
1007,-0.5903229713439941,-0.3880750834941864,-0.03286432474851608
1008,-0.7520216703414917,-0.5455787181854248,-0.20064875483512878
1009,-1.0712558031082153,-1.0594559907913208,-0.4845960736274719
1010,-0.328843891620636,0.014236452989280224,0.5990309119224548
1011,-1.1208829879760742,-1.032138705253601,-0.48148244619369507
1012,-0.7798581719398499,-0.6107606887817383,-0.2728543281555176
1013,-1.0748878717422485,-1.0415401458740234,-0.49779221415519714
1014,-0.32454216480255127,-0.061100997030735016,0.8484929800033569
1015,-1.1615732908248901,-1.0570112466812134,-0.4769122004508972
1016,-1.1253842115402222,-0.9524202942848206,-0.4244954586029053
1017,-1.0710705518722534,-1.010532259941101,-0.3498935401439667
1018,-0.5327832102775574,-0.3308829069137573,0.046154748648405075
1019,-1.0820690393447876,-1.0440516471862793,-0.47832539677619934
1020,-0.5321547985076904,-0.30699965357780457,0.12940287590026855
1021,-0.2338131219148636,0.0812782570719719,0.2770090699195862
1022,-0.590103268623352,-0.3621056079864502,-0.019875507801771164
1023,-0.2136949747800827,0.07755757868289948,0.3305591940879822
1024,-0.2066778540611267,0.027129996567964554,0.4101654887199402
1025,-0.5846115350723267,-0.4143581986427307,-0.0436517633497715
1026,-0.4383469223976135,-0.0585654154419899,0.32879549264907837
1027,-0.4630926549434662,-0.35484978556632996,0.04705546051263809
1028,-0.5991527438163757,-0.42931437492370605,-0.03331645950675011
1029,-0.5938751101493835,-0.41916412115097046,-0.06261306256055832
1030,-0.5170257687568665,-0.20400317013263702,0.35402247309684753
1031,-0.6274111866950989,-0.4812629222869873,-0.04433600604534149
1032,-0.25684356689453125,0.03887036815285683,0.47476986050605774
1033,-0.49706897139549255,-0.18915389478206635,0.03064643405377865
1034,-0.5252086520195007,-0.237107515335083,0.018630951642990112
1035,-0.6337935328483582,-0.49228399991989136,-0.06627552956342697
1036,-0.5344208478927612,-0.29964113235473633,-0.027411431074142456
1037,-0.576916515827179,-0.42972245812416077,-0.04440934583544731
1038,-0.5665149688720703,-0.30085161328315735,0.032908279448747635
1039,-0.20260465145111084,0.14851877093315125,0.45651599764823914
1040,-0.6357532739639282,-0.49689221382141113,-0.09490738064050674
1041,-0.5895649194717407,-0.41293665766716003,-0.0774516835808754
1042,-0.537304162979126,-0.2968040108680725,-0.000792819366324693
1043,-0.5737804770469666,-0.3781430721282959,-0.09090236574411392
1044,-0.6714146137237549,-0.5219860076904297,-0.07586611807346344
1045,-0.560960054397583,-0.2603658437728882,0.10510799288749695
1046,-0.2592402398586273,0.006857873871922493,0.24787697196006775
1047,-0.5362116098403931,-0.2948698401451111,0.028745876625180244
1048,-0.5445908308029175,-0.20374426245689392,0.12748004496097565
1049,-0.03769918531179428,0.5230703353881836,0.6394171714782715
1050,-1.0935035943984985,-1.0480676889419556,-0.4388922452926636
1051,-0.05386464670300484,0.5281621217727661,0.7324654459953308
1052,-0.033124834299087524,0.3697718679904938,0.7252086997032166
1053,-0.5590584874153137,-0.32513362169265747,-0.00636886665597558
1054,-0.7808654308319092,-0.5294215083122253,-0.13172711431980133
1055,-0.9618822336196899,-0.9278775453567505,-0.2977522909641266
1056,-1.0523457527160645,-0.9339521527290344,-0.42525434494018555
1057,-0.5865471363067627,-0.36641132831573486,-0.013338305056095123
1058,-0.5966221690177917,-0.3284025192260742,-0.019036050885915756
1059,-0.0179274994879961,0.3450184166431427,0.7779731154441833
1060,-0.4975895881652832,-0.260041207075119,-0.008571715094149113
1061,-0.5375426411628723,-0.2886136770248413,0.0002480002585798502
1062,-0.7965860366821289,-0.6651387810707092,-0.2319394052028656
1063,-0.565605640411377,-0.37216830253601074,-0.046642646193504333
1064,-0.5806290507316589,-0.3871631622314453,-0.045793596655130386
1065,-1.154228687286377,-1.144230604171753,-0.4989831745624542
1066,-0.032544467598199844,0.32770541310310364,0.6762276887893677
1067,-1.082726001739502,-1.0231729745864868,-0.4647814929485321
1068,-0.7811281085014343,-0.6607767939567566,-0.2327437549829483
1069,-1.111825942993164,-1.1056435108184814,-0.4761270582675934
1070,-0.020650163292884827,0.3648397624492645,0.8287622928619385
1071,-1.0751038789749146,-0.948460578918457,-0.44841763377189636
1072,-1.0459160804748535,-0.9883312582969666,-0.38797104358673096
1073,-1.0983102321624756,-0.932460367679596,-0.26527759432792664
1074,-0.05429687723517418,0.358368456363678,0.4823702573776245
1075,-1.0927249193191528,-1.0326778888702393,-0.4382953345775604
1076,-0.5131827592849731,-0.2715452015399933,1.1464084386825562
1077,-0.7778323292732239,-0.6142822504043579,-0.18154074251651764
1078,-0.5436674952507019,-0.314719557762146,0.44058990478515625
1079,-0.7715485095977783,-0.5072441697120667,-0.1555744707584381
1080,-0.7498995065689087,-0.5808546543121338,-0.2251393049955368
1081,-0.7663453817367554,-0.643088698387146,-0.23647141456604004
1082,-0.5323212146759033,-0.13130000233650208,0.33731526136398315
1083,-0.7883566617965698,-0.5649575591087341,-0.24186858534812927
1084,-0.5264673829078674,-0.21113057434558868,0.4729469120502472
1085,-0.7799283266067505,-0.6364250183105469,-0.2430199384689331
1086,-0.7731542587280273,-0.6098383665084839,-0.23970115184783936
1087,-0.5343769192695618,-0.1691134124994278,0.34611475467681885
1088,-0.8252354860305786,-0.6673648357391357,-0.2474624514579773
1089,-0.7981182932853699,-0.6421102285385132,-0.245340496301651
1090,-0.789478600025177,-0.5387462377548218,-0.24037253856658936
1091,-0.5469842553138733,-0.2158478945493698,0.5393376350402832
1092,-0.7490545511245728,-0.5819253325462341,-0.23008239269256592
1093,-0.2839689552783966,0.3135097026824951,0.5715696811676025
1094,-0.4006603956222534,0.15568934381008148,0.42903563380241394
1095,-0.20034001767635345,0.27714136242866516,0.7645896077156067
1096,-0.5554093718528748,-0.22119472920894623,-0.025008467957377434
1097,-0.8190353512763977,-0.6630352735519409,-0.24497300386428833
1098,-0.9632222652435303,-0.7875128984451294,-0.28507304191589355
1099,-1.0999785661697388,-0.974661111831665,-0.32035529613494873
1100,-0.5804497003555298,-0.31838738918304443,-0.0369802862405777
1101,-0.6393187046051025,-0.3060113191604614,-0.13154269754886627
1102,-0.2859863042831421,0.12154550850391388,0.7615956664085388
1103,-0.5426547527313232,-0.2627398669719696,-0.01802951656281948
1104,-0.5243637561798096,-0.23411300778388977,-0.014348860830068588
1105,-0.7635000348091125,-0.6050354242324829,-0.24896231293678284
1106,-0.5657057762145996,-0.32021117210388184,-0.0013555034529417753
1107,-0.6452343463897705,-0.4301374852657318,-0.15132741630077362
1108,-1.1296172142028809,-1.0821510553359985,-0.47987329959869385
1109,-0.30566632747650146,0.25748470425605774,0.6458144783973694
1110,-1.107559323310852,-1.0110836029052734,-0.47606080770492554
1111,-0.7647504806518555,-0.5977819561958313,-0.24422788619995117
1112,-1.0484083890914917,-0.9067318439483643,-0.3955642282962799
1113,-0.41414958238601685,-0.08404769748449326,0.23842066526412964
1114,-1.0848644971847534,-1.005129337310791,-0.38049063086509705
1115,-0.478442519903183,-0.04656629264354706,0.24564900994300842
1116,0.023324936628341675,0.5844404101371765,0.6590387225151062
1117,0.004030903801321983,0.5654483437538147,0.6511297821998596
1118,-0.3446868360042572,0.004262878093868494,0.4673718214035034
1119,-0.23964989185333252,0.14950396120548248,0.318831205368042
1120,-0.16414394974708557,0.33252307772636414,0.5692864656448364
1121,-0.4459764063358307,-0.07966901361942291,0.28971537947654724
1122,-0.4186393916606903,-0.0602257177233696,0.1664542406797409
1123,-0.2050483524799347,0.35022464394569397,0.6005797982215881
1124,-0.5502477288246155,-0.22697706520557404,0.23337198793888092
1125,0.007067963946610689,0.5108759999275208,0.6309115886688232
1126,-0.0956319272518158,0.4668566584587097,0.5860550999641418
1127,-0.22944341599941254,0.2594526410102844,0.6524353623390198
1128,-0.6525614261627197,-0.3119976818561554,0.23643700778484344
1129,-0.30722761154174805,0.16106820106506348,0.5390217900276184
1130,-0.33532553911209106,0.07359810918569565,0.4655873477458954
1131,-0.370382159948349,0.17062506079673767,0.3353098928928375
1132,0.01790422573685646,0.5842714905738831,0.6300609707832336
1133,-0.6159740686416626,-0.3488408923149109,0.07442490011453629
1134,-0.3476196229457855,0.0809917077422142,0.5225518345832825
1135,-0.38562846183776855,0.16024021804332733,0.2793581783771515
1136,0.009279378689825535,0.5514071583747864,0.6911115646362305
1137,-0.376616895198822,0.17277012765407562,0.3813892900943756
1138,-0.6809311509132385,-0.4103177487850189,0.17925052344799042
1139,-0.37246814370155334,0.14175255596637726,0.3049868047237396
1140,0.0006549139507114887,0.5927141308784485,0.6489602327346802
1141,-0.3945029079914093,0.1044594794511795,0.28945982456207275
1142,-1.0992754697799683,-1.0651873350143433,-0.49411192536354065
1143,0.01790422573685646,0.6428278684616089,0.8322798609733582
1144,0.0062970807775855064,0.5723488330841064,0.7444916367530823
1145,-0.5905299782752991,-0.3753949701786041,-0.05364125594496727
1146,-0.8264198303222656,-0.688639223575592,-0.19062171876430511
1147,-0.9435925483703613,-0.8564954400062561,-0.317417711019516
1148,-1.0568631887435913,-1.009129524230957,-0.41589638590812683
1149,-0.5976313352584839,-0.4466225802898407,0.17018087208271027
1150,-0.6621706485748291,-0.41603511571884155,-0.0751422569155693
1151,0.01790422573685646,0.5561366677284241,0.6985201835632324
1152,-0.5015626549720764,-0.24494816362857819,0.26254111528396606
1153,-0.555877685546875,-0.3257332742214203,-0.019213061779737473
1154,-0.7323004603385925,-0.5508209466934204,-0.1744726002216339
1155,-0.5975356101989746,-0.4227270781993866,-0.06302900612354279
1156,-0.6160115599632263,-0.41041895747184753,-0.08754847198724747
1157,-1.1657918691635132,-1.1583802700042725,-0.3050338625907898
1158,0.0062970807775855064,0.5943453311920166,0.7109920382499695
1159,-1.0772384405136108,-1.0281903743743896,-0.4487910866737366
1160,-0.7182880640029907,-0.5302053689956665,-0.13646656274795532
1161,-1.124771237373352,-1.1065359115600586,-0.4395151436328888
1162,0.009279378689825535,0.5491203665733337,0.7917325496673584
1163,-1.0948574542999268,-1.0271692276000977,-0.39936569333076477
1164,-1.0295377969741821,-0.9385135769844055,-0.43957966566085815
1165,-1.1184165477752686,-1.0443904399871826,-0.26347434520721436
1166,0.005692090839147568,0.5341253876686096,0.5850483775138855
1167,-1.1060158014297485,-1.0719355344772339,-0.4380074143409729
1168,-1.1032533645629883,-1.0985225439071655,-0.49541175365448
1169,-1.1034621000289917,-1.088753581047058,-0.4821590483188629
1170,-1.1215856075286865,-1.0829482078552246,-0.48842883110046387
1171,-0.9535169005393982,-0.8481025695800781,-0.47763076424598694
1172,-1.0674041509628296,-1.0184160470962524,-0.49968111515045166
1173,-1.1330541372299194,-1.0740792751312256,-0.4886620342731476
1174,-1.0772900581359863,-1.0076959133148193,-0.4977552890777588
1175,-1.0879008769989014,-0.9235055446624756,-0.3955117464065552
1176,-1.126906156539917,-1.0843768119812012,-0.4893932044506073
1177,-1.1115047931671143,-1.0549628734588623,-0.48155611753463745
1178,-1.0878313779830933,-1.042704463005066,-0.5021935701370239
1179,-1.1003913879394531,-1.06394624710083,-0.4952741861343384
1180,-1.11602783203125,-1.0640045404434204,-0.48181694746017456
1181,-1.1460826396942139,-1.065104603767395,-0.4832897484302521
1182,-1.1237037181854248,-1.0689053535461426,-0.48078224062919617
1183,-1.0424445867538452,-1.001809000968933,-0.4961104393005371
1184,-1.1067994832992554,-1.0464096069335938,-0.4563969075679779
1185,-1.0801966190338135,-1.0573618412017822,-0.500388503074646
1186,-1.1204650402069092,-1.0392953157424927,-0.48787999153137207
1187,-1.05122709274292,-1.0226777791976929,-0.4398731589317322
1188,-1.1121326684951782,-1.080749750137329,-0.4958649277687073
1189,-1.0618245601654053,-1.0139288902282715,-0.4953581392765045
1190,-1.0990009307861328,-1.0314948558807373,-0.48290354013442993
1191,-1.03740394115448,-0.9886758327484131,-0.5038188695907593
1192,-1.0904642343521118,-1.0750536918640137,-0.49449649453163147
1193,-1.0477659702301025,-1.020116925239563,-0.4813827574253082
1194,-0.4558791220188141,-0.14683616161346436,0.1437140554189682
1195,-0.41882359981536865,-0.11250230669975281,0.15068599581718445
1196,-0.7589192986488342,-0.5371673107147217,-0.194705992937088
1197,-0.9079651832580566,-0.7960469722747803,-0.37183889746665955
1198,-1.111781120300293,-0.7847020030021667,-0.22807252407073975
1199,-1.0778281688690186,-1.0183137655258179,-0.4791153073310852
1200,-0.6646565794944763,-0.48034700751304626,-0.01746099814772606
1201,-0.7570974826812744,-0.6254101395606995,-0.22056135535240173
1202,-0.42603498697280884,-0.22735333442687988,0.16659370064735413
1203,-0.5848905444145203,-0.3935742974281311,-0.03936048224568367
1204,-0.5794618725776672,-0.3237974941730499,-0.04711425304412842
1205,-0.8616883158683777,-0.806849479675293,-0.2768627107143402
1206,-0.7541316747665405,-0.6237643957138062,-0.177394300699234
1207,-0.758201539516449,-0.6299808621406555,-0.23490916192531586
1208,-1.0342861413955688,-0.9940463304519653,-0.48174887895584106
1209,-0.3777431547641754,-0.10007403045892715,0.27805593609809875
1210,-0.8401690125465393,-0.7396867871284485,-0.25102317333221436
1211,-1.0534874200820923,-1.0242328643798828,-0.39864569902420044
1212,-0.500160813331604,-0.23770329356193542,0.19943617284297943
1213,-1.0612324476242065,-0.9645296931266785,-0.479678213596344
1214,-1.1242477893829346,-0.906068742275238,-0.4422074556350708
1215,-1.0373977422714233,-0.9863055944442749,-0.5034939050674438
1216,-0.5547597408294678,-0.40539708733558655,0.004147549159824848
1217,-1.0504121780395508,-1.010116457939148,-0.48238131403923035
1218,0.0062970807775855064,0.7429141402244568,0.879727840423584
1219,-0.47573524713516235,-0.2660200297832489,0.53439861536026
1220,-0.27033382654190063,0.03190723434090614,0.24662888050079346
1221,-0.2991032302379608,0.2330998331308365,0.6604357957839966
1222,-0.624295711517334,-0.39117345213890076,0.2919447422027588
1223,-0.598748505115509,-0.29468390345573425,0.25004521012306213
1224,-0.24235132336616516,0.2575971484184265,0.6681768894195557
1225,-0.6837559938430786,-0.5555923581123352,0.19835856556892395
1226,0.01200544647872448,0.885660707950592,1.068738341331482
1227,-0.1309279054403305,0.3622535765171051,0.6110584735870361
1228,-0.30876705050468445,0.07757002115249634,0.5917180180549622
1229,-0.8124095797538757,-0.6049193739891052,0.37805500626564026
1230,-0.30119243264198303,-0.00519601022824645,0.5310894250869751
1231,-0.5149497389793396,-0.370743989944458,0.26115238666534424
1232,-0.3809712529182434,0.13238213956356049,0.251350998878479
1233,0.01270783320069313,0.6741368174552917,0.8028687834739685
1234,-0.7439436316490173,-0.3908103108406067,0.22110530734062195
1235,-0.4736209809780121,-0.25222572684288025,0.3483414649963379
1236,-0.40884384512901306,-0.03367562219500542,0.17582012712955475
1237,0.0062970807775855064,0.6853571534156799,0.8710768818855286
1238,-0.45820894837379456,-0.07189518958330154,0.3372824788093567
1239,-0.8308830261230469,-0.5594899654388428,0.09054470807313919
1240,-0.3760826289653778,0.09484080225229263,0.2734011709690094
1241,0.023324936628341675,0.5982474684715271,0.7971140146255493
1242,-0.43775245547294617,-0.10499987751245499,0.12222141027450562
1243,0.01200544647872448,0.6978970170021057,0.7814117670059204
1244,-0.6296756863594055,-0.4150659143924713,-0.041199229657649994
1245,-0.8364179730415344,-0.6681446433067322,-0.20433206856250763
1246,-0.9917550683021545,-0.9344232082366943,-0.30337321758270264
1247,-1.0667624473571777,-1.0633318424224854,-0.394006609916687
1248,0.0062970807775855064,0.6298372149467468,0.795734703540802
1249,-0.4630010724067688,-0.1344853788614273,0.07562441378831863
1250,-0.5617477297782898,-0.36207494139671326,-0.003935954533517361
1251,-0.7738849520683289,-0.6112415194511414,-0.13274602591991425
1252,-0.6067630648612976,-0.4018133580684662,-0.047703783959150314
1253,-0.6227689981460571,-0.43989115953445435,-0.0680776908993721
1254,-1.1875249147415161,-1.145615816116333,-0.3733714818954468
1255,0.0062970807775855064,0.6885132789611816,0.8139306902885437
1256,-1.093380331993103,-1.0800429582595825,-0.4604848623275757
1257,-0.7338879704475403,-0.5732298493385315,-0.038078248500823975
1258,-1.1275616884231567,-1.0970232486724854,-0.43981102108955383
1259,0.01200544647872448,0.7157315015792847,0.8619006276130676
1260,-1.0723451375961304,-1.0490206480026245,-0.37570279836654663
1261,-1.050086259841919,-0.990302324295044,-0.39795002341270447
1262,-1.0935475826263428,-1.065446138381958,-0.26993507146835327
1263,0.0029251817613840103,0.5886690616607666,0.6301043033599854
1264,-1.111423373222351,-1.0884557962417603,-0.4667262136936188
1265,-0.37398865818977356,-0.16919156908988953,0.6953670978546143
1266,-0.24881641566753387,0.1605266034603119,0.33315593004226685
1267,-0.15091657638549805,0.21272653341293335,0.6437814831733704
1268,-0.44164639711380005,-0.15732026100158691,0.5834704637527466
1269,-0.46841511130332947,-0.19770576059818268,0.38439932465553284
1270,-0.1927754431962967,0.3405500650405884,0.785973846912384
1271,-0.4869854152202606,-0.35198163986206055,0.6656510233879089
1272,0.023324936628341675,0.6827504634857178,0.7597349286079407
1273,-0.10710138827562332,0.34194231033325195,0.6059427857398987
1274,-0.2181200385093689,0.14917105436325073,0.612299382686615
1275,-0.6372801661491394,-0.41187265515327454,0.3051101267337799
1276,-0.22733283042907715,0.03186911717057228,0.569732129573822
1277,-0.35389456152915955,-0.08433879166841507,0.6349844336509705
1278,-0.367600679397583,0.21733655035495758,0.31070271134376526
1279,0.0062970807775855064,0.5952649116516113,0.7528382539749146
1280,-0.6193239092826843,-0.3737733066082001,0.3057421147823334
1281,-0.30283036828041077,-0.06348307430744171,0.7010309100151062
1282,-0.3682771921157837,0.11483891308307648,0.27123335003852844
1283,0.01962561160326004,0.6394407749176025,0.7629674077033997
1284,-0.38939568400382996,-0.05216485261917114,0.2620384395122528
1285,-0.632940948009491,-0.45236530900001526,0.4008720815181732
1286,-0.3666662573814392,0.1693827360868454,0.3019661605358124
1287,0.0064524877816438675,0.5193610787391663,0.6975334286689758
1288,-0.38677874207496643,0.030073773115873337,0.24878500401973724
1289,-0.5977543592453003,-0.4024930000305176,-0.018138393759727478
1290,-0.8435397148132324,-0.7465501427650452,-0.2351008802652359
1291,-0.9445459246635437,-0.8762004971504211,-0.3205600380897522
1292,-1.0574510097503662,-1.0370776653289795,-0.41399070620536804
1293,-0.6115285158157349,-0.4704022705554962,0.25390157103538513
1294,-0.6446641087532043,-0.4037529230117798,-0.04907262325286865
1295,0.0062970807775855064,0.6511180996894836,0.7767167687416077
1296,-0.49325650930404663,-0.23797015845775604,0.04962587356567383
1297,-0.5489466190338135,-0.35213732719421387,0.00428003678098321
1298,-0.7233346104621887,-0.582047700881958,-0.18898898363113403
1299,-0.6003912687301636,-0.421112060546875,-0.06863877922296524
1300,-0.6132302284240723,-0.4389486312866211,-0.07323908805847168
1301,-1.1762582063674927,-1.1510388851165771,-0.3953567147254944
1302,0.01200544647872448,0.56538325548172,0.7956962585449219
1303,-1.0776349306106567,-1.0391614437103271,-0.4730191230773926
1304,-0.7136861085891724,-0.5712640285491943,-0.20406179130077362
1305,-1.107288122177124,-1.093160629272461,-0.46655166149139404
1306,0.01962561160326004,0.6309069395065308,0.7606986165046692
1307,-1.072155237197876,-0.9724651575088501,-0.45187515020370483
1308,-0.9989255666732788,-0.9167076945304871,-0.3983105421066284
1309,-1.121999740600586,-1.1083366870880127,-0.3053528964519501
1310,0.022701136767864227,0.4823051691055298,0.5877925753593445
1311,-1.1081856489181519,-1.085090160369873,-0.4974629878997803
1312,-0.8011344075202942,-0.652179479598999,-0.20655423402786255
1313,-0.5947500467300415,-0.2414396107196808,0.009813549928367138
1314,-0.5869240760803223,-0.3376437723636627,-0.05471602454781532
1315,-0.7004534602165222,-0.5052893161773682,-0.18127237260341644
1316,-0.5502206683158875,-0.2583303451538086,-0.01122884638607502
1317,-0.5529531836509705,-0.2604818046092987,-0.011225106194615364
1318,-0.5989653468132019,-0.41623565554618835,-0.026364406570792198
1319,-0.5519465208053589,-0.34402865171432495,-0.015171892009675503
1320,-0.5543845295906067,-0.3285810649394989,-0.0205953698605299
1321,-0.588053822517395,-0.287193238735199,-0.037677101790905
1322,-0.5465836524963379,-0.250467449426651,-0.009638013318181038
1323,-0.5465836524963379,-0.2465560883283615,-0.015170247294008732
1324,-0.7473543882369995,-0.565552294254303,-0.1953614056110382
1325,-0.5898154377937317,-0.4101554751396179,-0.055204328149557114
1326,-0.7031673789024353,-0.5223508477210999,-0.17751455307006836
1327,-0.5840516090393066,-0.29576581716537476,-0.03476756811141968
1328,-0.7499239444732666,-0.4844377934932709,-0.19750019907951355
1329,-0.597777783870697,-0.3999783992767334,-0.026970410719513893
1330,-0.6724914312362671,-0.46737635135650635,-0.11965340375900269
1331,-0.6155399680137634,-0.369025856256485,-0.08284492045640945
1332,-0.7671359777450562,-0.5715956091880798,-0.22063694894313812
1333,-0.6059837937355042,-0.41010069847106934,-0.018502499908208847
1334,-0.7557210326194763,-0.5328022241592407,-0.195196270942688
1335,-0.8314114212989807,-0.5906985998153687,0.01489579863846302
1336,-0.9106640815734863,-0.8286139965057373,-0.31875959038734436
1337,-1.1114108562469482,-0.987724244594574,-0.39137935638427734
1338,-0.5863451361656189,-0.37499767541885376,-0.031773392111063004
1339,-0.5814673900604248,-0.2155901938676834,-0.043602537363767624
1340,-0.47380706667900085,-0.2632805407047272,0.6036242246627808
1341,-0.5583975911140442,-0.3665925860404968,-0.0014637584099546075
1342,-0.5490539073944092,-0.3429189622402191,-0.01700734719634056
1343,-0.7608059644699097,-0.562943160533905,-0.2322821021080017
1344,-0.5686919093132019,-0.3245013654232025,-0.043329328298568726
1345,-0.5826435685157776,-0.384775847196579,-0.06519073992967606
1346,-1.1428381204605103,-1.0837680101394653,-0.45763787627220154
1347,-0.445771723985672,-0.15069039165973663,0.4587929844856262
1348,-1.163254737854004,-1.0833221673965454,-0.49103841185569763
1349,-0.7615256309509277,-0.6063700318336487,-0.24505898356437683
1350,-1.114250659942627,-1.07761549949646,-0.5054711103439331
1351,-0.4548952579498291,-0.23650118708610535,0.6832607388496399
1352,-1.1891003847122192,-1.0365046262741089,-0.47916901111602783
1353,-1.020538091659546,-0.8231151700019836,-0.40641212463378906
1354,-1.0896660089492798,-1.0346918106079102,-0.3387383222579956
1355,-0.5932499170303345,-0.39813169836997986,0.17457807064056396
1356,-1.1017040014266968,-1.0604592561721802,-0.4708273112773895
1357,-0.8170822858810425,-0.6545140743255615,-0.16126321256160736
1358,-0.8638453483581543,-0.7409415245056152,-0.2538774311542511
1359,-0.8693410158157349,-0.7763652801513672,-0.4264220595359802
1360,-0.8240087628364563,-0.6450859904289246,0.18499289453029633
1361,-0.8767648935317993,-0.6841026544570923,-0.2366204708814621
1362,-0.8425370454788208,-0.7628189921379089,-0.2850859761238098
1363,-0.783819854259491,-0.5753729343414307,0.0184786319732666
1364,-0.8177692890167236,-0.7008638978004456,-0.2785804569721222
1365,-0.8892862200737,-0.7957957983016968,-0.32919907569885254
1366,-0.8562158346176147,-0.7256923317909241,-0.045663438737392426
1367,-0.8271587491035461,-0.6893698573112488,-0.17656517028808594
1368,-0.9011905789375305,-0.7835192084312439,-0.29281556606292725
1369,-0.8573037981987,-0.7646901607513428,-0.30034688115119934
1370,-0.8992874622344971,-0.7827580571174622,-0.4227850139141083
1371,-0.8333314657211304,-0.7213974595069885,-0.17306677997112274
1372,-0.9021568298339844,-0.7760916948318481,-0.26606109738349915
1373,-0.8541052937507629,-0.7614671587944031,-0.3655579090118408
1374,-0.8490025997161865,-0.681229293346405,-0.18460188806056976
1375,-0.8752109408378601,-0.7440210580825806,-0.3611564040184021
1376,-0.8968481421470642,-0.7729867696762085,-0.2853010296821594
1377,-0.8286952376365662,-0.663857102394104,-0.20735308527946472
1378,-0.9053480625152588,-0.8056716918945312,-0.37388724088668823
1379,-0.9159175753593445,-0.7369881868362427,-0.23387646675109863
1380,-0.9069442749023438,-0.770477831363678,-0.40409550070762634
1381,-0.6565802693367004,-0.4466480612754822,-0.1065148189663887
1382,-0.7707549333572388,-0.6466970443725586,-0.2210392951965332
1383,-0.15203726291656494,0.24771162867546082,0.45698633790016174
1384,-0.6082409620285034,-0.41672831773757935,-0.03630884364247322
1385,-0.612368106842041,-0.42406120896339417,0.049871642142534256
1386,-0.957267701625824,-0.7491347193717957,-0.2538878619670868
1387,-0.7679677605628967,-0.5785158276557922,-0.24060221016407013
1388,-0.8522034883499146,-0.6336328387260437,-0.2304123342037201
1389,-0.9712409377098083,-0.871950626373291,-0.42765650153160095
1390,-0.18894296884536743,0.2637164294719696,0.6351061463356018
1391,-0.9236348867416382,-0.797656774520874,-0.43610408902168274
1392,-0.9165395498275757,-0.6738529205322266,-0.2818931043148041
1393,-0.9351048469543457,-0.7796899080276489,-0.37105074524879456
1394,-0.2841223478317261,0.21646086871623993,0.30927664041519165
1395,-0.901638925075531,-0.7349456548690796,-0.2695791721343994
1396,-0.943260133266449,-0.7564923763275146,-0.2622060775756836
1397,-0.9103925228118896,-0.8336082100868225,-0.4323485791683197
1398,-0.4286576211452484,-0.06154460832476616,0.2201477289199829
1399,-0.9550922513008118,-0.8796708583831787,-0.4913947582244873
1400,-0.9297621250152588,-0.6474649310112,-0.18964271247386932
1401,-1.6567943096160889,-0.6457563638687134,-0.08922454714775085
1402,-0.751572847366333,-0.6056188941001892,-0.13926422595977783
1403,-0.8628283739089966,-0.6045891642570496,-0.20977196097373962
1404,-0.8569701910018921,-0.6204131841659546,-0.23635374009609222
1405,-1.088550090789795,-0.7062951922416687,-0.2505509555339813
1406,-1.068989872932434,-0.6585826873779297,-0.2659781873226166
1407,-1.035932183265686,-0.8107894659042358,-0.28049907088279724
1408,-1.095615029335022,-0.985484778881073,-0.14772790670394897
1409,-0.593497633934021,-0.3152243494987488,0.045467883348464966
1410,-0.7679151892662048,-0.4967091679573059,-0.1617841124534607
1411,-0.1315971165895462,0.18269790709018707,0.8816177248954773
1412,-0.5249611139297485,-0.2010401040315628,0.03100176714360714
1413,-0.5385698676109314,-0.18784841895103455,-0.011094232089817524
1414,-0.5891319513320923,-0.3848755359649658,0.04834379628300667
1415,-0.7277843356132507,-0.4995974004268646,-0.1738138347864151
1416,-0.18325456976890564,0.24441957473754883,0.9168816208839417
1417,-1.0805373191833496,-1.0113193988800049,-0.4908323585987091
1418,-0.763163149356842,-0.6058254241943359,-0.2458420842885971
1419,-1.0903568267822266,-1.0557132959365845,-0.5052632689476013
1420,-0.15811514854431152,0.1047632023692131,0.7891495227813721
1421,-1.0140732526779175,-0.9312227368354797,-0.42462605237960815
1422,-1.047300934791565,-0.8088211417198181,-0.36861303448677063
1423,-0.2970024347305298,-0.10174719989299774,0.34703880548477173
1424,-1.064144253730774,-1.0083293914794922,-0.49968111515045166
1425,-1.1385552883148193,-0.815051794052124,-0.05344727262854576
1426,-0.9462752938270569,-0.8025602102279663,-0.29653358459472656
1427,-0.9589899182319641,-0.7619357705116272,-0.32338014245033264
1428,-0.8687328100204468,-0.7504462003707886,-0.2661300301551819
1429,-0.9615037441253662,-0.8701907992362976,-0.32452335953712463
1430,-0.9627318978309631,-0.8560577630996704,-0.3154356777667999
1431,-0.947624683380127,-0.857891321182251,-0.3020724058151245
1432,-0.9340408444404602,-0.7788164019584656,-0.28741690516471863
1433,-0.9257845282554626,-0.7434349060058594,-0.3203197121620178
1434,-1.1168138980865479,-0.7016479969024658,-0.3201347291469574
1435,-0.8635708093643188,-0.7459115386009216,-0.2650963068008423
1436,-1.0139634609222412,-0.7758305072784424,-0.10116901248693466
1437,-0.9428094625473022,-0.8249271512031555,-0.3128250539302826
1438,-1.0377682447433472,-0.8040172457695007,0.02802082896232605
1439,-0.9452172517776489,-0.8701034784317017,-0.2830081880092621
1440,-1.0909277200698853,-0.8522837162017822,-0.30982381105422974
1441,-0.9669312834739685,-0.8078434467315674,-0.31824013590812683
1442,-0.9864117503166199,-0.9336474537849426,-0.31622275710105896
1443,-1.0378997325897217,-0.7220131754875183,0.18912790715694427
1444,-1.1993498802185059,-0.9798446297645569,-0.18746830523014069
1445,-0.5999631285667419,-0.41901084780693054,-0.08179451525211334
1446,-0.7399964928627014,-0.5231505036354065,-0.21699665486812592
1447,-0.42893555760383606,-0.2765282094478607,0.8642107248306274
1448,-0.5607174038887024,-0.33668968081474304,-0.030873410403728485
1449,-0.5538846850395203,-0.29002219438552856,-0.030712680891156197
1450,-0.790019690990448,-0.6273013353347778,-0.2611236870288849
1451,-0.6030880808830261,-0.4413483738899231,-0.08267340809106827
1452,-0.7332665324211121,-0.5497301816940308,-0.18818530440330505
1453,-1.1122934818267822,-1.078136920928955,-0.49327024817466736
1454,-0.4213279187679291,-0.1331111639738083,0.5081671476364136
1455,-1.2554755210876465,-1.0672308206558228,-0.4785712659358978
1456,-0.7655279636383057,-0.6028290390968323,-0.24465157091617584
1457,-1.1331417560577393,-1.0544134378433228,-0.45167112350463867
1458,-0.471804678440094,-0.26583799719810486,0.7461000680923462
1459,-1.2702549695968628,-1.036031723022461,-0.470285564661026
1460,-1.1075516939163208,-0.9449734687805176,-0.4231892228126526
1461,-1.0792946815490723,-1.040624737739563,-0.4979126453399658
1462,-0.6264932751655579,-0.43928882479667664,0.009593939408659935
1463,-1.1069103479385376,-1.0554988384246826,-0.45539557933807373
1464,-1.0591338872909546,-0.9509131908416748,-0.4094522297382355
1465,-1.1952931880950928,-0.9745369553565979,-0.15564022958278656
1466,-1.0738009214401245,-0.9970740079879761,-0.39522862434387207
1467,-1.0628691911697388,-1.0013090372085571,-0.3979766070842743
1468,-1.0569133758544922,-1.00148344039917,-0.38574936985969543
1469,-1.2524226903915405,-1.0623698234558105,-0.1648385226726532
1470,-1.1288169622421265,-0.9676939845085144,-0.32358235120773315
1471,-1.1610398292541504,-1.008835792541504,-0.3706468939781189
1472,-1.0576987266540527,-0.9594264030456543,-0.44394969940185547
1473,-1.0581743717193604,-1.0219353437423706,-0.40999990701675415
1474,-1.1472975015640259,-1.0368303060531616,-0.47026345133781433
1475,-1.218856930732727,-1.0161566734313965,-0.09157992154359818
1476,-1.0588784217834473,-0.9975597262382507,-0.4384491443634033
1477,-1.0704865455627441,-0.9394634366035461,-0.3882296085357666
1478,-1.088293433189392,-0.9959906935691833,-0.33141443133354187
1479,-1.274416208267212,-1.0706944465637207,-0.4710184931755066
1480,-1.0519192218780518,-0.9340278506278992,-0.4807502031326294
1481,-1.0715548992156982,-1.0378559827804565,-0.44439586997032166
1482,-1.0588325262069702,-0.9957584142684937,-0.4731617271900177
1483,-0.6242632865905762,-0.3982574939727783,-0.0446225069463253
1484,-0.7513166666030884,-0.5706672072410583,-0.20343910157680511
1485,-0.4751913845539093,-0.318173885345459,0.7462815046310425
1486,-0.5576697587966919,-0.24418577551841736,-0.0010544098913669586
1487,-0.5488469004631042,-0.25762903690338135,-0.030004069209098816
1488,-0.7935352325439453,-0.6740543842315674,-0.2639045715332031
1489,-0.6926674842834473,-0.4942556917667389,-0.10388348996639252
1490,-0.7468835115432739,-0.5813739895820618,-0.1826283037662506
1491,-1.0494202375411987,-0.9993413090705872,-0.4976976811885834
1492,-0.39048701524734497,-0.13679885864257812,0.6935656070709229
1493,-1.1384626626968384,-1.0819590091705322,-0.5034419894218445
1494,-0.7786515951156616,-0.636604905128479,-0.2717314064502716
1495,-1.0590333938598633,-1.0245944261550903,-0.49592989683151245
1496,-0.4959527850151062,-0.20488767325878143,0.6786036491394043
1497,-1.141165852546692,-1.018128514289856,-0.4778730273246765
1498,-1.2815908193588257,-0.9638306498527527,-0.4799799621105194
1499,-1.039512276649475,-0.9612862467765808,-0.4271971881389618
1500,-0.6310355067253113,-0.4488661587238312,0.07588183134794235
1501,-1.042662262916565,-1.00729501247406,-0.49595949053764343
1502,-0.5950790643692017,-0.4140409231185913,-0.06108812987804413
1503,-0.5902623534202576,-0.36132895946502686,0.2477245330810547
1504,-0.5689667463302612,-0.33276456594467163,-0.06753269582986832
1505,-0.5748400092124939,-0.32783564925193787,-0.020330099388957024
1506,-0.6545620560646057,-0.510761559009552,-0.0947854071855545
1507,-0.5795287489891052,-0.35053277015686035,-0.04153485223650932
1508,-0.5902059674263,-0.38932985067367554,-0.04636039212346077
1509,-0.6498368978500366,-0.4747302830219269,-0.1949213147163391
1510,-0.5843887329101562,-0.3940352201461792,0.3365969955921173
1511,-0.6196226477622986,-0.4296843707561493,0.08221853524446487
1512,-0.6095066070556641,-0.4016997516155243,-0.07735218852758408
1513,-0.6292704939842224,-0.46053773164749146,-0.07700227200984955
1514,-0.609687864780426,-0.3887581527233124,0.40345752239227295
1515,-0.6067936420440674,-0.38662150502204895,-0.10861223936080933
1516,-0.6512312889099121,-0.45165982842445374,0.4319697320461273
1517,-0.6123523712158203,-0.4023953974246979,0.011889131739735603
1518,-0.6516696810722351,-0.4391840398311615,-0.016330484300851822
1519,-0.6073168516159058,-0.28046420216560364,-0.03230791911482811
1520,-0.18000398576259613,0.15669909119606018,0.7514042854309082
1521,-0.5144944787025452,-0.2549060583114624,0.003212875220924616
1522,-0.5353736877441406,-0.25927796959877014,0.0009049100335687399
1523,-0.8044242858886719,-0.6607629060745239,-0.24658283591270447
1524,-0.5700653195381165,-0.3354346752166748,-0.038472630083560944
1525,-0.2293860763311386,0.302752822637558,0.7666594386100769
1526,-1.0750551223754883,-0.9987533092498779,-0.45551732182502747
1527,-1.0965616703033447,-1.0550652742385864,-0.4917433559894562
1528,-0.22717155516147614,-0.01318394672125578,0.7146701812744141
1529,-1.0553091764450073,-1.041527271270752,-0.38899317383766174
1530,-1.0321561098098755,-0.9145848155021667,-0.3932631015777588
1531,-0.21545971930027008,0.05575738474726677,0.3427363634109497
1532,-1.092275857925415,-0.9872222542762756,-0.42695364356040955
1533,-0.6459495425224304,-0.4432820677757263,-0.059564009308815
1534,-0.5795935392379761,-0.3251117467880249,-0.03203466907143593
1535,-0.5727820992469788,-0.24723078310489655,-0.02902905084192753
1536,-0.7410300374031067,-0.4049907922744751,-0.15698586404323578
1537,-0.56484454870224,-0.2960202693939209,-0.02259662002325058
1538,-0.6479165554046631,-0.3072335422039032,-0.07794369757175446
1539,-0.7699021697044373,-0.633499026298523,-0.2340816706418991
1540,-0.653976559638977,-0.41744285821914673,-0.04851865395903587
1541,-0.7522770166397095,-0.5756468176841736,-0.2096436470746994
1542,-0.7240888476371765,-0.4674806594848633,-0.17145119607448578
1543,-0.771036684513092,-0.5715034604072571,-0.22073295712471008
1544,-0.7320504188537598,-0.5459916591644287,-0.20803195238113403
1545,-0.7342647910118103,-0.4991650879383087,-0.1920434683561325
1546,-0.7875805497169495,-0.6651711463928223,-0.2356257289648056
1547,-0.6509934067726135,-0.3982039988040924,-0.013243320398032665
1548,-0.7777561545372009,-0.627400279045105,-0.2308872640132904
1549,-0.4952676296234131,-0.3504393696784973,0.8279906511306763
1550,-0.5723859667778015,-0.40763038396835327,-0.027348419651389122
1551,-0.5589685440063477,-0.3649584650993347,-0.021618511527776718
1552,-0.7552987933158875,-0.5474413633346558,-0.21518895030021667
1553,-0.5794240832328796,-0.3804377019405365,-0.05715019628405571
1554,-0.6437559723854065,-0.42471015453338623,-0.14002759754657745
1555,-1.143888235092163,-1.0973575115203857,-0.4424477815628052
1556,-0.5614206194877625,-0.3439481854438782,0.5424980521202087
1557,-1.2293452024459839,-1.064376711845398,-0.48166176676750183
1558,-0.7549670934677124,-0.5829634070396423,-0.23475080728530884
1559,-1.1000338792800903,-1.0591528415679932,-0.494863361120224
1560,-0.6149890422821045,-0.46233001351356506,0.7092185616493225
1561,-1.221213698387146,-1.0338894128799438,-0.4788990318775177
1562,-1.0271754264831543,-0.8006782531738281,-0.40360304713249207
1563,-1.0951640605926514,-1.0280026197433472,-0.41618797183036804
1564,-0.7132779359817505,-0.4687850773334503,0.0791601836681366
1565,-1.1046383380889893,-1.087456464767456,-0.4690403938293457
1566,-0.09766043722629547,0.277774453163147,0.7346959710121155
1567,-0.28004583716392517,-0.037771958857774734,0.5938876867294312
1568,-0.5264667272567749,-0.41470471024513245,0.6971094608306885
1569,-0.3318984806537628,-0.02583937533199787,0.6484121680259705
1570,-0.42256641387939453,-0.23422841727733612,0.6853261590003967
1571,-0.25766897201538086,0.27019327878952026,0.4204137325286865
1572,0.01200544647872448,0.5605224370956421,0.7764477729797363
1573,-0.626974880695343,-0.43947833776474,0.6023622155189514
1574,-0.3986791968345642,-0.23082265257835388,0.7817175984382629
1575,-0.32533347606658936,-0.04406764730811119,0.2267819195985794
1576,0.0062970807775855064,0.6180729269981384,0.805824875831604
1577,-0.3901965618133545,-0.15495793521404266,0.7263835072517395
1578,-0.692287027835846,-0.5173666477203369,0.33419889211654663
1579,-0.22671325504779816,0.1620780974626541,0.45078811049461365
1580,0.01790422573685646,0.4666069447994232,0.6625614762306213
1581,-0.3749190866947174,-0.09507796168327332,0.20233657956123352
1582,-0.4476518929004669,-0.24150057137012482,0.0002925685839727521
1583,-0.5437720417976379,-0.31541553139686584,0.009793538600206375
1584,-0.5843637585639954,-0.41793543100357056,-0.05376667529344559
1585,-0.6047349572181702,-0.4430522620677948,-0.07223998010158539
1586,-1.1758368015289307,-1.1622593402862549,-0.4646863341331482
1587,0.023324936628341675,0.6117915511131287,0.7867630124092102
1588,-1.0772992372512817,-1.0382001399993896,-0.46117785573005676
1589,-0.6403934359550476,-0.46074798703193665,-0.12674447894096375
1590,-1.1312882900238037,-0.9915691018104553,-0.43944624066352844
1591,0.01200544647872448,0.7035177946090698,0.8367748260498047
1592,-1.0713276863098145,-0.975500226020813,-0.44460436701774597
1593,-0.9298417568206787,-0.8119635581970215,-0.38342219591140747
1594,-1.1284979581832886,-1.1100122928619385,-0.39613887667655945
1595,0.01790422573685646,0.4431348443031311,0.5943632125854492
1596,-1.109512448310852,-0.9910295605659485,-0.5054287314414978
1597,-0.5048927664756775,-0.29591092467308044,-0.017192792147397995
1598,-0.6008418798446655,-0.40165096521377563,-0.03530682995915413
1599,-0.538094699382782,-0.3267384171485901,-0.003878521267324686
1600,-0.5570356845855713,-0.37358397245407104,-0.01782086305320263
1601,-0.5897436738014221,-0.3779762089252472,-0.08505183458328247
1602,-0.4479282796382904,-0.20303380489349365,0.015679724514484406
1603,-0.5771049857139587,-0.32233184576034546,-0.018536992371082306
1604,-0.5529910922050476,-0.33771368861198425,-0.029092688113451004
1605,-0.5892493724822998,-0.35737550258636475,-0.027997754514217377
1606,-0.5169992446899414,-0.2865128517150879,0.025143228471279144
1607,-0.5502271056175232,-0.24078208208084106,-0.029445132240653038
1608,-0.6228079795837402,-0.42211586236953735,-0.04245361313223839
1609,-0.5912320613861084,-0.4359520673751831,-0.07354108989238739
1610,-0.4944687783718109,-0.22869524359703064,0.03148690611124039
1611,-0.5791763663291931,-0.3739733397960663,-0.03563735634088516
1612,-0.524126410484314,-0.2812691330909729,-0.012813321314752102
1613,-0.7801101207733154,-0.6402868628501892,-0.2203499674797058
1614,-0.567631721496582,-0.3514736294746399,-0.03746727108955383
1615,-0.5892285704612732,-0.410412460565567,-0.08218379318714142
1616,-1.1806720495224,-1.1207503080368042,-0.4844355583190918
1617,-0.08913774788379669,0.363007128238678,0.6601272225379944
1618,-1.0961326360702515,-1.0414206981658936,-0.4500889182090759
1619,-0.7792693376541138,-0.6513034701347351,-0.22497893869876862
1620,-1.126106858253479,-1.0557985305786133,-0.4904603660106659
1621,-0.12435676902532578,0.20324841141700745,0.7171934843063354
1622,-1.058350920677185,-1.0273327827453613,-0.3867114782333374
1623,-1.027818202972412,-0.959185004234314,-0.40976327657699585
1624,-1.0914623737335205,-0.9011187553405762,-0.16982661187648773
1625,-0.13529425859451294,0.18360835313796997,0.3946080505847931
1626,-1.099892258644104,-1.0430383682250977,-0.4888569116592407
1627,-0.5725144147872925,-0.3229783773422241,-0.030043279752135277
1628,-0.549811601638794,-0.2847806215286255,-0.014184718020260334
1629,-0.546599805355072,-0.2937660217285156,-0.019829832017421722
1630,-0.609345018863678,-0.38378778100013733,-0.03331921622157097
1631,-0.5364362597465515,-0.29024165868759155,-0.006155157927423716
1632,-0.5663552284240723,-0.26156166195869446,-0.030611276626586914
1633,-0.5544139742851257,-0.2704157531261444,-0.022373072803020477
1634,-0.5800013542175293,-0.33006298542022705,-0.03150174766778946
1635,-0.5527507662773132,-0.36802029609680176,-0.0286185871809721
1636,-0.5533546805381775,-0.19866254925727844,-0.009805900976061821
1637,-0.5902615785598755,-0.3936218321323395,-0.025052715092897415
1638,-0.613744854927063,-0.420928955078125,-0.09542683511972427
1639,-0.549589991569519,-0.28995198011398315,-0.01636469177901745
1640,-0.5835312604904175,-0.3577272593975067,-0.03984983265399933
1641,-0.7692618370056152,-0.553191065788269,-0.21104103326797485
1642,-0.5672084093093872,-0.3290190100669861,-0.04345650225877762
1643,-0.5822867751121521,-0.37611502408981323,-0.05800390988588333
1644,-1.1559394598007202,-1.1277885437011719,-0.46844059228897095
1645,-0.30546921491622925,0.16245339810848236,0.505954921245575
1646,-1.0987802743911743,-1.0488178730010986,-0.44669070839881897
1647,-0.7740853428840637,-0.6052290797233582,-0.22557897865772247
1648,-1.111006498336792,-1.0711183547973633,-0.47054117918014526
1649,-0.24070267379283905,0.03044104017317295,0.8677284717559814
1650,-1.0566712617874146,-1.0258538722991943,-0.3920147120952606
1651,-1.007453441619873,-0.8703829646110535,-0.40791139006614685
1652,-1.0912189483642578,-1.0239285230636597,-0.3237594962120056
1653,-0.3203152120113373,0.09710872918367386,0.33298006653785706
1654,-1.0979418754577637,-1.042289137840271,-0.4677638113498688
1655,-0.7605808973312378,-0.5993966460227966,-0.23895631730556488
1656,-0.748004138469696,-0.5847823619842529,-0.2259283810853958
1657,-0.913871169090271,-0.8034461140632629,-0.3047819435596466
1658,-0.6867402791976929,-0.457054078578949,-0.14475002884864807
1659,-0.8579596877098083,-0.6984095573425293,-0.2558843195438385
1660,-0.758036732673645,-0.58675616979599,-0.2421405166387558
1661,-0.8514643311500549,-0.7655932903289795,-0.2687506079673767
1662,-0.8272773027420044,-0.6382165551185608,-0.2697877883911133
1663,-0.7966033816337585,-0.5955760478973389,-0.26004713773727417
1664,-0.9365026354789734,-0.7063213586807251,-0.19111083447933197
1665,-0.7446364760398865,-0.6044023633003235,-0.19013096392154694
1666,-0.8655120134353638,-0.776470959186554,-0.26411136984825134
1667,-0.5958117246627808,-0.41857677698135376,-0.05884070694446564
1668,-0.7284219861030579,-0.5229508876800537,-0.18774107098579407
1669,-1.1120566129684448,-1.0886504650115967,-0.5049927234649658
1670,-0.5892912149429321,-0.3689516484737396,0.5779681205749512
1671,-1.1503067016601562,-1.0717891454696655,-0.48398709297180176
1672,-0.763130247592926,-0.5874128341674805,-0.24144090712070465
1673,-1.1058461666107178,-1.0630203485488892,-0.4816594421863556
1674,-0.5279788374900818,-0.40831488370895386,0.8630648255348206
1675,-1.2233740091323853,-1.0717272758483887,-0.5051326751708984
1676,-1.0664583444595337,-0.9711138606071472,-0.3985823094844818
1677,-1.0850149393081665,-1.0133593082427979,-0.4116424024105072
1678,-0.7885419726371765,-0.5889977812767029,0.12755633890628815
1679,-1.0922642946243286,-1.0382843017578125,-0.4816594421863556
1680,-0.5718879699707031,-0.33418017625808716,-0.03568020090460777
1681,-0.7582499980926514,-0.6291226744651794,-0.20562607049942017
1682,-0.5962704420089722,-0.4110323488712311,-0.06399460881948471
1683,-0.7064926028251648,-0.5219860672950745,-0.1168852299451828
1684,-0.6114671230316162,-0.41233280301094055,-0.030156459659337997
1685,-0.7424224615097046,-0.5593329668045044,-0.19986876845359802
1686,-0.5991431474685669,-0.4146932065486908,-0.07667941600084305
1687,-0.6970600485801697,-0.4924173355102539,-0.09633021801710129
1688,-0.6376021504402161,-0.4670140743255615,-0.09398052841424942
1689,-0.7679893970489502,-0.5924034118652344,-0.23291198909282684
1690,-0.5778299570083618,-0.38815632462501526,-0.013202079571783543
1691,-0.7733877897262573,-0.6150421500205994,-0.23626351356506348
1692,-0.6084135174751282,-0.397482693195343,-0.07362593710422516
1693,-1.1681996583938599,-1.108615756034851,-0.46776485443115234
1694,-0.2879120707511902,0.04799741134047508,0.5090981125831604
1695,-1.1649492979049683,-1.0651443004608154,-0.4291693866252899
1696,-0.7616834044456482,-0.607206404209137,-0.2441358119249344
1697,-1.1283349990844727,-1.070513367652893,-0.48503971099853516
1698,-0.2927068769931793,0.05125509202480316,0.7577000856399536
1699,-1.1237175464630127,-0.9905942678451538,-0.41824379563331604
1700,-1.0077494382858276,-0.8449675440788269,-0.37992826104164124
1701,-1.0837098360061646,-1.0566898584365845,-0.42221710085868835
1702,-0.3596321940422058,-0.09121673554182053,0.2538354694843292
1703,-1.1047312021255493,-1.0389217138290405,-0.42916664481163025
1704,-0.7542431950569153,-0.611351728439331,-0.23663102090358734
1705,-0.6166442632675171,-0.4311275780200958,-0.060304876416921616
1706,-0.7530726194381714,-0.6045114398002625,-0.23296065628528595
1707,-0.7254727482795715,-0.5089248418807983,-0.1698146015405655
1708,-0.7567791938781738,-0.5999388694763184,-0.22874844074249268
1709,-0.6084182858467102,-0.41165614128112793,-0.06871006637811661
1710,-0.7436359524726868,-0.5659481883049011,-0.21215258538722992
1711,-0.7299835681915283,-0.5346105098724365,-0.2206222265958786
1712,-0.7686542868614197,-0.6253284811973572,-0.22675853967666626
1713,-0.6129679083824158,-0.4307166039943695,-0.06600431352853775
1714,-0.7701783180236816,-0.6558406352996826,-0.235782653093338
1715,-1.1333812475204468,-1.0895240306854248,-0.4538729190826416
1716,-0.4107920825481415,-0.031715989112854004,0.6802337765693665
1717,-1.136769413948059,-1.0399564504623413,-0.4836257994174957
1718,-0.7514526844024658,-0.5836052298545837,-0.23623883724212646
1719,-1.1033297777175903,-1.07155179977417,-0.4941934049129486
1720,-0.39838355779647827,-0.19502298533916473,0.910653829574585
1721,-1.1607756614685059,-1.0561603307724,-0.49409711360931396
1722,-0.9814953207969666,-0.797092854976654,-0.3856315314769745
1723,-1.0725631713867188,-0.9311566948890686,-0.16759413480758667
1724,-0.6058390140533447,-0.4108133018016815,0.13439185917377472
1725,-1.0970540046691895,-1.0449448823928833,-0.48078224062919617
1726,-1.1779001951217651,-1.1582111120224,-0.35916006565093994
1727,-1.0499011278152466,-1.0180357694625854,-0.4960726797580719
1728,-1.0984487533569336,-1.0623127222061157,-0.46177220344543457
1729,-1.0509998798370361,-1.0118626356124878,-0.5048995018005371
1730,-1.1716862916946411,-1.1519248485565186,-0.4721711277961731
1731,-1.0561448335647583,-0.9929581880569458,-0.48176175355911255
1732,-1.085533857345581,-1.0484652519226074,-0.4960726797580719
1733,-1.041755199432373,-0.9879550933837891,-0.4808191955089569
1734,-1.165086030960083,-1.162139892578125,-0.4818762242794037
1735,-1.0354876518249512,-0.9900484681129456,-0.5048995018005371
1736,-0.28547680377960205,0.3173976540565491,0.4246170222759247
1737,-1.043247938156128,-0.9620459079742432,-0.4845960736274719
1738,-0.9036036133766174,-0.785788357257843,-0.3116195797920227
1739,-1.0458476543426514,-0.9863947629928589,-0.48176175355911255
1740,-0.36675184965133667,0.12768851220607758,0.2616911828517914
1741,-1.052188515663147,-0.9612565040588379,-0.49793434143066406
1742,-1.0941224098205566,-0.9139383435249329,-0.4506138563156128
1743,-1.0442378520965576,-0.9801758527755737,-0.4255771040916443
1744,-0.4162003993988037,-0.16502711176872253,0.10494948923587799
1745,-1.0387849807739258,-0.9791532158851624,-0.49583619832992554
1746,-0.5608123540878296,-0.34145522117614746,0.25989609956741333
1747,-0.3721885681152344,-0.07233864814043045,0.664313554763794
1748,-0.32305750250816345,0.12034174799919128,0.3454323709011078
1749,0.01200544647872448,0.5038407444953918,0.8021321892738342
1750,-0.3007602393627167,-0.0063702925108373165,0.5974250435829163
1751,-0.6642781496047974,-0.4206671714782715,0.44156429171562195
1752,-0.30567818880081177,0.336349755525589,0.4854436218738556
1753,0.0062970807775855064,0.5897653698921204,0.7284142971038818
1754,-0.2960922420024872,0.04883328080177307,0.24097251892089844
1755,-1.0861437320709229,-1.045649528503418,-0.3999288082122803
1756,-0.6604933738708496,-0.44924652576446533,-0.17934663593769073
1757,-1.1289461851119995,-1.0214316844940186,-0.4895448386669159
1758,0.01962561160326004,0.5297949314117432,0.7496303915977478
1759,-1.0713379383087158,-0.9936657547950745,-0.4601880609989166
1760,-0.9222894906997681,-0.7790979146957397,-0.3571317493915558
1761,-1.1270169019699097,-1.1198313236236572,-0.30212172865867615
1762,0.004030903801321983,0.5166002511978149,0.6022995710372925
1763,-1.1051993370056152,-1.0189805030822754,-0.49464675784111023
1764,-1.1748580932617188,-1.038487434387207,-0.48598113656044006
1765,-1.0574032068252563,-1.0207314491271973,-0.4845960736274719
1766,-1.078489065170288,-1.0338431596755981,-0.44729292392730713
1767,-1.1013511419296265,-1.051534652709961,-0.49494561553001404
1768,-1.2126392126083374,-1.0550874471664429,-0.4813827574253082
1769,-1.0496435165405273,-0.938339352607727,-0.49342045187950134
1770,-1.0729022026062012,-1.0501024723052979,-0.3977380394935608
1771,-1.0544707775115967,-1.0293141603469849,-0.4936692416667938
1772,-0.8180136680603027,-0.6655175089836121,-0.25385168194770813
1773,-1.0593416690826416,-1.0378259420394897,-0.4814632833003998
1774,-0.6212186217308044,-0.41359296441078186,0.26307615637779236
1775,-1.1091786623001099,-1.0461703538894653,-0.5047689080238342
1776,-1.2185219526290894,-0.9290357828140259,-0.4798668324947357
1777,-1.0372791290283203,-0.9927076101303101,-0.4271971881389618
1778,-0.7062395215034485,-0.46215030550956726,0.04593232646584511
1779,-1.0480282306671143,-1.0270977020263672,-0.48139190673828125
1780,-0.8536741137504578,-0.7805854678153992,-0.2843192219734192
1781,-0.7101804614067078,-0.5582411885261536,-0.1121358722448349
1782,-0.7885172367095947,-0.5985153317451477,-0.259421706199646
1783,-0.776766836643219,-0.5973379015922546,-0.24922390282154083
1784,-0.8879753351211548,-0.7496360540390015,-0.2928021252155304
1785,-0.704737663269043,-0.5845661163330078,-0.17106595635414124
1786,-0.8730250000953674,-0.7890574336051941,-0.26216647028923035
1787,-1.0946449041366577,-1.0636553764343262,-0.4964464008808136
1788,-0.3950652778148651,-0.21771277487277985,0.8935195803642273
1789,-1.2046685218811035,-1.0489306449890137,-0.493303120136261
1790,-0.9469199180603027,-0.8820223212242126,-0.4199266731739044
1791,-1.0897153615951538,-1.0114150047302246,-0.4292871057987213
1792,-0.5910626649856567,-0.4018809199333191,0.03983375057578087
1793,-1.0944935083389282,-1.0151063203811646,-0.49018213152885437
1794,-1.1069955825805664,-0.9978877305984497,-0.4420855641365051
1795,-1.0503164529800415,-1.006618857383728,-0.4957713782787323
1796,-1.0767853260040283,-1.0271289348602295,-0.4845960736274719
1797,-1.0399432182312012,-0.9907481074333191,-0.5028514862060547
1798,-1.105607032775879,-1.1133219003677368,-0.4895448386669159
1799,-1.0459214448928833,-1.0086052417755127,-0.4813566505908966
1800,-0.3721413016319275,-0.0028233504854142666,0.22407007217407227
1801,-1.0556914806365967,-1.0037564039230347,-0.5048995018005371
1802,-1.1030893325805664,-0.898287832736969,-0.4805030822753906
1803,-1.0376770496368408,-0.9985987544059753,-0.4254913628101349
1804,-0.48839637637138367,-0.24771402776241302,0.04182978346943855
1805,-1.0470162630081177,-1.0112303495407104,-0.4813566505908966
1806,-0.4587235152721405,-0.21403880417346954,0.30085328221321106
1807,-0.6339649558067322,-0.38564959168434143,0.8803542852401733
1808,-0.36779510974884033,0.14952218532562256,0.3329054117202759
1809,0.0064524877816438675,0.46332037448883057,0.7059780955314636
1810,-0.39598986506462097,-0.06152483448386192,0.16093721985816956
1811,-1.0696839094161987,-0.9353739023208618,-0.35362184047698975
1812,-0.9964933395385742,-0.8435079455375671,-0.390012264251709
1813,-1.1208548545837402,-1.0874841213226318,-0.34901928901672363
1814,0.009279378689825535,0.4666115343570709,0.6037986874580383
1815,-1.1025501489639282,-1.049936294555664,-0.48111626505851746
1816,-1.227203607559204,-1.0324630737304688,-0.4845960736274719
1817,-1.0341929197311401,-0.9451431632041931,-0.488029807806015
1818,-1.074033260345459,-1.0099108219146729,-0.45847657322883606
1819,-1.0422967672348022,-0.9421439170837402,-0.479678213596344
1820,-1.2318166494369507,-0.9942196607589722,-0.44701340794563293
1821,-1.046234130859375,-0.950539767742157,-0.41536375880241394
1822,-0.5081759095191956,-0.3539303243160248,0.09396952390670776
1823,-1.0427497625350952,-0.9863068461418152,-0.493180513381958
1824,-1.0679317712783813,-0.8892856240272522,-0.45589974522590637
1825,-1.0285919904708862,-0.9869388937950134,-0.42460721731185913
1826,-1.0845166444778442,-0.9016636610031128,-0.44896578788757324
1827,-1.0737770795822144,-0.9727839827537537,-0.42477092146873474
1828,-0.7514011263847351,-0.5980408191680908,0.0038246612530201674
1829,-1.0749688148498535,-1.021834373474121,-0.4816935062408447
1830,-1.104405164718628,-0.9225656390190125,-0.2887464463710785
1831,-1.0370635986328125,-0.9782922267913818,-0.5034939050674438
1832,-0.39704811573028564,-0.14388194680213928,0.13580453395843506
1833,-1.0363237857818604,-0.9482253789901733,-0.4800244867801666
1834,-0.4940975308418274,-0.3129945993423462,0.04077828302979469
1835,-1.0959844589233398,-1.0545741319656372,-0.48686978220939636
