,q05,q50,q95
0,-0.22052520513534546,0.3008973300457001,0.5294775366783142
1,-0.0814458355307579,0.4047907292842865,0.4471997022628784
2,-0.26209527254104614,0.18755647540092468,0.42294955253601074
3,0.008108807727694511,0.5678877830505371,0.9834946393966675
4,0.010162382386624813,0.7381633520126343,0.8317564725875854
5,-0.5654639601707458,-0.24908079206943512,0.23090708255767822
6,-1.4600133895874023,-0.8905335664749146,-0.21671585738658905
7,-0.4017427861690521,-0.056785598397254944,0.2554195821285248
8,-0.6359134912490845,-0.36519724130630493,0.055576663464307785
9,0.008764388039708138,0.5823491811752319,0.6413540244102478
10,-1.0453057289123535,-1.023046851158142,-0.4548951983451843
11,0.020771313458681107,0.6785654425621033,0.7771371006965637
12,-0.5469958186149597,-0.27746984362602234,-0.005100382026284933
13,-0.9132470488548279,-0.7890245318412781,-0.33999577164649963
14,-0.9252020120620728,-0.795178234577179,-0.2615765929222107
15,-1.1013044118881226,-1.0201234817504883,-0.39499980211257935
16,-0.688464343547821,-0.31541526317596436,-0.08561094105243683
17,0.008108807727694511,0.6047021746635437,0.8764997720718384
18,-0.5130828022956848,-0.2556619644165039,-0.0216006338596344
19,-0.526248574256897,-0.2841522991657257,-0.009992197155952454
20,-0.8047281503677368,-0.5873558521270752,-0.22965039312839508
21,-0.5688136219978333,-0.3374924957752228,-0.01012209989130497
22,-0.6847937107086182,-0.43121880292892456,-0.0791444480419159
23,-1.0246189832687378,-0.9744771718978882,-0.43450573086738586
24,0.023100383579730988,0.638300359249115,0.8736392855644226
25,-1.1177558898925781,-0.9998276829719543,-0.45133692026138306
26,-0.7686763405799866,-0.5956117510795593,-0.22209954261779785
27,-1.0357738733291626,-1.0023164749145508,-0.4470474421977997
28,0.020771313458681107,0.6583571434020996,0.7767959237098694
29,-1.0507276058197021,-0.9852239489555359,-0.4218856692314148
30,-1.1575796604156494,-0.9671499133110046,-0.4574953615665436
31,-1.0222071409225464,-0.9833008646965027,-0.3908931612968445
32,-0.00022497470490634441,0.546362042427063,0.590156078338623
33,-1.0345933437347412,-0.9972545504570007,-0.47871068120002747
34,-0.11302856355905533,0.2668417692184448,0.44282007217407227
35,-0.22077780961990356,0.2850637435913086,0.43244993686676025
36,0.008395946584641933,0.5000207424163818,0.7550026774406433
37,0.016871508210897446,0.653258740901947,0.7473964691162109
38,-0.5446057319641113,-0.2898540198802948,0.2928060293197632
39,-0.2575658857822418,0.15921512246131897,0.40717288851737976
40,-0.5531917214393616,-0.2789074182510376,0.0420236699283123
41,0.008544768206775188,0.542375922203064,0.709571897983551
42,-0.8254920840263367,-0.7229611873626709,-0.25328388810157776
43,0.008108807727694511,0.6460344195365906,0.7055696845054626
44,0.00902101956307888,0.6316688656806946,0.7268438935279846
45,-0.5909656882286072,-0.42125627398490906,0.04184949770569801
46,-0.8333008885383606,-0.5954064726829529,-0.195778489112854
47,-0.3737250566482544,-0.203158900141716,0.523535966873169
48,-0.692231297492981,-0.5747799873352051,-0.014715692959725857
49,-0.7964254021644592,-0.669468104839325,-0.12088218331336975
50,-0.5466533303260803,-0.268266886472702,0.2466934472322464
51,-0.6454280614852905,-0.45306918025016785,-0.02411823533475399
52,0.02257290668785572,0.5306272506713867,0.719171941280365
53,-0.49905455112457275,-0.22065512835979462,0.03392988070845604
54,-0.5190393328666687,-0.25364768505096436,0.047398511320352554
55,-0.6691039800643921,-0.44661813974380493,0.23661890625953674
56,-0.563355028629303,-0.386039674282074,0.09625764936208725
57,-0.6008992791175842,-0.4137210547924042,-0.015499475412070751
58,-0.827506959438324,-0.6916627883911133,-0.23645280301570892
59,0.009126409888267517,0.5291651487350464,0.7242538332939148
60,-0.8086009621620178,-0.7306571006774902,-0.13989032804965973
61,-0.5957866907119751,-0.3951070308685303,0.12048811465501785
62,-0.8437473177909851,-0.703840970993042,-0.24672608077526093
63,0.020315825939178467,0.600167989730835,0.7822736501693726
64,-0.8142267465591431,-0.6632317900657654,-0.1836521476507187
65,-0.7925871014595032,-0.6690114140510559,-0.09177204221487045
66,-0.802907407283783,-0.6912152171134949,-0.23366382718086243
67,-0.0017278966261073947,0.41606175899505615,0.5880664587020874
68,-0.8476517200469971,-0.737919270992279,-0.25774309039115906
69,-0.1398608684539795,0.35257282853126526,0.5073592662811279
70,-0.06372527778148651,0.3084755539894104,0.49161186814308167
71,-0.08364517986774445,0.33911576867103577,0.44254961609840393
72,-0.5522122383117676,-0.37566477060317993,0.05229244753718376
73,-0.6035057306289673,-0.4181413948535919,-0.056504517793655396
74,-0.17283686995506287,0.2257365882396698,0.4506332576274872
75,-0.5521349310874939,-0.34621044993400574,0.13651898503303528
76,-0.08547995239496231,0.3131922483444214,0.4710005521774292
77,-0.7691054344177246,-0.6896597146987915,-0.2268989235162735
78,-0.11671598255634308,0.22372934222221375,0.45485979318618774
79,-0.06550242006778717,0.2803610563278198,0.4587804973125458
80,-0.5947575569152832,-0.35002559423446655,0.002906451001763344
81,-0.7811204791069031,-0.6136967539787292,-0.2681092917919159
82,-0.29492422938346863,-0.1145336702466011,0.0965384840965271
83,-0.64720219373703,-0.4559023380279541,-0.07541202753782272
84,-0.6740677952766418,-0.5082066655158997,-0.05252644792199135
85,-0.31783127784729004,-0.058715324848890305,0.37864723801612854
86,-0.6446016430854797,-0.4090098738670349,-0.022491496056318283
87,-0.11891058832406998,0.1526685655117035,0.4210866093635559
88,-0.2551416754722595,0.13861240446567535,0.3917509913444519
89,-0.4312250018119812,0.03565889596939087,0.3191070854663849
90,-0.6912328600883484,-0.5127001404762268,-0.1005610004067421
91,-0.5817118287086487,-0.29332253336906433,0.10514970868825912
92,-0.6096765398979187,-0.3573061525821686,-0.01521306298673153
93,-0.8552442193031311,-0.7749908566474915,-0.37008845806121826
94,-0.08547995239496231,0.28997379541397095,0.46073397994041443
95,-0.7404346466064453,-0.5389447212219238,-0.0775022879242897
96,-0.611877977848053,-0.4193105697631836,-0.016806872561573982
97,-0.6899626851081848,-0.5770250558853149,-0.19417233765125275
98,-0.6352410912513733,-0.4021439254283905,-0.055432986468076706
99,-0.7027648091316223,-0.4988819360733032,-0.07402647286653519
100,-0.7961947917938232,-0.6763810515403748,-0.17604020237922668
101,-0.08414115011692047,0.3778829276561737,0.46739447116851807
102,-0.706290602684021,-0.6124849915504456,-0.17000731825828552
103,0.002650521695613861,0.4283045530319214,0.5627055764198303
104,-0.0032069608569145203,0.4751352369785309,0.7200323343276978
105,-0.5101324915885925,-0.11156676709651947,0.06373097002506256
106,-0.2889542877674103,0.1457894742488861,0.33023419976234436
107,-0.5049136281013489,-0.051879674196243286,0.22270046174526215
108,-0.8262715339660645,-0.7213777303695679,-0.2309381514787674
109,0.006870528683066368,0.549792468547821,0.5488130450248718
110,0.008048812858760357,0.4444308578968048,0.5984622240066528
111,-0.5668988227844238,-0.32707342505455017,0.008051415905356407
112,-0.7686622738838196,-0.5996812582015991,-0.12374643981456757
113,-0.36332979798316956,0.05500398576259613,0.669937789440155
114,-0.6812280416488647,-0.5039612650871277,0.4921329617500305
115,-0.7666375041007996,-0.5518753528594971,-0.014316395856440067
116,-0.5100036859512329,-0.10333708673715591,0.1543245166540146
117,-0.012082763016223907,0.34670478105545044,0.5539215207099915
118,-0.4862324595451355,-0.1408528983592987,0.15609443187713623
119,-0.4949515759944916,-0.19527529180049896,0.11989849805831909
120,-0.6582578420639038,-0.4455723762512207,0.005349708255380392
121,-0.5446569919586182,-0.23950037360191345,0.05509132519364357
122,-0.792513370513916,-0.611557126045227,-0.2136533558368683
123,0.02257290668785572,0.4890311360359192,0.542751669883728
124,-0.8000180721282959,-0.732212245464325,0.21753907203674316
125,-0.7934430837631226,-0.5998386144638062,-0.2173253446817398
126,0.0037823407910764217,0.4951530396938324,0.5776920914649963
127,-0.750670313835144,-0.6037590503692627,0.10340666770935059
128,-0.7487091422080994,-0.527146577835083,-0.03263730928301811
129,-0.7955144047737122,-0.5822182297706604,-0.14867503941059113
130,-0.09484162926673889,0.42254918813705444,0.6640886068344116
131,-0.8159050345420837,-0.7020187377929688,-0.23100122809410095
132,-0.0330582894384861,0.4005347490310669,0.8413963317871094
133,0.0023987898603081703,0.5284852981567383,0.7330147624015808
134,-0.654486894607544,-0.2843172252178192,0.08226882666349411
135,0.023100383579730988,0.7938192486763,0.8971976637840271
136,0.008108807727694511,0.6550668478012085,0.9097499251365662
137,-0.4934357702732086,-0.27443182468414307,0.28712502121925354
138,-0.4665817618370056,-0.11314267665147781,-0.00479337852448225
139,-0.30776283144950867,-0.0031448618974536657,1.8939512968063354
140,-0.7555269598960876,-0.37137725949287415,0.07180779427289963
141,-0.7297240495681763,-0.35617613792419434,0.10057888925075531
142,-0.683369517326355,-0.4407038688659668,0.1357436180114746
143,0.008108807727694511,0.5618065595626831,0.8605559468269348
144,-0.22995468974113464,0.24738694727420807,0.6846449375152588
145,-0.3500451147556305,0.07248615473508835,0.47327160835266113
146,-0.7408227324485779,-0.5161122679710388,0.24510261416435242
147,-0.4941597282886505,-0.19850488007068634,0.4207588732242584
148,-0.4764891266822815,-0.2556171417236328,0.2743123173713684
149,-0.5509636998176575,-0.26783180236816406,-0.017128808423876762
150,0.023100383579730988,0.6681550145149231,0.8483611941337585
151,-0.6281204223632812,-0.35236886143684387,0.36970970034599304
152,-0.5578082203865051,-0.3173329532146454,-0.0026982456911355257
153,0.012371386401355267,0.7902560830116272,0.8428720831871033
154,-0.6208871603012085,-0.24569904804229736,0.2892528772354126
155,-0.7609195113182068,-0.5304533839225769,-0.013412963598966599
156,-0.5638902187347412,-0.2632051706314087,-0.06655266880989075
157,-0.6154564023017883,-0.3046385943889618,-0.009491429664194584
158,-0.047911327332258224,0.34313052892684937,0.4687078297138214
159,-0.5182488560676575,-0.3104018270969391,0.26934167742729187
160,0.023100383579730988,0.6308934092521667,0.6739292740821838
161,-0.8534688949584961,-0.8091477751731873,-0.21966318786144257
162,0.010162382386624813,0.791044294834137,0.8603197932243347
163,0.020771313458681107,0.7273600697517395,0.764265239238739
164,-0.6438600420951843,-0.46902570128440857,0.03626134246587753
165,-0.7400155067443848,-0.5427101254463196,-0.18825596570968628
166,-0.2934093475341797,-0.18753062188625336,1.4211233854293823
167,-0.6854808330535889,-0.468627393245697,0.15838366746902466
168,-0.7626293301582336,-0.7216106057167053,0.14711150527000427
169,-0.4829299747943878,-0.2843273878097534,0.28219518065452576
170,0.008108807727694511,0.67512047290802,0.7566571831703186
171,-0.36234816908836365,0.050084542483091354,0.2553789019584656
172,-0.45096877217292786,-0.16757921874523163,0.22721520066261292
173,-0.8317886590957642,-0.6843881011009216,0.0016759107820689678
174,-0.5758180022239685,-0.36334097385406494,0.05632202327251434
175,-0.6111438870429993,-0.43904784321784973,0.13367213308811188
176,-0.8254491090774536,-0.7178140878677368,-0.22601735591888428
177,0.010162382386624813,0.6400940418243408,0.750119149684906
178,-0.8257191777229309,-0.7545146942138672,-0.10416258126497269
179,-0.8320060968399048,-0.7264031171798706,-0.20251423120498657
180,0.012371386401355267,0.698760986328125,0.7431586980819702
181,-0.7732396125793457,-0.7452161908149719,0.21493563055992126
182,-0.8172956109046936,-0.700786292552948,-0.04763837158679962
183,-0.8365801572799683,-0.6303979158401489,-0.22037281095981598
184,0.023100383579730988,0.5596904754638672,0.6284320950508118
185,-0.8335887789726257,-0.75728440284729,-0.21507637202739716
186,-0.8422584533691406,-0.6619226932525635,-0.14621204137802124
187,-0.5731996297836304,-0.3268469572067261,-0.005515496712177992
188,-0.4831908345222473,-0.18610768020153046,0.2031225860118866
189,-0.8122807741165161,-0.656897246837616,-0.23752841353416443
190,-0.5474660396575928,-0.2278292179107666,0.23898066580295563
191,-0.4495396316051483,-0.22303396463394165,0.3065781593322754
192,-0.5738948583602905,-0.2923353612422943,-0.020343957468867302
193,-0.8728315234184265,-0.6298167109489441,-0.08920913934707642
194,-0.7694891691207886,-0.6516079306602478,-0.2240307480096817
195,-0.563310980796814,-0.33855322003364563,0.0032752875704318285
196,-0.6332648396492004,-0.36066189408302307,-0.0013789066579192877
197,-0.4286362826824188,-0.1447143852710724,0.5301620364189148
198,-0.5482019186019897,-0.2961638867855072,0.009818769060075283
199,-0.5595700144767761,-0.2993125021457672,-0.021870998665690422
200,-0.7374644875526428,-0.5644722580909729,-0.11930250376462936
201,-0.5661323070526123,-0.3123265206813812,0.13344891369342804
202,-0.5917747616767883,-0.3762243390083313,0.11102484166622162
203,-0.8775259256362915,-0.7856460213661194,-0.35427290201187134
204,-0.3467540144920349,-0.07941807061433792,0.41080376505851746
205,-0.8966392278671265,-0.7099974155426025,-0.2528573274612427
206,-0.47809457778930664,-0.24699366092681885,0.5576900243759155
207,-0.8083449602127075,-0.6747857332229614,-0.24782158434391022
208,-0.8001304268836975,-0.6889186501502991,-0.23847843706607819
209,-0.8578145503997803,-0.7310649156570435,-0.2430523782968521
210,-0.5484400987625122,-0.3868250548839569,0.22814945876598358
211,-0.8049837350845337,-0.6316264867782593,-0.23819823563098907
212,-0.7625794410705566,-0.5117538571357727,-0.10971571505069733
213,-1.8042218685150146,-0.7458897233009338,-0.2744527757167816
214,-0.6538553833961487,-0.43738800287246704,0.3017888069152832
215,-1.0183777809143066,-0.8047104477882385,-0.10065852850675583
216,-1.1471490859985352,-0.5963764190673828,-0.2402762472629547
217,-0.8261366486549377,-0.6251904368400574,0.022451449185609818
218,-0.8838732838630676,-0.7205138802528381,-0.27291345596313477
219,-0.928412139415741,-0.783242404460907,-0.2796119153499603
220,-1.022875428199768,-0.8430490493774414,-0.019792871549725533
221,-0.7852022051811218,-0.6438010334968567,-0.2754477262496948
222,-0.6278472542762756,-0.3780719041824341,0.0739545077085495
223,-0.7680819630622864,-0.5087637305259705,-0.16763226687908173
224,-0.7308522462844849,-0.5106371641159058,-0.13044364750385284
225,-0.9325079917907715,-0.6629592776298523,-0.29339486360549927
226,-0.8037819862365723,-0.6244479417800903,-0.19802036881446838
227,-0.7631222009658813,-0.624342679977417,-0.2671176791191101
228,-1.0135927200317383,-0.8033488988876343,-0.16628168523311615
229,-0.8916019201278687,-0.2959630489349365,0.16810519993305206
230,-1.0113146305084229,-0.8753080368041992,-0.2844240069389343
231,-0.8951981067657471,-0.6856475472450256,-0.27880799770355225
232,-1.0289841890335083,-0.8661393523216248,-0.35557061433792114
233,-0.8275613784790039,-0.45269647240638733,0.5835815668106079
234,-1.084714651107788,-0.8827599287033081,-0.35756716132164
235,-1.020323634147644,-0.7505770921707153,-0.33153805136680603
236,-0.7573001384735107,-0.46462494134902954,0.13645783066749573
237,-1.0107934474945068,-0.7379159927368164,-0.05288242921233177
238,-0.5505313873291016,-0.3083944320678711,0.04055030643939972
239,-0.14783355593681335,0.24731950461864471,0.5170155763626099
240,-0.8169904947280884,-0.7646290063858032,-0.23772960901260376
241,-0.13468845188617706,0.31408411264419556,0.5120334029197693
242,-0.14783355593681335,0.16574035584926605,0.5373130440711975
243,-0.5787653923034668,-0.3500067889690399,-0.020724281668663025
244,-0.8363507986068726,-0.5852261185646057,-0.20309537649154663
245,-0.4696648120880127,-0.33045870065689087,0.16240893304347992
246,-0.6859991550445557,-0.5548661351203918,-0.008714724332094193
247,-0.8029970526695251,-0.6567397117614746,-0.13433142006397247
248,-0.545285701751709,-0.31984594464302063,-0.02194693498313427
249,-0.6209666728973389,-0.4105570316314697,-0.021183688193559647
250,-0.19432835280895233,0.17243684828281403,0.5531794428825378
251,-0.5166140794754028,-0.22164136171340942,-0.031113693490624428
252,-0.5253266096115112,-0.24687203764915466,-0.014581052586436272
253,-0.6397839188575745,-0.3901018798351288,0.1491461545228958
254,-0.5662010908126831,-0.38667577505111694,0.03867119550704956
255,-0.6021534204483032,-0.41680121421813965,-0.03169971704483032
256,-0.8274908661842346,-0.7176003456115723,-0.22693996131420135
257,-0.15625958144664764,0.2084067165851593,0.5407924652099609
258,-0.7973594665527344,-0.7057774066925049,-0.14530335366725922
259,-0.5962449908256531,-0.3976413607597351,0.08360757678747177
260,-0.8407812714576721,-0.7122240662574768,-0.2373204529285431
261,-0.140144944190979,0.10505802929401398,0.5499687194824219
262,-0.8210316300392151,-0.6780709624290466,-0.183728888630867
263,-0.7808859944343567,-0.6779384016990662,-0.011691381223499775
264,-0.806206464767456,-0.6500054597854614,-0.16274109482765198
265,-0.24535393714904785,0.03420804440975189,0.3326086699962616
266,-0.816382110118866,-0.7155935764312744,-0.24345631897449493
267,-0.5278664231300354,-0.29094013571739197,0.20209626853466034
268,-0.8814408779144287,-0.7869900465011597,-0.31355080008506775
269,-0.49763768911361694,-0.11869440227746964,0.36312371492385864
270,-0.48026731610298157,-0.14107006788253784,0.44743433594703674
271,-0.5957183837890625,-0.22882920503616333,0.1459280401468277
272,-0.880297064781189,-0.6040627956390381,-0.1885748952627182
273,-0.8018754720687866,-0.6512864232063293,-0.2596336603164673
274,-0.5308152437210083,-0.13976174592971802,0.27226367592811584
275,-0.6966496706008911,-0.4061765670776367,-0.059316154569387436
276,-0.4952360689640045,-0.2005559802055359,0.5930388569831848
277,-0.5289410948753357,-0.17627501487731934,0.15788504481315613
278,-0.5301516652107239,-0.13425032794475555,0.632036566734314
279,-0.584492564201355,-0.2991584539413452,0.1281891018152237
280,-0.6828412413597107,-0.4244386553764343,0.3736450970172882
281,-0.9117285013198853,-0.7607666254043579,-0.3501056432723999
282,-0.47954505681991577,-0.0778791680932045,0.3472486734390259
283,-0.7971321940422058,-0.6465486288070679,-0.24910666048526764
284,-0.7488853335380554,-0.5681942701339722,-0.17326071858406067
285,-0.902877151966095,-0.8343203663825989,-0.2687864899635315
286,-0.5024487376213074,-0.21899327635765076,0.41554710268974304
287,-0.7880995869636536,-0.6160171031951904,-0.24951860308647156
288,-0.7829822897911072,-0.639127790927887,-0.23991943895816803
289,-0.8757312297821045,-0.664010763168335,-0.1952139437198639
290,-0.5278801918029785,-0.283599853515625,0.24320971965789795
291,-0.8742895126342773,-0.788506031036377,-0.3337152600288391
292,-0.7348290681838989,-0.5731484293937683,-0.10413230210542679
293,0.00302386237308383,0.6078784465789795,0.6362797021865845
294,0.023100383579730988,0.599014163017273,0.6656220555305481
295,-0.6172564625740051,-0.3404243588447571,0.14403779804706573
296,-0.6687209606170654,-0.3634016215801239,-0.05542457476258278
297,-0.17394354939460754,0.16639050841331482,0.533199667930603
298,-0.637675404548645,-0.4367557466030121,-0.05890040472149849
299,-0.6764203906059265,-0.4923710525035858,-0.026942478492856026
300,-0.3506873548030853,0.003931794315576553,0.3012629747390747
301,-0.7089125514030457,-0.4506179988384247,0.029727915301918983
302,0.00302386237308383,0.5305760502815247,0.6612294912338257
303,-0.2582269012928009,0.23607690632343292,0.37031999230384827
304,-0.3159542679786682,0.06481525301933289,0.39002472162246704
305,-0.716275155544281,-0.5067893862724304,-0.050166595727205276
306,-0.5379663109779358,-0.2525661885738373,0.14237067103385925
307,-0.7374118566513062,-0.5875135660171509,-0.20196282863616943
308,0.023100383579730988,0.5624428987503052,0.6614522933959961
309,-0.7085326313972473,-0.5383538603782654,-0.11152653396129608
310,-0.5963017344474792,-0.3639551103115082,0.3924553692340851
311,-0.6885145902633667,-0.4776109755039215,-0.1188584640622139
312,0.0050368160009384155,0.4866645634174347,0.7214063405990601
313,-0.6055699586868286,-0.43585896492004395,0.4328721761703491
314,-0.7129745483398438,-0.49252089858055115,-0.08636732399463654
315,-0.7511774897575378,-0.5176441073417664,-0.21568158268928528
316,0.0025493758730590343,0.5723534226417542,0.6206318140029907
317,-0.7202215194702148,-0.5616015791893005,-0.18456335365772247
318,-0.8364207148551941,-0.7611600756645203,-0.24164220690727234
319,-0.7747237682342529,-0.6192137598991394,-0.24881981313228607
320,-0.9054577350616455,-0.684396505355835,-0.4316581189632416
321,-0.9501853585243225,-0.8908224701881409,-0.4628084897994995
322,-1.0696877241134644,-0.9540173411369324,-0.43821847438812256
323,-1.0299100875854492,-0.9965763092041016,-0.47380155324935913
324,-0.9273437857627869,-0.7533528208732605,-0.35838890075683594
325,-1.0238441228866577,-0.9557636380195618,-0.4504946172237396
326,-0.6757655143737793,-0.44260117411613464,-0.10150749236345291
327,-0.8750328421592712,-0.6239258050918579,-0.3220488131046295
328,-0.8956422805786133,-0.5550426840782166,-0.3365812599658966
329,-0.9796510934829712,-0.9302552342414856,-0.49066221714019775
330,-0.9116899967193604,-0.678043782711029,-0.3710554242134094
331,-0.9819828271865845,-0.8392823934555054,-0.35269829630851746
332,-1.0166857242584229,-0.9645527601242065,-0.4933968782424927
333,-0.7348770499229431,-0.46377304196357727,-0.1892981380224228
334,-1.0578830242156982,-0.9882968068122864,-0.495942622423172
335,-0.9624058604240417,-0.9110482335090637,-0.4887998700141907
336,-1.0276930332183838,-1.0089802742004395,-0.4411107301712036
337,-0.759090781211853,-0.6293339729309082,-0.2855204939842224
338,-1.0119370222091675,-0.9677728414535522,-0.4925578534603119
339,-1.0398426055908203,-0.9866238236427307,-0.4929591119289398
340,-1.0179429054260254,-0.9787070155143738,-0.48096591234207153
341,-0.8772870898246765,-0.8392603397369385,-0.3131439983844757
342,-1.0234626531600952,-0.9750563502311707,-0.49248552322387695
343,0.010162382386624813,0.8559392690658569,0.9122164845466614
344,-0.7871960401535034,-0.5175734758377075,-0.11490613222122192
345,-0.27023816108703613,0.06451589614152908,0.4664917290210724
346,-0.7515716552734375,-0.44441384077072144,0.09690999239683151
347,-0.7911280393600464,-0.5947259068489075,0.3039075434207916
348,-0.45132923126220703,-0.12297961115837097,0.30737215280532837
349,0.023100383579730988,0.734601616859436,0.8769564032554626
350,-0.378385066986084,0.03111625835299492,0.3755011260509491
351,-0.5169569849967957,-0.12263206392526627,0.22823025286197662
352,-0.5834382772445679,-0.37282902002334595,0.19272655248641968
353,-0.8095428347587585,-0.6821379065513611,-0.16878974437713623
354,-0.8188303709030151,-0.7295944690704346,-0.10080359876155853
355,-0.7990295886993408,-0.6760745644569397,-0.11037587374448776
356,0.008108807727694511,0.6571053266525269,0.8347577452659607
357,-0.8027698397636414,-0.6572160124778748,-0.192861869931221
358,-0.8353294134140015,-0.7559194564819336,-0.18256418406963348
359,-0.6245775818824768,-0.4245154857635498,0.10256625711917877
360,-0.6859976053237915,-0.48123040795326233,-0.15185922384262085
361,-0.24371494352817535,-0.06767567992210388,0.8419875502586365
362,-0.6471144556999207,-0.43210405111312866,0.019245458766818047
363,-0.681813657283783,-0.5233639478683472,-0.07916474342346191
364,-0.33393967151641846,-0.007652674335986376,0.5479530096054077
365,-0.6503473520278931,-0.5018209218978882,-0.0459640771150589
366,0.023100383579730988,0.6745738983154297,0.7537265419960022
367,-0.22887800633907318,0.21263419091701508,0.527330219745636
368,-0.35488930344581604,0.06019311398267746,0.35187411308288574
369,-0.5527566075325012,-0.3039390444755554,0.19507534801959991
370,-0.6135272979736328,-0.4249994158744812,0.03272683918476105
371,-0.7363370656967163,-0.549120306968689,-0.1721532940864563
372,0.008108807727694511,0.6216489672660828,0.7434144020080566
373,-0.7037671208381653,-0.5693113207817078,-0.13006919622421265
374,-0.585867702960968,-0.39445531368255615,0.39869457483291626
375,-0.6909536719322205,-0.5216145515441895,-0.16450077295303345
376,0.012371386401355267,0.7053980827331543,0.7799983024597168
377,-0.6231600642204285,-0.4593203067779541,0.2130616158246994
378,-0.7278973460197449,-0.5102019309997559,-0.031201744452118874
379,-0.7428802847862244,-0.5009707808494568,-0.18112190067768097
380,0.017650378867983818,0.5178614258766174,0.6804226636886597
381,-0.7190786600112915,-0.5488436818122864,-0.21171042323112488
382,-0.9066091775894165,-0.678921639919281,-0.10567917674779892
383,-0.6932252049446106,-0.442726194858551,-0.15015298128128052
384,-0.7386449575424194,-0.527155876159668,-0.20136137306690216
385,-0.7547038793563843,-0.5984428524971008,-0.20622558891773224
386,-0.5549516081809998,-0.2832987308502197,0.002147131832316518
387,-0.563834547996521,-0.23771312832832336,-0.02370765246450901
388,-0.5651098489761353,-0.3185546100139618,0.12948045134544373
389,-0.55732262134552,-0.31388700008392334,0.0011710792314261198
390,-0.5538939237594604,-0.33628588914871216,-0.022370707243680954
391,-0.651066780090332,-0.4093310236930847,-0.12579087913036346
392,-0.5527343153953552,-0.30040809512138367,-0.01507734227925539
393,-0.5610985159873962,-0.2777593433856964,-0.0320078544318676
394,-0.8843505382537842,-0.7928070425987244,-0.3695523738861084
395,-0.47138458490371704,-0.31434622406959534,0.07390695810317993
396,-0.7662413716316223,-0.610810399055481,-0.2014414668083191
397,-0.6531181931495667,-0.4412931799888611,-0.15249551832675934
398,-0.831270694732666,-0.6187345385551453,-0.21747329831123352
399,-0.5956077575683594,-0.3884202539920807,-0.04742743447422981
400,-0.751044511795044,-0.5568369626998901,-0.21967066824436188
401,-0.7568204402923584,-0.577586829662323,-0.2024349868297577
402,-0.9003190398216248,-0.7559654116630554,-0.21971061825752258
403,-0.6047368049621582,-0.4102821350097656,0.0053558372892439365
404,-0.852563202381134,-0.6763118505477905,-0.2306782454252243
405,-0.8614897131919861,-0.7118922472000122,-0.2391207069158554
406,-0.8857232332229614,-0.7824787497520447,-0.35938572883605957
407,-0.9140442609786987,-0.8447245359420776,-0.4335945248603821
408,-0.7956854701042175,-0.5175838470458984,0.2696557939052582
409,-0.9000881314277649,-0.7818522453308105,-0.17749139666557312
410,-0.638614296913147,-0.385904997587204,0.08468852192163467
411,-0.7911970615386963,-0.48641151189804077,-0.12447034567594528
412,-0.7825020551681519,-0.5006038546562195,-0.11794658750295639
413,-0.9169440865516663,-0.7719368934631348,-0.17772457003593445
414,-0.8479132652282715,-0.7054421901702881,-0.1196851059794426
415,-0.8568118810653687,-0.7712869644165039,-0.17347568273544312
416,-0.9279230237007141,-0.8646637201309204,-0.3913203179836273
417,-0.6908444762229919,-0.2923417091369629,-0.1448037177324295
418,-0.9079807996749878,-0.8230769634246826,-0.3932759165763855
419,-0.8796107172966003,-0.7659851312637329,-0.16243292391300201
420,-0.8790079951286316,-0.6760377287864685,-0.20153820514678955
421,-0.6689483523368835,-0.5101996064186096,-0.24462607502937317
422,-0.9041638374328613,-0.7827593088150024,-0.3599940240383148
423,-0.919953465461731,-0.7857894897460938,-0.24293795228004456
424,-0.918354332447052,-0.7998282313346863,-0.3958984613418579
425,-0.7601344585418701,-0.4616539478302002,-0.08502716571092606
426,-0.9290951490402222,-0.8528338074684143,-0.3594028055667877
427,-0.8257316946983337,-0.5767424702644348,-0.2391633242368698
428,-1.0096346139907837,-0.842802882194519,-0.29535138607025146
429,-0.352901816368103,0.07353769242763519,1.0509963035583496
430,-0.8324858546257019,-0.6439659595489502,-0.1753554791212082
431,-0.6857479214668274,-0.4925389289855957,-0.07476893812417984
432,-0.7801661491394043,-0.5415187478065491,-0.01310289278626442
433,-0.9987310767173767,-0.7288898229598999,-0.25642335414886475
434,-0.5186744332313538,0.02546427585184574,1.995626449584961
435,-1.0227891206741333,-0.7922810912132263,-0.3777308464050293
436,-0.9975624680519104,-0.8052300214767456,-0.3540426194667816
437,-0.5189133286476135,0.09922445565462112,1.9146661758422852
438,-0.8716222047805786,-0.8049946427345276,-0.29522213339805603
439,-0.9909554719924927,-0.7079549431800842,-0.2843376398086548
440,-0.9627411961555481,-0.7818871736526489,-0.21941286325454712
441,-0.4401560127735138,-0.1828344762325287,0.8642743825912476
442,-1.012567162513733,-0.8224624991416931,-0.2939654588699341
443,-1.0349920988082886,-0.8058038949966431,-0.06431807577610016
444,-0.7573708295822144,-0.5722457766532898,-0.2207130342721939
445,-0.8171195387840271,-0.6698318123817444,-0.3050776422023773
446,-0.7703598141670227,-0.5417383313179016,-0.1986975222826004
447,-0.7603965401649475,-0.5630531907081604,-0.13632912933826447
448,-0.8505393862724304,-0.6696272492408752,-0.274755597114563
449,-0.8183683753013611,-0.702831506729126,-0.24329732358455658
450,-0.8050336837768555,-0.6607285737991333,-0.3051999509334564
451,-1.010624885559082,-0.8613511919975281,-0.39595648646354675
452,-0.8772141337394714,-0.3742697238922119,-0.08299347758293152
453,-0.9572749137878418,-0.856390118598938,-0.35012778639793396
454,-0.9028123617172241,-0.7261517643928528,-0.2881733775138855
455,-1.0263532400131226,-0.8686457276344299,-0.2846711575984955
456,-0.9629008173942566,-0.8253666162490845,-0.20201857388019562
457,-1.0885030031204224,-0.7907786965370178,-0.29058876633644104
458,-1.0131289958953857,-0.7859768867492676,-0.16105009615421295
459,-0.7917578816413879,-0.4854973256587982,-0.09529478847980499
460,-1.0181690454483032,-0.7465041875839233,-0.288517564535141
461,-0.8294005393981934,-0.7056199908256531,-0.3748686909675598
462,-0.9313200116157532,-0.6931669116020203,-0.38438981771469116
463,-0.8305457830429077,-0.46597760915756226,0.01645498536527157
464,-0.8443922400474548,-0.6589722037315369,-0.2976381182670593
465,-0.8417598009109497,-0.656246542930603,-0.33424216508865356
466,-1.072331190109253,-0.9059216380119324,-0.3849521577358246
467,-0.8130670785903931,-0.682816743850708,-0.3290204107761383
468,-0.8749409914016724,-0.6912892460823059,-0.3603013753890991
469,-1.015228033065796,-0.9462154507637024,-0.4707152545452118
470,-0.6658406853675842,-0.3968052566051483,0.007687487173825502
471,-1.0586521625518799,-0.9830348491668701,-0.4639907777309418
472,-0.9338611960411072,-0.793106198310852,-0.37402817606925964
473,-1.0257774591445923,-0.979995608329773,-0.4732323884963989
474,-0.7620449662208557,-0.44155606627464294,-0.064425989985466
475,-1.0163530111312866,-0.941078782081604,-0.37969812750816345
476,-1.0175399780273438,-0.9536930322647095,-0.45855167508125305
477,-1.0005475282669067,-0.9198244214057922,-0.41592398285865784
478,-0.8554330468177795,-0.6811781525611877,-0.16799567639827728
479,-1.0181857347488403,-0.9726983308792114,-0.47374144196510315
480,-0.6241776347160339,-0.4042195677757263,-0.002746592741459608
481,-0.4062981605529785,-0.1419127732515335,0.4914630651473999
482,-0.5797732472419739,-0.3157210350036621,-0.02567187137901783
483,-0.5735832452774048,-0.3094926178455353,-0.018144655972719193
484,-0.6756730079650879,-0.5340639352798462,0.04613271355628967
485,-0.5757096409797668,-0.32985326647758484,0.0022991907317191362
486,-0.580928385257721,-0.36195918917655945,-0.024717755615711212
487,-0.38446927070617676,-0.06256738305091858,0.32613909244537354
488,-0.7985560297966003,-0.6983122229576111,-0.2448221892118454
489,-0.810270369052887,-0.6956064105033875,-0.24780678749084473
490,-0.39284393191337585,-0.1710050404071808,0.48478278517723083
491,-0.7996200323104858,-0.664589524269104,-0.23943211138248444
492,-0.7489897608757019,-0.6587601900100708,-0.24104292690753937
493,-0.8328289985656738,-0.5751641392707825,-0.19604547321796417
494,-0.5853368639945984,-0.3510611355304718,0.20959825813770294
495,-0.8081411123275757,-0.6599297523498535,-0.2399502992630005
496,-0.6625831127166748,-0.43931111693382263,-0.016774578019976616
497,-0.5773643255233765,-0.35630959272384644,-0.015220931731164455
498,-0.5547971725463867,-0.3103233873844147,-0.027865109965205193
499,-0.7229050993919373,-0.43339917063713074,-0.19281557202339172
500,-0.5882110595703125,-0.33159738779067993,-0.03480551764369011
501,-0.6603488922119141,-0.35802000761032104,-0.06358751654624939
502,-0.9557241797447205,-0.8175197243690491,-0.28024426102638245
503,-0.688474714756012,-0.4312230944633484,-0.04273321107029915
504,-0.7881107926368713,-0.6022775173187256,-0.20715582370758057
505,-0.7244094610214233,-0.481241375207901,-0.19974267482757568
506,-0.908368706703186,-0.7738544344902039,-0.33346185088157654
507,-0.8361143469810486,-0.620713472366333,-0.21883133053779602
508,-0.7669004201889038,-0.5519474744796753,-0.1971370279788971
509,-0.9684507250785828,-0.8234139680862427,-0.24478068947792053
510,-0.685206949710846,-0.4975539743900299,-0.008973978459835052
511,-0.9348938465118408,-0.8651629090309143,-0.26690253615379333
512,-0.2892671525478363,0.16780759394168854,0.5011228322982788
513,-0.3725377917289734,-0.03880130499601364,0.3208237588405609
514,-0.4405536353588104,-0.18323977291584015,0.4048652946949005
515,-0.5642619132995605,-0.3485258221626282,0.18063686788082123
516,-0.694808840751648,-0.4760039150714874,-0.14871089160442352
517,0.020771313458681107,0.5620722770690918,0.7809916734695435
518,-0.6824497580528259,-0.4286864101886749,0.029961109161376953
519,-0.5952861309051514,-0.4014270305633545,0.2801476716995239
520,-0.5492798686027527,-0.3075447082519531,-0.026787562295794487
521,0.008108807727694511,0.614931583404541,0.8036565780639648
522,-0.6112104654312134,-0.39739537239074707,0.005321188364177942
523,-0.7595492005348206,-0.5282431840896606,-0.014077262952923775
524,-0.6898378729820251,-0.4680596590042114,-0.1785714477300644
525,0.0023987898603081703,0.4542194604873657,0.6484640836715698
526,-0.5627685785293579,-0.3778354823589325,-0.03167770802974701
527,-0.5234034061431885,-0.28378477692604065,0.0011035609059035778
528,-0.6538500785827637,-0.4823682904243469,-0.05250904709100723
529,-0.5452697277069092,-0.3373766541481018,-0.007354660425335169
530,-0.5625023245811462,-0.3572778105735779,-0.028430374339222908
531,-0.7872713804244995,-0.5857619047164917,-0.21781764924526215
532,-0.2518810033798218,0.22092513740062714,0.37530452013015747
533,-0.7857543230056763,-0.6950555443763733,-0.17360004782676697
534,-0.5942425727844238,-0.43495500087738037,-0.03281784430146217
535,-0.7576611638069153,-0.5901981592178345,-0.21926482021808624
536,-0.28680121898651123,0.09131162613630295,0.42335835099220276
537,-0.7666693925857544,-0.5851364731788635,-0.1677882969379425
538,-0.7531062364578247,-0.6124498248100281,-0.09296169131994247
539,-0.7670623660087585,-0.4928658902645111,-0.19763265550136566
540,-0.4098210334777832,-0.017439430579543114,0.22858335077762604
541,-0.7646886706352234,-0.6276487708091736,-0.24144895374774933
542,-0.6036653518676758,-0.35826435685157776,-0.04449009150266647
543,-0.5500275492668152,-0.308597594499588,-0.01565472222864628
544,-0.5541077256202698,-0.28923889994621277,-0.02483430504798889
545,-0.7632627487182617,-0.532912015914917,-0.22621522843837738
546,-0.3170563280582428,0.0055349902249872684,0.3987084627151489
547,-0.7751526832580566,-0.6489208340644836,-0.2027929276227951
548,-0.5826112627983093,-0.385416179895401,-0.041251227259635925
549,-0.7462069988250732,-0.561603844165802,-0.21667906641960144
550,-0.38340866565704346,-0.06283498555421829,0.3440548777580261
551,-0.7646048665046692,-0.5452162623405457,-0.22316482663154602
552,-0.7249180674552917,-0.5823777914047241,-0.08407187461853027
553,-0.7721316814422607,-0.5421169400215149,-0.21589712798595428
554,-0.43686404824256897,-0.132378488779068,0.04528393596410751
555,-0.7728911638259888,-0.5619699954986572,-0.21597090363502502
556,-0.6863928437232971,-0.5419668555259705,-0.20850124955177307
557,-0.749214231967926,-0.545487642288208,-0.2174685001373291
558,-0.9660293459892273,-0.7809646129608154,-0.1528143584728241
559,-0.7108791470527649,-0.5062960982322693,-0.11442799866199493
560,-0.9413062930107117,-0.8357130289077759,-0.3066842555999756
561,-0.7548055648803711,-0.5733978152275085,-0.2403649538755417
562,-0.8978166580200195,-0.8095112442970276,-0.23986230790615082
563,-0.9420675039291382,-0.86441570520401,-0.29372915625572205
564,-0.8113690614700317,-0.6612551808357239,-0.26400336623191833
565,-0.9858477115631104,-0.815238893032074,-0.3762824237346649
566,-0.7572129368782043,-0.5563502907752991,-0.0590689592063427
567,-0.8985690474510193,-0.8131073117256165,-0.1662570834159851
568,-0.5787296295166016,-0.39150333404541016,-0.05157167837023735
569,-0.8564032912254333,-0.7005430459976196,-0.23762352764606476
570,-0.4583911597728729,-0.16143162548542023,0.12941515445709229
571,-0.7843682169914246,-0.6489112973213196,-0.23251409828662872
572,-0.6841917634010315,-0.49919840693473816,-0.12289192527532578
573,-0.7702767252922058,-0.6091539859771729,-0.23331943154335022
574,-0.5449557304382324,-0.24539542198181152,0.2706972360610962
575,-0.7534747123718262,-0.5853262543678284,-0.22986647486686707
576,-0.7920948266983032,-0.6210398077964783,-0.2431405782699585
577,-0.8844937682151794,-0.7353145480155945,-0.21201297640800476
578,-0.5907498002052307,-0.34691083431243896,0.18211160600185394
579,-0.7982426285743713,-0.6576507687568665,-0.24908527731895447
580,-0.8991247415542603,-0.808313250541687,-0.2848139703273773
581,-0.5746029615402222,-0.3139716386795044,-0.06297001987695694
582,-0.7958061695098877,-0.6496460437774658,-0.24957166612148285
583,-0.723168134689331,-0.5256078243255615,-0.18860025703907013
584,-0.8271694183349609,-0.6881800889968872,-0.24329133331775665
585,-0.6027945876121521,-0.3577934205532074,-0.038130566477775574
586,-0.7621967792510986,-0.589959979057312,-0.2198977917432785
587,-0.7486154437065125,-0.6000955104827881,-0.22259272634983063
588,-0.9340980052947998,-0.8507344126701355,-0.3095616400241852
589,-0.6098633408546448,-0.43389418721199036,-0.009386350400745869
590,-0.8224326968193054,-0.7596179842948914,-0.24118784070014954
591,-0.7730888724327087,-0.4516303539276123,-0.14958582818508148
592,-1.0285284519195557,-0.973663866519928,-0.4939691424369812
593,-1.044258952140808,-1.001801609992981,-0.4877913296222687
594,-1.0243357419967651,-0.9708214402198792,-0.4730076491832733
595,-0.8312363028526306,-0.5540013313293457,-0.2108110785484314
596,-1.0355390310287476,-1.001604437828064,-0.4981842041015625
597,-1.044539451599121,-0.9397100210189819,-0.47247883677482605
598,-1.0277005434036255,-0.9818480014801025,-0.4800504744052887
599,-0.9013051986694336,-0.7125378251075745,-0.25809189677238464
600,-1.0154684782028198,-0.953621506690979,-0.47272416949272156
601,-0.7018992304801941,-0.38492268323898315,-0.07860465347766876
602,-0.591711163520813,-0.3804148733615875,0.5279361009597778
603,-0.6044445037841797,-0.38037919998168945,-0.08594589680433273
604,0.012371386401355267,0.5489677786827087,0.7171175479888916
605,-0.5800958275794983,-0.34750205278396606,0.2780607044696808
606,-0.7137570977210999,-0.5013940334320068,-0.08823798596858978
607,-0.6562288999557495,-0.42942655086517334,0.008301893249154091
608,0.023100383579730988,0.50489342212677,0.6424830555915833
609,-0.6060793399810791,-0.35379430651664734,-0.06680674850940704
610,-1.0498404502868652,-0.9065077900886536,-0.44410035014152527
611,-1.0257169008255005,-0.972348153591156,-0.49316227436065674
612,-0.7584946155548096,-0.6163488626480103,-0.011927899904549122
613,-1.0536609888076782,-0.9845113158226013,-0.4820939004421234
614,-1.0294134616851807,-0.9917591214179993,-0.49432626366615295
615,-1.029557228088379,-0.948808491230011,-0.46164414286613464
616,-0.8546421527862549,-0.7654418349266052,0.05274808406829834
617,-1.0166895389556885,-0.9664769768714905,-0.4942239820957184
618,-0.900757908821106,-0.7928079962730408,-0.35924994945526123
619,-0.6108420491218567,-0.3776613175868988,0.032486483454704285
620,-0.8955357670783997,-0.8340291976928711,-0.31323716044425964
621,-0.842994749546051,-0.709969162940979,-0.2875562906265259
622,-0.9192821383476257,-0.7993605732917786,-0.2104816734790802
623,-0.627382218837738,-0.45204973220825195,-0.04414644464850426
624,-0.932684063911438,-0.8366682529449463,-0.3592830300331116
625,-0.7441925406455994,-0.469526082277298,-0.15371555089950562
626,-1.041622519493103,-0.9836539030075073,-0.4820908010005951
627,-1.0067027807235718,-0.9521810412406921,-0.49316227436065674
628,-1.0265531539916992,-0.9579116702079773,-0.4527125656604767
629,-0.8535254001617432,-0.7524126172065735,-0.2754916548728943
630,-1.0186679363250732,-0.9776929020881653,-0.49612995982170105
631,-0.715684711933136,-0.4652725160121918,0.06591323018074036
632,-0.7484278082847595,-0.4981539845466614,-0.17950941622257233
633,0.007074287161231041,0.47443363070487976,0.7020063996315002
634,-0.7078093886375427,-0.5396125316619873,-0.17829664051532745
635,-1.1304841041564941,-0.9849627614021301,-0.49299564957618713
636,-0.8582802414894104,-0.6779584288597107,0.07739283889532089
637,-1.0218640565872192,-0.9610612392425537,-0.4737342596054077
638,-1.0167051553726196,-0.8434675335884094,-0.4478661119937897
639,-0.8657956719398499,-0.6161907911300659,-0.196455717086792
640,-0.9999931454658508,-0.876043438911438,-0.453887015581131
641,-0.8984056711196899,-0.6633648872375488,-0.24883727729320526
642,-1.0192439556121826,-0.9630648493766785,-0.4763713777065277
643,-0.8605795502662659,-0.6959040760993958,-0.23796437680721283
644,-0.11265814304351807,0.2901304066181183,0.43364500999450684
645,-0.21892806887626648,0.32387667894363403,0.4454759657382965
646,-0.060771554708480835,0.46582597494125366,0.7660573124885559
647,-0.5295439958572388,-0.2331809550523758,0.4082725942134857
648,-0.5372813940048218,-0.3322291672229767,0.29633092880249023
649,-0.19402895867824554,0.20751048624515533,0.39582595229148865
650,-0.486258864402771,-0.16923855245113373,0.34690213203430176
651,-0.05259348824620247,0.41983816027641296,0.6244590878486633
652,-0.5552650690078735,-0.34868288040161133,0.038162313401699066
653,-0.06556804478168488,0.39372366666793823,0.5410330891609192
654,-0.5731721520423889,-0.40010499954223633,0.09407544136047363
655,-0.36225900053977966,-0.14528638124465942,0.1964985728263855
656,-0.6055732369422913,-0.4414549767971039,-0.001770430477336049
657,-0.599405825138092,-0.42597728967666626,0.07849019765853882
658,-0.4780642092227936,-0.11757167428731918,0.3653033673763275
659,-0.6351394653320312,-0.5130353569984436,-0.01655188575387001
660,-0.0954148918390274,0.4714602828025818,0.6831246614456177
661,-0.42715075612068176,-0.10046897083520889,0.11670105159282684
662,-0.4657241404056549,-0.18177935481071472,0.2875567376613617
663,-0.636950671672821,-0.48492565751075745,0.047444116324186325
664,-0.514584481716156,-0.2777678072452545,0.20664753019809723
665,-0.5695847868919373,-0.3975231647491455,0.089755579829216
666,-0.5402841567993164,-0.155084490776062,0.05448198318481445
667,-0.08851602673530579,0.44562655687332153,0.7123135924339294
668,-0.6455366015434265,-0.4642050862312317,-0.045935243368148804
669,-0.5608819723129272,-0.3896544277667999,0.15737003087997437
670,-0.5373923778533936,-0.21517105400562286,0.06922116130590439
671,-0.09700952470302582,0.4471997618675232,0.6725748181343079
672,-0.5756688714027405,-0.33159029483795166,0.06280600279569626
673,-0.698024570941925,-0.5216207504272461,-0.050460997968912125
674,-0.5053276419639587,-0.11937107145786285,0.16063496470451355
675,-0.10410484671592712,0.33565425872802734,0.5379014611244202
676,-0.5519429445266724,-0.23998317122459412,0.006675614044070244
677,-0.0992194190621376,0.3508716821670532,0.45797809958457947
678,-0.22322316467761993,0.31903135776519775,0.41509726643562317
679,0.020315825939178467,0.6512110233306885,0.9460228681564331
680,0.02257290668785572,0.6193301677703857,0.7539524435997009
681,-0.5510510802268982,-0.34348130226135254,0.13521353900432587
682,-0.9653022885322571,-0.8961127400398254,-0.3236916959285736
683,-0.29175910353660583,-0.022472769021987915,0.19733524322509766
684,-0.5374249219894409,-0.20067550241947174,0.21681766211986542
685,0.005937092937529087,0.5256357192993164,0.6439548134803772
686,-1.1062915325164795,-1.0914865732192993,-0.47604358196258545
687,0.010162382386624813,0.8410672545433044,0.9416747093200684
688,0.009544091299176216,0.6152735948562622,0.7463302612304688
689,-0.5735629200935364,-0.37720242142677307,-0.017055757343769073
690,-0.801003098487854,-0.6757498979568481,-0.23715320229530334
691,-0.9721933007240295,-0.9211136102676392,-0.3301822245121002
692,-1.0646942853927612,-0.9723032712936401,-0.44141334295272827
693,-0.5778599977493286,-0.3513523042201996,0.03607991710305214
694,-0.6194525361061096,-0.4096723198890686,-0.0030941639561206102
695,0.008108807727694511,0.5703204870223999,0.7426755428314209
696,-0.49515262246131897,-0.2825751304626465,-0.006572807673364878
697,-0.5399801731109619,-0.3198065757751465,-0.007110360078513622
698,-0.7941402196884155,-0.6799830794334412,-0.2286684364080429
699,-0.5809091925621033,-0.3828721046447754,-0.04188846796751022
700,-0.5853387117385864,-0.396024614572525,-0.04770013317465782
701,-1.175441026687622,-1.147085189819336,-0.5064427852630615
702,0.009544091299176216,0.47790607810020447,0.6790775656700134
703,-1.088550329208374,-1.0493580102920532,-0.45688143372535706
704,-0.7769883275032043,-0.6735325455665588,-0.2286718189716339
705,-1.1160579919815063,-1.1094677448272705,-0.48015716671943665
706,0.02257290668785572,0.5752583742141724,0.7921299934387207
707,-1.07265305519104,-0.9680949449539185,-0.46073105931282043
708,-1.028153657913208,-1.0067570209503174,-0.41023290157318115
709,-1.1108087301254272,-1.1285001039505005,-0.4541715383529663
710,0.002438686555251479,0.5472429394721985,0.55232173204422
711,-1.1007410287857056,-1.0750190019607544,-0.47744467854499817
712,-0.12840402126312256,0.3725775182247162,0.4854026436805725
713,-0.11746744066476822,0.21481527388095856,0.42449653148651123
714,-0.06595094501972198,0.3436492085456848,0.4722868502140045
715,-0.38507747650146484,0.12181290239095688,0.38122057914733887
716,-0.45395830273628235,-0.06657613068819046,0.2580052316188812
717,-0.15053674578666687,0.33125999569892883,0.45210304856300354
718,-0.37192007899284363,0.038832105696201324,0.298002690076828
719,-0.08547995239496231,0.30012205243110657,0.470445841550827
720,-0.5950321555137634,-0.11961138993501663,0.10894545912742615
721,-0.09166315943002701,0.29287809133529663,0.4534081220626831
722,-0.07786233723163605,0.2912319600582123,0.4337019920349121
723,-0.4161202609539032,0.009238134138286114,0.34411758184432983
724,-0.3153991401195526,-0.12168849259614944,0.18211834132671356
725,-0.2846393287181854,0.05989837646484375,0.37059861421585083
726,-0.48339301347732544,-0.10955881327390671,0.20482762157917023
727,-0.5583452582359314,-0.15618567168712616,0.08820696920156479
728,-0.25625547766685486,0.30836766958236694,0.40600237250328064
729,-0.43672212958335876,-0.05387111380696297,0.09355682879686356
730,-0.09526563435792923,0.2772459089756012,0.4512476325035095
731,-0.19499830901622772,0.31788215041160583,0.4527653157711029
732,-0.27969276905059814,0.26123979687690735,0.43656256794929504
733,-0.5453311204910278,-0.21769799292087555,0.15781381726264954
734,-0.35026463866233826,0.22271357476711273,0.34610071778297424
735,-0.41615092754364014,-0.029444053769111633,0.2643863260746002
736,-0.5407296419143677,-0.2217082381248474,0.08933793008327484
737,-0.08547995239496231,0.31688496470451355,0.4581553637981415
738,-0.616311252117157,-0.1552772969007492,0.018707815557718277
739,-0.44135811924934387,0.019993694499135017,0.24421122670173645
740,-0.5765390992164612,-0.14927028119564056,0.11856727302074432
741,-0.10596714168787003,0.18043626844882965,0.4119626581668854
742,-0.5374590158462524,-0.10905265808105469,0.12294533103704453
743,-0.712631106376648,-0.24327611923217773,0.09055217355489731
744,-0.5428525805473328,-0.25664323568344116,0.15449564158916473
745,-0.0820961594581604,0.373008668422699,0.4579339921474457
746,-0.5875372886657715,-0.2370927333831787,0.11328155547380447
747,-0.11676879227161407,0.3246608376502991,0.45389991998672485
748,-0.08073797821998596,0.3313911557197571,0.4474700093269348
749,-0.6136489510536194,-0.37957924604415894,-0.021172259002923965
750,-0.9239470362663269,-0.8123375773429871,-0.3615967631340027
751,-0.25626975297927856,0.048435039818286896,0.28364068269729614
752,-0.5882778763771057,-0.23986180126667023,0.13792604207992554
753,-0.06550242006778717,0.31666597723960876,0.4968005120754242
754,-1.0851613283157349,-1.062907338142395,-0.47689318656921387
755,-0.09349677711725235,0.40814223885536194,0.5277285575866699
756,-0.08547995239496231,0.2998448610305786,0.47482049465179443
757,-0.5939403772354126,-0.3956664502620697,-0.03631753847002983
758,-0.8703253865242004,-0.6526140570640564,-0.18509134650230408
759,-0.9602305889129639,-0.8730951547622681,-0.3314085006713867
760,-1.0528666973114014,-0.9783165454864502,-0.4710858166217804
761,-0.6237996220588684,-0.4191722273826599,0.013045130297541618
762,-0.6229020357131958,-0.4330696165561676,-0.07242020964622498
763,-0.11353152245283127,0.1825755536556244,0.4385587275028229
764,-0.5181745290756226,-0.23034198582172394,0.060399144887924194
765,-0.5471943020820618,-0.3397880494594574,-0.006779462564736605
766,-0.7198507189750671,-0.6157020926475525,-0.17461811006069183
767,-0.5969493389129639,-0.33321985602378845,-0.025315649807453156
768,-0.6028335094451904,-0.43957898020744324,-0.08840693533420563
769,-1.1296972036361694,-1.1457058191299438,-0.485637903213501
770,-0.0626823753118515,0.29706883430480957,0.5037527084350586
771,-1.0730810165405273,-1.003804087638855,-0.4727075695991516
772,-0.6924536228179932,-0.5181019306182861,-0.15357628464698792
773,-1.1024315357208252,-1.0958359241485596,-0.43659037351608276
774,-0.06446817517280579,0.24307575821876526,0.5964331030845642
775,-1.0803039073944092,-0.931747555732727,-0.4715518653392792
776,-1.0194166898727417,-0.9719287157058716,-0.42356714606285095
777,-1.092321753501892,-1.0473111867904663,-0.40304088592529297
778,-0.09148535877466202,0.3123563528060913,0.4798295497894287
779,-1.0905776023864746,-1.0580309629440308,-0.48385852575302124
780,-0.07034879177808762,0.3844418525695801,0.5260061025619507
781,-0.10279862582683563,0.39149799942970276,0.49073919653892517
782,-0.5020099878311157,-0.022865910083055496,0.3377876579761505
783,-0.5338990092277527,-0.13514208793640137,0.07956979423761368
784,-0.2018779069185257,0.22907376289367676,0.35845398902893066
785,-0.5076587796211243,-0.004871468525379896,0.3602435886859894
786,-0.09554684162139893,0.3973467946052551,0.513032853603363
787,-0.5508057475090027,-0.11054921895265579,0.17414946854114532
788,-0.11240633577108383,0.4151795208454132,0.5350542068481445
789,-0.059570591896772385,0.4111641049385071,0.515123188495636
790,-0.5554816722869873,-0.317516952753067,0.08734183758497238
791,-0.37905627489089966,0.04222656041383743,0.6447921395301819
792,-0.35693109035491943,0.14640377461910248,0.7423933148384094
793,-0.5751662254333496,-0.3104611039161682,0.08096540719270706
794,-0.5626388192176819,-0.18212425708770752,0.02913888357579708
795,-0.47621339559555054,0.01518118754029274,0.29675009846687317
796,-0.6157529354095459,-0.4121767282485962,0.002199223730713129
797,-0.06361619383096695,0.390566885471344,0.5111141800880432
798,-0.4678814113140106,-0.0743374153971672,0.3783050775527954
799,-0.44967690110206604,-0.061840347945690155,0.1677154302597046
800,-0.6397648453712463,-0.450149267911911,0.13092190027236938
801,-0.5277031064033508,-0.20069974660873413,0.04632263630628586
802,-0.5547649264335632,-0.268989235162735,0.09056393057107925
803,-0.5086992979049683,0.11612306535243988,0.5397405624389648
804,-0.07034879177808762,0.39919066429138184,0.5149595737457275
805,-0.6078436374664307,-0.24313847720623016,0.39515450596809387
806,-0.5606245398521423,-0.26597121357917786,0.10012055933475494
807,-0.48566460609436035,0.023084471002221107,0.06822649389505386
808,-0.06361619383096695,0.40460360050201416,0.5477869510650635
809,-0.5244669318199158,-0.05469925329089165,0.06475330144166946
810,-0.632345974445343,-0.3027910888195038,0.1529974639415741
811,-0.5092982053756714,0.11208159476518631,0.4019984304904938
812,-0.1358748972415924,0.43164876103401184,0.4702271521091461
813,-0.5281350016593933,-0.040533024817705154,0.07228124141693115
814,0.008108807727694511,0.5363611578941345,0.673867404460907
815,0.005414021201431751,0.6177118420600891,0.7029604911804199
816,-0.5590088367462158,-0.24434754252433777,0.09755562245845795
817,-0.9457469582557678,-0.8160903453826904,-0.27334141731262207
818,-0.36904314160346985,-0.017458530142903328,0.22877894341945648
819,-0.5247977375984192,-0.08703988790512085,0.7744408249855042
820,0.02257290668785572,0.5750007033348083,0.6639728546142578
821,-1.096683382987976,-1.0468149185180664,-0.3927641808986664
822,0.005937092937529087,0.47735854983329773,0.6568300127983093
823,-0.5599934458732605,-0.3581080734729767,-0.012973328121006489
824,-0.7974685430526733,-0.5961938500404358,-0.0008385566179640591
825,-0.9699954390525818,-0.9643551707267761,-0.29994237422943115
826,-1.058835744857788,-0.9662913680076599,-0.37511423230171204
827,-0.5804651975631714,-0.3193472623825073,0.031712453812360764
828,0.02257290668785572,0.48071950674057007,0.6743239164352417
829,-0.5113472938537598,-0.25448229908943176,-0.014104909263551235
830,-0.5283645391464233,-0.3149353861808777,-0.009209119714796543
831,-0.7630963325500488,-0.5939986109733582,-0.13711699843406677
832,-0.5584940314292908,-0.361855149269104,-0.043039411306381226
833,-0.5662136077880859,-0.3723370432853699,-0.04861929640173912
834,-1.184845209121704,-1.1569815874099731,-0.3554866313934326
835,0.008108807727694511,0.5900502800941467,0.637436032295227
836,-1.0688081979751587,-1.0491697788238525,-0.3922370672225952
837,-0.7431005239486694,-0.6295433640480042,-0.17110250890254974
838,-1.1304242610931396,-1.1197872161865234,-0.4789479374885559
839,0.008108807727694511,0.42788296937942505,0.6649311184883118
840,-1.0584920644760132,-0.9152659177780151,-0.3882153630256653
841,-1.0414199829101562,-1.007034182548523,-0.33488693833351135
842,-1.0920277833938599,-1.0677204132080078,-0.3047589957714081
843,-0.0034622345119714737,0.5140109062194824,0.5663639307022095
844,-1.0998780727386475,-1.064015507698059,-0.3752051889896393
845,0.010162382386624813,0.6385655999183655,0.7922546863555908
846,-0.06147744506597519,0.20751559734344482,0.7755046486854553
847,-0.4127226173877716,-0.012186886742711067,0.407685786485672
848,-0.43113037943840027,-0.17175790667533875,0.6777306199073792
849,-0.13432440161705017,0.3093925416469574,0.9454559683799744
850,-0.33803868293762207,0.03756798431277275,0.5647266507148743
851,-0.7708168029785156,-0.611555278301239,0.5704264044761658
852,-0.30245131254196167,0.030767079442739487,0.8396335244178772
853,-0.4098353683948517,-0.08529452234506607,0.8949396014213562
854,-0.696293294429779,-0.45641833543777466,0.7314141988754272
855,0.023100383579730988,0.6771495938301086,0.7656494379043579
856,-0.254192978143692,0.05762827768921852,0.4681497812271118
857,-0.35733452439308167,-0.04283338412642479,0.046639613807201385
858,-0.5048820972442627,-0.26901164650917053,0.012267534621059895
859,-0.5951054692268372,-0.42338132858276367,-0.05976894497871399
860,-0.6141631007194519,-0.4376310110092163,-0.06940217316150665
861,-0.2985593378543854,0.04635470733046532,0.45924028754234314
862,-0.5083150863647461,-0.27815866470336914,0.2414126843214035
863,-0.016894374042749405,0.35238468647003174,0.614101231098175
864,-0.38975954055786133,0.032753121107816696,0.40069013833999634
865,0.009084785357117653,0.6182701587677002,0.6950162053108215
866,-0.5583644509315491,-0.37876853346824646,0.009518162347376347
867,0.010162382386624813,0.7096296548843384,0.7542985677719116
868,-0.5126913785934448,-0.37501630187034607,0.28180992603302
869,-0.42192864418029785,0.04933087155222893,0.21657198667526245
870,-0.18497473001480103,0.10480919480323792,0.4262610077857971
871,-0.6246005892753601,-0.4518221616744995,0.20780490338802338
872,-0.6222233772277832,-0.42762356996536255,0.15407781302928925
873,-0.20447632670402527,0.2480773627758026,0.5954182147979736
874,-0.7301555871963501,-0.514973521232605,0.32083433866500854
875,0.020771313458681107,0.7065859436988831,0.7618905901908875
876,-0.1329822689294815,0.2466331422328949,0.6552437543869019
877,-0.32105395197868347,0.020100411027669907,0.5338354110717773
878,-0.7910150289535522,-0.6727597713470459,0.12429893761873245
879,-0.31558215618133545,-0.11405583471059799,0.3192736804485321
880,-0.5748006701469421,-0.3708813786506653,0.29467645287513733
881,-0.3877459466457367,-0.07023073732852936,0.14095526933670044
882,0.008108807727694511,0.6595458984375,0.7626556158065796
883,-0.7363973259925842,-0.531456708908081,0.03331335633993149
884,-0.5575013756752014,-0.3605171740055084,0.22111807763576508
885,-0.4044857919216156,-0.14659737050533295,0.11695365607738495
886,0.020771313458681107,0.7394921183586121,0.7951836585998535
887,-0.5228537321090698,-0.31856465339660645,0.08655629307031631
888,-0.7717217206954956,-0.6530299186706543,0.07187556475400925
889,-0.38520878553390503,-0.09975577890872955,0.15621542930603027
890,0.008764388039708138,0.6447338461875916,0.7052903771400452
891,-0.4447353780269623,-0.2499001920223236,0.06281279772520065
892,-0.5362526774406433,-0.36139968037605286,0.4204341173171997
893,-0.9473226070404053,-0.8171774744987488,-0.3216151297092438
894,-0.26519691944122314,-0.016332292929291725,0.32781317830085754
895,-0.5408244132995605,-0.11704663932323456,0.5803415179252625
896,0.017650378867983818,0.6079281568527222,0.6329616904258728
897,-1.1042300462722778,-1.0892856121063232,-0.5063421726226807
898,0.012371386401355267,0.8584141135215759,0.9198355078697205
899,0.023100383579730988,0.6952531337738037,0.7767019867897034
900,-0.6033172011375427,-0.40312695503234863,-0.042174749076366425
901,-0.8499178886413574,-0.7563320994377136,-0.32226675748825073
902,-0.9855595231056213,-0.932410478591919,-0.31978291273117065
903,-1.06438148021698,-1.0602132081985474,-0.4049966037273407
904,-0.6260733008384705,-0.4310595989227295,0.15833140909671783
905,-0.7021443247795105,-0.4747990369796753,-0.017219891771674156
906,0.010162382386624813,0.6845998167991638,0.749360978603363
907,-0.5081750154495239,-0.24374419450759888,0.016798166558146477
908,-0.541976809501648,-0.3248453140258789,-0.004576810635626316
909,-0.7321137189865112,-0.6253044605255127,-0.16005460917949677
910,-0.5851328372955322,-0.42534512281417847,-0.046785738319158554
911,-0.6119423508644104,-0.45895713567733765,-0.08754321187734604
912,-1.1833984851837158,-1.1578010320663452,-0.5036804676055908
913,0.012371386401355267,0.5701879262924194,0.6750285029411316
914,-1.086362361907959,-1.0789422988891602,-0.45907294750213623
915,-0.7236049771308899,-0.5995373129844666,-0.20463460683822632
916,-1.126440405845642,-1.1207330226898193,-0.46781811118125916
917,0.020771313458681107,0.6997367143630981,0.7668905854225159
918,-1.082205891609192,-1.0161157846450806,-0.4561963677406311
919,-1.0447927713394165,-1.0013391971588135,-0.4026702046394348
920,-1.1167469024658203,-1.110535740852356,-0.33117106556892395
921,0.002438686555251479,0.5400565266609192,0.5811269879341125
922,-1.1065946817398071,-1.0879250764846802,-0.47975215315818787
923,-0.5740904211997986,-0.3396342098712921,0.07180555909872055
924,-0.5858203768730164,-0.3879914879798889,0.013841268606483936
925,-0.7896168828010559,-0.6477527022361755,-0.2170162945985794
926,-0.5584102272987366,-0.36643439531326294,0.42737558484077454
927,-0.5830497741699219,-0.42059773206710815,0.48595109581947327
928,-0.5730928182601929,-0.3293657898902893,-0.01698054000735283
929,-0.7694210410118103,-0.4859922528266907,0.10590102523565292
930,-0.6200344562530518,-0.49951106309890747,-0.06862527877092361
931,-0.7400638461112976,-0.5712334513664246,-0.05671962350606918
932,-0.5629064440727234,-0.3354787230491638,0.06536742299795151
933,-0.5835347175598145,-0.3725354075431824,-0.030515722930431366
934,-0.5707941055297852,-0.3940789997577667,0.44564613699913025
935,-0.5469135046005249,-0.30482861399650574,0.0008829785510897636
936,-0.5595037341117859,-0.2989424467086792,-0.018795344978570938
937,-0.6446449160575867,-0.4901309609413147,-0.11257486045360565
938,-0.560857355594635,-0.3318121135234833,0.037404291331768036
939,-0.5774959325790405,-0.35187387466430664,0.001188353868201375
940,-0.7747462391853333,-0.5621730089187622,-0.19382540881633759
941,-0.5561624765396118,-0.39338088035583496,0.35303691029548645
942,-0.7313175201416016,-0.5811411738395691,-0.2082563042640686
943,-0.614836573600769,-0.46129342913627625,-0.10666444897651672
944,-0.7859491109848022,-0.6403031945228577,-0.2422206550836563
945,-0.5773743987083435,-0.4110186696052551,0.3477047085762024
946,-0.7530355453491211,-0.5742143392562866,-0.1560680866241455
947,-0.6970107555389404,-0.6006492972373962,-0.06322874873876572
948,-0.7747713327407837,-0.5474367141723633,-0.23578062653541565
949,-0.5564807057380676,-0.3920670747756958,0.07962401956319809
950,-0.7798202633857727,-0.6236541867256165,-0.21506589651107788
951,-2.0323679447174072,-0.8682577013969421,-0.2840164601802826
952,-0.549731969833374,-0.2979757487773895,0.2708599865436554
953,-1.0952990055084229,-1.0157707929611206,-0.39992767572402954
954,-0.3348765969276428,0.14722463488578796,0.5836455821990967
955,-0.24523741006851196,0.13830618560314178,0.6307490468025208
956,-0.5531867742538452,-0.26976776123046875,0.0007092428859323263
957,-0.8302776217460632,-0.6330246329307556,-0.21948273479938507
958,-0.912056565284729,-0.8209614157676697,-0.31426283717155457
959,-0.5863104462623596,-0.33702805638313293,0.02783799171447754
960,-0.6133253574371338,-0.31062352657318115,-0.06529012322425842
961,-0.5360062718391418,-0.2852175533771515,0.0014335926389321685
962,-0.7788728475570679,-0.6055512428283691,-0.23155631124973297
963,-0.7656660676002502,-0.6235231757164001,-0.24214890599250793
964,-1.0977035760879517,-1.0660362243652344,-0.5048489570617676
965,-1.107103705406189,-1.0409538745880127,-0.4961588382720947
966,-0.31112009286880493,-0.08141608536243439,0.2706330418586731
967,-1.7197195291519165,-0.9135741591453552,-0.31969454884529114
968,-0.901271402835846,-0.7591568231582642,-0.31189966201782227
969,-1.086997151374817,-0.8370429277420044,0.0007832885603420436
970,-0.9599213004112244,-0.8310475945472717,-0.2353101223707199
971,-0.9745776653289795,-0.8106160163879395,-0.32957687973976135
972,-0.9412738084793091,-0.8063671588897705,-0.30531710386276245
973,-0.864479660987854,-0.683070182800293,-0.11968517303466797
974,-0.9456732273101807,-0.8124130368232727,-0.3144626319408417
975,-1.0754519701004028,-0.7642359733581543,0.06698993593454361
976,-0.921004056930542,-0.7667854428291321,-0.3109394609928131
977,-0.7783939838409424,-0.6732575297355652,-0.308106005191803
978,-1.2592048645019531,-0.8517775535583496,-0.2764403820037842
979,-0.9742562174797058,-0.8052327036857605,-0.2853648066520691
980,-0.9302663207054138,-0.7565088868141174,-0.3287334144115448
981,-0.9132897853851318,-0.7818130850791931,-0.2446146309375763
982,-0.9500471353530884,-0.8261724710464478,-0.2890914976596832
983,-1.060476303100586,-0.860521674156189,-0.3470708131790161
984,-0.8256474733352661,-0.6689314842224121,-0.24321721494197845
985,-1.0552119016647339,-0.8117635846138,-0.32054123282432556
986,-1.030102014541626,-0.8090097904205322,-0.31961098313331604
987,-1.1562145948410034,-0.7493277192115784,0.02715291827917099
988,-0.966571033000946,-0.7582085132598877,-0.32912296056747437
989,-1.2823336124420166,-0.9092889428138733,-0.3237455487251282
990,-1.3475714921951294,-0.8902511596679688,-0.2854039967060089
991,-1.0388753414154053,-0.7947826981544495,-0.24328990280628204
992,-0.5833541750907898,-0.4041597545146942,-0.06911764293909073
993,-0.3315712511539459,0.13332420587539673,0.33714720606803894
994,-1.0799459218978882,-1.0441023111343384,-0.48544660210609436
995,-0.45904797315597534,-0.05849664658308029,0.3591267168521881
996,-0.31231898069381714,0.0014980887062847614,0.6021640300750732
997,-0.6051547527313232,-0.3672656714916229,-0.04325304180383682
998,-0.8349279761314392,-0.6867736577987671,-0.24298639595508575
999,-1.0823519229888916,-0.7937999367713928,-0.20525553822517395
1000,-1.1086571216583252,-1.0344946384429932,-0.43137305974960327
1001,-0.5893707275390625,-0.3959270417690277,-0.07683391124010086
1002,-0.7261492013931274,-0.5053882598876953,-0.1955086886882782
1003,-0.38407906889915466,-0.1515393853187561,0.7590970993041992
1004,-0.5511599779129028,-0.2675915062427521,-0.030211232602596283
1005,-0.5447754263877869,-0.20592232048511505,-0.013639484532177448
1006,-0.7656704783439636,-0.6073914170265198,-0.25696325302124023
1007,-0.585936427116394,-0.39778199791908264,-0.060176048427820206
1008,-0.7526100277900696,-0.5384413003921509,-0.20353049039840698
1009,-1.0729116201400757,-1.059686541557312,-0.48426705598831177
1010,-0.3282395899295807,-0.0027660622727125883,0.5570739507675171
1011,-1.1228878498077393,-1.03501296043396,-0.4773470461368561
1012,-0.7828104496002197,-0.6101478338241577,-0.27392059564590454
1013,-1.0760514736175537,-1.044052004814148,-0.49716296792030334
1014,-0.32208484411239624,-0.06569356471300125,0.8545128107070923
1015,-1.1785038709640503,-1.0375609397888184,-0.48083624243736267
1016,-1.1192184686660767,-0.9182281494140625,-0.4258599281311035
1017,-1.0723204612731934,-1.0269323587417603,-0.3597930669784546
1018,-0.5363883972167969,-0.3466956913471222,0.020444786176085472
1019,-1.0747016668319702,-1.039743423461914,-0.47689229249954224
1020,-0.5322352647781372,-0.29314470291137695,0.11001061648130417
1021,-0.23084500432014465,0.05988619849085808,0.2550359070301056
1022,-0.5902661085128784,-0.3547011613845825,-0.03648832067847252
1023,-0.21779148280620575,0.09316051751375198,0.2872236967086792
1024,-0.2097730040550232,0.02609177492558956,0.3837968707084656
1025,-0.5834569931030273,-0.42878955602645874,-0.04657439514994621
1026,-0.42613106966018677,-0.033351507037878036,0.3545761704444885
1027,-0.45715898275375366,-0.3420957326889038,0.0647735595703125
1028,-0.6027336716651917,-0.43719881772994995,-0.023900393396615982
1029,-0.5900887250900269,-0.41867682337760925,-0.07836604863405228
1030,-0.5093185305595398,-0.1950480341911316,0.2738007605075836
1031,-0.6353258490562439,-0.5039759874343872,-0.04990602657198906
1032,-0.2543829679489136,0.03215371444821358,0.45845112204551697
1033,-0.49714040756225586,-0.18189360201358795,0.019907545298337936
1034,-0.5272026658058167,-0.23774851858615875,0.0076814088970422745
1035,-0.6325194835662842,-0.4800839424133301,-0.07166658341884613
1036,-0.5321714282035828,-0.27545303106307983,-0.021610356867313385
1037,-0.5776898860931396,-0.4237925112247467,-0.041630975902080536
1038,-0.5729475617408752,-0.27860769629478455,0.03635803237557411
1039,-0.20606876909732819,0.1389293372631073,0.48844534158706665
1040,-0.6407203078269958,-0.4854121804237366,-0.09580879658460617
1041,-0.5905487537384033,-0.4124603569507599,-0.06463630497455597
1042,-0.5293320417404175,-0.3165901005268097,0.00037660636007785797
1043,-0.5669934153556824,-0.3762398362159729,-0.09237068146467209
1044,-0.6736489534378052,-0.5404027104377747,-0.0713653415441513
1045,-0.5659787654876709,-0.27069297432899475,0.13598181307315826
1046,-0.26932066679000854,0.027944060042500496,0.25561535358428955
1047,-0.5274989008903503,-0.30448004603385925,0.02704785391688347
1048,-0.5474724173545837,-0.2254544347524643,0.12669728696346283
1049,-0.02954130619764328,0.5218582153320312,0.6424571871757507
1050,-1.0880366563796997,-1.0615427494049072,-0.4497963786125183
1051,-0.04997307434678078,0.5022465586662292,0.7255814671516418
1052,-0.02597150020301342,0.3690299093723297,0.7371270656585693
1053,-0.5592989325523376,-0.3228210508823395,-0.0012321475660428405
1054,-0.7888264060020447,-0.51052325963974,-0.12366561591625214
1055,-0.9554985165596008,-0.941539466381073,-0.3013291656970978
1056,-1.0570422410964966,-0.9508569240570068,-0.42470961809158325
1057,-0.5876091122627258,-0.3661344647407532,-0.01675698161125183
1058,-0.5967028141021729,-0.33256593346595764,-0.021144092082977295
1059,-0.019307976588606834,0.3487418293952942,0.7835325002670288
1060,-0.49833935499191284,-0.2605009973049164,0.004576526582241058
1061,-0.5369994640350342,-0.28661009669303894,-0.0014169136993587017
1062,-0.7947717308998108,-0.666571855545044,-0.2297029346227646
1063,-0.5652653574943542,-0.3901708424091339,-0.051095858216285706
1064,-0.5809242725372314,-0.3856479525566101,-0.048798490315675735
1065,-1.149867296218872,-1.1410940885543823,-0.5029942393302917
1066,-0.023844895884394646,0.33005619049072266,0.6463210582733154
1067,-1.0797934532165527,-1.0262062549591064,-0.4627658426761627
1068,-0.7780500650405884,-0.6778575778007507,-0.23019003868103027
1069,-1.1120448112487793,-1.1061474084854126,-0.4728715121746063
1070,-0.02108992263674736,0.35898539423942566,0.8446061611175537
1071,-1.0745229721069336,-0.9515283107757568,-0.45542269945144653
1072,-1.0468710660934448,-0.9962785840034485,-0.39245104789733887
1073,-1.0934282541275024,-0.9712772965431213,-0.2597815692424774
1074,-0.05128617212176323,0.34596580266952515,0.4842992424964905
1075,-1.091728925704956,-1.0445805788040161,-0.44175443053245544
1076,-0.5112394094467163,-0.2823762595653534,1.2465651035308838
1077,-0.7788425087928772,-0.6078448295593262,-0.18599657714366913
1078,-0.5417605042457581,-0.30234217643737793,0.5453946590423584
1079,-0.7699726223945618,-0.5368404984474182,-0.14012452960014343
1080,-0.7529699802398682,-0.5965046882629395,-0.22247149050235748
1081,-0.7700800895690918,-0.6301947236061096,-0.23913779854774475
1082,-0.539154589176178,-0.14020870625972748,0.31752273440361023
1083,-0.7862126231193542,-0.5995079278945923,-0.23668114840984344
1084,-0.5267658829689026,-0.21221823990345,0.46374815702438354
1085,-0.7781142592430115,-0.654547929763794,-0.2471698671579361
1086,-0.7808558344841003,-0.6198374032974243,-0.24216587841510773
1087,-0.534091055393219,-0.17853595316410065,0.32417821884155273
1088,-0.842162013053894,-0.6604408621788025,-0.24726243317127228
1089,-0.8052109479904175,-0.6330989599227905,-0.2520762085914612
1090,-0.7891164422035217,-0.5263053178787231,-0.23663370311260223
1091,-0.5501001477241516,-0.21508139371871948,0.5134142637252808
1092,-0.7481479048728943,-0.5921966433525085,-0.22672730684280396
1093,-0.2793223261833191,0.3214638829231262,0.5840699076652527
1094,-0.3891400396823883,0.10848669707775116,0.3906318247318268
1095,-0.19394978880882263,0.2789425253868103,0.7717226147651672
1096,-0.5514905452728271,-0.24057473242282867,-0.023640647530555725
1097,-0.8260388970375061,-0.6331948637962341,-0.23707640171051025
1098,-0.9625869989395142,-0.7955576181411743,-0.29344043135643005
1099,-1.103256344795227,-0.9695950150489807,-0.3245789110660553
1100,-0.5845651030540466,-0.33561837673187256,-0.04757343605160713
1101,-0.6365047693252563,-0.30446940660476685,-0.12345791608095169
1102,-0.29137128591537476,0.08966848254203796,0.7567082643508911
1103,-0.5452396869659424,-0.262249231338501,-0.02052481286227703
1104,-0.5196821093559265,-0.24188488721847534,-0.011456605978310108
1105,-0.7604640126228333,-0.5870423913002014,-0.24695822596549988
1106,-0.5699816346168518,-0.3399684727191925,-0.03660029172897339
1107,-0.6453703045845032,-0.4257403612136841,-0.1494072526693344
1108,-1.1303696632385254,-1.0800951719284058,-0.48438382148742676
1109,-0.3125031888484955,0.23993109166622162,0.6602566242218018
1110,-1.1083972454071045,-1.0010730028152466,-0.4752064049243927
1111,-0.765742838382721,-0.6118043661117554,-0.25830161571502686
1112,-1.0465922355651855,-0.898986279964447,-0.4015624523162842
1113,-0.407655268907547,-0.07317100465297699,0.20610302686691284
1114,-1.0862400531768799,-1.0167721509933472,-0.40200114250183105
1115,-0.4916243851184845,-0.03347593918442726,0.24615707993507385
1116,0.023100383579730988,0.6040042042732239,0.6443041563034058
1117,0.0032028777059167624,0.6125374436378479,0.6621993184089661
1118,-0.32713794708251953,0.019486472010612488,0.45188581943511963
1119,-0.232646644115448,0.14171630144119263,0.3213885426521301
1120,-0.16575081646442413,0.3484928011894226,0.5283018946647644
1121,-0.4563787877559662,-0.11343244463205338,0.276093989610672
1122,-0.4340861737728119,-0.07118638604879379,0.20158885419368744
1123,-0.21943415701389313,0.3331895172595978,0.6221024394035339
1124,-0.5469035506248474,-0.2459183633327484,0.24508976936340332
1125,0.008764388039708138,0.5009947419166565,0.6200719475746155
1126,-0.09719148278236389,0.46839994192123413,0.5906657576560974
1127,-0.22824779152870178,0.23005607724189758,0.657467782497406
1128,-0.6486543416976929,-0.29416370391845703,0.25919878482818604
1129,-0.3112417757511139,0.14674173295497894,0.5642700791358948
1130,-0.3185705542564392,0.06517220288515091,0.4554581344127655
1131,-0.3778071403503418,0.17956939339637756,0.33675938844680786
1132,0.017650378867983818,0.591373860836029,0.6424915194511414
1133,-0.6113168597221375,-0.3674326539039612,0.08419482409954071
1134,-0.34143880009651184,0.07445983588695526,0.5465517640113831
1135,-0.3894467055797577,0.15660293400287628,0.2886219024658203
1136,0.009084785357117653,0.5514405369758606,0.6862909197807312
1137,-0.38166314363479614,0.17942047119140625,0.3471789062023163
1138,-0.6768642067909241,-0.4054359793663025,0.15362578630447388
1139,-0.3841899633407593,0.1154799535870552,0.3001728653907776
1140,0.002438686555251479,0.5871310830116272,0.6530805230140686
1141,-0.4012065827846527,0.11648924648761749,0.2893891930580139
1142,-1.103597640991211,-1.0650906562805176,-0.4961620271205902
1143,0.018147099763154984,0.6258173584938049,0.8012193441390991
1144,0.008108807727694511,0.613617479801178,0.7556419968605042
1145,-0.5909637212753296,-0.3643028140068054,-0.058055147528648376
1146,-0.8238699436187744,-0.7003984451293945,-0.18933427333831787
1147,-0.9423151016235352,-0.8545857071876526,-0.31279101967811584
1148,-1.0565158128738403,-1.0131646394729614,-0.4111183285713196
1149,-0.5935404896736145,-0.4434453845024109,0.14561863243579865
1150,-0.6685933470726013,-0.44068118929862976,-0.07002480328083038
1151,0.018147099763154984,0.5452636480331421,0.709204375743866
1152,-0.5017533302307129,-0.2478218823671341,0.2786805331707001
1153,-0.5541948676109314,-0.2980785667896271,-0.02758241444826126
1154,-0.7290512323379517,-0.5439321398735046,-0.16624897718429565
1155,-0.597004771232605,-0.4176037907600403,-0.05844647437334061
1156,-0.6215914487838745,-0.4219575524330139,-0.09333525598049164
1157,-1.1594314575195312,-1.1627296209335327,-0.30575060844421387
1158,0.008108807727694511,0.5781098008155823,0.706070601940155
1159,-1.0758699178695679,-1.0325828790664673,-0.45519423484802246
1160,-0.7230711579322815,-0.532126784324646,-0.13588938117027283
1161,-1.1238665580749512,-1.1043260097503662,-0.43085208535194397
1162,0.009084785357117653,0.5384122729301453,0.7943328619003296
1163,-1.08567476272583,-1.0366460084915161,-0.40466687083244324
1164,-1.0235157012939453,-0.9321027398109436,-0.4374469220638275
1165,-1.1195098161697388,-1.046037197113037,-0.2771318256855011
1166,0.005665011703968048,0.5311761498451233,0.5879665017127991
1167,-1.105014681816101,-1.0714751482009888,-0.4238520562648773
1168,-1.1013513803482056,-1.0978784561157227,-0.4961484372615814
1169,-1.1047565937042236,-1.081020474433899,-0.47930580377578735
1170,-1.1296977996826172,-1.0859816074371338,-0.48714542388916016
1171,-0.9531821608543396,-0.8609199523925781,-0.47696325182914734
1172,-1.068847894668579,-1.0101306438446045,-0.5004184246063232
1173,-1.1108031272888184,-1.0779210329055786,-0.4712978005409241
1174,-1.0780318975448608,-1.0189108848571777,-0.4973190128803253
1175,-1.0897997617721558,-0.9421567320823669,-0.40197110176086426
1176,-1.1285380125045776,-1.0879379510879517,-0.4899763762950897
1177,-1.1122785806655884,-1.0616728067398071,-0.4824933409690857
1178,-1.0889787673950195,-1.0515155792236328,-0.49964550137519836
1179,-1.103982925415039,-1.0464454889297485,-0.49523141980171204
1180,-1.1198993921279907,-1.0758084058761597,-0.4796611964702606
1181,-1.1345654726028442,-1.058618187904358,-0.4842967092990875
1182,-1.1210453510284424,-1.073170781135559,-0.4740816354751587
1183,-1.0435965061187744,-0.9991557002067566,-0.49827948212623596
1184,-1.1086649894714355,-1.0494352579116821,-0.4652900993824005
1185,-1.0942121744155884,-1.0582571029663086,-0.4990019202232361
1186,-1.1177668571472168,-1.0481173992156982,-0.48329034447669983
1187,-1.0491894483566284,-1.0298112630844116,-0.44435158371925354
1188,-1.109379529953003,-1.0833467245101929,-0.4984976053237915
1189,-1.064888834953308,-1.0146937370300293,-0.49757498502731323
1190,-1.1012053489685059,-1.0334755182266235,-0.4830436110496521
1191,-1.0403369665145874,-0.9854691624641418,-0.5049285292625427
1192,-1.0881574153900146,-1.072585105895996,-0.48885899782180786
1193,-1.0468212366104126,-1.0168880224227905,-0.4783792495727539
1194,-0.4580449163913727,-0.1828496754169464,0.13610602915287018
1195,-0.40622544288635254,-0.10112698376178741,0.17022307217121124
1196,-0.7524121403694153,-0.5537775158882141,-0.1914093941450119
1197,-0.9085091948509216,-0.795184850692749,-0.35927194356918335
1198,-1.126336932182312,-0.7630871534347534,-0.23313219845294952
1199,-1.0849963426589966,-1.016197919845581,-0.4766927659511566
1200,-0.6601281762123108,-0.48608145117759705,-0.03821558877825737
1201,-0.7568306922912598,-0.6175899505615234,-0.21404826641082764
1202,-0.43167972564697266,-0.24213586747646332,0.16587798297405243
1203,-0.5793225169181824,-0.39361628890037537,-0.036683715879917145
1204,-0.5743192434310913,-0.3384750187397003,-0.046082302927970886
1205,-0.8597094416618347,-0.8050509691238403,-0.2759205102920532
1206,-0.7562939524650574,-0.6320896744728088,-0.16686303913593292
1207,-0.7583374977111816,-0.6280419826507568,-0.2358507663011551
1208,-1.0358664989471436,-0.9891676902770996,-0.4789968729019165
1209,-0.3751964867115021,-0.07077038288116455,0.28601691126823425
1210,-0.8394354581832886,-0.7346562147140503,-0.25387662649154663
1211,-1.0548962354660034,-1.0242600440979004,-0.42864760756492615
1212,-0.4913051128387451,-0.2702942490577698,0.22867043316364288
1213,-1.0652087926864624,-0.9874323606491089,-0.47809576988220215
1214,-1.1201103925704956,-0.9483075141906738,-0.4462306797504425
1215,-1.0402995347976685,-0.9876857399940491,-0.5047235488891602
1216,-0.5706154108047485,-0.4180587828159332,-0.011961366981267929
1217,-1.0501526594161987,-1.0091428756713867,-0.4823032021522522
1218,0.008108807727694511,0.7469201683998108,0.8908888697624207
1219,-0.4601946771144867,-0.2887926995754242,0.5264809727668762
1220,-0.26838648319244385,0.043949369341135025,0.2555157244205475
1221,-0.29172441363334656,0.20077542960643768,0.6170052289962769
1222,-0.6235566735267639,-0.39622586965560913,0.235161691904068
1223,-0.6156655550003052,-0.2830609679222107,0.2150079607963562
1224,-0.23236815631389618,0.22625423967838287,0.6235893368721008
1225,-0.6833252310752869,-0.5409941673278809,0.19870437681674957
1226,0.010162382386624813,0.8670852184295654,1.0667213201522827
1227,-0.13409700989723206,0.37481269240379333,0.556914210319519
1228,-0.3248833417892456,0.11096864193677902,0.5325126051902771
1229,-0.8212602138519287,-0.6124911308288574,0.354787141084671
1230,-0.3082104027271271,-0.008874395862221718,0.4450864791870117
1231,-0.5091033577919006,-0.3497612476348877,0.2537286877632141
1232,-0.376598984003067,0.1441059112548828,0.2337261140346527
1233,0.012371386401355267,0.6722812056541443,0.7532720565795898
1234,-0.7330714464187622,-0.4166373312473297,0.16239257156848907
1235,-0.46674880385398865,-0.26814785599708557,0.30820244550704956
1236,-0.40512844920158386,-0.025488009676337242,0.16048835217952728
1237,0.008108807727694511,0.6834130883216858,0.8815047144889832
1238,-0.46281805634498596,-0.0856529027223587,0.2802482843399048
1239,-0.8274837136268616,-0.589526355266571,0.04591469094157219
1240,-0.3816124200820923,0.0939253568649292,0.2683747112751007
1241,0.023100383579730988,0.5772476196289062,0.7674340009689331
1242,-0.44720831513404846,-0.0999414473772049,0.12807419896125793
1243,0.010162382386624813,0.7189244031906128,0.8031308054924011
1244,-0.6304352879524231,-0.40083879232406616,-0.02849649079144001
1245,-0.8351265788078308,-0.6656867861747742,-0.21628764271736145
1246,-0.9865491390228271,-0.935539960861206,-0.30181223154067993
1247,-1.0668600797653198,-1.06916344165802,-0.40168336033821106
1248,0.008108807727694511,0.6184419989585876,0.7688405513763428
1249,-0.4606146216392517,-0.14162884652614594,0.06603432446718216
1250,-0.557960033416748,-0.35681048035621643,0.0025210948660969734
1251,-0.7744002938270569,-0.598663330078125,-0.14395874738693237
1252,-0.6105437874794006,-0.40553537011146545,-0.04467887431383133
1253,-0.6281446218490601,-0.4444945752620697,-0.07151167839765549
1254,-1.1875426769256592,-1.1388356685638428,-0.37172403931617737
1255,0.008108807727694511,0.672753095626831,0.8043937683105469
1256,-1.0923283100128174,-1.08010733127594,-0.4605313241481781
1257,-0.7340386509895325,-0.5760924220085144,-0.03693920373916626
1258,-1.1278983354568481,-1.1101179122924805,-0.42627283930778503
1259,0.010162382386624813,0.7290163040161133,0.8495315909385681
1260,-1.0716263055801392,-1.0516098737716675,-0.375270277261734
1261,-1.0525615215301514,-0.9875616431236267,-0.3992050290107727
1262,-1.105168104171753,-1.080730676651001,-0.2741268277168274
1263,0.0042158253490924835,0.6218587160110474,0.6196696162223816
1264,-1.1108695268630981,-1.0874810218811035,-0.46414807438850403
1265,-0.3678293824195862,-0.15749473869800568,0.7338386178016663
1266,-0.24497777223587036,0.12765666842460632,0.3348628282546997
1267,-0.1419033408164978,0.23711484670639038,0.6486626267433167
1268,-0.43599721789360046,-0.19555255770683289,0.5732776522636414
1269,-0.4666348397731781,-0.18304406106472015,0.4026511609554291
1270,-0.1971338987350464,0.3071843087673187,0.7541676163673401
1271,-0.49525362253189087,-0.33916011452674866,0.5946556329727173
1272,0.023100383579730988,0.6714852452278137,0.7595893144607544
1273,-0.09957543760538101,0.3702159523963928,0.6138775944709778
1274,-0.21655747294425964,0.18331016600131989,0.625674843788147
1275,-0.6424450278282166,-0.41625872254371643,0.36788421869277954
1276,-0.2374945729970932,0.051571618765592575,0.5329077243804932
1277,-0.3608735203742981,-0.10652731359004974,0.5907061696052551
1278,-0.377310574054718,0.20366430282592773,0.3146977722644806
1279,0.008108807727694511,0.6378004550933838,0.7495078444480896
1280,-0.61497563123703,-0.3942756652832031,0.34291040897369385
1281,-0.30584242939949036,-0.03673504665493965,0.6309553384780884
1282,-0.3682554364204407,0.13119427859783173,0.2819198668003082
1283,0.020771313458681107,0.6375258564949036,0.7588157653808594
1284,-0.4007718861103058,-0.07137640565633774,0.2644844055175781
1285,-0.6463975310325623,-0.47143039107322693,0.3349279463291168
1286,-0.3652169406414032,0.19494006037712097,0.29264259338378906
1287,0.008764388039708138,0.5261248350143433,0.6883206367492676
1288,-0.39008092880249023,0.04963625967502594,0.23888051509857178
1289,-0.5979275107383728,-0.40738028287887573,-0.0235384963452816
1290,-0.8410466909408569,-0.7582313418388367,-0.250498503446579
1291,-0.9465650916099548,-0.8872389793395996,-0.32012489438056946
1292,-1.0584155321121216,-1.0383272171020508,-0.41858425736427307
1293,-0.6196616888046265,-0.4587729871273041,0.22919365763664246
1294,-0.639398455619812,-0.4155983030796051,-0.05473894625902176
1295,0.008108807727694511,0.6826313138008118,0.7671846151351929
1296,-0.49023550748825073,-0.23850752413272858,0.0509733185172081
1297,-0.5469140410423279,-0.35610002279281616,0.007907183840870857
1298,-0.7237488627433777,-0.5711901783943176,-0.18762290477752686
1299,-0.6022635698318481,-0.4052748680114746,-0.07092463225126266
1300,-0.6110686659812927,-0.4351714253425598,-0.07677849382162094
1301,-1.1798772811889648,-1.1576719284057617,-0.38641369342803955
1302,0.010162382386624813,0.567957878112793,0.7939556241035461
1303,-1.0760622024536133,-1.0436060428619385,-0.47102177143096924
1304,-0.7147578001022339,-0.5756152868270874,-0.2020409107208252
1305,-1.1085644960403442,-1.0965440273284912,-0.4634823799133301
1306,0.020771313458681107,0.6310704946517944,0.7575440406799316
1307,-1.0686789751052856,-0.9717603325843811,-0.45521050691604614
1308,-1.0047229528427124,-0.9053894877433777,-0.4031113088130951
1309,-1.1232874393463135,-1.1000205278396606,-0.295364648103714
1310,0.022531624883413315,0.47057411074638367,0.5751530528068542
1311,-1.112385869026184,-1.0840113162994385,-0.4968266189098358
1312,-0.8001968264579773,-0.6557071208953857,-0.20455151796340942
1313,-0.598099946975708,-0.24955712258815765,0.012513425201177597
1314,-0.5765128135681152,-0.34221333265304565,-0.060939207673072815
1315,-0.7056560516357422,-0.4993852376937866,-0.1816226691007614
1316,-0.5479543805122375,-0.2720552086830139,-0.008297109976410866
1317,-0.5489547252655029,-0.27306970953941345,-0.01719934307038784
1318,-0.5943039059638977,-0.40532299876213074,-0.033375389873981476
1319,-0.554474413394928,-0.3493577241897583,-0.011425837874412537
1320,-0.5542489886283875,-0.33338242769241333,-0.022576015442609787
1321,-0.580722451210022,-0.2756567895412445,-0.04043349251151085
1322,-0.5463327765464783,-0.24941681325435638,0.0051886108703911304
1323,-0.5466351509094238,-0.2502594292163849,-0.014492603950202465
1324,-0.744764506816864,-0.554296612739563,-0.19976845383644104
1325,-0.5894585847854614,-0.4078083336353302,-0.04974452033638954
1326,-0.7052702307701111,-0.490412175655365,-0.18034112453460693
1327,-0.5782982707023621,-0.28696826100349426,-0.03732747584581375
1328,-0.749782145023346,-0.4863089621067047,-0.1929403841495514
1329,-0.5943711996078491,-0.4021851718425751,-0.032916463911533356
1330,-0.6796316504478455,-0.4637770652770996,-0.11484572291374207
1331,-0.618003785610199,-0.3953927159309387,-0.07407671213150024
1332,-0.7676934003829956,-0.5687653422355652,-0.22524216771125793
1333,-0.612244188785553,-0.40213364362716675,-0.013718307949602604
1334,-0.7527737617492676,-0.551679253578186,-0.1933109313249588
1335,-0.8291237354278564,-0.550343930721283,0.028524165973067284
1336,-0.9115896224975586,-0.8226978182792664,-0.3142662048339844
1337,-1.1140787601470947,-1.0099366903305054,-0.39349600672721863
1338,-0.5846294164657593,-0.38102853298187256,-0.02925707958638668
1339,-0.5788320302963257,-0.21165144443511963,-0.047203242778778076
1340,-0.47263869643211365,-0.21631044149398804,0.6569343209266663
1341,-0.5591263771057129,-0.36932599544525146,0.0023365821689367294
1342,-0.5451523065567017,-0.3488787114620209,-0.020243601873517036
1343,-0.7633206248283386,-0.5469857454299927,-0.23537112772464752
1344,-0.5700322985649109,-0.32951265573501587,-0.03434562683105469
1345,-0.5828794240951538,-0.3805248737335205,-0.06049118563532829
1346,-1.146608591079712,-1.0961101055145264,-0.4652680456638336
1347,-0.44475436210632324,-0.17634351551532745,0.4355613589286804
1348,-1.1249181032180786,-1.0734131336212158,-0.4907006323337555
1349,-0.7614138722419739,-0.6012393236160278,-0.24340078234672546
1350,-1.114133596420288,-1.0768392086029053,-0.5065358877182007
1351,-0.45355725288391113,-0.19463318586349487,0.7232488989830017
1352,-1.2001813650131226,-1.0396515130996704,-0.47802308201789856
1353,-1.0233746767044067,-0.8190528750419617,-0.40798327326774597
1354,-1.0949735641479492,-1.0108551979064941,-0.3478943109512329
1355,-0.5894113183021545,-0.36050742864608765,0.20107020437717438
1356,-1.1008684635162354,-1.0586910247802734,-0.4734353721141815
1357,-0.8197066783905029,-0.6763775944709778,-0.18556837737560272
1358,-0.8672527074813843,-0.7375928163528442,-0.2660192847251892
1359,-0.8714756369590759,-0.7827125787734985,-0.4271561801433563
1360,-0.821542501449585,-0.6522898077964783,0.23393815755844116
1361,-0.8797407150268555,-0.6878310441970825,-0.2376934289932251
1362,-0.8464604616165161,-0.7655773758888245,-0.2809046506881714
1363,-0.788079023361206,-0.5801646113395691,0.02903120219707489
1364,-0.8137754201889038,-0.699370265007019,-0.28684380650520325
1365,-0.8838845491409302,-0.7952196002006531,-0.32356733083724976
1366,-0.8572527766227722,-0.7122952342033386,-0.037139151245355606
1367,-0.8285385370254517,-0.6987989544868469,-0.17794133722782135
1368,-0.9026365876197815,-0.7876978516578674,-0.28636592626571655
1369,-0.8538495302200317,-0.7649608850479126,-0.31943440437316895
1370,-0.8946362137794495,-0.7772362232208252,-0.4225699007511139
1371,-0.840100109577179,-0.7235307097434998,-0.1882636994123459
1372,-0.9028280377388,-0.7822797894477844,-0.2541925609111786
1373,-0.8557464480400085,-0.7716494798660278,-0.36396387219429016
1374,-0.8512824773788452,-0.6786511540412903,-0.19643189013004303
1375,-0.8762243986129761,-0.7750969529151917,-0.36239540576934814
1376,-0.8970258831977844,-0.7793989777565002,-0.2884114682674408
1377,-0.8266988396644592,-0.6722344756126404,-0.2043856382369995
1378,-0.9066590666770935,-0.8010591864585876,-0.36897990107536316
1379,-0.9277464151382446,-0.7556681632995605,-0.23604226112365723
1380,-0.9173276424407959,-0.7680791020393372,-0.3947606384754181
1381,-0.6445348858833313,-0.45400217175483704,-0.1296868622303009
1382,-0.7728648781776428,-0.6731176972389221,-0.22214077413082123
1383,-0.15646035969257355,0.2615499198436737,0.44686076045036316
1384,-0.6037231087684631,-0.4140253961086273,-0.07779403775930405
1385,-0.6111940741539001,-0.44383761286735535,0.037886571139097214
1386,-0.9518397450447083,-0.7609909176826477,-0.23496119678020477
1387,-0.7666426301002502,-0.5845139026641846,-0.24136342108249664
1388,-0.8440069556236267,-0.6453296542167664,-0.226227805018425
1389,-0.9722086787223816,-0.8958660364151001,-0.4172135889530182
1390,-0.20461894571781158,0.28382864594459534,0.6145027875900269
1391,-0.9240151047706604,-0.7887407541275024,-0.43929731845855713
1392,-0.9124096035957336,-0.6773684024810791,-0.27989721298217773
1393,-0.932317852973938,-0.7759680151939392,-0.3946470320224762
1394,-0.27936050295829773,0.21498891711235046,0.31148868799209595
1395,-0.916819155216217,-0.7505406141281128,-0.23430944979190826
1396,-0.930523157119751,-0.7445143461227417,-0.30085253715515137
1397,-0.9076962471008301,-0.8444278240203857,-0.42361539602279663
1398,-0.43264836072921753,-0.0677855983376503,0.20858649909496307
1399,-0.9518563151359558,-0.8662939071655273,-0.496368944644928
1400,-0.9196661710739136,-0.6444656848907471,-0.21121038496494293
1401,-1.6433690786361694,-0.6286488771438599,-0.08487081527709961
1402,-0.7533460855484009,-0.5896775126457214,-0.14002694189548492
1403,-0.8572964668273926,-0.6035199761390686,-0.23668861389160156
1404,-0.8632909655570984,-0.6179863214492798,-0.20488256216049194
1405,-1.0741093158721924,-0.7071019411087036,-0.24991299211978912
1406,-0.9950475096702576,-0.6629741787910461,-0.2675168216228485
1407,-1.0208762884140015,-0.8170581459999084,-0.295418918132782
1408,-1.1030410528182983,-0.9789856672286987,-0.16094161570072174
1409,-0.5957909822463989,-0.33568933606147766,0.06242735683917999
1410,-0.7676210403442383,-0.49379122257232666,-0.14992591738700867
1411,-0.11404750496149063,0.18552175164222717,0.8922828435897827
1412,-0.5282748341560364,-0.19278812408447266,0.0252720657736063
1413,-0.5388047695159912,-0.1907055377960205,-0.009708120487630367
1414,-0.5856893062591553,-0.3953746259212494,0.041049838066101074
1415,-0.7281526923179626,-0.4832674264907837,-0.16838225722312927
1416,-0.18471792340278625,0.2584167718887329,0.9321215152740479
1417,-1.0885666608810425,-1.0152642726898193,-0.49147874116897583
1418,-0.7649232149124146,-0.5971438884735107,-0.2611861526966095
1419,-1.0871410369873047,-1.0388442277908325,-0.5061405301094055
1420,-0.1626579910516739,0.14438465237617493,0.7347193956375122
1421,-1.0084258317947388,-0.9078150391578674,-0.42629292607307434
1422,-1.0462688207626343,-0.8534638285636902,-0.3613576889038086
1423,-0.276816189289093,-0.059985995292663574,0.3215073347091675
1424,-1.0655192136764526,-0.9991117715835571,-0.500996470451355
1425,-1.118665337562561,-0.791536808013916,-0.07520773261785507
1426,-0.9451338052749634,-0.8320233225822449,-0.30127662420272827
1427,-0.9538190960884094,-0.7919347882270813,-0.32050830125808716
1428,-0.873306393623352,-0.746857225894928,-0.2626267969608307
1429,-0.9600856304168701,-0.8617010116577148,-0.3183102011680603
1430,-0.9608205556869507,-0.8593188524246216,-0.31444936990737915
1431,-0.9397859573364258,-0.8495774865150452,-0.30205604434013367
1432,-0.9350455403327942,-0.7815217971801758,-0.28891614079475403
1433,-0.9358846545219421,-0.7811089754104614,-0.3167422413825989
1434,-1.1180953979492188,-0.7071908116340637,-0.3145674169063568
1435,-0.8491872549057007,-0.7513881325721741,-0.26483744382858276
1436,-1.015426754951477,-0.7932188510894775,-0.09943665564060211
1437,-0.9754809737205505,-0.8248410224914551,-0.31852442026138306
1438,-1.0349820852279663,-0.738421618938446,0.010720188729465008
1439,-0.942998468875885,-0.8424596786499023,-0.27927693724632263
1440,-1.0827885866165161,-0.8481530547142029,-0.3254207670688629
1441,-0.9561184644699097,-0.7965947985649109,-0.3094373941421509
1442,-0.9866563081741333,-0.9243164658546448,-0.3164810240268707
1443,-1.0244343280792236,-0.6769737601280212,0.17456498742103577
1444,-1.166766881942749,-0.9902809858322144,-0.19558928906917572
1445,-0.5953015089035034,-0.42572009563446045,-0.08163809031248093
1446,-0.7431673407554626,-0.5155565142631531,-0.21672174334526062
1447,-0.41821959614753723,-0.2502456307411194,0.901590883731842
1448,-0.563485860824585,-0.3441157639026642,-0.032547686249017715
1449,-0.5515182018280029,-0.3112492561340332,-0.0368298701941967
1450,-0.7917799353599548,-0.6443172693252563,-0.25085827708244324
1451,-0.5937013030052185,-0.44592416286468506,-0.09693875908851624
1452,-0.7316715717315674,-0.5587863922119141,-0.18554411828517914
1453,-1.110728144645691,-1.082565188407898,-0.4945974051952362
1454,-0.4186176359653473,-0.16872422397136688,0.4402857720851898
1455,-1.2523666620254517,-1.0598177909851074,-0.4750080406665802
1456,-0.765507161617279,-0.6027511954307556,-0.2407819628715515
1457,-1.1443758010864258,-1.0526399612426758,-0.4576743543148041
1458,-0.4735942482948303,-0.2678266763687134,0.848587155342102
1459,-1.2412439584732056,-1.0493632555007935,-0.46754103899002075
1460,-1.132016897201538,-0.9470547437667847,-0.4237061142921448
1461,-1.0736786127090454,-1.038356065750122,-0.49085164070129395
1462,-0.6245546936988831,-0.4334181547164917,-0.013826441019773483
1463,-1.1135536432266235,-1.0471991300582886,-0.44950923323631287
1464,-1.0608421564102173,-0.9402548670768738,-0.40386706590652466
1465,-1.1853742599487305,-0.9844955801963806,-0.1913231611251831
1466,-1.0683516263961792,-1.0117347240447998,-0.4036874771118164
1467,-1.0636475086212158,-1.0120632648468018,-0.39956992864608765
1468,-1.0596555471420288,-0.9507117867469788,-0.3918374478816986
1469,-1.2550957202911377,-1.0606056451797485,-0.1685074418783188
1470,-1.132078766822815,-0.9680595397949219,-0.32403454184532166
1471,-1.1487181186676025,-1.0052342414855957,-0.38132601976394653
1472,-1.0594884157180786,-0.9509780406951904,-0.44314879179000854
1473,-1.0564618110656738,-1.0184653997421265,-0.41959962248802185
1474,-1.1144778728485107,-1.034001350402832,-0.4683768153190613
1475,-1.2295573949813843,-1.0154215097427368,-0.08470435440540314
1476,-1.0582847595214844,-1.0039106607437134,-0.45049771666526794
1477,-1.065063714981079,-0.978367030620575,-0.39704039692878723
1478,-1.0838819742202759,-1.008492112159729,-0.33788567781448364
1479,-1.2644481658935547,-1.0683315992355347,-0.4693030118942261
1480,-1.0480769872665405,-0.9389394521713257,-0.4785282015800476
1481,-1.0712908506393433,-1.019628882408142,-0.44045203924179077
1482,-1.054628849029541,-0.9872287511825562,-0.4723997712135315
1483,-0.6224088668823242,-0.39373978972435,-0.02609996311366558
1484,-0.7517920136451721,-0.5808194875717163,-0.20601917803287506
1485,-0.4782874882221222,-0.3200688362121582,0.7503709197044373
1486,-0.5574163794517517,-0.2230546921491623,-0.01996248960494995
1487,-0.5522650480270386,-0.2448071837425232,-0.02919772081077099
1488,-0.7942032814025879,-0.6823155879974365,-0.2636159658432007
1489,-0.6914386749267578,-0.49688684940338135,-0.11409641057252884
1490,-0.7474440932273865,-0.5928521156311035,-0.18234163522720337
1491,-1.0480648279190063,-0.992603063583374,-0.4973447322845459
1492,-0.39950358867645264,-0.11822861433029175,0.684306263923645
1493,-1.1383103132247925,-1.065460443496704,-0.5039947032928467
1494,-0.7828158140182495,-0.6331405639648438,-0.26103243231773376
1495,-1.0571813583374023,-1.0241962671279907,-0.4980308413505554
1496,-0.49238699674606323,-0.24345006048679352,0.7123799920082092
1497,-1.1499125957489014,-1.0092705488204956,-0.47609779238700867
1498,-1.2779496908187866,-0.947304904460907,-0.4759111702442169
1499,-1.0375936031341553,-0.970296323299408,-0.4169030785560608
1500,-0.6286645531654358,-0.42126137018203735,0.049961239099502563
1501,-1.042638897895813,-1.0040432214736938,-0.4980308413505554
1502,-0.5972960591316223,-0.42361700534820557,-0.061036378145217896
1503,-0.588254451751709,-0.3595369756221771,0.2582024931907654
1504,-0.5736290812492371,-0.3327183127403259,-0.06458067148923874
1505,-0.5715159177780151,-0.3319672644138336,-0.028779182583093643
1506,-0.6576018929481506,-0.525987446308136,-0.08520671725273132
1507,-0.5764656066894531,-0.349836140871048,-0.04860922694206238
1508,-0.5880810618400574,-0.39285939931869507,-0.0451226606965065
1509,-0.6375164985656738,-0.47906234860420227,-0.19545017182826996
1510,-0.5868300199508667,-0.3910052180290222,0.3063766360282898
1511,-0.6135971546173096,-0.43358856439590454,0.03437746316194534
1512,-0.608096182346344,-0.4131856858730316,-0.07264915108680725
1513,-0.6293914914131165,-0.47098028659820557,-0.08979840576648712
1514,-0.6113966107368469,-0.3845059871673584,0.40392690896987915
1515,-0.6059560775756836,-0.39798852801322937,-0.1169738918542862
1516,-0.65420001745224,-0.44736447930336,0.305061936378479
1517,-0.6066000461578369,-0.39092856645584106,-0.012992369011044502
1518,-0.6487407088279724,-0.4599538743495941,-0.033509545028209686
1519,-0.6095947027206421,-0.2936462163925171,-0.028607014566659927
1520,-0.1852666735649109,0.15762728452682495,0.7160601615905762
1521,-0.515734076499939,-0.2522026300430298,0.0002682472113519907
1522,-0.5351523160934448,-0.26368772983551025,-0.0007571071037091315
1523,-0.8012478947639465,-0.6620557308197021,-0.2455437034368515
1524,-0.5726633667945862,-0.32794979214668274,-0.03658422455191612
1525,-0.2466181069612503,0.29266732931137085,0.783865749835968
1526,-1.075620174407959,-1.0093938112258911,-0.4462597072124481
1527,-1.10199773311615,-1.0615540742874146,-0.4948161244392395
1528,-0.2495143562555313,0.022036349400877953,0.7422122955322266
1529,-1.0627168416976929,-1.0345393419265747,-0.3953193426132202
1530,-1.0342837572097778,-0.9241847395896912,-0.4017079174518585
1531,-0.2117357850074768,0.04599993675947189,0.31917330622673035
1532,-1.0952668190002441,-0.9934086799621582,-0.42818304896354675
1533,-0.6468612551689148,-0.4381029009819031,-0.048769958317279816
1534,-0.5769292116165161,-0.29949474334716797,-0.03454010561108589
1535,-0.5730932354927063,-0.24834930896759033,-0.030144842341542244
1536,-0.7404139637947083,-0.39183464646339417,-0.15346935391426086
1537,-0.5660594701766968,-0.28828877210617065,-0.022939691320061684
1538,-0.6504759192466736,-0.2982557415962219,-0.08390407264232635
1539,-0.7743324637413025,-0.6253172159194946,-0.2348732203245163
1540,-0.6547154188156128,-0.42440810799598694,-0.038196492940187454
1541,-0.7507772445678711,-0.5735439658164978,-0.2146255373954773
1542,-0.7215757966041565,-0.4623274505138397,-0.17449268698692322
1543,-0.7711312174797058,-0.5743655562400818,-0.21865294873714447
1544,-0.7346729636192322,-0.5396319031715393,-0.20298850536346436
1545,-0.7357528805732727,-0.4923047125339508,-0.19529631733894348
1546,-0.7918456792831421,-0.6627589464187622,-0.23910176753997803
1547,-0.6539187431335449,-0.4148402810096741,-0.006011538207530975
1548,-0.7761419415473938,-0.6346362233161926,-0.22830608487129211
1549,-0.4927881360054016,-0.3594164252281189,0.8057026267051697
1550,-0.5728530883789062,-0.4274202585220337,-0.030067715793848038
1551,-0.5534847378730774,-0.36372458934783936,-0.02288745529949665
1552,-0.7547086477279663,-0.5594369769096375,-0.22176669538021088
1553,-0.5766972899436951,-0.3843342363834381,-0.05863208696246147
1554,-0.6469264626502991,-0.4326202869415283,-0.1427047848701477
1555,-1.1343101263046265,-1.111903429031372,-0.4512563943862915
1556,-0.5589225888252258,-0.3457508683204651,0.5663458704948425
1557,-1.2404944896697998,-1.0509812831878662,-0.4797493517398834
1558,-0.758127748966217,-0.6117416024208069,-0.24384106695652008
1559,-1.101097822189331,-1.0725433826446533,-0.4956006407737732
1560,-0.6145778894424438,-0.4349556267261505,0.7915192246437073
1561,-1.2089457511901855,-1.0383102893829346,-0.47826525568962097
1562,-1.0201997756958008,-0.8348406553268433,-0.4038639962673187
1563,-1.098443865776062,-1.0016180276870728,-0.4001336693763733
1564,-0.7180032730102539,-0.47285276651382446,0.09985024482011795
1565,-1.104758858680725,-1.0873600244522095,-0.4743947684764862
1566,-0.10471775382757187,0.25061842799186707,0.7124968767166138
1567,-0.2786540687084198,-0.04995540529489517,0.5838343501091003
1568,-0.5284380912780762,-0.4392297565937042,0.6928959488868713
1569,-0.33949193358421326,-0.03172493353486061,0.7004729509353638
1570,-0.42536935210227966,-0.2249346822500229,0.7053582668304443
1571,-0.26646748185157776,0.2553459107875824,0.420545369386673
1572,0.010162382386624813,0.5370593667030334,0.770552396774292
1573,-0.6300500631332397,-0.42228907346725464,0.5676743984222412
1574,-0.39949464797973633,-0.22872215509414673,0.8066582083702087
1575,-0.3199544847011566,-0.05204553157091141,0.21320779621601105
1576,0.008108807727694511,0.621222972869873,0.807250440120697
1577,-0.39350998401641846,-0.14732106029987335,0.7329795956611633
1578,-0.6888967752456665,-0.5256566405296326,0.25566232204437256
1579,-0.23418308794498444,0.1751321405172348,0.4386146664619446
1580,0.018147099763154984,0.4658088982105255,0.6805208325386047
1581,-0.38483262062072754,-0.0842246413230896,0.1927785575389862
1582,-0.4484620988368988,-0.2045053094625473,-0.00346287596039474
1583,-0.5400564670562744,-0.28862375020980835,0.005945597775280476
1584,-0.5821662545204163,-0.42001280188560486,-0.05389433726668358
1585,-0.6048014163970947,-0.44276827573776245,-0.07033953815698624
1586,-1.1687389612197876,-1.1608166694641113,-0.4610017240047455
1587,0.023100383579730988,0.5797480344772339,0.818536639213562
1588,-1.0799732208251953,-1.0464147329330444,-0.4612935781478882
1589,-0.6445013284683228,-0.4623214602470398,-0.11655138432979584
1590,-1.1318199634552002,-1.0547006130218506,-0.43053436279296875
1591,0.010162382386624813,0.7027700543403625,0.8298805356025696
1592,-1.0718803405761719,-0.9800969958305359,-0.4390917122364044
1593,-0.9416374564170837,-0.7978817820549011,-0.3757856488227844
1594,-1.1262922286987305,-1.1071275472640991,-0.3915495276451111
1595,0.016724001616239548,0.4247571527957916,0.5932406783103943
1596,-1.1061533689498901,-0.9853357076644897,-0.5063421726226807
1597,-0.501140832901001,-0.2941727936267853,-0.018143704161047935
1598,-0.6005170345306396,-0.4106145203113556,-0.03661930561065674
1599,-0.5385597944259644,-0.2968218922615051,-0.004707419313490391
1600,-0.5597947239875793,-0.36061882972717285,-0.017873119562864304
1601,-0.5898052453994751,-0.391832172870636,-0.08197872340679169
1602,-0.44613757729530334,-0.1552688479423523,0.012466780841350555
1603,-0.5799410343170166,-0.3072076439857483,-0.022621873766183853
1604,-0.5507723093032837,-0.33343270421028137,-0.02883247472345829
1605,-0.5877255797386169,-0.3532191514968872,-0.03323611617088318
1606,-0.5106979608535767,-0.29466208815574646,0.019177017733454704
1607,-0.5518835186958313,-0.24982112646102905,-0.025344355031847954
1608,-0.6111424565315247,-0.4161035120487213,-0.040957700461149216
1609,-0.5960406064987183,-0.43047231435775757,-0.07411527633666992
1610,-0.5018796324729919,-0.21285954117774963,0.02500402368605137
1611,-0.5754247307777405,-0.37584489583969116,-0.03436379134654999
1612,-0.5254392027854919,-0.28796064853668213,-0.013249626383185387
1613,-0.7781643271446228,-0.656101644039154,-0.22004476189613342
1614,-0.5677616596221924,-0.3429151177406311,-0.04196813330054283
1615,-0.5870217084884644,-0.4101701080799103,-0.08275358378887177
1616,-1.175543189048767,-1.1172679662704468,-0.4810853600502014
1617,-0.09588848799467087,0.31857243180274963,0.6490327715873718
1618,-1.096386432647705,-1.0124117136001587,-0.45178458094596863
1619,-0.7772390842437744,-0.6282471418380737,-0.22827139496803284
1620,-1.124334692955017,-1.0593695640563965,-0.4939752519130707
1621,-0.12255685776472092,0.22193317115306854,0.722370445728302
1622,-1.0743277072906494,-1.0392004251480103,-0.3936080038547516
1623,-1.0206118822097778,-0.9484298825263977,-0.40750932693481445
1624,-1.0907983779907227,-0.9326142072677612,-0.16588546335697174
1625,-0.1405373066663742,0.17151175439357758,0.39409953355789185
1626,-1.0988751649856567,-1.0312955379486084,-0.48788148164749146
1627,-0.5686693787574768,-0.3200213611125946,-0.029462845996022224
1628,-0.5486205220222473,-0.28249189257621765,-0.018819723278284073
1629,-0.5439971685409546,-0.29936107993125916,-0.02116803266108036
1630,-0.6076609492301941,-0.39523234963417053,-0.028498230502009392
1631,-0.5359423160552979,-0.2880704998970032,1.0254094377160072e-05
1632,-0.5617669224739075,-0.25340884923934937,-0.027900012210011482
1633,-0.5546145439147949,-0.284635066986084,-0.028057454153895378
1634,-0.5839672684669495,-0.32712700963020325,-0.03073280304670334
1635,-0.5479677319526672,-0.3518184423446655,-0.02154659666121006
1636,-0.5524901747703552,-0.1967778205871582,-0.012927774339914322
1637,-0.5902043581008911,-0.3688059151172638,-0.021051855757832527
1638,-0.6156956553459167,-0.4299302101135254,-0.09988634288311005
1639,-0.548305332660675,-0.30539169907569885,-0.015181547962129116
1640,-0.591295063495636,-0.34605878591537476,-0.03713957965373993
1641,-0.769690215587616,-0.5811967849731445,-0.21668879687786102
1642,-0.5670039057731628,-0.34055352210998535,-0.03581279143691063
1643,-0.5816782712936401,-0.37660327553749084,-0.0515437014400959
1644,-1.162581443786621,-1.1353398561477661,-0.4688407778739929
1645,-0.30930179357528687,0.16585718095302582,0.5174604654312134
1646,-1.1028192043304443,-1.0481128692626953,-0.452853798866272
1647,-0.7709478139877319,-0.5905963778495789,-0.22814346849918365
1648,-1.1150672435760498,-1.0595711469650269,-0.47737324237823486
1649,-0.2397245466709137,0.03688773885369301,0.8819265961647034
1650,-1.0711923837661743,-1.0222440958023071,-0.4011438488960266
1651,-1.0043076276779175,-0.8608949780464172,-0.40750932693481445
1652,-1.0946674346923828,-0.9930334091186523,-0.327307790517807
1653,-0.33901211619377136,0.14405184984207153,0.3705471158027649
1654,-1.098968744277954,-1.0405070781707764,-0.47218719124794006
1655,-0.7598414421081543,-0.5986162424087524,-0.2309725284576416
1656,-0.7495283484458923,-0.5760731101036072,-0.22356651723384857
1657,-0.9184976816177368,-0.8044281601905823,-0.307807594537735
1658,-0.6802929043769836,-0.4631516635417938,-0.15685424208641052
1659,-0.8566935658454895,-0.6959221363067627,-0.26050448417663574
1660,-0.761914074420929,-0.5833642482757568,-0.23901677131652832
1661,-0.8523056507110596,-0.7719106674194336,-0.2742355763912201
1662,-0.8305296301841736,-0.6649897694587708,-0.27091512084007263
1663,-0.7942867875099182,-0.6198742985725403,-0.24829956889152527
1664,-0.9331002831459045,-0.6929120421409607,-0.2289266586303711
1665,-0.7468616366386414,-0.5978636145591736,-0.180587500333786
1666,-0.865624189376831,-0.7745876908302307,-0.26503607630729675
1667,-0.595450222492218,-0.4234234690666199,-0.07093861699104309
1668,-0.7285226583480835,-0.5074238777160645,-0.18975819647312164
1669,-1.1120975017547607,-1.096749186515808,-0.5053626298904419
1670,-0.5779021382331848,-0.3714425563812256,0.568774402141571
1671,-1.1496057510375977,-1.069810152053833,-0.48352205753326416
1672,-0.7661399245262146,-0.5903657674789429,-0.2420874387025833
1673,-1.1053612232208252,-1.0684682130813599,-0.47941020131111145
1674,-0.5395970940589905,-0.45458218455314636,0.9211173057556152
1675,-1.2051297426223755,-1.0844063758850098,-0.5060768127441406
1676,-1.0660337209701538,-0.9468232989311218,-0.4049761891365051
1677,-1.0908454656600952,-1.023909568786621,-0.41405433416366577
1678,-0.7929388284683228,-0.6027871966362,0.1394253671169281
1679,-1.0928664207458496,-1.034222960472107,-0.47941020131111145
1680,-0.571755051612854,-0.3382655680179596,-0.04076085612177849
1681,-0.7583074569702148,-0.6387298107147217,-0.20809724926948547
1682,-0.5957849025726318,-0.4159243106842041,-0.06015119329094887
1683,-0.705661952495575,-0.5113900899887085,-0.10417220741510391
1684,-0.6166854500770569,-0.40544387698173523,-0.01722894422709942
1685,-0.7449245452880859,-0.559249222278595,-0.2032112181186676
1686,-0.6000975966453552,-0.4075806736946106,-0.0666324570775032
1687,-0.7035963535308838,-0.487894207239151,-0.12053079903125763
1688,-0.6423458456993103,-0.4776374399662018,-0.0885356143116951
1689,-0.7699360251426697,-0.6003190279006958,-0.23739376664161682
1690,-0.5783523917198181,-0.3811843693256378,-0.020769786089658737
1691,-0.7739866971969604,-0.6110029816627502,-0.23344527184963226
1692,-0.6082267761230469,-0.3989070653915405,-0.07816781103610992
1693,-1.1650952100753784,-1.1058965921401978,-0.4566305875778198
1694,-0.2835419476032257,0.07344149798154831,0.4710206687450409
1695,-1.1647707223892212,-1.086132287979126,-0.44411522150039673
1696,-0.76034015417099,-0.611131489276886,-0.23127466440200806
1697,-1.1275744438171387,-1.0687872171401978,-0.48851650953292847
1698,-0.2949405610561371,0.03137717768549919,0.8410844206809998
1699,-1.1412657499313354,-0.9855852723121643,-0.4254234731197357
1700,-1.0194029808044434,-0.8363368511199951,-0.3986924886703491
1701,-1.0844311714172363,-1.052753210067749,-0.3941083252429962
1702,-0.35910069942474365,-0.12326639890670776,0.2400890588760376
1703,-1.1057666540145874,-1.0367927551269531,-0.43063801527023315
1704,-0.7554911971092224,-0.5981047749519348,-0.2370404154062271
1705,-0.6185055375099182,-0.4406859278678894,-0.06739266216754913
1706,-0.7574881911277771,-0.603608250617981,-0.23233748972415924
1707,-0.7248445153236389,-0.5197924971580505,-0.16862893104553223
1708,-0.7590262293815613,-0.5985420346260071,-0.22973404824733734
1709,-0.6061556339263916,-0.41549646854400635,-0.06863942742347717
1710,-0.7462050318717957,-0.5697162747383118,-0.2143585979938507
1711,-0.7309802770614624,-0.5454709529876709,-0.21669314801692963
1712,-0.765680730342865,-0.6301915049552917,-0.2239733636379242
1713,-0.6158846020698547,-0.43415164947509766,-0.06578231602907181
1714,-0.7731770277023315,-0.6429430842399597,-0.2357497662305832
1715,-1.1332058906555176,-1.1076277494430542,-0.459185391664505
1716,-0.40954461693763733,-0.027105258777737617,0.6575711369514465
1717,-1.1348439455032349,-1.0448168516159058,-0.4902246594429016
1718,-0.7533620595932007,-0.5775150656700134,-0.24096590280532837
1719,-1.102418065071106,-1.0779131650924683,-0.4955398440361023
1720,-0.3989059627056122,-0.1932968944311142,0.9754297733306885
1721,-1.1627546548843384,-1.088627815246582,-0.48834657669067383
1722,-0.9843194484710693,-0.813078761100769,-0.38766154646873474
1723,-1.08443284034729,-0.9319572448730469,-0.12859222292900085
1724,-0.6069470643997192,-0.40254291892051697,0.16582107543945312
1725,-1.0991456508636475,-1.0365252494812012,-0.4723925292491913
1726,-1.1715823411941528,-1.1579982042312622,-0.35950127243995667
1727,-1.0520552396774292,-1.0221182107925415,-0.4983636140823364
1728,-1.1041978597640991,-1.0506386756896973,-0.46692776679992676
1729,-1.0558420419692993,-1.014216423034668,-0.5059168338775635
1730,-1.1621992588043213,-1.1564513444900513,-0.4701097309589386
1731,-1.0549968481063843,-0.9784289598464966,-0.47874629497528076
1732,-1.0884255170822144,-1.0632210969924927,-0.4983636140823364
1733,-1.0431538820266724,-0.9930529594421387,-0.48141470551490784
1734,-1.1712652444839478,-1.1655398607254028,-0.4823172688484192
1735,-1.0389653444290161,-0.9904663562774658,-0.5061089992523193
1736,-0.29475560784339905,0.2853074073791504,0.4122202396392822
1737,-1.0396479368209839,-0.9570314288139343,-0.48430922627449036
1738,-0.9030414819717407,-0.7891110181808472,-0.30103448033332825
1739,-1.0453052520751953,-0.9846926927566528,-0.4782811105251312
1740,-0.37716707587242126,0.10160555690526962,0.28233370184898376
1741,-1.051448106765747,-0.9773091077804565,-0.4974469840526581
1742,-1.0945683717727661,-0.9012110233306885,-0.4508839547634125
1743,-1.0457295179367065,-0.9854274392127991,-0.4172568619251251
1744,-0.4112899899482727,-0.16691270470619202,0.09823493659496307
1745,-1.0394352674484253,-0.9820659756660461,-0.49802255630493164
1746,-0.5665054321289062,-0.35562244057655334,0.24750228226184845
1747,-0.3708507716655731,-0.06002277135848999,0.6935106515884399
1748,-0.32210397720336914,0.1594034880399704,0.30753350257873535
1749,0.010162382386624813,0.5182905197143555,0.8038040399551392
1750,-0.2974473237991333,0.0027479242999106646,0.5709057450294495
1751,-0.6461187601089478,-0.38999417424201965,0.5236533880233765
1752,-0.312723845243454,0.3057935833930969,0.4889591336250305
1753,0.008108807727694511,0.5824605226516724,0.735031008720398
1754,-0.294429212808609,0.05425598844885826,0.24560880661010742
1755,-1.0847078561782837,-1.0320223569869995,-0.4058075249195099
1756,-0.6534560322761536,-0.47219470143318176,-0.1874101459980011
1757,-1.1228063106536865,-1.0194242000579834,-0.48640868067741394
1758,0.020771313458681107,0.5471282005310059,0.7607568502426147
1759,-1.0735127925872803,-1.0135713815689087,-0.4597483277320862
1760,-0.918171763420105,-0.7675905227661133,-0.36084720492362976
1761,-1.127976417541504,-1.1190109252929688,-0.31493109464645386
1762,0.0032028777059167624,0.5279788970947266,0.5920146107673645
1763,-1.1091771125793457,-0.999804675579071,-0.49237340688705444
1764,-1.158545732498169,-1.0681037902832031,-0.4919295907020569
1765,-1.0575159788131714,-1.020811676979065,-0.48430922627449036
1766,-1.0752915143966675,-1.0412567853927612,-0.45048603415489197
1767,-1.107707142829895,-1.0390162467956543,-0.49556833505630493
1768,-1.222558617591858,-1.048758864402771,-0.47893407940864563
1769,-1.0491678714752197,-0.949718713760376,-0.497457355260849
1770,-1.070713758468628,-1.0573569536209106,-0.4021458625793457
1771,-1.055090308189392,-1.023193597793579,-0.4974656403064728
1772,-0.8171404004096985,-0.6645309925079346,-0.25699782371520996
1773,-1.0574138164520264,-1.031798005104065,-0.4788793921470642
1774,-0.6262617707252502,-0.4107564091682434,0.2849860191345215
1775,-1.1174315214157104,-1.0417455434799194,-0.5060768127441406
1776,-1.236179232597351,-0.9228577613830566,-0.47571486234664917
1777,-1.036443829536438,-0.9934317469596863,-0.4169030785560608
1778,-0.7071973085403442,-0.4500841796398163,0.04680008441209793
1779,-1.0475341081619263,-1.0212841033935547,-0.47908398509025574
1780,-0.8544672131538391,-0.7558251023292542,-0.28746941685676575
1781,-0.7124819755554199,-0.5641428232192993,-0.12000761181116104
1782,-0.7858051657676697,-0.5851781964302063,-0.2549857199192047
1783,-0.7824143171310425,-0.5964693427085876,-0.24990035593509674
1784,-0.8928905129432678,-0.7486938834190369,-0.2963951826095581
1785,-0.7019974589347839,-0.570740818977356,-0.1607310175895691
1786,-0.8753231763839722,-0.7655349373817444,-0.2605188488960266
1787,-1.0942059755325317,-1.0627541542053223,-0.4935726225376129
1788,-0.3965452015399933,-0.21477171778678894,1.0017749071121216
1789,-1.1997257471084595,-1.0568766593933105,-0.4886510670185089
1790,-0.9495103359222412,-0.898266077041626,-0.42116543650627136
1791,-1.0883748531341553,-0.9844088554382324,-0.4425082802772522
1792,-0.5935195088386536,-0.39651426672935486,0.05104396492242813
1793,-1.0943297147750854,-1.0255376100540161,-0.48268938064575195
1794,-1.1059859991073608,-1.0090457201004028,-0.4470050036907196
1795,-1.0501281023025513,-1.0106793642044067,-0.4978448748588562
1796,-1.0765032768249512,-1.0209382772445679,-0.48430922627449036
1797,-1.042227029800415,-0.9998687505722046,-0.5049629211425781
1798,-1.1079150438308716,-1.1023297309875488,-0.48631078004837036
1799,-1.0512027740478516,-1.007448434829712,-0.4783792495727539
1800,-0.36807981133461,-0.00999596156179905,0.20528766512870789
1801,-1.0592368841171265,-1.0109338760375977,-0.5059847831726074
1802,-1.0861499309539795,-0.9028151631355286,-0.47609883546829224
1803,-1.0386536121368408,-1.0045485496520996,-0.41589853167533875
1804,-0.49259379506111145,-0.2469019889831543,0.02866351045668125
1805,-1.0468237400054932,-1.0108579397201538,-0.4782154858112335
1806,-0.4683067202568054,-0.22097691893577576,0.28346365690231323
1807,-0.6425900459289551,-0.36707836389541626,0.8408810496330261
1808,-0.36785128712654114,0.13384732604026794,0.31263813376426697
1809,0.00813931506127119,0.46462589502334595,0.6891735196113586
1810,-0.4031839668750763,-0.08525387942790985,0.16057123243808746
1811,-1.0667221546173096,-0.9512892365455627,-0.36248740553855896
1812,-1.0014554262161255,-0.8482006788253784,-0.3902149498462677
1813,-1.1230677366256714,-1.1038715839385986,-0.33274975419044495
1814,0.008544768206775188,0.48499348759651184,0.6207510232925415
1815,-1.1020418405532837,-1.0391268730163574,-0.4776666760444641
1816,-1.2490789890289307,-1.0160319805145264,-0.48430922627449036
1817,-1.0331653356552124,-0.9475482106208801,-0.4896700084209442
1818,-1.0744223594665527,-0.990609347820282,-0.45935940742492676
1819,-1.0403003692626953,-0.957694947719574,-0.4774668216705322
1820,-1.23905348777771,-0.9872838854789734,-0.450262188911438
1821,-1.046617031097412,-0.9541867971420288,-0.40645208954811096
1822,-0.5063712000846863,-0.35298892855644226,0.026907235383987427
1823,-1.0429140329360962,-0.9915156364440918,-0.4958093762397766
1824,-1.05440092086792,-0.8607468605041504,-0.4605001211166382
1825,-1.037188172340393,-0.9910993576049805,-0.4239833950996399
1826,-1.098268747329712,-0.8999272584915161,-0.4547712802886963
1827,-1.081092119216919,-0.9932585954666138,-0.4322226643562317
1828,-0.7595888376235962,-0.6100975275039673,-0.006440810859203339
1829,-1.0795764923095703,-1.0234286785125732,-0.4793180525302887
1830,-1.1014273166656494,-0.941154956817627,-0.28424325585365295
1831,-1.0402014255523682,-0.9814020395278931,-0.5047235488891602
1832,-0.39704927802085876,-0.13821518421173096,0.1597236692905426
1833,-1.0354971885681152,-0.9631255269050598,-0.4814044237136841
1834,-0.49731406569480896,-0.32799622416496277,0.032319508492946625
1835,-1.0952529907226562,-1.0573111772537231,-0.48772668838500977
