,q05,q50,q95
0,-0.20249271392822266,0.33188506960868835,0.5435882806777954
1,-0.08487492799758911,0.4130829870700836,0.4548964202404022
2,-0.2548260986804962,0.25135093927383423,0.4622546136379242
3,0.007761505898088217,0.5760893225669861,1.004798173904419
4,0.010323235765099525,0.7549145221710205,0.816530168056488
5,-0.5781004428863525,-0.2904610335826874,0.24697966873645782
6,-1.4369494915008545,-0.8675551414489746,-0.18803535401821136
7,-0.40599408745765686,-0.05355941876769066,0.32685425877571106
8,-0.6398382782936096,-0.36711183190345764,0.10449519753456116
9,0.005735539831221104,0.5970773696899414,0.6549628973007202
10,-1.0527870655059814,-1.0095570087432861,-0.4596478044986725
11,0.019592000171542168,0.6554113030433655,0.7544151544570923
12,-0.5466729998588562,-0.28086090087890625,-0.005040101706981659
13,-0.9154879450798035,-0.7933405637741089,-0.3241325318813324
14,-0.9315822720527649,-0.8186277747154236,-0.2667919397354126
15,-1.0979803800582886,-1.0075699090957642,-0.3886133134365082
16,-0.6912461519241333,-0.30869531631469727,-0.06299812346696854
17,0.007761505898088217,0.5844569206237793,0.872974157333374
18,-0.5146071314811707,-0.2622636556625366,-0.01962394081056118
19,-0.5294064879417419,-0.27682340145111084,-0.0142850112169981
20,-0.8108997344970703,-0.5760104656219482,-0.23178142309188843
21,-0.5703504085540771,-0.33700501918792725,-0.022084800526499748
22,-0.6818364262580872,-0.4145476818084717,-0.06914548575878143
23,-1.0236496925354004,-0.9771998524665833,-0.4326474070549011
24,0.02280854992568493,0.6676840782165527,0.8511034250259399
25,-1.1023261547088623,-1.0009357929229736,-0.45814621448516846
26,-0.7689145803451538,-0.5730568766593933,-0.2312612235546112
27,-1.0335477590560913,-1.003490924835205,-0.4446403980255127
28,0.019592000171542168,0.651200532913208,0.765757143497467
29,-1.0392879247665405,-0.9811687469482422,-0.4128708243370056
30,-1.1446099281311035,-0.9787559509277344,-0.4618992209434509
31,-1.0247935056686401,-0.9750386476516724,-0.3679101765155792
32,-0.005316402297466993,0.5067355632781982,0.6032298803329468
33,-1.0341212749481201,-0.9921318292617798,-0.47941434383392334
34,-0.11193295568227768,0.305691659450531,0.4490836262702942
35,-0.2065531313419342,0.32760488986968994,0.4256364107131958
36,0.009213658049702644,0.5045138597488403,0.7465344667434692
37,0.017490671947598457,0.6611847281455994,0.7551126480102539
38,-0.5445722937583923,-0.29774653911590576,0.29718682169914246
39,-0.2563127279281616,0.15759479999542236,0.40246903896331787
40,-0.5505566596984863,-0.31472423672676086,0.019359255209565163
41,0.009403668344020844,0.5338924527168274,0.6971362829208374
42,-0.8276742100715637,-0.755813717842102,-0.25672343373298645
43,0.007761505898088217,0.6494988799095154,0.7037535905838013
44,0.01052290853112936,0.6077131032943726,0.7555140852928162
45,-0.5851946473121643,-0.4200670123100281,0.054522305727005005
46,-0.8310670852661133,-0.5853819251060486,-0.2007952630519867
47,-0.3729982078075409,-0.23417867720127106,0.5234893560409546
48,-0.6940178871154785,-0.557771623134613,-0.032041966915130615
49,-0.7893955707550049,-0.6620920896530151,-0.12269256263971329
50,-0.5475587248802185,-0.2854465842247009,0.2616675794124603
51,-0.6481622457504272,-0.45955169200897217,-0.0013593221083283424
52,0.02280854992568493,0.5447897911071777,0.7113234996795654
53,-0.4985799491405487,-0.21748538315296173,0.024127619341015816
54,-0.5217893123626709,-0.24118860065937042,0.07096875458955765
55,-0.6673666834831238,-0.43409794569015503,0.2077847719192505
56,-0.5617711544036865,-0.38205963373184204,0.11208503693342209
57,-0.5997073650360107,-0.4223664402961731,0.011179334484040737
58,-0.8258999586105347,-0.711775541305542,-0.24079734086990356
59,0.00994204357266426,0.5038678646087646,0.7247185111045837
60,-0.8010350465774536,-0.726180374622345,-0.14454708993434906
61,-0.5922801494598389,-0.3738226890563965,0.15027503669261932
62,-0.8417515158653259,-0.717883288860321,-0.2505219578742981
63,0.019592000171542168,0.5944416522979736,0.7832769155502319
64,-0.799384593963623,-0.6686576008796692,-0.18065135180950165
65,-0.7894183397293091,-0.6786839365959167,-0.10192053020000458
66,-0.8097190260887146,-0.673303484916687,-0.2276628613471985
67,0.0023419533390551805,0.41507697105407715,0.5572712421417236
68,-0.8475805521011353,-0.7518096566200256,-0.2536279261112213
69,-0.14233972132205963,0.3537568151950836,0.5225421786308289
70,-0.06137698516249657,0.3226073384284973,0.5033155083656311
71,-0.08368396013975143,0.3391651213169098,0.443010151386261
72,-0.5401906371116638,-0.3683054447174072,0.059841006994247437
73,-0.611674964427948,-0.3745420575141907,-0.05190088972449303
74,-0.17154061794281006,0.1913774013519287,0.4547511041164398
75,-0.5424525141716003,-0.33901888132095337,0.14042344689369202
76,-0.08337284624576569,0.33312055468559265,0.47552308440208435
77,-0.7590930461883545,-0.6865842342376709,-0.19055479764938354
78,-0.11913163214921951,0.23261745274066925,0.4597770869731903
79,-0.061064500361680984,0.2819007635116577,0.4515349864959717
80,-0.5831621289253235,-0.36954331398010254,0.00871354155242443
81,-0.7823557257652283,-0.6326651573181152,-0.26570451259613037
82,-0.3000491261482239,-0.14053180813789368,0.10375172644853592
83,-0.6435542106628418,-0.4609489440917969,-0.08566293865442276
84,-0.6612343788146973,-0.5476795434951782,-0.045289091765880585
85,-0.32993918657302856,-0.001405650400556624,0.3782026171684265
86,-0.6370322704315186,-0.4130944311618805,-0.027229052037000656
87,-0.12443799525499344,0.11589174717664719,0.4124511480331421
88,-0.2583473324775696,0.13272058963775635,0.3952852785587311
89,-0.43113043904304504,0.0234456155449152,0.32774218916893005
90,-0.6989806294441223,-0.5331994891166687,-0.08967062085866928
91,-0.5806183218955994,-0.2674395740032196,0.08846262842416763
92,-0.6083140969276428,-0.3780192732810974,-0.02636026218533516
93,-0.848081111907959,-0.7921941876411438,-0.37369027733802795
94,-0.08337284624576569,0.2955007553100586,0.4620477557182312
95,-0.7362861037254333,-0.595133900642395,-0.08048300445079803
96,-0.6097331047058105,-0.41770854592323303,0.00326707074418664
97,-0.7024933695793152,-0.5690568089485168,-0.19620636105537415
98,-0.6192548274993896,-0.45130565762519836,-0.046545758843421936
99,-0.709607720375061,-0.46810653805732727,-0.07839812338352203
100,-0.7953155636787415,-0.6900652647018433,-0.17386400699615479
101,-0.08368396013975143,0.35107240080833435,0.47737976908683777
102,-0.7193881273269653,-0.6035476922988892,-0.15121710300445557
103,0.0013675701338797808,0.40224793553352356,0.5733502507209778
104,-0.002277551218867302,0.5048754215240479,0.7276491522789001
105,-0.5095473527908325,-0.1261339634656906,0.052217744290828705
106,-0.2842390835285187,0.18388445675373077,0.3528751730918884
107,-0.5105317831039429,-0.07271891087293625,0.21081137657165527
108,-0.8229290246963501,-0.709233283996582,-0.23368418216705322
109,0.007761505898088217,0.5593572854995728,0.5574179887771606
110,0.009403668344020844,0.45762941241264343,0.589144229888916
111,-0.5651536583900452,-0.3323134481906891,0.002792444545775652
112,-0.7667436003684998,-0.5901899337768555,-0.10873200744390488
113,-0.36582839488983154,0.03033101186156273,0.6605569124221802
114,-0.6744583249092102,-0.5071330070495605,0.3752917945384979
115,-0.760843813419342,-0.5204994678497314,0.013159387744963169
116,-0.5061078667640686,-0.056006621569395065,0.13355198502540588
117,-0.015217354521155357,0.3519558608531952,0.5397413969039917
118,-0.49504148960113525,-0.14702388644218445,0.1619395762681961
119,-0.4918939471244812,-0.1844341903924942,0.1307457536458969
120,-0.6625444889068604,-0.4452780783176422,0.00908777117729187
121,-0.54617840051651,-0.24158555269241333,0.052132200449705124
122,-0.7928662896156311,-0.6178467273712158,-0.20427756011486053
123,0.022265780717134476,0.49252909421920776,0.5415056347846985
124,-0.7981976866722107,-0.7379475235939026,0.34021979570388794
125,-0.7913036942481995,-0.596170961856842,-0.210668683052063
126,0.0025287989992648363,0.4673110544681549,0.6211023330688477
127,-0.7550444006919861,-0.6087697148323059,0.15661098062992096
128,-0.7402008175849915,-0.5512660145759583,-0.03242494538426399
129,-0.7998823523521423,-0.6085825562477112,-0.1273060142993927
130,-0.10188310593366623,0.4470957815647125,0.6695998311042786
131,-0.8108662962913513,-0.7157535552978516,-0.2327692061662674
132,-0.033024974167346954,0.4176402688026428,0.8123989105224609
133,0.0019236112711951137,0.5404695868492126,0.750421404838562
134,-0.6856231689453125,-0.3212010860443115,0.08989062905311584
135,0.02280854992568493,0.754925012588501,0.962320864200592
136,0.007761505898088217,0.6460985541343689,0.8971450924873352
137,-0.4884971082210541,-0.26061034202575684,0.33698374032974243
138,-0.49374517798423767,-0.1672026365995407,-0.045749954879283905
139,-0.30233049392700195,-0.022811515256762505,1.767763614654541
140,-0.7621946930885315,-0.3668482303619385,0.027339769527316093
141,-0.7355701327323914,-0.4049898684024811,0.07129094749689102
142,-0.6555382609367371,-0.39408373832702637,0.13504326343536377
143,0.007761505898088217,0.5394607186317444,0.8881754875183105
144,-0.2425392121076584,0.2376122623682022,0.6136487126350403
145,-0.35398346185684204,0.05649740993976593,0.4694106876850128
146,-0.7476410269737244,-0.47874605655670166,0.20948059856891632
147,-0.487138569355011,-0.20072276890277863,0.3958139717578888
148,-0.4939168095588684,-0.25877317786216736,0.2271457314491272
149,-0.5483540296554565,-0.2721669375896454,-0.014403250999748707
150,0.02280854992568493,0.6666755080223083,0.8187282681465149
151,-0.6274462938308716,-0.357158362865448,0.33306124806404114
152,-0.5563763380050659,-0.3083415925502777,-0.020162159577012062
153,0.01330668292939663,0.7689310312271118,0.8391252160072327
154,-0.6348453164100647,-0.2564328610897064,0.3749011754989624
155,-0.7317903637886047,-0.49658092856407166,0.025609256699681282
156,-0.5624563097953796,-0.2807908058166504,-0.09233611077070236
157,-0.6068914532661438,-0.2890304625034332,-0.014508624561131
158,-0.047496113926172256,0.3612540364265442,0.477308988571167
159,-0.5192611217498779,-0.2997298836708069,0.35406166315078735
160,0.022265780717134476,0.6283819079399109,0.6914315819740295
161,-0.8501456379890442,-0.7917138934135437,-0.22808755934238434
162,0.010323235765099525,0.7901135683059692,0.866838276386261
163,0.019592000171542168,0.737565279006958,0.7621509432792664
164,-0.6482251882553101,-0.45366671681404114,0.02701856940984726
165,-0.7432558536529541,-0.5488453507423401,-0.19462741911411285
166,-0.3038490116596222,-0.11743879318237305,1.2297464609146118
167,-0.6761742830276489,-0.4680041968822479,0.10595612227916718
168,-0.7522427439689636,-0.7052249908447266,0.1331917643547058
169,-0.4812423586845398,-0.2578575313091278,0.2888062298297882
170,0.007761505898088217,0.6847630739212036,0.7642590999603271
171,-0.362956702709198,0.049500998109579086,0.2664600908756256
172,-0.4566619098186493,-0.19497448205947876,0.20552173256874084
173,-0.817927896976471,-0.6723224520683289,0.012966888025403023
174,-0.5732080340385437,-0.38144123554229736,0.0986432433128357
175,-0.6125293970108032,-0.4373183250427246,0.15987412631511688
176,-0.8285641074180603,-0.713695764541626,-0.22981306910514832
177,0.010323235765099525,0.6484380960464478,0.7433571219444275
178,-0.8343923687934875,-0.7809743881225586,-0.1010950431227684
179,-0.8368867635726929,-0.7104542255401611,-0.1977078914642334
180,0.01330668292939663,0.7047902345657349,0.7508382797241211
181,-0.768542468547821,-0.7386371493339539,0.3330814242362976
182,-0.8172111511230469,-0.7064639925956726,-0.037347212433815
183,-0.8393588066101074,-0.6681980490684509,-0.2107492834329605
184,0.022265780717134476,0.5649235844612122,0.6248781085014343
185,-0.8394172191619873,-0.7789314985275269,-0.2149035632610321
186,-0.8397091031074524,-0.6463295221328735,-0.1141936182975769
187,-0.5695730447769165,-0.3248128592967987,0.0037900549359619617
188,-0.4749738276004791,-0.17563414573669434,0.21072526276111603
189,-0.8091884255409241,-0.6432840824127197,-0.24269945919513702
190,-0.5545767545700073,-0.2583191394805908,0.2111542820930481
191,-0.4461930990219116,-0.2182060182094574,0.32873961329460144
192,-0.5694304704666138,-0.2887348532676697,-0.02404153347015381
193,-0.8739932179450989,-0.6201556921005249,-0.09566111862659454
194,-0.7691041231155396,-0.6530591249465942,-0.23417945206165314
195,-0.5626834034919739,-0.33286529779434204,0.003476028796285391
196,-0.6271568536758423,-0.3785671293735504,-0.0016355139669030905
197,-0.4200211465358734,-0.12046176940202713,0.5519804954528809
198,-0.5430282354354858,-0.29246509075164795,0.01775231584906578
199,-0.5592479705810547,-0.29429346323013306,-0.021536845713853836
200,-0.7414485812187195,-0.5625605583190918,-0.14111831784248352
201,-0.5641939043998718,-0.3037793040275574,0.09540156275033951
202,-0.588891327381134,-0.3864123225212097,0.11864794790744781
203,-0.8757312297821045,-0.776548445224762,-0.3589966595172882
204,-0.3545479476451874,-0.09313349425792694,0.4240623712539673
205,-0.9102455973625183,-0.6962219476699829,-0.25583693385124207
206,-0.479979932308197,-0.21475769579410553,0.6318717002868652
207,-0.8030374646186829,-0.6392093300819397,-0.24752812087535858
208,-0.7983270287513733,-0.6825340390205383,-0.24871273338794708
209,-0.8560384511947632,-0.7394449710845947,-0.2382645308971405
210,-0.5351736545562744,-0.3615940511226654,0.21028254926204681
211,-0.8100471496582031,-0.6004830002784729,-0.24363863468170166
212,-0.7553528547286987,-0.5015930533409119,-0.1105097234249115
213,-1.808577060699463,-0.7274635434150696,-0.28763869404792786
214,-0.6745980381965637,-0.43829455971717834,0.27193737030029297
215,-1.0155353546142578,-0.8312878012657166,-0.13785894215106964
216,-1.109870195388794,-0.6137168407440186,-0.24031628668308258
217,-0.8393648266792297,-0.5867600440979004,0.046986065804958344
218,-0.8949666619300842,-0.7447774410247803,-0.2867550849914551
219,-0.92315274477005,-0.7975202202796936,-0.2939813435077667
220,-1.006234884262085,-0.7850662469863892,-0.0015124183846637607
221,-0.7778620719909668,-0.6288411021232605,-0.2783547639846802
222,-0.6324838995933533,-0.3408738374710083,0.10544935613870621
223,-0.7572687268257141,-0.5034430027008057,-0.1672142744064331
224,-0.7437607645988464,-0.5065083503723145,-0.14666695892810822
225,-0.9804056882858276,-0.6740999221801758,-0.3039267659187317
226,-0.7987567782402039,-0.6221789121627808,-0.22144082188606262
227,-0.7612977027893066,-0.6244632005691528,-0.2743864059448242
228,-1.0140725374221802,-0.7593659162521362,-0.17397470772266388
229,-0.8945815563201904,-0.3329622149467468,0.13686101138591766
230,-1.0095328092575073,-0.8772875070571899,-0.3452781140804291
231,-0.9037852883338928,-0.6880106329917908,-0.2670634984970093
232,-1.026492953300476,-0.8682387471199036,-0.33535972237586975
233,-0.8183661699295044,-0.44067224860191345,0.6214629411697388
234,-1.0939074754714966,-0.879993736743927,-0.3677840530872345
235,-1.0304936170578003,-0.7295077443122864,-0.3271983563899994
236,-0.760325014591217,-0.4985174536705017,0.15008413791656494
237,-1.0167860984802246,-0.7253537178039551,-0.046027060598134995
238,-0.5488268733024597,-0.3112685978412628,0.06723061949014664
239,-0.1462412327528,0.1984063982963562,0.5084985494613647
240,-0.8164281845092773,-0.7549896836280823,-0.24170754849910736
241,-0.12930497527122498,0.3089872896671295,0.5483426451683044
242,-0.1462412327528,0.1661958247423172,0.5738781094551086
243,-0.5734322667121887,-0.37783291935920715,-0.023006051778793335
244,-0.8405382633209229,-0.5740320086479187,-0.1987341344356537
245,-0.47408097982406616,-0.3403388559818268,0.14042240381240845
246,-0.6868900060653687,-0.5551019906997681,-0.04501838982105255
247,-0.8004916906356812,-0.6370655298233032,-0.1227850466966629
248,-0.5483586192131042,-0.3387908935546875,-0.015961725264787674
249,-0.6214022040367126,-0.40606144070625305,-0.021699456498026848
250,-0.18719914555549622,0.14706093072891235,0.5820913314819336
251,-0.5211248397827148,-0.21724581718444824,-0.02555491402745247
252,-0.5263727307319641,-0.2418823391199112,-0.00704670324921608
253,-0.6365303993225098,-0.4113035500049591,0.1780754178762436
254,-0.5667889714241028,-0.37703561782836914,0.05215180665254593
255,-0.5983536243438721,-0.418261855840683,-0.022003425285220146
256,-0.8316239714622498,-0.7132126688957214,-0.23474016785621643
257,-0.1521758884191513,0.19595494866371155,0.5479931235313416
258,-0.7936884760856628,-0.7227773666381836,-0.1522500216960907
259,-0.5943551063537598,-0.39177918434143066,0.10030176490545273
260,-0.8409692049026489,-0.7112760543823242,-0.24416078627109528
261,-0.1470792293548584,0.15187042951583862,0.5735240578651428
262,-0.8073052167892456,-0.6915179491043091,-0.18004080653190613
263,-0.7843090295791626,-0.6701124906539917,0.033802758902311325
264,-0.8066107630729675,-0.6364290118217468,-0.16183941066265106
265,-0.25300365686416626,0.03548762574791908,0.3243970274925232
266,-0.8198835253715515,-0.7042145729064941,-0.2476961463689804
267,-0.5218875408172607,-0.30035772919654846,0.1681387573480606
268,-0.8840833902359009,-0.7970218658447266,-0.3093852400779724
269,-0.487471342086792,-0.14409691095352173,0.4672849774360657
270,-0.4789222478866577,-0.16776606440544128,0.526497483253479
271,-0.5955106019973755,-0.24960052967071533,0.11482223868370056
272,-0.8828597664833069,-0.6012617349624634,-0.19722068309783936
273,-0.7978113293647766,-0.6475520133972168,-0.2585359513759613
274,-0.5354249477386475,-0.10898749530315399,0.27748897671699524
275,-0.6975343227386475,-0.3950575292110443,-0.051639534533023834
276,-0.4907417893409729,-0.1704203337430954,0.594599187374115
277,-0.5297636389732361,-0.1228591799736023,0.13895738124847412
278,-0.525696337223053,-0.11472367495298386,0.680427074432373
279,-0.5824385285377502,-0.30670639872550964,0.06982749700546265
280,-0.6836990118026733,-0.4141335189342499,0.41955000162124634
281,-0.9124764204025269,-0.771158754825592,-0.3624971807003021
282,-0.4871377646923065,-0.010298182256519794,0.4099206328392029
283,-0.7965030074119568,-0.6277316808700562,-0.2552686929702759
284,-0.7538293600082397,-0.5549978017807007,-0.16623786091804504
285,-0.9019933938980103,-0.8399938344955444,-0.2826698124408722
286,-0.49399179220199585,-0.13406464457511902,0.47978559136390686
287,-0.7877715826034546,-0.5820261240005493,-0.24812883138656616
288,-0.7838661670684814,-0.6391482353210449,-0.24277421832084656
289,-0.8774474263191223,-0.6833220720291138,-0.19593319296836853
290,-0.5270563364028931,-0.24087998270988464,0.2104213982820511
291,-0.8780673742294312,-0.7874564528465271,-0.3241751194000244
292,-0.7342965006828308,-0.569451093673706,-0.11546657979488373
293,0.003221450839191675,0.6281562447547913,0.6459383368492126
294,0.022265780717134476,0.5793654322624207,0.670064389705658
295,-0.6225607395172119,-0.3258093297481537,0.1593254804611206
296,-0.6580876708030701,-0.34718814492225647,-0.08028292655944824
297,-0.17938844859600067,0.15215879678726196,0.49372777342796326
298,-0.6321637630462646,-0.42928123474121094,-0.0688868910074234
299,-0.6808910369873047,-0.49144694209098816,-0.04395030066370964
300,-0.3525044918060303,0.06161855533719063,0.35083597898483276
301,-0.7033637166023254,-0.45672228932380676,0.031948573887348175
302,0.0016991180600598454,0.5297266244888306,0.6697482466697693
303,-0.2620652914047241,0.2636024057865143,0.37464869022369385
304,-0.3091544508934021,0.09605062007904053,0.405458927154541
305,-0.7190596461296082,-0.4979695677757263,-0.05550941824913025
306,-0.543903648853302,-0.23064596951007843,0.12719257175922394
307,-0.7288467884063721,-0.5755631923675537,-0.1996065229177475
308,0.022265780717134476,0.569706916809082,0.6684250831604004
309,-0.7102708220481873,-0.5802220702171326,-0.12039055675268173
310,-0.5914306044578552,-0.3601275384426117,0.35383015871047974
311,-0.6848551630973816,-0.47938433289527893,-0.12221711874008179
312,0.007761505898088217,0.5062278509140015,0.7051646709442139
313,-0.6003053784370422,-0.45360416173934937,0.39388468861579895
314,-0.7138458490371704,-0.47917640209198,-0.08458192646503448
315,-0.7427156567573547,-0.5095570683479309,-0.21801528334617615
316,-0.0002195802517235279,0.5787210464477539,0.6276172995567322
317,-0.7161248922348022,-0.5473639965057373,-0.18073031306266785
318,-0.8316226005554199,-0.7486822009086609,-0.22876207530498505
319,-0.7638207674026489,-0.6430195569992065,-0.2374887466430664
320,-0.9071813821792603,-0.7084089517593384,-0.4244496524333954
321,-0.9510666728019714,-0.8757786750793457,-0.4677857756614685
322,-1.0817019939422607,-0.9564127326011658,-0.45045772194862366
323,-1.0292342901229858,-0.9958388209342957,-0.4750335216522217
324,-0.9260427355766296,-0.7224037051200867,-0.346412718296051
325,-1.0128722190856934,-0.9281378388404846,-0.4452584981918335
326,-0.6803948879241943,-0.46476343274116516,-0.11620290577411652
327,-0.8590729236602783,-0.6062453985214233,-0.31520676612854004
328,-0.8787744641304016,-0.5680347084999084,-0.32587191462516785
329,-0.9956430792808533,-0.9439278244972229,-0.4893600642681122
330,-0.916668713092804,-0.6609953045845032,-0.3562542200088501
331,-0.9798865914344788,-0.8457152843475342,-0.35469549894332886
332,-1.0181626081466675,-0.9637263417243958,-0.49245044589042664
333,-0.7332798838615417,-0.46330514550209045,-0.14953723549842834
334,-1.048317313194275,-0.9913436770439148,-0.4995679259300232
335,-0.9714888334274292,-0.9153158068656921,-0.48938143253326416
336,-1.0284327268600464,-0.9924734830856323,-0.45479142665863037
337,-0.7481361031532288,-0.6374459266662598,-0.2541836202144623
338,-1.016587495803833,-0.9708976745605469,-0.49389588832855225
339,-1.0334670543670654,-0.9950789213180542,-0.4933308959007263
340,-1.0184820890426636,-0.9754690527915955,-0.47971200942993164
341,-0.8810096979141235,-0.8415548205375671,-0.31396588683128357
342,-1.0244907140731812,-0.9826006293296814,-0.49342334270477295
343,0.010323235765099525,0.848990797996521,0.9128810167312622
344,-0.7921146750450134,-0.5242195725440979,-0.11744269728660583
345,-0.26557210087776184,0.09934154152870178,0.5132346153259277
346,-0.7445440292358398,-0.4406478703022003,0.03638804703950882
347,-0.7956222891807556,-0.63066166639328,0.291642963886261
348,-0.4550864100456238,-0.170518159866333,0.3059258759021759
349,0.02280854992568493,0.7278666496276855,0.855618953704834
350,-0.38833901286125183,0.030989350751042366,0.39906030893325806
351,-0.523144006729126,-0.07500734180212021,0.2134210765361786
352,-0.5796418786048889,-0.34491413831710815,0.20258598029613495
353,-0.8163022398948669,-0.6786856055259705,-0.15820981562137604
354,-0.821808397769928,-0.7221261858940125,-0.09702800959348679
355,-0.7852265238761902,-0.665363073348999,-0.10065482556819916
356,0.007761505898088217,0.6664435267448425,0.8465484976768494
357,-0.8089526891708374,-0.6606179475784302,-0.19127346575260162
358,-0.8365178108215332,-0.719081461429596,-0.18568944931030273
359,-0.6285952925682068,-0.4048745930194855,0.16507039964199066
360,-0.696508526802063,-0.4924018085002899,-0.16050858795642853
361,-0.24020522832870483,-0.10113336890935898,0.7955100536346436
362,-0.6445529460906982,-0.4402969479560852,-0.009279634803533554
363,-0.6837459802627563,-0.5359274744987488,-0.09703085571527481
364,-0.3422948718070984,-0.04877082258462906,0.6212979555130005
365,-0.6467212438583374,-0.5013266205787659,-0.06370113044977188
366,0.02280854992568493,0.6802952289581299,0.7485870122909546
367,-0.23996610939502716,0.2343926876783371,0.5211021304130554
368,-0.3451930284500122,0.054406654089689255,0.39470866322517395
369,-0.5414833426475525,-0.2942478358745575,0.19803820550441742
370,-0.6086717844009399,-0.4266633987426758,0.02973843365907669
371,-0.7323455810546875,-0.5284948945045471,-0.1701013445854187
372,0.007761505898088217,0.618371307849884,0.7565695643424988
373,-0.7093974351882935,-0.5835908055305481,-0.14683915674686432
374,-0.5917934775352478,-0.4088287949562073,0.41530320048332214
375,-0.6953925490379333,-0.5298284888267517,-0.15365539491176605
376,0.01330668292939663,0.7156787514686584,0.7792996168136597
377,-0.6338554620742798,-0.4742591381072998,0.20304594933986664
378,-0.7301821708679199,-0.5171078443527222,-0.027285076677799225
379,-0.7410121560096741,-0.5122380256652832,-0.17854692041873932
380,0.017597997561097145,0.5101610422134399,0.6739535331726074
381,-0.7154670357704163,-0.5643595457077026,-0.21287871897220612
382,-0.9221056699752808,-0.675094723701477,-0.05842072144150734
383,-0.6951955556869507,-0.4381219744682312,-0.1512182056903839
384,-0.7378381490707397,-0.5104812979698181,-0.19921457767486572
385,-0.7543325424194336,-0.5817047953605652,-0.20633003115653992
386,-0.5546014904975891,-0.29201236367225647,-0.0007972691673785448
387,-0.5641597509384155,-0.24650554358959198,-0.01956571266055107
388,-0.5721895098686218,-0.3239426910877228,0.16765786707401276
389,-0.5578728318214417,-0.30451443791389465,-0.000359627534635365
390,-0.551560640335083,-0.32455578446388245,-0.021430812776088715
391,-0.6546266674995422,-0.4391365647315979,-0.13857389986515045
392,-0.5540553331375122,-0.30191028118133545,-0.01722399704158306
393,-0.5642368793487549,-0.31426507234573364,-0.02713448740541935
394,-0.8816940784454346,-0.8032690286636353,-0.3792214095592499
395,-0.4729408621788025,-0.29460111260414124,0.09921271353960037
396,-0.7661957144737244,-0.6101729869842529,-0.19557422399520874
397,-0.6550942659378052,-0.45023784041404724,-0.16047701239585876
398,-0.8344411253929138,-0.6101393103599548,-0.2203693836927414
399,-0.5867025852203369,-0.3826002776622772,-0.03271222114562988
400,-0.7539737820625305,-0.5585556030273438,-0.22256775200366974
401,-0.7639179825782776,-0.5595523118972778,-0.20545773208141327
402,-0.9090038537979126,-0.7935499548912048,-0.21732857823371887
403,-0.6071863174438477,-0.42206355929374695,0.026337822899222374
404,-0.8564016222953796,-0.6739248037338257,-0.23064985871315002
405,-0.8595591187477112,-0.6625584959983826,-0.18807481229305267
406,-0.8820041418075562,-0.7794473767280579,-0.3562469482421875
407,-0.9163271188735962,-0.8644036054611206,-0.42854011058807373
408,-0.8092880845069885,-0.5044758915901184,0.3186074197292328
409,-0.8948254585266113,-0.7959919571876526,-0.18315428495407104
410,-0.6384739875793457,-0.3898157477378845,0.02815578319132328
411,-0.7972726821899414,-0.47066327929496765,-0.13648772239685059
412,-0.7827671766281128,-0.5417670011520386,-0.11909464746713638
413,-0.9157820343971252,-0.77034991979599,-0.16990387439727783
414,-0.8648698329925537,-0.7043978571891785,-0.11028779298067093
415,-0.8550902009010315,-0.7726749777793884,-0.18177179992198944
416,-0.9275676608085632,-0.8475914597511292,-0.3868917226791382
417,-0.6851838231086731,-0.3448100984096527,-0.14323654770851135
418,-0.9031723737716675,-0.8187373280525208,-0.38548266887664795
419,-0.8677582144737244,-0.7603959441184998,-0.168361634016037
420,-0.8779639601707458,-0.6893474459648132,-0.18171028792858124
421,-0.6715969443321228,-0.4948575794696808,-0.24824684858322144
422,-0.9028350114822388,-0.7912676334381104,-0.3503631353378296
423,-0.918120265007019,-0.8142393231391907,-0.23738624155521393
424,-0.9191089272499084,-0.799375593662262,-0.3890532851219177
425,-0.7560213208198547,-0.4523589015007019,-0.11654938012361526
426,-0.9292756915092468,-0.8505637645721436,-0.3585147261619568
427,-0.8245643377304077,-0.5808383226394653,-0.24018879234790802
428,-1.0280871391296387,-0.8181776404380798,-0.2942221462726593
429,-0.34990718960762024,0.006283917929977179,0.9413077235221863
430,-0.8634053468704224,-0.6280469298362732,-0.2241588830947876
431,-0.6928566098213196,-0.4719787538051605,-0.07901792228221893
432,-0.7612180113792419,-0.5457556843757629,-0.013680735602974892
433,-0.9995256662368774,-0.6940883994102478,-0.2701772153377533
434,-0.495082825422287,0.07567547261714935,2.1173057556152344
435,-1.0087580680847168,-0.7946064472198486,-0.38626906275749207
436,-1.0334150791168213,-0.78017258644104,-0.3435497581958771
437,-0.5325484275817871,0.065596804022789,2.1090075969696045
438,-0.8688364624977112,-0.8110184073448181,-0.28904587030410767
439,-1.0076020956039429,-0.6914207339286804,-0.2872306704521179
440,-0.9600613117218018,-0.778864324092865,-0.2618106007575989
441,-0.44591906666755676,-0.16989192366600037,0.7366629838943481
442,-1.0049947500228882,-0.8094157576560974,-0.2957604229450226
443,-1.0281254053115845,-0.8346871137619019,-0.06804420053958893
444,-0.7485641837120056,-0.5797193646430969,-0.21473439037799835
445,-0.8169775605201721,-0.6653372049331665,-0.2963012456893921
446,-0.7595682144165039,-0.544192910194397,-0.20484253764152527
447,-0.7490947246551514,-0.5693666934967041,-0.08491809666156769
448,-0.8614504337310791,-0.6811549067497253,-0.2848740518093109
449,-0.8154090642929077,-0.7028253674507141,-0.26060038805007935
450,-0.7986679077148438,-0.6747236847877502,-0.2962014079093933
451,-1.0134220123291016,-0.8653459548950195,-0.40056583285331726
452,-0.8786293864250183,-0.3940139412879944,-0.09662463515996933
453,-0.9772523045539856,-0.8450323343276978,-0.3604050576686859
454,-0.8970645666122437,-0.7010756134986877,-0.2814016044139862
455,-1.0271542072296143,-0.8781810402870178,-0.28729942440986633
456,-0.9771056175231934,-0.8260237574577332,-0.22109642624855042
457,-1.0628917217254639,-0.8141760230064392,-0.2833649218082428
458,-1.0083818435668945,-0.8001767992973328,-0.14195558428764343
459,-0.7854536771774292,-0.47395795583724976,-0.11167609691619873
460,-1.0168521404266357,-0.8313959836959839,-0.27484071254730225
461,-0.8279988169670105,-0.7183372378349304,-0.38075730204582214
462,-0.942417562007904,-0.7180522084236145,-0.3785552978515625
463,-0.8186432719230652,-0.4442378580570221,0.03702232241630554
464,-0.8416863083839417,-0.6516372561454773,-0.3020514249801636
465,-0.843677818775177,-0.6927605867385864,-0.32718491554260254
466,-1.0754189491271973,-0.8894264101982117,-0.3868863582611084
467,-0.8127800822257996,-0.6715391874313354,-0.33247971534729004
468,-0.8682302236557007,-0.693134069442749,-0.36664828658103943
469,-1.0111706256866455,-0.951911211013794,-0.46486079692840576
470,-0.6652339696884155,-0.358368456363678,0.017145350575447083
471,-1.0542702674865723,-0.9815154075622559,-0.465190589427948
472,-0.9392077326774597,-0.7898690104484558,-0.3703443109989166
473,-1.028249740600586,-0.9749464392662048,-0.4751438498497009
474,-0.7587826251983643,-0.4437316060066223,-0.0006901832530274987
475,-1.0200555324554443,-0.9499225616455078,-0.39855897426605225
476,-1.035296082496643,-0.9424117207527161,-0.45814162492752075
477,-0.996490478515625,-0.9325922727584839,-0.421790212392807
478,-0.8466063737869263,-0.6630862951278687,-0.1369941234588623
479,-1.0188716650009155,-0.9668749570846558,-0.47528135776519775
480,-0.6174585223197937,-0.3910595178604126,-0.024036603048443794
481,-0.403997540473938,-0.1423826813697815,0.523004412651062
482,-0.5757107734680176,-0.3060087263584137,-0.021955156698822975
483,-0.572417676448822,-0.3116043508052826,-0.011708484962582588
484,-0.6748311519622803,-0.5218015313148499,0.01118781790137291
485,-0.5773608684539795,-0.3289514482021332,-0.015315135940909386
486,-0.582644522190094,-0.3601503372192383,-0.043869499117136
487,-0.37670207023620605,-0.056697290390729904,0.34473150968551636
488,-0.8008006811141968,-0.6742520332336426,-0.24201418459415436
489,-0.8028616905212402,-0.7088058590888977,-0.2516753077507019
490,-0.3821983337402344,-0.1532566398382187,0.5319973230361938
491,-0.7958279252052307,-0.6656219363212585,-0.23924806714057922
492,-0.7440558671951294,-0.6708389520645142,-0.2421058714389801
493,-0.8332306146621704,-0.5389872789382935,-0.16246213018894196
494,-0.577127993106842,-0.3370238244533539,0.20136411488056183
495,-0.8038578033447266,-0.6658914089202881,-0.2467675805091858
496,-0.6556144952774048,-0.433041512966156,-0.01081399992108345
497,-0.5821284651756287,-0.3580392003059387,-0.021948574110865593
498,-0.5603150129318237,-0.3109033405780792,-0.02960065007209778
499,-0.7287271022796631,-0.4374968409538269,-0.19424034655094147
500,-0.5847727060317993,-0.3375583589076996,-0.036207444965839386
501,-0.6662660241127014,-0.3548864424228668,-0.06853985041379929
502,-0.9560103416442871,-0.8394321203231812,-0.2682827413082123
503,-0.6821313500404358,-0.44879573583602905,-0.04870669171214104
504,-0.7901018857955933,-0.6093009114265442,-0.20696140825748444
505,-0.7296567559242249,-0.46487513184547424,-0.19794902205467224
506,-0.9217043519020081,-0.7718795537948608,-0.31789150834083557
507,-0.8508672714233398,-0.6201618909835815,-0.22132128477096558
508,-0.7728894352912903,-0.554209291934967,-0.19914239645004272
509,-0.9657189249992371,-0.7975134253501892,-0.2356160432100296
510,-0.6885517835617065,-0.4817134737968445,0.020801648497581482
511,-0.9431322813034058,-0.8702506422996521,-0.2604624927043915
512,-0.2672938406467438,0.1880064606666565,0.5239927172660828
513,-0.3736022114753723,-0.05624356493353844,0.3513336479663849
514,-0.4485948979854584,-0.17752565443515778,0.40794825553894043
515,-0.5697665214538574,-0.3437120318412781,0.21051008999347687
516,-0.695223867893219,-0.47679391503334045,-0.13712768256664276
517,0.019592000171542168,0.5523760914802551,0.7774629592895508
518,-0.673392117023468,-0.4220203757286072,0.023230556398630142
519,-0.5929301977157593,-0.40034011006355286,0.21824298799037933
520,-0.5610387921333313,-0.31145045161247253,-0.003359737806022167
521,0.007761505898088217,0.6271466016769409,0.8058030605316162
522,-0.6089633703231812,-0.41038501262664795,0.03978988900780678
523,-0.7905972003936768,-0.5216564536094666,-0.00749933673068881
524,-0.6832408308982849,-0.4525778591632843,-0.17943912744522095
525,0.0027192318812012672,0.42515048384666443,0.6444560289382935
526,-0.5787604451179504,-0.350318044424057,-0.025249071419239044
527,-0.5252589583396912,-0.2807578146457672,0.0011590339709073305
528,-0.6552968621253967,-0.4953777492046356,-0.044252023100852966
529,-0.5461839437484741,-0.3275035321712494,-0.010795025154948235
530,-0.5653502941131592,-0.34563425183296204,-0.03509385511279106
531,-0.786954939365387,-0.5927291512489319,-0.21748225390911102
532,-0.2608048915863037,0.1894453912973404,0.35172125697135925
533,-0.7897196412086487,-0.7015742063522339,-0.17037111520767212
534,-0.5899439454078674,-0.4090782701969147,-0.037303805351257324
535,-0.757210910320282,-0.5768639445304871,-0.2109163999557495
536,-0.26943692564964294,0.1208149716258049,0.4123013913631439
537,-0.7692245841026306,-0.58818119764328,-0.16643409430980682
538,-0.7496212720870972,-0.6053789258003235,-0.08675488084554672
539,-0.7702873945236206,-0.4761134088039398,-0.19688455760478973
540,-0.3997627794742584,-0.007240241393446922,0.23948360979557037
541,-0.7696269750595093,-0.6228113770484924,-0.23933444917201996
542,-0.6018660068511963,-0.34777945280075073,-0.04231337085366249
543,-0.5521434545516968,-0.29795998334884644,-0.018857572227716446
544,-0.5528450608253479,-0.3084338307380676,-0.022576522082090378
545,-0.7681530117988586,-0.5612252354621887,-0.22842754423618317
546,-0.31738579273223877,-0.04139942303299904,0.3870692551136017
547,-0.7766978740692139,-0.63933926820755,-0.19148840010166168
548,-0.5838443040847778,-0.36347663402557373,-0.037573572248220444
549,-0.7491063475608826,-0.5498778223991394,-0.22159375250339508
550,-0.39091238379478455,-0.11001669615507126,0.3870726525783539
551,-0.7639721632003784,-0.5548626780509949,-0.21936866641044617
552,-0.7220233678817749,-0.5693154335021973,-0.08491760492324829
553,-0.7691310048103333,-0.5510969758033752,-0.20212341845035553
554,-0.4410782754421234,-0.1658635437488556,0.05781697854399681
555,-0.7722766995429993,-0.5562335252761841,-0.22005194425582886
556,-0.6858828663825989,-0.5391948223114014,-0.2088058739900589
557,-0.7451688647270203,-0.5558400750160217,-0.21775321662425995
558,-0.9532045125961304,-0.7438845038414001,-0.15634508430957794
559,-0.7003002166748047,-0.49277812242507935,-0.11507848650217056
560,-0.9447101950645447,-0.835079550743103,-0.3004119098186493
561,-0.7572680115699768,-0.5677650570869446,-0.23464806377887726
562,-0.901309072971344,-0.8084294199943542,-0.24743102490901947
563,-0.9354343414306641,-0.8707839250564575,-0.30390921235084534
564,-0.8104864954948425,-0.6522712707519531,-0.2615186274051666
565,-0.9745457172393799,-0.8128867745399475,-0.3760727643966675
566,-0.7517310976982117,-0.5547257661819458,-0.06744709610939026
567,-0.9029805064201355,-0.8076900839805603,-0.21708226203918457
568,-0.5785593390464783,-0.3838900029659271,-0.04854414239525795
569,-0.8620030879974365,-0.7052119374275208,-0.24551908671855927
570,-0.44844257831573486,-0.14030350744724274,0.11997225135564804
571,-0.7771260738372803,-0.674198567867279,-0.2302924394607544
572,-0.6778210997581482,-0.5028284192085266,-0.12696167826652527
573,-0.7692713141441345,-0.6155014038085938,-0.23242738842964172
574,-0.5452111959457397,-0.26567521691322327,0.2549116313457489
575,-0.7566182613372803,-0.5850374698638916,-0.2355431318283081
576,-0.7925164699554443,-0.6184362173080444,-0.2374960333108902
577,-0.8901987671852112,-0.7122060060501099,-0.2155354619026184
578,-0.5885897278785706,-0.348002552986145,0.1403610110282898
579,-0.7993300557136536,-0.6581689715385437,-0.24482987821102142
580,-0.9008013606071472,-0.8193622827529907,-0.29895898699760437
581,-0.5722776651382446,-0.31183111667633057,-0.06454327702522278
582,-0.7943444848060608,-0.638045072555542,-0.2474362552165985
583,-0.7232247591018677,-0.5427161455154419,-0.1854713261127472
584,-0.832128643989563,-0.710829496383667,-0.24732080101966858
585,-0.5980383157730103,-0.3704056441783905,-0.011596202850341797
586,-0.7671468257904053,-0.6069801449775696,-0.22376413643360138
587,-0.7449461221694946,-0.5955391526222229,-0.2220415621995926
588,-0.9262083172798157,-0.8284279704093933,-0.30842748284339905
589,-0.6090176701545715,-0.4304667115211487,-0.003576722927391529
590,-0.8189330101013184,-0.7787847518920898,-0.23726999759674072
591,-0.7823161482810974,-0.4582357704639435,-0.1492566466331482
592,-1.029068946838379,-0.9850186109542847,-0.49362924695014954
593,-1.0400444269180298,-0.9877030253410339,-0.496896892786026
594,-1.0251758098602295,-0.9658001661300659,-0.4756050705909729
595,-0.8165018558502197,-0.5745283961296082,-0.19967082142829895
596,-1.0330431461334229,-1.0022915601730347,-0.5030906200408936
597,-1.051916480064392,-0.9490754008293152,-0.474055677652359
598,-1.0285224914550781,-0.9775090217590332,-0.47937944531440735
599,-0.8964044451713562,-0.6998413801193237,-0.25494009256362915
600,-1.0173940658569336,-0.9556506276130676,-0.4742027223110199
601,-0.7088702917098999,-0.3727615177631378,-0.08118073642253876
602,-0.6010574698448181,-0.37934988737106323,0.5140184164047241
603,-0.5989886522293091,-0.36377236247062683,-0.0841706171631813
604,0.01330668292939663,0.5132872462272644,0.7258236408233643
605,-0.5890355706214905,-0.333031564950943,0.23396693170070648
606,-0.7066307663917542,-0.48472538590431213,-0.08013934642076492
607,-0.6489038467407227,-0.39913973212242126,-0.012184694409370422
608,0.021635347977280617,0.4932933747768402,0.6510985493659973
609,-0.6021121144294739,-0.3271259069442749,-0.07987818866968155
610,-1.0741746425628662,-0.9010322690010071,-0.4435257017612457
611,-1.0268783569335938,-0.9640777707099915,-0.49309709668159485
612,-0.7630113959312439,-0.6250820755958557,0.024354849010705948
613,-1.0601495504379272,-0.9796308875083923,-0.48293426632881165
614,-1.051155924797058,-0.9821131229400635,-0.4929073750972748
615,-1.030255913734436,-0.9619095921516418,-0.4646187424659729
616,-0.8501070141792297,-0.7477258443832397,0.25125548243522644
617,-1.019866704940796,-0.9618296027183533,-0.4929344058036804
618,-0.8823298215866089,-0.798774003982544,-0.3483259677886963
619,-0.6016178131103516,-0.3561013340950012,0.09498970210552216
620,-0.892745316028595,-0.808246910572052,-0.3200361430644989
621,-0.8525232076644897,-0.7033194899559021,-0.28602340817451477
622,-0.9193315505981445,-0.7708943486213684,-0.22684822976589203
623,-0.6244059801101685,-0.43962761759757996,-0.029889335855841637
624,-0.920837938785553,-0.856092095375061,-0.35070574283599854
625,-0.7463961243629456,-0.46294844150543213,-0.11532760411500931
626,-1.0417277812957764,-0.9820775985717773,-0.4827706217765808
627,-1.0075018405914307,-0.961109459400177,-0.49220699071884155
628,-1.027589201927185,-0.9593310952186584,-0.45850586891174316
629,-0.8539972901344299,-0.7266053557395935,-0.2734326720237732
630,-1.0224632024765015,-0.9768809080123901,-0.49529242515563965
631,-0.7129631042480469,-0.47824472188949585,0.0676848366856575
632,-0.7413554191589355,-0.5205819010734558,-0.16849111020565033
633,0.007761505898088217,0.4600944519042969,0.676815927028656
634,-0.7072906494140625,-0.5407865047454834,-0.17424313724040985
635,-1.1295461654663086,-1.009203314781189,-0.4933010935783386
636,-0.8502147197723389,-0.6767324805259705,0.16595131158828735
637,-1.0189108848571777,-0.9498045444488525,-0.4734545648097992
638,-1.022362232208252,-0.8792496919631958,-0.44575193524360657
639,-0.8583258390426636,-0.5954093933105469,-0.21753881871700287
640,-0.9979280233383179,-0.8907091021537781,-0.4581206440925598
641,-0.8935168981552124,-0.6641620397567749,-0.2480815351009369
642,-1.0201224088668823,-0.9712392091751099,-0.47816070914268494
643,-0.8576670289039612,-0.7092760801315308,-0.24274903535842896
644,-0.11269569396972656,0.3085266649723053,0.4192098379135132
645,-0.2197214514017105,0.3095877170562744,0.4370349943637848
646,-0.05616949871182442,0.4305751919746399,0.7955703139305115
647,-0.5317221879959106,-0.27086949348449707,0.38480836153030396
648,-0.5350630283355713,-0.31059521436691284,0.37692853808403015
649,-0.19044719636440277,0.24015583097934723,0.3941352367401123
650,-0.48275935649871826,-0.13195550441741943,0.3362237811088562
651,-0.05566908046603203,0.42839527130126953,0.6319820880889893
652,-0.5574560761451721,-0.32544568181037903,0.04299479350447655
653,-0.0576043501496315,0.4229138493537903,0.5531404614448547
654,-0.5704838633537292,-0.4069739580154419,0.10879606008529663
655,-0.36299657821655273,-0.144318088889122,0.20932026207447052
656,-0.597446620464325,-0.4306403696537018,-0.023158883675932884
657,-0.5946952104568481,-0.4142436385154724,0.10394984483718872
658,-0.4853980839252472,-0.1280249059200287,0.4980745315551758
659,-0.6366651654243469,-0.4998941421508789,-0.027299795299768448
660,-0.09678985178470612,0.48238295316696167,0.6967700123786926
661,-0.4256168007850647,-0.08806213736534119,0.1417611986398697
662,-0.4637411832809448,-0.14607679843902588,0.2936495542526245
663,-0.6353854537010193,-0.47748586535453796,0.030894644558429718
664,-0.5158726572990417,-0.27445751428604126,0.22753722965717316
665,-0.5758948922157288,-0.40553078055381775,0.09944819658994675
666,-0.5457726716995239,-0.2027655392885208,0.06450600922107697
667,-0.08294462412595749,0.4594922959804535,0.7248835563659668
668,-0.6432735919952393,-0.4632512629032135,-0.03917841613292694
669,-0.5616917014122009,-0.39319631457328796,0.13821645081043243
670,-0.5404091477394104,-0.2697720527648926,0.10118988901376724
671,-0.098331980407238,0.4730313718318939,0.6773840188980103
672,-0.5705612301826477,-0.3322474956512451,0.08486019819974899
673,-0.6969591975212097,-0.5354821681976318,-0.05326629802584648
674,-0.5106510519981384,-0.09325435757637024,0.18924261629581451
675,-0.11108043789863586,0.3342040479183197,0.5375048518180847
676,-0.5555980801582336,-0.2508738934993744,0.015451403334736824
677,-0.0971832200884819,0.34014129638671875,0.46372658014297485
678,-0.23256415128707886,0.2806437611579895,0.42749959230422974
679,0.019592000171542168,0.6655316948890686,0.9455512762069702
680,0.02280854992568493,0.6179440021514893,0.7143179178237915
681,-0.5488967895507812,-0.3575197458267212,0.18845699727535248
682,-0.9616066813468933,-0.8984618186950684,-0.3265264630317688
683,-0.29988226294517517,-0.01754472777247429,0.20402228832244873
684,-0.5376026034355164,-0.14313358068466187,0.2560487687587738
685,0.0029517686925828457,0.5288634300231934,0.6445188522338867
686,-1.1081047058105469,-1.0963517427444458,-0.47792384028434753
687,0.010323235765099525,0.8168553709983826,0.9220261573791504
688,0.01052290853112936,0.6096203923225403,0.7497143745422363
689,-0.5725937485694885,-0.377623587846756,-0.018223559483885765
690,-0.7992167472839355,-0.7136632800102234,-0.22253113985061646
691,-0.9715582132339478,-0.9311281442642212,-0.3250438868999481
692,-1.0630316734313965,-0.9711999297142029,-0.4411120116710663
693,-0.5822687149047852,-0.3807273805141449,0.12073653936386108
694,-0.6130573749542236,-0.4000895023345947,-0.0073600634932518005
695,0.007761505898088217,0.5504661202430725,0.728416383266449
696,-0.4935102164745331,-0.28182169795036316,-0.0005189969670027494
697,-0.5414687395095825,-0.3274974226951599,-0.007170501165091991
698,-0.8000467419624329,-0.685654878616333,-0.23285064101219177
699,-0.5785531997680664,-0.38255494832992554,-0.044572655111551285
700,-0.5815512537956238,-0.3983469307422638,-0.04905209317803383
701,-1.1777868270874023,-1.146357774734497,-0.5073621273040771
702,0.01052290853112936,0.5071163177490234,0.697015643119812
703,-1.0885154008865356,-1.0545204877853394,-0.4547196626663208
704,-0.77301424741745,-0.6916413903236389,-0.234575092792511
705,-1.1163320541381836,-1.1007124185562134,-0.4823843538761139
706,0.02280854992568493,0.6013333797454834,0.803814709186554
707,-1.0744235515594482,-0.954414963722229,-0.4594966471195221
708,-1.0273053646087646,-0.9895455241203308,-0.4065049886703491
709,-1.1133973598480225,-1.1176021099090576,-0.45556822419166565
710,0.0013078975025564432,0.5053835511207581,0.5503312945365906
711,-1.100272297859192,-1.0787250995635986,-0.4800337851047516
712,-0.13393443822860718,0.3519277274608612,0.4700813889503479
713,-0.11794379353523254,0.20069964230060577,0.4386917054653168
714,-0.061064500361680984,0.3342636823654175,0.4776688516139984
715,-0.37934064865112305,0.06933852285146713,0.37187087535858154
716,-0.44167718291282654,-0.043014734983444214,0.26535096764564514
717,-0.14851273596286774,0.3138836622238159,0.44732043147087097
718,-0.368862122297287,0.06511121243238449,0.3115707039833069
719,-0.08246587216854095,0.29862838983535767,0.47272568941116333
720,-0.6158114075660706,-0.13041120767593384,0.11131829768419266
721,-0.09262749552726746,0.29676517844200134,0.4475000202655792
722,-0.07833540439605713,0.2976985573768616,0.43875762820243835
723,-0.4111684262752533,0.013693389482796192,0.3368609547615051
724,-0.34279870986938477,-0.0881667211651802,0.17709429562091827
725,-0.26564809679985046,0.09691985696554184,0.37162914872169495
726,-0.48209846019744873,-0.10557619482278824,0.2122175097465515
727,-0.5658637881278992,-0.15687040984630585,0.10182801634073257
728,-0.2589051127433777,0.30228105187416077,0.40356704592704773
729,-0.4412858784198761,-0.05550862476229668,0.1012624204158783
730,-0.08771847188472748,0.28898292779922485,0.4544200301170349
731,-0.21146492660045624,0.29978206753730774,0.4455612301826477
732,-0.27619948983192444,0.23935551941394806,0.43860357999801636
733,-0.5606112480163574,-0.17020271718502045,0.15122811496257782
734,-0.3490917682647705,0.19581983983516693,0.348468154668808
735,-0.42994213104248047,-0.04516442492604256,0.28153449296951294
736,-0.5352624654769897,-0.23649869859218597,0.09289786219596863
737,-0.08246587216854095,0.29480457305908203,0.46091312170028687
738,-0.6162915825843811,-0.15058012306690216,0.014893840067088604
739,-0.4408905506134033,-0.012412255629897118,0.2542402446269989
740,-0.566924512386322,-0.11898893862962723,0.11547411978244781
741,-0.10790777951478958,0.18891626596450806,0.41116681694984436
742,-0.5448501110076904,-0.11463715136051178,0.12394758313894272
743,-0.6683807969093323,-0.22885289788246155,0.11022542417049408
744,-0.5425993800163269,-0.24695120751857758,0.12156016379594803
745,-0.08279824256896973,0.36267757415771484,0.45566365122795105
746,-0.5762729048728943,-0.2307072877883911,0.10354023426771164
747,-0.1126600056886673,0.3448584973812103,0.45451614260673523
748,-0.08038552105426788,0.3425474762916565,0.45819276571273804
749,-0.6026681065559387,-0.3920218348503113,-0.015716249123215675
750,-0.9259357452392578,-0.8581488132476807,-0.35377129912376404
751,-0.25949063897132874,0.024702144786715508,0.28559133410453796
752,-0.5889459252357483,-0.25705742835998535,0.15591169893741608
753,-0.061064500361680984,0.31926679611206055,0.49112915992736816
754,-1.0837209224700928,-1.0586339235305786,-0.4797705411911011
755,-0.08771847188472748,0.43295207619667053,0.5293465256690979
756,-0.08246587216854095,0.2897276282310486,0.47060397267341614
757,-0.5971571207046509,-0.38585081696510315,-0.035653047263622284
758,-0.8681946396827698,-0.644839882850647,-0.18920990824699402
759,-0.9753096103668213,-0.8775658011436462,-0.3413473963737488
760,-1.0528016090393066,-0.9929735660552979,-0.4726715087890625
761,-0.6205281019210815,-0.43483826518058777,0.06075716018676758
762,-0.6211329102516174,-0.3883095383644104,-0.06817540526390076
763,-0.11313892900943756,0.19119803607463837,0.4593793451786041
764,-0.5154674053192139,-0.19636961817741394,0.05645773932337761
765,-0.5424574613571167,-0.31594207882881165,-0.002581181935966015
766,-0.7280033826828003,-0.6074618101119995,-0.1717805415391922
767,-0.595503568649292,-0.2962176501750946,-0.032898325473070145
768,-0.6045131087303162,-0.421520859003067,-0.08360948413610458
769,-1.122890591621399,-1.1368619203567505,-0.4877834618091583
770,-0.06246626377105713,0.2895123064517975,0.49403664469718933
771,-1.0752239227294922,-1.012940764427185,-0.4738399088382721
772,-0.6942169070243835,-0.4906959533691406,-0.17223955690860748
773,-1.1017028093338013,-1.1038802862167358,-0.4294893741607666
774,-0.062223926186561584,0.2297312319278717,0.5592092275619507
775,-1.089611530303955,-0.9474756717681885,-0.473086953163147
776,-1.017311453819275,-0.9915263652801514,-0.4187142848968506
777,-1.0966768264770508,-1.0539108514785767,-0.41251763701438904
778,-0.08372621238231659,0.30973365902900696,0.47780781984329224
779,-1.0908089876174927,-1.0678883790969849,-0.4860379993915558
780,-0.07440559566020966,0.3899309039115906,0.5349481105804443
781,-0.11142309755086899,0.3744014799594879,0.5072605609893799
782,-0.49943047761917114,-0.030264494940638542,0.3371254503726959
783,-0.5380095839500427,-0.11932528764009476,0.08126610517501831
784,-0.20522354543209076,0.24058540165424347,0.3491303622722626
785,-0.5108110904693604,-0.03540414199233055,0.3106640875339508
786,-0.09507828950881958,0.4074011743068695,0.5343881845474243
787,-0.549738883972168,-0.09639526903629303,0.1700267195701599
788,-0.1031075268983841,0.43439891934394836,0.506833553314209
789,-0.059933047741651535,0.41241374611854553,0.513639509677887
790,-0.5614137649536133,-0.31664055585861206,0.08322733640670776
791,-0.3611032962799072,0.024142170324921608,0.7710208892822266
792,-0.3555297255516052,0.1421331763267517,0.7805345058441162
793,-0.576945960521698,-0.3081243634223938,0.08453697711229324
794,-0.5593748092651367,-0.17889009416103363,0.03802724927663803
795,-0.47556382417678833,-0.0028512743301689625,0.26548752188682556
796,-0.6222851276397705,-0.4239836633205414,0.005139320157468319
797,-0.05945143848657608,0.38864219188690186,0.5064147710800171
798,-0.4709280729293823,-0.07123823463916779,0.3675156533718109
799,-0.45386654138565063,-0.019595105201005936,0.17335063219070435
800,-0.6398322582244873,-0.4335441589355469,0.11306516826152802
801,-0.5276002287864685,-0.19680704176425934,0.03526934236288071
802,-0.5618681311607361,-0.2738230526447296,0.08655166625976562
803,-0.5096134543418884,0.0965481624007225,0.7575207948684692
804,-0.07440559566020966,0.41114136576652527,0.5183513164520264
805,-0.6048218011856079,-0.2644789516925812,0.40788891911506653
806,-0.5590153336524963,-0.25066709518432617,0.1041671484708786
807,-0.491802841424942,0.007546487729996443,0.07150903344154358
808,-0.05855020135641098,0.3847671449184418,0.580632746219635
809,-0.5289079546928406,-0.04732702672481537,0.07123108208179474
810,-0.6319496035575867,-0.3277958333492279,0.12481763958930969
811,-0.5080104470252991,0.11013656109571457,0.37920889258384705
812,-0.12596546113491058,0.43780577182769775,0.46649307012557983
813,-0.5309893488883972,-0.04099481180310249,0.06106558442115784
814,0.007761505898088217,0.5592768788337708,0.6769565343856812
815,0.00435109157115221,0.5780212879180908,0.6872391104698181
816,-0.5606178045272827,-0.26571062207221985,0.16043762862682343
817,-0.9505602121353149,-0.8121351003646851,-0.25748294591903687
818,-0.3818104863166809,0.006406800355762243,0.20886211097240448
819,-0.5226114392280579,-0.07121136784553528,0.7888103127479553
820,0.022265780717134476,0.5886805653572083,0.6531261205673218
821,-1.0960814952850342,-1.0317150354385376,-0.40738096833229065
822,0.00435109157115221,0.47777143120765686,0.6499908566474915
823,-0.5611476302146912,-0.37082529067993164,-0.015703434124588966
824,-0.7914170622825623,-0.6217116713523865,-0.00424828939139843
825,-0.9715696573257446,-0.9813642501831055,-0.29344937205314636
826,-1.0656886100769043,-0.9540460109710693,-0.37806135416030884
827,-0.5765522122383118,-0.3341622054576874,0.037275880575180054
828,0.022265780717134476,0.46705615520477295,0.6689639687538147
829,-0.5137408375740051,-0.2564755976200104,-0.011281762272119522
830,-0.5313014984130859,-0.31047481298446655,-0.012443230487406254
831,-0.7616301774978638,-0.5832462906837463,-0.11738527566194534
832,-0.5568548440933228,-0.34944745898246765,-0.03907680884003639
833,-0.5667442679405212,-0.36414098739624023,-0.05010811239480972
834,-1.1895242929458618,-1.139963150024414,-0.33614644408226013
835,0.007761505898088217,0.5748345255851746,0.6537513732910156
836,-1.0708400011062622,-1.0637993812561035,-0.3883334994316101
837,-0.7379856705665588,-0.628049373626709,-0.17100174725055695
838,-1.1363778114318848,-1.1171432733535767,-0.4682542085647583
839,0.007761505898088217,0.46619346737861633,0.6352550983428955
840,-1.0677416324615479,-0.9326634407043457,-0.38670986890792847
841,-1.045140027999878,-0.9778428673744202,-0.31062960624694824
842,-1.0978924036026,-1.0795948505401611,-0.3212280869483948
843,-0.0030033530201762915,0.49101272225379944,0.5561999678611755
844,-1.101979374885559,-1.06102454662323,-0.39279499650001526
845,0.010323235765099525,0.6565613150596619,0.7873931527137756
846,-0.06565060466527939,0.18479253351688385,0.800527811050415
847,-0.41865774989128113,-0.00810486450791359,0.40060731768608093
848,-0.43440815806388855,-0.15987618267536163,0.6466517448425293
849,-0.16043904423713684,0.27711182832717896,0.9443604350090027
850,-0.33088788390159607,0.019358491525053978,0.5579963326454163
851,-0.8037117123603821,-0.5877658724784851,0.5183820724487305
852,-0.3047521114349365,0.03208639472723007,0.7860543131828308
853,-0.40392032265663147,-0.06874791532754898,0.8772387504577637
854,-0.7043198943138123,-0.47521305084228516,0.6792289614677429
855,0.02280854992568493,0.6681230664253235,0.8027393817901611
856,-0.25154584646224976,0.056884873658418655,0.49197831749916077
857,-0.3631531894207001,-0.0061295852065086365,0.04282492771744728
858,-0.5019432306289673,-0.25921109318733215,0.0031040385365486145
859,-0.5979888439178467,-0.41831812262535095,-0.062074873596429825
860,-0.6145837903022766,-0.4369662404060364,-0.06578978151082993
861,-0.295481413602829,0.060875363647937775,0.49458932876586914
862,-0.5145658254623413,-0.27476999163627625,0.23412646353244781
863,-0.019975794479250908,0.36347073316574097,0.6114690899848938
864,-0.38054734468460083,-0.0006480504525825381,0.43410006165504456
865,0.009784860536456108,0.6010470986366272,0.6926974654197693
866,-0.5448673963546753,-0.3700602352619171,0.017632437869906425
867,0.010323235765099525,0.7006139159202576,0.7494832277297974
868,-0.5152103304862976,-0.3313213288784027,0.3279877305030823
869,-0.4226730465888977,0.05946829542517662,0.20147939026355743
870,-0.19317509233951569,0.10798116028308868,0.37467533349990845
871,-0.6265324950218201,-0.4424976110458374,0.19642703235149384
872,-0.6238345503807068,-0.4357227087020874,0.19517649710178375
873,-0.20348012447357178,0.21941310167312622,0.5985475778579712
874,-0.7289049029350281,-0.5326322317123413,0.3445358872413635
875,0.019592000171542168,0.7210126519203186,0.7536324858665466
876,-0.13712044060230255,0.25249046087265015,0.6237863898277283
877,-0.33439305424690247,-0.008943518623709679,0.544666051864624
878,-0.7940327525138855,-0.6467196941375732,0.12342521548271179
879,-0.318004846572876,-0.08272892236709595,0.3631897270679474
880,-0.5805279612541199,-0.3590823709964752,0.29057788848876953
881,-0.38616758584976196,-0.07256845384836197,0.16291284561157227
882,0.007761505898088217,0.65388423204422,0.7837643027305603
883,-0.7327625155448914,-0.5188862085342407,0.03509485721588135
884,-0.5641191601753235,-0.3835503160953522,0.22380322217941284
885,-0.4022640585899353,-0.17161598801612854,0.09713014215230942
886,0.019592000171542168,0.7345697283744812,0.7893351316452026
887,-0.5322301387786865,-0.30954182147979736,0.15776926279067993
888,-0.7852293848991394,-0.6329810619354248,0.09864269196987152
889,-0.3900047242641449,-0.09213204681873322,0.16896171867847443
890,0.0071348631754517555,0.619500458240509,0.6889021992683411
891,-0.43140697479248047,-0.2390466034412384,0.0641007050871849
892,-0.5366109013557434,-0.36682435870170593,0.5127540230751038
893,-0.942614734172821,-0.8134557008743286,-0.3205180764198303
894,-0.26968279480934143,-0.011613725684583187,0.35798418521881104
895,-0.5444528460502625,-0.1364341825246811,0.5335767269134521
896,0.017597997561097145,0.6053854823112488,0.6350731253623962
897,-1.105778455734253,-1.0882357358932495,-0.5076823234558105
898,0.01330668292939663,0.8636295199394226,0.921959638595581
899,0.02280854992568493,0.7031176686286926,0.771729052066803
900,-0.6050495505332947,-0.4065116345882416,-0.042256999760866165
901,-0.8563223481178284,-0.7403327226638794,-0.31093287467956543
902,-0.9815984964370728,-0.9207596778869629,-0.3184067904949188
903,-1.061554193496704,-1.0534615516662598,-0.4028020203113556
904,-0.6298433542251587,-0.42305880784988403,0.1467319130897522
905,-0.7084599733352661,-0.46756884455680847,-0.022014522925019264
906,0.010323235765099525,0.6844088435173035,0.7663246393203735
907,-0.5103359818458557,-0.2526068389415741,-0.001037067617289722
908,-0.5451502799987793,-0.3168066442012787,-0.0025139853823930025
909,-0.7347507476806641,-0.6183921098709106,-0.16670943796634674
910,-0.5859379768371582,-0.41700974106788635,-0.037874359637498856
911,-0.6148062944412231,-0.45784369111061096,-0.08494353294372559
912,-1.1813490390777588,-1.1520880460739136,-0.5030727982521057
913,0.01330668292939663,0.583214521408081,0.6832864880561829
914,-1.0856094360351562,-1.0774022340774536,-0.45201897621154785
915,-0.7240840792655945,-0.5941851139068604,-0.20549310743808746
916,-1.1193506717681885,-1.1132230758666992,-0.46590837836265564
917,0.019592000171542168,0.6915441155433655,0.7797430753707886
918,-1.0832867622375488,-1.0112043619155884,-0.4649391174316406
919,-1.0465234518051147,-1.0017614364624023,-0.4008970558643341
920,-1.1156997680664062,-1.1012001037597656,-0.32930731773376465
921,0.005825243424624205,0.5309825539588928,0.5963837504386902
922,-1.1032322645187378,-1.088456392288208,-0.4823891818523407
923,-0.5681116580963135,-0.3572404086589813,0.08654733002185822
924,-0.5833452939987183,-0.389662504196167,0.045092690736055374
925,-0.7921117544174194,-0.6496462225914001,-0.22892622649669647
926,-0.5537053942680359,-0.3946344256401062,0.41957107186317444
927,-0.5808188319206238,-0.41058146953582764,0.5172784328460693
928,-0.5708431601524353,-0.34383055567741394,-0.00538414204493165
929,-0.7600458264350891,-0.47806087136268616,0.05940953269600868
930,-0.6235674023628235,-0.4937039613723755,-0.07623045891523361
931,-0.7458128929138184,-0.5794456005096436,0.043982118368148804
932,-0.5643706917762756,-0.33251386880874634,0.04228954017162323
933,-0.5787391066551208,-0.3754124939441681,-0.02757151797413826
934,-0.567188024520874,-0.3922155797481537,0.5110898017883301
935,-0.5449432134628296,-0.2893191874027252,0.0006541375769302249
936,-0.5618565678596497,-0.29918739199638367,-0.007723385468125343
937,-0.6516822576522827,-0.46191439032554626,-0.09608215093612671
938,-0.5635597109794617,-0.3341653048992157,0.031595513224601746
939,-0.5740550756454468,-0.3578585684299469,-0.030055707320570946
940,-0.778061032295227,-0.5679261684417725,-0.19251497089862823
941,-0.5586901307106018,-0.38500580191612244,0.3110028803348541
942,-0.7297978401184082,-0.5723191499710083,-0.20146970450878143
943,-0.6142533421516418,-0.43595385551452637,-0.09926660358905792
944,-0.7880268692970276,-0.6465808153152466,-0.24011072516441345
945,-0.571897029876709,-0.4092300534248352,0.3945153057575226
946,-0.7580098509788513,-0.5810737013816833,-0.15932998061180115
947,-0.689737856388092,-0.6051706671714783,-0.06629781424999237
948,-0.7768120765686035,-0.5441139936447144,-0.24526721239089966
949,-0.5488967895507812,-0.405529260635376,0.1288367360830307
950,-0.7839293479919434,-0.6156067848205566,-0.22354383766651154
951,-1.9716085195541382,-0.8661569952964783,-0.28120988607406616
952,-0.5549046993255615,-0.2867049276828766,0.25109249353408813
953,-1.0981348752975464,-1.0006451606750488,-0.3897798955440521
954,-0.33165493607521057,0.11003977805376053,0.5955835580825806
955,-0.2468177080154419,0.13410262763500214,0.6228228211402893
956,-0.5522588491439819,-0.2697243094444275,-0.001149165676906705
957,-0.8303002119064331,-0.6509754061698914,-0.22909106314182281
958,-0.9184376001358032,-0.821660041809082,-0.310437947511673
959,-0.5826303362846375,-0.34004080295562744,0.017768608406186104
960,-0.6162621378898621,-0.302866131067276,-0.05728818476200104
961,-0.5326264500617981,-0.28633779287338257,-0.010303866118192673
962,-0.7840840220451355,-0.6046724319458008,-0.22953687608242035
963,-0.7653818726539612,-0.6089208126068115,-0.2512212097644806
964,-1.0993657112121582,-1.0573221445083618,-0.5058081150054932
965,-1.1018187999725342,-1.0496598482131958,-0.49508026242256165
966,-0.30722081661224365,-0.054139040410518646,0.2663806080818176
967,-1.7009109258651733,-0.9215279817581177,-0.31134459376335144
968,-0.9009935259819031,-0.7773220539093018,-0.31033530831336975
969,-1.0875118970870972,-0.8105540871620178,0.0037160625215619802
970,-0.960734486579895,-0.852446973323822,-0.19805927574634552
971,-0.9700753092765808,-0.8075510263442993,-0.33430784940719604
972,-0.9300737977027893,-0.8267432451248169,-0.30895018577575684
973,-0.8689693808555603,-0.6785697937011719,-0.10756538063287735
974,-0.9570305347442627,-0.8326760530471802,-0.3157656788825989
975,-1.0812902450561523,-0.7783012986183167,0.06455487757921219
976,-0.928007960319519,-0.7858805060386658,-0.3167327344417572
977,-0.7816677093505859,-0.6694198250770569,-0.31606796383857727
978,-1.2343614101409912,-0.8612383008003235,-0.2691841125488281
979,-0.9842004776000977,-0.7982213497161865,-0.28006741404533386
980,-0.916790246963501,-0.7577986121177673,-0.3268725275993347
981,-0.9143627882003784,-0.8002652525901794,-0.21597519516944885
982,-0.9421865940093994,-0.8086177110671997,-0.3026971220970154
983,-1.0564546585083008,-0.8976505398750305,-0.3588699996471405
984,-0.8162825703620911,-0.6690949201583862,-0.2485208362340927
985,-1.057712197303772,-0.78249192237854,-0.30951082706451416
986,-1.0320378541946411,-0.823359489440918,-0.31685876846313477
987,-1.1555266380310059,-0.7449876070022583,0.03373061865568161
988,-0.9648593664169312,-0.7679758667945862,-0.33262577652931213
989,-1.3351799249649048,-0.9209353923797607,-0.32654905319213867
990,-1.3025697469711304,-0.8696640729904175,-0.28049662709236145
991,-1.0349289178848267,-0.7338486909866333,-0.21450790762901306
992,-0.5789093971252441,-0.3861464262008667,-0.05874154344201088
993,-0.32528215646743774,0.12647002935409546,0.3623669743537903
994,-1.0844168663024902,-1.0367439985275269,-0.49004051089286804
995,-0.44902870059013367,-0.06654990464448929,0.42680928111076355
996,-0.29696783423423767,0.008738524280488491,0.595867395401001
997,-0.5994471907615662,-0.35760030150413513,-0.03911827504634857
998,-0.82928466796875,-0.7032763361930847,-0.24232180416584015
999,-1.10695481300354,-0.8158373832702637,-0.18749935925006866
1000,-1.118389368057251,-1.0151361227035522,-0.42208772897720337
1001,-0.589447021484375,-0.3857327401638031,-0.07634793221950531
1002,-0.7256455421447754,-0.5023775100708008,-0.19335803389549255
1003,-0.38432878255844116,-0.1375235766172409,0.7166335582733154
1004,-0.5477702617645264,-0.2651868164539337,-0.025988994166254997
1005,-0.5418491959571838,-0.23759524524211884,-0.012966577894985676
1006,-0.7637568116188049,-0.6135227084159851,-0.2618744969367981
1007,-0.5875922441482544,-0.3884953260421753,-0.058521050959825516
1008,-0.752516508102417,-0.5310595035552979,-0.2001282125711441
1009,-1.067366600036621,-1.051851511001587,-0.48654377460479736
1010,-0.32922738790512085,0.01575668901205063,0.5692978501319885
1011,-1.1154234409332275,-1.0424365997314453,-0.48039618134498596
1012,-0.774701714515686,-0.6107214093208313,-0.27476993203163147
1013,-1.074541449546814,-1.0432759523391724,-0.4980618357658386
1014,-0.32228004932403564,-0.06891515105962753,0.8454490303993225
1015,-1.1742063760757446,-1.0597755908966064,-0.48094096779823303
1016,-1.076393723487854,-0.9269933104515076,-0.4202496409416199
1017,-1.0705243349075317,-1.0171151161193848,-0.3484719693660736
1018,-0.5296668410301208,-0.3115130364894867,0.03413806110620499
1019,-1.0720512866973877,-1.0398902893066406,-0.47937634587287903
1020,-0.5304684042930603,-0.2959889769554138,0.11465579271316528
1021,-0.23609007894992828,0.09333231300115585,0.27635377645492554
1022,-0.5839687585830688,-0.351735383272171,-0.032589077949523926
1023,-0.2104864865541458,0.059011686593294144,0.29755011200904846
1024,-0.2012273371219635,0.039503756910562515,0.39019814133644104
1025,-0.5887808203697205,-0.42102304100990295,-0.043156445026397705
1026,-0.4338281452655792,-0.08887223154306412,0.3784552216529846
1027,-0.4585328996181488,-0.35079219937324524,0.06842410564422607
1028,-0.5920276045799255,-0.427839070558548,-0.04943908378481865
1029,-0.5874416828155518,-0.40949296951293945,-0.07568874955177307
1030,-0.5183403491973877,-0.17485414445400238,0.2742798924446106
1031,-0.636087954044342,-0.49599704146385193,-0.04614982008934021
1032,-0.25528016686439514,0.04607111215591431,0.47569042444229126
1033,-0.49828043580055237,-0.20017509162425995,0.028835181146860123
1034,-0.5272095203399658,-0.24033446609973907,0.012159973382949829
1035,-0.6338545083999634,-0.4765811562538147,-0.07556288689374924
1036,-0.5394958853721619,-0.28674235939979553,-0.018363934010267258
1037,-0.5793807506561279,-0.4237983822822571,-0.04197309538722038
1038,-0.56963050365448,-0.29421597719192505,0.04854051396250725
1039,-0.20678748190402985,0.1157427728176117,0.4843038022518158
1040,-0.6373756527900696,-0.48259103298187256,-0.10489712655544281
1041,-0.5829023122787476,-0.4103277921676636,-0.06710478663444519
1042,-0.5353867411613464,-0.32924556732177734,0.016612783074378967
1043,-0.5728339552879333,-0.39239782094955444,-0.09651117026805878
1044,-0.6758423447608948,-0.5292298197746277,-0.053567174822092056
1045,-0.5643994212150574,-0.2658349275588989,0.14481636881828308
1046,-0.25745564699172974,0.005776204168796539,0.25542446970939636
1047,-0.5326711535453796,-0.2958793342113495,0.025151947513222694
1048,-0.5493202209472656,-0.1688688099384308,0.12801815569400787
1049,-0.03523578122258186,0.5418299436569214,0.6359409093856812
1050,-1.0913257598876953,-1.0581408739089966,-0.4364209473133087
1051,-0.05176062136888504,0.4949380159378052,0.695904552936554
1052,-0.02840103954076767,0.3596082329750061,0.7552796602249146
1053,-0.5611130595207214,-0.33902159333229065,-0.005184739828109741
1054,-0.786475658416748,-0.554196298122406,-0.11803638935089111
1055,-0.9603688716888428,-0.9205474853515625,-0.2954939007759094
1056,-1.0555225610733032,-0.9406351447105408,-0.41896024346351624
1057,-0.582809329032898,-0.3649351894855499,-0.01956293173134327
1058,-0.5969880819320679,-0.34254541993141174,-0.02491692639887333
1059,-0.021940914914011955,0.36216822266578674,0.7347742319107056
1060,-0.4974978566169739,-0.27348411083221436,-0.007112901657819748
1061,-0.5384495854377747,-0.30377253890037537,-0.0004228003672324121
1062,-0.7983119487762451,-0.6798391938209534,-0.23165063560009003
1063,-0.5664657950401306,-0.37428906559944153,-0.04401887580752373
1064,-0.5789908170700073,-0.3841342329978943,-0.0473383404314518
1065,-1.1518083810806274,-1.1479390859603882,-0.5020700097084045
1066,-0.02840103954076767,0.3268321752548218,0.662262499332428
1067,-1.0804179906845093,-1.0001661777496338,-0.4578952193260193
1068,-0.7748615741729736,-0.6903349161148071,-0.235709547996521
1069,-1.1117831468582153,-1.1007386445999146,-0.4741927683353424
1070,-0.02287772111594677,0.35882100462913513,0.8258088231086731
1071,-1.0733290910720825,-0.9566447734832764,-0.46289700269699097
1072,-1.0441396236419678,-0.9860318303108215,-0.3857312798500061
1073,-1.0999302864074707,-0.9726168513298035,-0.26053982973098755
1074,-0.05330812186002731,0.3412357270717621,0.48334982991218567
1075,-1.0914093255996704,-1.0327439308166504,-0.4506588280200958
1076,-0.5116901397705078,-0.2599150240421295,1.1146252155303955
1077,-0.7788994908332825,-0.5990244150161743,-0.2092781364917755
1078,-0.5404137372970581,-0.29011332988739014,0.4522847533226013
1079,-0.7731764912605286,-0.5401734113693237,-0.18020696938037872
1080,-0.7543994784355164,-0.5942614674568176,-0.22316166758537292
1081,-0.766959011554718,-0.6307699084281921,-0.24421529471874237
1082,-0.5328060388565063,-0.1327587068080902,0.26881617307662964
1083,-0.7908646464347839,-0.5419145226478577,-0.23941032588481903
1084,-0.5282542705535889,-0.18786107003688812,0.4639328122138977
1085,-0.7794766426086426,-0.6441922187805176,-0.25019916892051697
1086,-0.7733505964279175,-0.6119787096977234,-0.24391750991344452
1087,-0.5326356887817383,-0.1828082948923111,0.2961878180503845
1088,-0.8371478915214539,-0.6560354232788086,-0.2494172751903534
1089,-0.7988830804824829,-0.6307631134986877,-0.24148055911064148
1090,-0.7866804599761963,-0.5314404368400574,-0.24147072434425354
1091,-0.5454814434051514,-0.19865009188652039,0.48807841539382935
1092,-0.7524317502975464,-0.590263843536377,-0.23026712238788605
1093,-0.272655189037323,0.3106381595134735,0.5669065713882446
1094,-0.3924751281738281,0.16272276639938354,0.44063958525657654
1095,-0.19539956748485565,0.25607335567474365,0.7892305254936218
1096,-0.5511689186096191,-0.2411099523305893,-0.028251376003026962
1097,-0.8200044631958008,-0.6158796548843384,-0.23275932669639587
1098,-0.9600031971931458,-0.8106820583343506,-0.29113975167274475
1099,-1.101007103919983,-0.9826517701148987,-0.3200632929801941
1100,-0.5837972164154053,-0.3485284447669983,-0.056212957948446274
1101,-0.64272141456604,-0.31389474868774414,-0.11737710982561111
1102,-0.28118279576301575,0.1030072569847107,0.7270300388336182
1103,-0.5433375835418701,-0.2701430916786194,-0.013144572265446186
1104,-0.5243704319000244,-0.24051637947559357,-0.01457106415182352
1105,-0.7649074792861938,-0.5995740294456482,-0.2432202845811844
1106,-0.5690330862998962,-0.3351740837097168,-0.01679241843521595
1107,-0.6473175287246704,-0.41633129119873047,-0.13286466896533966
1108,-1.1308563947677612,-1.0693508386611938,-0.4751366376876831
1109,-0.3007221221923828,0.23918581008911133,0.6729390621185303
1110,-1.10780930519104,-1.0146095752716064,-0.4777195453643799
1111,-0.7668952345848083,-0.6019060611724854,-0.25199076533317566
1112,-1.0556658506393433,-0.8897817730903625,-0.39456528425216675
1113,-0.400953471660614,-0.11371845752000809,0.21403130888938904
1114,-1.0874831676483154,-1.0060832500457764,-0.3587665855884552
1115,-0.48006385564804077,-0.035117603838443756,0.24891535937786102
1116,0.022265780717134476,0.6002979278564453,0.6411447525024414
1117,0.0065514943562448025,0.5848320722579956,0.6606612205505371
1118,-0.33962446451187134,-0.04081864655017853,0.4374391436576843
1119,-0.2392369657754898,0.1603516936302185,0.3303544819355011
1120,-0.16669079661369324,0.3412136435508728,0.5579105019569397
1121,-0.4343104958534241,-0.12654967606067657,0.322096586227417
1122,-0.43496766686439514,-0.04613807424902916,0.17997486889362335
1123,-0.21716579794883728,0.3173889219760895,0.6179946064949036
1124,-0.5647441148757935,-0.2479408085346222,0.26191508769989014
1125,0.005735539831221104,0.5057116746902466,0.6324852108955383
1126,-0.10036206990480423,0.4393923580646515,0.5910164713859558
1127,-0.2363080084323883,0.2021966129541397,0.6491734981536865
1128,-0.6576792001724243,-0.3188919425010681,0.2608816623687744
1129,-0.30524617433547974,0.18863120675086975,0.5511230826377869
1130,-0.33365869522094727,0.054006319493055344,0.4496331810951233
1131,-0.36911123991012573,0.1885712444782257,0.34535980224609375
1132,0.017597997561097145,0.5949050188064575,0.6365370750427246
1133,-0.615959882736206,-0.31730225682258606,0.04871383681893349
1134,-0.3566790521144867,0.0828159749507904,0.5378966331481934
1135,-0.38454902172088623,0.1683977246284485,0.2924630343914032
1136,0.008727187290787697,0.5672135949134827,0.6778906583786011
1137,-0.37366077303886414,0.1725269854068756,0.36037951707839966
1138,-0.6816881895065308,-0.3856971561908722,0.174383744597435
1139,-0.3766095042228699,0.15021659433841705,0.30956748127937317
1140,0.005825243424624205,0.5925243496894836,0.6563685536384583
1141,-0.3944772779941559,0.08972559869289398,0.2936999499797821
1142,-1.1003801822662354,-1.0708905458450317,-0.49508747458457947
1143,0.018474234268069267,0.6362714171409607,0.7995573878288269
1144,0.007761505898088217,0.5984652638435364,0.7514800429344177
1145,-0.5896741151809692,-0.3599405884742737,-0.047014135867357254
1146,-0.8307071924209595,-0.7098296284675598,-0.17747776210308075
1147,-0.9454122185707092,-0.854373037815094,-0.3100414276123047
1148,-1.0553674697875977,-1.0112866163253784,-0.4100487232208252
1149,-0.595768928527832,-0.44270896911621094,0.18617860972881317
1150,-0.6700657606124878,-0.42409563064575195,-0.0734141394495964
1151,0.018474234268069267,0.5487756133079529,0.7055320143699646
1152,-0.50874263048172,-0.2347625494003296,0.27224767208099365
1153,-0.5586011409759521,-0.32220497727394104,-0.023450082167983055
1154,-0.7338665127754211,-0.547737181186676,-0.16342689096927643
1155,-0.5961096882820129,-0.4178640842437744,-0.06026865914463997
1156,-0.6235505938529968,-0.4154127538204193,-0.08216983079910278
1157,-1.1588150262832642,-1.1601439714431763,-0.28614646196365356
1158,0.007761505898088217,0.5739061236381531,0.7011064291000366
1159,-1.0744545459747314,-1.024817943572998,-0.46252986788749695
1160,-0.717807412147522,-0.5279344320297241,-0.13376684486865997
1161,-1.1194069385528564,-1.1068832874298096,-0.4210449755191803
1162,0.008727187290787697,0.5447108149528503,0.80030757188797
1163,-1.0851308107376099,-1.013090968132019,-0.40220826864242554
1164,-1.0225591659545898,-0.9370124340057373,-0.4383980929851532
1165,-1.1185777187347412,-1.0642409324645996,-0.2629472613334656
1166,0.006276905536651611,0.5695977807044983,0.589946985244751
1167,-1.1059017181396484,-1.0708041191101074,-0.42267823219299316
1168,-1.1000369787216187,-1.0946197509765625,-0.49684640765190125
1169,-1.1014596223831177,-1.0835340023040771,-0.482241690158844
1170,-1.1198334693908691,-1.0851476192474365,-0.4802708029747009
1171,-0.9499174952507019,-0.8750726580619812,-0.475251704454422
1172,-1.0675162076950073,-1.0091255903244019,-0.502105712890625
1173,-1.1172739267349243,-1.0677390098571777,-0.48117774724960327
1174,-1.0729204416275024,-1.0155762434005737,-0.49777552485466003
1175,-1.0893410444259644,-0.9630040526390076,-0.4003853499889374
1176,-1.126659870147705,-1.0812451839447021,-0.49033215641975403
1177,-1.1145411729812622,-1.0515539646148682,-0.48359519243240356
1178,-1.0873550176620483,-1.0475064516067505,-0.4996037781238556
1179,-1.1011360883712769,-1.054971694946289,-0.49368250370025635
1180,-1.1220734119415283,-1.0890127420425415,-0.482048362493515
1181,-1.1359795331954956,-1.0494223833084106,-0.48384642601013184
1182,-1.121416687965393,-1.0643247365951538,-0.47710737586021423
1183,-1.0436978340148926,-0.9963781237602234,-0.4973181486129761
1184,-1.1146247386932373,-1.0412917137145996,-0.468551903963089
1185,-1.0930886268615723,-1.053586721420288,-0.49954497814178467
1186,-1.1192283630371094,-1.0379608869552612,-0.488872230052948
1187,-1.0522215366363525,-1.0290101766586304,-0.45525938272476196
1188,-1.1068931818008423,-1.0753506422042847,-0.4973927140235901
1189,-1.0614949464797974,-1.015612006187439,-0.4966549575328827
1190,-1.1019569635391235,-1.0435633659362793,-0.48500514030456543
1191,-1.037890076637268,-0.9787586331367493,-0.5068555474281311
1192,-1.0901585817337036,-1.0737621784210205,-0.4907430410385132
1193,-1.048353672027588,-1.014469027519226,-0.47911033034324646
1194,-0.4559485912322998,-0.18610233068466187,0.15900637209415436
1195,-0.41810739040374756,-0.11507231742143631,0.17803481221199036
1196,-0.755885899066925,-0.5473028421401978,-0.18676874041557312
1197,-0.9078840017318726,-0.8036707639694214,-0.35837751626968384
1198,-1.1494395732879639,-0.7547712326049805,-0.23062385618686676
1199,-1.0804998874664307,-1.0107685327529907,-0.4765832722187042
1200,-0.6562832593917847,-0.48590269684791565,-0.0432584285736084
1201,-0.7556215524673462,-0.6252025365829468,-0.2154521942138672
1202,-0.431405246257782,-0.22848328948020935,0.16993889212608337
1203,-0.5829906463623047,-0.38379430770874023,-0.03395923227071762
1204,-0.587440550327301,-0.3257654011249542,-0.04724960774183273
1205,-0.8634858131408691,-0.8149424195289612,-0.27350249886512756
1206,-0.7574384212493896,-0.6319094896316528,-0.17637915909290314
1207,-0.7590371966362,-0.6220860481262207,-0.24254846572875977
1208,-1.039127230644226,-0.9893762469291687,-0.48095202445983887
1209,-0.38663071393966675,-0.07818453013896942,0.2838485836982727
1210,-0.8453958034515381,-0.763573169708252,-0.24636457860469818
1211,-1.0535694360733032,-1.0270638465881348,-0.4308418929576874
1212,-0.5053516030311584,-0.2769804000854492,0.21978969871997833
1213,-1.0679539442062378,-0.9567055702209473,-0.47594815492630005
1214,-1.1362016201019287,-0.9226545691490173,-0.45752421021461487
1215,-1.0378756523132324,-0.9837239980697632,-0.5042120814323425
1216,-0.5566402077674866,-0.4105862081050873,0.004383894614875317
1217,-1.0496209859848022,-1.0051418542861938,-0.48484915494918823
1218,0.007761505898088217,0.7517367005348206,0.8764230012893677
1219,-0.4772788882255554,-0.2859453558921814,0.543872058391571
1220,-0.2630154490470886,0.050826296210289,0.2360871583223343
1221,-0.2864646911621094,0.2779640257358551,0.6122029423713684
1222,-0.6117885708808899,-0.38924986124038696,0.2427404820919037
1223,-0.5959534049034119,-0.3018077313899994,0.19927842915058136
1224,-0.23500753939151764,0.1852937936782837,0.6594646573066711
1225,-0.6819416880607605,-0.5301786065101624,0.21021783351898193
1226,0.010323235765099525,0.8743330240249634,1.0774130821228027
1227,-0.14497609436511993,0.3951248824596405,0.6078621745109558
1228,-0.3156715929508209,0.10027120262384415,0.5664968490600586
1229,-0.8178684115409851,-0.6334568858146667,0.3410767614841461
1230,-0.3120516240596771,-0.03377543389797211,0.48518046736717224
1231,-0.5013084411621094,-0.3330160677433014,0.28983616828918457
1232,-0.37535426020622253,0.15885807573795319,0.24632686376571655
1233,0.01330668292939663,0.6686352491378784,0.7564570903778076
1234,-0.7300665974617004,-0.42798396944999695,0.1670524626970291
1235,-0.4710807502269745,-0.25101780891418457,0.36570465564727783
1236,-0.40893983840942383,-0.008552899584174156,0.18925118446350098
1237,0.007761505898088217,0.6823187470436096,0.8616543412208557
1238,-0.4525943398475647,-0.09840553998947144,0.3540671169757843
1239,-0.827327311038971,-0.5805449485778809,0.06658057868480682
1240,-0.3733397126197815,0.10941152274608612,0.2718367874622345
1241,0.022265780717134476,0.5849946141242981,0.7772054672241211
1242,-0.44599199295043945,-0.08334638178348541,0.11403359472751617
1243,0.010323235765099525,0.7145770192146301,0.785569965839386
1244,-0.621838390827179,-0.41399669647216797,-0.01848652772605419
1245,-0.838713526725769,-0.6686373353004456,-0.22316007316112518
1246,-0.9853357076644897,-0.9475213289260864,-0.3002564609050751
1247,-1.0629934072494507,-1.064577579498291,-0.3963979184627533
1248,0.007761505898088217,0.6235660314559937,0.7820271849632263
1249,-0.46609821915626526,-0.11216078698635101,0.07074055075645447
1250,-0.5575846433639526,-0.36170879006385803,0.011064058169722557
1251,-0.7811055183410645,-0.6128805875778198,-0.14389216899871826
1252,-0.6114134192466736,-0.41513389348983765,-0.04432743042707443
1253,-0.6252790689468384,-0.4447178840637207,-0.05627002194523811
1254,-1.1879732608795166,-1.1607497930526733,-0.3666514456272125
1255,0.007761505898088217,0.6618776321411133,0.806888222694397
1256,-1.094389796257019,-1.075933575630188,-0.4552636742591858
1257,-0.7363881468772888,-0.567031979560852,-0.029461419209837914
1258,-1.1239161491394043,-1.0984406471252441,-0.41933387517929077
1259,0.010323235765099525,0.7231504321098328,0.8534879088401794
1260,-1.074694275856018,-1.0417773723602295,-0.37239524722099304
1261,-1.0513392686843872,-0.9675065279006958,-0.4023403227329254
1262,-1.1074587106704712,-1.1031312942504883,-0.28081169724464417
1263,0.0019253205973654985,0.5946446657180786,0.6353451013565063
1264,-1.109588623046875,-1.0902823209762573,-0.46590837836265564
1265,-0.37408265471458435,-0.14413678646087646,0.6963239908218384
1266,-0.2441987544298172,0.13704755902290344,0.3422051966190338
1267,-0.13452695310115814,0.24806852638721466,0.6307294964790344
1268,-0.44607049226760864,-0.19431883096694946,0.617530345916748
1269,-0.4675731062889099,-0.19129331409931183,0.4319080114364624
1270,-0.19847509264945984,0.2924596667289734,0.7905314564704895
1271,-0.4838073253631592,-0.3267165720462799,0.6844637393951416
1272,0.02280854992568493,0.6765775084495544,0.7534131407737732
1273,-0.10738679766654968,0.36846724152565,0.6117264032363892
1274,-0.21527397632598877,0.13929520547389984,0.6265584230422974
1275,-0.6516714692115784,-0.4226345419883728,0.36096060276031494
1276,-0.22920513153076172,0.04172195494174957,0.5630830526351929
1277,-0.3551129698753357,-0.051419973373413086,0.6337258815765381
1278,-0.3740946650505066,0.19507509469985962,0.3361222743988037
1279,0.007761505898088217,0.6143741011619568,0.7713049054145813
1280,-0.6256697773933411,-0.41627153754234314,0.36550039052963257
1281,-0.30248865485191345,-0.0656491369009018,0.6488410234451294
1282,-0.366199791431427,0.12430809438228607,0.2725740075111389
1283,0.019592000171542168,0.6410333514213562,0.7578469514846802
1284,-0.40303874015808105,-0.07094452530145645,0.2648751139640808
1285,-0.6388181447982788,-0.42577648162841797,0.3732861578464508
1286,-0.3658100962638855,0.16163164377212524,0.29044926166534424
1287,0.005859603174030781,0.5382676124572754,0.6965284943580627
1288,-0.38752973079681396,0.041618332266807556,0.22872720658779144
1289,-0.5980039834976196,-0.39515894651412964,-0.016791855916380882
1290,-0.8436727523803711,-0.7437613606452942,-0.22649306058883667
1291,-0.9508808255195618,-0.8860543370246887,-0.31350579857826233
1292,-1.0560588836669922,-1.0411953926086426,-0.41514086723327637
1293,-0.6214575171470642,-0.4601719081401825,0.2805820107460022
1294,-0.6410225033760071,-0.4135047495365143,-0.057394638657569885
1295,0.007761505898088217,0.6834407448768616,0.7848420143127441
1296,-0.49306291341781616,-0.2434626668691635,0.050823211669921875
1297,-0.546501100063324,-0.3408384919166565,0.005950628779828548
1298,-0.7264724969863892,-0.5851995944976807,-0.18615055084228516
1299,-0.6044434905052185,-0.41973432898521423,-0.06817784160375595
1300,-0.6118631958961487,-0.4320179522037506,-0.07683354616165161
1301,-1.1784074306488037,-1.1500221490859985,-0.3825010359287262
1302,0.010323235765099525,0.5676319003105164,0.7974923253059387
1303,-1.0765819549560547,-1.041817545890808,-0.4690941274166107
1304,-0.7118369936943054,-0.5599246621131897,-0.20334574580192566
1305,-1.1102207899093628,-1.0967689752578735,-0.4639766216278076
1306,0.019592000171542168,0.6360761523246765,0.7622778415679932
1307,-1.0713027715682983,-0.959050714969635,-0.4634952247142792
1308,-0.9989434480667114,-0.9228532910346985,-0.4008605480194092
1309,-1.1255027055740356,-1.1049944162368774,-0.3004258871078491
1310,0.020278887823224068,0.49378490447998047,0.5877393484115601
1311,-1.1118816137313843,-1.078269600868225,-0.49848294258117676
1312,-0.8002393841743469,-0.6661180853843689,-0.19492848217487335
1313,-0.5967644453048706,-0.2552441954612732,0.0014417318161576986
1314,-0.5818417072296143,-0.35168763995170593,-0.05505577102303505
1315,-0.6969694495201111,-0.5036857724189758,-0.18609704077243805
1316,-0.5512808561325073,-0.2664571702480316,-0.01013950351625681
1317,-0.548384428024292,-0.2697082757949829,-0.019068941473960876
1318,-0.5949830412864685,-0.41145703196525574,-0.02543722093105316
1319,-0.5582865476608276,-0.3425754904747009,-0.012502608820796013
1320,-0.5520181655883789,-0.3342271149158478,-0.022232647985219955
1321,-0.5794894695281982,-0.26968494057655334,-0.03936253860592842
1322,-0.5435114502906799,-0.24124398827552795,-0.010149755515158176
1323,-0.5437257289886475,-0.235514834523201,-0.013565091416239738
1324,-0.7478922009468079,-0.5557788014411926,-0.2010290026664734
1325,-0.589042067527771,-0.411579430103302,-0.05532705783843994
1326,-0.7017844319343567,-0.5134191513061523,-0.17865720391273499
1327,-0.5764936208724976,-0.3055240511894226,-0.03635427728295326
1328,-0.75227952003479,-0.47932666540145874,-0.18686552345752716
1329,-0.5947515964508057,-0.40139055252075195,-0.02521316520869732
1330,-0.6840193867683411,-0.463084876537323,-0.11196106672286987
1331,-0.6188658475875854,-0.37784624099731445,-0.0747612714767456
1332,-0.7673478722572327,-0.5688307285308838,-0.22696004807949066
1333,-0.610980749130249,-0.3971118628978729,-0.01972515881061554
1334,-0.7564094662666321,-0.543857991695404,-0.18709753453731537
1335,-0.8242021203041077,-0.5887883305549622,0.037902552634477615
1336,-0.9057754278182983,-0.8374595642089844,-0.31046411395072937
1337,-1.112156867980957,-1.0091114044189453,-0.3933289647102356
1338,-0.5856236219406128,-0.3755209743976593,-0.03076067753136158
1339,-0.5856103897094727,-0.2109769731760025,-0.043955180794000626
1340,-0.4722725450992584,-0.2904978394508362,0.7168886065483093
1341,-0.5631182193756104,-0.3687919080257416,-0.0026555154472589493
1342,-0.5485934615135193,-0.34679871797561646,-0.022535471245646477
1343,-0.7647790312767029,-0.5478888154029846,-0.23241905868053436
1344,-0.5711161494255066,-0.3263244330883026,-0.04254477843642235
1345,-0.5865696668624878,-0.3902350962162018,-0.06452324986457825
1346,-1.1481587886810303,-1.0771207809448242,-0.4682045578956604
1347,-0.44906070828437805,-0.17598721385002136,0.4221821427345276
1348,-1.13719642162323,-1.079135775566101,-0.4897923767566681
1349,-0.7594406008720398,-0.6072299480438232,-0.2465820461511612
1350,-1.1198335886001587,-1.0812565088272095,-0.5064688920974731
1351,-0.45072177052497864,-0.25977668166160583,0.7533708214759827
1352,-1.186970591545105,-1.0270674228668213,-0.4773275852203369
1353,-1.0397814512252808,-0.8831810355186462,-0.3999674320220947
1354,-1.0918046236038208,-1.0298924446105957,-0.31784236431121826
1355,-0.5980979800224304,-0.4034062922000885,0.1988760083913803
1356,-1.1015890836715698,-1.0576415061950684,-0.4741671085357666
1357,-0.8244653344154358,-0.6557534337043762,-0.18148469924926758
1358,-0.8649938702583313,-0.7297015190124512,-0.2498665750026703
1359,-0.8681981563568115,-0.7731969356536865,-0.42587870359420776
1360,-0.8195958733558655,-0.6602439284324646,0.298554390668869
1361,-0.8762400150299072,-0.7023831605911255,-0.24449899792671204
1362,-0.8449406623840332,-0.7571858167648315,-0.2912178933620453
1363,-0.7849785685539246,-0.5851375460624695,0.022233672440052032
1364,-0.8264223337173462,-0.7004427313804626,-0.2799746096134186
1365,-0.8848905563354492,-0.7855709195137024,-0.32798677682876587
1366,-0.853380560874939,-0.7414246201515198,-0.02695453353226185
1367,-0.8244101405143738,-0.6906388401985168,-0.1866094172000885
1368,-0.9074779748916626,-0.7883300185203552,-0.29399868845939636
1369,-0.8586561679840088,-0.7753130793571472,-0.30781400203704834
1370,-0.8883915543556213,-0.7771313190460205,-0.4184556305408478
1371,-0.835939347743988,-0.7207602858543396,-0.18076567351818085
1372,-0.90659099817276,-0.7850965261459351,-0.2606237828731537
1373,-0.8511250615119934,-0.7590817809104919,-0.35061752796173096
1374,-0.850864589214325,-0.701291561126709,-0.172145813703537
1375,-0.877574622631073,-0.7383981347084045,-0.35574278235435486
1376,-0.8941344022750854,-0.7822368741035461,-0.26657673716545105
1377,-0.8281869292259216,-0.6594242453575134,-0.1962411105632782
1378,-0.9102421402931213,-0.7997249364852905,-0.36918312311172485
1379,-0.9202240109443665,-0.724067747592926,-0.2449474334716797
1380,-0.9197483062744141,-0.7716429233551025,-0.4016500413417816
1381,-0.6466368436813354,-0.4199806749820709,-0.13253821432590485
1382,-0.7698702216148376,-0.6629162430763245,-0.22365057468414307
1383,-0.1406865417957306,0.25892868638038635,0.453744500875473
1384,-0.6095587015151978,-0.412504106760025,-0.07582312822341919
1385,-0.6128025650978088,-0.41657012701034546,0.04902235418558121
1386,-0.9534525275230408,-0.7481816411018372,-0.21891355514526367
1387,-0.769111692905426,-0.5709837079048157,-0.2459925264120102
1388,-0.85419100522995,-0.6368150115013123,-0.22907079756259918
1389,-0.9741504788398743,-0.8962357044219971,-0.40588003396987915
1390,-0.19792869687080383,0.29588326811790466,0.5860643982887268
1391,-0.9359356164932251,-0.7744119167327881,-0.4371432960033417
1392,-0.9163849353790283,-0.6576100587844849,-0.2833336889743805
1393,-0.930478036403656,-0.7627328634262085,-0.3874695301055908
1394,-0.2736205756664276,0.17445456981658936,0.31101447343826294
1395,-0.9082157015800476,-0.7387254238128662,-0.23684674501419067
1396,-0.9408937096595764,-0.7626866102218628,-0.28883853554725647
1397,-0.9141619205474854,-0.8303428292274475,-0.4213290810585022
1398,-0.44535768032073975,-0.07509734481573105,0.1821056306362152
1399,-0.949979305267334,-0.8861874938011169,-0.4955607056617737
1400,-0.9040526151657104,-0.6410614848136902,-0.21339431405067444
1401,-1.5677891969680786,-0.6592926383018494,-0.054090339690446854
1402,-0.7514766454696655,-0.5761535167694092,-0.14569735527038574
1403,-0.8506718277931213,-0.6152331233024597,-0.2286761999130249
1404,-0.8471257090568542,-0.6272279620170593,-0.20969799160957336
1405,-1.084495186805725,-0.7217115163803101,-0.2542717754840851
1406,-0.9777396321296692,-0.6597412824630737,-0.2702515721321106
1407,-1.0292211771011353,-0.806987464427948,-0.2832466959953308
1408,-1.1007801294326782,-0.936653196811676,-0.19459998607635498
1409,-0.5971975922584534,-0.3275681734085083,0.12671463191509247
1410,-0.7686964273452759,-0.5011746287345886,-0.1519489884376526
1411,-0.11620630323886871,0.18826590478420258,0.8272107839584351
1412,-0.5285430550575256,-0.19874918460845947,0.022893555462360382
1413,-0.5391665101051331,-0.1927773356437683,-0.012105624191462994
1414,-0.5893629789352417,-0.3873419165611267,0.03957651928067207
1415,-0.7309619188308716,-0.4730547368526459,-0.16668449342250824
1416,-0.18532201647758484,0.2778703570365906,0.9391328692436218
1417,-1.0773731470108032,-1.0317214727401733,-0.4893245995044708
1418,-0.7649396657943726,-0.5974677205085754,-0.2537521719932556
1419,-1.0779881477355957,-1.0516283512115479,-0.5072295665740967
1420,-0.1605967879295349,0.16648606956005096,0.749679446220398
1421,-1.0130077600479126,-0.9086272716522217,-0.4202134609222412
1422,-1.0496611595153809,-0.8819454908370972,-0.3548038601875305
1423,-0.2754194140434265,-0.07972506433725357,0.3212699294090271
1424,-1.0642719268798828,-1.0083926916122437,-0.5008246898651123
1425,-1.1550004482269287,-0.8204171657562256,-0.07096143066883087
1426,-0.9497424364089966,-0.8255890607833862,-0.296271950006485
1427,-0.9389156699180603,-0.766078770160675,-0.31842878460884094
1428,-0.8750888109207153,-0.7416671514511108,-0.2545887529850006
1429,-0.9595983624458313,-0.8656799793243408,-0.3139941096305847
1430,-0.9585192799568176,-0.8444799184799194,-0.32204288244247437
1431,-0.9495252370834351,-0.8607247471809387,-0.3080063462257385
1432,-0.9380632638931274,-0.8015182614326477,-0.28501570224761963
1433,-0.9328216314315796,-0.7563969492912292,-0.31289878487586975
1434,-1.108830213546753,-0.6776881217956543,-0.28135690093040466
1435,-0.8591879606246948,-0.7595018744468689,-0.25980889797210693
1436,-1.0408854484558105,-0.7801485657691956,-0.104329414665699
1437,-0.9623640775680542,-0.8282017111778259,-0.3153454065322876
1438,-1.0415334701538086,-0.788987398147583,-0.015029887668788433
1439,-0.9512214064598083,-0.845936119556427,-0.2769186496734619
1440,-1.094689130783081,-0.8554543852806091,-0.306558758020401
1441,-0.9753770232200623,-0.7675462961196899,-0.30839550495147705
1442,-0.991898238658905,-0.9381369352340698,-0.31996604800224304
1443,-1.0406513214111328,-0.7108301520347595,0.17170101404190063
1444,-1.189697265625,-0.9681149125099182,-0.2142389565706253
1445,-0.5985131859779358,-0.42024391889572144,-0.07985012978315353
1446,-0.7416830658912659,-0.5244471430778503,-0.21336326003074646
1447,-0.42615461349487305,-0.21841783821582794,0.8880888819694519
1448,-0.565218448638916,-0.3284461200237274,-0.028383499011397362
1449,-0.5521631836891174,-0.29851534962654114,-0.03232283517718315
1450,-0.7924627065658569,-0.6408376693725586,-0.25643014907836914
1451,-0.5979360938072205,-0.4431098699569702,-0.09079889953136444
1452,-0.7317774295806885,-0.5503436923027039,-0.18694284558296204
1453,-1.1157360076904297,-1.0716172456741333,-0.4933883845806122
1454,-0.4230464696884155,-0.13809232413768768,0.4579704999923706
1455,-1.276485562324524,-1.07132089138031,-0.4795878827571869
1456,-0.7641551494598389,-0.621444582939148,-0.24371649324893951
1457,-1.1451644897460938,-1.0672156810760498,-0.464736670255661
1458,-0.4724757969379425,-0.2679693102836609,0.864301323890686
1459,-1.2534726858139038,-1.0307414531707764,-0.4704606235027313
1460,-1.1567777395248413,-0.9857071042060852,-0.4193553328514099
1461,-1.0805014371871948,-1.037952184677124,-0.49461984634399414
1462,-0.6200120449066162,-0.43002909421920776,0.0015203116927295923
1463,-1.0974490642547607,-1.0419670343399048,-0.45081931352615356
1464,-1.0608888864517212,-0.9542140960693359,-0.40128517150878906
1465,-1.177306890487671,-0.97099369764328,-0.16159340739250183
1466,-1.064813494682312,-1.0056790113449097,-0.4005310833454132
1467,-1.0622894763946533,-1.0046420097351074,-0.39735496044158936
1468,-1.0557454824447632,-0.9653609395027161,-0.39388883113861084
1469,-1.247739315032959,-1.047576904296875,-0.18002352118492126
1470,-1.1261521577835083,-0.9420150518417358,-0.32933592796325684
1471,-1.1629389524459839,-1.0147563219070435,-0.38035959005355835
1472,-1.0577502250671387,-0.944826602935791,-0.4454682469367981
1473,-1.0578373670578003,-1.0223480463027954,-0.4152446687221527
1474,-1.118526577949524,-1.0308645963668823,-0.4735206067562103
1475,-1.222868800163269,-0.9984105229377747,-0.08775610476732254
1476,-1.052972674369812,-0.9945546984672546,-0.4626086354255676
1477,-1.0616579055786133,-0.9556296467781067,-0.3956826329231262
1478,-1.07915461063385,-1.00642728805542,-0.31045669317245483
1479,-1.2862474918365479,-1.0679107904434204,-0.4739888608455658
1480,-1.0543761253356934,-0.9429098963737488,-0.4678133428096771
1481,-1.0713820457458496,-1.0392955541610718,-0.4400862455368042
1482,-1.0604628324508667,-0.9912649393081665,-0.4572427272796631
1483,-0.6242421865463257,-0.38515958189964294,-0.06385191529989243
1484,-0.7534599900245667,-0.5593700408935547,-0.20611557364463806
1485,-0.46160030364990234,-0.32885512709617615,0.7464888095855713
1486,-0.5574744343757629,-0.259695827960968,-0.016000056639313698
1487,-0.554384171962738,-0.24636529386043549,-0.03442617505788803
1488,-0.7969877123832703,-0.654775857925415,-0.26332175731658936
1489,-0.6872307658195496,-0.5074354410171509,-0.10483784973621368
1490,-0.7483553886413574,-0.5968626141548157,-0.1889195591211319
1491,-1.0479861497879028,-0.995660126209259,-0.49837255477905273
1492,-0.3944711983203888,-0.12729182839393616,0.6443268060684204
1493,-1.1388838291168213,-1.0666457414627075,-0.5034284591674805
1494,-0.7805761098861694,-0.628724992275238,-0.26610344648361206
1495,-1.0558573007583618,-1.0278407335281372,-0.49690625071525574
1496,-0.49816232919692993,-0.2362218201160431,0.6412186026573181
1497,-1.161033034324646,-1.0162279605865479,-0.4737413823604584
1498,-1.259116768836975,-0.966116189956665,-0.4788486063480377
1499,-1.0386356115341187,-0.9834581017494202,-0.4318695068359375
1500,-0.6248730421066284,-0.44444385170936584,0.09842276573181152
1501,-1.0438894033432007,-1.0117796659469604,-0.49690625071525574
1502,-0.59443199634552,-0.3957982361316681,-0.05838770419359207
1503,-0.5793629288673401,-0.37649479508399963,0.2791807949542999
1504,-0.5743029117584229,-0.3407118320465088,-0.06436986476182938
1505,-0.5739485621452332,-0.32412803173065186,-0.032226938754320145
1506,-0.6545769572257996,-0.5141436457633972,-0.09800854325294495
1507,-0.5807890892028809,-0.3461718261241913,-0.0402667336165905
1508,-0.5891701579093933,-0.39389196038246155,-0.050784897059202194
1509,-0.6412203311920166,-0.4722839891910553,-0.19497692584991455
1510,-0.5809616446495056,-0.37431755661964417,0.34733468294143677
1511,-0.6114057302474976,-0.4452227056026459,0.10709315538406372
1512,-0.6073010563850403,-0.4110710322856903,-0.08695335686206818
1513,-0.6401845216751099,-0.48111116886138916,-0.07869797199964523
1514,-0.6043434739112854,-0.4074327051639557,0.4610375463962555
1515,-0.6012980937957764,-0.389594167470932,-0.1081780418753624
1516,-0.6596627831459045,-0.4520023763179779,0.43421462178230286
1517,-0.6087811589241028,-0.4028356671333313,-0.007724131923168898
1518,-0.6527162194252014,-0.455438494682312,-0.01905592903494835
1519,-0.6120308637619019,-0.28642505407333374,-0.030056452378630638
1520,-0.18388625979423523,0.15464596450328827,0.7672966718673706
1521,-0.5151693820953369,-0.2663800120353699,3.920786548405886e-05
1522,-0.5366805195808411,-0.2874639630317688,0.00023049535229802132
1523,-0.7994314432144165,-0.6550117135047913,-0.24624928832054138
1524,-0.5684232115745544,-0.32989001274108887,-0.038032326847314835
1525,-0.23431798815727234,0.2961205840110779,0.7956477999687195
1526,-1.0810624361038208,-1.0183875560760498,-0.44767454266548157
1527,-1.0973570346832275,-1.0645300149917603,-0.49467700719833374
1528,-0.23133383691310883,0.006800623144954443,0.6779391169548035
1529,-1.0615227222442627,-1.031057596206665,-0.3943370282649994
1530,-1.0414284467697144,-0.9230705499649048,-0.3999617099761963
1531,-0.21571940183639526,0.0607125386595726,0.31832191348075867
1532,-1.0981714725494385,-0.9939194321632385,-0.41982942819595337
1533,-0.6585333347320557,-0.42936381697654724,-0.05330752953886986
1534,-0.5818533301353455,-0.31746411323547363,-0.030871279537677765
1535,-0.5730513334274292,-0.2562214732170105,-0.027962535619735718
1536,-0.7404271364212036,-0.39566975831985474,-0.15391355752944946
1537,-0.5691495537757874,-0.28621694445610046,-0.02901609055697918
1538,-0.6544228792190552,-0.30882346630096436,-0.07419922947883606
1539,-0.7718985676765442,-0.6198697090148926,-0.23654529452323914
1540,-0.6542507410049438,-0.423026978969574,-0.0647801011800766
1541,-0.7520211935043335,-0.5838444232940674,-0.21475723385810852
1542,-0.7190501689910889,-0.4749982953071594,-0.17367970943450928
1543,-0.7717278599739075,-0.5637207627296448,-0.2143113613128662
1544,-0.7363333702087402,-0.5469202399253845,-0.20923788845539093
1545,-0.7393669486045837,-0.5008400082588196,-0.18925189971923828
1546,-0.7896999716758728,-0.6518875956535339,-0.2394258677959442
1547,-0.6548970341682434,-0.37085267901420593,-0.01541751716285944
1548,-0.7784243822097778,-0.6238802075386047,-0.2280198484659195
1549,-0.485420286655426,-0.34905606508255005,0.8480369448661804
1550,-0.5709214806556702,-0.40227726101875305,-0.02764316461980343
1551,-0.5537691712379456,-0.36804214119911194,-0.019836585968732834
1552,-0.7539722919464111,-0.5550960898399353,-0.2197185903787613
1553,-0.576733410358429,-0.3719382882118225,-0.058053962886333466
1554,-0.648067831993103,-0.42032912373542786,-0.13614001870155334
1555,-1.1362230777740479,-1.079844355583191,-0.4293442964553833
1556,-0.571639895439148,-0.3450182378292084,0.5849276781082153
1557,-1.2086224555969238,-1.0766961574554443,-0.4822627007961273
1558,-0.7570391893386841,-0.6054232716560364,-0.24333539605140686
1559,-1.1016952991485596,-1.07516610622406,-0.495806485414505
1560,-0.6200461983680725,-0.4595191776752472,0.7940991520881653
1561,-1.2210724353790283,-1.0349992513656616,-0.47862428426742554
1562,-1.0388857126235962,-0.8561058640480042,-0.3989211618900299
1563,-1.0963276624679565,-1.0190237760543823,-0.3874433636665344
1564,-0.7202128767967224,-0.4861057996749878,0.09752834588289261
1565,-1.1003234386444092,-1.0750008821487427,-0.4719325006008148
1566,-0.10770095139741898,0.2627090811729431,0.7262781858444214
1567,-0.27587828040122986,-0.030453015118837357,0.5771975517272949
1568,-0.5190939903259277,-0.4224502146244049,0.6836296916007996
1569,-0.3420880436897278,-0.03509989753365517,0.6775510907173157
1570,-0.4225209951400757,-0.24472197890281677,0.687748908996582
1571,-0.271258682012558,0.2354411482810974,0.42290228605270386
1572,0.010323235765099525,0.5430776476860046,0.7819593548774719
1573,-0.6404181122779846,-0.37598758935928345,0.5686786770820618
1574,-0.3964923918247223,-0.2001427859067917,0.7674645185470581
1575,-0.3131023943424225,-0.04657605290412903,0.21196721494197845
1576,0.007761505898088217,0.6238958239555359,0.8067308664321899
1577,-0.3870583474636078,-0.16709698736667633,0.757102370262146
1578,-0.6919695734977722,-0.5176918506622314,0.3559947609901428
1579,-0.22756807506084442,0.19024479389190674,0.4315605163574219
1580,0.018474234268069267,0.47904789447784424,0.6766998767852783
1581,-0.3803579807281494,-0.07031699270009995,0.19601383805274963
1582,-0.45808538794517517,-0.2182927280664444,-0.0014822892844676971
1583,-0.5408875346183777,-0.31067782640457153,0.01666354015469551
1584,-0.584989070892334,-0.42195892333984375,-0.057934507727622986
1585,-0.6050249338150024,-0.4480038583278656,-0.07008500397205353
1586,-1.166549801826477,-1.1577744483947754,-0.459920734167099
1587,0.02280854992568493,0.5845568180084229,0.7884564399719238
1588,-1.0767260789871216,-1.0483028888702393,-0.4596060514450073
1589,-0.6482610106468201,-0.44738057255744934,-0.12448332458734512
1590,-1.1283832788467407,-1.03913414478302,-0.4239296615123749
1591,0.010323235765099525,0.7137535810470581,0.8296122550964355
1592,-1.0733674764633179,-0.9889411926269531,-0.44034475088119507
1593,-0.9383814930915833,-0.7928158044815063,-0.3672032058238983
1594,-1.1265060901641846,-1.103682518005371,-0.39106127619743347
1595,0.017597997561097145,0.4205978512763977,0.6098662614822388
1596,-1.108330488204956,-0.9835828542709351,-0.5060802102088928
1597,-0.5021860003471375,-0.28872331976890564,-0.02078760787844658
1598,-0.6000459790229797,-0.409647136926651,-0.03963292017579079
1599,-0.5416507720947266,-0.30957141518592834,-0.007332007400691509
1600,-0.5633138418197632,-0.3536751866340637,-0.020982949063181877
1601,-0.592953622341156,-0.3989124298095703,-0.08139797300100327
1602,-0.4584712088108063,-0.16468554735183716,0.024695275351405144
1603,-0.5764322876930237,-0.31655997037887573,-0.017661813646554947
1604,-0.550406277179718,-0.34193989634513855,-0.02941039577126503
1605,-0.5801207423210144,-0.34220024943351746,-0.02251405082643032
1606,-0.5131915211677551,-0.294461190700531,0.015993783250451088
1607,-0.5523074269294739,-0.24754640460014343,-0.027781672775745392
1608,-0.6169911026954651,-0.4323519468307495,-0.038490310311317444
1609,-0.5979390740394592,-0.4320361614227295,-0.0728171244263649
1610,-0.49866604804992676,-0.2145225554704666,0.03230190649628639
1611,-0.5796931982040405,-0.3562966585159302,-0.03273572772741318
1612,-0.5280782580375671,-0.27708056569099426,-0.011274570599198341
1613,-0.7829480171203613,-0.6380172967910767,-0.22332504391670227
1614,-0.5699953436851501,-0.3524932861328125,-0.03850376605987549
1615,-0.58941650390625,-0.4133032262325287,-0.07703588157892227
1616,-1.1803804636001587,-1.1231402158737183,-0.4885523319244385
1617,-0.09853774309158325,0.3184976279735565,0.6242202520370483
1618,-1.0888184309005737,-1.025692105293274,-0.4585025906562805
1619,-0.7758357524871826,-0.6507738828659058,-0.22698839008808136
1620,-1.1257814168930054,-1.0663707256317139,-0.4921300411224365
1621,-0.11840292066335678,0.1836855709552765,0.720695436000824
1622,-1.0625473260879517,-1.0232642889022827,-0.39098960161209106
1623,-1.0246778726577759,-0.9309900403022766,-0.40259867906570435
1624,-1.0918477773666382,-0.9592201709747314,-0.1675487458705902
1625,-0.14518994092941284,0.21379730105400085,0.39425691962242126
1626,-1.0987067222595215,-1.0330893993377686,-0.48046430945396423
1627,-0.5697929859161377,-0.3256893455982208,-0.031275566667318344
1628,-0.548374354839325,-0.27793654799461365,-0.020072299987077713
1629,-0.5472182035446167,-0.3004153370857239,-0.019937066361308098
1630,-0.6120032072067261,-0.3861224353313446,-0.03502444550395012
1631,-0.5324946641921997,-0.28305792808532715,-0.006789911538362503
1632,-0.5625669360160828,-0.25793349742889404,-0.039973363280296326
1633,-0.5523878335952759,-0.27036044001579285,-0.02681269310414791
1634,-0.5810164213180542,-0.3248559534549713,-0.023806890472769737
1635,-0.5483577251434326,-0.35226908326148987,-0.013048084452748299
1636,-0.5521740317344666,-0.21938547492027283,-0.012715654447674751
1637,-0.5896552801132202,-0.36585476994514465,-0.02509276755154133
1638,-0.6142889261245728,-0.4373437762260437,-0.10196791589260101
1639,-0.5510429739952087,-0.2909698486328125,-0.017652014270424843
1640,-0.5869909524917603,-0.34034454822540283,-0.027736948803067207
1641,-0.7741852402687073,-0.582768440246582,-0.2097870260477066
1642,-0.5686445832252502,-0.3347253203392029,-0.04331330582499504
1643,-0.5848894119262695,-0.3787172734737396,-0.05069144815206528
1644,-1.1561976671218872,-1.126603364944458,-0.4744579493999481
1645,-0.3014187216758728,0.16856858134269714,0.49913012981414795
1646,-1.094101905822754,-1.0474107265472412,-0.4587674140930176
1647,-0.7681896686553955,-0.6112655401229858,-0.2273780256509781
1648,-1.1131255626678467,-1.0621665716171265,-0.4785228669643402
1649,-0.2369946986436844,0.017308926209807396,0.8482916355133057
1650,-1.0584214925765991,-1.014703631401062,-0.39775121212005615
1651,-1.0129649639129639,-0.8644630908966064,-0.40090927481651306
1652,-1.0915459394454956,-1.0118263959884644,-0.31617990136146545
1653,-0.3254752457141876,0.09200090169906616,0.3534712493419647
1654,-1.1014379262924194,-1.0486161708831787,-0.4732423722743988
1655,-0.7556276917457581,-0.59755939245224,-0.2366727739572525
1656,-0.7471179962158203,-0.5781571865081787,-0.2231661081314087
1657,-0.9126319289207458,-0.8075710535049438,-0.3000325560569763
1658,-0.6933109164237976,-0.4801580309867859,-0.15862978994846344
1659,-0.8572817444801331,-0.7107531428337097,-0.26115885376930237
1660,-0.7584320902824402,-0.5792399048805237,-0.24157145619392395
1661,-0.8527594804763794,-0.7640004754066467,-0.2668059766292572
1662,-0.8278970122337341,-0.6485140919685364,-0.2738161087036133
1663,-0.7951287031173706,-0.6192930936813354,-0.25214883685112
1664,-0.9231510758399963,-0.7229812145233154,-0.23122289776802063
1665,-0.7488772869110107,-0.6058740019798279,-0.1822906881570816
1666,-0.8675385117530823,-0.7857348322868347,-0.2700759172439575
1667,-0.5980305075645447,-0.41757553815841675,-0.06804110109806061
1668,-0.733225405216217,-0.5124251842498779,-0.19167377054691315
1669,-1.1184461116790771,-1.099411129951477,-0.5076823234558105
1670,-0.594204306602478,-0.35114753246307373,0.5513300895690918
1671,-1.183045744895935,-1.0762242078781128,-0.485928475856781
1672,-0.7693677544593811,-0.5919198393821716,-0.24522967636585236
1673,-1.1049838066101074,-1.068953275680542,-0.48202529549598694
1674,-0.5315867066383362,-0.4107957184314728,0.8849872946739197
1675,-1.2086282968521118,-1.0691725015640259,-0.5073498487472534
1676,-1.0451781749725342,-0.9549685716629028,-0.40139341354370117
1677,-1.088320255279541,-0.9917311668395996,-0.42167040705680847
1678,-0.7997704744338989,-0.5722851157188416,0.158643901348114
1679,-1.0940481424331665,-1.049692988395691,-0.48202529549598694
1680,-0.5713602900505066,-0.33747899532318115,-0.0423516184091568
1681,-0.760957658290863,-0.6314544081687927,-0.20485229790210724
1682,-0.5936474204063416,-0.41829702258110046,-0.06553593277931213
1683,-0.7068252563476562,-0.5229997038841248,-0.11043718457221985
1684,-0.6103875041007996,-0.4027698040008545,-0.03502100333571434
1685,-0.7431773543357849,-0.5665948987007141,-0.2012762874364853
1686,-0.5971751809120178,-0.40675824880599976,-0.07126004248857498
1687,-0.69745934009552,-0.5025914311408997,-0.11811494827270508
1688,-0.6386125683784485,-0.4835914671421051,-0.0973583459854126
1689,-0.7671190500259399,-0.5948932766914368,-0.24246905744075775
1690,-0.5749198794364929,-0.3928508162498474,-0.022113272920250893
1691,-0.7747853994369507,-0.614903450012207,-0.23089392483234406
1692,-0.6049126386642456,-0.3955589830875397,-0.0733548030257225
1693,-1.1632696390151978,-1.1038923263549805,-0.4712669849395752
1694,-0.2915269136428833,0.10228250920772552,0.48330309987068176
1695,-1.1473782062530518,-1.068217396736145,-0.4394616186618805
1696,-0.7608605623245239,-0.6048932075500488,-0.2427990436553955
1697,-1.1287071704864502,-1.066093921661377,-0.48262378573417664
1698,-0.29949885606765747,0.05281383916735649,0.8361780047416687
1699,-1.1355892419815063,-0.954799473285675,-0.4171900451183319
1700,-1.0234538316726685,-0.8469812870025635,-0.39413145184516907
1701,-1.0864447355270386,-1.0570367574691772,-0.40246739983558655
1702,-0.3594515025615692,-0.0927758663892746,0.26392361521720886
1703,-1.1008589267730713,-1.006199836730957,-0.40136247873306274
1704,-0.755770742893219,-0.5945189595222473,-0.24553395807743073
1705,-0.6203307509422302,-0.44054853916168213,-0.06525957584381104
1706,-0.7550793886184692,-0.5933303833007812,-0.22712917625904083
1707,-0.7254126667976379,-0.5185849070549011,-0.1682845652103424
1708,-0.757607638835907,-0.5916441679000854,-0.22794541716575623
1709,-0.6077336072921753,-0.40131983160972595,-0.05975339934229851
1710,-0.7486937642097473,-0.5628777146339417,-0.21561314165592194
1711,-0.7267606258392334,-0.5312341451644897,-0.22111661732196808
1712,-0.7677240967750549,-0.626483678817749,-0.21883678436279297
1713,-0.6125137805938721,-0.4334544241428375,-0.05142471566796303
1714,-0.7726088166236877,-0.6381300091743469,-0.23613889515399933
1715,-1.1363800764083862,-1.0903416872024536,-0.4602832794189453
1716,-0.408570796251297,-0.03877997398376465,0.6432764530181885
1717,-1.1234997510910034,-1.0514826774597168,-0.4911781847476959
1718,-0.7560048699378967,-0.5817159414291382,-0.24026116728782654
1719,-1.1048651933670044,-1.0704400539398193,-0.49573561549186707
1720,-0.39828813076019287,-0.15405087172985077,0.9742109179496765
1721,-1.1378393173217773,-1.0640792846679688,-0.49043482542037964
1722,-0.9870048761367798,-0.8215617537498474,-0.3826558589935303
1723,-1.0789625644683838,-0.8923410177230835,-0.13963258266448975
1724,-0.6058872938156128,-0.40309107303619385,0.1575261801481247
1725,-1.0959182977676392,-1.0284708738327026,-0.47809138894081116
1726,-1.1809265613555908,-1.1573866605758667,-0.36317259073257446
1727,-1.0496023893356323,-1.018954873085022,-0.4973927140235901
1728,-1.0982897281646729,-1.0605902671813965,-0.4755009114742279
1729,-1.0450540781021118,-1.0117014646530151,-0.5070616006851196
1730,-1.1668461561203003,-1.1481106281280518,-0.4746933579444885
1731,-1.0552303791046143,-0.9905134439468384,-0.48095202445983887
1732,-1.0918662548065186,-1.0541131496429443,-0.4973927140235901
1733,-1.0430082082748413,-0.9936259984970093,-0.48054856061935425
1734,-1.1675024032592773,-1.1583023071289062,-0.48722103238105774
1735,-1.0363541841506958,-0.9906467795372009,-0.507480800151825
1736,-0.2961067259311676,0.30258554220199585,0.43008512258529663
1737,-1.0391281843185425,-0.9695590138435364,-0.48659777641296387
1738,-0.9002782702445984,-0.7685363292694092,-0.32301992177963257
1739,-1.0472255945205688,-0.9842772483825684,-0.48095202445983887
1740,-0.37222570180892944,0.14688359200954437,0.2879747748374939
1741,-1.051449179649353,-0.9732755422592163,-0.4984736740589142
1742,-1.0960389375686646,-0.9032967686653137,-0.4547937214374542
1743,-1.0449434518814087,-0.9909974336624146,-0.43087536096572876
1744,-0.41978222131729126,-0.16076642274856567,0.10324326157569885
1745,-1.0402888059616089,-0.9796639680862427,-0.49687686562538147
1746,-0.5627411007881165,-0.36399444937705994,0.28025302290916443
1747,-0.37507036328315735,-0.09282585978507996,0.6390655636787415
1748,-0.3258603811264038,0.15312741696834564,0.33170315623283386
1749,0.010323235765099525,0.49126970767974854,0.7972062826156616
1750,-0.2965128719806671,-0.020688548684120178,0.5931283235549927
1751,-0.663881778717041,-0.39060643315315247,0.4888150691986084
1752,-0.29376888275146484,0.30096152424812317,0.4917833209037781
1753,0.007761505898088217,0.5718178749084473,0.724417507648468
1754,-0.29556602239608765,0.06727644056081772,0.2472115159034729
1755,-1.0870786905288696,-1.048503041267395,-0.40133222937583923
1756,-0.6505182385444641,-0.4828436076641083,-0.18324576318264008
1757,-1.1170519590377808,-1.0236907005310059,-0.4906395673751831
1758,0.019592000171542168,0.5476251840591431,0.7634660601615906
1759,-1.0716257095336914,-1.0081143379211426,-0.45497259497642517
1760,-0.9255712628364563,-0.7733595967292786,-0.3491295278072357
1761,-1.1254081726074219,-1.108682632446289,-0.29612982273101807
1762,0.0065514943562448025,0.551274299621582,0.6114534139633179
1763,-1.1019765138626099,-1.0231033563613892,-0.4948427081108093
1764,-1.1483550071716309,-1.069172739982605,-0.4940923750400543
1765,-1.0604664087295532,-1.020348072052002,-0.48659777641296387
1766,-1.0742888450622559,-1.0284860134124756,-0.45438000559806824
1767,-1.106047511100769,-1.0439454317092896,-0.4961666464805603
1768,-1.1684999465942383,-1.0673238039016724,-0.47911033034324646
1769,-1.0467878580093384,-0.9298083782196045,-0.4970972239971161
1770,-1.0739785432815552,-1.053243637084961,-0.3994466960430145
1771,-1.0533655881881714,-1.0157573223114014,-0.49704626202583313
1772,-0.8149229884147644,-0.6525428891181946,-0.2635993957519531
1773,-1.0574501752853394,-1.0317862033843994,-0.48072782158851624
1774,-0.6313947439193726,-0.3958545923233032,0.3068540692329407
1775,-1.1161507368087769,-1.0325980186462402,-0.507053792476654
1776,-1.2084401845932007,-0.952156662940979,-0.4778997600078583
1777,-1.0368133783340454,-0.9927890300750732,-0.4318695068359375
1778,-0.6991483569145203,-0.4697309136390686,0.11397480219602585
1779,-1.0502030849456787,-1.0282022953033447,-0.4800591766834259
1780,-0.860322892665863,-0.7573879361152649,-0.2885582149028778
1781,-0.7118940949440002,-0.5595611929893494,-0.1539783477783203
1782,-0.7836867570877075,-0.6032995581626892,-0.2585581839084625
1783,-0.7791387438774109,-0.6124277114868164,-0.24591650068759918
1784,-0.8924641609191895,-0.7581496238708496,-0.29602357745170593
1785,-0.7023699879646301,-0.5754854679107666,-0.16232572495937347
1786,-0.8773442506790161,-0.7683481574058533,-0.27050426602363586
1787,-1.0955976247787476,-1.0577471256256104,-0.497272789478302
1788,-0.3958572447299957,-0.18624790012836456,0.911676287651062
1789,-1.1847879886627197,-1.054439663887024,-0.48910999298095703
1790,-0.9523671865463257,-0.8875266313552856,-0.4131971299648285
1791,-1.0897984504699707,-1.007787823677063,-0.42785555124282837
1792,-0.595453679561615,-0.4089074730873108,0.018113652244210243
1793,-1.0920495986938477,-1.013715386390686,-0.48558783531188965
1794,-1.1111042499542236,-1.021992564201355,-0.4419722557067871
1795,-1.0466036796569824,-1.0104038715362549,-0.4966549575328827
1796,-1.0777088403701782,-1.0304166078567505,-0.48659777641296387
1797,-1.039787769317627,-0.9975613951683044,-0.506341814994812
1798,-1.1060694456100464,-1.107948899269104,-0.4906395673751831
1799,-1.0495705604553223,-1.0069961547851562,-0.47802695631980896
1800,-0.36925581097602844,-0.008180325850844383,0.21223945915699005
1801,-1.0546505451202393,-1.0121586322784424,-0.5071847438812256
1802,-1.0986642837524414,-0.9145436882972717,-0.4801793098449707
1803,-1.0393264293670654,-0.997957170009613,-0.43121278285980225
1804,-0.4881395399570465,-0.21447743475437164,0.03802076354622841
1805,-1.0485413074493408,-1.0106205940246582,-0.47787946462631226
1806,-0.4697243869304657,-0.2123883068561554,0.3113185167312622
1807,-0.6356583833694458,-0.3825458288192749,0.891840398311615
1808,-0.364435076713562,0.17609024047851562,0.3269605338573456
1809,0.005859603174030781,0.45976027846336365,0.7031352519989014
1810,-0.4012173116207123,-0.06088265776634216,0.1677028387784958
1811,-1.0689165592193604,-0.9241384863853455,-0.4051775634288788
1812,-0.9961127638816833,-0.8476771712303162,-0.3942912817001343
1813,-1.1218794584274292,-1.1025910377502441,-0.32916826009750366
1814,0.00899561494588852,0.46498411893844604,0.6068375706672668
1815,-1.1033824682235718,-1.0471959114074707,-0.4817664623260498
1816,-1.245278000831604,-1.0215628147125244,-0.48638084530830383
1817,-1.0401718616485596,-0.9185633659362793,-0.49217820167541504
1818,-1.072457194328308,-0.9812617301940918,-0.45747441053390503
1819,-1.0425128936767578,-0.9276386499404907,-0.47580066323280334
1820,-1.2183550596237183,-0.9986628890037537,-0.4362155497074127
1821,-1.044552206993103,-0.9714757800102234,-0.42619237303733826
1822,-0.5087292790412903,-0.3454270660877228,0.08512254804372787
1823,-1.0437873601913452,-0.999538242816925,-0.49470677971839905
1824,-1.0613501071929932,-0.8763440847396851,-0.4619978070259094
1825,-1.0328068733215332,-0.9953938126564026,-0.41580086946487427
1826,-1.08976411819458,-0.9002925753593445,-0.4609069228172302
1827,-1.0772045850753784,-0.9591367244720459,-0.4407096207141876
1828,-0.7588425278663635,-0.6096233129501343,0.013200703077018261
1829,-1.0807945728302002,-1.0215739011764526,-0.4818021059036255
1830,-1.1022130250930786,-0.9345483779907227,-0.27456337213516235
1831,-1.0374952554702759,-0.9811106324195862,-0.5042120814323425
1832,-0.39594772458076477,-0.15570753812789917,0.15982939302921295
1833,-1.0362370014190674,-0.9584685564041138,-0.48171061277389526
1834,-0.49822065234184265,-0.31353652477264404,0.0394732765853405
1835,-1.0964949131011963,-1.0653976202011108,-0.48797720670700073
