name,surf_cn_mean,surf_cn_min,surf_cn_std,surf_gcn_mean,surf_gcn_std,surf_gcn_min,surf_nn_en_mean,surf_nn_en_std,surf_nn_d_mean,surf_nn_d_std,comp,structure,facet
Ag3Al_L12_111,10.59375,9.0,1.4970674458754356,9.65625,2.0432338797846907,7.5,1.8599999999999999,0.05066228051190227,15.625,3.1663925319938877,Ag3Al,L12,111
Ag3Au_L12_111,10.5,9.0,1.5,9.4453125,1.956294303611742,7.5,2.0761458333333334,0.09142053841314869,22.395833333333332,1.4986973510352242,Ag3Au,L12,111
Ag3Bi_L12_111,10.59375,9.0,1.4970674458754356,9.65625,2.0432338797846907,7.5,1.9496875,0.014248766393972472,22.1875,1.5831962659969436,Ag3Bi,L12,111
Ag3Co_L12_111,10.5,9.0,1.5,9.4453125,1.956294303611742,7.5,1.9180208333333333,0.0074934867551762424,16.885416666666664,1.9483065563457926,Ag3Co,L12,111
Ag3Cr_L12_111,10.5,9.0,1.5,9.4453125,1.956294303611742,7.5,1.8653125,0.04046482847795115,16.40625,2.2480460265528373,Ag3Cr,L12,111
Ag3Cu_L12_111,10.5,9.0,1.5,9.4453125,1.956294303611742,7.5,1.9228125,0.00449609205310567,17.60416666666667,1.4986973510352242,Ag3Cu,L12,111
Ag3Fe_L12_111,10.5,9.0,1.5,9.4453125,1.956294303611742,7.5,1.9060416666666664,0.014986973510352287,16.645833333333336,2.098176291449315,Ag3Fe,L12,111
Ag3Ga_L12_111,10.59375,9.0,1.4970674458754356,9.65625,2.0432338797846907,7.5,1.90375,0.018998355191963332,17.812500000000004,1.5831962659969436,Ag3Ga,L12,111
Ag3Hf_L12_111,10.59375,9.0,1.4970674458754356,9.65625,2.0432338797846907,7.5,1.7921875,0.0997413647578075,20.437500000000004,0.3166392531993894,Ag3Hf,L12,111
Ag3Hg_L12_111,10.5,9.0,1.5,9.4453125,1.956294303611742,7.5,1.9467708333333331,0.010490881457246474,22.395833333333332,1.4986973510352242,Ag3Hg,L12,111
Ag3Ir_L12_111,10.5,9.0,1.5,9.4453125,1.956294303611742,7.5,1.9946875,0.04046482847795106,21.677083333333332,1.049088145724657,Ag3Ir,L12,111
Ag3La_L12_111,10.59375,9.0,1.4970674458754356,9.65625,2.0432338797846907,7.5,1.7484375,0.13140529007774637,20.218749999999996,0.15831962659969384,Ag3La,L12,111
Ag3Mo_L12_111,10.5,9.0,1.5,9.4453125,1.956294303611742,7.5,1.9851041666666664,0.03447003907381012,18.802083333333332,0.7493486755176129,Ag3Mo,L12,111
Ag3Nb_L12_111,10.5,9.0,1.5,9.4453125,1.956294303611742,7.5,1.8509375000000001,0.04945701258416246,18.5625,0.899218410621135,Ag3Nb,L12,111
Ag3Ni_L12_111,10.5,9.0,1.5,9.4453125,1.956294303611742,7.5,1.9252083333333332,0.002997394702070563,17.125,1.79843682124227,Ag3Ni,L12,111
Ag3Os_L12_111,10.59375,9.0,1.4970674458754356,9.65625,2.0432338797846907,7.5,1.9890625000000002,0.04274629918191749,21.3125,0.9499177595981665,Ag3Os,L12,111
Ag3Pb_L12_111,10.5,9.0,1.5,9.4453125,1.956294303611742,7.5,2.025833333333334,0.05994789404140894,22.395833333333332,1.4986973510352242,Ag3Pb,L12,111
Ag3Pd_L12_111,10.5,9.0,1.5,9.4453125,1.956294303611742,7.5,1.9946875,0.04046482847795106,20.0,0.0,Ag3Pd,L12,111
Ag3Pt_L12_111,10.5,9.0,1.5,9.4453125,1.956294303611742,7.5,2.0138541666666665,0.05245440728623294,22.15625,1.3488276159317023,Ag3Pt,L12,111
Ag3Re_L12_111,10.5,9.0,1.5,9.4453125,1.956294303611742,7.5,1.9228125,0.00449609205310567,21.19791666666667,0.749348675517613,Ag3Re,L12,111
Ag3Rh_L12_111,10.5,9.0,1.5,9.4453125,1.956294303611742,7.5,2.0138541666666665,0.05245440728623294,19.520833333333332,0.2997394702070455,Ag3Rh,L12,111
Ag3Ru_L12_111,10.59375,9.0,1.4970674458754356,9.65625,2.0432338797846907,7.5,1.9890625000000002,0.04274629918191749,19.34375,0.47495887979908324,Ag3Ru,L12,111
Ag3Sc_L12_111,10.59375,9.0,1.4970674458754356,9.65625,2.0432338797846907,7.5,1.8053125,0.09024218716182583,15.84375,3.008072905394194,Ag3Sc,L12,111
Ag3Sn_L12_111,10.5,9.0,1.5,9.4453125,1.956294303611742,7.5,1.9371875,0.0044960920531057335,20.0,0.0,Ag3Sn,L12,111
Ag3Ta_L12_111,10.5,9.0,1.5,9.4453125,1.956294303611742,7.5,1.8269791666666664,0.06444398609451481,20.71875,0.4496092053105675,Ag3Ta,L12,111
Ag3Tc_L12_111,10.5,9.0,1.5,9.4453125,1.956294303611742,7.5,1.9228125,0.00449609205310567,18.80208333333333,0.749348675517613,Ag3Tc,L12,111
Ag3Ti_L12_111,10.5,9.0,1.5,9.4453125,1.956294303611742,7.5,1.8365624999999999,0.058449196690373864,15.6875,2.6976552318634046,Ag3Ti,L12,111
Ag3Tl_L12_111,10.5,9.0,1.5,9.4453125,1.956294303611742,7.5,1.8557291666666667,0.046459617882091984,22.39583333333333,1.4986973510352242,Ag3Tl,L12,111
Ag3V_L12_111,10.5,9.0,1.5,9.4453125,1.956294303611742,7.5,1.858125,0.04496092053105683,15.927083333333336,2.5477854967598823,Ag3V,L12,111
Ag3W_L12_111,10.5,9.0,1.5,9.4453125,1.956294303611742,7.5,2.0330208333333335,0.06444398609451461,20.958333333333332,0.5994789404140893,Ag3W,L12,111
Ag3Y_L12_111,10.5,9.0,1.5,9.4453125,1.956294303611742,7.5,1.7598958333333332,0.10640751192350102,17.84375,1.3488276159317023,Ag3Y,L12,111
Ag3Zn_L12_111,10.5,9.0,1.5,9.4453125,1.956294303611742,7.5,1.8629166666666668,0.041963525828986256,17.60416666666667,1.4986973510352242,Ag3Zn,L12,111
Ag3Zr_L12_111,10.59375,9.0,1.4970674458754356,9.65625,2.0432338797846907,7.5,1.7987499999999998,0.09499177595981671,18.249999999999996,1.2665570127975558,Ag3Zr,L12,111
AgAl3_L12_111,11.375,9.0,2.381569860407206,11.177083333333334,2.8690117285593506,8.083333333333334,1.7063030303030304,0.0186299323714631,6.0189393939393945,1.1643707732164448,AgAl3,L12,111
AgAl_L10_101,11.25,7.0,2.384848003542364,11.03125,2.852093985857876,6.333333333333333,1.7833116883116882,0.0421803607162961,10.83198051948052,2.636272544768507,AgAl,L10,101
AgAu3_L12_111,10.59375,9.0,1.4970674458754356,9.65625,2.0432338797846907,7.5,2.4065625,0.09657497222581347,27.812500000000004,1.5831962659969436,AgAu3,L12,111
AgAu_L10_101,11.25,7.0,2.384848003542364,11.135416666666668,2.9700289642714113,6.333333333333333,2.209624594155844,0.08040631261543932,24.58400974025974,1.3181362723842538,AgAu,L10,101
AgBi3_L12_111,10.59375,9.0,1.4970674458754356,9.65625,2.0432338797846907,7.5,2.0003124999999997,0.01424876639397251,27.812500000000004,1.5831962659969436,AgBi3,L12,111
AgBi_L10_101,10.5,7.0,2.0615528128088303,9.546875,2.3744459788753294,5.833333333333333,1.975,0.01559293598252866,25.0,1.7325484425031845,AgBi,L10,101
AgCd3_L12_111,10.5,9.0,1.5,9.4453125,1.956294303611742,7.5,1.7475,0.03596873642484533,20.0,0.0,AgCd3,L12,111
AgCd_L10_101,10.5,7.0,2.0615528128088303,9.598958333333332,2.4197571385110117,5.833333333333333,1.8099999999999998,0.04158116262007645,20.0,0.0,AgCd,L10,101
AgCo3_L12_111,10.59375,9.0,1.4970674458754356,9.65625,2.0432338797846907,7.5,1.8909374999999997,0.007915981329984815,9.84375,2.058155145796028,AgCo3,L12,111
AgCo_L10_101,11.25,7.0,2.384848003542364,11.135416666666668,2.9700289642714113,6.333333333333333,1.9070799512987011,0.00659068136192123,14.040787337662337,1.7135771540995293,AgCo,L10,101
AgCr3_L12_111,10.5,9.0,1.5,9.4453125,1.956294303611742,7.5,1.7246875,0.040464828477951104,8.59375,2.2480460265528373,AgCr3,L12,111
AgCu3_L12_111,10.59375,9.0,1.4970674458754356,9.65625,2.0432338797846907,7.5,1.9065625,0.004749588797991065,12.1875,1.5831962659969445,AgCu3,L12,111
AgCu_L10_101,11.25,7.0,2.384848003542364,11.135416666666668,2.9700289642714113,6.333333333333333,1.9162479707792206,0.003954408817152795,15.415990259740258,1.3181362723842536,AgCu,L10,101
AgFe3_L12_111,10.5,9.0,1.5,9.4453125,1.956294303611742,7.5,1.8539583333333332,0.014986973510352407,9.354166666666666,2.0981762914493145,AgFe3,L12,111
AgFe_L10_101,10.5,7.0,2.0615528128088303,9.546875,2.3744459788753294,5.833333333333333,1.88,0.017325484425031776,13.0,2.425567819504458,AgFe,L10,101
AgGa3_L12_111,10.59375,9.0,1.4970674458754356,9.65625,2.0432338797846907,7.5,1.83625,0.018998355191963523,12.1875,1.5831962659969445,AgGa3,L12,111
AgGa_L10_101,11.25,7.0,2.384848003542364,11.03125,2.852093985857876,6.333333333333333,1.8749918831168833,0.015817635268611012,15.415990259740258,1.3181362723842536,AgGa,L10,101
AgHf3_L12_111,10.5,9.0,1.5,9.4453125,1.956294303611742,7.5,1.4509375,0.0944179331152191,21.520833333333332,0.2997394702070455,AgHf3,L12,111
AgHf_L10_101,10.5,7.0,2.0615528128088303,9.598958333333332,2.4197571385110117,5.833333333333333,1.6149999999999998,0.1091505518777006,21.0,0.34650968850063596,AgHf,L10,101
AgHg3_L12_111,10.59375,9.0,1.4970674458754356,9.65625,2.0432338797846907,7.5,1.9846875,0.011082373861978655,27.812500000000004,1.5831962659969436,AgHg3,L12,111
AgHg_L10_101,10.5,7.0,2.0615528128088303,9.546875,2.3744459788753294,5.833333333333333,1.9649999999999999,0.012127839097522313,25.0,1.7325484425031845,AgHg,L10,101
AgIn3_L12_111,10.5,9.0,1.5,9.4453125,1.956294303611742,7.5,1.8159375,0.022480460265528284,20.0,0.0,AgIn3,L12,111
AgIn_L10_101,10.5,7.0,2.0615528128088303,9.598958333333332,2.4197571385110117,5.833333333333333,1.855,0.025988226637547705,20.0,0.0,AgIn,L10,101
AgIr3_L12_111,10.59375,9.0,1.4970674458754356,9.65625,2.0432338797846907,7.5,2.1409374999999997,0.042746299181917496,25.468750000000004,1.1082373861978605,AgIr3,L12,111
AgIr_L10_101,11.25,7.0,2.384848003542364,11.135416666666668,2.9700289642714113,6.333333333333333,2.0537682629870124,0.0355896793543748,23.208806818181817,0.9226953906689774,AgIr,L10,101
AgLa3_L12_111,10.5,9.0,1.5,9.4453125,1.956294303611742,7.5,1.2988541666666666,0.1243918801359237,20.760416666666668,0.14986973510352194,AgLa3,L12,111
AgLa_L10_101,11.25,7.0,2.384848003542364,11.036458333333334,2.8650141721459637,6.333333333333333,1.4804728084415584,0.10940531060789305,20.54159902597403,0.13181362723842602,AgLa,L10,101
AgMn_L10_101,10.5,7.0,2.0615528128088303,9.546875,2.3744459788753294,5.833333333333333,1.7400000000000002,0.06583684081512102,12.5,2.598822663754776,AgMn,L10,101
AgMo3_L12_111,10.59375,9.0,1.4970674458754356,9.65625,2.0432338797846907,7.5,2.1096875000000006,0.036413514117929716,16.09375,0.7915981329984727,AgMo3,L12,111
AgMo_L10_101,10.5,7.0,2.0615528128088303,9.598958333333332,2.4197571385110117,5.833333333333333,2.0450000000000004,0.03984861417757321,17.5,0.8662742212515923,AgMo,L10,101
AgNb3_L12_111,10.59375,9.0,1.4970674458754356,9.65625,2.0432338797846907,7.5,1.6721875000000002,0.05224547677789903,15.3125,0.9499177595981665,AgNb3,L12,111
AgNb_L10_101,10.5,7.0,2.0615528128088303,9.598958333333332,2.4197571385110117,5.833333333333333,1.765,0.0571740986026051,17.0,1.0395290655019103,AgNb,L10,101
AgNi3_L12_111,10.59375,9.0,1.4970674458754356,9.65625,2.0432338797846907,7.5,1.914375,0.0031663925319939997,10.625,1.899835519196333,AgNi3,L12,111
AgNi_L10_101,11.25,7.0,2.384848003542364,11.135416666666668,2.9700289642714113,6.333333333333333,1.9208319805194805,0.002636272544768435,14.499188311688311,1.5817635268611046,AgNi,L10,101
AgOs3_L12_111,10.59375,9.0,1.4970674458754356,9.65625,2.0432338797846907,7.5,2.1409374999999997,0.042746299181917496,24.6875,0.9499177595981665,AgOs3,L12,111
AgOs_L10_101,11.25,7.0,2.384848003542364,11.03125,2.852093985857876,6.333333333333333,2.0537682629870124,0.0355896793543748,22.750405844155843,0.7908817634305514,AgOs,L10,101
AgPb3_L12_111,10.5,9.0,1.5,9.4453125,1.956294303611742,7.5,2.234166666666666,0.05994789404140916,27.60416666666667,1.4986973510352242,AgPb3,L12,111
AgPb_L10_101,10.5,7.0,2.0615528128088303,9.598958333333332,2.4197571385110117,5.833333333333333,2.13,0.06930193770012721,25.0,1.7325484425031845,AgPb,L10,101
AgPd3_L12_111,10.5,9.0,1.5,9.4453125,1.956294303611742,7.5,2.1353124999999995,0.0404648284779511,20.0,0.0,AgPd3,L12,111
AgPd_L10_101,10.5,7.0,2.0615528128088303,9.546875,2.3744459788753294,5.833333333333333,2.0649999999999995,0.04677880794758594,20.0,0.0,AgPd,L10,101
AgPt3_L12_111,10.59375,9.0,1.4970674458754356,9.65625,2.0432338797846907,7.5,2.2034374999999997,0.05541186930989309,27.03125,1.4248766393972496,AgPt3,L12,111
AgPt_L10_101,11.25,7.0,2.384848003542364,11.135416666666668,2.9700289642714113,6.333333333333333,2.0904403409090913,0.04613476953344887,24.125608766233768,1.1863226451458277,AgPt,L10,101
AgRe3_L12_111,10.59375,9.0,1.4970674458754356,9.65625,2.0432338797846907,7.5,1.9065625,0.004749588797991065,23.90625,0.7915981329984726,AgRe3,L12,111
AgRe_L10_101,11.25,7.0,2.384848003542364,11.135416666666668,2.9700289642714113,6.333333333333333,1.9162479707792206,0.003954408817152795,22.292004870129873,0.6590681361921271,AgRe,L10,101
AgRh3_L12_111,10.59375,9.0,1.4970674458754356,9.65625,2.0432338797846907,7.5,2.2034374999999997,0.05541186930989309,18.437500000000004,0.3166392531993894,AgRh3,L12,111
AgRh_L10_101,11.25,7.0,2.384848003542364,11.135416666666668,2.9700289642714113,6.333333333333333,2.0904403409090913,0.04613476953344887,19.083198051948052,0.26362725447685026,AgRh,L10,101
AgRu3_L12_111,10.59375,9.0,1.4970674458754356,9.65625,2.0432338797846907,7.5,2.1409374999999997,0.042746299181917496,17.65625,0.47495887979908324,AgRu3,L12,111
AgRu_L10_101,11.25,7.0,2.384848003542364,11.03125,2.852093985857876,6.333333333333333,2.0537682629870124,0.0355896793543748,18.62479707792208,0.39544088171527625,AgRu,L10,101
AgSc3_L12_111,10.59375,9.0,1.4970674458754356,9.65625,2.0432338797846907,7.5,1.4846875,0.09024218716182573,5.15625,3.0080729053941937,AgSc3,L12,111
AgSc_L10_101,10.5,7.0,2.0615528128088303,9.546875,2.3744459788753294,5.833333333333333,1.645,0.09875526122268148,10.5,3.29184204075605,AgSc,L10,101
AgSn3_L12_111,10.59375,9.0,1.4970674458754356,9.65625,2.0432338797846907,7.5,1.9534375000000002,0.004749588797990798,20.0,0.0,AgSn3,L12,111
AgSn_L10_101,10.5,7.0,2.0615528128088303,9.598958333333332,2.4197571385110117,5.833333333333333,1.9450000000000003,0.005197645327509551,20.0,0.0,AgSn,L10,101
AgTa3_L12_111,10.59375,9.0,1.4970674458754356,9.65625,2.0432338797846907,7.5,1.5940625,0.06807743943786858,22.34375,0.47495887979908324,AgTa3,L12,111
AgTa_L10_101,10.5,7.0,2.0615528128088303,9.598958333333332,2.4197571385110117,5.833333333333333,1.7149999999999999,0.07449958302763685,21.5,0.5197645327509552,AgTa,L10,101
AgTc3_L12_111,10.59375,9.0,1.4970674458754356,9.65625,2.0432338797846907,7.5,1.9065625,0.004749588797991065,16.09375,0.7915981329984726,AgTc3,L12,111
AgTc_L10_101,11.25,7.0,2.384848003542364,11.135416666666668,2.9700289642714113,6.333333333333333,1.9162479707792206,0.003954408817152795,17.707995129870127,0.6590681361921271,AgTc,L10,101
AgTi3_L12_111,10.5,9.0,1.5,9.4453125,1.956294303611742,7.5,1.6334374999999999,0.05844919669037378,6.3125,2.6976552318634046,AgTi3,L12,111
AgTi_L10_101,10.5,7.0,2.0615528128088303,9.546875,2.3744459788753294,5.833333333333333,1.7349999999999999,0.0675693892576241,11.0,3.118587196505732,AgTi,L10,101
AgTl3_L12_111,10.59375,9.0,1.4970674458754356,9.65625,2.0432338797846907,7.5,1.6878125000000002,0.04907908424590517,27.8125,1.5831962659969436,AgTl3,L12,111
AgTl_L10_101,11.25,7.0,2.384848003542364,11.109375,2.910964478091125,6.333333333333333,1.762104301948052,0.04086222444391183,25.41599025974026,1.3181362723842538,AgTl,L10,101
AgV3_L12_111,10.59375,9.0,1.4970674458754356,9.65625,2.0432338797846907,7.5,1.6956249999999997,0.04749588797990833,6.71875,2.691433652194805,AgV3,L12,111
AgV_L10_101,11.25,7.0,2.384848003542364,11.135416666666668,2.9700289642714113,6.333333333333333,1.7924797077922077,0.039544088171527554,12.207183441558442,2.2408316630532306,AgV,L10,101
AgW3_L12_111,10.59375,9.0,1.4970674458754356,9.65625,2.0432338797846907,7.5,2.2659374999999997,0.06807743943786858,23.125000000000004,0.6332785063987771,AgW3,L12,111
AgW_L10_101,11.25,7.0,2.384848003542364,11.135416666666668,2.9700289642714113,6.333333333333333,2.127112418831169,0.05667985971252288,21.833603896103895,0.5272545089537015,AgW,L10,101
AgY3_L12_111,10.5,9.0,1.5,9.4453125,1.956294303611742,7.5,1.3901041666666665,0.10640751192350092,13.15625,1.3488276159317023,AgY3,L12,111
AgY_L10_101,10.5,7.0,2.0615528128088303,9.598958333333332,2.4197571385110117,5.833333333333333,1.5750000000000002,0.12301093941772608,15.5,1.5592935982528655,AgY,L10,101
AgZn3_L12_111,10.59375,9.0,1.4970674458754356,9.65625,2.0432338797846907,7.5,1.7112499999999997,0.04432949544791447,12.1875,1.5831962659969445,AgZn3,L12,111
AgZn_L10_101,11.25,7.0,2.384848003542364,11.135416666666668,2.9700289642714113,6.333333333333333,1.8016477272727272,0.03690781562675914,15.415990259740258,1.3181362723842536,AgZn,L10,101
AgZr3_L12_111,10.5,9.0,1.5,9.4453125,1.956294303611742,7.5,1.47375,0.08992184106211347,13.916666666666666,1.1989578808281796,AgZr3,L12,111
AgZr_L10_101,10.5,7.0,2.0615528128088303,9.598958333333332,2.4197571385110117,5.833333333333333,1.6300000000000001,0.10395290655019096,16.0,1.3860387540025474,AgZr,L10,101
Ag_A1_111,4.375,2.0,0.9921567416492215,1.6770833333333335,0.4831132760543847,0.6666666666666666,1.9300000000000002,1.3597399555105182e-16,20.0,0.0,Ag,A1,111
Al3Au_L12_111,10.59375,9.0,1.4970674458754356,9.65625,2.0432338797846907,7.5,1.8134375,0.1472372527377158,6.5625,4.749588797990833,Al3Au,L12,111
Al3Bi_L12_111,11.375,9.0,2.381569860407206,11.177083333333334,2.8690117285593506,8.083333333333334,1.7333882575757578,0.023869600850937107,9.02840909090909,1.746556159824667,Al3Bi,L12,111
Al3Cd_L12_111,10.5,9.0,1.5,9.4453125,1.956294303611742,7.5,1.6291666666666669,0.011989578808281772,4.791666666666667,2.9973947020704497,Al3Cd,L12,111
Al3Co_L12_111,10.59375,9.0,1.4970674458754356,9.65625,2.0432338797846907,7.5,1.6690625000000003,0.042746299181917476,1.53125,1.108237386197861,Al3Co,L12,111
Al3Cr_L12_111,10.59375,9.0,1.4970674458754356,9.65625,2.0432338797846907,7.5,1.6209375000000001,0.007915981329984693,1.09375,0.7915981329984721,Al3Cr,L12,111
Al3Cu_L12_111,10.59375,9.0,1.4970674458754356,9.65625,2.0432338797846907,7.5,1.6734375000000001,0.04591269171391128,2.1875,1.5831962659969443,Al3Cu,L12,111
Al3Fe_L12_111,10.59375,9.0,1.4970674458754356,9.65625,2.0432338797846907,7.5,1.658125,0.034830317851932635,1.3125,0.9499177595981665,Al3Fe,L12,111
Al3Ga_L12_111,10.5,9.0,1.5,9.4453125,1.956294303611742,7.5,1.657916666666667,0.029973947020704442,2.3958333333333335,1.4986973510352248,Al3Ga,L12,111
Al3Hf_L12_111,10.5,9.0,1.5,9.4453125,1.956294303611742,7.5,1.5357291666666666,0.04645961788209205,5.270833333333333,3.2971341722774943,Al3Hf,L12,111
Al3Hg_L12_111,10.59375,9.0,1.4970674458754356,9.65625,2.0432338797846907,7.5,1.6953125000000002,0.06174465437388082,6.5625,4.749588797990833,Al3Hg,L12,111
Al3In_L12_111,10.5,9.0,1.5,9.4453125,1.956294303611742,7.5,1.650729166666667,0.025477854967598856,4.791666666666667,2.9973947020704497,Al3In,L12,111
Al3Ir_L12_111,10.59375,9.0,1.4970674458754356,9.65625,2.0432338797846907,7.5,1.7390625000000002,0.0934085796938197,5.90625,4.274629918191749,Al3Ir,L12,111
Al3La_L12_111,11.375,9.0,2.381569860407206,11.177083333333334,2.86901172855935,8.083333333333334,1.4565170454545453,0.029691454717019318,6.319886363636364,1.2225893118772668,Al3La,L12,111
Al3Mn_L12_111,10.59375,9.0,1.4970674458754356,9.65625,2.0432338797846907,7.5,1.596875,0.009499177595981779,1.09375,0.7915981329984721,Al3Mn,L12,111
Al3Mo_L12_111,10.59375,9.0,1.4970674458754356,9.65625,2.0432338797846907,7.5,1.7303125000000001,0.08707579462983199,3.28125,2.3747943989954163,Al3Mo,L12,111
Al3Nb_L12_111,10.59375,9.0,1.4970674458754356,9.65625,2.0432338797846907,7.5,1.6078124999999999,0.0015831962659970309,3.0625,2.216474772395722,Al3Nb,L12,111
Al3Ni_L12_111,10.59375,9.0,1.4970674458754356,9.65625,2.0432338797846907,7.5,1.6756250000000001,0.047495887979908266,1.75,1.2665570127975552,Al3Ni,L12,111
Al3Os_L12_111,10.5,9.0,1.5,9.4453125,1.956294303611742,7.5,1.7513541666666668,0.08842314371107826,6.229166666666666,3.896613112691585,Al3Os,L12,111
Al3Pb_L12_111,11.71875,9.0,2.588850794754306,11.6796875,3.239372941654222,8.083333333333334,1.822931818181818,0.04234519082434754,8.87215909090909,1.764382951014484,Al3Pb,L12,111
Al3Pd_L12_111,10.59375,9.0,1.4970674458754356,9.65625,2.0432338797846907,7.5,1.7390625000000002,0.0934085796938197,4.375,3.1663925319938886,Al3Pd,L12,111
Al3Pt_L12_111,10.59375,9.0,1.4970674458754356,9.65625,2.0432338797846907,7.5,1.7565625000000002,0.10607414982179528,6.34375,4.591269171391137,Al3Pt,L12,111
Al3Re_L12_111,10.59375,9.0,1.4970674458754356,9.65625,2.0432338797846907,7.5,1.6734375000000001,0.04591269171391128,5.46875,3.9579906649923604,Al3Re,L12,111
Al3Rh_L12_111,10.59375,9.0,1.4970674458754356,9.65625,2.0432338797846907,7.5,1.7565625000000002,0.10607414982179528,3.9375,2.8497532787944992,Al3Rh,L12,111
Al3Ru_L12_111,10.5,9.0,1.5,9.4453125,1.956294303611742,7.5,1.7513541666666668,0.08842314371107826,4.072916666666667,2.5477854967598823,Al3Ru,L12,111
Al3Sc_L12_111,11.375,9.0,2.381569860407206,11.177083333333334,2.86901172855935,8.083333333333334,1.5347632575757575,0.014554634665205608,0.30094696969696966,0.058218538660822224,Al3Sc,L12,111
Al3Sn_L12_111,10.59375,9.0,1.4970674458754356,9.65625,2.0432338797846907,7.5,1.6865625000000004,0.05541186930989311,4.375,3.1663925319938886,Al3Sn,L12,111
Al3Ta_L12_111,10.59375,9.0,1.4970674458754356,9.65625,2.0432338797846907,7.5,1.5859375,0.017415158925966474,5.03125,3.6413514117929715,Al3Ta,L12,111
Al3Tc_L12_111,10.59375,9.0,1.4970674458754356,9.65625,2.0432338797846907,7.5,1.6734375000000001,0.04591269171391128,3.28125,2.3747943989954163,Al3Tc,L12,111
Al3Ti_L12_111,10.59375,9.0,1.4970674458754356,9.65625,2.0432338797846907,7.5,1.5946875,0.011082373861978597,0.4375,0.3166392531993888,Al3Ti,L12,111
Al3Tl_L12_111,11.71875,9.0,2.588850794754306,11.6796875,3.239372941654222,8.083333333333334,1.6129573863636366,0.0005881276503382385,8.87215909090909,1.764382951014484,Al3Tl,L12,111
Al3V_L12_111,10.59375,9.0,1.4970674458754356,9.65625,2.0432338797846907,7.5,1.614375,0.003166392531993806,0.65625,0.47495887979908324,Al3V,L12,111
Al3W_L12_111,10.59375,9.0,1.4970674458754356,9.65625,2.0432338797846907,7.5,1.7740625,0.11873971994977076,5.25,3.799671038392666,Al3W,L12,111
Al3Y_L12_111,11.71875,9.0,2.588850794754306,11.6796875,3.239372941654222,8.083333333333334,1.494661931818182,0.022936978363188386,3.253125,0.6469404153719773,Al3Y,L12,111
Al3Zn_L12_111,10.59375,9.0,1.4970674458754356,9.65625,2.0432338797846907,7.5,1.6187500000000001,0.006332785063987717,2.1875,1.5831962659969443,Al3Zn,L12,111
Al3Zr_L12_111,10.5,9.0,1.5,9.4453125,1.956294303611742,7.5,1.5429166666666667,0.04196352582898637,2.875,1.79843682124227,Al3Zr,L12,111
AlAu3_L12_111,10.5,9.0,1.5,9.4453125,1.956294303611742,7.5,2.3171875,0.13937885364627584,22.8125,4.4960920531056745,AlAu3,L12,111
AlAu_L10_101,10.5,7.0,2.0615528128088303,9.598958333333332,2.4197571385110117,5.833333333333333,2.075,0.1611270051527961,15.0,5.197645327509552,AlAu,L10,101
AlBi_L10_101,11.25,7.0,2.384848003542364,11.036458333333334,2.8650141721459637,6.333333333333333,1.8320556006493505,0.05404358716775431,16.24797077922078,3.95440881715276,AlBi,L10,101
AlCd3_L12_111,10.59375,9.0,1.4970674458754356,9.65625,2.0432338797846907,7.5,1.6724999999999999,0.012665570127975652,15.625,3.1663925319938877,AlCd3,L12,111
AlCd_L10_101,11.25,7.0,2.384848003542364,11.109375,2.910964478091125,6.333333333333333,1.6533279220779225,0.01054509017907382,10.83198051948052,2.636272544768507,AlCd,L10,101
AlCo3_L12_111,10.5,9.0,1.5,9.4453125,1.956294303611742,7.5,1.8153124999999999,0.040464828477951,5.322916666666668,1.0490881457246575,AlCo3,L12,111
AlCo_L10_101,10.5,7.0,2.0615528128088303,9.598958333333332,2.4197571385110117,5.833333333333333,1.7449999999999999,0.04677880794758589,3.5,1.212783909752229,AlCo,L10,101
AlCr3_L12_111,10.5,9.0,1.5,9.4453125,1.956294303611742,7.5,1.6480208333333333,0.007493486755176098,3.802083333333334,0.7493486755176123,AlCr3,L12,111
AlCr_L10_101,10.5,7.0,2.0615528128088303,9.546875,2.3744459788753294,5.833333333333333,1.635,0.008662742212515877,2.5,0.8662742212515921,AlCr,L10,101
AlCu3_L12_111,10.5,9.0,1.5,9.4453125,1.956294303611742,7.5,1.8305208333333332,0.04346222318002137,7.604166666666668,1.4986973510352246,AlCu3,L12,111
AlCu_L10_101,10.5,7.0,2.0615528128088303,9.598958333333332,2.4197571385110117,5.833333333333333,1.755,0.0502439048325923,5.0,1.7325484425031843,AlCu,L10,101
AlFe3_L12_111,10.5,9.0,1.5,9.4453125,1.956294303611742,7.5,1.7772916666666667,0.03297134172277475,4.5625,0.899218410621135,AlFe3,L12,111
AlFe_L10_101,10.5,7.0,2.0615528128088303,9.546875,2.3744459788753294,5.833333333333333,1.72,0.0381160657350701,3.0,1.0395290655019105,AlFe,L10,101
AlGa3_L12_111,10.59375,9.0,1.4970674458754356,9.65625,2.0432338797846907,7.5,1.7662499999999999,0.03166392531993875,7.8125,1.5831962659969439,AlGa3,L12,111
AlGa_L10_101,10.5,7.0,2.0615528128088303,9.546875,2.3744459788753294,5.833333333333333,1.71,0.034650968850063656,5.0,1.7325484425031843,AlGa,L10,101
AlHf3_L12_111,10.59375,9.0,1.4970674458754356,9.65625,2.0432338797846907,7.5,1.3678125,0.04907908424590517,17.1875,3.483031785193277,AlHf3,L12,111
AlHf_L10_101,11.25,7.0,2.384848003542364,11.109375,2.910964478091125,6.333333333333333,1.4421043019480517,0.04086222444391182,11.915178571428571,2.899899799245357,AlHf,L10,101
AlHg3_L12_111,10.5,9.0,1.5,9.4453125,1.956294303611742,7.5,1.9065625000000002,0.058449196690373774,22.8125,4.4960920531056745,AlHg3,L12,111
AlHg_L10_101,11.25,7.0,2.384848003542364,11.036458333333334,2.8650141721459637,6.333333333333333,1.8212236201298704,0.051407314622985874,16.24797077922078,3.95440881715276,AlHg,L10,101
AlIn3_L12_111,10.59375,9.0,1.4970674458754356,9.65625,2.0432338797846907,7.5,1.7428125000000003,0.026914336521948055,15.625,3.1663925319938877,AlIn3,L12,111
AlIn_L10_101,11.25,7.0,2.384848003542364,11.109375,2.910964478091125,6.333333333333333,1.7020718344155847,0.022408316630532273,10.83198051948052,2.636272544768507,AlIn,L10,101
AlIr3_L12_111,10.5,9.0,1.5,9.4453125,1.956294303611742,7.5,2.0586458333333333,0.08842314371107819,20.53125,4.046482847795107,AlIr3,L12,111
AlIr_L10_101,10.5,7.0,2.0615528128088303,9.598958333333332,2.4197571385110117,5.833333333333333,1.9049999999999998,0.10222035810768787,13.5,4.677880794758598,AlIr,L10,101
AlLa3_L12_111,10.5,9.0,1.5,9.4453125,1.956294303611742,7.5,1.2221875,0.07643356490279644,15.96875,3.1472644371739724,AlLa3,L12,111
AlLa_L10_101,10.375,5.0,3.9666579131556077,10.296875,3.3164898338014446,5.083333333333333,1.2304967948717949,0.13071217705713487,15.626602564102566,5.382266114117319,AlLa,L10,101
AlMn_L10_101,10.5,7.0,2.0615528128088303,9.546875,2.3744459788753294,5.833333333333333,1.5799999999999998,0.010395290655019103,2.5,0.8662742212515921,AlMn,L10,101
AlMo3_L12_111,10.59375,9.0,1.4970674458754356,9.65625,2.0432338797846907,7.5,2.0396875,0.08707579462983199,11.71875,2.3747943989954163,AlMo3,L12,111
AlMo_L10_101,10.5,7.0,2.0615528128088303,9.598958333333332,2.4197571385110117,5.833333333333333,1.8850000000000002,0.0952901643376751,7.5,2.598822663754776,AlMo,L10,101
AlNb3_L12_111,10.59375,9.0,1.4970674458754356,9.65625,2.0432338797846907,7.5,1.6021874999999999,0.001583196265996808,10.9375,2.2164747723957214,AlNb3,L12,111
AlNb_L10_101,10.5,7.0,2.0615528128088303,9.598958333333332,2.4197571385110117,5.833333333333333,1.605,0.0017325484425031491,7.0,2.425567819504458,AlNb,L10,101
AlNi3_L12_111,10.5,9.0,1.5,9.4453125,1.956294303611742,7.5,1.8381249999999998,0.04496092053105674,6.083333333333332,1.1989578808281798,AlNi3,L12,111
AlNi_L10_101,10.5,7.0,2.0615528128088303,9.598958333333332,2.4197571385110117,5.833333333333333,1.7599999999999998,0.05197645327509545,3.9999999999999996,1.3860387540025474,AlNi,L10,101
AlOs3_L12_111,10.59375,9.0,1.4970674458754356,9.65625,2.0432338797846907,7.5,2.0709375000000003,0.09340857969381962,20.312499999999996,4.116310291592056,AlOs3,L12,111
AlOs_L10_101,10.5,7.0,2.0615528128088303,9.546875,2.3744459788753294,5.833333333333333,1.9049999999999998,0.10222035810768787,13.0,4.504625950508279,AlOs,L10,101
AlPb3_L12_111,10.5,9.0,1.5,9.4453125,1.956294303611742,7.5,2.1574999999999998,0.10790620927453606,22.8125,4.4960920531056745,AlPb3,L12,111
AlPb_L10_101,10.375,5.0,3.9666579131556077,10.364583333333332,3.315168605356965,5.083333333333333,2.145769230769231,0.18453483819830807,22.32371794871795,7.68895159159617,AlPb,L10,101
AlPd3_L12_111,10.5,9.0,1.5,9.4453125,1.956294303611742,7.5,2.0586458333333333,0.08842314371107819,15.208333333333336,2.9973947020704492,AlPd3,L12,111
AlPd_L10_101,10.5,7.0,2.0615528128088303,9.546875,2.3744459788753294,5.833333333333333,1.9049999999999998,0.10222035810768787,10.0,3.4650968850063686,AlPd,L10,101
AlPt3_L12_111,10.5,9.0,1.5,9.4453125,1.956294303611742,7.5,2.119479166666667,0.10041272251936001,22.05208333333333,4.346222318002152,AlPt3,L12,111
AlPt_L10_101,10.5,7.0,2.0615528128088303,9.598958333333332,2.4197571385110117,5.833333333333333,1.9450000000000003,0.11608074564771331,14.5,5.024390483259234,AlPt,L10,101
AlRe3_L12_111,10.5,9.0,1.5,9.4453125,1.956294303611742,7.5,1.8305208333333332,0.04346222318002137,19.01041666666667,3.746743377588061,AlRe3,L12,111
AlRe_L10_101,10.5,7.0,2.0615528128088303,9.598958333333332,2.4197571385110117,5.833333333333333,1.755,0.0502439048325923,12.500000000000002,4.3313711062579605,AlRe,L10,101
AlRh3_L12_111,10.5,9.0,1.5,9.4453125,1.956294303611742,7.5,2.119479166666667,0.10041272251936001,13.6875,2.6976552318634046,AlRh3,L12,111
AlRh_L10_101,10.5,7.0,2.0615528128088303,9.598958333333332,2.4197571385110117,5.833333333333333,1.9450000000000003,0.11608074564771331,9.0,3.118587196505732,AlRh,L10,101
AlRu3_L12_111,10.59375,9.0,1.4970674458754356,9.65625,2.0432338797846907,7.5,2.0709375000000003,0.09340857969381962,13.281250000000002,2.691433652194805,AlRu3,L12,111
AlRu_L10_101,10.5,7.0,2.0615528128088303,9.546875,2.3744459788753294,5.833333333333333,1.9049999999999998,0.10222035810768787,8.5,2.9453323522554133,AlRu,L10,101
AlSc3_L12_111,10.59375,9.0,1.4970674458754356,9.65625,2.0432338797846907,7.5,1.4146875,0.03957990664992357,0.78125,0.15831962659969442,AlSc3,L12,111
AlSc_L10_101,11.25,7.0,2.384848003542364,11.036458333333334,2.8650141721459637,6.333333333333333,1.4746002435064935,0.03295340680960638,0.541599025974026,0.13181362723842532,AlSc,L10,101
AlSn3_L12_111,10.59375,9.0,1.4970674458754356,9.65625,2.0432338797846907,7.5,1.8834375,0.05541186930989302,15.625,3.1663925319938877,AlSn3,L12,111
AlSn_L10_101,10.5,7.0,2.0615528128088303,9.598958333333332,2.4197571385110117,5.833333333333333,1.7850000000000001,0.06063919548761142,10.0,3.4650968850063686,AlSn,L10,101
AlTa3_L12_111,10.59375,9.0,1.4970674458754356,9.65625,2.0432338797846907,7.5,1.5240624999999999,0.017415158925966318,17.96875,3.641351411792971,AlTa3,L12,111
AlTa_L10_101,10.5,7.0,2.0615528128088303,9.598958333333332,2.4197571385110117,5.833333333333333,1.555,0.01905803286753513,11.5,3.984861417757324,AlTa,L10,101
AlTc3_L12_111,10.5,9.0,1.5,9.4453125,1.956294303611742,7.5,1.8305208333333332,0.04346222318002137,11.40625,2.2480460265528373,AlTc3,L12,111
AlTc_L10_101,10.5,7.0,2.0615528128088303,9.598958333333332,2.4197571385110117,5.833333333333333,1.755,0.0502439048325923,7.5,2.598822663754776,AlTc,L10,101
AlTi3_L12_111,10.5,9.0,1.5,9.4453125,1.956294303611742,7.5,1.5567708333333334,0.010490881457246625,1.5208333333333333,0.299739470207045,AlTi3,L12,111
AlTi_L10_101,10.5,7.0,2.0615528128088303,9.546875,2.3744459788753294,5.833333333333333,1.5750000000000002,0.012127839097522313,1.0,0.34650968850063685,AlTi,L10,101
AlTl3_L12_111,10.59375,9.0,1.4970674458754356,9.65625,2.0432338797846907,7.5,1.6178125000000003,0.0015831962659969474,23.4375,4.749588797990833,AlTl3,L12,111
AlV3_L12_111,10.5,9.0,1.5,9.4453125,1.956294303611742,7.5,1.6252083333333331,0.0029973947020704114,2.28125,0.4496092053105675,AlV3,L12,111
AlV_L10_101,10.5,7.0,2.0615528128088303,9.598958333333332,2.4197571385110117,5.833333333333333,1.6199999999999997,0.0034650968850063264,1.5,0.5197645327509552,AlV,L10,101
AlW3_L12_111,10.5,9.0,1.5,9.4453125,1.956294303611742,7.5,2.1803125,0.11240230132764187,18.25,3.59687364248454,AlW3,L12,111
AlW_L10_101,10.5,7.0,2.0615528128088303,9.598958333333332,2.4197571385110117,5.833333333333333,1.9849999999999999,0.1299411331877387,12.0,4.158116262007642,AlW,L10,101
AlY3_L12_111,10.5,9.0,1.5,9.4453125,1.956294303611742,7.5,1.3134375,0.05844919669037366,8.364583333333332,1.6485670861387476,AlY3,L12,111
AlY_L10_101,10.375,5.0,3.9666579131556077,10.364583333333332,3.315168605356965,5.083333333333333,1.3197916666666667,0.09995637069075017,8.185363247863247,2.819282250251929,AlY,L10,101
AlZn3_L12_111,10.5,9.0,1.5,9.4453125,1.956294303611742,7.5,1.6404166666666664,0.0059947894041408305,7.604166666666668,1.4986973510352246,AlZn3,L12,111
AlZn_L10_101,10.5,7.0,2.0615528128088303,9.598958333333332,2.4197571385110117,5.833333333333333,1.63,0.006930193770012684,5.0,1.7325484425031843,AlZn,L10,101
AlZr3_L12_111,10.59375,9.0,1.4970674458754356,9.65625,2.0432338797846907,7.5,1.3912499999999999,0.044329495447914355,9.375,1.899835519196333,AlZr3,L12,111
AlZr_L10_101,11.25,7.0,2.384848003542364,11.109375,2.910964478091125,6.333333333333333,1.4583522727272726,0.036907815626759155,6.499188311688312,1.5817635268611039,AlZr,L10,101
Al_A1_111,4.375,2.0,0.9921567416492215,1.6770833333333335,0.4831132760543847,0.6666666666666666,1.61,0.0,0.0,0.0,Al,A1,111
Au3Bi_L12_111,10.59375,9.0,1.4970674458754356,9.65625,2.0432338797846907,7.5,2.42625,0.08232620583184097,30.0,0.0,Au3Bi,L12,111
Au3Cd_L12_111,10.59375,9.0,1.4970674458754356,9.65625,2.0432338797846907,7.5,2.3540624999999995,0.13457168260974026,27.812500000000004,1.5831962659969436,Au3Cd,L12,111
Au3Co_L12_111,10.5,9.0,1.5,9.4453125,1.956294303611742,7.5,2.381875,0.09891402516832482,24.48958333333333,3.4470039073810175,Au3Co,L12,111
Au3Cr_L12_111,10.5,9.0,1.5,9.4453125,1.956294303611742,7.5,2.3291666666666666,0.13188536689109973,24.01041666666667,3.746743377588061,Au3Cr,L12,111
Au3Cu_L12_111,10.5,9.0,1.5,9.4453125,1.956294303611742,7.5,2.3866666666666663,0.0959166304662545,25.20833333333333,2.99739470207045,Au3Cu,L12,111
Au3Fe_L12_111,10.5,9.0,1.5,9.4453125,1.956294303611742,7.5,2.369895833333333,0.10640751192350091,24.25,3.59687364248454,Au3Fe,L12,111
Au3Ga_L12_111,10.5,9.0,1.5,9.4453125,1.956294303611742,7.5,2.365104166666667,0.10940490662557144,25.20833333333333,2.99739470207045,Au3Ga,L12,111
Au3Hf_L12_111,10.59375,9.0,1.4970674458754356,9.65625,2.0432338797846907,7.5,2.26875,0.19631633698362094,28.249999999999996,1.2665570127975558,Au3Hf,L12,111
Au3Hg_L12_111,10.59375,9.0,1.4970674458754356,9.65625,2.0432338797846907,7.5,2.421875,0.08549259836383492,30.0,0.0,Au3Hg,L12,111
Au3In_L12_111,10.59375,9.0,1.4970674458754356,9.65625,2.0432338797846907,7.5,2.3737500000000002,0.12032291621576766,27.812500000000004,1.5831962659969436,Au3In,L12,111
Au3Ir_L12_111,10.5,9.0,1.5,9.4453125,1.956294303611742,7.5,2.4585416666666666,0.05095570993519761,29.28125,0.4496092053105675,Au3Ir,L12,111
Au3La_L12_111,11.71875,9.0,2.588850794754306,11.6796875,3.239372941654222,8.083333333333334,2.114136363636364,0.08469038164869518,27.338352272727274,0.5293148853043452,Au3La,L12,111
Au3Mn_L12_111,10.5,9.0,1.5,9.4453125,1.956294303611742,7.5,2.3028124999999995,0.14837103775248728,24.01041666666667,3.746743377588061,Au3Mn,L12,111
Au3Mo_L12_111,10.59375,9.0,1.4970674458754356,9.65625,2.0432338797846907,7.5,2.456875,0.06016145810788386,26.71875,2.3747943989954163,Au3Mo,L12,111
Au3Nb_L12_111,10.59375,9.0,1.4970674458754356,9.65625,2.0432338797846907,7.5,2.3343749999999996,0.1488204490037127,26.500000000000004,2.5331140255951103,Au3Nb,L12,111
Au3Ni_L12_111,10.5,9.0,1.5,9.4453125,1.956294303611742,7.5,2.3890624999999996,0.09441793311521914,24.72916666666667,3.2971341722774943,Au3Ni,L12,111
Au3Os_L12_111,10.5,9.0,1.5,9.4453125,1.956294303611742,7.5,2.4585416666666666,0.05095570993519761,29.04166666666667,0.5994789404140894,Au3Os,L12,111
Au3Pb_L12_111,11.375,9.0,2.381569860407206,11.177083333333334,2.86901172855935,8.083333333333334,2.4768011363636364,0.012225893118772571,30.0,0.0,Au3Pb,L12,111
Au3Pd_L12_111,10.5,9.0,1.5,9.4453125,1.956294303611742,7.5,2.4585416666666666,0.05095570993519761,27.60416666666667,1.4986973510352242,Au3Pd,L12,111
Au3Pt_L12_111,10.5,9.0,1.5,9.4453125,1.956294303611742,7.5,2.477708333333333,0.03896613112691583,29.76041666666667,0.14986973510352194,Au3Pt,L12,111
Au3Re_L12_111,10.5,9.0,1.5,9.4453125,1.956294303611742,7.5,2.3866666666666663,0.0959166304662545,28.80208333333333,0.749348675517613,Au3Re,L12,111
Au3Rh_L12_111,10.5,9.0,1.5,9.4453125,1.956294303611742,7.5,2.477708333333333,0.03896613112691583,27.125,1.79843682124227,Au3Rh,L12,111
Au3Ru_L12_111,10.5,9.0,1.5,9.4453125,1.956294303611742,7.5,2.4585416666666666,0.05095570993519761,26.88541666666667,1.9483065563457918,Au3Ru,L12,111
Au3Sc_L12_111,10.59375,9.0,1.4970674458754356,9.65625,2.0432338797846907,7.5,2.281875,0.18681715938763935,23.656249999999996,4.591269171391138,Au3Sc,L12,111
Au3Sn_L12_111,10.59375,9.0,1.4970674458754356,9.65625,2.0432338797846907,7.5,2.4131249999999995,0.09182538342782284,27.812500000000004,1.5831962659969436,Au3Sn,L12,111
Au3Ta_L12_111,10.59375,9.0,1.4970674458754356,9.65625,2.0432338797846907,7.5,2.3125,0.16465241166368216,28.468750000000004,1.1082373861978605,Au3Ta,L12,111
Au3Tc_L12_111,10.5,9.0,1.5,9.4453125,1.956294303611742,7.5,2.3866666666666663,0.0959166304662545,26.40625,2.2480460265528373,Au3Tc,L12,111
Au3Ti_L12_111,10.5,9.0,1.5,9.4453125,1.956294303611742,7.5,2.300416666666667,0.14986973510352244,23.29166666666667,4.19635258289863,Au3Ti,L12,111
Au3Tl_L12_111,11.71875,9.0,2.588850794754306,11.6796875,3.239372941654222,8.083333333333334,2.2679204545454543,0.05410774383111084,30.0,0.0,Au3Tl,L12,111
Au3V_L12_111,10.5,9.0,1.5,9.4453125,1.956294303611742,7.5,2.3219791666666665,0.1363814589442055,23.53125,4.046482847795107,Au3V,L12,111
Au3W_L12_111,10.5,9.0,1.5,9.4453125,1.956294303611742,7.5,2.496875,0.026976552318633964,28.5625,0.899218410621135,Au3W,L12,111
Au3Y_L12_111,11.375,9.0,2.381569860407206,11.177083333333334,2.86901172855935,8.083333333333334,2.1427499999999995,0.07684847103228544,24.28200757575758,1.1061522345556223,Au3Y,L12,111
Au3Zn_L12_111,10.5,9.0,1.5,9.4453125,1.956294303611742,7.5,2.3267708333333332,0.1333840642421351,25.20833333333333,2.99739470207045,Au3Zn,L12,111
Au3Zr_L12_111,10.59375,9.0,1.4970674458754356,9.65625,2.0432338797846907,7.5,2.2753125,0.1915667481856302,26.0625,2.8497532787944992,Au3Zr,L12,111
AuBi3_L12_111,10.5,9.0,1.5,9.4453125,1.956294303611742,7.5,2.1445833333333333,0.0779322622538316,30.0,0.0,AuBi3,L12,111
AuBi_L10_101,11.25,7.0,2.384848003542364,11.109375,2.910964478091125,6.333333333333333,2.2583685064935066,0.06854308616398126,30.0,0.0,AuBi,L10,101
AuCd3_L12_111,10.59375,9.0,1.4970674458754356,9.65625,2.0432338797846907,7.5,1.8759375,0.13457168260974017,22.1875,1.5831962659969436,AuCd3,L12,111
AuCd_L10_101,10.5,7.0,2.0615528128088303,9.546875,2.3744459788753294,5.833333333333333,2.1149999999999998,0.14726661761277066,25.0,1.7325484425031845,AuCd,L10,101
AuCo3_L12_111,10.5,9.0,1.5,9.4453125,1.956294303611742,7.5,2.038125,0.09891402516832479,12.510416666666666,3.447003907381017,AuCo3,L12,111
AuCo_L10_101,10.5,7.0,2.0615528128088303,9.598958333333332,2.4197571385110117,5.833333333333333,2.2099999999999995,0.11434819720521024,18.5,3.9848614177573234,AuCo,L10,101
AuCr3_L12_111,10.59375,9.0,1.4970674458754356,9.65625,2.0432338797846907,7.5,1.8525,0.13932127140773104,10.46875,3.9579906649923604,AuCr3,L12,111
AuCu3_L12_111,10.5,9.0,1.5,9.4453125,1.956294303611742,7.5,2.053333333333333,0.09591663046625436,14.791666666666668,2.99739470207045,AuCu3,L12,111
AuCu_L10_101,10.5,7.0,2.0615528128088303,9.598958333333332,2.4197571385110117,5.833333333333333,2.2199999999999998,0.11088310032020374,20.0,3.4650968850063677,AuCu,L10,101
AuFe3_L12_111,10.59375,9.0,1.4970674458754356,9.65625,2.0432338797846907,7.5,1.9853124999999998,0.11240693488578324,11.25,3.799671038392666,AuFe3,L12,111
AuFe_L10_101,10.5,7.0,2.0615528128088303,9.546875,2.3744459788753294,5.833333333333333,2.185,0.12301093941772613,18.0,4.158116262007642,AuFe,L10,101
AuGa3_L12_111,10.59375,9.0,1.4970674458754356,9.65625,2.0432338797846907,7.5,1.9696875,0.11557332741777702,14.375,3.166392531993889,AuGa3,L12,111
AuHf3_L12_111,10.59375,9.0,1.4970674458754356,9.65625,2.0432338797846907,7.5,1.5712499999999998,0.1963163369836209,23.75,1.2665570127975558,AuHf3,L12,111
AuHf_L10_101,10.5,7.0,2.0615528128088303,9.546875,2.3744459788753294,5.833333333333333,1.9199999999999997,0.21483600687039492,26.0,1.386038754002547,AuHf,L10,101
AuHg_L10_101,10.5,7.0,2.0615528128088303,9.546875,2.3744459788753294,5.833333333333333,2.2699999999999996,0.09355761589517206,30.0,0.0,AuHg,L10,101
AuIn3_L12_111,10.59375,9.0,1.4970674458754356,9.65625,2.0432338797846907,7.5,1.94625,0.12032291621576761,22.1875,1.5831962659969436,AuIn3,L12,111
AuIn_L10_101,10.5,7.0,2.0615528128088303,9.546875,2.3744459788753294,5.833333333333333,2.16,0.13167368163024198,25.0,1.7325484425031845,AuIn,L10,101
AuIr3_L12_111,10.5,9.0,1.5,9.4453125,1.956294303611742,7.5,2.2814583333333336,0.050955709935197636,27.71875,0.4496092053105675,AuIr3,L12,111
AuIr_L10_101,10.5,7.0,2.0615528128088303,9.598958333333332,2.4197571385110117,5.833333333333333,2.3699999999999997,0.05890664704510824,28.5,0.5197645327509552,AuIr,L10,101
AuLa3_L12_111,10.59375,9.0,1.4970674458754356,9.65625,2.0432338797846907,7.5,1.4149999999999998,0.22798026230355992,22.96875,1.4248766393972496,AuLa3,L12,111
AuLa_L10_101,10.375,5.0,3.9666579131556077,10.296875,3.3164898338014446,5.083333333333333,1.4684615384615385,0.3690696763966161,23.302884615384613,2.306685477478851,AuLa,L10,101
AuMn_L10_101,10.5,7.0,2.0615528128088303,9.546875,2.3744459788753294,5.833333333333333,2.045,0.1715222958078151,17.5,4.331371106257961,AuMn,L10,101
AuMo3_L12_111,10.5,9.0,1.5,9.4453125,1.956294303611742,7.5,2.2510416666666666,0.05695049933933846,18.59375,2.2480460265528373,AuMo3,L12,111
AuMo_L10_101,10.5,7.0,2.0615528128088303,9.598958333333332,2.4197571385110117,5.833333333333333,2.3499999999999996,0.06583684081512105,22.5,2.598822663754777,AuMo,L10,101
AuNb3_L12_111,10.5,9.0,1.5,9.4453125,1.956294303611742,7.5,1.8252083333333333,0.14087755099731103,17.833333333333332,2.397915761656359,AuNb3,L12,111
AuNb_L10_101,10.5,7.0,2.0615528128088303,9.598958333333332,2.4197571385110117,5.833333333333333,2.07,0.1628595535952994,22.0,2.7720775080050952,AuNb,L10,101
AuNi3_L12_111,10.5,9.0,1.5,9.4453125,1.956294303611742,7.5,2.0609374999999996,0.0944179331152191,13.270833333333334,3.297134172277495,AuNi3,L12,111
AuNi_L10_101,10.5,7.0,2.0615528128088303,9.598958333333332,2.4197571385110117,5.833333333333333,2.2249999999999996,0.10915055187770054,19.0,3.8116065735070053,AuNi,L10,101
AuPb3_L12_111,10.59375,9.0,1.4970674458754356,9.65625,2.0432338797846907,7.5,2.3759375,0.03324712158593599,30.0,0.0,AuPb3,L12,111
AuPb_L10_101,11.25,7.0,2.384848003542364,11.109375,2.910964478091125,6.333333333333333,2.4262642045454546,0.027680861720069262,30.0,0.0,AuPb,L10,101
AuPd3_L12_111,10.59375,9.0,1.4970674458754356,9.65625,2.0432338797846907,7.5,2.274375,0.05382867304389611,22.1875,1.5831962659969436,AuPd3,L12,111
AuPd_L10_101,10.5,7.0,2.0615528128088303,9.546875,2.3744459788753294,5.833333333333333,2.3699999999999997,0.05890664704510824,25.0,1.7325484425031845,AuPd,L10,101
AuPt3_L12_111,10.5,9.0,1.5,9.4453125,1.956294303611742,7.5,2.342291666666666,0.03896613112691564,29.239583333333332,0.14986973510352194,AuPt3,L12,111
AuPt_L10_101,10.5,7.0,2.0615528128088303,9.598958333333332,2.4197571385110117,5.833333333333333,2.4099999999999997,0.04504625950508287,29.5,0.17325484425031937,AuPt,L10,101
AuRe3_L12_111,10.5,9.0,1.5,9.4453125,1.956294303611742,7.5,2.053333333333333,0.09591663046625436,26.197916666666668,0.7493486755176129,AuRe3,L12,111
AuRe_L10_101,10.5,7.0,2.0615528128088303,9.598958333333332,2.4197571385110117,5.833333333333333,2.2199999999999998,0.11088310032020374,27.5,0.8662742212515923,AuRe,L10,101
AuRh3_L12_111,10.5,9.0,1.5,9.4453125,1.956294303611742,7.5,2.342291666666666,0.03896613112691564,20.875,1.79843682124227,AuRh3,L12,111
AuRh_L10_101,10.5,7.0,2.0615528128088303,9.598958333333332,2.4197571385110117,5.833333333333333,2.4099999999999997,0.04504625950508287,24.0,2.0790581310038214,AuRh,L10,101
AuRu3_L12_111,10.59375,9.0,1.4970674458754356,9.65625,2.0432338797846907,7.5,2.274375,0.05382867304389611,19.84375,2.058155145796027,AuRu3,L12,111
AuSc3_L12_111,10.5,9.0,1.5,9.4453125,1.956294303611742,7.5,1.6427083333333332,0.17684628742215647,7.947916666666666,4.346222318002152,AuSc3,L12,111
AuSc_L10_101,11.25,7.0,2.384848003542364,11.109375,2.910964478091125,6.333333333333333,1.9009131493506493,0.155540080141342,14.293628246753247,3.8225951899143356,AuSc,L10,101
AuSn3_L12_111,10.5,9.0,1.5,9.4453125,1.956294303611742,7.5,2.098958333333333,0.0869244463600429,22.395833333333332,1.4986973510352242,AuSn3,L12,111
AuSn_L10_101,10.5,7.0,2.0615528128088303,9.598958333333332,2.4197571385110117,5.833333333333333,2.2499999999999996,0.10048780966518471,25.0,1.7325484425031845,AuSn,L10,101
AuTa3_L12_111,10.5,9.0,1.5,9.4453125,1.956294303611742,7.5,1.7491666666666665,0.15586452450766336,24.677083333333332,1.049088145724657,AuTa3,L12,111
AuTa_L10_101,10.5,7.0,2.0615528128088303,9.598958333333332,2.4197571385110117,5.833333333333333,2.0199999999999996,0.18018503802033115,26.5,1.2127839097522293,AuTa,L10,101
AuTc3_L12_111,10.5,9.0,1.5,9.4453125,1.956294303611742,7.5,2.053333333333333,0.09591663046625436,18.59375,2.2480460265528373,AuTc3,L12,111
AuTi3_L12_111,10.59375,9.0,1.4970674458754356,9.65625,2.0432338797846907,7.5,1.7587499999999998,0.1583196265996944,8.125,4.432949544791444,AuTi3,L12,111
AuTi_L10_101,10.5,7.0,2.0615528128088303,9.546875,2.3744459788753294,5.833333333333333,2.04,0.17325484425031842,16.0,4.851135639008916,AuTi,L10,101
AuTl3_L12_111,10.5,9.0,1.5,9.4453125,1.956294303611742,7.5,1.8404166666666668,0.13788015629524056,30.0,0.0,AuTl3,L12,111
AuTl_L10_101,9.5,5.0,3.1622776601683795,8.432291666666668,2.4321020625599443,4.5,1.8903869047619049,0.2707661595790468,30.0,0.0,AuTl,L10,101
AuV3_L12_111,10.5,9.0,1.5,9.4453125,1.956294303611742,7.5,1.848020833333333,0.13638145894420542,9.46875,4.046482847795107,AuV3,L12,111
AuV_L10_101,10.5,7.0,2.0615528128088303,9.598958333333332,2.4197571385110117,5.833333333333333,2.0849999999999995,0.15766190826778986,16.5,4.677880794758598,AuV,L10,101
AuW3_L12_111,10.5,9.0,1.5,9.4453125,1.956294303611742,7.5,2.403125,0.026976552318633978,25.4375,0.899218410621135,AuW3,L12,111
AuW_L10_101,10.5,7.0,2.0615528128088303,9.598958333333332,2.4197571385110117,5.833333333333333,2.45,0.031185871965057427,27.0,1.0395290655019098,AuW,L10,101
AuY3_L12_111,10.59375,9.0,1.4970674458754356,9.65625,2.0432338797846907,7.5,1.5087499999999998,0.20898190711159648,15.15625,3.0080729053941933,AuY3,L12,111
AuY_L10_101,11.25,7.0,2.384848003542364,11.109375,2.910964478091125,6.333333333333333,1.8250892857142853,0.17399398795472132,19.709618506493506,2.5044589175300818,AuY,L10,101
AuZn3_L12_111,10.5,9.0,1.5,9.4453125,1.956294303611742,7.5,1.8632291666666663,0.133384064242135,14.791666666666668,2.99739470207045,AuZn3,L12,111
AuZn_L10_101,10.5,7.0,2.0615528128088303,9.598958333333332,2.4197571385110117,5.833333333333333,2.0949999999999998,0.15419681138278324,20.0,3.4650968850063677,AuZn,L10,101
AuZr3_L12_111,10.59375,9.0,1.4970674458754356,9.65625,2.0432338797846907,7.5,1.5946875,0.1915667481856302,15.9375,2.8497532787944992,AuZr3,L12,111
AuZr_L10_101,10.5,7.0,2.0615528128088303,9.546875,2.3744459788753294,5.833333333333333,1.935,0.20963836154288523,21.0,3.118587196505732,AuZr,L10,101
Au_A1_111,4.375,2.0,0.9921567416492215,1.6770833333333335,0.4831132760543847,0.6666666666666666,2.54,0.0,30.0,0.0,Au,A1,111
Bi3Cd_L12_111,10.59375,9.0,1.4970674458754356,9.65625,2.0432338797846907,7.5,1.9478125,0.05224547677789915,27.812500000000004,1.5831962659969436,Bi3Cd,L12,111
Bi3Cu_L12_111,10.5,9.0,1.5,9.4453125,1.956294303611742,7.5,1.99125,0.017984368212422764,25.20833333333333,2.99739470207045,Bi3Cu,L12,111
Bi3Hf_L12_111,10.59375,9.0,1.4970674458754356,9.65625,2.0432338797846907,7.5,1.8625000000000003,0.11399013115177997,28.249999999999996,1.2665570127975558,Bi3Hf,L12,111
Bi3Nb_L12_111,10.5,9.0,1.5,9.4453125,1.956294303611742,7.5,1.919375,0.06294528874347945,26.16666666666667,2.397915761656359,Bi3Nb,L12,111
Bi3Pd_L12_111,10.5,9.0,1.5,9.4453125,1.956294303611742,7.5,2.0631250000000003,0.026976552318633978,27.604166666666668,1.4986973510352242,Bi3Pd,L12,111
Bi3Pt_L12_111,10.5,9.0,1.5,9.4453125,1.956294303611742,7.5,2.0822916666666664,0.03896613112691595,29.760416666666668,0.14986973510352194,Bi3Pt,L12,111
Bi3Re_L12_111,10.5,9.0,1.5,9.4453125,1.956294303611742,7.5,1.99125,0.017984368212422764,28.80208333333333,0.749348675517613,Bi3Re,L12,111
Bi3Rh_L12_111,10.5,9.0,1.5,9.4453125,1.956294303611742,7.5,2.0822916666666664,0.03896613112691595,27.125,1.79843682124227,Bi3Rh,L12,111
Bi3Ru_L12_111,10.59375,9.0,1.4970674458754356,9.65625,2.0432338797846907,7.5,2.059375,0.02849753278794492,27.15625,2.058155145796027,Bi3Ru,L12,111
Bi3W_L12_111,10.5,9.0,1.5,9.4453125,1.956294303611742,7.5,2.1014583333333334,0.05095570993519763,28.5625,0.899218410621135,Bi3W,L12,111
BiCd3_L12_111,10.5,9.0,1.5,9.4453125,1.956294303611742,7.5,1.7690625,0.04945701258416231,22.395833333333332,1.4986973510352242,BiCd3,L12,111
BiCu3_L12_111,10.59375,9.0,1.4970674458754356,9.65625,2.0432338797846907,7.5,1.9262499999999998,0.018998355191963523,14.375,3.166392531993889,BiCu3,L12,111
BiCu_L10_101,11.25,7.0,2.384848003542364,11.135416666666668,2.9700289642714113,6.333333333333333,1.964991883116883,0.015817635268611012,20.831980519480517,2.6362725447685063,BiCu,L10,101
BiGa_L10_101,11.25,7.0,2.384848003542364,11.03125,2.852093985857876,6.333333333333333,1.9237357954545453,0.027680861720069304,20.831980519480517,2.6362725447685063,BiGa,L10,101
BiHf_L10_101,10.5,7.0,2.0615528128088303,9.598958333333332,2.4197571385110117,5.833333333333333,1.66,0.12474348786022928,26.0,1.386038754002547,BiHf,L10,101
BiHg_L10_101,10.5,7.0,2.0615528128088303,9.546875,2.3744459788753294,5.833333333333333,2.01,0.0034650968850062675,30.0,0.0,BiHg,L10,101
BiIn_L10_101,10.5,7.0,2.0615528128088303,9.598958333333332,2.4197571385110117,5.833333333333333,1.9,0.041581162620076315,25.0,1.7325484425031845,BiIn,L10,101
BiIr_L10_101,11.25,7.0,2.384848003542364,11.135416666666668,2.9700289642714113,6.333333333333333,2.1025121753246756,0.02372645290291665,28.624797077922075,0.39544088171527625,BiIr,L10,101
BiLa_L10_101,11.25,7.0,2.384848003542364,11.036458333333334,2.8650141721459637,6.333333333333333,1.521728896103896,0.12126853705935137,25.125608766233768,1.1863226451458277,BiLa,L10,101
BiMn_L10_101,10.5,7.0,2.0615528128088303,9.546875,2.3744459788753294,5.833333333333333,1.785,0.08142977679764964,17.5,4.331371106257961,BiMn,L10,101
BiMo_L10_101,10.5,7.0,2.0615528128088303,9.598958333333332,2.4197571385110117,5.833333333333333,2.09,0.024255678195044518,22.5,2.598822663754777,BiMo,L10,101
BiNb_L10_101,10.5,7.0,2.0615528128088303,9.598958333333332,2.4197571385110117,5.833333333333333,1.81,0.07276703458513367,22.0,2.7720775080050952,BiNb,L10,101
BiOs_L10_101,11.25,7.0,2.384848003542364,11.03125,2.852093985857876,6.333333333333333,2.1025121753246756,0.02372645290291665,28.166396103896105,0.5272545089537015,BiOs,L10,101
BiPb_L10_101,10.5,7.0,2.0615528128088303,9.598958333333332,2.4197571385110117,5.833333333333333,2.175,0.05370900171759866,30.0,0.0,BiPb,L10,101
BiPd3_L12_111,10.5,9.0,1.5,9.4453125,1.956294303611742,7.5,2.1568750000000003,0.026976552318633964,22.39583333333333,1.4986973510352242,BiPd3,L12,111
BiPd_L10_101,10.5,7.0,2.0615528128088303,9.546875,2.3744459788753294,5.833333333333333,2.1100000000000003,0.031185871965057427,25.0,1.7325484425031845,BiPd,L10,101
BiPt3_L12_111,10.59375,9.0,1.4970674458754356,9.65625,2.0432338797846907,7.5,2.223125,0.04116310291592048,29.218749999999996,0.15831962659969384,BiPt3,L12,111
BiPt_L10_101,11.25,7.0,2.384848003542364,11.135416666666668,2.9700289642714113,6.333333333333333,2.1391842532467535,0.03427154308199069,29.54159902597403,0.13181362723842602,BiPt,L10,101
BiRe_L10_101,11.25,7.0,2.384848003542364,11.135416666666668,2.9700289642714113,6.333333333333333,1.964991883116883,0.015817635268611012,27.707995129870127,0.6590681361921271,BiRe,L10,101
BiRh3_L12_111,10.59375,9.0,1.4970674458754356,9.65625,2.0432338797846907,7.5,2.223125,0.04116310291592048,20.625,1.899835519196333,BiRh3,L12,111
BiRh_L10_101,11.25,7.0,2.384848003542364,11.135416666666668,2.9700289642714113,6.333333333333333,2.1391842532467535,0.03427154308199069,24.49918831168831,1.5817635268611046,BiRh,L10,101
BiRu3_L12_111,10.59375,9.0,1.4970674458754356,9.65625,2.0432338797846907,7.5,2.1606250000000005,0.028497532787944885,19.843749999999996,2.058155145796027,BiRu3,L12,111
BiRu_L10_101,11.25,7.0,2.384848003542364,11.03125,2.852093985857876,6.333333333333333,2.1025121753246756,0.02372645290291665,24.04078733766234,1.7135771540995293,BiRu,L10,101
BiSc_L10_101,10.5,7.0,2.0615528128088303,9.546875,2.3744459788753294,5.833333333333333,1.69,0.11434819720521007,15.499999999999998,5.024390483259234,BiSc,L10,101
BiSn_L10_101,10.5,7.0,2.0615528128088303,9.598958333333332,2.4197571385110117,5.833333333333333,1.9899999999999998,0.010395290655019141,25.0,1.7325484425031845,BiSn,L10,101
BiTc_L10_101,11.25,7.0,2.384848003542364,11.135416666666668,2.9700289642714113,6.333333333333333,1.964991883116883,0.015817635268611012,23.12398538961039,1.977204408576381,BiTc,L10,101
BiTi_L10_101,10.5,7.0,2.0615528128088303,9.546875,2.3744459788753294,5.833333333333333,1.78,0.08316232524015281,16.0,4.851135639008916,BiTi,L10,101
BiTl_L10_101,11.25,7.0,2.384848003542364,11.109375,2.910964478091125,6.333333333333333,1.8033603896103896,0.05272545089537014,30.0,0.0,BiTl,L10,101
BiV_L10_101,11.25,7.0,2.384848003542364,11.135416666666668,2.9700289642714113,6.333333333333333,1.84122362012987,0.05140731462298588,17.623173701298704,3.558967935437485,BiV,L10,101
BiW_L10_101,11.25,7.0,2.384848003542364,11.135416666666668,2.9700289642714113,6.333333333333333,2.175856331168831,0.04481663326106457,27.249594155844157,0.7908817634305514,BiW,L10,101
BiY_L10_101,10.5,7.0,2.0615528128088303,9.598958333333332,2.4197571385110117,5.833333333333333,1.6199999999999999,0.13860387540025473,20.5,3.291842040756051,BiY,L10,101
BiZr_L10_101,10.5,7.0,2.0615528128088303,9.598958333333332,2.4197571385110117,5.833333333333333,1.675,0.11954584253271971,21.0,3.118587196505732,BiZr,L10,101
Bi_A1_111,4.375,2.0,0.9921567416492215,1.6770833333333335,0.4831132760543847,0.6666666666666666,2.02,0.0,30.0,0.0,Bi,A1,111
Cd3Co_L12_111,10.59375,9.0,1.4970674458754356,9.65625,2.0432338797846907,7.5,1.7315625,0.030080729053941723,17.15625,2.058155145796028,Cd3Co,L12,111
Cd3Cr_L12_111,10.59375,9.0,1.4970674458754356,9.65625,2.0432338797846907,7.5,1.6834374999999997,0.004749588797990904,16.71875,2.3747943989954163,Cd3Cr,L12,111
Cd3Cu_L12_111,10.59375,9.0,1.4970674458754356,9.65625,2.0432338797846907,7.5,1.7359375,0.03324712158593574,17.8125,1.5831962659969436,Cd3Cu,L12,111
Cd3Fe_L12_111,10.59375,9.0,1.4970674458754356,9.65625,2.0432338797846907,7.5,1.720625,0.02216474772395714,16.9375,2.2164747723957214,Cd3Fe,L12,111
Cd3Ga_L12_111,10.59375,9.0,1.4970674458754356,9.65625,2.0432338797846907,7.5,1.71625,0.018998355191963228,17.8125,1.5831962659969436,Cd3Ga,L12,111
Cd3Hf_L12_111,10.5,9.0,1.5,9.4453125,1.956294303611742,7.5,1.5965624999999999,0.05844919669037378,20.47916666666667,0.2997394702070455,Cd3Hf,L12,111
Cd3In_L12_111,10.5,9.0,1.5,9.4453125,1.956294303611742,7.5,1.7115624999999999,0.013488276159316928,20.0,0.0,Cd3In,L12,111
Cd3Ir_L12_111,10.59375,9.0,1.4970674458754356,9.65625,2.0432338797846907,7.5,1.8015625,0.080743009565844,21.53125,1.1082373861978603,Cd3Ir,L12,111
Cd3La_L12_111,11.375,9.0,2.381569860407206,11.177083333333334,2.86901172855935,8.083333333333334,1.5124412878787878,0.03434893780988511,20.300946969696966,0.058218538660821405,Cd3La,L12,111
Cd3Mn_L12_111,10.59375,9.0,1.4970674458754356,9.65625,2.0432338797846907,7.5,1.6593750000000003,0.02216474772395722,16.71875,2.3747943989954163,Cd3Mn,L12,111
Cd3Mo_L12_111,10.59375,9.0,1.4970674458754356,9.65625,2.0432338797846907,7.5,1.7928125000000001,0.07441022450185633,18.90625,0.7915981329984726,Cd3Mo,L12,111
Cd3Nb_L12_111,10.59375,9.0,1.4970674458754356,9.65625,2.0432338797846907,7.5,1.6703125,0.014248766393972526,18.6875,0.9499177595981665,Cd3Nb,L12,111
Cd3Ni_L12_111,10.59375,9.0,1.4970674458754356,9.65625,2.0432338797846907,7.5,1.738125,0.03483031785193271,17.375,1.899835519196333,Cd3Ni,L12,111
Cd3Os_L12_111,10.59375,9.0,1.4970674458754356,9.65625,2.0432338797846907,7.5,1.8015625,0.080743009565844,21.3125,0.9499177595981665,Cd3Os,L12,111
Cd3Pb_L12_111,10.59375,9.0,1.4970674458754356,9.65625,2.0432338797846907,7.5,1.83,0.10132456102380433,22.1875,1.5831962659969436,Cd3Pb,L12,111
Cd3Pd_L12_111,10.59375,9.0,1.4970674458754356,9.65625,2.0432338797846907,7.5,1.8015625,0.080743009565844,20.0,0.0,Cd3Pd,L12,111
Cd3Pt_L12_111,10.59375,9.0,1.4970674458754356,9.65625,2.0432338797846907,7.5,1.8190625000000002,0.09340857969381967,21.96875,1.4248766393972496,Cd3Pt,L12,111
Cd3Re_L12_111,10.59375,9.0,1.4970674458754356,9.65625,2.0432338797846907,7.5,1.7359375,0.03324712158593574,21.09375,0.7915981329984726,Cd3Re,L12,111
Cd3Rh_L12_111,10.59375,9.0,1.4970674458754356,9.65625,2.0432338797846907,7.5,1.8190625000000002,0.09340857969381967,19.5625,0.3166392531993894,Cd3Rh,L12,111
Cd3Ru_L12_111,10.59375,9.0,1.4970674458754356,9.65625,2.0432338797846907,7.5,1.8015625,0.080743009565844,19.34375,0.47495887979908324,Cd3Ru,L12,111
Cd3Sc_L12_111,10.5,9.0,1.5,9.4453125,1.956294303611742,7.5,1.6109375,0.04945701258416247,15.447916666666664,2.8475249669669274,Cd3Sc,L12,111
Cd3Sn_L12_111,10.59375,9.0,1.4970674458754356,9.65625,2.0432338797846907,7.5,1.7490625000000004,0.04274629918191752,20.0,0.0,Cd3Sn,L12,111
Cd3Ta_L12_111,10.59375,9.0,1.4970674458754356,9.65625,2.0432338797846907,7.5,1.6484375,0.030080729053941966,20.65625,0.47495887979908324,Cd3Ta,L12,111
Cd3Tc_L12_111,10.59375,9.0,1.4970674458754356,9.65625,2.0432338797846907,7.5,1.7359375,0.03324712158593574,18.90625,0.7915981329984726,Cd3Tc,L12,111
Cd3Ti_L12_111,10.59375,9.0,1.4970674458754356,9.65625,2.0432338797846907,7.5,1.6571875,0.023747943989954147,16.0625,2.8497532787944992,Cd3Ti,L12,111
Cd3Tl_L12_111,10.5,9.0,1.5,9.4453125,1.956294303611742,7.5,1.673229166666667,0.010490881457246524,22.39583333333333,1.4986973510352242,Cd3Tl,L12,111
Cd3V_L12_111,10.59375,9.0,1.4970674458754356,9.65625,2.0432338797846907,7.5,1.676875,0.00949917759598169,16.28125,2.691433652194805,Cd3V,L12,111
Cd3W_L12_111,10.59375,9.0,1.4970674458754356,9.65625,2.0432338797846907,7.5,1.8365624999999999,0.10607414982179511,20.875,0.6332785063987771,Cd3W,L12,111
Cd3Y_L12_111,10.59375,9.0,1.4970674458754356,9.65625,2.0432338797846907,7.5,1.5871875,0.07441022450185643,18.03125,1.4248766393972496,Cd3Y,L12,111
Cd3Zn_L12_111,10.59375,9.0,1.4970674458754356,9.65625,2.0432338797846907,7.5,1.6812500000000001,0.006332785063987835,17.812500000000004,1.5831962659969436,Cd3Zn,L12,111
Cd3Zr_L12_111,10.5,9.0,1.5,9.4453125,1.956294303611742,7.5,1.60375,0.05395310463726815,18.08333333333333,1.1989578808281804,Cd3Zr,L12,111
CdCo3_L12_111,10.59375,9.0,1.4970674458754356,9.65625,2.0432338797846907,7.5,1.8384375,0.03008072905394193,9.843750000000002,2.058155145796028,CdCo3,L12,111
CdCr3_L12_111,10.5,9.0,1.5,9.4453125,1.956294303611742,7.5,1.6671875,0.0044960920531057266,8.59375,2.2480460265528373,CdCr3,L12,111
CdCu3_L12_111,10.59375,9.0,1.4970674458754356,9.65625,2.0432338797846907,7.5,1.8540624999999995,0.033247121585935784,12.187500000000002,1.5831962659969443,CdCu3,L12,111
CdCu_L10_101,10.5,7.0,2.0615528128088303,9.546875,2.3744459788753294,5.833333333333333,1.795,0.03638351729256675,15.0,1.732548442503184,CdCu,L10,101
CdFe3_L12_111,10.5,9.0,1.5,9.4453125,1.956294303611742,7.5,1.7964583333333333,0.020981762914492972,9.354166666666664,2.098176291449315,CdFe3,L12,111
CdFe_L10_101,10.5,7.0,2.0615528128088303,9.598958333333332,2.4197571385110117,5.833333333333333,1.76,0.02425567819504468,13.0,2.425567819504458,CdFe,L10,101
CdGa3_L12_111,10.5,9.0,1.5,9.4453125,1.956294303611742,7.5,1.78125,0.017984368212422552,12.395833333333336,1.498697351035225,CdGa3,L12,111
CdGa_L10_101,11.25,7.0,2.384848003542364,11.03125,2.852093985857876,6.333333333333333,1.7450081168831166,0.015817635268610998,15.415990259740258,1.3181362723842536,CdGa,L10,101
CdHf3_L12_111,10.5,9.0,1.5,9.4453125,1.956294303611742,7.5,1.3934375,0.05844919669037366,21.520833333333332,0.2997394702070455,CdHf3,L12,111
CdHf_L10_101,10.5,7.0,2.0615528128088303,9.546875,2.3744459788753294,5.833333333333333,1.4949999999999999,0.06756938925762432,21.0,0.34650968850063596,CdHf,L10,101
CdHg3_L12_111,10.59375,9.0,1.4970674458754356,9.65625,2.0432338797846907,7.5,1.9321875,0.04907908424590529,27.812500000000004,1.5831962659969436,CdHg3,L12,111
CdHg_L10_101,10.5,7.0,2.0615528128088303,9.598958333333332,2.4197571385110117,5.833333333333333,1.8449999999999998,0.05370900171759868,25.0,1.7325484425031845,CdHg,L10,101
CdIn3_L12_111,10.5,9.0,1.5,9.4453125,1.956294303611742,7.5,1.7584374999999999,0.013488276159317143,20.0,0.0,CdIn3,L12,111
CdIn_L10_101,10.5,7.0,2.0615528128088303,9.546875,2.3744459788753294,5.833333333333333,1.7349999999999999,0.015592935982528673,20.0,0.0,CdIn,L10,101
CdIr3_L12_111,10.59375,9.0,1.4970674458754356,9.65625,2.0432338797846907,7.5,2.0884375,0.0807430095658442,25.468750000000004,1.1082373861978605,CdIr3,L12,111
CdIr_L10_101,10.5,7.0,2.0615528128088303,9.546875,2.3744459788753294,5.833333333333333,1.9449999999999998,0.08835997056766251,23.5,1.2127839097522293,CdIr,L10,101
CdLa3_L12_111,10.5,9.0,1.5,9.4453125,1.956294303611742,7.5,1.2413541666666665,0.08842314371107826,20.760416666666668,0.14986973510352194,CdLa3,L12,111
CdLa_L10_101,11.25,7.0,2.384848003542364,11.109375,2.910964478091125,6.333333333333333,1.3704565746753246,0.07777004007067101,20.54159902597403,0.13181362723842602,CdLa,L10,101
CdMn_L10_101,10.5,7.0,2.0615528128088303,9.598958333333332,2.4197571385110117,5.833333333333333,1.62,0.024255678195044646,12.5,2.598822663754776,CdMn,L10,101
CdMo3_L12_111,10.59375,9.0,1.4970674458754356,9.65625,2.0432338797846907,7.5,2.0571875000000004,0.0744102245018564,16.09375,0.7915981329984727,CdMo3,L12,111
CdMo_L10_101,10.5,7.0,2.0615528128088303,9.546875,2.3744459788753294,5.833333333333333,1.925,0.0814297767976497,17.5,0.8662742212515923,CdMo,L10,101
CdNb3_L12_111,10.59375,9.0,1.4970674458754356,9.65625,2.0432338797846907,7.5,1.6196875000000002,0.014248766393972387,15.3125,0.9499177595981665,CdNb3,L12,111
CdNb_L10_101,10.5,7.0,2.0615528128088303,9.546875,2.3744459788753294,5.833333333333333,1.645,0.015592935982528639,17.0,1.0395290655019103,CdNb,L10,101
CdNi3_L12_111,10.59375,9.0,1.4970674458754356,9.65625,2.0432338797846907,7.5,1.861875,0.034830317851932746,10.625,1.899835519196333,CdNi3,L12,111
CdNi_L10_101,10.5,7.0,2.0615528128088303,9.546875,2.3744459788753294,5.833333333333333,1.7999999999999998,0.038116065735070044,14.0,2.0790581310038214,CdNi,L10,101
CdOs3_L12_111,10.5,9.0,1.5,9.4453125,1.956294303611742,7.5,2.0778125,0.07643356490279653,24.5625,0.899218410621135,CdOs3,L12,111
CdPb3_L12_111,10.59375,9.0,1.4970674458754356,9.65625,2.0432338797846907,7.5,2.189999999999999,0.10132456102380462,27.812500000000004,1.5831962659969436,CdPb3,L12,111
CdPb_L10_101,10.5,7.0,2.0615528128088303,9.546875,2.3744459788753294,5.833333333333333,2.01,0.11088310032020363,25.0,1.7325484425031845,CdPb,L10,101
CdPd3_L12_111,10.5,9.0,1.5,9.4453125,1.956294303611742,7.5,2.0778125,0.07643356490279653,20.0,0.0,CdPd3,L12,111
CdPd_L10_101,10.5,7.0,2.0615528128088303,9.598958333333332,2.4197571385110117,5.833333333333333,1.9449999999999998,0.08835997056766251,20.0,0.0,CdPd,L10,101
CdPt3_L12_111,10.59375,9.0,1.4970674458754356,9.65625,2.0432338797846907,7.5,2.1509375000000004,0.09340857969381967,27.03125,1.4248766393972496,CdPt3,L12,111
CdPt_L10_101,10.5,7.0,2.0615528128088303,9.546875,2.3744459788753294,5.833333333333333,1.9849999999999999,0.10222035810768791,24.5,1.5592935982528653,CdPt,L10,101
CdRe3_L12_111,10.59375,9.0,1.4970674458754356,9.65625,2.0432338797846907,7.5,1.8540624999999995,0.033247121585935784,23.906249999999996,0.7915981329984727,CdRe3,L12,111
CdRe_L10_101,10.5,7.0,2.0615528128088303,9.546875,2.3744459788753294,5.833333333333333,1.795,0.03638351729256675,22.5,0.8662742212515923,CdRe,L10,101
CdRh3_L12_111,10.59375,9.0,1.4970674458754356,9.65625,2.0432338797846907,7.5,2.1509375000000004,0.09340857969381967,18.437500000000004,0.3166392531993894,CdRh3,L12,111
CdRh_L10_101,10.5,7.0,2.0615528128088303,9.546875,2.3744459788753294,5.833333333333333,1.9849999999999999,0.10222035810768791,19.0,0.34650968850063596,CdRh,L10,101
CdRu3_L12_111,10.5,9.0,1.5,9.4453125,1.956294303611742,7.5,2.0778125,0.07643356490279653,17.71875,0.4496092053105675,CdRu3,L12,111
CdRu_L10_101,11.25,7.0,2.384848003542364,11.03125,2.852093985857876,6.333333333333333,1.9237844967532465,0.06722494989159698,18.62479707792208,0.39544088171527625,CdRu,L10,101
CdSc3_L12_111,10.59375,9.0,1.4970674458754356,9.65625,2.0432338797846907,7.5,1.4321875,0.05224547677789904,5.15625,3.0080729053941937,CdSc3,L12,111
CdSc_L10_101,10.5,7.0,2.0615528128088303,9.598958333333332,2.4197571385110117,5.833333333333333,1.525,0.05717409860260506,10.5,3.29184204075605,CdSc,L10,101
CdSn3_L12_111,10.59375,9.0,1.4970674458754356,9.65625,2.0432338797846907,7.5,1.9009375,0.042746299181917545,20.0,0.0,CdSn3,L12,111
CdSn_L10_101,10.5,7.0,2.0615528128088303,9.546875,2.3744459788753294,5.833333333333333,1.8250000000000002,0.04677880794758589,20.0,0.0,CdSn,L10,101
CdTa3_L12_111,10.59375,9.0,1.4970674458754356,9.65625,2.0432338797846907,7.5,1.5415625,0.030080729053941945,22.34375,0.47495887979908324,CdTa3,L12,111
CdTa_L10_101,10.5,7.0,2.0615528128088303,9.546875,2.3744459788753294,5.833333333333333,1.595,0.032918420407560565,21.5,0.5197645327509552,CdTa,L10,101
CdTc3_L12_111,10.59375,9.0,1.4970674458754356,9.65625,2.0432338797846907,7.5,1.8540624999999995,0.033247121585935784,16.09375,0.7915981329984727,CdTc3,L12,111
CdTi3_L12_111,10.5,9.0,1.5,9.4453125,1.956294303611742,7.5,1.5759375000000002,0.022480460265528447,6.3125,2.6976552318634046,CdTi3,L12,111
CdTi_L10_101,10.5,7.0,2.0615528128088303,9.598958333333332,2.4197571385110117,5.833333333333333,1.6150000000000002,0.02598822663754779,11.0,3.118587196505732,CdTi,L10,101
CdTl3_L12_111,10.59375,9.0,1.4970674458754356,9.65625,2.0432338797846907,7.5,1.6353125000000002,0.011082373861978587,27.8125,1.5831962659969436,CdTl3,L12,111
CdTl_L10_101,11.25,7.0,2.384848003542364,11.036458333333334,2.8650141721459637,6.333333333333333,1.6520880681818184,0.009226953906689822,25.41599025974026,1.3181362723842538,CdTl,L10,101
CdV3_L12_111,10.59375,9.0,1.4970674458754356,9.65625,2.0432338797846907,7.5,1.643125,0.009499177595981791,6.71875,2.691433652194805,CdV3,L12,111
CdV_L10_101,10.5,7.0,2.0615528128088303,9.546875,2.3744459788753294,5.833333333333333,1.6600000000000001,0.010395290655019067,11.5,2.9453323522554133,CdV,L10,101
CdW3_L12_111,10.59375,9.0,1.4970674458754356,9.65625,2.0432338797846907,7.5,2.2134375,0.10607414982179539,23.125000000000004,0.6332785063987771,CdW3,L12,111
CdW_L10_101,10.5,7.0,2.0615528128088303,9.546875,2.3744459788753294,5.833333333333333,2.0249999999999995,0.11608074564771326,22.0,0.6930193770012747,CdW,L10,101
CdY3_L12_111,10.59375,9.0,1.4970674458754356,9.65625,2.0432338797846907,7.5,1.3228125,0.07441022450185629,12.96875,1.4248766393972496,CdY3,L12,111
CdY_L10_101,10.5,7.0,2.0615528128088303,9.546875,2.3744459788753294,5.833333333333333,1.455,0.0814297767976497,15.5,1.5592935982528655,CdY,L10,101
CdZn3_L12_111,10.59375,9.0,1.4970674458754356,9.65625,2.0432338797846907,7.5,1.6587499999999997,0.006332785063987829,12.1875,1.5831962659969445,CdZn3,L12,111
CdZn_L10_101,10.5,7.0,2.0615528128088303,9.546875,2.3744459788753294,5.833333333333333,1.67,0.006930193770012784,15.0,1.732548442503184,CdZn,L10,101
CdZr3_L12_111,10.5,9.0,1.5,9.4453125,1.956294303611742,7.5,1.41625,0.05395310463726804,13.916666666666666,1.1989578808281796,CdZr3,L12,111
CdZr_L10_101,10.5,7.0,2.0615528128088303,9.546875,2.3744459788753294,5.833333333333333,1.5099999999999998,0.062371743930114576,16.0,1.3860387540025474,CdZr,L10,101
Cd_A1_111,4.375,2.0,0.9921567416492215,1.6770833333333335,0.4831132760543847,0.6666666666666666,1.69,0.0,20.0,0.0,Cd,A1,111
Co3Cu_L12_111,10.5,9.0,1.5,9.4453125,1.956294303611742,7.5,1.8847916666666662,0.0029973947020703272,7.71875,0.4496092053105675,Co3Cu,L12,111
Co3Fe_L12_111,10.5,9.0,1.5,9.4453125,1.956294303611742,7.5,1.868020833333333,0.00749348675517609,6.760416666666668,0.14986973510352236,Co3Fe,L12,111
Co3Hf_L12_111,10.59375,9.0,1.4970674458754356,9.65625,2.0432338797846907,7.5,1.7531249999999998,0.09182538342782275,10.28125,2.3747943989954163,Co3Hf,L12,111
Co3Hg_L12_111,10.59375,9.0,1.4970674458754356,9.65625,2.0432338797846907,7.5,1.90625,0.018998355191963467,12.03125,3.641351411792971,Co3Hg,L12,111
Co3In_L12_111,10.59375,9.0,1.4970674458754356,9.65625,2.0432338797846907,7.5,1.8581249999999998,0.01583196265996937,9.843750000000002,2.058155145796028,Co3In,L12,111
Co3Ir_L12_111,10.5,9.0,1.5,9.4453125,1.956294303611742,7.5,1.9566666666666666,0.04795831523312721,11.791666666666666,2.9973947020704497,Co3Ir,L12,111
Co3La_L12_111,11.71875,9.0,2.588850794754306,11.6796875,3.239372941654222,8.083333333333334,1.6493238636363636,0.04587395672637661,11.140340909090908,0.8233787104734255,Co3La,L12,111
Co3Mo_L12_111,10.59375,9.0,1.4970674458754356,9.65625,2.0432338797846907,7.5,1.94125,0.04432949544791452,8.75,1.2665570127975552,Co3Mo,L12,111
Co3Nb_L12_111,10.59375,9.0,1.4970674458754356,9.65625,2.0432338797846907,7.5,1.8187499999999996,0.04432949544791444,8.531250000000002,1.108237386197861,Co3Nb,L12,111
Co3Ni_L12_111,10.5,9.0,1.5,9.4453125,1.956294303611742,7.5,1.8871874999999998,0.004496092053105682,7.239583333333333,0.14986973510352233,Co3Ni,L12,111
Co3Os_L12_111,10.5,9.0,1.5,9.4453125,1.956294303611742,7.5,1.9566666666666666,0.04795831523312721,11.552083333333334,2.8475249669669274,Co3Os,L12,111
Co3Pb_L12_111,11.375,9.0,2.381569860407206,11.177083333333334,2.8690117285593506,8.083333333333334,2.0154261363636357,0.02619834239736987,13.921780303030303,1.3390263891989111,Co3Pb,L12,111
Co3Pd_L12_111,10.5,9.0,1.5,9.4453125,1.956294303611742,7.5,1.9566666666666666,0.04795831523312721,10.114583333333334,1.9483065563457926,Co3Pd,L12,111
Co3Pt_L12_111,10.5,9.0,1.5,9.4453125,1.956294303611742,7.5,1.9758333333333336,0.05994789404140924,12.270833333333334,3.297134172277495,Co3Pt,L12,111
Co3Re_L12_111,10.5,9.0,1.5,9.4453125,1.956294303611742,7.5,1.8847916666666662,0.0029973947020703272,11.3125,2.6976552318634046,Co3Re,L12,111
Co3Rh_L12_111,10.5,9.0,1.5,9.4453125,1.956294303611742,7.5,1.9758333333333336,0.05994789404140924,9.635416666666666,1.6485670861387471,Co3Rh,L12,111
Co3Ru_L12_111,10.5,9.0,1.5,9.4453125,1.956294303611742,7.5,1.9566666666666666,0.04795831523312721,9.395833333333334,1.498697351035225,Co3Ru,L12,111
Co3Sc_L12_111,10.59375,9.0,1.4970674458754356,9.65625,2.0432338797846907,7.5,1.7662499999999999,0.08232620583184108,5.6875,0.9499177595981665,Co3Sc,L12,111
Co3Sn_L12_111,10.59375,9.0,1.4970674458754356,9.65625,2.0432338797846907,7.5,1.8975,0.012665570127975753,9.84375,2.058155145796028,Co3Sn,L12,111
Co3Ta_L12_111,10.59375,9.0,1.4970674458754356,9.65625,2.0432338797846907,7.5,1.7968749999999998,0.06016145810788394,10.500000000000002,2.533114025595111,Co3Ta,L12,111
Co3Tc_L12_111,10.5,9.0,1.5,9.4453125,1.956294303611742,7.5,1.8847916666666662,0.0029973947020703272,8.916666666666666,1.1989578808281796,Co3Tc,L12,111
Co3Ti_L12_111,10.5,9.0,1.5,9.4453125,1.956294303611742,7.5,1.7985416666666665,0.050955709935197616,5.802083333333332,0.7493486755176125,Co3Ti,L12,111
Co3Tl_L12_111,11.71875,9.0,2.588850794754306,11.6796875,3.239372941654222,8.083333333333334,1.8031079545454545,0.015291318908792156,13.801988636363633,1.3526935957777706,Co3Tl,L12,111
Co3V_L12_111,10.5,9.0,1.5,9.4453125,1.956294303611742,7.5,1.8201041666666664,0.03746743377588068,6.041666666666668,0.5994789404140898,Co3V,L12,111
Co3W_L12_111,10.5,9.0,1.5,9.4453125,1.956294303611742,7.5,1.995,0.07193747284969082,11.072916666666666,2.547785496759882,Co3W,L12,111
Co3Y_L12_111,11.375,9.0,2.381569860407206,11.177083333333334,2.86901172855935,8.083333333333334,1.6813749999999996,0.03842423551614271,8.20378787878788,0.2328741546432891,Co3Y,L12,111
Co3Zn_L12_111,10.5,9.0,1.5,9.4453125,1.956294303611742,7.5,1.8248958333333332,0.03447003907381011,7.71875,0.4496092053105675,Co3Zn,L12,111
Co3Zr_L12_111,10.59375,9.0,1.4970674458754356,9.65625,2.0432338797846907,7.5,1.7596874999999996,0.08707579462983192,8.09375,0.7915981329984718,Co3Zr,L12,111
CoCr3_L12_111,10.59375,9.0,1.4970674458754356,9.65625,2.0432338797846907,7.5,1.708125,0.03483031785193273,5.4375,0.31663925319938896,CoCr3,L12,111
CoCr_L10_101,10.5,7.0,2.0615528128088303,9.546875,2.3744459788753294,5.833333333333333,1.7699999999999998,0.038116065735070044,6.0,0.34650968850063674,CoCr,L10,101
CoCu3_L12_111,10.5,9.0,1.5,9.4453125,1.956294303611742,7.5,1.8952083333333332,0.0029973947020703593,9.28125,0.4496092053105675,CoCu3,L12,111
CoCu_L10_101,10.5,7.0,2.0615528128088303,9.598958333333332,2.4197571385110117,5.833333333333333,1.8899999999999997,0.00346509688500647,8.5,0.5197645327509551,CoCu,L10,101
CoGa_L10_101,10.5,7.0,2.0615528128088303,9.546875,2.3744459788753294,5.833333333333333,1.8449999999999998,0.012127839097522334,8.5,0.519764532750955,CoGa,L10,101
CoHf3_L12_111,10.59375,9.0,1.4970674458754356,9.65625,2.0432338797846907,7.5,1.426875,0.09182538342782261,18.71875,2.3747943989954163,CoHf3,L12,111
CoHf_L10_101,10.5,7.0,2.0615528128088303,9.546875,2.3744459788753294,5.833333333333333,1.5899999999999996,0.10048780966518463,14.5,2.5988226637547767,CoHf,L10,101
CoHg3_L12_111,10.5,9.0,1.5,9.4453125,1.956294303611742,7.5,1.97125,0.017984368212422715,24.48958333333333,3.4470039073810175,CoHg3,L12,111
CoHg_L10_101,10.5,7.0,2.0615528128088303,9.546875,2.3744459788753294,5.833333333333333,1.94,0.020790581310038244,18.5,3.9848614177573234,CoHg,L10,101
CoIn3_L12_111,10.59375,9.0,1.4970674458754356,9.65625,2.0432338797846907,7.5,1.8018750000000001,0.015831962659969376,17.15625,2.058155145796028,CoIn3,L12,111
CoIn_L10_101,10.5,7.0,2.0615528128088303,9.546875,2.3744459788753294,5.833333333333333,1.8299999999999998,0.017325484425031762,13.5,2.252312975254139,CoIn,L10,101
CoIr3_L12_111,10.5,9.0,1.5,9.4453125,1.956294303611742,7.5,2.1233333333333335,0.04795831523312719,22.20833333333333,2.99739470207045,CoIr3,L12,111
CoIr_L10_101,10.5,7.0,2.0615528128088303,9.598958333333332,2.4197571385110117,5.833333333333333,2.04,0.055441550160101945,17.0,3.465096885006368,CoIr,L10,101
CoLa_L10_101,10.375,5.0,3.9666579131556077,10.296875,3.3164898338014446,5.083333333333333,1.299583333333333,0.19991274138150034,17.417735042735043,3.588177409411546,CoLa,L10,101
CoMn3_L12_111,10.59375,9.0,1.4970674458754356,9.65625,2.0432338797846907,7.5,1.6221875,0.05224547677789904,5.4375,0.31663925319938896,CoMn3,L12,111
CoMo3_L12_111,10.5,9.0,1.5,9.4453125,1.956294303611742,7.5,2.0929166666666665,0.04196352582898626,13.083333333333336,1.1989578808281796,CoMo3,L12,111
CoMo_L10_101,10.5,7.0,2.0615528128088303,9.598958333333332,2.4197571385110117,5.833333333333333,2.02,0.04851135639008922,11.0,1.3860387540025476,CoMo,L10,101
CoNi3_L12_111,10.5,9.0,1.5,9.4453125,1.956294303611742,7.5,1.9028124999999998,0.004496092053105638,7.760416666666668,0.14986973510352236,CoNi3,L12,111
CoNi_L10_101,10.5,7.0,2.0615528128088303,9.598958333333332,2.4197571385110117,5.833333333333333,1.895,0.00519764532750966,7.5,0.17325484425031867,CoNi,L10,101
CoOs3_L12_111,10.59375,9.0,1.4970674458754356,9.65625,2.0432338797846907,7.5,2.1300000000000003,0.0506622805119022,21.843750000000004,3.0080729053941933,CoOs3,L12,111
CoOs_L10_101,10.5,7.0,2.0615528128088303,9.546875,2.3744459788753294,5.833333333333333,2.04,0.055441550160101945,16.5,3.29184204075605,CoOs,L10,101
CoPb_L10_101,11.25,7.0,2.384848003542364,11.109375,2.910964478091125,6.333333333333333,2.1237195616883113,0.05931613225729155,19.4567775974026,3.0317134264837824,CoPb,L10,101
CoPd3_L12_111,10.59375,9.0,1.4970674458754356,9.65625,2.0432338797846907,7.5,2.1300000000000003,0.0506622805119022,17.15625,2.058155145796028,CoPd3,L12,111
CoPd_L10_101,10.5,7.0,2.0615528128088303,9.546875,2.3744459788753294,5.833333333333333,2.04,0.055441550160101945,13.5,2.252312975254139,CoPd,L10,101
CoPt_L10_101,10.5,7.0,2.0615528128088303,9.598958333333332,2.4197571385110117,5.833333333333333,2.08,0.06930193770012733,18.0,3.8116065735070053,CoPt,L10,101
CoRe3_L12_111,10.5,9.0,1.5,9.4453125,1.956294303611742,7.5,1.8952083333333332,0.0029973947020703593,20.6875,2.6976552318634046,CoRe3,L12,111
CoRe_L10_101,10.5,7.0,2.0615528128088303,9.598958333333332,2.4197571385110117,5.833333333333333,1.8899999999999997,0.00346509688500647,16.0,3.118587196505732,CoRe,L10,101
CoRh_L10_101,10.5,7.0,2.0615528128088303,9.598958333333332,2.4197571385110117,5.833333333333333,2.08,0.06930193770012733,12.5,1.905803286753503,CoRh,L10,101
CoRu_L10_101,10.5,7.0,2.0615528128088303,9.546875,2.3744459788753294,5.833333333333333,2.04,0.055441550160101945,12.0,1.7325484425031838,CoRu,L10,101
CoSc_L10_101,11.25,7.0,2.384848003542364,11.109375,2.910964478091125,6.333333333333333,1.5983685064935063,0.06854308616398114,3.750405844155844,0.7908817634305522,CoSc,L10,101
CoSn_L10_101,10.5,7.0,2.0615528128088303,9.598958333333332,2.4197571385110117,5.833333333333333,1.9200000000000004,0.01386038754002554,13.5,2.252312975254139,CoSn,L10,101
CoTc3_L12_111,10.5,9.0,1.5,9.4453125,1.956294303611742,7.5,1.8952083333333332,0.0029973947020703593,13.083333333333336,1.1989578808281796,CoTc3,L12,111
CoTi3_L12_111,10.59375,9.0,1.4970674458754356,9.65625,2.0432338797846907,7.5,1.614375,0.053828673043896096,3.09375,0.7915981329984719,CoTi3,L12,111
CoTi_L10_101,10.5,7.0,2.0615528128088303,9.546875,2.3744459788753294,5.833333333333333,1.7099999999999997,0.05890664704510819,4.5,0.866274221251592,CoTi,L10,101
CoTl_L10_101,9.5,5.0,3.1622776601683795,8.432291666666668,2.4321020625599443,4.5,1.6964136904761906,0.0765208711853826,23.24032738095238,6.769153989476175,CoTl,L10,101
CoV3_L12_111,10.5,9.0,1.5,9.4453125,1.956294303611742,7.5,1.689895833333333,0.0374674337758806,3.958333333333333,0.5994789404140898,CoV3,L12,111
CoV_L10_101,10.5,7.0,2.0615528128088303,9.598958333333332,2.4197571385110117,5.833333333333333,1.7549999999999997,0.04331371106257961,5.0,0.6930193770012738,CoV,L10,101
CoW_L10_101,10.5,7.0,2.0615528128088303,9.598958333333332,2.4197571385110117,5.833333333333333,2.119999999999999,0.08316232524015289,15.5,2.945332352255413,CoW,L10,101
CoY_L10_101,11.25,7.0,2.384848003542364,11.109375,2.910964478091125,6.333333333333333,1.5225446428571425,0.08699699397736062,9.166396103896103,0.5272545089537015,CoY,L10,101
CoZn3_L12_111,10.5,9.0,1.5,9.4453125,1.956294303611742,7.5,1.7051041666666666,0.034470039073810174,9.28125,0.4496092053105675,CoZn3,L12,111
CoZn_L10_101,10.5,7.0,2.0615528128088303,9.598958333333332,2.4197571385110117,5.833333333333333,1.7649999999999997,0.039848614177573266,8.5,0.519764532750955,CoZn,L10,101
CoZr_L10_101,10.5,7.0,2.0615528128088303,9.546875,2.3744459788753294,5.833333333333333,1.6049999999999995,0.0952901643376751,9.5,0.8662742212515923,CoZr,L10,101
Co_A1_111,4.375,2.0,0.9921567416492215,1.6770833333333335,0.4831132760543847,0.6666666666666666,1.88,1.7554167342883506e-16,7.0,0.0,Co,A1,111
Cr3Cu_L12_111,10.59375,9.0,1.4970674458754356,9.65625,2.0432338797846907,7.5,1.7125,0.03799671038392653,6.09375,0.7915981329984723,Cr3Cu,L12,111
Cr3Ga_L12_111,10.59375,9.0,1.4970674458754356,9.65625,2.0432338797846907,7.5,1.6928125,0.023747943989954133,6.09375,0.7915981329984723,Cr3Ga,L12,111
Cr3Hf_L12_111,10.5,9.0,1.5,9.4453125,1.956294303611742,7.5,1.57375,0.05395310463726804,9.072916666666666,2.547785496759882,Cr3Hf,L12,111
Cr3Hg_L12_111,10.5,9.0,1.5,9.4453125,1.956294303611742,7.5,1.7414583333333336,0.05095570993519773,10.989583333333334,3.746743377588062,Cr3Hg,L12,111
Cr3In_L12_111,10.5,9.0,1.5,9.4453125,1.956294303611742,7.5,1.6887500000000002,0.017984368212422764,8.59375,2.2480460265528373,Cr3In,L12,111
Cr3Ir_L12_111,10.59375,9.0,1.4970674458754356,9.65625,2.0432338797846907,7.5,1.778125,0.08549259836383495,9.8125,3.483031785193277,Cr3Ir,L12,111
Cr3La_L12_111,11.375,9.0,2.381569860407206,11.177083333333334,2.86901172855935,8.083333333333334,1.491469696969697,0.03260238165006043,9.815151515151516,0.931496618573156,Cr3La,L12,111
Cr3Mo_L12_111,10.59375,9.0,1.4970674458754356,9.65625,2.0432338797846907,7.5,1.7693750000000001,0.07915981329984735,7.1875,1.5831962659969445,Cr3Mo,L12,111
Cr3Nb_L12_111,10.59375,9.0,1.4970674458754356,9.65625,2.0432338797846907,7.5,1.6468749999999999,0.009499177595981673,6.96875,1.4248766393972496,Cr3Nb,L12,111
Cr3Os_L12_111,10.59375,9.0,1.4970674458754356,9.65625,2.0432338797846907,7.5,1.778125,0.08549259836383495,9.59375,3.3247121585935826,Cr3Os,L12,111
Cr3Pb_L12_111,11.71875,9.0,2.588850794754306,11.6796875,3.239372941654222,8.083333333333334,1.8581448863636365,0.03940455257265678,12.39346590909091,1.4703191258454034,Cr3Pb,L12,111
Cr3Pd_L12_111,10.59375,9.0,1.4970674458754356,9.65625,2.0432338797846907,7.5,1.778125,0.08549259836383495,8.28125,2.3747943989954163,Cr3Pd,L12,111
Cr3Pt_L12_111,10.59375,9.0,1.4970674458754356,9.65625,2.0432338797846907,7.5,1.795625,0.09815816849181064,10.25,3.799671038392666,Cr3Pt,L12,111
Cr3Re_L12_111,10.59375,9.0,1.4970674458754356,9.65625,2.0432338797846907,7.5,1.7125,0.03799671038392653,9.375,3.1663925319938877,Cr3Re,L12,111
Cr3Rh_L12_111,10.59375,9.0,1.4970674458754356,9.65625,2.0432338797846907,7.5,1.795625,0.09815816849181064,7.84375,2.058155145796028,Cr3Rh,L12,111
Cr3Ru_L12_111,10.59375,9.0,1.4970674458754356,9.65625,2.0432338797846907,7.5,1.778125,0.08549259836383495,7.625,1.899835519196333,Cr3Ru,L12,111
Cr3Sc_L12_111,10.5,9.0,1.5,9.4453125,1.956294303611742,7.5,1.5881249999999998,0.04496092053105679,4.041666666666666,0.5994789404140899,Cr3Sc,L12,111
Cr3Sn_L12_111,10.59375,9.0,1.4970674458754356,9.65625,2.0432338797846907,7.5,1.725625,0.04749588797990836,8.28125,2.3747943989954163,Cr3Sn,L12,111
Cr3Ta_L12_111,10.59375,9.0,1.4970674458754356,9.65625,2.0432338797846907,7.5,1.625,0.02533114025595106,8.9375,2.8497532787944992,Cr3Ta,L12,111
Cr3Tc_L12_111,10.59375,9.0,1.4970674458754356,9.65625,2.0432338797846907,7.5,1.7125,0.03799671038392653,7.1875,1.5831962659969445,Cr3Tc,L12,111
Cr3Ti_L12_111,10.59375,9.0,1.4970674458754356,9.65625,2.0432338797846907,7.5,1.63375,0.018998355191963242,4.34375,0.47495887979908324,Cr3Ti,L12,111
Cr3Tl_L12_111,11.71875,9.0,2.588850794754306,11.6796875,3.239372941654222,8.083333333333334,1.6481704545454545,0.0023525106013525857,12.39346590909091,1.4703191258454034,Cr3Tl,L12,111
Cr3W_L12_111,10.59375,9.0,1.4970674458754356,9.65625,2.0432338797846907,7.5,1.8131249999999999,0.11082373861978612,9.15625,3.008072905394194,Cr3W,L12,111
Cr3Zn_L12_111,10.59375,9.0,1.4970674458754356,9.65625,2.0432338797846907,7.5,1.6578125,0.0015831962659969255,6.093750000000001,0.7915981329984721,Cr3Zn,L12,111
Cr3Zr_L12_111,10.5,9.0,1.5,9.4453125,1.956294303611742,7.5,1.5809375,0.049457012584162414,6.677083333333332,1.0490881457246575,Cr3Zr,L12,111
CrCu3_L12_111,10.5,9.0,1.5,9.4453125,1.956294303611742,7.5,1.8424999999999996,0.03596873642484537,8.802083333333336,0.7493486755176121,CrCu3,L12,111
CrCu_L10_101,10.5,7.0,2.0615528128088303,9.546875,2.3744459788753294,5.833333333333333,1.7799999999999998,0.041581162620076384,7.5,0.866274221251592,CrCu,L10,101
CrFe_L10_101,10.5,7.0,2.0615528128088303,9.598958333333332,2.4197571385110117,5.833333333333333,1.7449999999999999,0.02945332352255438,5.5,0.17325484425031867,CrFe,L10,101
CrGa3_L12_111,10.5,9.0,1.5,9.4453125,1.956294303611742,7.5,1.7740624999999999,0.022480460265528284,8.802083333333336,0.7493486755176121,CrGa3,L12,111
CrGa_L10_101,10.5,7.0,2.0615528128088303,9.598958333333332,2.4197571385110117,5.833333333333333,1.7349999999999999,0.025988226637547795,7.5,0.866274221251592,CrGa,L10,101
CrHf3_L12_111,10.59375,9.0,1.4970674458754356,9.65625,2.0432338797846907,7.5,1.3787500000000001,0.056995065575889924,18.28125,2.6914336521948057,CrHf3,L12,111
CrHf_L10_101,10.5,7.0,2.0615528128088303,9.598958333333332,2.4197571385110117,5.833333333333333,1.48,0.062371743930114645,13.5,2.945332352255413,CrHf,L10,101
CrHg3_L12_111,10.59375,9.0,1.4970674458754356,9.65625,2.0432338797846907,7.5,1.9256250000000001,0.053828673043896075,24.531250000000004,3.95799066499236,CrHg3,L12,111
CrIn3_L12_111,10.59375,9.0,1.4970674458754356,9.65625,2.0432338797846907,7.5,1.7537500000000001,0.01899835519196342,16.71875,2.3747943989954163,CrIn3,L12,111
CrIr3_L12_111,10.5,9.0,1.5,9.4453125,1.956294303611742,7.5,2.0706249999999997,0.08092965695590211,21.72916666666667,3.2971341722774943,CrIr3,L12,111
CrIr_L10_101,10.5,7.0,2.0615528128088303,9.546875,2.3744459788753294,5.833333333333333,1.93,0.093557615895172,16.0,3.8116065735070053,CrIr,L10,101
CrLa3_L12_111,10.59375,9.0,1.4970674458754356,9.65625,2.0432338797846907,7.5,1.2225000000000001,0.08865899089582892,17.5,2.533114025595111,CrLa3,L12,111
CrLa_L10_101,11.25,7.0,2.384848003542364,11.036458333333334,2.8650141721459637,6.333333333333333,1.3567045454545457,0.07381563125351813,13.665584415584416,2.109018035814805,CrLa,L10,101
CrMn_L10_101,10.5,7.0,2.0615528128088303,9.598958333333332,2.4197571385110117,5.833333333333333,1.605,0.019058032867535022,5.0,0.0,CrMn,L10,101
CrMo3_L12_111,10.5,9.0,1.5,9.4453125,1.956294303611742,7.5,2.040208333333333,0.07493486755176128,12.604166666666664,1.498697351035225,CrMo3,L12,111
CrMo_L10_101,10.5,7.0,2.0615528128088303,9.546875,2.3744459788753294,5.833333333333333,1.9100000000000001,0.08662742212515921,10.0,1.7325484425031838,CrMo,L10,101
CrNb3_L12_111,10.5,9.0,1.5,9.4453125,1.956294303611742,7.5,1.6143750000000003,0.008992184106211302,11.84375,1.3488276159317023,CrNb3,L12,111
CrNb_L10_101,10.5,7.0,2.0615528128088303,9.546875,2.3744459788753294,5.833333333333333,1.6300000000000001,0.010395290655019035,9.5,1.559293598252866,CrNb,L10,101
CrNi3_L12_111,10.5,9.0,1.5,9.4453125,1.956294303611742,7.5,1.8501041666666662,0.037467433775880646,7.28125,0.4496092053105675,CrNi3,L12,111
CrOs3_L12_111,10.5,9.0,1.5,9.4453125,1.956294303611742,7.5,2.0706249999999997,0.08092965695590211,20.96875,3.1472644371739724,CrOs3,L12,111
CrOs_L10_101,10.5,7.0,2.0615528128088303,9.598958333333332,2.4197571385110117,5.833333333333333,1.93,0.093557615895172,15.5,3.6383517292566867,CrOs,L10,101
CrPb3_L12_111,10.59375,9.0,1.4970674458754356,9.65625,2.0432338797846907,7.5,2.1834374999999997,0.10607414982179524,24.531250000000004,3.95799066499236,CrPb3,L12,111
CrPb_L10_101,11.25,7.0,2.384848003542364,11.036458333333334,2.8650141721459637,6.333333333333333,2.0228713474025968,0.08831513024974505,18.53997564935065,3.295340680960634,CrPb,L10,101
CrPd3_L12_111,10.59375,9.0,1.4970674458754356,9.65625,2.0432338797846907,7.5,2.081875,0.08549259836383492,16.71875,2.3747943989954163,CrPd3,L12,111
CrPd_L10_101,10.5,7.0,2.0615528128088303,9.598958333333332,2.4197571385110117,5.833333333333333,1.93,0.093557615895172,12.5,2.598822663754776,CrPd,L10,101
CrPt3_L12_111,10.5,9.0,1.5,9.4453125,1.956294303611742,7.5,2.1314583333333332,0.09291923576418391,23.25,3.59687364248454,CrPt3,L12,111
CrPt_L10_101,10.5,7.0,2.0615528128088303,9.546875,2.3744459788753294,5.833333333333333,1.9700000000000002,0.10741800343519742,17.0,4.158116262007642,CrPt,L10,101
CrRe3_L12_111,10.5,9.0,1.5,9.4453125,1.956294303611742,7.5,1.8424999999999996,0.03596873642484537,20.20833333333333,2.99739470207045,CrRe3,L12,111
CrRe_L10_101,10.5,7.0,2.0615528128088303,9.546875,2.3744459788753294,5.833333333333333,1.7799999999999998,0.041581162620076384,15.0,3.465096885006368,CrRe,L10,101
CrRh3_L12_111,10.5,9.0,1.5,9.4453125,1.956294303611742,7.5,2.1314583333333332,0.09291923576418391,14.885416666666664,1.9483065563457926,CrRh3,L12,111
CrRh_L10_101,10.5,7.0,2.0615528128088303,9.546875,2.3744459788753294,5.833333333333333,1.9700000000000002,0.10741800343519742,11.5,2.2523129752541395,CrRh,L10,101
CrRu3_L12_111,10.5,9.0,1.5,9.4453125,1.956294303611742,7.5,2.0706249999999997,0.08092965695590211,14.125,1.79843682124227,CrRu3,L12,111
CrRu_L10_101,10.5,7.0,2.0615528128088303,9.598958333333332,2.4197571385110117,5.833333333333333,1.93,0.093557615895172,11.0,2.079058131003821,CrRu,L10,101
CrSc3_L12_111,10.5,9.0,1.5,9.4453125,1.956294303611742,7.5,1.431875,0.04496092053105668,1.9583333333333335,0.59947894041409,CrSc3,L12,111
CrSc_L10_101,10.5,7.0,2.0615528128088303,9.546875,2.3744459788753294,5.833333333333333,1.5099999999999998,0.05197645327509545,3.0,0.6930193770012737,CrSc,L10,101
CrSn3_L12_111,10.5,9.0,1.5,9.4453125,1.956294303611742,7.5,1.888125,0.04496092053105674,16.40625,2.2480460265528373,CrSn3,L12,111
CrSn_L10_101,10.5,7.0,2.0615528128088303,9.546875,2.3744459788753294,5.833333333333333,1.81,0.05197645327509565,12.5,2.598822663754776,CrSn,L10,101
CrTa3_L12_111,10.5,9.0,1.5,9.4453125,1.956294303611742,7.5,1.5383333333333333,0.023979157616563652,18.6875,2.6976552318634046,CrTa3,L12,111
CrTa_L10_101,10.5,7.0,2.0615528128088303,9.546875,2.3744459788753294,5.833333333333333,1.58,0.027720775080050896,14.0,3.118587196505732,CrTa,L10,101
CrTc3_L12_111,10.5,9.0,1.5,9.4453125,1.956294303611742,7.5,1.8424999999999996,0.03596873642484537,12.604166666666664,1.498697351035225,CrTc3,L12,111
CrTc_L10_101,10.5,7.0,2.0615528128088303,9.546875,2.3744459788753294,5.833333333333333,1.7799999999999998,0.041581162620076384,10.0,1.7325484425031838,CrTc,L10,101
CrTi3_L12_111,10.59375,9.0,1.4970674458754356,9.65625,2.0432338797846907,7.5,1.5662500000000001,0.018998355191963412,2.65625,0.47495887979908324,CrTi3,L12,111
CrTi_L10_101,10.5,7.0,2.0615528128088303,9.598958333333332,2.4197571385110117,5.833333333333333,1.6,0.020790581310038244,3.5,0.5197645327509554,CrTi,L10,101
CrTl3_L12_111,10.5,9.0,1.5,9.4453125,1.956294303611742,7.5,1.6295833333333336,0.005994789404140883,24.010416666666668,3.7467433775880616,CrTl3,L12,111
CrTl_L10_101,11.25,7.0,2.384848003542364,11.036458333333334,2.8650141721459637,6.333333333333333,1.638336038961039,0.005272545089536917,18.53997564935065,3.295340680960634,CrTl,L10,101
CrV3_L12_111,10.5,9.0,1.5,9.4453125,1.956294303611742,7.5,1.6371875,0.0044960920531057335,3.4791666666666665,0.2997394702070449,CrV3,L12,111
CrV_L10_101,10.5,7.0,2.0615528128088303,9.546875,2.3744459788753294,5.833333333333333,1.645,0.00519764532750966,4.0,0.34650968850063685,CrV,L10,101
CrW3_L12_111,10.5,9.0,1.5,9.4453125,1.956294303611742,7.5,2.1922916666666667,0.10490881457246568,19.44791666666667,2.847524966966927,CrW3,L12,111
CrW_L10_101,10.5,7.0,2.0615528128088303,9.546875,2.3744459788753294,5.833333333333333,2.01,0.12127839097522285,14.5,3.29184204075605,CrW,L10,101
CrY3_L12_111,10.59375,9.0,1.4970674458754356,9.65625,2.0432338797846907,7.5,1.3162500000000001,0.06966063570386545,9.6875,0.9499177595981665,CrY3,L12,111
CrZn3_L12_111,10.5,9.0,1.5,9.4453125,1.956294303611742,7.5,1.6523958333333333,0.001498697351035315,8.802083333333334,0.7493486755176121,CrZn3,L12,111
CrZn_L10_101,10.5,7.0,2.0615528128088303,9.546875,2.3744459788753294,5.833333333333333,1.6549999999999998,0.0017325484425031582,7.5,0.866274221251592,CrZn,L10,101
CrZr3_L12_111,10.59375,9.0,1.4970674458754356,9.65625,2.0432338797846907,7.5,1.4021875000000001,0.0522454767778992,10.46875,1.1082373861978612,CrZr3,L12,111
CrZr_L10_101,10.5,7.0,2.0615528128088303,9.598958333333332,2.4197571385110117,5.833333333333333,1.495,0.05717409860260504,8.5,1.2127839097522288,CrZr,L10,101
Cr_A1_111,4.375,2.0,0.9921567416492215,1.6770833333333335,0.4831132760543847,0.6666666666666666,1.6599999999999997,1.3597399555105182e-16,5.0,0.0,Cr,A1,111
Cu3Fe_L12_111,10.5,9.0,1.5,9.4453125,1.956294303611742,7.5,1.8832291666666663,0.010490881457246456,9.041666666666664,0.5994789404140902,Cu3Fe,L12,111
Cu3Ga_L12_111,10.5,9.0,1.5,9.4453125,1.956294303611742,7.5,1.8784374999999995,0.013488276159316977,10.0,0.0,Cu3Ga,L12,111
Cu3Hf_L12_111,10.59375,9.0,1.4970674458754356,9.65625,2.0432338797846907,7.5,1.7687499999999998,0.09499177595981641,12.625,1.899835519196333,Cu3Hf,L12,111
Cu3Hg_L12_111,10.59375,9.0,1.4970674458754356,9.65625,2.0432338797846907,7.5,1.9218749999999998,0.015831962659969608,14.375,3.166392531993889,Cu3Hg,L12,111
Cu3In_L12_111,10.59375,9.0,1.4970674458754356,9.65625,2.0432338797846907,7.5,1.8737499999999996,0.018998355191963273,12.187500000000002,1.5831962659969443,Cu3In,L12,111
Cu3Ir_L12_111,10.5,9.0,1.5,9.4453125,1.956294303611742,7.5,1.9718749999999998,0.044960920531056894,14.072916666666666,2.547785496759882,Cu3Ir,L12,111
Cu3La_L12_111,11.71875,9.0,2.588850794754306,11.6796875,3.239372941654222,8.083333333333334,1.6634090909090908,0.04705021202705282,13.253124999999997,0.6469404153719772,Cu3La,L12,111
Cu3Mn_L12_111,10.5,9.0,1.5,9.4453125,1.956294303611742,7.5,1.8161458333333331,0.05245440728623268,8.802083333333336,0.7493486755176121,Cu3Mn,L12,111
Cu3Mo_L12_111,10.59375,9.0,1.4970674458754356,9.65625,2.0432338797846907,7.5,1.956875,0.04116310291592083,11.09375,0.7915981329984718,Cu3Mo,L12,111
Cu3Nb_L12_111,10.59375,9.0,1.4970674458754356,9.65625,2.0432338797846907,7.5,1.8343749999999996,0.04749588797990819,10.875000000000002,0.6332785063987779,Cu3Nb,L12,111
Cu3Ni_L12_111,10.5,9.0,1.5,9.4453125,1.956294303611742,7.5,1.9023958333333333,0.0014986973510354147,9.520833333333334,0.29973947020704467,Cu3Ni,L12,111
Cu3Os_L12_111,10.5,9.0,1.5,9.4453125,1.956294303611742,7.5,1.9718749999999998,0.044960920531056894,13.833333333333334,2.39791576165636,Cu3Os,L12,111
Cu3Pb_L12_111,11.375,9.0,2.381569860407206,11.177083333333334,2.8690117285593506,8.083333333333334,2.029407196969697,0.0250339716241535,16.018939393939394,1.1643707732164452,Cu3Pb,L12,111
Cu3Pd_L12_111,10.5,9.0,1.5,9.4453125,1.956294303611742,7.5,1.9718749999999998,0.044960920531056894,12.395833333333334,1.498697351035225,Cu3Pd,L12,111
Cu3Pt_L12_111,10.5,9.0,1.5,9.4453125,1.956294303611742,7.5,1.9910416666666664,0.05695049933933871,14.552083333333332,2.8475249669669265,Cu3Pt,L12,111
Cu3Re_L12_111,10.5,9.0,1.5,9.4453125,1.956294303611742,7.5,1.8999999999999995,1.5700924586837752e-16,13.59375,2.2480460265528373,Cu3Re,L12,111
Cu3Rh_L12_111,10.5,9.0,1.5,9.4453125,1.956294303611742,7.5,1.9910416666666664,0.05695049933933871,11.916666666666666,1.1989578808281796,Cu3Rh,L12,111
Cu3Ru_L12_111,10.5,9.0,1.5,9.4453125,1.956294303611742,7.5,1.9718749999999998,0.044960920531056894,11.677083333333334,1.0490881457246577,Cu3Ru,L12,111
Cu3Sc_L12_111,10.59375,9.0,1.4970674458754356,9.65625,2.0432338797846907,7.5,1.7818749999999997,0.08549259836383483,8.03125,1.4248766393972496,Cu3Sc,L12,111
Cu3Sn_L12_111,10.59375,9.0,1.4970674458754356,9.65625,2.0432338797846907,7.5,1.913125,0.009499177595981952,12.1875,1.5831962659969445,Cu3Sn,L12,111
Cu3Ta_L12_111,10.59375,9.0,1.4970674458754356,9.65625,2.0432338797846907,7.5,1.8124999999999998,0.06332785063987763,12.843750000000002,2.058155145796028,Cu3Ta,L12,111
Cu3Tc_L12_111,10.5,9.0,1.5,9.4453125,1.956294303611742,7.5,1.8999999999999995,1.5700924586837752e-16,11.197916666666666,0.7493486755176121,Cu3Tc,L12,111
Cu3Ti_L12_111,10.5,9.0,1.5,9.4453125,1.956294303611742,7.5,1.8137499999999998,0.05395310463726798,8.083333333333332,1.1989578808281798,Cu3Ti,L12,111
Cu3V_L12_111,10.5,9.0,1.5,9.4453125,1.956294303611742,7.5,1.8353124999999997,0.040464828477951,8.322916666666668,1.0490881457246575,Cu3V,L12,111
Cu3W_L12_111,10.5,9.0,1.5,9.4453125,1.956294303611742,7.5,2.010208333333333,0.06894007814762039,13.354166666666666,2.0981762914493145,Cu3W,L12,111
Cu3Y_L12_111,11.375,9.0,2.381569860407206,11.177083333333334,2.86901172855935,8.083333333333334,1.6953560606060605,0.039588606289359105,10.300946969696971,0.05821853866082253,Cu3Y,L12,111
Cu3Zn_L12_111,10.5,9.0,1.5,9.4453125,1.956294303611742,7.5,1.8401041666666664,0.03746743377588058,10.0,0.0,Cu3Zn,L12,111
Cu3Zr_L12_111,10.59375,9.0,1.4970674458754356,9.65625,2.0432338797846907,7.5,1.7753124999999998,0.09024218716182567,10.437499999999998,0.31663925319938857,Cu3Zr,L12,111
CuFe3_L12_111,10.59375,9.0,1.4970674458754356,9.65625,2.0432338797846907,7.5,1.8453124999999997,0.011082373861978688,6.875,0.6332785063987776,CuFe3,L12,111
CuFe_L10_101,10.5,7.0,2.0615528128088303,9.546875,2.3744459788753294,5.833333333333333,1.8649999999999998,0.012127839097522347,8.0,0.6930193770012737,CuFe,L10,101
CuGa3_L12_111,10.59375,9.0,1.4970674458754356,9.65625,2.0432338797846907,7.5,1.8296875,0.014248766393972526,10.0,0.0,CuGa3,L12,111
CuGa_L10_101,10.5,7.0,2.0615528128088303,9.546875,2.3744459788753294,5.833333333333333,1.8549999999999998,0.015592935982528608,10.0,0.0,CuGa,L10,101
CuHf3_L12_111,10.59375,9.0,1.4970674458754356,9.65625,2.0432338797846907,7.5,1.4312500000000001,0.09499177595981662,19.375,1.899835519196333,CuHf3,L12,111
CuHf_L10_101,10.5,7.0,2.0615528128088303,9.546875,2.3744459788753294,5.833333333333333,1.6,0.1039529065501911,16.0,2.0790581310038214,CuHf,L10,101
CuHg3_L12_111,10.5,9.0,1.5,9.4453125,1.956294303611742,7.5,1.9760416666666667,0.014986973510352245,25.20833333333333,2.99739470207045,CuHg3,L12,111
CuHg_L10_101,10.5,7.0,2.0615528128088303,9.546875,2.3744459788753294,5.833333333333333,1.9500000000000002,0.01732548442503193,20.0,3.4650968850063677,CuHg,L10,101
CuIn3_L12_111,10.59375,9.0,1.4970674458754356,9.65625,2.0432338797846907,7.5,1.80625,0.018998355191963124,17.8125,1.5831962659969436,CuIn3,L12,111
CuIn_L10_101,10.5,7.0,2.0615528128088303,9.546875,2.3744459788753294,5.833333333333333,1.8399999999999994,0.020790581310038136,15.0,1.732548442503184,CuIn,L10,101
CuIr3_L12_111,10.5,9.0,1.5,9.4453125,1.956294303611742,7.5,2.128125,0.044960920531056874,22.92708333333333,2.5477854967598828,CuIr3,L12,111
CuIr_L10_101,10.5,7.0,2.0615528128088303,9.598958333333332,2.4197571385110117,5.833333333333333,2.05,0.05197645327509543,18.5,2.9453323522554125,CuIr,L10,101
CuLa3_L12_111,10.59375,9.0,1.4970674458754356,9.65625,2.0432338797846907,7.5,1.275,0.12665570127975562,18.59375,1.7415158925966392,CuLa3,L12,111
CuLa_L10_101,10.375,5.0,3.9666579131556077,10.296875,3.3164898338014446,5.083333333333333,1.3047008547008545,0.2050387091092312,18.18536324786325,2.819282250251929,CuLa,L10,101
CuMn_L10_101,10.5,7.0,2.0615528128088303,9.546875,2.3744459788753294,5.833333333333333,1.725,0.060639195487611534,7.5,0.866274221251592,CuMn,L10,101
CuMo3_L12_111,10.5,9.0,1.5,9.4453125,1.956294303611742,7.5,2.0977083333333337,0.03896613112691585,13.802083333333336,0.7493486755176121,CuMo3,L12,111
CuMo_L10_101,10.5,7.0,2.0615528128088303,9.598958333333332,2.4197571385110117,5.833333333333333,2.0300000000000002,0.04504625950508293,12.5,0.8662742212515923,CuMo,L10,101
CuNb3_L12_111,10.5,9.0,1.5,9.4453125,1.956294303611742,7.5,1.6718750000000002,0.04496092053105668,13.041666666666666,0.5994789404140902,CuNb3,L12,111
CuNb_L10_101,10.5,7.0,2.0615528128088303,9.598958333333332,2.4197571385110117,5.833333333333333,1.75,0.0519764532750955,12.0,0.6930193770012735,CuNb,L10,101
CuNi3_L12_111,10.5,9.0,1.5,9.4453125,1.956294303611742,7.5,1.9076041666666663,0.001498697351035163,8.479166666666664,0.2997394702070447,CuNi3,L12,111
CuNi_L10_101,10.5,7.0,2.0615528128088303,9.598958333333332,2.4197571385110117,5.833333333333333,1.9049999999999998,0.0017325484425031582,9.0,0.34650968850063735,CuNi,L10,101
CuOs3_L12_111,10.59375,9.0,1.4970674458754356,9.65625,2.0432338797846907,7.5,2.134375,0.04749588797990844,22.500000000000004,2.5331140255951103,CuOs3,L12,111
CuOs_L10_101,10.5,7.0,2.0615528128088303,9.546875,2.3744459788753294,5.833333333333333,2.05,0.05197645327509543,18.0,2.772077508005095,CuOs,L10,101
CuPb3_L12_111,10.59375,9.0,1.4970674458754356,9.65625,2.0432338797846907,7.5,2.2359374999999995,0.06807743943786866,25.624999999999996,3.1663925319938886,CuPb3,L12,111
CuPb_L10_101,11.25,7.0,2.384848003542364,11.109375,2.910964478091125,6.333333333333333,2.1328875811688306,0.05667985971252292,20.831980519480517,2.6362725447685063,CuPb,L10,101
CuPd3_L12_111,10.59375,9.0,1.4970674458754356,9.65625,2.0432338797846907,7.5,2.134375,0.04749588797990844,17.812500000000004,1.5831962659969436,CuPd3,L12,111
CuPd_L10_101,10.5,7.0,2.0615528128088303,9.546875,2.3744459788753294,5.833333333333333,2.05,0.05197645327509543,15.0,1.732548442503184,CuPd,L10,101
CuPt3_L12_111,10.5,9.0,1.5,9.4453125,1.956294303611742,7.5,2.188958333333334,0.056950499339338476,24.44791666666667,2.847524966966927,CuPt3,L12,111
CuPt_L10_101,10.5,7.0,2.0615528128088303,9.598958333333332,2.4197571385110117,5.833333333333333,2.0900000000000003,0.06583684081512105,19.5,3.2918420407560505,CuPt,L10,101
CuRe3_L12_111,10.5,9.0,1.5,9.4453125,1.956294303611742,7.5,1.8999999999999995,1.5700924586837752e-16,21.40625,2.2480460265528373,CuRe3,L12,111
CuRe_L10_101,10.5,7.0,2.0615528128088303,9.598958333333332,2.4197571385110117,5.833333333333333,1.8999999999999997,2.9373740229761033e-16,17.5,2.5988226637547767,CuRe,L10,101
CuRh3_L12_111,10.5,9.0,1.5,9.4453125,1.956294303611742,7.5,2.188958333333334,0.056950499339338476,16.083333333333336,1.1989578808281796,CuRh3,L12,111
CuRh_L10_101,10.5,7.0,2.0615528128088303,9.598958333333332,2.4197571385110117,5.833333333333333,2.0900000000000003,0.06583684081512105,14.0,1.3860387540025476,CuRh,L10,101
CuRu3_L12_111,10.59375,9.0,1.4970674458754356,9.65625,2.0432338797846907,7.5,2.134375,0.04749588797990844,15.468749999999998,1.108237386197861,CuRu3,L12,111
CuRu_L10_101,10.5,7.0,2.0615528128088303,9.546875,2.3744459788753294,5.833333333333333,2.05,0.05197645327509543,13.5,1.2127839097522288,CuRu,L10,101
CuSc3_L12_111,10.5,9.0,1.5,9.4453125,1.956294303611742,7.5,1.4893750000000001,0.08092965695590212,3.15625,1.3488276159317023,CuSc3,L12,111
CuSc_L10_101,11.25,7.0,2.384848003542364,11.109375,2.910964478091125,6.333333333333333,1.6075365259740257,0.07117935870874958,5.125608766233766,1.1863226451458282,CuSc,L10,101
CuSn3_L12_111,10.5,9.0,1.5,9.4453125,1.956294303611742,7.5,1.9456250000000002,0.008992184106211314,17.60416666666667,1.4986973510352242,CuSn3,L12,111
CuSn_L10_101,10.5,7.0,2.0615528128088303,9.598958333333332,2.4197571385110117,5.833333333333333,1.9300000000000002,0.010395290655019087,15.0,1.732548442503184,CuSn,L10,101
CuTa3_L12_111,10.5,9.0,1.5,9.4453125,1.956294303611742,7.5,1.5958333333333334,0.05994789404140898,19.885416666666668,1.9483065563457915,CuTa3,L12,111
CuTa_L10_101,10.5,7.0,2.0615528128088303,9.598958333333332,2.4197571385110117,5.833333333333333,1.6999999999999997,0.0693019377001274,16.5,2.2523129752541395,CuTa,L10,101
CuTc3_L12_111,10.5,9.0,1.5,9.4453125,1.956294303611742,7.5,1.8999999999999995,1.5700924586837752e-16,13.802083333333336,0.7493486755176121,CuTc3,L12,111
CuTc_L10_101,10.5,7.0,2.0615528128088303,9.598958333333332,2.4197571385110117,5.833333333333333,1.8999999999999997,2.9373740229761033e-16,12.5,0.8662742212515923,CuTc,L10,101
CuTi3_L12_111,10.59375,9.0,1.4970674458754356,9.65625,2.0432338797846907,7.5,1.61875,0.05699506557589,3.75,1.2665570127975554,CuTi3,L12,111
CuTi_L10_101,10.5,7.0,2.0615528128088303,9.546875,2.3744459788753294,5.833333333333333,1.7199999999999998,0.062371743930114576,6.0,1.3860387540025474,CuTi,L10,101
CuTl3_L12_111,10.5,9.0,1.5,9.4453125,1.956294303611742,7.5,1.6870833333333333,0.041963525828986166,25.208333333333332,2.99739470207045,CuTl3,L12,111
CuTl_L10_101,9.5,5.0,3.1622776601683795,8.432291666666668,2.4321020625599443,4.5,1.7022916666666665,0.08240709204579666,24.12202380952381,5.886220860414064,CuTl,L10,101
CuV3_L12_111,10.5,9.0,1.5,9.4453125,1.956294303611742,7.5,1.6946874999999997,0.04046482847795106,4.677083333333333,1.0490881457246573,CuV3,L12,111
CuV_L10_101,10.5,7.0,2.0615528128088303,9.598958333333332,2.4197571385110117,5.833333333333333,1.7649999999999997,0.04677880794758599,6.5,1.212783909752229,CuV,L10,101
CuW3_L12_111,10.5,9.0,1.5,9.4453125,1.956294303611742,7.5,2.249791666666667,0.06894007814762033,20.64583333333333,2.0981762914493154,CuW3,L12,111
CuW_L10_101,10.5,7.0,2.0615528128088303,9.598958333333332,2.4197571385110117,5.833333333333333,2.13,0.07969722835514646,17.0,2.4255678195044577,CuW,L10,101
CuY3_L12_111,10.59375,9.0,1.4970674458754356,9.65625,2.0432338797846907,7.5,1.36875,0.10765734608779215,10.78125,0.1583196265996947,CuY3,L12,111
CuY_L10_101,11.25,7.0,2.384848003542364,11.109375,2.910964478091125,6.333333333333333,1.5317126623376622,0.08963326652212918,10.541599025974026,0.13181362723842513,CuY,L10,101
CuZn3_L12_111,10.5,9.0,1.5,9.4453125,1.956294303611742,7.5,1.7098958333333332,0.037467433775880694,10.0,0.0,CuZn3,L12,111
CuZn_L10_101,10.5,7.0,2.0615528128088303,9.598958333333332,2.4197571385110117,5.833333333333333,1.775,0.043313711062579516,10.0,0.0,CuZn,L10,101
CuZr3_L12_111,10.59375,9.0,1.4970674458754356,9.65625,2.0432338797846907,7.5,1.4546875000000001,0.09024218716182579,11.5625,0.31663925319938857,CuZr3,L12,111
CuZr_L10_101,10.5,7.0,2.0615528128088303,9.546875,2.3744459788753294,5.833333333333333,1.6149999999999998,0.09875526122268144,11.0,0.34650968850063735,CuZr,L10,101
Cu_A1_111,4.375,2.0,0.9921567416492215,1.6770833333333335,0.4831132760543847,0.6666666666666666,1.9,0.0,10.0,0.0,Cu,A1,111
Fe3Ga_L12_111,10.59375,9.0,1.4970674458754356,9.65625,2.0432338797846907,7.5,1.8256249999999998,0.003166392531993772,6.874999999999999,0.6332785063987776,Fe3Ga,L12,111
Fe3Hf_L12_111,10.5,9.0,1.5,9.4453125,1.956294303611742,7.5,1.703020833333333,0.07943095960486679,9.833333333333336,2.3979157616563596,Fe3Hf,L12,111
Fe3In_L12_111,10.5,9.0,1.5,9.4453125,1.956294303611742,7.5,1.8180208333333332,0.007493486755175935,9.354166666666664,2.098176291449315,Fe3In,L12,111
Fe3La_L12_111,11.375,9.0,2.381569860407206,11.177083333333334,2.86901172855935,8.083333333333334,1.6103087121212123,0.042499533222400215,10.514204545454545,0.8732780799123335,Fe3La,L12,111
Fe3Mo_L12_111,10.59375,9.0,1.4970674458754356,9.65625,2.0432338797846907,7.5,1.9021875000000001,0.052245476777899445,7.96875,1.4248766393972496,Fe3Mo,L12,111
Fe3Nb_L12_111,10.59375,9.0,1.4970674458754356,9.65625,2.0432338797846907,7.5,1.7796874999999999,0.03641351411792952,7.75,1.2665570127975552,Fe3Nb,L12,111
Fe3Pb_L12_111,11.71875,9.0,2.588850794754306,11.6796875,3.239372941654222,8.083333333333334,1.9778693181818179,0.029406382516908032,13.097727272727273,1.4115063608115872,Fe3Pb,L12,111
Fe3Sc_L12_111,10.5,9.0,1.5,9.4453125,1.956294303611742,7.5,1.7173958333333332,0.07043877549865543,4.802083333333332,0.7493486755176125,Fe3Sc,L12,111
Fe3Sn_L12_111,10.59375,9.0,1.4970674458754356,9.65625,2.0432338797846907,7.5,1.8584375,0.020581551457960562,9.0625,2.2164747723957214,Fe3Sn,L12,111
Fe3Ta_L12_111,10.59375,9.0,1.4970674458754356,9.65625,2.0432338797846907,7.5,1.7578124999999998,0.05224547677789896,9.718749999999998,2.691433652194805,Fe3Ta,L12,111
Fe3Ti_L12_111,10.59375,9.0,1.4970674458754356,9.65625,2.0432338797846907,7.5,1.7665624999999998,0.0459126917139112,5.125000000000001,0.6332785063987776,Fe3Ti,L12,111
Fe3Tl_L12_111,11.71875,9.0,2.588850794754306,11.6796875,3.239372941654222,8.083333333333334,1.7678948863636363,0.01235068065710138,13.097727272727273,1.4115063608115872,Fe3Tl,L12,111
Fe3V_L12_111,10.59375,9.0,1.4970674458754356,9.65625,2.0432338797846907,7.5,1.78625,0.03166392531993879,5.34375,0.47495887979908324,Fe3V,L12,111
Fe3W_L12_111,10.59375,9.0,1.4970674458754356,9.65625,2.0432338797846907,7.5,1.9459374999999999,0.0839094020978381,9.9375,2.8497532787944992,Fe3W,L12,111
Fe3Y_L12_111,11.71875,9.0,2.588850794754306,11.6796875,3.239372941654222,8.083333333333334,1.6495994318181817,0.03587578667062787,7.478693181818183,0.29406382516908075,Fe3Y,L12,111
Fe3Zn_L12_111,10.59375,9.0,1.4970674458754356,9.65625,2.0432338797846907,7.5,1.7906249999999997,0.028497532787944882,6.874999999999999,0.6332785063987776,Fe3Zn,L12,111
Fe3Zr_L12_111,10.5,9.0,1.5,9.4453125,1.956294303611742,7.5,1.710208333333333,0.07493486755176107,7.4375,0.899218410621135,Fe3Zr,L12,111
FeGa3_L12_111,10.5,9.0,1.5,9.4453125,1.956294303611742,7.5,1.8147916666666666,0.0029973947020705788,9.041666666666666,0.5994789404140902,FeGa3,L12,111
FeGa_L10_101,10.5,7.0,2.0615528128088303,9.598958333333332,2.4197571385110117,5.833333333333333,1.8199999999999998,0.00346509688500637,8.0,0.6930193770012737,FeGa,L10,101
FeHf_L10_101,10.5,7.0,2.0615528128088303,9.598958333333332,2.4197571385110117,5.833333333333333,1.565,0.09182506745266869,14.0,2.772077508005095,FeHf,L10,101
FeHg3_L12_111,10.59375,9.0,1.4970674458754356,9.65625,2.0432338797846907,7.5,1.9628125,0.026914336521947982,24.75,3.799671038392666,FeHg3,L12,111
FeHg_L10_101,10.5,7.0,2.0615528128088303,9.546875,2.3744459788753294,5.833333333333333,1.9150000000000003,0.02945332352255412,18.0,4.158116262007642,FeHg,L10,101
FeIn3_L12_111,10.59375,9.0,1.4970674458754356,9.65625,2.0432338797846907,7.5,1.7909375,0.00791598132998458,16.9375,2.2164747723957214,FeIn3,L12,111
FeIn_L10_101,10.5,7.0,2.0615528128088303,9.598958333333332,2.4197571385110117,5.833333333333333,1.8049999999999997,0.008662742212516084,13.0,2.425567819504458,FeIn,L10,101
FeIr3_L12_111,10.5,9.0,1.5,9.4453125,1.956294303611742,7.5,2.1113541666666666,0.055451801988303295,21.96875,3.1472644371739724,FeIr3,L12,111
FeIr_L10_101,10.5,7.0,2.0615528128088303,9.546875,2.3744459788753294,5.833333333333333,2.0149999999999997,0.06410429237261786,16.5,3.6383517292566867,FeIr,L10,101
FeLa3_L12_111,10.59375,9.0,1.4970674458754356,9.65625,2.0432338797846907,7.5,1.2596875,0.11557332741777702,17.71875,2.3747943989954163,FeLa3,L12,111
FeLa_L10_101,11.25,7.0,2.384848003542364,11.036458333333334,2.8650141721459637,6.333333333333333,1.4346327110389612,0.09622394788405057,14.12398538961039,1.9772044085763802,FeLa,L10,101
FeMo3_L12_111,10.5,9.0,1.5,9.4453125,1.956294303611742,7.5,2.0809375,0.04945701258416247,12.84375,1.3488276159317023,FeMo3,L12,111
FeNb3_L12_111,10.5,9.0,1.5,9.4453125,1.956294303611742,7.5,1.6551041666666668,0.03447003907381007,12.083333333333334,1.1989578808281796,FeNb3,L12,111
FeNb_L10_101,10.5,7.0,2.0615528128088303,9.546875,2.3744459788753294,5.833333333333333,1.7149999999999999,0.039848614177573245,10.0,1.3860387540025476,FeNb,L10,101
FeNi3_L12_111,10.5,9.0,1.5,9.4453125,1.956294303611742,7.5,1.8908333333333331,0.011989578808281684,7.520833333333332,0.2997394702070451,FeNi3,L12,111
FeNi_L10_101,10.5,7.0,2.0615528128088303,9.546875,2.3744459788753294,5.833333333333333,1.87,0.013860387540025524,7.0,0.34650968850063674,FeNi,L10,101
FeOs3_L12_111,10.5,9.0,1.5,9.4453125,1.956294303611742,7.5,2.1113541666666666,0.055451801988303295,21.20833333333333,2.99739470207045,FeOs3,L12,111
FeOs_L10_101,10.5,7.0,2.0615528128088303,9.598958333333332,2.4197571385110117,5.833333333333333,2.0149999999999997,0.06410429237261786,16.0,3.465096885006368,FeOs,L10,101
FePb3_L12_111,10.59375,9.0,1.4970674458754356,9.65625,2.0432338797846907,7.5,2.220624999999999,0.07915981329984731,24.75,3.799671038392666,FePb3,L12,111
FePb_L10_101,11.25,7.0,2.384848003542364,11.036458333333334,2.8650141721459637,6.333333333333333,2.1007995129870123,0.06590681361921273,18.998376623376622,3.1635270537222087,FePb,L10,101
FePd3_L12_111,10.59375,9.0,1.4970674458754356,9.65625,2.0432338797846907,7.5,2.1190625,0.05857826184188688,16.9375,2.2164747723957214,FePd3,L12,111
FePd_L10_101,10.5,7.0,2.0615528128088303,9.598958333333332,2.4197571385110117,5.833333333333333,2.0149999999999997,0.06410429237261786,13.0,2.425567819504458,FePd,L10,101
FePt3_L12_111,10.5,9.0,1.5,9.4453125,1.956294303611742,7.5,2.1721875000000006,0.067441380796585,23.48958333333333,3.4470039073810175,FePt3,L12,111
FePt_L10_101,10.5,7.0,2.0615528128088303,9.546875,2.3744459788753294,5.833333333333333,2.055,0.0779646799126432,17.5,3.9848614177573234,FePt,L10,101
FeRe3_L12_111,10.5,9.0,1.5,9.4453125,1.956294303611742,7.5,1.8832291666666663,0.010490881457246456,20.44791666666667,2.847524966966927,FeRe3,L12,111
FeRh3_L12_111,10.5,9.0,1.5,9.4453125,1.956294303611742,7.5,2.1721875000000006,0.067441380796585,15.125,1.79843682124227,FeRh3,L12,111
FeRh_L10_101,10.5,7.0,2.0615528128088303,9.546875,2.3744459788753294,5.833333333333333,2.055,0.0779646799126432,12.0,2.079058131003821,FeRh,L10,101
FeRu3_L12_111,10.5,9.0,1.5,9.4453125,1.956294303611742,7.5,2.1113541666666666,0.055451801988303295,14.364583333333336,1.6485670861387471,FeRu3,L12,111
FeRu_L10_101,10.5,7.0,2.0615528128088303,9.598958333333332,2.4197571385110117,5.833333333333333,2.0149999999999997,0.06410429237261786,11.5,1.905803286753503,FeRu,L10,101
FeSc3_L12_111,10.5,9.0,1.5,9.4453125,1.956294303611742,7.5,1.4726041666666667,0.07043877549865554,2.1979166666666665,0.7493486755176124,FeSc3,L12,111
FeSc_L10_101,10.5,7.0,2.0615528128088303,9.546875,2.3744459788753294,5.833333333333333,1.5950000000000002,0.08142977679764955,3.5,0.866274221251592,FeSc,L10,101
FeSn3_L12_111,10.5,9.0,1.5,9.4453125,1.956294303611742,7.5,1.928854166666667,0.01948306556345788,16.645833333333336,2.098176291449315,FeSn3,L12,111
FeSn_L10_101,10.5,7.0,2.0615528128088303,9.546875,2.3744459788753294,5.833333333333333,1.8950000000000005,0.0225231297525414,13.0,2.425567819504458,FeSn,L10,101
FeTa3_L12_111,10.5,9.0,1.5,9.4453125,1.956294303611742,7.5,1.5790625,0.04945701258416246,18.927083333333332,2.5477854967598828,FeTa3,L12,111
FeTa_L10_101,10.5,7.0,2.0615528128088303,9.546875,2.3744459788753294,5.833333333333333,1.665,0.05717409860260506,14.5,2.945332352255413,FeTa,L10,101
FeTc3_L12_111,10.5,9.0,1.5,9.4453125,1.956294303611742,7.5,1.8832291666666663,0.010490881457246456,12.84375,1.3488276159317023,FeTc3,L12,111
FeTc_L10_101,10.5,7.0,2.0615528128088303,9.546875,2.3744459788753294,5.833333333333333,1.8649999999999998,0.012127839097522347,10.5,1.559293598252866,FeTc,L10,101
FeTi_L10_101,10.5,7.0,2.0615528128088303,9.598958333333332,2.4197571385110117,5.833333333333333,1.685,0.050243904832592244,4.0,0.6930193770012737,FeTi,L10,101
FeTl_L10_101,11.25,7.0,2.384848003542364,11.036458333333334,2.8650141721459637,6.333333333333333,1.7162642045454546,0.027680861720069123,18.998376623376622,3.1635270537222087,FeTl,L10,101
FeV_L10_101,10.5,7.0,2.0615528128088303,9.546875,2.3744459788753294,5.833333333333333,1.7299999999999998,0.03465096885006366,4.5,0.5197645327509554,FeV,L10,101
FeW3_L12_111,10.5,9.0,1.5,9.4453125,1.956294303611742,7.5,2.2330208333333332,0.07943095960486694,19.6875,2.6976552318634046,FeW3,L12,111
FeW_L10_101,10.5,7.0,2.0615528128088303,9.546875,2.3744459788753294,5.833333333333333,2.0949999999999998,0.0918250674526687,15.0,3.118587196505732,FeW,L10,101
FeY_L10_101,11.25,7.0,2.384848003542364,11.036458333333334,2.8650141721459637,6.333333333333333,1.499624594155844,0.08040631261543936,8.70799512987013,0.6590681361921269,FeY,L10,101
FeZn3_L12_111,10.5,9.0,1.5,9.4453125,1.956294303611742,7.5,1.6931249999999998,0.02697655231863408,9.041666666666666,0.5994789404140902,FeZn3,L12,111
FeZn_L10_101,10.5,7.0,2.0615528128088303,9.546875,2.3744459788753294,5.833333333333333,1.7399999999999998,0.031185871965057246,8.0,0.6930193770012737,FeZn,L10,101
FeZr3_L12_111,10.59375,9.0,1.4970674458754356,9.65625,2.0432338797846907,7.5,1.439375,0.07915981329984724,10.6875,0.9499177595981665,FeZr3,L12,111
FeZr_L10_101,10.5,7.0,2.0615528128088303,9.598958333333332,2.4197571385110117,5.833333333333333,1.58,0.08662742212515921,9.0,1.0395290655019107,FeZr,L10,101
Fe_A1_111,4.375,2.0,0.9921567416492215,1.6770833333333335,0.4831132760543847,0.6666666666666666,1.83,0.0,6.0,0.0,Fe,A1,111
Ga3Hf_L12_111,10.5,9.0,1.5,9.4453125,1.956294303611742,7.5,1.6878125,0.07643356490279633,12.875,1.79843682124227,Ga3Hf,L12,111
Ga3Hg_L12_111,10.5,9.0,1.5,9.4453125,1.956294303611742,7.5,1.8555208333333333,0.028475249669669387,14.791666666666668,2.99739470207045,Ga3Hg,L12,111
Ga3In_L12_111,10.5,9.0,1.5,9.4453125,1.956294303611742,7.5,1.8028124999999997,0.00449609205310567,12.395833333333336,1.498697351035225,Ga3In,L12,111
Ga3Ir_L12_111,10.59375,9.0,1.4970674458754356,9.65625,2.0432338797846907,7.5,1.8953124999999997,0.06174465437388095,13.71875,2.691433652194805,Ga3Ir,L12,111
Ga3La_L12_111,11.375,9.0,2.381569860407206,11.177083333333334,2.86901172855935,8.083333333333334,1.5963276515151514,0.04133516244918376,13.310416666666665,0.6404039252690443,Ga3La,L12,111
Ga3Mn_L12_111,10.5,9.0,1.5,9.4453125,1.956294303611742,7.5,1.7477083333333334,0.03896613112691564,8.802083333333336,0.7493486755176121,Ga3Mn,L12,111
Ga3Mo_L12_111,10.5,9.0,1.5,9.4453125,1.956294303611742,7.5,1.8938541666666666,0.052454407286233046,11.197916666666666,0.7493486755176121,Ga3Mo,L12,111
Ga3Nb_L12_111,10.5,9.0,1.5,9.4453125,1.956294303611742,7.5,1.7596875,0.03147264437173954,10.958333333333336,0.5994789404140902,Ga3Nb,L12,111
Ga3Ni_L12_111,10.59375,9.0,1.4970674458754356,9.65625,2.0432338797846907,7.5,1.831875,0.015831962659969608,9.5625,0.31663925319938857,Ga3Ni,L12,111
Ga3Os_L12_111,10.59375,9.0,1.4970674458754356,9.65625,2.0432338797846907,7.5,1.8953124999999997,0.06174465437388095,13.5,2.533114025595111,Ga3Os,L12,111
Ga3Pb_L12_111,11.375,9.0,2.381569860407206,11.177083333333334,2.8690117285593506,8.083333333333334,1.9664924242424242,0.03027364010362763,16.018939393939394,1.1643707732164452,Ga3Pb,L12,111
Ga3Pd_L12_111,10.5,9.0,1.5,9.4453125,1.956294303611742,7.5,1.9034375,0.05844919669037388,12.395833333333334,1.498697351035225,Ga3Pd,L12,111
Ga3Pt_L12_111,10.59375,9.0,1.4970674458754356,9.65625,2.0432338797846907,7.5,1.9128124999999998,0.07441022450185657,14.15625,3.0080729053941933,Ga3Pt,L12,111
Ga3Re_L12_111,10.59375,9.0,1.4970674458754356,9.65625,2.0432338797846907,7.5,1.8296875,0.014248766393972526,13.28125,2.3747943989954163,Ga3Re,L12,111
Ga3Rh_L12_111,10.59375,9.0,1.4970674458754356,9.65625,2.0432338797846907,7.5,1.9128124999999998,0.07441022450185657,11.75,1.2665570127975552,Ga3Rh,L12,111
Ga3Ru_L12_111,10.59375,9.0,1.4970674458754356,9.65625,2.0432338797846907,7.5,1.8953124999999997,0.06174465437388095,11.53125,1.1082373861978612,Ga3Ru,L12,111
Ga3Sc_L12_111,10.59375,9.0,1.4970674458754356,9.65625,2.0432338797846907,7.5,1.7115624999999999,0.07124383196986231,8.03125,1.4248766393972496,Ga3Sc,L12,111
Ga3Sn_L12_111,10.5,9.0,1.5,9.4453125,1.956294303611742,7.5,1.8459375000000002,0.02248046026552865,12.395833333333334,1.498697351035225,Ga3Sn,L12,111
Ga3Ta_L12_111,10.5,9.0,1.5,9.4453125,1.956294303611742,7.5,1.7357291666666665,0.04645961788209189,13.114583333333336,1.9483065563457926,Ga3Ta,L12,111
Ga3Tc_L12_111,10.59375,9.0,1.4970674458754356,9.65625,2.0432338797846907,7.5,1.8296875,0.014248766393972526,11.09375,0.7915981329984718,Ga3Tc,L12,111
Ga3Ti_L12_111,10.5,9.0,1.5,9.4453125,1.956294303611742,7.5,1.7453124999999998,0.040464828477951,8.083333333333332,1.1989578808281798,Ga3Ti,L12,111
Ga3Tl_L12_111,11.375,9.0,2.381569860407206,11.177083333333334,2.86901172855935,8.083333333333334,1.7528200757575756,0.011061522345556287,16.018939393939394,1.1643707732164452,Ga3Tl,L12,111
Ga3V_L12_111,10.59375,9.0,1.4970674458754356,9.65625,2.0432338797846907,7.5,1.770625,0.028497532787944896,8.46875,1.1082373861978607,Ga3V,L12,111
Ga3W_L12_111,10.59375,9.0,1.4970674458754356,9.65625,2.0432338797846907,7.5,1.9303124999999999,0.08707579462983206,13.0625,2.2164747723957214,Ga3W,L12,111
Ga3Y_L12_111,11.375,9.0,2.381569860407206,11.177083333333334,2.86901172855935,8.083333333333334,1.632441287878788,0.03434893780988513,10.300946969696971,0.05821853866082253,Ga3Y,L12,111
Ga3Zn_L12_111,10.59375,9.0,1.4970674458754356,9.65625,2.0432338797846907,7.5,1.775,0.025331140255950936,10.0,0.0,Ga3Zn,L12,111
Ga3Zr_L12_111,10.5,9.0,1.5,9.4453125,1.956294303611742,7.5,1.6949999999999998,0.07193747284969071,10.479166666666664,0.2997394702070447,Ga3Zr,L12,111
GaHf3_L12_111,10.59375,9.0,1.4970674458754356,9.65625,2.0432338797846907,7.5,1.4115625,0.0807430095658441,19.375,1.899835519196333,GaHf3,L12,111
GaHf_L10_101,11.25,7.0,2.384848003542364,11.036458333333334,2.8650141721459637,6.333333333333333,1.5337844967532466,0.06722494989159686,16.49918831168831,1.5817635268611046,GaHf,L10,101
GaHg3_L12_111,10.5,9.0,1.5,9.4453125,1.956294303611742,7.5,1.9544791666666668,0.028475249669669283,25.20833333333333,2.99739470207045,GaHg3,L12,111
GaHg_L10_101,10.5,7.0,2.0615528128088303,9.598958333333332,2.4197571385110117,5.833333333333333,1.9050000000000002,0.03291842040756058,20.0,3.4650968850063677,GaHg,L10,101
GaIn3_L12_111,10.59375,9.0,1.4970674458754356,9.65625,2.0432338797846907,7.5,1.7865625,0.004749588797990719,17.8125,1.5831962659969436,GaIn3,L12,111
GaIn_L10_101,11.25,7.0,2.384848003542364,11.036458333333334,2.8650141721459637,6.333333333333333,1.7937520292207791,0.003954408817152691,15.415990259740258,1.3181362723842536,GaIn,L10,101
GaIr3_L12_111,10.5,9.0,1.5,9.4453125,1.956294303611742,7.5,2.1065625,0.05844919669037381,22.92708333333333,2.5477854967598828,GaIr3,L12,111
GaIr_L10_101,10.5,7.0,2.0615528128088303,9.546875,2.3744459788753294,5.833333333333333,2.005,0.06756938925762417,18.5,2.9453323522554125,GaIr,L10,101
GaLa3_L12_111,10.5,9.0,1.5,9.4453125,1.956294303611742,7.5,1.2701041666666668,0.10640751192350108,18.364583333333332,1.6485670861387478,GaLa3,L12,111
GaLa_L10_101,10.375,5.0,3.9666579131556077,10.364583333333332,3.315168605356965,5.083333333333333,1.2816720085470084,0.18197185433444268,18.18536324786325,2.819282250251929,GaLa,L10,101
GaMn_L10_101,10.5,7.0,2.0615528128088303,9.598958333333332,2.4197571385110117,5.833333333333333,1.6800000000000002,0.04504625950508289,7.5,0.866274221251592,GaMn,L10,101
GaMo3_L12_111,10.59375,9.0,1.4970674458754356,9.65625,2.0432338797846907,7.5,2.0834374999999996,0.05541186930989306,13.906250000000002,0.7915981329984718,GaMo3,L12,111
GaMo_L10_101,10.5,7.0,2.0615528128088303,9.546875,2.3744459788753294,5.833333333333333,1.985,0.060639195487611416,12.5,0.8662742212515923,GaMo,L10,101
GaNb3_L12_111,10.59375,9.0,1.4970674458754356,9.65625,2.0432338797846907,7.5,1.6459375,0.03324712158593574,13.125,0.6332785063987779,GaNb3,L12,111
GaNb_L10_101,10.5,7.0,2.0615528128088303,9.546875,2.3744459788753294,5.833333333333333,1.705,0.036383517292566885,12.0,0.6930193770012735,GaNb,L10,101
GaNi3_L12_111,10.5,9.0,1.5,9.4453125,1.956294303611742,7.5,1.8860416666666668,0.01498697351035215,8.479166666666664,0.2997394702070447,GaNi3,L12,111
GaNi_L10_101,10.5,7.0,2.0615528128088303,9.546875,2.3744459788753294,5.833333333333333,1.86,0.017325484425031797,9.0,0.34650968850063735,GaNi,L10,101
GaOs3_L12_111,10.59375,9.0,1.4970674458754356,9.65625,2.0432338797846907,7.5,2.1146875,0.06174465437388085,22.500000000000004,2.5331140255951103,GaOs3,L12,111
GaOs_L10_101,10.5,7.0,2.0615528128088303,9.598958333333332,2.4197571385110117,5.833333333333333,2.005,0.06756938925762417,18.0,2.772077508005095,GaOs,L10,101
GaPb3_L12_111,10.5,9.0,1.5,9.4453125,1.956294303611742,7.5,2.205416666666667,0.07793226225383157,25.20833333333333,2.99739470207045,GaPb3,L12,111
GaPb_L10_101,11.25,7.0,2.384848003542364,11.036458333333334,2.8650141721459637,6.333333333333333,2.091631493506493,0.06854308616398126,20.831980519480517,2.6362725447685063,GaPb,L10,101
GaPd3_L12_111,10.59375,9.0,1.4970674458754356,9.65625,2.0432338797846907,7.5,2.1146875,0.06174465437388085,17.812500000000004,1.5831962659969436,GaPd3,L12,111
GaPd_L10_101,10.5,7.0,2.0615528128088303,9.598958333333332,2.4197571385110117,5.833333333333333,2.005,0.06756938925762417,15.0,1.732548442503184,GaPd,L10,101
GaPt3_L12_111,10.5,9.0,1.5,9.4453125,1.956294303611742,7.5,2.167395833333333,0.07043877549865561,24.44791666666667,2.847524966966927,GaPt3,L12,111
GaPt_L10_101,10.5,7.0,2.0615528128088303,9.546875,2.3744459788753294,5.833333333333333,2.045,0.0814297767976496,19.5,3.2918420407560505,GaPt,L10,101
GaRe3_L12_111,10.5,9.0,1.5,9.4453125,1.956294303611742,7.5,1.8784374999999995,0.013488276159316977,21.40625,2.2480460265528373,GaRe3,L12,111
GaRe_L10_101,10.5,7.0,2.0615528128088303,9.546875,2.3744459788753294,5.833333333333333,1.8549999999999998,0.015592935982528608,17.5,2.5988226637547767,GaRe,L10,101
GaRh3_L12_111,10.5,9.0,1.5,9.4453125,1.956294303611742,7.5,2.167395833333333,0.07043877549865561,16.083333333333336,1.1989578808281796,GaRh3,L12,111
GaRh_L10_101,10.5,7.0,2.0615528128088303,9.546875,2.3744459788753294,5.833333333333333,2.045,0.0814297767976496,14.0,1.3860387540025476,GaRh,L10,101
GaRu3_L12_111,10.59375,9.0,1.4970674458754356,9.65625,2.0432338797846907,7.5,2.1146875,0.06174465437388085,15.468749999999998,1.108237386197861,GaRu3,L12,111
GaSc3_L12_111,10.59375,9.0,1.4970674458754356,9.65625,2.0432338797846907,7.5,1.4584375000000003,0.0712438319698625,2.96875,1.4248766393972496,GaSc3,L12,111
GaSc_L10_101,11.25,7.0,2.384848003542364,11.036458333333334,2.8650141721459637,6.333333333333333,1.5662804383116882,0.059316132257291314,5.125608766233766,1.1863226451458282,GaSc,L10,101
GaSn3_L12_111,10.59375,9.0,1.4970674458754356,9.65625,2.0432338797846907,7.5,1.9271875,0.023747943989954143,17.812500000000004,1.5831962659969436,GaSn3,L12,111
GaSn_L10_101,10.5,7.0,2.0615528128088303,9.546875,2.3744459788753294,5.833333333333333,1.8850000000000002,0.025988226637547705,15.0,1.732548442503184,GaSn,L10,101
GaTa3_L12_111,10.59375,9.0,1.4970674458754356,9.65625,2.0432338797846907,7.5,1.5678125,0.0490790842459053,20.15625,2.058155145796027,GaTa3,L12,111
GaTa_L10_101,10.5,7.0,2.0615528128088303,9.546875,2.3744459788753294,5.833333333333333,1.655,0.05370900171759862,16.5,2.2523129752541395,GaTa,L10,101
GaTc3_L12_111,10.5,9.0,1.5,9.4453125,1.956294303611742,7.5,1.8784374999999995,0.013488276159316977,13.802083333333336,0.7493486755176121,GaTc3,L12,111
GaTc_L10_101,10.5,7.0,2.0615528128088303,9.546875,2.3744459788753294,5.833333333333333,1.8549999999999998,0.015592935982528608,12.5,0.8662742212515923,GaTc,L10,101
GaTi3_L12_111,10.59375,9.0,1.4970674458754356,9.65625,2.0432338797846907,7.5,1.5990625,0.04274629918191749,3.75,1.2665570127975554,GaTi3,L12,111
GaTi_L10_101,10.5,7.0,2.0615528128088303,9.598958333333332,2.4197571385110117,5.833333333333333,1.6749999999999998,0.04677880794758599,6.0,1.3860387540025474,GaTi,L10,101
GaTl3_L12_111,10.5,9.0,1.5,9.4453125,1.956294303611742,7.5,1.6655208333333333,0.028475249669669175,25.208333333333332,2.99739470207045,GaTl3,L12,111
GaTl_L10_101,10.375,5.0,3.9666579131556077,10.296875,3.3164898338014446,5.083333333333333,1.6686164529914531,0.04869669341344228,24.88247863247863,5.12596772773078,GaTl,L10,101
GaV3_L12_111,10.5,9.0,1.5,9.4453125,1.956294303611742,7.5,1.673125,0.026976552318634082,4.677083333333333,1.0490881457246573,GaV3,L12,111
GaV_L10_101,10.5,7.0,2.0615528128088303,9.546875,2.3744459788753294,5.833333333333333,1.7199999999999998,0.031185871965057402,6.5,1.212783909752229,GaV,L10,101
GaW3_L12_111,10.5,9.0,1.5,9.4453125,1.956294303611742,7.5,2.228229166666667,0.08242835430693736,20.64583333333333,2.0981762914493154,GaW3,L12,111
GaW_L10_101,10.5,7.0,2.0615528128088303,9.546875,2.3744459788753294,5.833333333333333,2.0849999999999995,0.09529016433767501,17.0,2.4255678195044577,GaW,L10,101
GaY3_L12_111,10.5,9.0,1.5,9.4453125,1.956294303611742,7.5,1.3613541666666669,0.0884231437110783,10.760416666666666,0.14986973510352275,GaY3,L12,111
GaY_L10_101,11.25,7.0,2.384848003542364,11.036458333333334,2.8650141721459637,6.333333333333333,1.4904565746753247,0.0777700400706709,10.541599025974026,0.13181362723842513,GaY,L10,101
GaZn3_L12_111,10.5,9.0,1.5,9.4453125,1.956294303611742,7.5,1.688333333333333,0.02397915761656366,10.0,0.0,GaZn3,L12,111
GaZn_L10_101,10.5,7.0,2.0615528128088303,9.546875,2.3744459788753294,5.833333333333333,1.73,0.027720775080050972,10.0,0.0,GaZn,L10,101
GaZr3_L12_111,10.59375,9.0,1.4970674458754356,9.65625,2.0432338797846907,7.5,1.435,0.07599342076785333,11.5625,0.31663925319938857,GaZr3,L12,111
GaZr_L10_101,11.25,7.0,2.384848003542364,11.036458333333334,2.8650141721459637,6.333333333333333,1.5500324675324677,0.06327054107444412,11.083198051948052,0.26362725447685076,GaZr,L10,101
Ga_A1_111,4.375,2.0,0.9921567416492215,1.6770833333333335,0.4831132760543847,0.6666666666666666,1.81,0.0,10.0,0.0,Ga,A1,111
Hf3Hg_L12_111,10.5,9.0,1.5,9.4453125,1.956294303611742,7.5,1.4677083333333334,0.10490881457246566,23.916666666666668,1.1989578808281804,Hf3Hg,L12,111
Hf3In_L12_111,10.5,9.0,1.5,9.4453125,1.956294303611742,7.5,1.415,0.07193747284969071,21.520833333333332,0.2997394702070455,Hf3In,L12,111
Hf3Ir_L12_111,10.59375,9.0,1.4970674458754356,9.65625,2.0432338797846907,7.5,1.496875,0.1424876639397248,23.09375,0.7915981329984726,Hf3Ir,L12,111
Hf3La_L12_111,11.375,9.0,2.381569860407206,11.177083333333334,2.86901172855935,8.083333333333334,1.2398106060606062,0.01164370773216442,21.699053030303034,0.058218538660821405,Hf3La,L12,111
Hf3Mn_L12_111,10.59375,9.0,1.4970674458754356,9.65625,2.0432338797846907,7.5,1.3546875000000003,0.039579906649923606,18.28125,2.6914336521948057,Hf3Mn,L12,111
Hf3Mo_L12_111,10.59375,9.0,1.4970674458754356,9.65625,2.0432338797846907,7.5,1.4881250000000001,0.1361548788757372,20.46875,1.1082373861978603,Hf3Mo,L12,111
Hf3Nb_L12_111,10.59375,9.0,1.4970674458754356,9.65625,2.0432338797846907,7.5,1.3656249999999999,0.047495887979908245,20.25,1.2665570127975558,Hf3Nb,L12,111
Hf3Ni_L12_111,10.59375,9.0,1.4970674458754356,9.65625,2.0432338797846907,7.5,1.4334375000000001,0.09657497222581349,18.9375,2.2164747723957223,Hf3Ni,L12,111
Hf3Os_L12_111,10.59375,9.0,1.4970674458754356,9.65625,2.0432338797846907,7.5,1.496875,0.1424876639397248,22.875,0.6332785063987771,Hf3Os,L12,111
Hf3Pb_L12_111,10.59375,9.0,1.4970674458754356,9.65625,2.0432338797846907,7.5,1.5253125,0.1630692153976852,23.75,1.2665570127975558,Hf3Pb,L12,111
Hf3Pd_L12_111,10.59375,9.0,1.4970674458754356,9.65625,2.0432338797846907,7.5,1.496875,0.1424876639397248,21.5625,0.3166392531993894,Hf3Pd,L12,111
Hf3Pt_L12_111,10.59375,9.0,1.4970674458754356,9.65625,2.0432338797846907,7.5,1.5143749999999998,0.1551532340677004,23.53125,1.1082373861978603,Hf3Pt,L12,111
Hf3Re_L12_111,10.59375,9.0,1.4970674458754356,9.65625,2.0432338797846907,7.5,1.4312500000000001,0.09499177595981662,22.65625,0.47495887979908324,Hf3Re,L12,111
Hf3Rh_L12_111,10.59375,9.0,1.4970674458754356,9.65625,2.0432338797846907,7.5,1.5143749999999998,0.1551532340677004,21.125,0.6332785063987771,Hf3Rh,L12,111
Hf3Ru_L12_111,10.59375,9.0,1.4970674458754356,9.65625,2.0432338797846907,7.5,1.496875,0.1424876639397248,20.90625,0.7915981329984726,Hf3Ru,L12,111
Hf3Sc_L12_111,10.5,9.0,1.5,9.4453125,1.956294303611742,7.5,1.314375,0.008992184106211202,16.96875,3.1472644371739724,Hf3Sc,L12,111
Hf3Sn_L12_111,10.59375,9.0,1.4970674458754356,9.65625,2.0432338797846907,7.5,1.4443750000000002,0.10449095355579828,21.5625,0.3166392531993894,Hf3Sn,L12,111
Hf3Ta_L12_111,10.59375,9.0,1.4970674458754356,9.65625,2.0432338797846907,7.5,1.34375,0.03166392531993876,22.21875,0.15831962659969384,Hf3Ta,L12,111
Hf3Tc_L12_111,10.59375,9.0,1.4970674458754356,9.65625,2.0432338797846907,7.5,1.4312500000000001,0.09499177595981662,20.46875,1.1082373861978603,Hf3Tc,L12,111
Hf3Ti_L12_111,10.59375,9.0,1.4970674458754356,9.65625,2.0432338797846907,7.5,1.3525,0.03799671038392652,17.625,3.1663925319938877,Hf3Ti,L12,111
Hf3Tl_L12_111,10.5,9.0,1.5,9.4453125,1.956294303611742,7.5,1.376666666666667,0.04795831523312719,23.916666666666668,1.1989578808281804,Hf3Tl,L12,111
Hf3V_L12_111,10.59375,9.0,1.4970674458754356,9.65625,2.0432338797846907,7.5,1.3721875,0.05224547677789897,17.84375,3.008072905394194,Hf3V,L12,111
Hf3W_L12_111,10.59375,9.0,1.4970674458754356,9.65625,2.0432338797846907,7.5,1.531875,0.16781880419567596,22.4375,0.3166392531993894,Hf3W,L12,111
Hf3Y_L12_111,10.59375,9.0,1.4970674458754356,9.65625,2.0432338797846907,7.5,1.2825000000000002,0.012665570127975546,19.593749999999996,1.7415158925966392,Hf3Y,L12,111
Hf3Zn_L12_111,10.59375,9.0,1.4970674458754356,9.65625,2.0432338797846907,7.5,1.3765625000000001,0.055411869309893044,19.375,1.899835519196333,Hf3Zn,L12,111
Hf3Zr_L12_111,10.5,9.0,1.5,9.4453125,1.956294303611742,7.5,1.3071875000000002,0.004496092053105623,19.604166666666668,1.4986973510352242,Hf3Zr,L12,111
HfHg3_L12_111,10.59375,9.0,1.4970674458754356,9.65625,2.0432338797846907,7.5,1.8468749999999998,0.11082373861978612,28.249999999999996,1.2665570127975558,HfHg3,L12,111
HfHg_L10_101,10.5,7.0,2.0615528128088303,9.598958333333332,2.4197571385110117,5.833333333333333,1.65,0.12127839097522289,26.0,1.386038754002547,HfHg,L10,101
HfIn3_L12_111,10.5,9.0,1.5,9.4453125,1.956294303611742,7.5,1.665,0.0719374728496908,20.47916666666667,0.2997394702070455,HfIn3,L12,111
HfIn_L10_101,10.5,7.0,2.0615528128088303,9.546875,2.3744459788753294,5.833333333333333,1.54,0.08316232524015289,21.0,0.34650968850063596,HfIn,L10,101
HfIr3_L12_111,10.59375,9.0,1.4970674458754356,9.65625,2.0432338797846907,7.5,2.003125,0.14248766393972495,25.906249999999996,0.7915981329984727,HfIr3,L12,111
HfIr_L10_101,10.5,7.0,2.0615528128088303,9.546875,2.3744459788753294,5.833333333333333,1.7499999999999998,0.15592935982528658,24.5,0.8662742212515923,HfIr,L10,101
HfLa3_L12_111,10.5,9.0,1.5,9.4453125,1.956294303611742,7.5,1.1479166666666667,0.029973947020704644,21.239583333333332,0.14986973510352194,HfLa3,L12,111
HfLa_L10_101,11.25,7.0,2.384848003542364,11.109375,2.910964478091125,6.333333333333333,1.191680194805195,0.026362725447685136,21.45840097402597,0.13181362723842602,HfLa,L10,101
HfMo3_L12_111,10.59375,9.0,1.4970674458754356,9.65625,2.0432338797846907,7.5,1.9718749999999998,0.13615487887573727,16.531249999999996,1.1082373861978605,HfMo3,L12,111
HfMo_L10_101,10.5,7.0,2.0615528128088303,9.546875,2.3744459788753294,5.833333333333333,1.73,0.14899916605527377,18.5,1.2127839097522293,HfMo,L10,101
HfNb3_L12_111,10.59375,9.0,1.4970674458754356,9.65625,2.0432338797846907,7.5,1.5343750000000003,0.047495887979908384,15.75,1.2665570127975558,HfNb3,L12,111
HfNb_L10_101,10.5,7.0,2.0615528128088303,9.546875,2.3744459788753294,5.833333333333333,1.4500000000000002,0.051976453275095584,18.0,1.386038754002547,HfNb,L10,101
HfNi3_L12_111,10.59375,9.0,1.4970674458754356,9.65625,2.0432338797846907,7.5,1.7765624999999998,0.09657497222581352,11.062499999999998,2.2164747723957214,HfNi3,L12,111
HfNi_L10_101,10.5,7.0,2.0615528128088303,9.546875,2.3744459788753294,5.833333333333333,1.605,0.10568545499269427,15.0,2.4255678195044577,HfNi,L10,101
HfOs3_L12_111,10.5,9.0,1.5,9.4453125,1.956294303611742,7.5,1.984375,0.13488276159317025,25.04166666666667,0.5994789404140894,HfOs3,L12,111
HfOs_L10_101,11.25,7.0,2.384848003542364,11.03125,2.852093985857876,6.333333333333333,1.7125608766233764,0.11863226451458278,23.833603896103895,0.5272545089537015,HfOs,L10,101
HfPb3_L12_111,10.59375,9.0,1.4970674458754356,9.65625,2.0432338797846907,7.5,2.1046875,0.16306921539768512,28.249999999999996,1.2665570127975558,HfPb3,L12,111
HfPb_L10_101,10.5,7.0,2.0615528128088303,9.546875,2.3744459788753294,5.833333333333333,1.815,0.17845248957782786,26.0,1.386038754002547,HfPb,L10,101
HfPd3_L12_111,10.5,9.0,1.5,9.4453125,1.956294303611742,7.5,1.984375,0.13488276159317025,20.47916666666667,0.2997394702070455,HfPd3,L12,111
HfPd_L10_101,10.5,7.0,2.0615528128088303,9.598958333333332,2.4197571385110117,5.833333333333333,1.7499999999999998,0.15592935982528658,21.0,0.34650968850063596,HfPd,L10,101
HfPt3_L12_111,10.59375,9.0,1.4970674458754356,9.65625,2.0432338797846907,7.5,2.0656250000000003,0.1551532340677005,27.468750000000004,1.1082373861978605,HfPt3,L12,111
HfPt_L10_101,10.5,7.0,2.0615528128088303,9.546875,2.3744459788753294,5.833333333333333,1.79,0.1697897473653122,25.5,1.2127839097522293,HfPt,L10,101
HfRe3_L12_111,10.59375,9.0,1.4970674458754356,9.65625,2.0432338797846907,7.5,1.7687499999999998,0.09499177595981641,24.34375,0.47495887979908324,HfRe3,L12,111
HfRe_L10_101,10.5,7.0,2.0615528128088303,9.546875,2.3744459788753294,5.833333333333333,1.6,0.1039529065501911,23.5,0.5197645327509552,HfRe,L10,101
HfRh3_L12_111,10.59375,9.0,1.4970674458754356,9.65625,2.0432338797846907,7.5,2.0656250000000003,0.1551532340677005,18.874999999999996,0.6332785063987771,HfRh3,L12,111
HfRh_L10_101,10.5,7.0,2.0615528128088303,9.546875,2.3744459788753294,5.833333333333333,1.79,0.1697897473653122,20.0,0.6930193770012747,HfRh,L10,101
HfRu3_L12_111,10.5,9.0,1.5,9.4453125,1.956294303611742,7.5,1.984375,0.13488276159317025,18.19791666666667,0.749348675517613,HfRu3,L12,111
HfRu_L10_101,11.25,7.0,2.384848003542364,11.03125,2.852093985857876,6.333333333333333,1.7125608766233764,0.11863226451458278,19.707995129870127,0.6590681361921271,HfRu,L10,101
HfSc3_L12_111,10.59375,9.0,1.4970674458754356,9.65625,2.0432338797846907,7.5,1.346875,0.009499177595981779,5.59375,3.3247121585935826,HfSc3,L12,111
HfSc_L10_101,10.5,7.0,2.0615528128088303,9.598958333333332,2.4197571385110117,5.833333333333333,1.3299999999999998,0.010395290655019122,11.5,3.6383517292566867,HfSc,L10,101
HfSn3_L12_111,10.59375,9.0,1.4970674458754356,9.65625,2.0432338797846907,7.5,1.8156250000000003,0.10449095355579832,20.437500000000004,0.3166392531993894,HfSn3,L12,111
HfSn_L10_101,10.5,7.0,2.0615528128088303,9.546875,2.3744459788753294,5.833333333333333,1.6300000000000003,0.11434819720521017,21.0,0.34650968850063596,HfSn,L10,101
HfTa_L10_101,10.5,7.0,2.0615528128088303,9.546875,2.3744459788753294,5.833333333333333,1.4,0.03465096885006372,22.5,0.17325484425031937,HfTa,L10,101
HfTc3_L12_111,10.59375,9.0,1.4970674458754356,9.65625,2.0432338797846907,7.5,1.7687499999999998,0.09499177595981641,16.531249999999996,1.1082373861978605,HfTc3,L12,111
HfTc_L10_101,10.5,7.0,2.0615528128088303,9.546875,2.3744459788753294,5.833333333333333,1.6,0.1039529065501911,18.5,1.2127839097522293,HfTc,L10,101
HfTi3_L12_111,10.5,9.0,1.5,9.4453125,1.956294303611742,7.5,1.4825,0.03596873642484542,6.791666666666666,2.9973947020704497,HfTi3,L12,111
HfTi_L10_101,10.5,7.0,2.0615528128088303,9.598958333333332,2.4197571385110117,5.833333333333333,1.42,0.04158116262007643,12.0,3.465096885006368,HfTi,L10,101
HfTl3_L12_111,10.59375,9.0,1.4970674458754356,9.65625,2.0432338797846907,7.5,1.5500000000000003,0.05066228051190224,28.249999999999996,1.2665570127975558,HfTl3,L12,111
HfTl_L10_101,11.25,7.0,2.384848003542364,11.036458333333334,2.8650141721459637,6.333333333333333,1.4733116883116886,0.04218036071629617,26.33279220779221,1.054509017907403,HfTl,L10,101
HfV3_L12_111,10.59375,9.0,1.4970674458754356,9.65625,2.0432338797846907,7.5,1.5578124999999998,0.052245476777899126,7.15625,3.008072905394194,HfV3,L12,111
HfV_L10_101,10.5,7.0,2.0615528128088303,9.546875,2.3744459788753294,5.833333333333333,1.4649999999999999,0.057174098602605056,12.5,3.29184204075605,HfV,L10,101
HfW3_L12_111,10.59375,9.0,1.4970674458754356,9.65625,2.0432338797846907,7.5,2.128125,0.16781880419567613,23.562499999999996,0.3166392531993894,HfW3,L12,111
HfW_L10_101,10.5,7.0,2.0615528128088303,9.546875,2.3744459788753294,5.833333333333333,1.8299999999999996,0.18365013490533744,23.0,0.34650968850063596,HfW,L10,101
HfY3_L12_111,10.59375,9.0,1.4970674458754356,9.65625,2.0432338797846907,7.5,1.2375000000000003,0.012665570127975567,13.40625,1.7415158925966383,HfY3,L12,111
HfY_L10_101,10.5,7.0,2.0615528128088303,9.546875,2.3744459788753294,5.833333333333333,1.2600000000000002,0.013860387540025557,16.5,1.9058032867535026,HfY,L10,101
HfZn3_L12_111,10.59375,9.0,1.4970674458754356,9.65625,2.0432338797846907,7.5,1.5734374999999998,0.05541186930989294,12.625,1.899835519196333,HfZn3,L12,111
HfZn_L10_101,10.5,7.0,2.0615528128088303,9.546875,2.3744459788753294,5.833333333333333,1.475,0.0606391954876114,16.0,2.0790581310038214,HfZn,L10,101
HfZr3_L12_111,10.5,9.0,1.5,9.4453125,1.956294303611742,7.5,1.3228125000000002,0.004496092053105679,14.395833333333336,1.498697351035225,HfZr3,L12,111
HfZr_L10_101,10.5,7.0,2.0615528128088303,9.546875,2.3744459788753294,5.833333333333333,1.315,0.005197645327509571,17.0,1.732548442503184,HfZr,L10,101
Hf_A1_111,4.375,2.0,0.9921567416492215,1.6770833333333335,0.4831132760543847,0.6666666666666666,1.3,0.0,22.0,0.0,Hf,A1,111
Hg3In_L12_111,10.59375,9.0,1.4970674458754356,9.65625,2.0432338797846907,7.5,1.951875,0.03483031785193273,27.812500000000004,1.5831962659969436,Hg3In,L12,111
Hg3Ir_L12_111,10.5,9.0,1.5,9.4453125,1.956294303611742,7.5,2.0479166666666666,0.02997394702070439,29.28125,0.4496092053105675,Hg3Ir,L12,111
Hg3La_L12_111,11.71875,9.0,2.588850794754306,11.6796875,3.239372941654222,8.083333333333334,1.7338352272727273,0.052931488530434466,27.338352272727274,0.5293148853043452,Hg3La,L12,111
Hg3Mn_L12_111,10.59375,9.0,1.4970674458754356,9.65625,2.0432338797846907,7.5,1.9015624999999998,0.07124383196986254,24.531250000000004,3.95799066499236,Hg3Mn,L12,111
Hg3Mo_L12_111,10.59375,9.0,1.4970674458754356,9.65625,2.0432338797846907,7.5,2.035,0.025331140255951057,26.71875,2.3747943989954163,Hg3Mo,L12,111
Hg3Nb_L12_111,10.59375,9.0,1.4970674458754356,9.65625,2.0432338797846907,7.5,1.9124999999999999,0.0633278506398778,26.500000000000004,2.5331140255951103,Hg3Nb,L12,111
Hg3Ni_L12_111,10.5,9.0,1.5,9.4453125,1.956294303611742,7.5,1.9784374999999996,0.013488276159317034,24.72916666666667,3.2971341722774943,Hg3Ni,L12,111
Hg3Os_L12_111,10.5,9.0,1.5,9.4453125,1.956294303611742,7.5,2.0479166666666666,0.02997394702070439,29.041666666666668,0.5994789404140893,Hg3Os,L12,111
Hg3Pb_L12_111,10.5,9.0,1.5,9.4453125,1.956294303611742,7.5,2.0790624999999996,0.049457012584162366,30.0,0.0,Hg3Pb,L12,111
Hg3Pd_L12_111,10.59375,9.0,1.4970674458754356,9.65625,2.0432338797846907,7.5,2.0437499999999997,0.031663925319938765,27.8125,1.5831962659969436,Hg3Pd,L12,111
Hg3Pt_L12_111,10.5,9.0,1.5,9.4453125,1.956294303611742,7.5,2.0670833333333336,0.04196352582898636,29.760416666666668,0.14986973510352194,Hg3Pt,L12,111
Hg3Re_L12_111,10.5,9.0,1.5,9.4453125,1.956294303611742,7.5,1.9760416666666667,0.014986973510352245,28.80208333333333,0.749348675517613,Hg3Re,L12,111
Hg3Rh_L12_111,10.5,9.0,1.5,9.4453125,1.956294303611742,7.5,2.0670833333333336,0.04196352582898636,27.125,1.79843682124227,Hg3Rh,L12,111
Hg3Ru_L12_111,10.5,9.0,1.5,9.4453125,1.956294303611742,7.5,2.0479166666666666,0.02997394702070439,26.885416666666668,1.9483065563457915,Hg3Ru,L12,111
Hg3Sc_L12_111,10.59375,9.0,1.4970674458754356,9.65625,2.0432338797846907,7.5,1.8599999999999999,0.10132456102380444,23.656249999999996,4.591269171391138,Hg3Sc,L12,111
Hg3Sn_L12_111,10.59375,9.0,1.4970674458754356,9.65625,2.0432338797846907,7.5,1.9912499999999997,0.006332785063987817,27.812500000000004,1.5831962659969436,Hg3Sn,L12,111
Hg3Ta_L12_111,10.59375,9.0,1.4970674458754356,9.65625,2.0432338797846907,7.5,1.8906249999999998,0.07915981329984724,28.468750000000004,1.1082373861978605,Hg3Ta,L12,111
Hg3Tc_L12_111,10.5,9.0,1.5,9.4453125,1.956294303611742,7.5,1.9760416666666667,0.014986973510352245,26.40625,2.2480460265528373,Hg3Tc,L12,111
Hg3Ti_L12_111,10.59375,9.0,1.4970674458754356,9.65625,2.0432338797846907,7.5,1.899375,0.07282702823585943,23.875000000000004,4.432949544791443,Hg3Ti,L12,111
Hg3Tl_L12_111,11.71875,9.0,2.588850794754306,11.6796875,3.239372941654222,8.083333333333334,1.8876193181818182,0.022348850712850196,30.0,0.0,Hg3Tl,L12,111
Hg3V_L12_111,10.5,9.0,1.5,9.4453125,1.956294303611742,7.5,1.911354166666667,0.05545180198830331,23.53125,4.046482847795107,Hg3V,L12,111
Hg3W_L12_111,10.5,9.0,1.5,9.4453125,1.956294303611742,7.5,2.0862499999999997,0.05395310463726795,28.5625,0.899218410621135,Hg3W,L12,111
Hg3Y_L12_111,10.5,9.0,1.5,9.4453125,1.956294303611742,7.5,1.813125,0.11689839338074753,25.44791666666667,2.847524966966927,Hg3Y,L12,111
Hg3Zn_L12_111,10.5,9.0,1.5,9.4453125,1.956294303611742,7.5,1.9161458333333334,0.05245440728623284,25.20833333333333,2.99739470207045,Hg3Zn,L12,111
Hg3Zr_L12_111,10.59375,9.0,1.4970674458754356,9.65625,2.0432338797846907,7.5,1.8534374999999998,0.10607414982179528,26.0625,2.8497532787944992,Hg3Zr,L12,111
HgIn3_L12_111,10.5,9.0,1.5,9.4453125,1.956294303611742,7.5,1.8327083333333336,0.032971341722774904,22.395833333333332,1.4986973510352242,HgIn3,L12,111
HgIn_L10_101,10.5,7.0,2.0615528128088303,9.598958333333332,2.4197571385110117,5.833333333333333,1.8900000000000001,0.038116065735070044,25.0,1.7325484425031845,HgIn,L10,101
HgIr3_L12_111,10.59375,9.0,1.4970674458754356,9.65625,2.0432338797846907,7.5,2.15625,0.03166392531993885,27.65625,0.47495887979908324,HgIr3,L12,111
HgLa3_L12_111,10.59375,9.0,1.4970674458754356,9.65625,2.0432338797846907,7.5,1.296875,0.14248766393972506,22.96875,1.4248766393972496,HgLa3,L12,111
HgLa_L10_101,11.25,7.0,2.384848003542364,11.036458333333334,2.8650141721459637,6.333333333333333,1.5125608766233767,0.11863226451458277,25.125608766233768,1.1863226451458277,HgLa,L10,101
HgMn_L10_101,10.5,7.0,2.0615528128088303,9.546875,2.3744459788753294,5.833333333333333,1.775,0.07796467991264323,17.5,4.331371106257961,HgMn,L10,101
HgMo3_L12_111,10.5,9.0,1.5,9.4453125,1.956294303611742,7.5,2.121666666666667,0.02397915761656355,18.59375,2.2480460265528373,HgMo3,L12,111
HgMo_L10_101,10.5,7.0,2.0615528128088303,9.598958333333332,2.4197571385110117,5.833333333333333,2.08,0.02772077508005105,22.5,2.598822663754777,HgMo,L10,101
HgNb3_L12_111,10.5,9.0,1.5,9.4453125,1.956294303611742,7.5,1.6958333333333335,0.059947894041408926,17.833333333333332,2.397915761656359,HgNb3,L12,111
HgNb_L10_101,10.5,7.0,2.0615528128088303,9.598958333333332,2.4197571385110117,5.833333333333333,1.8,0.06930193770012727,22.0,2.7720775080050952,HgNb,L10,101
HgNi_L10_101,10.5,7.0,2.0615528128088303,9.546875,2.3744459788753294,5.833333333333333,1.955,0.015592935982528653,19.0,3.8116065735070053,HgNi,L10,101
HgPb3_L12_111,10.59375,9.0,1.4970674458754356,9.65625,2.0432338797846907,7.5,2.2578124999999996,0.05224547677789928,30.0,0.0,HgPb3,L12,111
HgPb_L10_101,11.25,7.0,2.384848003542364,11.036458333333334,2.8650141721459637,6.333333333333333,2.1787276785714282,0.04349849698868039,30.0,0.0,HgPb,L10,101
HgPd3_L12_111,10.5,9.0,1.5,9.4453125,1.956294303611742,7.5,2.1520833333333336,0.029973947020704477,22.39583333333333,1.4986973510352242,HgPd3,L12,111
HgPd_L10_101,10.5,7.0,2.0615528128088303,9.546875,2.3744459788753294,5.833333333333333,2.0999999999999996,0.034650968850063774,25.0,1.7325484425031845,HgPd,L10,101
HgPt3_L12_111,10.59375,9.0,1.4970674458754356,9.65625,2.0432338797846907,7.5,2.21875,0.04432949544791444,29.218749999999996,0.15831962659969384,HgPt3,L12,111
HgPt_L10_101,10.5,7.0,2.0615528128088303,9.546875,2.3744459788753294,5.833333333333333,2.14,0.04851135639008914,29.5,0.17325484425031937,HgPt,L10,101
HgRe3_L12_111,10.59375,9.0,1.4970674458754356,9.65625,2.0432338797846907,7.5,1.9218749999999998,0.015831962659969608,26.09375,0.7915981329984726,HgRe3,L12,111
HgRh3_L12_111,10.59375,9.0,1.4970674458754356,9.65625,2.0432338797846907,7.5,2.21875,0.04432949544791444,20.625,1.899835519196333,HgRh3,L12,111
HgRh_L10_101,10.5,7.0,2.0615528128088303,9.546875,2.3744459788753294,5.833333333333333,2.14,0.04851135639008914,24.0,2.0790581310038214,HgRh,L10,101
HgRu3_L12_111,10.5,9.0,1.5,9.4453125,1.956294303611742,7.5,2.1520833333333336,0.029973947020704477,20.11458333333333,1.9483065563457918,HgRu3,L12,111
HgSc3_L12_111,10.5,9.0,1.5,9.4453125,1.956294303611742,7.5,1.5133333333333334,0.09591663046625436,7.947916666666666,4.346222318002152,HgSc3,L12,111
HgSc_L10_101,10.5,7.0,2.0615528128088303,9.546875,2.3744459788753294,5.833333333333333,1.6800000000000002,0.11088310032020379,15.499999999999998,5.024390483259234,HgSc,L10,101
HgSn3_L12_111,10.5,9.0,1.5,9.4453125,1.956294303611742,7.5,1.9695833333333335,0.0059947894041408305,22.395833333333332,1.4986973510352242,HgSn3,L12,111
HgTa3_L12_111,10.5,9.0,1.5,9.4453125,1.956294303611742,7.5,1.6197916666666667,0.07493486755176128,24.677083333333332,1.049088145724657,HgTa3,L12,111
HgTa_L10_101,10.5,7.0,2.0615528128088303,9.598958333333332,2.4197571385110117,5.833333333333333,1.75,0.08662742212515918,26.5,1.2127839097522293,HgTa,L10,101
HgTc3_L12_111,10.59375,9.0,1.4970674458754356,9.65625,2.0432338797846907,7.5,1.9218749999999998,0.015831962659969608,18.28125,2.3747943989954163,HgTc3,L12,111
HgTi3_L12_111,10.5,9.0,1.5,9.4453125,1.956294303611742,7.5,1.6502083333333335,0.06894007814762039,8.708333333333334,4.19635258289863,HgTi3,L12,111
HgTi_L10_101,10.5,7.0,2.0615528128088303,9.546875,2.3744459788753294,5.833333333333333,1.77,0.07969722835514649,16.0,4.851135639008916,HgTi,L10,101
HgTl3_L12_111,10.59375,9.0,1.4970674458754356,9.65625,2.0432338797846907,7.5,1.703125,0.06016145810788383,30.0,0.0,HgTl3,L12,111
HgTl_L10_101,11.25,7.0,2.384848003542364,11.109375,2.910964478091125,6.333333333333333,1.79419237012987,0.050089178350601525,30.0,0.0,HgTl,L10,101
HgV3_L12_111,10.59375,9.0,1.4970674458754356,9.65625,2.0432338797846907,7.5,1.7109375,0.05857826184188698,8.90625,4.274629918191749,HgV3,L12,111
HgW3_L12_111,10.59375,9.0,1.4970674458754356,9.65625,2.0432338797846907,7.5,2.28125,0.05699506557589004,25.3125,0.9499177595981665,HgW3,L12,111
HgY3_L12_111,10.59375,9.0,1.4970674458754356,9.65625,2.0432338797846907,7.5,1.390625,0.12348930874776153,15.15625,3.0080729053941933,HgY3,L12,111
HgY_L10_101,11.25,7.0,2.384848003542364,11.036458333333334,2.8650141721459637,6.333333333333333,1.5775527597402599,0.10281462924597183,19.709618506493506,2.5044589175300818,HgY,L10,101
HgZn3_L12_111,10.59375,9.0,1.4970674458754356,9.65625,2.0432338797846907,7.5,1.7265624999999998,0.05541186930989313,14.375,3.166392531993889,HgZn3,L12,111
HgZr3_L12_111,10.5,9.0,1.5,9.4453125,1.956294303611742,7.5,1.4905208333333335,0.10041272251936008,16.3125,2.6976552318634046,HgZr3,L12,111
HgZr_L10_101,10.5,7.0,2.0615528128088303,9.598958333333332,2.4197571385110117,5.833333333333333,1.665,0.11608074564771323,21.0,3.118587196505732,HgZr,L10,101
In3Ir_L12_111,10.59375,9.0,1.4970674458754356,9.65625,2.0432338797846907,7.5,1.8718750000000002,0.0664942431718716,21.53125,1.1082373861978603,In3Ir,L12,111
In3La_L12_111,11.375,9.0,2.381569860407206,11.177083333333334,2.86901172855935,8.083333333333334,1.5753560606060604,0.03958860628935906,20.300946969696966,0.058218538660821405,In3La,L12,111
In3Mn_L12_111,10.59375,9.0,1.4970674458754356,9.65625,2.0432338797846907,7.5,1.7296874999999998,0.03641351411792978,16.71875,2.3747943989954163,In3Mn,L12,111
In3Mo_L12_111,10.59375,9.0,1.4970674458754356,9.65625,2.0432338797846907,7.5,1.8631250000000001,0.06016145810788378,18.90625,0.7915981329984726,In3Mo,L12,111
In3Nb_L12_111,10.59375,9.0,1.4970674458754356,9.65625,2.0432338797846907,7.5,1.7406249999999999,0.028497532787945142,18.6875,0.9499177595981665,In3Nb,L12,111
In3Ni_L12_111,10.59375,9.0,1.4970674458754356,9.65625,2.0432338797846907,7.5,1.8084375000000001,0.020581551457960156,17.375,1.899835519196333,In3Ni,L12,111
In3Os_L12_111,10.59375,9.0,1.4970674458754356,9.65625,2.0432338797846907,7.5,1.8718750000000002,0.0664942431718716,21.3125,0.9499177595981665,In3Os,L12,111
In3Pb_L12_111,10.59375,9.0,1.4970674458754356,9.65625,2.0432338797846907,7.5,1.9003125,0.08707579462983182,22.1875,1.5831962659969436,In3Pb,L12,111
In3Pd_L12_111,10.59375,9.0,1.4970674458754356,9.65625,2.0432338797846907,7.5,1.8718750000000002,0.0664942431718716,20.0,0.0,In3Pd,L12,111
In3Pt_L12_111,10.59375,9.0,1.4970674458754356,9.65625,2.0432338797846907,7.5,1.8893750000000002,0.07915981329984717,21.96875,1.4248766393972496,In3Pt,L12,111
In3Re_L12_111,10.59375,9.0,1.4970674458754356,9.65625,2.0432338797846907,7.5,1.80625,0.018998355191963124,21.09375,0.7915981329984726,In3Re,L12,111
In3Rh_L12_111,10.59375,9.0,1.4970674458754356,9.65625,2.0432338797846907,7.5,1.8893750000000002,0.07915981329984717,19.5625,0.3166392531993894,In3Rh,L12,111
In3Ru_L12_111,10.59375,9.0,1.4970674458754356,9.65625,2.0432338797846907,7.5,1.8718750000000002,0.0664942431718716,19.34375,0.47495887979908324,In3Ru,L12,111
In3Sc_L12_111,10.5,9.0,1.5,9.4453125,1.956294303611742,7.5,1.6793750000000003,0.06294528874347946,15.447916666666664,2.8475249669669274,In3Sc,L12,111
In3Sn_L12_111,10.59375,9.0,1.4970674458754356,9.65625,2.0432338797846907,7.5,1.8193750000000002,0.02849753278794501,20.0,0.0,In3Sn,L12,111
In3Ta_L12_111,10.59375,9.0,1.4970674458754356,9.65625,2.0432338797846907,7.5,1.71875,0.04432949544791453,20.65625,0.47495887979908324,In3Ta,L12,111
In3Tc_L12_111,10.59375,9.0,1.4970674458754356,9.65625,2.0432338797846907,7.5,1.80625,0.018998355191963124,18.90625,0.7915981329984726,In3Tc,L12,111
In3Ti_L12_111,10.59375,9.0,1.4970674458754356,9.65625,2.0432338797846907,7.5,1.7275000000000003,0.03799671038392671,16.0625,2.8497532787944992,In3Ti,L12,111
In3Tl_L12_111,10.5,9.0,1.5,9.4453125,1.956294303611742,7.5,1.7416666666666667,0.023979157616563607,22.39583333333333,1.4986973510352242,In3Tl,L12,111
In3V_L12_111,10.59375,9.0,1.4970674458754356,9.65625,2.0432338797846907,7.5,1.7471875000000001,0.023747943989954255,16.28125,2.691433652194805,In3V,L12,111
In3W_L12_111,10.59375,9.0,1.4970674458754356,9.65625,2.0432338797846907,7.5,1.9068749999999999,0.09182538342782265,20.875,0.6332785063987771,In3W,L12,111
In3Y_L12_111,10.59375,9.0,1.4970674458754356,9.65625,2.0432338797846907,7.5,1.6575000000000002,0.08865899089582899,18.03125,1.4248766393972496,In3Y,L12,111
In3Zn_L12_111,10.59375,9.0,1.4970674458754356,9.65625,2.0432338797846907,7.5,1.7515625,0.020581551457960395,17.812500000000004,1.5831962659969436,In3Zn,L12,111
In3Zr_L12_111,10.5,9.0,1.5,9.4453125,1.956294303611742,7.5,1.6721875,0.06744138079658518,18.08333333333333,1.1989578808281804,In3Zr,L12,111
InIr3_L12_111,10.59375,9.0,1.4970674458754356,9.65625,2.0432338797846907,7.5,2.1081250000000002,0.06649424317187147,25.468750000000004,1.1082373861978605,InIr3,L12,111
InIr_L10_101,10.5,7.0,2.0615528128088303,9.546875,2.3744459788753294,5.833333333333333,1.99,0.07276703458513371,23.5,1.2127839097522293,InIr,L10,101
InLa3_L12_111,10.5,9.0,1.5,9.4453125,1.956294303611742,7.5,1.2629166666666667,0.10191141987039526,20.760416666666668,0.14986973510352194,InLa3,L12,111
InLa_L10_101,11.25,7.0,2.384848003542364,11.109375,2.910964478091125,6.333333333333333,1.4117126623376621,0.08963326652212932,20.54159902597403,0.13181362723842602,InLa,L10,101
InMn_L10_101,10.5,7.0,2.0615528128088303,9.598958333333332,2.4197571385110117,5.833333333333333,1.665,0.03984861417757323,12.5,2.598822663754776,InMn,L10,101
InMo3_L12_111,10.59375,9.0,1.4970674458754356,9.65625,2.0432338797846907,7.5,2.0768750000000002,0.060161458107883904,16.09375,0.7915981329984727,InMo3,L12,111
InMo_L10_101,10.5,7.0,2.0615528128088303,9.546875,2.3744459788753294,5.833333333333333,1.97,0.06583684081512116,17.5,0.8662742212515923,InMo,L10,101
InNb3_L12_111,10.59375,9.0,1.4970674458754356,9.65625,2.0432338797846907,7.5,1.6393750000000002,0.028497532787944896,15.3125,0.9499177595981665,InNb3,L12,111
InNb_L10_101,10.5,7.0,2.0615528128088303,9.546875,2.3744459788753294,5.833333333333333,1.69,0.03118587196505728,17.0,1.0395290655019103,InNb,L10,101
InNi3_L12_111,10.59375,9.0,1.4970674458754356,9.65625,2.0432338797846907,7.5,1.8815624999999998,0.020581551457960236,10.625,1.899835519196333,InNi3,L12,111
InNi_L10_101,10.5,7.0,2.0615528128088303,9.546875,2.3744459788753294,5.833333333333333,1.8449999999999998,0.022523129752541324,14.0,2.0790581310038214,InNi,L10,101
InOs3_L12_111,10.5,9.0,1.5,9.4453125,1.956294303611742,7.5,2.099375,0.06294528874347928,24.5625,0.899218410621135,InOs3,L12,111
InOs_L10_101,11.25,7.0,2.384848003542364,11.03125,2.852093985857876,6.333333333333333,1.9725284090909092,0.05536172344013871,22.750405844155843,0.7908817634305514,InOs,L10,101
InPb3_L12_111,10.59375,9.0,1.4970674458754356,9.65625,2.0432338797846907,7.5,2.2096875,0.0870757946298319,27.812500000000004,1.5831962659969436,InPb3,L12,111
InPb_L10_101,10.5,7.0,2.0615528128088303,9.546875,2.3744459788753294,5.833333333333333,2.0549999999999997,0.09529016433767523,25.0,1.7325484425031845,InPb,L10,101
InPd3_L12_111,10.5,9.0,1.5,9.4453125,1.956294303611742,7.5,2.099375,0.06294528874347928,20.0,0.0,InPd3,L12,111
InPd_L10_101,10.5,7.0,2.0615528128088303,9.598958333333332,2.4197571385110117,5.833333333333333,1.99,0.07276703458513371,20.0,0.0,InPd,L10,101
InPt3_L12_111,10.59375,9.0,1.4970674458754356,9.65625,2.0432338797846907,7.5,2.1706250000000002,0.07915981329984717,27.03125,1.4248766393972496,InPt3,L12,111
InPt_L10_101,10.5,7.0,2.0615528128088303,9.546875,2.3744459788753294,5.833333333333333,2.0300000000000002,0.08662742212515914,24.5,1.5592935982528653,InPt,L10,101
InRe3_L12_111,10.59375,9.0,1.4970674458754356,9.65625,2.0432338797846907,7.5,1.8737499999999996,0.018998355191963273,23.906249999999996,0.7915981329984727,InRe3,L12,111
InRh3_L12_111,10.59375,9.0,1.4970674458754356,9.65625,2.0432338797846907,7.5,2.1706250000000002,0.07915981329984717,18.437500000000004,0.3166392531993894,InRh3,L12,111
InRh_L10_101,10.5,7.0,2.0615528128088303,9.546875,2.3744459788753294,5.833333333333333,2.0300000000000002,0.08662742212515914,19.0,0.34650968850063596,InRh,L10,101
InRu3_L12_111,10.5,9.0,1.5,9.4453125,1.956294303611742,7.5,2.099375,0.06294528874347928,17.71875,0.4496092053105675,InRu3,L12,111
InRu_L10_101,11.25,7.0,2.384848003542364,11.03125,2.852093985857876,6.333333333333333,1.9725284090909092,0.05536172344013871,18.62479707792208,0.39544088171527625,InRu,L10,101
InSc3_L12_111,10.59375,9.0,1.4970674458754356,9.65625,2.0432338797846907,7.5,1.4518750000000002,0.06649424317187161,5.15625,3.0080729053941937,InSc3,L12,111
InSc_L10_101,10.5,7.0,2.0615528128088303,9.598958333333332,2.4197571385110117,5.833333333333333,1.5700000000000003,0.07276703458513382,10.5,3.29184204075605,InSc,L10,101
InSn3_L12_111,10.59375,9.0,1.4970674458754356,9.65625,2.0432338797846907,7.5,1.9206250000000002,0.02849753278794493,20.0,0.0,InSn3,L12,111
InSn_L10_101,10.5,7.0,2.0615528128088303,9.546875,2.3744459788753294,5.833333333333333,1.87,0.031185871965057364,20.0,0.0,InSn,L10,101
InTa3_L12_111,10.59375,9.0,1.4970674458754356,9.65625,2.0432338797846907,7.5,1.5612499999999998,0.04432949544791445,22.34375,0.47495887979908324,InTa3,L12,111
InTa_L10_101,10.5,7.0,2.0615528128088303,9.546875,2.3744459788753294,5.833333333333333,1.6400000000000001,0.048511356390089126,21.5,0.5197645327509552,InTa,L10,101
InTc3_L12_111,10.59375,9.0,1.4970674458754356,9.65625,2.0432338797846907,7.5,1.8737499999999996,0.018998355191963273,16.09375,0.7915981329984727,InTc3,L12,111
InTc_L10_101,10.5,7.0,2.0615528128088303,9.546875,2.3744459788753294,5.833333333333333,1.8399999999999994,0.020790581310038136,17.5,0.8662742212515923,InTc,L10,101
InTi3_L12_111,10.5,9.0,1.5,9.4453125,1.956294303611742,7.5,1.5975000000000001,0.035968736424845486,6.3125,2.6976552318634046,InTi3,L12,111
InTi_L10_101,10.5,7.0,2.0615528128088303,9.598958333333332,2.4197571385110117,5.833333333333333,1.6600000000000001,0.04158116262007642,11.0,3.118587196505732,InTi,L10,101
InTl3_L12_111,10.59375,9.0,1.4970674458754356,9.65625,2.0432338797846907,7.5,1.655,0.025331140255951044,27.8125,1.5831962659969436,InTl3,L12,111
InTl_L10_101,11.25,7.0,2.384848003542364,11.036458333333334,2.8650141721459637,6.333333333333333,1.693344155844156,0.02109018035814813,25.41599025974026,1.3181362723842538,InTl,L10,101
InV3_L12_111,10.59375,9.0,1.4970674458754356,9.65625,2.0432338797846907,7.5,1.6628124999999998,0.023747943989954248,6.71875,2.691433652194805,InV3,L12,111
InV_L10_101,10.5,7.0,2.0615528128088303,9.546875,2.3744459788753294,5.833333333333333,1.705,0.02598822663754787,11.5,2.9453323522554133,InV,L10,101
InW3_L12_111,10.59375,9.0,1.4970674458754356,9.65625,2.0432338797846907,7.5,2.233125,0.09182538342782277,23.125000000000004,0.6332785063987771,InW3,L12,111
InW_L10_101,10.5,7.0,2.0615528128088303,9.546875,2.3744459788753294,5.833333333333333,2.07,0.10048780966518461,22.0,0.6930193770012747,InW,L10,101
InY3_L12_111,10.59375,9.0,1.4970674458754356,9.65625,2.0432338797846907,7.5,1.3424999999999998,0.08865899089582874,12.96875,1.4248766393972496,InY3,L12,111
InY_L10_101,10.5,7.0,2.0615528128088303,9.546875,2.3744459788753294,5.833333333333333,1.5,0.09702271278017836,15.5,1.5592935982528655,InY,L10,101
InZn3_L12_111,10.59375,9.0,1.4970674458754356,9.65625,2.0432338797846907,7.5,1.6784374999999998,0.02058155145796034,12.1875,1.5831962659969445,InZn3,L12,111
InZn_L10_101,10.5,7.0,2.0615528128088303,9.546875,2.3744459788753294,5.833333333333333,1.7149999999999999,0.02252312975254137,15.0,1.732548442503184,InZn,L10,101
InZr3_L12_111,10.5,9.0,1.5,9.4453125,1.956294303611742,7.5,1.4378125,0.06744138079658503,13.916666666666666,1.1989578808281796,InZr3,L12,111
InZr_L10_101,10.5,7.0,2.0615528128088303,9.546875,2.3744459788753294,5.833333333333333,1.555,0.07796467991264339,16.0,1.3860387540025474,InZr,L10,101
In_A1_111,4.375,2.0,0.9921567416492215,1.6770833333333335,0.4831132760543847,0.6666666666666666,1.78,0.0,20.0,0.0,In,A1,111
Ir3La_L12_111,11.71875,9.0,2.588850794754306,11.6796875,3.239372941654222,8.083333333333334,1.8746874999999998,0.0646940415371978,25.225568181818183,0.35287659020289674,Ir3La,L12,111
Ir3Mn_L12_111,10.5,9.0,1.5,9.4453125,1.956294303611742,7.5,2.044270833333333,0.09741532781728961,21.72916666666667,3.2971341722774943,Ir3Mn,L12,111
Ir3Mo_L12_111,10.59375,9.0,1.4970674458754356,9.65625,2.0432338797846907,7.5,2.19125,0.006332785063987789,24.375,1.899835519196333,Ir3Mo,L12,111
Ir3Nb_L12_111,10.59375,9.0,1.4970674458754356,9.65625,2.0432338797846907,7.5,2.06875,0.09499177595981659,24.156250000000004,2.058155145796027,Ir3Nb,L12,111
Ir3Ni_L12_111,10.5,9.0,1.5,9.4453125,1.956294303611742,7.5,2.1305208333333336,0.04346222318002151,22.44791666666667,2.847524966966927,Ir3Ni,L12,111
Ir3Os_L12_111,10.5,9.0,1.5,9.4453125,1.956294303611742,7.5,2.2,3.1401849173675503e-16,26.760416666666668,0.14986973510352194,Ir3Os,L12,111
Ir3Pb_L12_111,11.375,9.0,2.381569860407206,11.177083333333334,2.8690117285593506,8.083333333333334,2.239123106060606,0.0075684100259067475,27.90284090909091,0.17465561598246646,Ir3Pb,L12,111
Ir3Pd_L12_111,10.5,9.0,1.5,9.4453125,1.956294303611742,7.5,2.2,3.1401849173675503e-16,25.322916666666668,1.049088145724657,Ir3Pd,L12,111
Ir3Pt_L12_111,10.5,9.0,1.5,9.4453125,1.956294303611742,7.5,2.219166666666667,0.011989578808281987,27.479166666666668,0.2997394702070455,Ir3Pt,L12,111
Ir3Re_L12_111,10.5,9.0,1.5,9.4453125,1.956294303611742,7.5,2.128125,0.044960920531056874,26.52083333333333,0.2997394702070455,Ir3Re,L12,111
Ir3Rh_L12_111,10.5,9.0,1.5,9.4453125,1.956294303611742,7.5,2.219166666666667,0.011989578808281987,24.84375,1.3488276159317023,Ir3Rh,L12,111
Ir3Ru_L12_111,10.5,9.0,1.5,9.4453125,1.956294303611742,7.5,2.2,3.1401849173675503e-16,24.604166666666668,1.4986973510352242,Ir3Ru,L12,111
Ir3Sc_L12_111,10.59375,9.0,1.4970674458754356,9.65625,2.0432338797846907,7.5,2.01625,0.13298848634374322,21.312499999999996,4.116310291592056,Ir3Sc,L12,111
Ir3Sn_L12_111,10.59375,9.0,1.4970674458754356,9.65625,2.0432338797846907,7.5,2.1475,0.037996710383926664,25.468750000000004,1.1082373861978605,Ir3Sn,L12,111
Ir3Ta_L12_111,10.59375,9.0,1.4970674458754356,9.65625,2.0432338797846907,7.5,2.046875,0.11082373861978609,26.125000000000004,0.6332785063987771,Ir3Ta,L12,111
Ir3Tc_L12_111,10.5,9.0,1.5,9.4453125,1.956294303611742,7.5,2.128125,0.044960920531056874,24.125,1.79843682124227,Ir3Tc,L12,111
Ir3Ti_L12_111,10.5,9.0,1.5,9.4453125,1.956294303611742,7.5,2.041875,0.09891402516832486,21.01041666666667,3.746743377588061,Ir3Ti,L12,111
Ir3Tl_L12_111,11.71875,9.0,2.588850794754306,11.6796875,3.239372941654222,8.083333333333334,2.028471590909091,0.03411140371961341,27.887215909090912,0.17643829510144815,Ir3Tl,L12,111
Ir3V_L12_111,10.5,9.0,1.5,9.4453125,1.956294303611742,7.5,2.0634375,0.08542574900900789,21.25,3.59687364248454,Ir3V,L12,111
Ir3W_L12_111,10.5,9.0,1.5,9.4453125,1.956294303611742,7.5,2.2383333333333333,0.023979157616563662,26.28125,0.4496092053105675,Ir3W,L12,111
Ir3Y_L12_111,11.375,9.0,2.381569860407206,11.177083333333334,2.86901172855935,8.083333333333334,1.9050719696969693,0.0570541678876058,22.184848484848487,0.9314966185731549,Ir3Y,L12,111
Ir3Zn_L12_111,10.5,9.0,1.5,9.4453125,1.956294303611742,7.5,2.068229166666667,0.08242835430693726,22.92708333333333,2.5477854967598828,Ir3Zn,L12,111
Ir3Zr_L12_111,10.59375,9.0,1.4970674458754356,9.65625,2.0432338797846907,7.5,2.0096875,0.13773807514173408,23.71875,2.3747943989954163,Ir3Zr,L12,111
IrLa3_L12_111,10.59375,9.0,1.4970674458754356,9.65625,2.0432338797846907,7.5,1.3406249999999997,0.17415158925966384,22.3125,0.9499177595981665,IrLa3,L12,111
IrLa_L10_101,10.375,5.0,3.9666579131556077,10.296875,3.3164898338014446,5.083333333333333,1.3814636752136753,0.2819282250251929,22.53525641025641,1.5377903183192339,IrLa,L10,101
IrMn_L10_101,10.5,7.0,2.0615528128088303,9.546875,2.3744459788753294,5.833333333333333,1.875,0.11261564876270704,16.0,3.8116065735070053,IrMn,L10,101
IrMo3_L12_111,10.5,9.0,1.5,9.4453125,1.956294303611742,7.5,2.169583333333333,0.005994789404140838,17.875,1.79843682124227,IrMo3,L12,111
IrMo_L10_101,10.5,7.0,2.0615528128088303,9.598958333333332,2.4197571385110117,5.833333333333333,2.1799999999999997,0.006930193770012765,21.0,2.0790581310038214,IrMo,L10,101
IrNb3_L12_111,10.5,9.0,1.5,9.4453125,1.956294303611742,7.5,1.74375,0.08992184106211332,17.114583333333332,1.9483065563457915,IrNb3,L12,111
IrNb_L10_101,10.5,7.0,2.0615528128088303,9.598958333333332,2.4197571385110117,5.833333333333333,1.9,0.10395290655019114,20.499999999999996,2.25231297525414,IrNb,L10,101
IrNi3_L12_111,10.5,9.0,1.5,9.4453125,1.956294303611742,7.5,1.9794791666666667,0.04346222318002147,12.552083333333334,2.8475249669669274,IrNi3,L12,111
IrNi_L10_101,10.5,7.0,2.0615528128088303,9.598958333333332,2.4197571385110117,5.833333333333333,2.0549999999999997,0.050243904832592286,17.5,3.29184204075605,IrNi,L10,101
IrOs3_L12_111,10.59375,9.0,1.4970674458754356,9.65625,2.0432338797846907,7.5,2.2,3.236828524569469e-16,26.218749999999996,0.15831962659969384,IrOs3,L12,111
IrOs_L10_101,10.5,7.0,2.0615528128088303,9.546875,2.3744459788753294,5.833333333333333,2.1999999999999997,0.0,26.5,0.17325484425031937,IrOs,L10,101
IrPb3_L12_111,10.59375,9.0,1.4970674458754356,9.65625,2.0432338797846907,7.5,2.3015625,0.02058155145796019,29.34375,0.47495887979908324,IrPb3,L12,111
IrPb_L10_101,11.25,7.0,2.384848003542364,11.109375,2.910964478091125,6.333333333333333,2.270407873376623,0.0171357715409955,28.624797077922075,0.39544088171527625,IrPb,L10,101
IrPd3_L12_111,10.59375,9.0,1.4970674458754356,9.65625,2.0432338797846907,7.5,2.2,3.236828524569469e-16,21.531249999999996,1.1082373861978605,IrPd3,L12,111
IrPd_L10_101,10.5,7.0,2.0615528128088303,9.546875,2.3744459788753294,5.833333333333333,2.1999999999999997,0.0,23.5,1.2127839097522293,IrPd,L10,101
IrPt3_L12_111,10.5,9.0,1.5,9.4453125,1.956294303611742,7.5,2.2608333333333333,0.01198957880828169,28.52083333333333,0.2997394702070455,IrPt3,L12,111
IrPt_L10_101,10.5,7.0,2.0615528128088303,9.598958333333332,2.4197571385110117,5.833333333333333,2.24,0.013860387540025455,28.0,0.34650968850063596,IrPt,L10,101
IrRe3_L12_111,10.5,9.0,1.5,9.4453125,1.956294303611742,7.5,1.9718749999999998,0.044960920531056894,25.479166666666668,0.2997394702070455,IrRe3,L12,111
IrRe_L10_101,10.5,7.0,2.0615528128088303,9.598958333333332,2.4197571385110117,5.833333333333333,2.05,0.05197645327509543,26.0,0.34650968850063596,IrRe,L10,101
IrRh3_L12_111,10.5,9.0,1.5,9.4453125,1.956294303611742,7.5,2.2608333333333333,0.01198957880828169,20.15625,1.3488276159317023,IrRh3,L12,111
IrRh_L10_101,10.5,7.0,2.0615528128088303,9.598958333333332,2.4197571385110117,5.833333333333333,2.24,0.013860387540025455,22.5,1.5592935982528653,IrRh,L10,101
IrRu3_L12_111,10.59375,9.0,1.4970674458754356,9.65625,2.0432338797846907,7.5,2.2,3.236828524569469e-16,19.187499999999996,1.5831962659969436,IrRu3,L12,111
IrRu_L10_101,10.5,7.0,2.0615528128088303,9.546875,2.3744459788753294,5.833333333333333,2.1999999999999997,0.0,22.0,1.7325484425031845,IrRu,L10,101
IrSc3_L12_111,10.5,9.0,1.5,9.4453125,1.956294303611742,7.5,1.5612500000000002,0.12589057748695887,7.229166666666666,3.896613112691585,IrSc3,L12,111
IrSc_L10_101,11.25,7.0,2.384848003542364,11.109375,2.910964478091125,6.333333333333333,1.7450568181818182,0.11072344688027731,12.918425324675326,3.4271543081990594,IrSc,L10,101
IrSn3_L12_111,10.5,9.0,1.5,9.4453125,1.956294303611742,7.5,2.0175,0.03596873642484528,21.677083333333332,1.049088145724657,IrSn3,L12,111
IrSn_L10_101,10.5,7.0,2.0615528128088303,9.598958333333332,2.4197571385110117,5.833333333333333,2.0799999999999996,0.04158116262007642,23.5,1.2127839097522293,IrSn,L10,101
IrTa3_L12_111,10.5,9.0,1.5,9.4453125,1.956294303611742,7.5,1.6677083333333333,0.10490881457246572,23.958333333333332,0.5994789404140893,IrTa3,L12,111
IrTa_L10_101,10.5,7.0,2.0615528128088303,9.598958333333332,2.4197571385110117,5.833333333333333,1.85,0.12127839097522299,25.0,0.6930193770012747,IrTa,L10,101
IrTc3_L12_111,10.5,9.0,1.5,9.4453125,1.956294303611742,7.5,1.9718749999999998,0.044960920531056894,17.875,1.79843682124227,IrTc3,L12,111
IrTc_L10_101,10.5,7.0,2.0615528128088303,9.598958333333332,2.4197571385110117,5.833333333333333,2.05,0.05197645327509543,21.0,2.0790581310038214,IrTc,L10,101
IrTi3_L12_111,10.59375,9.0,1.4970674458754356,9.65625,2.0432338797846907,7.5,1.6843749999999997,0.10449095355579831,7.46875,3.9579906649923604,IrTi3,L12,111
IrTi_L10_101,10.5,7.0,2.0615528128088303,9.546875,2.3744459788753294,5.833333333333333,1.8699999999999997,0.11434819720521008,14.500000000000002,4.331371106257961,IrTi,L10,101
IrTl3_L12_111,10.5,9.0,1.5,9.4453125,1.956294303611742,7.5,1.7589583333333334,0.08692444636004294,29.28125,0.4496092053105675,IrTl3,L12,111
IrTl_L10_101,9.5,5.0,3.1622776601683795,8.432291666666668,2.4321020625599443,4.5,1.7904613095238098,0.17070040495200772,29.11830357142857,0.88293312906211,IrTl,L10,101
IrV3_L12_111,10.5,9.0,1.5,9.4453125,1.956294303611742,7.5,1.7665624999999996,0.0854257490090078,8.75,3.59687364248454,IrV3,L12,111
IrV_L10_101,10.5,7.0,2.0615528128088303,9.598958333333332,2.4197571385110117,5.833333333333333,1.9149999999999996,0.09875526122268156,15.0,4.158116262007642,IrV,L10,101
IrW3_L12_111,10.5,9.0,1.5,9.4453125,1.956294303611742,7.5,2.3216666666666663,0.02397915761656355,24.71875,0.4496092053105675,IrW3,L12,111
IrW_L10_101,10.5,7.0,2.0615528128088303,9.598958333333332,2.4197571385110117,5.833333333333333,2.28,0.027720775080050896,25.5,0.5197645327509552,IrW,L10,101
IrY3_L12_111,10.59375,9.0,1.4970674458754356,9.65625,2.0432338797846907,7.5,1.4343749999999997,0.1551532340677004,14.5,2.5331140255951103,IrY3,L12,111
IrY_L10_101,11.25,7.0,2.384848003542364,11.109375,2.910964478091125,6.333333333333333,1.6692329545454543,0.12917735469365674,18.33441558441558,2.1090180358148056,IrY,L10,101
IrZn3_L12_111,10.5,9.0,1.5,9.4453125,1.956294303611742,7.5,1.7817708333333329,0.08242835430693739,14.072916666666666,2.547785496759882,IrZn3,L12,111
IrZn_L10_101,10.5,7.0,2.0615528128088303,9.598958333333332,2.4197571385110117,5.833333333333333,1.9249999999999998,0.09529016433767529,18.5,2.9453323522554125,IrZn,L10,101
IrZr3_L12_111,10.59375,9.0,1.4970674458754356,9.65625,2.0432338797846907,7.5,1.5203125,0.1377380751417341,15.28125,2.3747943989954163,IrZr3,L12,111
IrZr_L10_101,10.5,7.0,2.0615528128088303,9.546875,2.3744459788753294,5.833333333333333,1.765,0.15073171449777703,19.5,2.598822663754777,IrZr,L10,101
Ir_A1_111,4.375,2.0,0.9921567416492215,1.6770833333333335,0.4831132760543847,0.6666666666666666,2.2,0.0,27.0,0.0,Ir,A1,111
La3Mn_L12_111,10.59375,9.0,1.4970674458754356,9.65625,2.0432338797846907,7.5,1.1984375000000003,0.07124383196986261,17.5,2.533114025595111,La3Mn,L12,111
La3Mo_L12_111,10.59375,9.0,1.4970674458754356,9.65625,2.0432338797846907,7.5,1.3318750000000001,0.16781880419567619,19.6875,0.9499177595981665,La3Mo,L12,111
La3Nb_L12_111,10.59375,9.0,1.4970674458754356,9.65625,2.0432338797846907,7.5,1.2093749999999999,0.0791598132998472,19.46875,1.1082373861978603,La3Nb,L12,111
La3Ni_L12_111,10.59375,9.0,1.4970674458754356,9.65625,2.0432338797846907,7.5,1.2771875000000001,0.12823889754575254,18.15625,2.058155145796027,La3Ni,L12,111
La3Os_L12_111,10.5,9.0,1.5,9.4453125,1.956294303611742,7.5,1.3635416666666664,0.16485670861387472,22.197916666666668,0.7493486755176129,La3Os,L12,111
La3Pb_L12_111,10.59375,9.0,1.4970674458754356,9.65625,2.0432338797846907,7.5,1.3690625,0.1947331407176242,22.96875,1.4248766393972496,La3Pb,L12,111
La3Pd_L12_111,10.59375,9.0,1.4970674458754356,9.65625,2.0432338797846907,7.5,1.3406249999999997,0.17415158925966384,20.78125,0.15831962659969384,La3Pd,L12,111
La3Pt_L12_111,10.59375,9.0,1.4970674458754356,9.65625,2.0432338797846907,7.5,1.3581249999999998,0.18681715938763935,22.75,1.2665570127975558,La3Pt,L12,111
La3Re_L12_111,10.59375,9.0,1.4970674458754356,9.65625,2.0432338797846907,7.5,1.275,0.12665570127975562,21.875,0.6332785063987771,La3Re,L12,111
La3Rh_L12_111,10.59375,9.0,1.4970674458754356,9.65625,2.0432338797846907,7.5,1.3581249999999998,0.18681715938763935,20.34375,0.47495887979908324,La3Rh,L12,111
La3Ru_L12_111,10.5,9.0,1.5,9.4453125,1.956294303611742,7.5,1.3635416666666664,0.16485670861387472,20.041666666666668,0.5994789404140893,La3Ru,L12,111
La3Sc_L12_111,10.5,9.0,1.5,9.4453125,1.956294303611742,7.5,1.1622916666666665,0.038966131126915805,16.208333333333336,2.9973947020704492,La3Sc,L12,111
La3Sn_L12_111,10.59375,9.0,1.4970674458754356,9.65625,2.0432338797846907,7.5,1.288125,0.1361548788757373,20.78125,0.15831962659969384,La3Sn,L12,111
La3Ta_L12_111,10.59375,9.0,1.4970674458754356,9.65625,2.0432338797846907,7.5,1.1875,0.06332785063987781,21.4375,0.3166392531993894,La3Ta,L12,111
La3Tc_L12_111,10.59375,9.0,1.4970674458754356,9.65625,2.0432338797846907,7.5,1.275,0.12665570127975562,19.6875,0.9499177595981665,La3Tc,L12,111
La3Ti_L12_111,10.59375,9.0,1.4970674458754356,9.65625,2.0432338797846907,7.5,1.19625,0.06966063570386548,16.84375,3.008072905394194,La3Ti,L12,111
La3Tl_L12_111,10.59375,9.0,1.4970674458754356,9.65625,2.0432338797846907,7.5,1.2137499999999999,0.08232620583184122,22.96875,1.4248766393972496,La3Tl,L12,111
La3V_L12_111,10.59375,9.0,1.4970674458754356,9.65625,2.0432338797846907,7.5,1.2159375,0.08390940209783793,17.0625,2.8497532787944992,La3V,L12,111
La3W_L12_111,10.59375,9.0,1.4970674458754356,9.65625,2.0432338797846907,7.5,1.375625,0.19948272951561494,21.65625,0.47495887979908324,La3W,L12,111
La3Y_L12_111,10.59375,9.0,1.4970674458754356,9.65625,2.0432338797846907,7.5,1.1262500000000002,0.018998355191963464,18.8125,1.5831962659969436,La3Y,L12,111
La3Zn_L12_111,10.59375,9.0,1.4970674458754356,9.65625,2.0432338797846907,7.5,1.2203125000000001,0.087075794629832,18.59375,1.7415158925966392,La3Zn,L12,111
La3Zr_L12_111,10.5,9.0,1.5,9.4453125,1.956294303611742,7.5,1.1551041666666668,0.03447003907381022,18.84375,1.3488276159317023,La3Zr,L12,111
LaMn_L10_101,11.25,7.0,2.384848003542364,11.03125,2.852093985857876,6.333333333333333,1.3062804383116884,0.05931613225729144,13.665584415584416,2.109018035814805,LaMn,L10,101
LaMo3_L12_111,11.375,9.0,2.381569860407206,11.177083333333334,2.86901172855935,8.083333333333334,1.8409962121212122,0.06171165098047152,16.805681818181817,0.3493112319649335,LaMo3,L12,111
LaMo_L10_101,11.25,7.0,2.384848003542364,11.135416666666668,2.9700289642714113,6.333333333333333,1.5859050324675326,0.13972244487273094,18.249594155844157,0.7908817634305514,LaMo,L10,101
LaNb3_L12_111,11.375,9.0,2.381569860407206,11.177083333333334,2.86901172855935,8.083333333333334,1.4495265151515153,0.02910926933041116,16.106628787878787,0.40752977062575513,LaNb3,L12,111
LaNb_L10_101,11.25,7.0,2.384848003542364,11.135416666666668,2.9700289642714113,6.333333333333333,1.329200487012987,0.06590681361921277,17.791193181818183,0.9226953906689774,LaNb,L10,101
LaNi3_L12_111,11.71875,9.0,2.588850794754306,11.6796875,3.239372941654222,8.083333333333334,1.6704517045454543,0.04763833967739109,11.844602272727274,0.76456594543961,LaNi3,L12,111
LaNi_L10_101,10.375,5.0,3.9666579131556077,10.296875,3.298643548817116,5.083333333333333,1.3072596153846152,0.20760169297309652,17.67361111111111,3.3318790230250066,LaNi,L10,101
LaOs3_L12_111,11.375,9.0,2.381569860407206,11.177083333333334,2.86901172855935,8.083333333333334,1.868958333333333,0.0640403925269045,24.49526515151515,0.2910926933041115,LaOs3,L12,111
LaOs_L10_101,10.375,5.0,3.9666579131556077,10.401041666666668,3.453839795299895,5.083333333333333,1.3814636752136753,0.2819282250251929,22.27938034188034,1.2814919319326952,LaOs,L10,101
LaPb3_L12_111,10.59375,9.0,1.4970674458754356,9.65625,2.0432338797846907,7.5,2.0609375,0.19473314071762401,28.03125,1.4248766393972496,LaPb3,L12,111
LaPb_L10_101,10.5,7.0,2.0615528128088303,9.598958333333332,2.4197571385110117,5.833333333333333,1.715,0.21310345842789163,25.5,1.5592935982528653,LaPb,L10,101
LaPd3_L12_111,11.375,9.0,2.381569860407206,11.177083333333334,2.86901172855935,8.083333333333334,1.868958333333333,0.0640403925269045,20.300946969696966,0.058218538660821405,LaPd3,L12,111
LaPd_L10_101,11.25,7.0,2.384848003542364,11.03125,2.852093985857876,6.333333333333333,1.6042410714285715,0.1449949899622678,20.54159902597403,0.13181362723842602,LaPd,L10,101
LaPt3_L12_111,11.71875,9.0,2.588850794754306,11.6796875,3.239372941654222,8.083333333333334,1.9310284090909091,0.06939906273990304,26.634090909090904,0.4705021202705296,LaPt3,L12,111
LaPt_L10_101,10.375,5.0,3.9666579131556077,10.296875,3.298643548817116,5.083333333333333,1.4019337606837605,0.30243209593611603,23.04700854700855,2.0503870910923117,LaPt,L10,101
LaRe3_L12_111,11.71875,9.0,2.588850794754306,11.6796875,3.239372941654222,8.083333333333334,1.6634090909090908,0.04705021202705282,23.817045454545458,0.23525106013526423,LaRe3,L12,111
LaRe_L10_101,10.375,5.0,3.9666579131556077,10.296875,3.298643548817116,5.083333333333333,1.3047008547008545,0.2050387091092312,22.023504273504273,1.0251935455461558,LaRe,L10,101
LaRh3_L12_111,11.71875,9.0,2.588850794754306,11.6796875,3.239372941654222,8.083333333333334,1.9310284090909091,0.06939906273990304,18.887215909090912,0.17643829510144815,LaRh3,L12,111
LaRh_L10_101,10.375,5.0,3.9666579131556077,10.296875,3.298643548817116,5.083333333333333,1.4019337606837605,0.30243209593611603,20.232371794871796,0.7688951591596171,LaRh,L10,101
LaRu3_L12_111,11.375,9.0,2.381569860407206,11.177083333333334,2.86901172855935,8.083333333333334,1.868958333333333,0.0640403925269045,18.203787878787878,0.23287415464328867,LaRu3,L12,111
LaRu_L10_101,10.375,5.0,3.9666579131556077,10.401041666666668,3.453839795299895,5.083333333333333,1.3814636752136753,0.2819282250251929,19.976495726495727,1.0251935455461558,LaRu,L10,101
LaSc3_L12_111,10.59375,9.0,1.4970674458754356,9.65625,2.0432338797846907,7.5,1.3031249999999999,0.041163102915920596,5.375000000000001,3.166392531993888,LaSc3,L12,111
LaSc_L10_101,11.25,7.0,2.384848003542364,11.03125,2.852093985857876,6.333333333333333,1.2191842532467532,0.0342715430819906,11.83198051948052,2.636272544768507,LaSc,L10,101
LaSn3_L12_111,11.375,9.0,2.381569860407206,11.177083333333334,2.86901172855935,8.083333333333334,1.701185606060606,0.050067943248307184,20.300946969696966,0.058218538660821405,LaSn3,L12,111
LaSn_L10_101,11.25,7.0,2.384848003542364,11.135416666666668,2.9700289642714113,6.333333333333333,1.4942248376623377,0.11335971942504582,20.54159902597403,0.13181362723842602,LaSn,L10,101
LaTa3_L12_111,11.375,9.0,2.381569860407206,11.177083333333334,2.86901172855935,8.083333333333334,1.3796212121212121,0.023287415464328907,22.398106060606057,0.11643707732164506,LaTa3,L12,111
LaTa_L10_101,11.25,7.0,2.384848003542364,11.135416666666668,2.9700289642714113,6.333333333333333,1.2833603896103898,0.05272545089537017,21.916801948051948,0.26362725447685026,LaTa,L10,101
LaTc3_L12_111,11.71875,9.0,2.588850794754306,11.6796875,3.239372941654222,8.083333333333334,1.6634090909090908,0.04705021202705282,16.774431818181817,0.3528765902028969,LaTc3,L12,111
LaTc_L10_101,10.375,5.0,3.9666579131556077,10.296875,3.298643548817116,5.083333333333333,1.3047008547008545,0.2050387091092312,19.46474358974359,1.5377903183192339,LaTc,L10,101
LaTi3_L12_111,11.375,9.0,2.381569860407206,11.177083333333334,2.86901172855935,8.083333333333334,1.4075833333333334,0.0256161570107618,7.717992424242425,1.1061522345556227,LaTi3,L12,111
LaTi_L10_101,11.25,7.0,2.384848003542364,11.03125,2.852093985857876,6.333333333333333,1.3016964285714283,0.0579979959849071,12.290381493506494,2.5044589175300813,LaTi,L10,101
LaTl3_L12_111,10.59375,9.0,1.4970674458754356,9.65625,2.0432338797846907,7.5,1.50625,0.08232620583184116,28.03125,1.4248766393972496,LaTl3,L12,111
LaTl_L10_101,10.5,7.0,2.0615528128088303,9.598958333333332,2.4197571385110117,5.833333333333333,1.36,0.09009251901016559,25.5,1.5592935982528653,LaTl,L10,101
LaV3_L12_111,11.71875,9.0,2.588850794754306,11.6796875,3.239372941654222,8.083333333333334,1.4732585227272725,0.0311707654679226,8.323295454545455,1.0586297706086905,LaV3,L12,111
LaV_L10_101,10.375,5.0,3.9666579131556077,10.296875,3.298643548817116,5.083333333333333,1.235614316239316,0.13583814478486558,16.39423076923077,4.613370954957702,LaV,L10,101
LaW3_L12_111,11.71875,9.0,2.588850794754306,11.6796875,3.239372941654222,8.083333333333334,1.9873693181818182,0.07410408394260827,23.112784090909088,0.17643829510144815,LaW3,L12,111
LaW_L10_101,10.375,5.0,3.9666579131556077,10.296875,3.298643548817116,5.083333333333333,1.4224038461538462,0.32293596684703907,21.767628205128204,0.7688951591596171,LaW,L10,101
LaY3_L12_111,10.59375,9.0,1.4970674458754356,9.65625,2.0432338797846907,7.5,1.1937500000000003,0.018998355191963256,13.187500000000002,1.5831962659969443,LaY3,L12,111
LaY_L10_101,10.5,7.0,2.0615528128088303,9.598958333333332,2.4197571385110117,5.833333333333333,1.1600000000000001,0.020790581310038213,16.0,1.732548442503184,LaY,L10,101
LaZn3_L12_111,11.71875,9.0,2.588850794754306,11.6796875,3.239372941654222,8.083333333333334,1.48734375,0.032347020768598814,13.253124999999997,0.6469404153719772,LaZn3,L12,111
LaZn_L10_101,10.375,5.0,3.9666579131556077,10.296875,3.298643548817116,5.083333333333333,1.2407318376068377,0.14096411251259644,18.18536324786325,2.819282250251929,LaZn,L10,101
LaZr3_L12_111,11.375,9.0,2.381569860407206,11.177083333333334,2.86901172855935,8.083333333333334,1.2607821969696973,0.013390263891989064,14.708522727272728,0.5239668479474,LaZr3,L12,111
LaZr_L10_101,11.25,7.0,2.384848003542364,11.135416666666668,2.9700289642714113,6.333333333333333,1.205432224025974,0.030317134264837835,16.874391233766232,1.1863226451458277,LaZr,L10,101
La_A1_111,4.375,2.0,0.9921567416492215,1.6770833333333335,0.4831132760543847,0.6666666666666666,1.1,0.0,21.0,0.0,La,A1,111
Mn3Mo_L12_111,10.59375,9.0,1.4970674458754356,9.65625,2.0432338797846907,7.5,1.6834375,0.09657497222581356,7.1875,1.5831962659969445,Mn3Mo,L12,111
Mn3Ni_L12_111,10.59375,9.0,1.4970674458754356,9.65625,2.0432338797846907,7.5,1.62875,0.056995065575889986,5.65625,0.47495887979908324,Mn3Ni,L12,111
Mn3Os_L12_111,10.59375,9.0,1.4970674458754356,9.65625,2.0432338797846907,7.5,1.6921875,0.10290775728980132,9.59375,3.3247121585935826,Mn3Os,L12,111
Mn3Re_L12_111,10.59375,9.0,1.4970674458754356,9.65625,2.0432338797846907,7.5,1.6265625,0.055411869309893017,9.375,3.1663925319938877,Mn3Re,L12,111
Mn3Tc_L12_111,10.59375,9.0,1.4970674458754356,9.65625,2.0432338797846907,7.5,1.6265625,0.055411869309893017,7.1875,1.5831962659969445,Mn3Tc,L12,111
Mn3V_L12_111,10.59375,9.0,1.4970674458754356,9.65625,2.0432338797846907,7.5,1.5675,0.012665570127975425,4.5625,0.31663925319938896,Mn3V,L12,111
Mn3W_L12_111,10.59375,9.0,1.4970674458754356,9.65625,2.0432338797846907,7.5,1.7271874999999999,0.12823889754575243,9.15625,3.008072905394194,Mn3W,L12,111
MnMo3_L12_111,10.5,9.0,1.5,9.4453125,1.956294303611742,7.5,2.013854166666667,0.09142053841314879,12.604166666666664,1.498697351035225,MnMo3,L12,111
MnMo_L10_101,10.5,7.0,2.0615528128088303,9.546875,2.3744459788753294,5.833333333333333,1.855,0.10568545499269427,10.0,1.7325484425031838,MnMo,L10,101
MnNb3_L12_111,10.5,9.0,1.5,9.4453125,1.956294303611742,7.5,1.5880208333333334,0.0074934867551761574,11.84375,1.3488276159317023,MnNb3,L12,111
MnNb_L10_101,10.5,7.0,2.0615528128088303,9.546875,2.3744459788753294,5.833333333333333,1.5750000000000002,0.008662742212516027,9.5,1.559293598252866,MnNb,L10,101
MnNi3_L12_111,10.5,9.0,1.5,9.4453125,1.956294303611742,7.5,1.82375,0.053953104637268,7.28125,0.4496092053105675,MnNi3,L12,111
MnOs3_L12_111,10.5,9.0,1.5,9.4453125,1.956294303611742,7.5,2.044270833333333,0.09741532781728961,20.96875,3.1472644371739724,MnOs3,L12,111
MnPb3_L12_111,10.59375,9.0,1.4970674458754356,9.65625,2.0432338797846907,7.5,2.159375,0.12348930874776151,24.531250000000004,3.95799066499236,MnPb3,L12,111
MnPb_L10_101,11.25,7.0,2.384848003542364,11.036458333333334,2.8650141721459637,6.333333333333333,1.9724472402597402,0.10281462924597186,18.53997564935065,3.295340680960634,MnPb,L10,101
MnPd3_L12_111,10.59375,9.0,1.4970674458754356,9.65625,2.0432338797846907,7.5,2.0578125,0.10290775728980134,16.71875,2.3747943989954163,MnPd3,L12,111
MnPt3_L12_111,10.5,9.0,1.5,9.4453125,1.956294303611742,7.5,2.105104166666667,0.10940490662557135,23.25,3.59687364248454,MnPt3,L12,111
MnRe_L10_101,10.5,7.0,2.0615528128088303,9.546875,2.3744459788753294,5.833333333333333,1.725,0.060639195487611534,15.0,3.465096885006368,MnRe,L10,101
MnRh3_L12_111,10.5,9.0,1.5,9.4453125,1.956294303611742,7.5,2.105104166666667,0.10940490662557135,14.885416666666664,1.9483065563457926,MnRh3,L12,111
MnRh_L10_101,10.5,7.0,2.0615528128088303,9.546875,2.3744459788753294,5.833333333333333,1.9150000000000003,0.1264760363027325,11.5,2.2523129752541395,MnRh,L10,101
MnRu3_L12_111,10.5,9.0,1.5,9.4453125,1.956294303611742,7.5,2.044270833333333,0.09741532781728961,14.125,1.79843682124227,MnRu3,L12,111
MnRu_L10_101,10.5,7.0,2.0615528128088303,9.598958333333332,2.4197571385110117,5.833333333333333,1.875,0.11261564876270704,11.0,2.079058131003821,MnRu,L10,101
MnSc_L10_101,10.5,7.0,2.0615528128088303,9.546875,2.3744459788753294,5.833333333333333,1.4550000000000003,0.03291842040756049,3.0,0.6930193770012737,MnSc,L10,101
MnSn3_L12_111,10.5,9.0,1.5,9.4453125,1.956294303611742,7.5,1.8617708333333334,0.061446591392444246,16.40625,2.2480460265528373,MnSn3,L12,111
MnSn_L10_101,10.5,7.0,2.0615528128088303,9.546875,2.3744459788753294,5.833333333333333,1.7550000000000001,0.07103448614263057,12.5,2.598822663754776,MnSn,L10,101
MnTa3_L12_111,10.5,9.0,1.5,9.4453125,1.956294303611742,7.5,1.5119791666666667,0.007493486755176145,18.6875,2.6976552318634046,MnTa3,L12,111
MnTa_L10_101,10.5,7.0,2.0615528128088303,9.546875,2.3744459788753294,5.833333333333333,1.5250000000000001,0.008662742212515877,14.0,3.118587196505732,MnTa,L10,101
MnTc3_L12_111,10.5,9.0,1.5,9.4453125,1.956294303611742,7.5,1.8161458333333331,0.05245440728623268,12.604166666666664,1.498697351035225,MnTc3,L12,111
MnTi3_L12_111,10.59375,9.0,1.4970674458754356,9.65625,2.0432338797846907,7.5,1.5421875000000003,0.0015831962659970979,2.65625,0.47495887979908324,MnTi3,L12,111
MnTi_L10_101,10.5,7.0,2.0615528128088303,9.598958333333332,2.4197571385110117,5.833333333333333,1.5450000000000004,0.0017325484425031582,3.5,0.5197645327509554,MnTi,L10,101
MnTl3_L12_111,10.5,9.0,1.5,9.4453125,1.956294303611742,7.5,1.6032291666666667,0.010490881457246625,24.01041666666667,3.746743377588061,MnTl3,L12,111
MnTl_L10_101,11.25,7.0,2.384848003542364,11.036458333333334,2.8650141721459637,6.333333333333333,1.5879119318181818,0.009226953906689823,18.53997564935065,3.295340680960634,MnTl,L10,101
MnV_L10_101,10.5,7.0,2.0615528128088303,9.546875,2.3744459788753294,5.833333333333333,1.5899999999999996,0.013860387540025464,4.0,0.34650968850063685,MnV,L10,101
MnW3_L12_111,10.5,9.0,1.5,9.4453125,1.956294303611742,7.5,2.1659374999999996,0.12139448543385321,19.44791666666667,2.847524966966927,MnW3,L12,111
MnW_L10_101,10.5,7.0,2.0615528128088303,9.546875,2.3744459788753294,5.833333333333333,1.955,0.14033642384275788,14.5,3.29184204075605,MnW,L10,101
MnY3_L12_111,10.59375,9.0,1.4970674458754356,9.65625,2.0432338797846907,7.5,1.2921875000000003,0.05224547677789919,9.6875,0.9499177595981665,MnY3,L12,111
MnY_L10_101,11.25,7.0,2.384848003542364,11.036458333333334,2.8650141721459637,6.333333333333333,1.3712723214285716,0.04349849698868038,8.249594155844155,0.7908817634305523,MnY,L10,101
MnZn3_L12_111,10.5,9.0,1.5,9.4453125,1.956294303611742,7.5,1.6260416666666666,0.014986973510352187,8.802083333333336,0.7493486755176121,MnZn3,L12,111
MnZn_L10_101,10.5,7.0,2.0615528128088303,9.546875,2.3744459788753294,5.833333333333333,1.5999999999999999,0.01732548442503183,7.5,0.866274221251592,MnZn,L10,101
MnZr3_L12_111,10.59375,9.0,1.4970674458754356,9.65625,2.0432338797846907,7.5,1.3781250000000003,0.03483031785193278,10.46875,1.1082373861978612,MnZr3,L12,111
MnZr_L10_101,10.5,7.0,2.0615528128088303,9.598958333333332,2.4197571385110117,5.833333333333333,1.4400000000000002,0.03811606573507001,8.5,1.2127839097522288,MnZr,L10,101
Mo3Nb_L12_111,10.5,9.0,1.5,9.4453125,1.956294303611742,7.5,2.025833333333334,0.08392705165797254,14.760416666666664,0.14986973510352275,Mo3Nb,L12,111
Mo3Ni_L12_111,10.5,9.0,1.5,9.4453125,1.956294303611742,7.5,2.100104166666666,0.03746743377588069,13.322916666666664,1.0490881457246577,Mo3Ni,L12,111
Mo3Os_L12_111,10.59375,9.0,1.4970674458754356,9.65625,2.0432338797846907,7.5,2.16875,0.0063327850639877115,17.40625,1.7415158925966392,Mo3Os,L12,111
Mo3Pb_L12_111,10.5,9.0,1.5,9.4453125,1.956294303611742,7.5,2.2007291666666666,0.025477854967598718,18.59375,2.2480460265528373,Mo3Pb,L12,111
Mo3Pd_L12_111,10.5,9.0,1.5,9.4453125,1.956294303611742,7.5,2.169583333333333,0.005994789404140838,16.197916666666668,0.7493486755176129,Mo3Pd,L12,111
Mo3Pt_L12_111,10.5,9.0,1.5,9.4453125,1.956294303611742,7.5,2.1887500000000006,0.01798436821242281,18.354166666666668,2.0981762914493154,Mo3Pt,L12,111
Mo3Re_L12_111,10.5,9.0,1.5,9.4453125,1.956294303611742,7.5,2.0977083333333337,0.03896613112691585,17.39583333333333,1.4986973510352242,Mo3Re,L12,111
Mo3Rh_L12_111,10.5,9.0,1.5,9.4453125,1.956294303611742,7.5,2.1887500000000006,0.01798436821242281,15.71875,0.4496092053105675,Mo3Rh,L12,111
Mo3Ru_L12_111,10.59375,9.0,1.4970674458754356,9.65625,2.0432338797846907,7.5,2.16875,0.0063327850639877115,15.4375,0.31663925319938857,Mo3Ru,L12,111
Mo3Sc_L12_111,10.59375,9.0,1.4970674458754356,9.65625,2.0432338797846907,7.5,1.9850000000000003,0.12665570127975556,11.937500000000002,2.2164747723957214,Mo3Sc,L12,111
Mo3Sn_L12_111,10.5,9.0,1.5,9.4453125,1.956294303611742,7.5,2.1120833333333335,0.029973947020704588,16.197916666666668,0.7493486755176129,Mo3Sn,L12,111
Mo3Ta_L12_111,10.5,9.0,1.5,9.4453125,1.956294303611742,7.5,2.0018750000000005,0.09891402516832483,16.91666666666667,1.1989578808281804,Mo3Ta,L12,111
Mo3Tc_L12_111,10.5,9.0,1.5,9.4453125,1.956294303611742,7.5,2.0977083333333337,0.03896613112691585,15.0,0.0,Mo3Tc,L12,111
Mo3Ti_L12_111,10.5,9.0,1.5,9.4453125,1.956294303611742,7.5,2.011458333333333,0.09291923576418394,11.885416666666664,1.9483065563457926,Mo3Ti,L12,111
Mo3Tl_L12_111,11.375,9.0,2.381569860407206,11.177083333333334,2.86901172855935,8.083333333333334,1.9974886363636368,0.03143801087684407,19.514204545454547,0.8732780799123335,Mo3Tl,L12,111
Mo3V_L12_111,10.5,9.0,1.5,9.4453125,1.956294303611742,7.5,2.0330208333333335,0.07943095960486694,12.125,1.79843682124227,Mo3V,L12,111
Mo3W_L12_111,10.5,9.0,1.5,9.4453125,1.956294303611742,7.5,2.2079166666666667,0.02997394702070439,17.15625,1.3488276159317023,Mo3W,L12,111
Mo3Zn_L12_111,10.5,9.0,1.5,9.4453125,1.956294303611742,7.5,2.0378125000000002,0.07643356490279654,13.802083333333336,0.7493486755176121,Mo3Zn,L12,111
Mo3Zr_L12_111,10.59375,9.0,1.4970674458754356,9.65625,2.0432338797846907,7.5,1.9784375000000005,0.1314052900777463,14.34375,0.47495887979908324,Mo3Zr,L12,111
MoNb3_L12_111,10.5,9.0,1.5,9.4453125,1.956294303611742,7.5,1.7341666666666669,0.08392705165797258,14.239583333333334,0.14986973510352275,MoNb3,L12,111
MoNb_L10_101,10.5,7.0,2.0615528128088303,9.546875,2.3744459788753294,5.833333333333333,1.8800000000000003,0.09702271278017838,14.5,0.17325484425031798,MoNb,L10,101
MoNi3_L12_111,10.59375,9.0,1.4970674458754356,9.65625,2.0432338797846907,7.5,1.9646875,0.03957990664992366,9.53125,1.1082373861978612,MoNi3,L12,111
MoNi_L10_101,10.5,7.0,2.0615528128088303,9.598958333333332,2.4197571385110117,5.833333333333333,2.035,0.04331371106257967,11.5,1.2127839097522288,MoNi,L10,101
MoOs3_L12_111,10.5,9.0,1.5,9.4453125,1.956294303611742,7.5,2.1904166666666667,0.005994789404140927,23.36458333333333,1.6485670861387478,MoOs3,L12,111
MoOs_L10_101,10.5,7.0,2.0615528128088303,9.546875,2.3744459788753294,5.833333333333333,2.1799999999999997,0.006930193770012765,20.5,1.9058032867535022,MoOs,L10,101
MoPb3_L12_111,10.59375,9.0,1.4970674458754356,9.65625,2.0432338797846907,7.5,2.2928124999999997,0.026914336521948003,26.71875,2.3747943989954163,MoPb3,L12,111
MoPd3_L12_111,10.59375,9.0,1.4970674458754356,9.65625,2.0432338797846907,7.5,2.19125,0.006332785063987789,18.906249999999996,0.7915981329984727,MoPd3,L12,111
MoPd_L10_101,10.5,7.0,2.0615528128088303,9.546875,2.3744459788753294,5.833333333333333,2.1799999999999997,0.006930193770012765,17.5,0.8662742212515923,MoPd,L10,101
MoPt3_L12_111,10.59375,9.0,1.4970674458754356,9.65625,2.0432338797846907,7.5,2.25375,0.01899835519196327,25.937499999999996,2.216474772395722,MoPt3,L12,111
MoPt_L10_101,10.5,7.0,2.0615528128088303,9.598958333333332,2.4197571385110117,5.833333333333333,2.22,0.020790581310038,22.0,2.4255678195044577,MoPt,L10,101
MoRe3_L12_111,10.59375,9.0,1.4970674458754356,9.65625,2.0432338797846907,7.5,1.956875,0.04116310291592083,22.8125,1.5831962659969436,MoRe3,L12,111
MoRe_L10_101,10.5,7.0,2.0615528128088303,9.598958333333332,2.4197571385110117,5.833333333333333,2.0300000000000002,0.04504625950508293,20.0,1.7325484425031845,MoRe,L10,101
MoRh3_L12_111,10.59375,9.0,1.4970674458754356,9.65625,2.0432338797846907,7.5,2.25375,0.01899835519196327,17.34375,0.47495887979908324,MoRh3,L12,111
MoRh_L10_101,10.5,7.0,2.0615528128088303,9.598958333333332,2.4197571385110117,5.833333333333333,2.22,0.020790581310038,16.5,0.5197645327509552,MoRh,L10,101
MoRu3_L12_111,10.5,9.0,1.5,9.4453125,1.956294303611742,7.5,2.1904166666666667,0.005994789404140927,16.52083333333333,0.2997394702070455,MoRu3,L12,111
MoRu_L10_101,10.5,7.0,2.0615528128088303,9.546875,2.3744459788753294,5.833333333333333,2.1799999999999997,0.006930193770012765,16.0,0.3465096885006366,MoRu,L10,101
MoSc3_L12_111,10.5,9.0,1.5,9.4453125,1.956294303611742,7.5,1.5516666666666667,0.11989578808281796,4.354166666666667,2.098176291449315,MoSc3,L12,111
MoSc_L10_101,10.5,7.0,2.0615528128088303,9.598958333333332,2.4197571385110117,5.833333333333333,1.7600000000000002,0.13860387540025482,8.0,2.425567819504458,MoSc,L10,101
MoSn3_L12_111,10.5,9.0,1.5,9.4453125,1.956294303611742,7.5,2.0079166666666666,0.02997394702070443,18.802083333333332,0.7493486755176129,MoSn3,L12,111
MoSn_L10_101,10.5,7.0,2.0615528128088303,9.546875,2.3744459788753294,5.833333333333333,2.06,0.03465096885006359,17.5,0.8662742212515923,MoSn,L10,101
MoTa3_L12_111,10.5,9.0,1.5,9.4453125,1.956294303611742,7.5,1.658125,0.09891402516832483,21.083333333333332,1.1989578808281804,MoTa3,L12,111
MoTa_L10_101,10.5,7.0,2.0615528128088303,9.546875,2.3744459788753294,5.833333333333333,1.83,0.11434819720521024,19.0,1.386038754002547,MoTa,L10,101
MoTc3_L12_111,10.59375,9.0,1.4970674458754356,9.65625,2.0432338797846907,7.5,1.956875,0.04116310291592083,15.0,0.0,MoTc3,L12,111
MoTc_L10_101,10.5,7.0,2.0615528128088303,9.598958333333332,2.4197571385110117,5.833333333333333,2.0300000000000002,0.04504625950508293,15.0,0.0,MoTc,L10,101
MoTi3_L12_111,10.59375,9.0,1.4970674458754356,9.65625,2.0432338797846907,7.5,1.6756250000000001,0.09815816849181065,4.84375,2.0581551457960274,MoTi3,L12,111
MoTi_L10_101,10.5,7.0,2.0615528128088303,9.546875,2.3744459788753294,5.833333333333333,1.85,0.1074180034351974,8.5,2.2523129752541395,MoTi,L10,101
MoTl3_L12_111,10.5,9.0,1.5,9.4453125,1.956294303611742,7.5,1.7493750000000001,0.08092965695590211,26.40625,2.2480460265528373,MoTl3,L12,111
MoV3_L12_111,10.59375,9.0,1.4970674458754356,9.65625,2.0432338797846907,7.5,1.7459375,0.08390940209783809,5.625,1.899835519196333,MoV3,L12,111
MoV_L10_101,10.5,7.0,2.0615528128088303,9.598958333333332,2.4197571385110117,5.833333333333333,1.895,0.09182506745266877,9.0,2.079058131003821,MoV,L10,101
MoW3_L12_111,10.59375,9.0,1.4970674458754356,9.65625,2.0432338797846907,7.5,2.3162499999999997,0.03166392531993887,22.03125,1.4248766393972496,MoW3,L12,111
MoW_L10_101,10.5,7.0,2.0615528128088303,9.598958333333332,2.4197571385110117,5.833333333333333,2.26,0.03465096885006359,19.5,1.5592935982528653,MoW,L10,101
MoY3_L12_111,10.59375,9.0,1.4970674458754356,9.65625,2.0432338797846907,7.5,1.4256250000000001,0.14882044900371275,11.875,0.6332785063987779,MoY3,L12,111
MoY_L10_101,11.25,7.0,2.384848003542364,11.109375,2.910964478091125,6.333333333333333,1.6508969155844155,0.12390480960411984,12.833603896103897,0.5272545089537015,MoY,L10,101
MoZn3_L12_111,10.59375,9.0,1.4970674458754356,9.65625,2.0432338797846907,7.5,1.7615625,0.08074300956584422,11.09375,0.7915981329984718,MoZn3,L12,111
MoZn_L10_101,10.5,7.0,2.0615528128088303,9.598958333333332,2.4197571385110117,5.833333333333333,1.905,0.08835997056766239,12.5,0.8662742212515923,MoZn,L10,101
MoZr3_L12_111,10.59375,9.0,1.4970674458754356,9.65625,2.0432338797846907,7.5,1.5115625000000001,0.13140529007774632,12.65625,0.47495887979908324,MoZr3,L12,111
MoZr_L10_101,10.5,7.0,2.0615528128088303,9.546875,2.3744459788753294,5.833333333333333,1.745,0.14380152072776436,13.5,0.5197645327509549,MoZr,L10,101
Mo_A1_111,4.375,2.0,0.9921567416492215,1.6770833333333335,0.4831132760543847,0.6666666666666666,2.16,0.0,15.0,0.0,Mo,A1,111
Nb3Ni_L12_111,10.5,9.0,1.5,9.4453125,1.956294303611742,7.5,1.6742708333333336,0.04645961788209189,12.5625,0.899218410621135,Nb3Ni,L12,111
Nb3Os_L12_111,10.59375,9.0,1.4970674458754356,9.65625,2.0432338797846907,7.5,1.7312500000000002,0.09499177595981646,16.625,1.899835519196333,Nb3Os,L12,111
Nb3Pb_L12_111,10.5,9.0,1.5,9.4453125,1.956294303611742,7.5,1.7748958333333336,0.10940490662557134,17.833333333333332,2.397915761656359,Nb3Pb,L12,111
Nb3Pd_L12_111,10.5,9.0,1.5,9.4453125,1.956294303611742,7.5,1.74375,0.08992184106211332,15.4375,0.899218410621135,Nb3Pd,L12,111
Nb3Pt_L12_111,10.5,9.0,1.5,9.4453125,1.956294303611742,7.5,1.762916666666667,0.1019114198703953,17.59375,2.2480460265528373,Nb3Pt,L12,111
Nb3Re_L12_111,10.5,9.0,1.5,9.4453125,1.956294303611742,7.5,1.6718750000000002,0.04496092053105668,16.635416666666668,1.6485670861387478,Nb3Re,L12,111
Nb3Rh_L12_111,10.5,9.0,1.5,9.4453125,1.956294303611742,7.5,1.762916666666667,0.1019114198703953,14.958333333333334,0.5994789404140902,Nb3Rh,L12,111
Nb3Ru_L12_111,10.59375,9.0,1.4970674458754356,9.65625,2.0432338797846907,7.5,1.7312500000000002,0.09499177595981646,14.65625,0.47495887979908324,Nb3Ru,L12,111
Nb3Sc_L12_111,10.59375,9.0,1.4970674458754356,9.65625,2.0432338797846907,7.5,1.5475,0.03799671038392671,11.156249999999998,2.058155145796028,Nb3Sc,L12,111
Nb3Sn_L12_111,10.5,9.0,1.5,9.4453125,1.956294303611742,7.5,1.6862500000000002,0.05395310463726808,15.4375,0.899218410621135,Nb3Sn,L12,111
Nb3Ta_L12_111,10.5,9.0,1.5,9.4453125,1.956294303611742,7.5,1.5760416666666668,0.01498697351035235,16.15625,1.3488276159317023,Nb3Ta,L12,111
Nb3Tc_L12_111,10.5,9.0,1.5,9.4453125,1.956294303611742,7.5,1.6718750000000002,0.04496092053105668,14.239583333333334,0.14986973510352275,Nb3Tc,L12,111
Nb3Ti_L12_111,10.5,9.0,1.5,9.4453125,1.956294303611742,7.5,1.585625,0.008992184106211413,11.125,1.79843682124227,Nb3Ti,L12,111
Nb3Tl_L12_111,11.375,9.0,2.381569860407206,11.177083333333334,2.8690117285593506,8.083333333333334,1.6060189393939395,0.0011643707732165345,18.815151515151513,0.9314966185731551,Nb3Tl,L12,111
Nb3V_L12_111,10.5,9.0,1.5,9.4453125,1.956294303611742,7.5,1.6071875,0.004496092053105476,11.364583333333334,1.6485670861387471,Nb3V,L12,111
Nb3W_L12_111,10.5,9.0,1.5,9.4453125,1.956294303611742,7.5,1.7820833333333335,0.11390099867867697,16.395833333333332,1.4986973510352242,Nb3W,L12,111
Nb3Y_L12_111,10.5,9.0,1.5,9.4453125,1.956294303611742,7.5,1.5089583333333336,0.056950499339338566,13.28125,0.4496092053105675,Nb3Y,L12,111
Nb3Zn_L12_111,10.5,9.0,1.5,9.4453125,1.956294303611742,7.5,1.6119791666666665,0.007493486755175994,13.041666666666666,0.5994789404140902,Nb3Zn,L12,111
Nb3Zr_L12_111,10.59375,9.0,1.4970674458754356,9.65625,2.0432338797846907,7.5,1.5409375,0.042746299181917594,13.562500000000002,0.31663925319938857,Nb3Zr,L12,111
NbNi3_L12_111,10.59375,9.0,1.4970674458754356,9.65625,2.0432338797846907,7.5,1.8421874999999999,0.049079084245905256,9.3125,0.9499177595981665,NbNi3,L12,111
NbNi_L10_101,10.5,7.0,2.0615528128088303,9.598958333333332,2.4197571385110117,5.833333333333333,1.755,0.05370900171759868,11.0,1.0395290655019107,NbNi,L10,101
NbOs3_L12_111,10.5,9.0,1.5,9.4453125,1.956294303611742,7.5,2.05625,0.08992184106211346,23.125,1.79843682124227,NbOs3,L12,111
NbOs_L10_101,10.5,7.0,2.0615528128088303,9.546875,2.3744459788753294,5.833333333333333,1.9,0.10395290655019114,20.0,2.0790581310038214,NbOs,L10,101
NbPb3_L12_111,10.59375,9.0,1.4970674458754356,9.65625,2.0432338797846907,7.5,2.1703124999999996,0.11557332741777682,26.500000000000004,2.5331140255951103,NbPb3,L12,111
NbPb_L10_101,11.25,7.0,2.384848003542364,11.109375,2.910964478091125,6.333333333333333,1.9953672889610385,0.09622394788405053,22.665584415584416,2.1090180358148056,NbPb,L10,101
NbPd3_L12_111,10.59375,9.0,1.4970674458754356,9.65625,2.0432338797846907,7.5,2.06875,0.09499177595981659,18.6875,0.9499177595981665,NbPd3,L12,111
NbPd_L10_101,10.5,7.0,2.0615528128088303,9.546875,2.3744459788753294,5.833333333333333,1.9,0.10395290655019114,17.0,1.0395290655019103,NbPd,L10,101
NbPt3_L12_111,10.59375,9.0,1.4970674458754356,9.65625,2.0432338797846907,7.5,2.1312500000000005,0.10765734608779218,25.71875,2.3747943989954163,NbPt3,L12,111
NbPt_L10_101,10.5,7.0,2.0615528128088303,9.598958333333332,2.4197571385110117,5.833333333333333,1.9400000000000002,0.11781329409021658,21.5,2.598822663754777,NbPt,L10,101
NbRe3_L12_111,10.59375,9.0,1.4970674458754356,9.65625,2.0432338797846907,7.5,1.8343749999999996,0.04749588797990819,22.593749999999996,1.7415158925966392,NbRe3,L12,111
NbRe_L10_101,10.5,7.0,2.0615528128088303,9.598958333333332,2.4197571385110117,5.833333333333333,1.75,0.0519764532750955,19.5,1.9058032867535022,NbRe,L10,101
NbRh3_L12_111,10.59375,9.0,1.4970674458754356,9.65625,2.0432338797846907,7.5,2.1312500000000005,0.10765734608779218,17.125000000000004,0.6332785063987771,NbRh3,L12,111
NbRh_L10_101,10.5,7.0,2.0615528128088303,9.598958333333332,2.4197571385110117,5.833333333333333,1.9400000000000002,0.11781329409021658,16.0,0.693019377001274,NbRh,L10,101
NbRu3_L12_111,10.5,9.0,1.5,9.4453125,1.956294303611742,7.5,2.05625,0.08992184106211346,16.28125,0.4496092053105675,NbRu3,L12,111
NbRu_L10_101,10.5,7.0,2.0615528128088303,9.546875,2.3744459788753294,5.833333333333333,1.9,0.10395290655019114,15.5,0.5197645327509549,NbRu,L10,101
NbSc3_L12_111,10.5,9.0,1.5,9.4453125,1.956294303611742,7.5,1.4175,0.035968736424845375,4.114583333333333,1.9483065563457924,NbSc3,L12,111
NbSc_L10_101,10.5,7.0,2.0615528128088303,9.598958333333332,2.4197571385110117,5.833333333333333,1.4800000000000002,0.04158116262007642,7.5,2.2523129752541395,NbSc,L10,101
NbSn3_L12_111,10.5,9.0,1.5,9.4453125,1.956294303611742,7.5,1.87375,0.05395310463726815,18.5625,0.899218410621135,NbSn3,L12,111
NbSn_L10_101,10.5,7.0,2.0615528128088303,9.546875,2.3744459788753294,5.833333333333333,1.7800000000000002,0.06237174393011451,17.0,1.0395290655019103,NbSn,L10,101
NbTa3_L12_111,10.5,9.0,1.5,9.4453125,1.956294303611742,7.5,1.5239583333333333,0.014986973510352242,20.84375,1.3488276159317023,NbTa3,L12,111
NbTa_L10_101,10.5,7.0,2.0615528128088303,9.546875,2.3744459788753294,5.833333333333333,1.5499999999999998,0.017325484425031797,18.5,1.5592935982528653,NbTa,L10,101
NbTc3_L12_111,10.59375,9.0,1.4970674458754356,9.65625,2.0432338797846907,7.5,1.8343749999999996,0.04749588797990819,14.781249999999998,0.1583196265996947,NbTc3,L12,111
NbTc_L10_101,10.5,7.0,2.0615528128088303,9.598958333333332,2.4197571385110117,5.833333333333333,1.75,0.0519764532750955,14.5,0.17325484425031798,NbTc,L10,101
NbTi3_L12_111,10.59375,9.0,1.4970674458754356,9.65625,2.0432338797846907,7.5,1.553125,0.009499177595981791,4.625,1.899835519196333,NbTi3,L12,111
NbTi_L10_101,10.5,7.0,2.0615528128088303,9.546875,2.3744459788753294,5.833333333333333,1.57,0.010395290655019,7.999999999999999,2.079058131003821,NbTi,L10,101
NbTl3_L12_111,10.5,9.0,1.5,9.4453125,1.956294303611742,7.5,1.6152083333333336,0.0029973947020705267,26.16666666666667,2.397915761656359,NbTl3,L12,111
NbTl_L10_101,11.25,7.0,2.384848003542364,11.036458333333334,2.8650141721459637,6.333333333333333,1.6108319805194808,0.002636272544768434,22.665584415584416,2.1090180358148056,NbTl,L10,101
NbV3_L12_111,10.59375,9.0,1.4970674458754356,9.65625,2.0432338797846907,7.5,1.6234375,0.00474958879799077,5.406250000000001,1.7415158925966385,NbV3,L12,111
NbV_L10_101,10.5,7.0,2.0615528128088303,9.598958333333332,2.4197571385110117,5.833333333333333,1.6149999999999998,0.0051976453275096035,8.5,1.9058032867535029,NbV,L10,101
NbW3_L12_111,10.59375,9.0,1.4970674458754356,9.65625,2.0432338797846907,7.5,2.19375,0.12032291621576767,21.812500000000004,1.5831962659969436,NbW3,L12,111
NbW_L10_101,10.5,7.0,2.0615528128088303,9.598958333333332,2.4197571385110117,5.833333333333333,1.98,0.13167368163024196,19.0,1.7325484425031845,NbW,L10,101
NbY3_L12_111,10.59375,9.0,1.4970674458754356,9.65625,2.0432338797846907,7.5,1.303125,0.06016145810788383,11.65625,0.47495887979908324,NbY3,L12,111
NbY_L10_101,11.25,7.0,2.384848003542364,11.109375,2.910964478091125,6.333333333333333,1.3941923701298702,0.05008917835060168,12.375202922077921,0.3954408817152757,NbY,L10,101
NbZn3_L12_111,10.59375,9.0,1.4970674458754356,9.65625,2.0432338797846907,7.5,1.6390625,0.00791598132998462,10.875000000000002,0.6332785063987779,NbZn3,L12,111
NbZn_L10_101,10.5,7.0,2.0615528128088303,9.598958333333332,2.4197571385110117,5.833333333333333,1.6249999999999998,0.008662742212515933,12.0,0.6930193770012735,NbZn,L10,101
NbZr3_L12_111,10.59375,9.0,1.4970674458754356,9.65625,2.0432338797846907,7.5,1.3890625,0.04274629918191742,12.4375,0.31663925319938857,NbZr3,L12,111
NbZr_L10_101,10.5,7.0,2.0615528128088303,9.546875,2.3744459788753294,5.833333333333333,1.4649999999999999,0.046778807947585994,13.0,0.34650968850063735,NbZr,L10,101
Nb_A1_111,4.375,2.0,0.9921567416492215,1.6770833333333335,0.4831132760543847,0.6666666666666666,1.6,0.0,14.0,0.0,Nb,A1,111
Ni3Os_L12_111,10.5,9.0,1.5,9.4453125,1.956294303611742,7.5,1.9794791666666667,0.04346222318002147,12.3125,2.6976552318634046,Ni3Os,L12,111
Ni3Pb_L12_111,11.375,9.0,2.381569860407206,11.177083333333334,2.8690117285593506,8.083333333333334,2.0363977272727274,0.024451786237545393,14.620833333333334,1.2808078505380895,Ni3Pb,L12,111
Ni3Pd_L12_111,10.5,9.0,1.5,9.4453125,1.956294303611742,7.5,1.9794791666666667,0.04346222318002147,10.875,1.79843682124227,Ni3Pd,L12,111
Ni3Pt_L12_111,10.5,9.0,1.5,9.4453125,1.956294303611742,7.5,1.9986458333333332,0.05545180198830344,13.03125,3.1472644371739724,Ni3Pt,L12,111
Ni3Re_L12_111,10.5,9.0,1.5,9.4453125,1.956294303611742,7.5,1.9076041666666663,0.001498697351035163,12.072916666666664,2.5477854967598823,Ni3Re,L12,111
Ni3Rh_L12_111,10.5,9.0,1.5,9.4453125,1.956294303611742,7.5,1.9986458333333332,0.05545180198830344,10.395833333333334,1.498697351035225,Ni3Rh,L12,111
Ni3Ru_L12_111,10.5,9.0,1.5,9.4453125,1.956294303611742,7.5,1.9794791666666667,0.04346222318002147,10.15625,1.3488276159317023,Ni3Ru,L12,111
Ni3Sc_L12_111,10.59375,9.0,1.4970674458754356,9.65625,2.0432338797846907,7.5,1.7896874999999999,0.08707579462983189,6.468750000000001,1.1082373861978607,Ni3Sc,L12,111
Ni3Sn_L12_111,10.59375,9.0,1.4970674458754356,9.65625,2.0432338797846907,7.5,1.9209375,0.007915981329984835,10.625,1.899835519196333,Ni3Sn,L12,111
Ni3Ta_L12_111,10.59375,9.0,1.4970674458754356,9.65625,2.0432338797846907,7.5,1.8203125,0.06491104690587458,11.28125,2.3747943989954163,Ni3Ta,L12,111
Ni3Tc_L12_111,10.5,9.0,1.5,9.4453125,1.956294303611742,7.5,1.9076041666666663,0.001498697351035163,9.677083333333336,1.0490881457246577,Ni3Tc,L12,111
Ni3Ti_L12_111,10.5,9.0,1.5,9.4453125,1.956294303611742,7.5,1.8213541666666666,0.05545180198830326,6.5625,0.899218410621135,Ni3Ti,L12,111
Ni3Tl_L12_111,11.71875,9.0,2.588850794754306,11.6796875,3.239372941654222,8.083333333333334,1.8242357954545456,0.01705570185980658,14.506250000000001,1.293880830743955,Ni3Tl,L12,111
Ni3V_L12_111,10.5,9.0,1.5,9.4453125,1.956294303611742,7.5,1.8429166666666665,0.04196352582898628,6.802083333333332,0.7493486755176125,Ni3V,L12,111
Ni3Y_L12_111,11.375,9.0,2.381569860407206,11.177083333333334,2.86901172855935,8.083333333333334,1.702346590909091,0.04017079167596728,8.902840909090909,0.17465561598246668,Ni3Y,L12,111
Ni3Zn_L12_111,10.5,9.0,1.5,9.4453125,1.956294303611742,7.5,1.8477083333333333,0.0389661311269158,8.479166666666664,0.2997394702070447,Ni3Zn,L12,111
Ni3Zr_L12_111,10.59375,9.0,1.4970674458754356,9.65625,2.0432338797846907,7.5,1.783125,0.09182538342782268,8.875000000000002,0.6332785063987779,Ni3Zr,L12,111
NiOs3_L12_111,10.59375,9.0,1.4970674458754356,9.65625,2.0432338797846907,7.5,2.1365625,0.045912691713911345,22.0625,2.8497532787944992,NiOs3,L12,111
NiOs_L10_101,10.5,7.0,2.0615528128088303,9.546875,2.3744459788753294,5.833333333333333,2.0549999999999997,0.050243904832592286,17.0,3.118587196505732,NiOs,L10,101
NiPb3_L12_111,10.59375,9.0,1.4970674458754356,9.65625,2.0432338797846907,7.5,2.2381249999999997,0.06649424317187168,25.187500000000004,3.4830317851932766,NiPb3,L12,111
NiPb_L10_101,11.25,7.0,2.384848003542364,11.109375,2.910964478091125,6.333333333333333,2.1374715909090902,0.05536172344013868,19.915178571428573,2.899899799245358,NiPb,L10,101
NiPd3_L12_111,10.59375,9.0,1.4970674458754356,9.65625,2.0432338797846907,7.5,2.1365625,0.045912691713911345,17.375,1.899835519196333,NiPd3,L12,111
NiPd_L10_101,10.5,7.0,2.0615528128088303,9.546875,2.3744459788753294,5.833333333333333,2.0549999999999997,0.050243904832592286,14.0,2.0790581310038214,NiPd,L10,101
NiPt3_L12_111,10.5,9.0,1.5,9.4453125,1.956294303611742,7.5,2.1913541666666667,0.055451801988303316,23.96875,3.1472644371739724,NiPt3,L12,111
NiPt_L10_101,10.5,7.0,2.0615528128088303,9.598958333333332,2.4197571385110117,5.833333333333333,2.0949999999999998,0.0641042923726177,18.5,3.6383517292566867,NiPt,L10,101
NiRe3_L12_111,10.5,9.0,1.5,9.4453125,1.956294303611742,7.5,1.9023958333333333,0.0014986973510354147,20.927083333333332,2.5477854967598828,NiRe3,L12,111
NiRe_L10_101,10.5,7.0,2.0615528128088303,9.598958333333332,2.4197571385110117,5.833333333333333,1.9049999999999998,0.0017325484425031582,16.5,2.945332352255413,NiRe,L10,101
NiRh3_L12_111,10.5,9.0,1.5,9.4453125,1.956294303611742,7.5,2.1913541666666667,0.055451801988303316,15.604166666666664,1.498697351035225,NiRh3,L12,111
NiRh_L10_101,10.5,7.0,2.0615528128088303,9.598958333333332,2.4197571385110117,5.833333333333333,2.0949999999999998,0.0641042923726177,13.0,1.7325484425031838,NiRh,L10,101
NiRu_L10_101,10.5,7.0,2.0615528128088303,9.546875,2.3744459788753294,5.833333333333333,2.0549999999999997,0.050243904832592286,12.5,1.559293598252866,NiRu,L10,101
NiSn3_L12_111,10.5,9.0,1.5,9.4453125,1.956294303611742,7.5,1.9480208333333335,0.0074934867551761574,17.125,1.79843682124227,NiSn3,L12,111
NiSn_L10_101,10.5,7.0,2.0615528128088303,9.598958333333332,2.4197571385110117,5.833333333333333,1.935,0.008662742212516042,14.0,2.0790581310038214,NiSn,L10,101
NiTa3_L12_111,10.5,9.0,1.5,9.4453125,1.956294303611742,7.5,1.5982291666666666,0.06144659139244424,19.40625,2.2480460265528373,NiTa3,L12,111
NiTa_L10_101,10.5,7.0,2.0615528128088303,9.598958333333332,2.4197571385110117,5.833333333333333,1.705,0.07103448614263057,15.5,2.5988226637547767,NiTa,L10,101
NiTi3_L12_111,10.59375,9.0,1.4970674458754356,9.65625,2.0432338797846907,7.5,1.6209375000000001,0.05857826184188698,3.3125,0.9499177595981665,NiTi3,L12,111
NiTi_L10_101,10.5,7.0,2.0615528128088303,9.546875,2.3744459788753294,5.833333333333333,1.725,0.06410429237261789,5.0,1.0395290655019105,NiTi,L10,101
NiTl3_L12_111,10.5,9.0,1.5,9.4453125,1.956294303611742,7.5,1.6894791666666666,0.04346222318002147,24.729166666666668,3.2971341722774943,NiTl3,L12,111
NiTl_L10_101,9.5,5.0,3.1622776601683795,8.432291666666668,2.4321020625599443,4.5,1.705230654761905,0.08535020247600382,23.53422619047619,6.474842946455471,NiTl,L10,101
NiV3_L12_111,10.5,9.0,1.5,9.4453125,1.956294303611742,7.5,1.6970833333333333,0.04196352582898642,4.197916666666667,0.7493486755176125,NiV3,L12,111
NiV_L10_101,10.5,7.0,2.0615528128088303,9.598958333333332,2.4197571385110117,5.833333333333333,1.77,0.048511356390089196,5.5,0.8662742212515919,NiV,L10,101
NiW3_L12_111,10.5,9.0,1.5,9.4453125,1.956294303611742,7.5,2.2521875,0.06744138079658517,20.16666666666667,2.397915761656359,NiW3,L12,111
NiW_L10_101,10.5,7.0,2.0615528128088303,9.598958333333332,2.4197571385110117,5.833333333333333,2.135,0.07796467991264307,16.0,2.772077508005095,NiW,L10,101
NiY_L10_101,11.25,7.0,2.384848003542364,11.109375,2.910964478091125,6.333333333333333,1.536296672077922,0.09095140279451353,9.624797077922079,0.3954408817152757,NiY,L10,101
NiZn3_L12_111,10.5,9.0,1.5,9.4453125,1.956294303611742,7.5,1.7122916666666665,0.0389661311269159,9.520833333333334,0.29973947020704467,NiZn3,L12,111
NiZn_L10_101,10.5,7.0,2.0615528128088303,9.598958333333332,2.4197571385110117,5.833333333333333,1.7799999999999998,0.04504625950508277,9.0,0.34650968850063735,NiZn,L10,101
NiZr3_L12_111,10.59375,9.0,1.4970674458754356,9.65625,2.0432338797846907,7.5,1.4568750000000001,0.09182538342782277,11.125,0.6332785063987779,NiZr3,L12,111
NiZr_L10_101,10.5,7.0,2.0615528128088303,9.546875,2.3744459788753294,5.833333333333333,1.62,0.10048780966518474,10.0,0.6930193770012735,NiZr,L10,101
Os3Pb_L12_111,11.375,9.0,2.381569860407206,11.177083333333334,2.8690117285593506,8.083333333333334,2.239123106060606,0.0075684100259067475,27.203787878787878,0.23287415464328867,Os3Pb,L12,111
Os3Pd_L12_111,10.5,9.0,1.5,9.4453125,1.956294303611742,7.5,2.2,3.1401849173675503e-16,24.5625,0.899218410621135,Os3Pd,L12,111
Os3Pt_L12_111,10.59375,9.0,1.4970674458754356,9.65625,2.0432338797846907,7.5,2.2175000000000002,0.012665570127975768,26.65625,0.47495887979908324,Os3Pt,L12,111
Os3Re_L12_111,10.59375,9.0,1.4970674458754356,9.65625,2.0432338797846907,7.5,2.134375,0.04749588797990844,25.781250000000004,0.15831962659969384,Os3Re,L12,111
Os3Rh_L12_111,10.59375,9.0,1.4970674458754356,9.65625,2.0432338797846907,7.5,2.2175000000000002,0.012665570127975768,24.25,1.2665570127975558,Os3Rh,L12,111
Os3Ru_L12_111,10.59375,9.0,1.4970674458754356,9.65625,2.0432338797846907,7.5,2.2,3.236828524569469e-16,24.03125,1.4248766393972496,Os3Ru,L12,111
Os3Sc_L12_111,10.59375,9.0,1.4970674458754356,9.65625,2.0432338797846907,7.5,2.01625,0.13298848634374322,20.531250000000004,3.95799066499236,Os3Sc,L12,111
Os3Sn_L12_111,10.5,9.0,1.5,9.4453125,1.956294303611742,7.5,2.1424999999999996,0.03596873642484541,24.5625,0.899218410621135,Os3Sn,L12,111
Os3Ta_L12_111,10.5,9.0,1.5,9.4453125,1.956294303611742,7.5,2.0322916666666666,0.10490881457246576,25.28125,0.4496092053105675,Os3Ta,L12,111
Os3Tc_L12_111,10.59375,9.0,1.4970674458754356,9.65625,2.0432338797846907,7.5,2.134375,0.04749588797990844,23.593749999999996,1.7415158925966392,Os3Tc,L12,111
Os3Ti_L12_111,10.5,9.0,1.5,9.4453125,1.956294303611742,7.5,2.041875,0.09891402516832486,20.25,3.59687364248454,Os3Ti,L12,111
Os3V_L12_111,10.59375,9.0,1.4970674458754356,9.65625,2.0432338797846907,7.5,2.0753125,0.09024218716182586,20.968749999999996,3.641351411792972,Os3V,L12,111
Os3W_L12_111,10.59375,9.0,1.4970674458754356,9.65625,2.0432338797846907,7.5,2.235,0.025331140255951193,25.5625,0.3166392531993894,Os3W,L12,111
Os3Y_L12_111,11.375,9.0,2.381569860407206,11.177083333333334,2.86901172855935,8.083333333333334,1.9050719696969693,0.0570541678876058,21.485795454545453,0.8732780799123335,Os3Y,L12,111
Os3Zn_L12_111,10.59375,9.0,1.4970674458754356,9.65625,2.0432338797846907,7.5,2.0796875,0.0870757946298318,22.500000000000004,2.5331140255951103,Os3Zn,L12,111
Os3Zr_L12_111,10.5,9.0,1.5,9.4453125,1.956294303611742,7.5,1.9915625,0.13038666954006453,22.64583333333333,2.0981762914493154,Os3Zr,L12,111
OsPb3_L12_111,10.5,9.0,1.5,9.4453125,1.956294303611742,7.5,2.2988541666666666,0.01948306556345786,29.04166666666667,0.5994789404140894,OsPb3,L12,111
OsPb_L10_101,11.25,7.0,2.384848003542364,11.036458333333334,2.8650141721459637,6.333333333333333,2.270407873376623,0.0171357715409955,28.166396103896105,0.5272545089537015,OsPb,L10,101
OsPd3_L12_111,10.59375,9.0,1.4970674458754356,9.65625,2.0432338797846907,7.5,2.2,3.236828524569469e-16,21.3125,0.9499177595981665,OsPd3,L12,111
OsPd_L10_101,10.5,7.0,2.0615528128088303,9.598958333333332,2.4197571385110117,5.833333333333333,2.1999999999999997,0.0,23.0,1.0395290655019098,OsPd,L10,101
OsPt3_L12_111,10.5,9.0,1.5,9.4453125,1.956294303611742,7.5,2.2608333333333333,0.01198957880828169,28.28125,0.4496092053105675,OsPt3,L12,111
OsPt_L10_101,10.5,7.0,2.0615528128088303,9.546875,2.3744459788753294,5.833333333333333,2.24,0.013860387540025455,27.5,0.5197645327509552,OsPt,L10,101
OsRe3_L12_111,10.5,9.0,1.5,9.4453125,1.956294303611742,7.5,1.9718749999999998,0.044960920531056894,25.239583333333332,0.14986973510352194,OsRe3,L12,111
OsRe_L10_101,10.5,7.0,2.0615528128088303,9.546875,2.3744459788753294,5.833333333333333,2.05,0.05197645327509543,25.5,0.17325484425031937,OsRe,L10,101
OsRh3_L12_111,10.5,9.0,1.5,9.4453125,1.956294303611742,7.5,2.2608333333333333,0.01198957880828169,19.91666666666667,1.1989578808281804,OsRh3,L12,111
OsRh_L10_101,10.5,7.0,2.0615528128088303,9.546875,2.3744459788753294,5.833333333333333,2.24,0.013860387540025455,22.0,1.386038754002547,OsRh,L10,101
OsRu3_L12_111,10.59375,9.0,1.4970674458754356,9.65625,2.0432338797846907,7.5,2.2,3.236828524569469e-16,18.96875,1.4248766393972496,OsRu3,L12,111
OsRu_L10_101,10.5,7.0,2.0615528128088303,9.598958333333332,2.4197571385110117,5.833333333333333,2.1999999999999997,0.0,21.5,1.5592935982528653,OsRu,L10,101
OsSc3_L12_111,10.59375,9.0,1.4970674458754356,9.65625,2.0432338797846907,7.5,1.5437500000000002,0.13298848634374327,6.46875,3.9579906649923604,OsSc3,L12,111
OsSc_L10_101,11.25,7.0,2.384848003542364,11.036458333333334,2.8650141721459637,6.333333333333333,1.7450568181818182,0.11072344688027731,12.460024350649352,3.2953406809606336,OsSc,L10,101
OsSn3_L12_111,10.59375,9.0,1.4970674458754356,9.65625,2.0432338797846907,7.5,2.0125,0.037996710383926526,21.3125,0.9499177595981665,OsSn3,L12,111
OsSn_L10_101,10.5,7.0,2.0615528128088303,9.546875,2.3744459788753294,5.833333333333333,2.0799999999999996,0.04158116262007642,23.0,1.0395290655019098,OsSn,L10,101
OsTa3_L12_111,10.59375,9.0,1.4970674458754356,9.65625,2.0432338797846907,7.5,1.653125,0.11082373861978607,23.65625,0.47495887979908324,OsTa3,L12,111
OsTa_L10_101,10.5,7.0,2.0615528128088303,9.546875,2.3744459788753294,5.833333333333333,1.85,0.12127839097522299,24.5,0.5197645327509552,OsTa,L10,101
OsTc3_L12_111,10.5,9.0,1.5,9.4453125,1.956294303611742,7.5,1.9718749999999998,0.044960920531056894,17.635416666666668,1.6485670861387478,OsTc3,L12,111
OsTc_L10_101,10.5,7.0,2.0615528128088303,9.546875,2.3744459788753294,5.833333333333333,2.05,0.05197645327509543,20.5,1.9058032867535022,OsTc,L10,101
OsTi3_L12_111,10.59375,9.0,1.4970674458754356,9.65625,2.0432338797846907,7.5,1.6843749999999997,0.10449095355579831,7.25,3.799671038392666,OsTi3,L12,111
OsTi_L10_101,10.5,7.0,2.0615528128088303,9.598958333333332,2.4197571385110117,5.833333333333333,1.8699999999999997,0.11434819720521008,14.0,4.158116262007642,OsTi,L10,101
OsTl3_L12_111,10.5,9.0,1.5,9.4453125,1.956294303611742,7.5,1.7589583333333334,0.08692444636004294,29.041666666666668,0.5994789404140893,OsTl3,L12,111
OsV3_L12_111,10.5,9.0,1.5,9.4453125,1.956294303611742,7.5,1.7665624999999996,0.0854257490090078,8.510416666666666,3.447003907381017,OsV3,L12,111
OsV_L10_101,10.5,7.0,2.0615528128088303,9.546875,2.3744459788753294,5.833333333333333,1.9149999999999996,0.09875526122268156,14.5,3.9848614177573234,OsV,L10,101
OsW3_L12_111,10.5,9.0,1.5,9.4453125,1.956294303611742,7.5,2.3216666666666663,0.02397915761656355,24.47916666666667,0.2997394702070455,OsW3,L12,111
OsW_L10_101,10.5,7.0,2.0615528128088303,9.546875,2.3744459788753294,5.833333333333333,2.28,0.027720775080050896,25.0,0.34650968850063596,OsW,L10,101
OsY3_L12_111,10.5,9.0,1.5,9.4453125,1.956294303611742,7.5,1.4547916666666665,0.14687234040145195,14.59375,2.2480460265528373,OsY3,L12,111
OsY_L10_101,11.25,7.0,2.384848003542364,11.036458333333334,2.8650141721459637,6.333333333333333,1.6692329545454543,0.12917735469365674,17.87601461038961,1.9772044085763805,OsY,L10,101
OsZn3_L12_111,10.5,9.0,1.5,9.4453125,1.956294303611742,7.5,1.7817708333333329,0.08242835430693739,13.833333333333334,2.39791576165636,OsZn3,L12,111
OsZn_L10_101,10.5,7.0,2.0615528128088303,9.546875,2.3744459788753294,5.833333333333333,1.9249999999999998,0.09529016433767529,18.0,2.772077508005095,OsZn,L10,101
OsZr3_L12_111,10.59375,9.0,1.4970674458754356,9.65625,2.0432338797846907,7.5,1.5203125,0.1377380751417341,15.0625,2.2164747723957223,OsZr3,L12,111
OsZr_L10_101,11.25,7.0,2.384848003542364,11.036458333333334,2.8650141721459637,6.333333333333333,1.7288088474025973,0.11467785569743003,18.41761363636364,1.8453907813379546,OsZr,L10,101
Os_A1_111,4.375,2.0,0.9921567416492215,1.6770833333333335,0.4831132760543847,0.6666666666666666,2.2,0.0,26.0,0.0,Os,A1,111
Pb3Pd_L12_111,10.59375,9.0,1.4970674458754356,9.65625,2.0432338797846907,7.5,2.3015625,0.02058155145796019,27.812500000000004,1.5831962659969436,Pb3Pd,L12,111
Pb3Pt_L12_111,10.59375,9.0,1.4970674458754356,9.65625,2.0432338797846907,7.5,2.3190625,0.007915981329984759,29.781250000000004,0.15831962659969384,Pb3Pt,L12,111
Pb3Re_L12_111,10.59375,9.0,1.4970674458754356,9.65625,2.0432338797846907,7.5,2.2359374999999995,0.06807743943786866,28.906249999999996,0.7915981329984727,Pb3Re,L12,111
Pb3Rh_L12_111,10.59375,9.0,1.4970674458754356,9.65625,2.0432338797846907,7.5,2.3190625,0.007915981329984759,27.375,1.899835519196333,Pb3Rh,L12,111
Pb3Ru_L12_111,10.5,9.0,1.5,9.4453125,1.956294303611742,7.5,2.2988541666666666,0.01948306556345786,26.88541666666667,1.9483065563457918,Pb3Ru,L12,111
Pb3Sc_L12_111,10.5,9.0,1.5,9.4453125,1.956294303611742,7.5,2.0976041666666667,0.14537364305041675,23.05208333333333,4.346222318002152,Pb3Sc,L12,111
Pb3Sn_L12_111,10.59375,9.0,1.4970674458754356,9.65625,2.0432338797846907,7.5,2.2490625,0.05857826184188688,27.812500000000004,1.5831962659969436,Pb3Sn,L12,111
Pb3Ta_L12_111,10.59375,9.0,1.4970674458754356,9.65625,2.0432338797846907,7.5,2.1484374999999996,0.1314052900777465,28.468750000000004,1.1082373861978605,Pb3Ta,L12,111
Pb3Tc_L12_111,10.59375,9.0,1.4970674458754356,9.65625,2.0432338797846907,7.5,2.2359374999999995,0.06807743943786866,26.71875,2.3747943989954163,Pb3Tc,L12,111
Pb3Ti_L12_111,10.59375,9.0,1.4970674458754356,9.65625,2.0432338797846907,7.5,2.1571875,0.1250725050137585,23.875000000000004,4.432949544791443,Pb3Ti,L12,111
Pb3Tl_L12_111,10.59375,9.0,1.4970674458754356,9.65625,2.0432338797846907,7.5,2.1746875,0.11240693488578285,30.0,0.0,Pb3Tl,L12,111
Pb3V_L12_111,10.59375,9.0,1.4970674458754356,9.65625,2.0432338797846907,7.5,2.1768749999999994,0.1108237386197862,24.09375,4.274629918191749,Pb3V,L12,111
Pb3W_L12_111,10.59375,9.0,1.4970674458754356,9.65625,2.0432338797846907,7.5,2.3365625,0.004749588797990865,28.6875,0.9499177595981665,Pb3W,L12,111
Pb3Y_L12_111,10.59375,9.0,1.4970674458754356,9.65625,2.0432338797846907,7.5,2.0871875,0.17573478552566077,25.843750000000004,3.0080729053941933,Pb3Y,L12,111
Pb3Zn_L12_111,10.59375,9.0,1.4970674458754356,9.65625,2.0432338797846907,7.5,2.1812500000000004,0.10765734608779212,25.624999999999996,3.1663925319938886,Pb3Zn,L12,111
Pb3Zr_L12_111,10.59375,9.0,1.4970674458754356,9.65625,2.0432338797846907,7.5,2.1112499999999996,0.15831962659969445,26.0625,2.8497532787944992,Pb3Zr,L12,111
PbPd3_L12_111,11.71875,9.0,2.588850794754306,11.6796875,3.239372941654222,8.083333333333334,2.2384460227272722,0.00764565945439595,22.957386363636363,0.588127650338161,PbPd3,L12,111
PbPd_L10_101,11.25,7.0,2.384848003542364,11.03125,2.852093985857876,6.333333333333333,2.270407873376623,0.0171357715409955,25.415990259740262,1.3181362723842536,PbPd,L10,101
PbPt3_L12_111,11.375,9.0,2.381569860407206,11.177083333333334,2.8690117285593506,8.083333333333334,2.295047348484848,0.0029109269330409686,29.30094696969697,0.0582185386608214,PbPt3,L12,111
PbPt_L10_101,11.25,7.0,2.384848003542364,11.135416666666668,2.9700289642714113,6.333333333333333,2.3070799512987006,0.006590681361921244,29.541599025974026,0.13181362723842602,PbPt,L10,101
PbRh3_L12_111,11.375,9.0,2.381569860407206,11.177083333333334,2.8690117285593506,8.083333333333334,2.295047348484848,0.0029109269330409686,21.611363636363635,0.6986224639298666,PbRh3,L12,111
PbRh_L10_101,11.25,7.0,2.384848003542364,11.135416666666668,2.9700289642714113,6.333333333333333,2.3070799512987006,0.006590681361921244,24.49918831168831,1.5817635268611046,PbRh,L10,101
PbRu3_L12_111,11.375,9.0,2.381569860407206,11.177083333333334,2.8690117285593506,8.083333333333334,2.239123106060606,0.0075684100259067475,20.912310606060604,0.7568410025906885,PbRu3,L12,111
PbRu_L10_101,11.25,7.0,2.384848003542364,11.03125,2.852093985857876,6.333333333333333,2.270407873376623,0.0171357715409955,24.040787337662337,1.713577154099529,PbRu,L10,101
PbSc3_L12_111,10.5,9.0,1.5,9.4453125,1.956294303611742,7.5,1.5923958333333337,0.1453736430504168,7.947916666666666,4.346222318002152,PbSc3,L12,111
PbSc_L10_101,10.5,7.0,2.0615528128088303,9.598958333333332,2.4197571385110117,5.833333333333333,1.845,0.1680571989228087,15.499999999999998,5.024390483259234,PbSc,L10,101
PbSn3_L12_111,10.5,9.0,1.5,9.4453125,1.956294303611742,7.5,2.0486458333333335,0.05545180198830316,22.395833333333332,1.4986973510352242,PbSn3,L12,111
PbSn_L10_101,11.25,7.0,2.384848003542364,11.135416666666668,2.9700289642714113,6.333333333333333,2.1603916396103893,0.04877104207821753,25.415990259740262,1.3181362723842536,PbSn,L10,101
PbTa3_L12_111,10.5,9.0,1.5,9.4453125,1.956294303611742,7.5,1.6988541666666666,0.12439188013592364,24.677083333333332,1.049088145724657,PbTa3,L12,111
PbTa_L10_101,11.25,7.0,2.384848003542364,11.135416666666668,2.9700289642714113,6.333333333333333,1.9495271915584413,0.10940531060789296,26.791193181818183,0.9226953906689775,PbTa,L10,101
PbTc3_L12_111,11.375,9.0,2.381569860407206,11.177083333333334,2.8690117285593506,8.083333333333334,2.029407196969697,0.0250339716241535,19.514204545454547,0.8732780799123335,PbTc3,L12,111
PbTc_L10_101,11.25,7.0,2.384848003542364,11.135416666666668,2.9700289642714113,6.333333333333333,2.1328875811688306,0.05667985971252292,23.12398538961039,1.977204408576381,PbTc,L10,101
PbTi3_L12_111,11.71875,9.0,2.588850794754306,11.6796875,3.239372941654222,8.083333333333334,1.7736335227272728,0.04646208437671485,10.280681818181819,1.6467574209468518,PbTi3,L12,111
PbTi_L10_101,11.25,7.0,2.384848003542364,11.03125,2.852093985857876,6.333333333333333,1.9678632305194803,0.10413276551835603,17.164772727272727,3.69078156267591,PbTi,L10,101
PbTl3_L12_111,10.5,9.0,1.5,9.4453125,1.956294303611742,7.5,1.7901041666666666,0.10640751192350087,30.0,0.0,PbTl3,L12,111
PbTl_L10_101,10.5,7.0,2.0615528128088303,9.546875,2.3744459788753294,5.833333333333333,1.975,0.12301093941772605,30.0,0.0,PbTl,L10,101
PbV3_L12_111,11.375,9.0,2.381569860407206,11.177083333333334,2.8690117285593506,8.083333333333334,1.8406628787878787,0.040752977062575586,11.125568181818181,1.5719005438422002,PbV3,L12,111
PbV_L10_101,11.25,7.0,2.384848003542364,11.135416666666668,2.9700289642714113,6.333333333333333,2.009119318181818,0.09226953906689771,17.623173701298704,3.558967935437485,PbV,L10,101
PbW3_L12_111,11.375,9.0,2.381569860407206,11.177083333333334,2.86901172855935,8.083333333333334,2.350971590909091,0.0017465561598248188,25.805681818181817,0.34931123196493336,PbW3,L12,111
PbW_L10_101,11.25,7.0,2.384848003542364,11.135416666666668,2.9700289642714113,6.333333333333333,2.343752029220779,0.003954408817152721,27.249594155844157,0.7908817634305514,PbW,L10,101
PbY3_L12_111,10.59375,9.0,1.4970674458754356,9.65625,2.0432338797846907,7.5,1.4628125,0.17573478552566074,15.15625,3.0080729053941933,PbY3,L12,111
PbY_L10_101,10.5,7.0,2.0615528128088303,9.598958333333332,2.4197571385110117,5.833333333333333,1.775,0.19231287711785341,20.5,3.291842040756051,PbY,L10,101
PbZn3_L12_111,11.375,9.0,2.381569860407206,11.177083333333334,2.8690117285593506,8.083333333333334,1.8546439393939393,0.039588606289359105,16.018939393939394,1.1643707732164452,PbZn3,L12,111
PbZn_L10_101,11.25,7.0,2.384848003542364,11.135416666666668,2.9700289642714113,6.333333333333333,2.018287337662337,0.08963326652212932,20.831980519480517,2.6362725447685063,PbZn,L10,101
PbZr3_L12_111,10.59375,9.0,1.4970674458754356,9.65625,2.0432338797846907,7.5,1.54875,0.1583196265996944,15.9375,2.8497532787944992,PbZr3,L12,111
PbZr_L10_101,10.5,7.0,2.0615528128088303,9.546875,2.3744459788753294,5.833333333333333,1.8299999999999996,0.17325484425031823,21.0,3.118587196505732,PbZr,L10,101
Pb_A1_111,4.375,2.0,0.9921567416492215,1.6770833333333335,0.4831132760543847,0.6666666666666666,2.33,0.0,30.0,0.0,Pb,A1,111
Pd3Pt_L12_111,10.59375,9.0,1.4970674458754356,9.65625,2.0432338797846907,7.5,2.2175000000000002,0.012665570127975768,21.96875,1.4248766393972496,Pd3Pt,L12,111
Pd3Re_L12_111,10.59375,9.0,1.4970674458754356,9.65625,2.0432338797846907,7.5,2.134375,0.04749588797990844,21.093750000000004,0.7915981329984727,Pd3Re,L12,111
Pd3Rh_L12_111,10.59375,9.0,1.4970674458754356,9.65625,2.0432338797846907,7.5,2.2175000000000002,0.012665570127975768,19.5625,0.3166392531993894,Pd3Rh,L12,111
Pd3Ru_L12_111,10.59375,9.0,1.4970674458754356,9.65625,2.0432338797846907,7.5,2.2,3.236828524569469e-16,19.34375,0.47495887979908324,Pd3Ru,L12,111
Pd3Sc_L12_111,10.5,9.0,1.5,9.4453125,1.956294303611742,7.5,1.9987499999999998,0.12589057748695884,15.447916666666664,2.8475249669669274,Pd3Sc,L12,111
Pd3Sn_L12_111,10.59375,9.0,1.4970674458754356,9.65625,2.0432338797846907,7.5,2.1475,0.037996710383926664,20.0,0.0,Pd3Sn,L12,111
Pd3Ta_L12_111,10.59375,9.0,1.4970674458754356,9.65625,2.0432338797846907,7.5,2.046875,0.11082373861978609,20.65625,0.47495887979908324,Pd3Ta,L12,111
Pd3Tc_L12_111,10.59375,9.0,1.4970674458754356,9.65625,2.0432338797846907,7.5,2.134375,0.04749588797990844,18.906249999999996,0.7915981329984727,Pd3Tc,L12,111
Pd3Ti_L12_111,10.59375,9.0,1.4970674458754356,9.65625,2.0432338797846907,7.5,2.055625,0.10449095355579832,16.0625,2.8497532787944992,Pd3Ti,L12,111
Pd3Tl_L12_111,11.71875,9.0,2.588850794754306,11.6796875,3.239372941654222,8.083333333333334,2.028471590909091,0.03411140371961341,22.95738636363636,0.588127650338161,Pd3Tl,L12,111
Pd3V_L12_111,10.59375,9.0,1.4970674458754356,9.65625,2.0432338797846907,7.5,2.0753125,0.09024218716182586,16.28125,2.691433652194805,Pd3V,L12,111
Pd3W_L12_111,10.59375,9.0,1.4970674458754356,9.65625,2.0432338797846907,7.5,2.235,0.025331140255951193,20.875,0.6332785063987771,Pd3W,L12,111
Pd3Y_L12_111,11.71875,9.0,2.588850794754306,11.6796875,3.239372941654222,8.083333333333334,1.9101761363636363,0.05763650973313983,17.338352272727274,0.5293148853043452,Pd3Y,L12,111
Pd3Zn_L12_111,10.59375,9.0,1.4970674458754356,9.65625,2.0432338797846907,7.5,2.0796875,0.0870757946298318,17.812500000000004,1.5831962659969436,Pd3Zn,L12,111
Pd3Zr_L12_111,10.5,9.0,1.5,9.4453125,1.956294303611742,7.5,1.9915625,0.13038666954006453,18.08333333333333,1.1989578808281804,Pd3Zr,L12,111
PdPt3_L12_111,10.5,9.0,1.5,9.4453125,1.956294303611742,7.5,2.2608333333333333,0.01198957880828169,26.84375,1.3488276159317023,PdPt3,L12,111
PdPt_L10_101,10.5,7.0,2.0615528128088303,9.546875,2.3744459788753294,5.833333333333333,2.24,0.013860387540025455,24.5,1.5592935982528653,PdPt,L10,101
PdRe3_L12_111,10.5,9.0,1.5,9.4453125,1.956294303611742,7.5,1.9718749999999998,0.044960920531056894,23.802083333333332,0.7493486755176129,PdRe3,L12,111
PdRe_L10_101,10.5,7.0,2.0615528128088303,9.546875,2.3744459788753294,5.833333333333333,2.05,0.05197645327509543,22.5,0.8662742212515923,PdRe,L10,101
PdRh3_L12_111,10.5,9.0,1.5,9.4453125,1.956294303611742,7.5,2.2608333333333333,0.01198957880828169,18.47916666666667,0.2997394702070455,PdRh3,L12,111
PdRh_L10_101,10.5,7.0,2.0615528128088303,9.546875,2.3744459788753294,5.833333333333333,2.24,0.013860387540025455,19.0,0.34650968850063596,PdRh,L10,101
PdRu3_L12_111,10.5,9.0,1.5,9.4453125,1.956294303611742,7.5,2.2,3.1401849173675503e-16,17.71875,0.4496092053105675,PdRu3,L12,111
PdRu_L10_101,10.5,7.0,2.0615528128088303,9.598958333333332,2.4197571385110117,5.833333333333333,2.1999999999999997,0.0,18.5,0.5197645327509552,PdRu,L10,101
PdSc3_L12_111,10.5,9.0,1.5,9.4453125,1.956294303611742,7.5,1.5612500000000002,0.12589057748695887,5.552083333333333,2.8475249669669274,PdSc3,L12,111
PdSc_L10_101,10.5,7.0,2.0615528128088303,9.546875,2.3744459788753294,5.833333333333333,1.7799999999999998,0.14553406917026745,10.5,3.29184204075605,PdSc,L10,101
PdSn3_L12_111,10.5,9.0,1.5,9.4453125,1.956294303611742,7.5,2.0175,0.03596873642484528,20.0,0.0,PdSn3,L12,111
PdSn_L10_101,10.5,7.0,2.0615528128088303,9.546875,2.3744459788753294,5.833333333333333,2.0799999999999996,0.04158116262007642,20.0,0.0,PdSn,L10,101
PdTa3_L12_111,10.5,9.0,1.5,9.4453125,1.956294303611742,7.5,1.6677083333333333,0.10490881457246572,22.28125,0.4496092053105675,PdTa3,L12,111
PdTa_L10_101,10.5,7.0,2.0615528128088303,9.546875,2.3744459788753294,5.833333333333333,1.85,0.12127839097522299,21.5,0.5197645327509552,PdTa,L10,101
PdTc3_L12_111,10.5,9.0,1.5,9.4453125,1.956294303611742,7.5,1.9718749999999998,0.044960920531056894,16.197916666666668,0.7493486755176129,PdTc3,L12,111
PdTc_L10_101,10.5,7.0,2.0615528128088303,9.546875,2.3744459788753294,5.833333333333333,2.05,0.05197645327509543,17.5,0.8662742212515923,PdTc,L10,101
PdTi3_L12_111,10.59375,9.0,1.4970674458754356,9.65625,2.0432338797846907,7.5,1.6843749999999997,0.10449095355579831,5.9375,2.8497532787944992,PdTi3,L12,111
PdTi_L10_101,10.5,7.0,2.0615528128088303,9.598958333333332,2.4197571385110117,5.833333333333333,1.8699999999999997,0.11434819720521008,11.0,3.118587196505732,PdTi,L10,101
PdTl3_L12_111,10.5,9.0,1.5,9.4453125,1.956294303611742,7.5,1.7589583333333334,0.08692444636004294,27.604166666666668,1.4986973510352242,PdTl3,L12,111
PdTl_L10_101,11.25,7.0,2.384848003542364,11.036458333333334,2.8650141721459637,6.333333333333333,1.885872564935065,0.07645190379828667,25.41599025974026,1.3181362723842538,PdTl,L10,101
PdV3_L12_111,10.5,9.0,1.5,9.4453125,1.956294303611742,7.5,1.7665624999999996,0.0854257490090078,7.072916666666666,2.547785496759882,PdV3,L12,111
PdV_L10_101,10.5,7.0,2.0615528128088303,9.546875,2.3744459788753294,5.833333333333333,1.9149999999999996,0.09875526122268156,11.5,2.9453323522554133,PdV,L10,101
PdW3_L12_111,10.5,9.0,1.5,9.4453125,1.956294303611742,7.5,2.3216666666666663,0.02397915761656355,23.04166666666667,0.5994789404140894,PdW3,L12,111
PdW_L10_101,10.5,7.0,2.0615528128088303,9.546875,2.3744459788753294,5.833333333333333,2.28,0.027720775080050896,22.0,0.6930193770012747,PdW,L10,101
PdY3_L12_111,10.59375,9.0,1.4970674458754356,9.65625,2.0432338797846907,7.5,1.4343749999999997,0.1551532340677004,12.96875,1.4248766393972496,PdY3,L12,111
PdY_L10_101,11.25,7.0,2.384848003542364,11.036458333333334,2.8650141721459637,6.333333333333333,1.6692329545454543,0.12917735469365674,15.125608766233764,1.186322645145828,PdY,L10,101
PdZn3_L12_111,10.5,9.0,1.5,9.4453125,1.956294303611742,7.5,1.7817708333333329,0.08242835430693739,12.395833333333334,1.498697351035225,PdZn3,L12,111
PdZn_L10_101,10.5,7.0,2.0615528128088303,9.546875,2.3744459788753294,5.833333333333333,1.9249999999999998,0.09529016433767529,15.0,1.732548442503184,PdZn,L10,101
PdZr3_L12_111,10.59375,9.0,1.4970674458754356,9.65625,2.0432338797846907,7.5,1.5203125,0.1377380751417341,13.75,1.2665570127975552,PdZr3,L12,111
PdZr_L10_101,10.5,7.0,2.0615528128088303,9.598958333333332,2.4197571385110117,5.833333333333333,1.765,0.15073171449777703,16.0,1.3860387540025474,PdZr,L10,101
Pd_A1_111,4.375,2.0,0.9921567416492215,1.6770833333333335,0.4831132760543847,0.6666666666666666,2.2,0.0,20.0,0.0,Pd,A1,111
Pt3Re_L12_111,10.5,9.0,1.5,9.4453125,1.956294303611742,7.5,2.188958333333334,0.056950499339338476,28.04166666666667,0.5994789404140894,Pt3Re,L12,111
Pt3Rh_L12_111,10.5,9.0,1.5,9.4453125,1.956294303611742,7.5,2.2800000000000002,3.1401849173675503e-16,26.364583333333332,1.6485670861387478,Pt3Rh,L12,111
Pt3Ru_L12_111,10.5,9.0,1.5,9.4453125,1.956294303611742,7.5,2.2608333333333333,0.01198957880828169,26.125,1.79843682124227,Pt3Ru,L12,111
Pt3Sc_L12_111,10.59375,9.0,1.4970674458754356,9.65625,2.0432338797846907,7.5,2.0787500000000003,0.1456540564717189,22.875000000000004,4.432949544791443,Pt3Sc,L12,111
Pt3Sn_L12_111,10.59375,9.0,1.4970674458754356,9.65625,2.0432338797846907,7.5,2.2100000000000004,0.05066228051190204,27.03125,1.4248766393972496,Pt3Sn,L12,111
Pt3Ta_L12_111,10.59375,9.0,1.4970674458754356,9.65625,2.0432338797846907,7.5,2.109375,0.12348930874776168,27.6875,0.9499177595981665,Pt3Ta,L12,111
Pt3Tc_L12_111,10.5,9.0,1.5,9.4453125,1.956294303611742,7.5,2.188958333333334,0.056950499339338476,25.64583333333333,2.0981762914493154,Pt3Tc,L12,111
Pt3Ti_L12_111,10.5,9.0,1.5,9.4453125,1.956294303611742,7.5,2.102708333333333,0.11090360397660662,22.53125,4.046482847795107,Pt3Ti,L12,111
Pt3Tl_L12_111,11.71875,9.0,2.588850794754306,11.6796875,3.239372941654222,8.083333333333334,2.0848125,0.038816424922318606,29.29573863636363,0.05881276503381529,Pt3Tl,L12,111
Pt3V_L12_111,10.5,9.0,1.5,9.4453125,1.956294303611742,7.5,2.124270833333333,0.09741532781728957,22.77083333333333,3.8966131126915853,Pt3V,L12,111
Pt3W_L12_111,10.5,9.0,1.5,9.4453125,1.956294303611742,7.5,2.2991666666666664,0.01198957880828167,27.802083333333332,0.7493486755176129,Pt3W,L12,111
Pt3Y_L12_111,11.375,9.0,2.381569860407206,11.177083333333334,2.86901172855935,8.083333333333334,1.9609962121212121,0.06171165098047151,23.582954545454545,1.0479336958948,Pt3Y,L12,111
Pt3Zn_L12_111,10.5,9.0,1.5,9.4453125,1.956294303611742,7.5,2.1290625,0.09441793311521916,24.44791666666667,2.847524966966927,Pt3Zn,L12,111
Pt3Zr_L12_111,10.59375,9.0,1.4970674458754356,9.65625,2.0432338797846907,7.5,2.0721875000000005,0.1504036452697097,25.281249999999996,2.6914336521948057,Pt3Zr,L12,111
PtRe3_L12_111,10.5,9.0,1.5,9.4453125,1.956294303611742,7.5,1.9910416666666664,0.05695049933933871,25.958333333333332,0.5994789404140893,PtRe3,L12,111
PtRe_L10_101,10.5,7.0,2.0615528128088303,9.598958333333332,2.4197571385110117,5.833333333333333,2.0900000000000003,0.06583684081512105,27.0,0.6930193770012747,PtRe,L10,101
PtRh3_L12_111,10.5,9.0,1.5,9.4453125,1.956294303611742,7.5,2.2800000000000002,3.1401849173675503e-16,20.63541666666667,1.6485670861387478,PtRh3,L12,111
PtRh_L10_101,10.5,7.0,2.0615528128088303,9.598958333333332,2.4197571385110117,5.833333333333333,2.2800000000000002,2.220446049250313e-16,23.5,1.9058032867535022,PtRh,L10,101
PtRu3_L12_111,10.59375,9.0,1.4970674458754356,9.65625,2.0432338797846907,7.5,2.2175000000000002,0.012665570127975768,19.625,1.899835519196333,PtRu3,L12,111
PtRu_L10_101,10.5,7.0,2.0615528128088303,9.546875,2.3744459788753294,5.833333333333333,2.24,0.013860387540025455,23.0,2.0790581310038214,PtRu,L10,101
PtSc3_L12_111,10.5,9.0,1.5,9.4453125,1.956294303611742,7.5,1.5804166666666668,0.13788015629524064,7.708333333333334,4.19635258289863,PtSc3,L12,111
PtSc_L10_101,11.25,7.0,2.384848003542364,11.109375,2.910964478091125,6.333333333333333,1.7817288961038962,0.12126853705935133,13.835227272727273,3.6907815626759093,PtSc,L10,101
PtSn3_L12_111,10.5,9.0,1.5,9.4453125,1.956294303611742,7.5,2.036666666666667,0.04795831523312725,22.15625,1.3488276159317023,PtSn3,L12,111
PtSn_L10_101,10.5,7.0,2.0615528128088303,9.598958333333332,2.4197571385110117,5.833333333333333,2.12,0.055441550160101945,24.5,1.5592935982528653,PtSn,L10,101
PtTa3_L12_111,10.5,9.0,1.5,9.4453125,1.956294303611742,7.5,1.686875,0.11689839338074749,24.4375,0.899218410621135,PtTa3,L12,111
PtTa_L10_101,10.5,7.0,2.0615528128088303,9.598958333333332,2.4197571385110117,5.833333333333333,1.8899999999999997,0.1351387785152483,26.0,1.0395290655019098,PtTa,L10,101
PtTc3_L12_111,10.5,9.0,1.5,9.4453125,1.956294303611742,7.5,1.9910416666666664,0.05695049933933871,18.354166666666668,2.0981762914493154,PtTc3,L12,111
PtTc_L10_101,10.5,7.0,2.0615528128088303,9.598958333333332,2.4197571385110117,5.833333333333333,2.0900000000000003,0.06583684081512105,22.0,2.4255678195044577,PtTc,L10,101
PtTi3_L12_111,10.59375,9.0,1.4970674458754356,9.65625,2.0432338797846907,7.5,1.701875,0.117156523683774,7.90625,4.274629918191749,PtTi3,L12,111
PtTi_L10_101,10.5,7.0,2.0615528128088303,9.546875,2.3744459788753294,5.833333333333333,1.9100000000000001,0.1282085847452356,15.5,4.677880794758598,PtTi,L10,101
PtTl3_L12_111,10.5,9.0,1.5,9.4453125,1.956294303611742,7.5,1.7781250000000002,0.09891402516832483,29.760416666666668,0.14986973510352194,PtTl3,L12,111
PtTl_L10_101,9.5,5.0,3.1622776601683795,8.432291666666668,2.4321020625599443,4.5,1.8139732142857143,0.19424528839366417,29.70610119047619,0.29431104302070343,PtTl,L10,101
PtV3_L12_111,10.5,9.0,1.5,9.4453125,1.956294303611742,7.5,1.7857291666666666,0.09741532781728973,9.229166666666666,3.896613112691585,PtV3,L12,111
PtV_L10_101,10.5,7.0,2.0615528128088303,9.598958333333332,2.4197571385110117,5.833333333333333,1.9549999999999998,0.11261564876270697,16.0,4.504625950508279,PtV,L10,101
PtW3_L12_111,10.5,9.0,1.5,9.4453125,1.956294303611742,7.5,2.3408333333333333,0.011989578808281772,25.19791666666667,0.749348675517613,PtW3,L12,111
PtW_L10_101,10.5,7.0,2.0615528128088303,9.598958333333332,2.4197571385110117,5.833333333333333,2.32,0.01386038754002555,26.5,0.8662742212515923,PtW,L10,101
PtY3_L12_111,10.59375,9.0,1.4970674458754356,9.65625,2.0432338797846907,7.5,1.451875,0.16781880419567596,14.9375,2.8497532787944992,PtY3,L12,111
PtY_L10_101,11.25,7.0,2.384848003542364,11.109375,2.910964478091125,6.333333333333333,1.7059050324675327,0.1397224448727309,19.251217532467535,2.372645290291656,PtY,L10,101
PtZn3_L12_111,10.5,9.0,1.5,9.4453125,1.956294303611742,7.5,1.8009374999999999,0.09441793311521925,14.552083333333332,2.8475249669669265,PtZn3,L12,111
PtZn_L10_101,10.5,7.0,2.0615528128088303,9.598958333333332,2.4197571385110117,5.833333333333333,1.965,0.10915055187770065,19.5,3.2918420407560505,PtZn,L10,101
PtZr3_L12_111,10.59375,9.0,1.4970674458754356,9.65625,2.0432338797846907,7.5,1.5378124999999998,0.15040364526970962,15.71875,2.6914336521948057,PtZr3,L12,111
PtZr_L10_101,10.5,7.0,2.0615528128088303,9.546875,2.3744459788753294,5.833333333333333,1.8050000000000002,0.16459210203780247,20.5,2.9453323522554125,PtZr,L10,101
Pt_A1_111,4.375,2.0,0.9921567416492215,1.6770833333333335,0.4831132760543847,0.6666666666666666,2.28,0.0,29.0,0.0,Pt,A1,111
Re3Rh_L12_111,10.5,9.0,1.5,9.4453125,1.956294303611742,7.5,1.9910416666666664,0.05695049933933871,23.322916666666668,1.049088145724657,Re3Rh,L12,111
Re3Ru_L12_111,10.5,9.0,1.5,9.4453125,1.956294303611742,7.5,1.9718749999999998,0.044960920531056894,23.083333333333332,1.1989578808281804,Re3Ru,L12,111
Re3Sc_L12_111,10.59375,9.0,1.4970674458754356,9.65625,2.0432338797846907,7.5,1.7818749999999997,0.08549259836383483,19.75,3.799671038392666,Re3Sc,L12,111
Re3Sn_L12_111,10.59375,9.0,1.4970674458754356,9.65625,2.0432338797846907,7.5,1.913125,0.009499177595981952,23.90625,0.7915981329984726,Re3Sn,L12,111
Re3Ta_L12_111,10.59375,9.0,1.4970674458754356,9.65625,2.0432338797846907,7.5,1.8124999999999998,0.06332785063987763,24.562499999999996,0.3166392531993894,Re3Ta,L12,111
Re3Tc_L12_111,10.5,9.0,1.5,9.4453125,1.956294303611742,7.5,1.8999999999999995,1.5700924586837752e-16,22.604166666666668,1.4986973510352242,Re3Tc,L12,111
Re3Ti_L12_111,10.5,9.0,1.5,9.4453125,1.956294303611742,7.5,1.8137499999999998,0.05395310463726798,19.48958333333333,3.4470039073810175,Re3Ti,L12,111
Re3V_L12_111,10.5,9.0,1.5,9.4453125,1.956294303611742,7.5,1.8353124999999997,0.040464828477951,19.72916666666667,3.2971341722774943,Re3V,L12,111
Re3W_L12_111,10.5,9.0,1.5,9.4453125,1.956294303611742,7.5,2.010208333333333,0.06894007814762039,24.760416666666668,0.14986973510352194,Re3W,L12,111
Re3Y_L12_111,11.375,9.0,2.381569860407206,11.177083333333334,2.86901172855935,8.083333333333334,1.6953560606060605,0.039588606289359105,20.78674242424242,0.8150595412515117,Re3Y,L12,111
Re3Zn_L12_111,10.5,9.0,1.5,9.4453125,1.956294303611742,7.5,1.8401041666666664,0.03746743377588058,21.40625,2.2480460265528373,Re3Zn,L12,111
Re3Zr_L12_111,10.59375,9.0,1.4970674458754356,9.65625,2.0432338797846907,7.5,1.7753124999999998,0.09024218716182567,22.156250000000004,2.058155145796027,Re3Zr,L12,111
ReRh3_L12_111,10.5,9.0,1.5,9.4453125,1.956294303611742,7.5,2.188958333333334,0.056950499339338476,19.67708333333333,1.0490881457246568,ReRh3,L12,111
ReRh_L10_101,10.5,7.0,2.0615528128088303,9.598958333333332,2.4197571385110117,5.833333333333333,2.0900000000000003,0.06583684081512105,21.5,1.2127839097522293,ReRh,L10,101
ReRu3_L12_111,10.59375,9.0,1.4970674458754356,9.65625,2.0432338797846907,7.5,2.134375,0.04749588797990844,18.750000000000004,1.2665570127975558,ReRu3,L12,111
ReRu_L10_101,10.5,7.0,2.0615528128088303,9.546875,2.3744459788753294,5.833333333333333,2.05,0.05197645327509543,21.0,1.386038754002547,ReRu,L10,101
ReSc3_L12_111,10.5,9.0,1.5,9.4453125,1.956294303611742,7.5,1.4893750000000001,0.08092965695590212,6.75,3.59687364248454,ReSc3,L12,111
ReSc_L10_101,11.25,7.0,2.384848003542364,11.109375,2.910964478091125,6.333333333333333,1.6075365259740257,0.07117935870874958,12.001623376623376,3.163527053722208,ReSc,L10,101
ReSn3_L12_111,10.5,9.0,1.5,9.4453125,1.956294303611742,7.5,1.9456250000000002,0.008992184106211314,21.19791666666667,0.749348675517613,ReSn3,L12,111
ReSn_L10_101,10.5,7.0,2.0615528128088303,9.598958333333332,2.4197571385110117,5.833333333333333,1.9300000000000002,0.010395290655019087,22.5,0.8662742212515923,ReSn,L10,101
ReTa3_L12_111,10.5,9.0,1.5,9.4453125,1.956294303611742,7.5,1.5958333333333334,0.05994789404140898,23.479166666666668,0.2997394702070455,ReTa3,L12,111
ReTa_L10_101,10.5,7.0,2.0615528128088303,9.598958333333332,2.4197571385110117,5.833333333333333,1.6999999999999997,0.0693019377001274,24.0,0.34650968850063596,ReTa,L10,101
ReTc3_L12_111,10.5,9.0,1.5,9.4453125,1.956294303611742,7.5,1.8999999999999995,1.5700924586837752e-16,17.39583333333333,1.4986973510352242,ReTc3,L12,111
ReTc_L10_101,10.5,7.0,2.0615528128088303,9.598958333333332,2.4197571385110117,5.833333333333333,1.8999999999999997,2.9373740229761033e-16,20.0,1.7325484425031845,ReTc,L10,101
ReTi3_L12_111,10.59375,9.0,1.4970674458754356,9.65625,2.0432338797846907,7.5,1.61875,0.05699506557589,7.03125,3.641351411792971,ReTi3,L12,111
ReTi_L10_101,10.5,7.0,2.0615528128088303,9.546875,2.3744459788753294,5.833333333333333,1.7199999999999998,0.062371743930114576,13.5,3.9848614177573234,ReTi,L10,101
ReTl3_L12_111,10.5,9.0,1.5,9.4453125,1.956294303611742,7.5,1.6870833333333333,0.041963525828986166,28.802083333333332,0.7493486755176129,ReTl3,L12,111
ReV3_L12_111,10.5,9.0,1.5,9.4453125,1.956294303611742,7.5,1.6946874999999997,0.04046482847795106,8.270833333333334,3.297134172277495,ReV3,L12,111
ReV_L10_101,10.5,7.0,2.0615528128088303,9.598958333333332,2.4197571385110117,5.833333333333333,1.7649999999999997,0.04677880794758599,14.0,3.8116065735070053,ReV,L10,101
ReW3_L12_111,10.5,9.0,1.5,9.4453125,1.956294303611742,7.5,2.249791666666667,0.06894007814762033,24.23958333333333,0.14986973510352194,ReW3,L12,111
ReW_L10_101,10.5,7.0,2.0615528128088303,9.598958333333332,2.4197571385110117,5.833333333333333,2.13,0.07969722835514646,24.5,0.17325484425031937,ReW,L10,101
ReY3_L12_111,10.59375,9.0,1.4970674458754356,9.65625,2.0432338797846907,7.5,1.36875,0.10765734608779215,14.0625,2.2164747723957214,ReY3,L12,111
ReY_L10_101,11.25,7.0,2.384848003542364,11.109375,2.910964478091125,6.333333333333333,1.5317126623376622,0.08963326652212918,17.417613636363637,1.8453907813379553,ReY,L10,101
ReZn3_L12_111,10.5,9.0,1.5,9.4453125,1.956294303611742,7.5,1.7098958333333332,0.037467433775880694,13.59375,2.2480460265528373,ReZn3,L12,111
ReZn_L10_101,10.5,7.0,2.0615528128088303,9.598958333333332,2.4197571385110117,5.833333333333333,1.775,0.043313711062579516,17.5,2.5988226637547767,ReZn,L10,101
ReZr3_L12_111,10.59375,9.0,1.4970674458754356,9.65625,2.0432338797846907,7.5,1.4546875000000001,0.09024218716182579,14.84375,2.058155145796027,ReZr3,L12,111
ReZr_L10_101,10.5,7.0,2.0615528128088303,9.546875,2.3744459788753294,5.833333333333333,1.6149999999999998,0.09875526122268144,18.499999999999996,2.25231297525414,ReZr,L10,101
Re_A1_111,4.375,2.0,0.9921567416492215,1.6770833333333335,0.4831132760543847,0.6666666666666666,1.9,0.0,25.0,0.0,Re,A1,111
Rh3Ru_L12_111,10.5,9.0,1.5,9.4453125,1.956294303611742,7.5,2.2608333333333333,0.01198957880828169,17.76041666666667,0.14986973510352194,Rh3Ru,L12,111
Rh3Sc_L12_111,10.59375,9.0,1.4970674458754356,9.65625,2.0432338797846907,7.5,2.0787500000000003,0.1456540564717189,14.281250000000002,2.691433652194805,Rh3Sc,L12,111
Rh3Sn_L12_111,10.59375,9.0,1.4970674458754356,9.65625,2.0432338797846907,7.5,2.2100000000000004,0.05066228051190204,18.437500000000004,0.3166392531993894,Rh3Sn,L12,111
Rh3Ta_L12_111,10.59375,9.0,1.4970674458754356,9.65625,2.0432338797846907,7.5,2.109375,0.12348930874776168,19.093750000000004,0.7915981329984727,Rh3Ta,L12,111
Rh3Tc_L12_111,10.5,9.0,1.5,9.4453125,1.956294303611742,7.5,2.188958333333334,0.056950499339338476,17.28125,0.4496092053105675,Rh3Tc,L12,111
Rh3Ti_L12_111,10.5,9.0,1.5,9.4453125,1.956294303611742,7.5,2.102708333333333,0.11090360397660662,14.166666666666664,2.3979157616563596,Rh3Ti,L12,111
Rh3Tl_L12_111,11.71875,9.0,2.588850794754306,11.6796875,3.239372941654222,8.083333333333334,2.0848125,0.038816424922318606,21.548863636363635,0.7057531804057934,Rh3Tl,L12,111
Rh3V_L12_111,10.5,9.0,1.5,9.4453125,1.956294303611742,7.5,2.124270833333333,0.09741532781728957,14.40625,2.2480460265528373,Rh3V,L12,111
Rh3W_L12_111,10.5,9.0,1.5,9.4453125,1.956294303611742,7.5,2.2991666666666664,0.01198957880828167,19.4375,0.899218410621135,Rh3W,L12,111
Rh3Y_L12_111,11.375,9.0,2.381569860407206,11.177083333333334,2.86901172855935,8.083333333333334,1.9609962121212121,0.06171165098047151,15.89337121212121,0.40752977062575585,Rh3Y,L12,111
Rh3Zn_L12_111,10.5,9.0,1.5,9.4453125,1.956294303611742,7.5,2.1290625,0.09441793311521916,16.083333333333336,1.1989578808281796,Rh3Zn,L12,111
Rh3Zr_L12_111,10.59375,9.0,1.4970674458754356,9.65625,2.0432338797846907,7.5,2.0721875000000005,0.1504036452697097,16.6875,0.9499177595981665,Rh3Zr,L12,111
RhRu3_L12_111,10.59375,9.0,1.4970674458754356,9.65625,2.0432338797846907,7.5,2.2175000000000002,0.012665570127975768,17.21875,0.15831962659969384,RhRu3,L12,111
RhRu_L10_101,10.5,7.0,2.0615528128088303,9.546875,2.3744459788753294,5.833333333333333,2.24,0.013860387540025455,17.5,0.17325484425031937,RhRu,L10,101
RhSc3_L12_111,10.5,9.0,1.5,9.4453125,1.956294303611742,7.5,1.5804166666666668,0.13788015629524064,5.072916666666667,2.5477854967598823,RhSc3,L12,111
RhSc_L10_101,11.25,7.0,2.384848003542364,11.109375,2.910964478091125,6.333333333333333,1.7817288961038962,0.12126853705935133,8.792816558441558,2.2408316630532306,RhSc,L10,101
RhSn3_L12_111,10.5,9.0,1.5,9.4453125,1.956294303611742,7.5,2.036666666666667,0.04795831523312725,19.520833333333332,0.2997394702070455,RhSn3,L12,111
RhSn_L10_101,10.5,7.0,2.0615528128088303,9.598958333333332,2.4197571385110117,5.833333333333333,2.12,0.055441550160101945,19.0,0.34650968850063596,RhSn,L10,101
RhTa3_L12_111,10.5,9.0,1.5,9.4453125,1.956294303611742,7.5,1.686875,0.11689839338074749,21.802083333333332,0.7493486755176129,RhTa3,L12,111
RhTa_L10_101,10.5,7.0,2.0615528128088303,9.598958333333332,2.4197571385110117,5.833333333333333,1.8899999999999997,0.1351387785152483,20.5,0.8662742212515923,RhTa,L10,101
RhTc3_L12_111,10.5,9.0,1.5,9.4453125,1.956294303611742,7.5,1.9910416666666664,0.05695049933933871,15.71875,0.4496092053105675,RhTc3,L12,111
RhTc_L10_101,10.5,7.0,2.0615528128088303,9.598958333333332,2.4197571385110117,5.833333333333333,2.0900000000000003,0.06583684081512105,16.5,0.5197645327509552,RhTc,L10,101
RhTi3_L12_111,10.59375,9.0,1.4970674458754356,9.65625,2.0432338797846907,7.5,1.701875,0.117156523683774,5.5,2.5331140255951103,RhTi3,L12,111
RhTi_L10_101,10.5,7.0,2.0615528128088303,9.546875,2.3744459788753294,5.833333333333333,1.9100000000000001,0.1282085847452356,10.0,2.772077508005095,RhTi,L10,101
RhTl3_L12_111,10.5,9.0,1.5,9.4453125,1.956294303611742,7.5,1.7781250000000002,0.09891402516832483,27.125,1.79843682124227,RhTl3,L12,111
RhTl_L10_101,9.5,5.0,3.1622776601683795,8.432291666666668,2.4321020625599443,4.5,1.8139732142857143,0.19424528839366417,26.473214285714285,3.5317325162484394,RhTl,L10,101
RhV3_L12_111,10.5,9.0,1.5,9.4453125,1.956294303611742,7.5,1.7857291666666666,0.09741532781728973,6.59375,2.2480460265528373,RhV3,L12,111
RhV_L10_101,10.5,7.0,2.0615528128088303,9.598958333333332,2.4197571385110117,5.833333333333333,1.9549999999999998,0.11261564876270697,10.5,2.598822663754776,RhV,L10,101
RhW3_L12_111,10.5,9.0,1.5,9.4453125,1.956294303611742,7.5,2.3408333333333333,0.011989578808281772,22.5625,0.899218410621135,RhW3,L12,111
RhW_L10_101,10.5,7.0,2.0615528128088303,9.598958333333332,2.4197571385110117,5.833333333333333,2.32,0.01386038754002555,21.0,1.0395290655019098,RhW,L10,101
RhY3_L12_111,10.59375,9.0,1.4970674458754356,9.65625,2.0432338797846907,7.5,1.451875,0.16781880419567596,12.53125,1.1082373861978612,RhY3,L12,111
RhY_L10_101,11.25,7.0,2.384848003542364,11.109375,2.910964478091125,6.333333333333333,1.7059050324675327,0.1397224448727309,14.20880681818182,0.9226953906689773,RhY,L10,101
RhZn3_L12_111,10.5,9.0,1.5,9.4453125,1.956294303611742,7.5,1.8009374999999999,0.09441793311521925,11.916666666666666,1.1989578808281796,RhZn3,L12,111
RhZn_L10_101,10.5,7.0,2.0615528128088303,9.598958333333332,2.4197571385110117,5.833333333333333,1.965,0.10915055187770065,14.0,1.3860387540025476,RhZn,L10,101
RhZr3_L12_111,10.59375,9.0,1.4970674458754356,9.65625,2.0432338797846907,7.5,1.5378124999999998,0.15040364526970962,13.3125,0.9499177595981665,RhZr3,L12,111
RhZr_L10_101,10.5,7.0,2.0615528128088303,9.546875,2.3744459788753294,5.833333333333333,1.8050000000000002,0.16459210203780247,15.0,1.0395290655019105,RhZr,L10,101
Rh_A1_111,4.375,2.0,0.9921567416492215,1.6770833333333335,0.4831132760543847,0.6666666666666666,2.28,0.0,18.0,0.0,Rh,A1,111
Ru3Sc_L12_111,10.59375,9.0,1.4970674458754356,9.65625,2.0432338797846907,7.5,2.01625,0.13298848634374322,13.499999999999998,2.533114025595111,Ru3Sc,L12,111
Ru3Sn_L12_111,10.5,9.0,1.5,9.4453125,1.956294303611742,7.5,2.1424999999999996,0.03596873642484541,17.71875,0.4496092053105675,Ru3Sn,L12,111
Ru3Ta_L12_111,10.5,9.0,1.5,9.4453125,1.956294303611742,7.5,2.0322916666666666,0.10490881457246576,18.4375,0.899218410621135,Ru3Ta,L12,111
Ru3Tc_L12_111,10.59375,9.0,1.4970674458754356,9.65625,2.0432338797846907,7.5,2.134375,0.04749588797990844,16.562499999999996,0.3166392531993894,Ru3Tc,L12,111
Ru3Ti_L12_111,10.5,9.0,1.5,9.4453125,1.956294303611742,7.5,2.041875,0.09891402516832486,13.40625,2.2480460265528373,Ru3Ti,L12,111
Ru3Tl_L12_111,11.375,9.0,2.381569860407206,11.177083333333334,2.86901172855935,8.083333333333334,2.0254507575757574,0.033766752423276945,20.912310606060604,0.7568410025906885,Ru3Tl,L12,111
Ru3V_L12_111,10.59375,9.0,1.4970674458754356,9.65625,2.0432338797846907,7.5,2.0753125,0.09024218716182586,13.937500000000002,2.2164747723957214,Ru3V,L12,111
Ru3W_L12_111,10.59375,9.0,1.4970674458754356,9.65625,2.0432338797846907,7.5,2.235,0.025331140255951193,18.53125,1.1082373861978603,Ru3W,L12,111
Ru3Y_L12_111,11.375,9.0,2.381569860407206,11.177083333333334,2.86901172855935,8.083333333333334,1.9050719696969693,0.0570541678876058,15.194318181818183,0.34931123196493313,Ru3Y,L12,111
Ru3Zn_L12_111,10.59375,9.0,1.4970674458754356,9.65625,2.0432338797846907,7.5,2.0796875,0.0870757946298318,15.468749999999998,1.108237386197861,Ru3Zn,L12,111
Ru3Zr_L12_111,10.5,9.0,1.5,9.4453125,1.956294303611742,7.5,1.9915625,0.13038666954006453,15.802083333333336,0.7493486755176121,Ru3Zr,L12,111
RuSc3_L12_111,10.59375,9.0,1.4970674458754356,9.65625,2.0432338797846907,7.5,1.5437500000000002,0.13298848634374327,4.5,2.5331140255951103,RuSc3,L12,111
RuSc_L10_101,11.25,7.0,2.384848003542364,11.036458333333334,2.8650141721459637,6.333333333333333,1.7450568181818182,0.11072344688027731,8.334415584415584,2.1090180358148056,RuSc,L10,101
RuSn3_L12_111,10.59375,9.0,1.4970674458754356,9.65625,2.0432338797846907,7.5,2.0125,0.037996710383926526,19.34375,0.47495887979908324,RuSn3,L12,111
RuSn_L10_101,10.5,7.0,2.0615528128088303,9.546875,2.3744459788753294,5.833333333333333,2.0799999999999996,0.04158116262007642,18.5,0.5197645327509552,RuSn,L10,101
RuTa3_L12_111,10.59375,9.0,1.4970674458754356,9.65625,2.0432338797846907,7.5,1.653125,0.11082373861978607,21.6875,0.9499177595981665,RuTa3,L12,111
RuTa_L10_101,10.5,7.0,2.0615528128088303,9.546875,2.3744459788753294,5.833333333333333,1.85,0.12127839097522299,20.0,1.0395290655019098,RuTa,L10,101
RuTc3_L12_111,10.5,9.0,1.5,9.4453125,1.956294303611742,7.5,1.9718749999999998,0.044960920531056894,15.479166666666666,0.29973947020704467,RuTc3,L12,111
RuTc_L10_101,10.5,7.0,2.0615528128088303,9.546875,2.3744459788753294,5.833333333333333,2.05,0.05197645327509543,16.0,0.3465096885006366,RuTc,L10,101
RuTi3_L12_111,10.59375,9.0,1.4970674458754356,9.65625,2.0432338797846907,7.5,1.6843749999999997,0.10449095355579831,5.28125,2.3747943989954163,RuTi3,L12,111
RuTi_L10_101,10.5,7.0,2.0615528128088303,9.598958333333332,2.4197571385110117,5.833333333333333,1.8699999999999997,0.11434819720521008,9.5,2.598822663754776,RuTi,L10,101
RuTl3_L12_111,10.5,9.0,1.5,9.4453125,1.956294303611742,7.5,1.7589583333333334,0.08692444636004294,26.885416666666668,1.9483065563457915,RuTl3,L12,111
RuTl_L10_101,10.375,5.0,3.9666579131556077,10.296875,3.3164898338014446,5.083333333333333,1.7684081196581198,0.1486530641041925,26.67361111111111,3.3318790230250066,RuTl,L10,101
RuV3_L12_111,10.5,9.0,1.5,9.4453125,1.956294303611742,7.5,1.7665624999999996,0.0854257490090078,6.354166666666667,2.098176291449315,RuV3,L12,111
RuV_L10_101,10.5,7.0,2.0615528128088303,9.546875,2.3744459788753294,5.833333333333333,1.9149999999999996,0.09875526122268156,10.0,2.4255678195044577,RuV,L10,101
RuW3_L12_111,10.5,9.0,1.5,9.4453125,1.956294303611742,7.5,2.3216666666666663,0.02397915761656355,22.32291666666667,1.0490881457246568,RuW3,L12,111
RuW_L10_101,10.5,7.0,2.0615528128088303,9.546875,2.3744459788753294,5.833333333333333,2.28,0.027720775080050896,20.5,1.2127839097522293,RuW,L10,101
RuY3_L12_111,10.5,9.0,1.5,9.4453125,1.956294303611742,7.5,1.4547916666666665,0.14687234040145195,12.4375,0.899218410621135,RuY3,L12,111
RuY_L10_101,11.25,7.0,2.384848003542364,11.036458333333334,2.8650141721459637,6.333333333333333,1.6692329545454543,0.12917735469365674,13.750405844155845,0.7908817634305523,RuY,L10,101
RuZn3_L12_111,10.5,9.0,1.5,9.4453125,1.956294303611742,7.5,1.7817708333333329,0.08242835430693739,11.677083333333334,1.0490881457246577,RuZn3,L12,111
RuZn_L10_101,10.5,7.0,2.0615528128088303,9.546875,2.3744459788753294,5.833333333333333,1.9249999999999998,0.09529016433767529,13.5,1.2127839097522288,RuZn,L10,101
RuZr3_L12_111,10.59375,9.0,1.4970674458754356,9.65625,2.0432338797846907,7.5,1.5203125,0.1377380751417341,13.09375,0.7915981329984718,RuZr3,L12,111
RuZr_L10_101,11.25,7.0,2.384848003542364,11.036458333333334,2.8650141721459637,6.333333333333333,1.7288088474025973,0.11467785569743003,14.29200487012987,0.6590681361921269,RuZr,L10,101
Ru_A1_111,4.375,2.0,0.9921567416492215,1.6770833333333335,0.4831132760543847,0.6666666666666666,2.2,0.0,17.0,0.0,Ru,A1,111
Sc3Sn_L12_111,10.5,9.0,1.5,9.4453125,1.956294303611742,7.5,1.5037500000000001,0.08992184106211358,5.552083333333333,2.8475249669669274,Sc3Sn,L12,111
Sc3Ta_L12_111,10.5,9.0,1.5,9.4453125,1.956294303611742,7.5,1.393541666666667,0.02098176291449318,6.270833333333334,3.297134172277495,Sc3Ta,L12,111
Sc3Tc_L12_111,10.5,9.0,1.5,9.4453125,1.956294303611742,7.5,1.4893750000000001,0.08092965695590212,4.354166666666667,2.098176291449315,Sc3Tc,L12,111
Sc3Ti_L12_111,10.5,9.0,1.5,9.4453125,1.956294303611742,7.5,1.4031250000000002,0.026976552318634023,1.2395833333333333,0.14986973510352244,Sc3Ti,L12,111
Sc3Tl_L12_111,10.5,9.0,1.5,9.4453125,1.956294303611742,7.5,1.422291666666667,0.03896613112691595,7.947916666666666,4.346222318002152,Sc3Tl,L12,111
Sc3V_L12_111,10.5,9.0,1.5,9.4453125,1.956294303611742,7.5,1.4246875,0.04046482847795106,1.4791666666666667,0.299739470207045,Sc3V,L12,111
Sc3W_L12_111,10.5,9.0,1.5,9.4453125,1.956294303611742,7.5,1.5995833333333334,0.1498697351035224,6.510416666666666,3.447003907381017,Sc3W,L12,111
Sc3Y_L12_111,10.5,9.0,1.5,9.4453125,1.956294303611742,7.5,1.3264583333333335,0.02098176291449318,3.395833333333333,1.4986973510352248,Sc3Y,L12,111
Sc3Zn_L12_111,10.5,9.0,1.5,9.4453125,1.956294303611742,7.5,1.4294791666666669,0.04346222318002153,3.15625,1.3488276159317023,Sc3Zn,L12,111
Sc3Zr_L12_111,10.59375,9.0,1.4970674458754356,9.65625,2.0432338797846907,7.5,1.3534375,0.004749588797990887,3.40625,1.7415158925966387,Sc3Zr,L12,111
ScSn3_L12_111,10.59375,9.0,1.4970674458754356,9.65625,2.0432338797846907,7.5,1.82875,0.09499177595981659,15.84375,3.008072905394194,ScSn3,L12,111
ScSn_L10_101,10.5,7.0,2.0615528128088303,9.598958333333332,2.4197571385110117,5.833333333333333,1.6600000000000004,0.10395290655019104,10.5,3.29184204075605,ScSn,L10,101
ScTa3_L12_111,10.59375,9.0,1.4970674458754356,9.65625,2.0432338797846907,7.5,1.4693749999999999,0.022164747723957202,18.1875,3.4830317851932775,ScTa3,L12,111
ScTa_L10_101,10.5,7.0,2.0615528128088303,9.598958333333332,2.4197571385110117,5.833333333333333,1.4300000000000002,0.024255678195044542,12.0,3.8116065735070053,ScTa,L10,101
ScTc3_L12_111,10.59375,9.0,1.4970674458754356,9.65625,2.0432338797846907,7.5,1.7818749999999997,0.08549259836383483,11.937500000000002,2.2164747723957214,ScTc3,L12,111
ScTc_L10_101,11.25,7.0,2.384848003542364,11.135416666666668,2.9700289642714113,6.333333333333333,1.6075365259740257,0.07117935870874958,7.417613636363637,1.8453907813379546,ScTc,L10,101
ScTi3_L12_111,10.5,9.0,1.5,9.4453125,1.956294303611742,7.5,1.496875,0.026976552318634064,1.760416666666667,0.14986973510352244,ScTi3,L12,111
ScTi_L10_101,10.5,7.0,2.0615528128088303,9.546875,2.3744459788753294,5.833333333333333,1.4499999999999997,0.031185871965057226,1.5,0.17325484425031845,ScTi,L10,101
ScTl3_L12_111,10.59375,9.0,1.4970674458754356,9.65625,2.0432338797846907,7.5,1.5631250000000003,0.04116310291592052,23.656249999999996,4.591269171391138,ScTl3,L12,111
ScTl_L10_101,11.25,7.0,2.384848003542364,11.109375,2.910964478091125,6.333333333333333,1.500815746753247,0.03427154308199065,16.706371753246753,3.8225951899143347,ScTl,L10,101
ScV3_L12_111,10.59375,9.0,1.4970674458754356,9.65625,2.0432338797846907,7.5,1.5709374999999999,0.042746299181917406,2.5625000000000004,0.3166392531993888,ScV3,L12,111
ScV_L10_101,11.25,7.0,2.384848003542364,11.135416666666668,2.9700289642714113,6.333333333333333,1.4837682629870128,0.03558967935437481,1.916801948051948,0.26362725447685065,ScV,L10,101
ScW3_L12_111,10.59375,9.0,1.4970674458754356,9.65625,2.0432338797846907,7.5,2.14125,0.15831962659969448,18.968749999999996,3.641351411792972,ScW3,L12,111
ScW_L10_101,11.25,7.0,2.384848003542364,11.135416666666668,2.9700289642714113,6.333333333333333,1.818400974025974,0.13181362723842524,11.5432224025974,3.0317134264837833,ScW,L10,101
ScY3_L12_111,10.5,9.0,1.5,9.4453125,1.956294303611742,7.5,1.2535416666666666,0.02098176291449303,8.604166666666668,1.4986973510352246,ScY3,L12,111
ScY_L10_101,10.5,7.0,2.0615528128088303,9.598958333333332,2.4197571385110117,5.833333333333333,1.2899999999999998,0.024255678195044646,6.0,1.732548442503184,ScY,L10,101
ScZn3_L12_111,10.59375,9.0,1.4970674458754356,9.65625,2.0432338797846907,7.5,1.5865624999999999,0.04591269171391131,8.03125,1.4248766393972496,ScZn3,L12,111
ScZn_L10_101,11.25,7.0,2.384848003542364,11.135416666666668,2.9700289642714113,6.333333333333333,1.4929362824675325,0.03822595189914319,5.125608766233766,1.1863226451458282,ScZn,L10,101
ScZr3_L12_111,10.5,9.0,1.5,9.4453125,1.956294303611742,7.5,1.3371875,0.004496092053105631,9.364583333333334,1.6485670861387471,ScZr3,L12,111
ScZr_L10_101,10.5,7.0,2.0615528128088303,9.598958333333332,2.4197571385110117,5.833333333333333,1.3450000000000002,0.005197645327509606,6.5,1.9058032867535029,ScZr,L10,101
Sc_A1_111,4.375,2.0,0.9921567416492215,1.6770833333333335,0.4831132760543847,0.6666666666666666,1.36,0.0,1.0,0.0,Sc,A1,111
Sn3Ta_L12_111,10.5,9.0,1.5,9.4453125,1.956294303611742,7.5,1.849791666666667,0.06894007814762029,20.71875,0.4496092053105675,Sn3Ta,L12,111
Sn3Tc_L12_111,10.5,9.0,1.5,9.4453125,1.956294303611742,7.5,1.9456250000000002,0.008992184106211314,18.80208333333333,0.749348675517613,Sn3Tc,L12,111
Sn3Ti_L12_111,10.5,9.0,1.5,9.4453125,1.956294303611742,7.5,1.859375,0.06294528874347946,15.6875,2.6976552318634046,Sn3Ti,L12,111
Sn3Tl_L12_111,11.375,9.0,2.381569860407206,11.177083333333334,2.86901172855935,8.083333333333334,1.8576780303030302,0.019794303144679566,23.009469696969695,0.582185386608222,Sn3Tl,L12,111
Sn3V_L12_111,10.5,9.0,1.5,9.4453125,1.956294303611742,7.5,1.8809375,0.04945701258416242,15.927083333333336,2.5477854967598823,Sn3V,L12,111
Sn3W_L12_111,10.5,9.0,1.5,9.4453125,1.956294303611742,7.5,2.055833333333333,0.059947894041408926,20.958333333333332,0.5994789404140893,Sn3W,L12,111
Sn3Y_L12_111,10.5,9.0,1.5,9.4453125,1.956294303611742,7.5,1.7827083333333333,0.11090360397660666,17.84375,1.3488276159317023,Sn3Y,L12,111
Sn3Zn_L12_111,10.5,9.0,1.5,9.4453125,1.956294303611742,7.5,1.8857291666666667,0.046459617882092,17.60416666666667,1.4986973510352242,Sn3Zn,L12,111
Sn3Zr_L12_111,10.59375,9.0,1.4970674458754356,9.65625,2.0432338797846907,7.5,1.8221875,0.09974136475780748,18.249999999999996,1.2665570127975558,Sn3Zr,L12,111
SnTa3_L12_111,10.5,9.0,1.5,9.4453125,1.956294303611742,7.5,1.6102083333333335,0.06894007814762039,22.28125,0.4496092053105675,SnTa3,L12,111
SnTa_L10_101,10.5,7.0,2.0615528128088303,9.546875,2.3744459788753294,5.833333333333333,1.7300000000000002,0.07969722835514643,21.5,0.5197645327509552,SnTa,L10,101
SnTc3_L12_111,10.59375,9.0,1.4970674458754356,9.65625,2.0432338797846907,7.5,1.913125,0.009499177595981952,16.09375,0.7915981329984726,SnTc3,L12,111
SnTc_L10_101,10.5,7.0,2.0615528128088303,9.598958333333332,2.4197571385110117,5.833333333333333,1.9300000000000002,0.010395290655019087,17.5,0.8662742212515923,SnTc,L10,101
SnTi3_L12_111,10.59375,9.0,1.4970674458754356,9.65625,2.0432338797846907,7.5,1.6318750000000002,0.06649424317187183,5.9375,2.8497532787944992,SnTi3,L12,111
SnTi_L10_101,10.5,7.0,2.0615528128088303,9.546875,2.3744459788753294,5.833333333333333,1.7500000000000002,0.07276703458513376,11.0,3.118587196505732,SnTi,L10,101
SnTl3_L12_111,10.5,9.0,1.5,9.4453125,1.956294303611742,7.5,1.7014583333333335,0.050955709935197616,27.604166666666668,1.4986973510352242,SnTl3,L12,111
SnTl_L10_101,11.25,7.0,2.384848003542364,11.036458333333334,2.8650141721459637,6.333333333333333,1.7758563311688316,0.044816633261064595,25.41599025974026,1.3181362723842538,SnTl,L10,101
SnV3_L12_111,10.59375,9.0,1.4970674458754356,9.65625,2.0432338797846907,7.5,1.7021875,0.05224547677789932,6.71875,2.691433652194805,SnV3,L12,111
SnV_L10_101,10.5,7.0,2.0615528128088303,9.598958333333332,2.4197571385110117,5.833333333333333,1.7950000000000002,0.05717409860260515,11.5,2.9453323522554133,SnV,L10,101
SnW3_L12_111,10.59375,9.0,1.4970674458754356,9.65625,2.0432338797846907,7.5,2.2725,0.06332785063987775,23.125000000000004,0.6332785063987771,SnW3,L12,111
SnW_L10_101,10.5,7.0,2.0615528128088303,9.598958333333332,2.4197571385110117,5.833333333333333,2.16,0.0693019377001273,22.0,0.6930193770012747,SnW,L10,101
SnY3_L12_111,10.59375,9.0,1.4970674458754356,9.65625,2.0432338797846907,7.5,1.3818750000000002,0.11715652368377381,12.96875,1.4248766393972496,SnY3,L12,111
SnY_L10_101,11.25,7.0,2.384848003542364,11.109375,2.910964478091125,6.333333333333333,1.559216720779221,0.0975420841564348,15.125608766233764,1.186322645145828,SnY,L10,101
SnZn3_L12_111,10.59375,9.0,1.4970674458754356,9.65625,2.0432338797846907,7.5,1.7178125,0.049079084245905465,12.1875,1.5831962659969445,SnZn3,L12,111
SnZn_L10_101,10.5,7.0,2.0615528128088303,9.598958333333332,2.4197571385110117,5.833333333333333,1.8050000000000002,0.05370900171759865,15.0,1.732548442503184,SnZn,L10,101
SnZr3_L12_111,10.59375,9.0,1.4970674458754356,9.65625,2.0432338797846907,7.5,1.4678125000000002,0.09974136475780752,13.75,1.2665570127975552,SnZr3,L12,111
SnZr_L10_101,10.5,7.0,2.0615528128088303,9.546875,2.3744459788753294,5.833333333333333,1.645,0.1091505518777006,16.0,1.3860387540025474,SnZr,L10,101
Sn_A1_111,4.375,2.0,0.9921567416492215,1.6770833333333335,0.4831132760543847,0.6666666666666666,1.96,1.7554167342883506e-16,20.0,0.0,Sn,A1,111
Ta3Tc_L12_111,10.5,9.0,1.5,9.4453125,1.956294303611742,7.5,1.5958333333333334,0.05994789404140898,21.083333333333332,1.1989578808281804,Ta3Tc,L12,111
Ta3Ti_L12_111,10.5,9.0,1.5,9.4453125,1.956294303611742,7.5,1.5095833333333333,0.005994789404140843,17.96875,3.1472644371739724,Ta3Ti,L12,111
Ta3Tl_L12_111,11.375,9.0,2.381569860407206,11.177083333333334,2.8690117285593506,8.083333333333334,1.5361136363636365,0.006986224639298695,25.10662878787879,0.40752977062575513,Ta3Tl,L12,111
Ta3V_L12_111,10.5,9.0,1.5,9.4453125,1.956294303611742,7.5,1.5311458333333332,0.01948306556345788,18.208333333333332,2.99739470207045,Ta3V,L12,111
Ta3W_L12_111,10.5,9.0,1.5,9.4453125,1.956294303611742,7.5,1.7060416666666665,0.12888797218902923,23.239583333333332,0.14986973510352194,Ta3W,L12,111
Ta3Y_L12_111,10.5,9.0,1.5,9.4453125,1.956294303611742,7.5,1.4329166666666664,0.04196352582898631,20.125,1.79843682124227,Ta3Y,L12,111
Ta3Zn_L12_111,10.5,9.0,1.5,9.4453125,1.956294303611742,7.5,1.5359374999999997,0.022480460265528347,19.885416666666668,1.9483065563457915,Ta3Zn,L12,111
Ta3Zr_L12_111,10.59375,9.0,1.4970674458754356,9.65625,2.0432338797846907,7.5,1.4628125,0.026914336521948037,20.593749999999996,1.7415158925966392,Ta3Zr,L12,111
TaTc3_L12_111,10.59375,9.0,1.4970674458754356,9.65625,2.0432338797846907,7.5,1.8124999999999998,0.06332785063987763,16.750000000000004,1.2665570127975558,TaTc3,L12,111
TaTc_L10_101,10.5,7.0,2.0615528128088303,9.598958333333332,2.4197571385110117,5.833333333333333,1.6999999999999997,0.0693019377001274,19.0,1.386038754002547,TaTc,L10,101
TaTi3_L12_111,10.59375,9.0,1.4970674458754356,9.65625,2.0432338797846907,7.5,1.5312499999999998,0.006332785063987856,6.59375,3.3247121585935826,TaTi3,L12,111
TaTi_L10_101,10.5,7.0,2.0615528128088303,9.546875,2.3744459788753294,5.833333333333333,1.5199999999999996,0.006930193770012797,12.5,3.6383517292566867,TaTi,L10,101
TaTl3_L12_111,10.5,9.0,1.5,9.4453125,1.956294303611742,7.5,1.5912500000000003,0.01798436821242267,28.32291666666667,1.0490881457246568,TaTl3,L12,111
TaTl_L10_101,11.25,7.0,2.384848003542364,11.036458333333334,2.8650141721459637,6.333333333333333,1.5649918831168834,0.015817635268611026,26.791193181818183,0.9226953906689775,TaTl,L10,101
TaV3_L12_111,10.59375,9.0,1.4970674458754356,9.65625,2.0432338797846907,7.5,1.6015624999999996,0.020581551457960312,7.375,3.1663925319938877,TaV3,L12,111
TaV_L10_101,10.5,7.0,2.0615528128088303,9.598958333333332,2.4197571385110117,5.833333333333333,1.5649999999999997,0.022523129752541383,12.999999999999998,3.465096885006368,TaV,L10,101
TaW3_L12_111,10.59375,9.0,1.4970674458754356,9.65625,2.0432338797846907,7.5,2.1718749999999996,0.1361548788757373,23.781250000000004,0.15831962659969384,TaW3,L12,111
TaW_L10_101,10.5,7.0,2.0615528128088303,9.598958333333332,2.4197571385110117,5.833333333333333,1.9299999999999997,0.14899916605527389,23.5,0.17325484425031937,TaW,L10,101
TaY3_L12_111,10.59375,9.0,1.4970674458754356,9.65625,2.0432338797846907,7.5,1.28125,0.04432949544791439,13.625,1.899835519196333,TaY3,L12,111
TaY_L10_101,11.25,7.0,2.384848003542364,11.109375,2.910964478091125,6.333333333333333,1.3483522727272728,0.03690781562675916,16.50081168831169,1.5817635268611043,TaY,L10,101
TaZn3_L12_111,10.59375,9.0,1.4970674458754356,9.65625,2.0432338797846907,7.5,1.6171875,0.02374794398995406,12.843750000000002,2.058155145796028,TaZn3,L12,111
TaZn_L10_101,10.5,7.0,2.0615528128088303,9.598958333333332,2.4197571385110117,5.833333333333333,1.575,0.025988226637547795,16.5,2.2523129752541395,TaZn,L10,101
TaZr3_L12_111,10.59375,9.0,1.4970674458754356,9.65625,2.0432338797846907,7.5,1.3671875,0.026914336521948037,14.40625,1.7415158925966383,TaZr3,L12,111
TaZr_L10_101,10.5,7.0,2.0615528128088303,9.546875,2.3744459788753294,5.833333333333333,1.415,0.029453323522554142,17.5,1.9058032867535026,TaZr,L10,101
Ta_A1_111,4.375,2.0,0.9921567416492215,1.6770833333333335,0.4831132760543847,0.6666666666666666,1.5,0.0,23.0,0.0,Ta,A1,111
Tc3Ti_L12_111,10.5,9.0,1.5,9.4453125,1.956294303611742,7.5,1.8137499999999998,0.05395310463726798,11.885416666666664,1.9483065563457926,Tc3Ti,L12,111
Tc3Tl_L12_111,11.71875,9.0,2.588850794754306,11.6796875,3.239372941654222,8.083333333333334,1.817193181818182,0.016467574209468556,19.436079545454547,0.8821914755072421,Tc3Tl,L12,111
Tc3V_L12_111,10.5,9.0,1.5,9.4453125,1.956294303611742,7.5,1.8353124999999997,0.040464828477951,12.125,1.79843682124227,Tc3V,L12,111
Tc3W_L12_111,10.5,9.0,1.5,9.4453125,1.956294303611742,7.5,2.010208333333333,0.06894007814762039,17.15625,1.3488276159317023,Tc3W,L12,111
Tc3Y_L12_111,11.375,9.0,2.381569860407206,11.177083333333334,2.86901172855935,8.083333333333334,1.6953560606060605,0.039588606289359105,13.79621212121212,0.23287415464328923,Tc3Y,L12,111
Tc3Zn_L12_111,10.5,9.0,1.5,9.4453125,1.956294303611742,7.5,1.8401041666666664,0.03746743377588058,13.802083333333336,0.7493486755176121,Tc3Zn,L12,111
Tc3Zr_L12_111,10.59375,9.0,1.4970674458754356,9.65625,2.0432338797846907,7.5,1.7753124999999998,0.09024218716182567,14.34375,0.47495887979908324,Tc3Zr,L12,111
TcTi3_L12_111,10.59375,9.0,1.4970674458754356,9.65625,2.0432338797846907,7.5,1.61875,0.05699506557589,4.84375,2.0581551457960274,TcTi3,L12,111
TcTi_L10_101,10.5,7.0,2.0615528128088303,9.546875,2.3744459788753294,5.833333333333333,1.7199999999999998,0.062371743930114576,8.5,2.2523129752541395,TcTi,L10,101
TcTl3_L12_111,10.5,9.0,1.5,9.4453125,1.956294303611742,7.5,1.6870833333333333,0.041963525828986166,26.40625,2.2480460265528373,TcTl3,L12,111
TcTl_L10_101,9.5,5.0,3.1622776601683795,8.432291666666668,2.4321020625599443,4.5,1.7022916666666665,0.08240709204579666,25.591517857142858,4.414665645310549,TcTl,L10,101
TcV3_L12_111,10.5,9.0,1.5,9.4453125,1.956294303611742,7.5,1.6946874999999997,0.04046482847795106,5.875,1.79843682124227,TcV3,L12,111
TcV_L10_101,10.5,7.0,2.0615528128088303,9.598958333333332,2.4197571385110117,5.833333333333333,1.7649999999999997,0.04677880794758599,9.0,2.079058131003821,TcV,L10,101
TcW3_L12_111,10.5,9.0,1.5,9.4453125,1.956294303611742,7.5,2.249791666666667,0.06894007814762033,21.84375,1.3488276159317023,TcW3,L12,111
TcW_L10_101,10.5,7.0,2.0615528128088303,9.598958333333332,2.4197571385110117,5.833333333333333,2.13,0.07969722835514646,19.5,1.5592935982528653,TcW,L10,101
TcY3_L12_111,10.59375,9.0,1.4970674458754356,9.65625,2.0432338797846907,7.5,1.36875,0.10765734608779215,11.875,0.6332785063987779,TcY3,L12,111
TcY_L10_101,11.25,7.0,2.384848003542364,11.109375,2.910964478091125,6.333333333333333,1.5317126623376622,0.08963326652212918,12.833603896103897,0.5272545089537015,TcY,L10,101
TcZn3_L12_111,10.5,9.0,1.5,9.4453125,1.956294303611742,7.5,1.7098958333333332,0.037467433775880694,11.197916666666666,0.7493486755176121,TcZn3,L12,111
TcZn_L10_101,10.5,7.0,2.0615528128088303,9.598958333333332,2.4197571385110117,5.833333333333333,1.775,0.043313711062579516,12.5,0.8662742212515923,TcZn,L10,101
TcZr3_L12_111,10.59375,9.0,1.4970674458754356,9.65625,2.0432338797846907,7.5,1.4546875000000001,0.09024218716182579,12.65625,0.47495887979908324,TcZr3,L12,111
TcZr_L10_101,10.5,7.0,2.0615528128088303,9.546875,2.3744459788753294,5.833333333333333,1.6149999999999998,0.09875526122268144,13.5,0.5197645327509549,TcZr,L10,101
Tc_A1_111,4.375,2.0,0.9921567416492215,1.6770833333333335,0.4831132760543847,0.6666666666666666,1.9,0.0,15.0,0.0,Tc,A1,111
Ti3Tl_L12_111,11.71875,9.0,2.588850794754306,11.6796875,3.239372941654222,8.083333333333334,1.5636590909090913,0.004705021202705386,10.280681818181819,1.6467574209468518,Ti3Tl,L12,111
Ti3V_L12_111,10.59375,9.0,1.4970674458754356,9.65625,2.0432338797846907,7.5,1.5596875,0.014248766393972422,2.21875,0.15831962659969448,Ti3V,L12,111
Ti3W_L12_111,10.59375,9.0,1.4970674458754356,9.65625,2.0432338797846907,7.5,1.719375,0.1298220938117495,6.8125,3.483031785193277,Ti3W,L12,111
Ti3Y_L12_111,11.71875,9.0,2.588850794754306,11.6796875,3.239372941654222,8.083333333333334,1.445363636363636,0.018820084810821217,4.661647727272728,0.5293148853043452,Ti3Y,L12,111
Ti3Zn_L12_111,10.59375,9.0,1.4970674458754356,9.65625,2.0432338797846907,7.5,1.5640625,0.017415158925966383,3.75,1.2665570127975554,Ti3Zn,L12,111
Ti3Zr_L12_111,10.5,9.0,1.5,9.4453125,1.956294303611742,7.5,1.4896874999999998,0.031472644371739744,4.395833333333333,1.4986973510352248,Ti3Zr,L12,111
TiTl3_L12_111,10.5,9.0,1.5,9.4453125,1.956294303611742,7.5,1.6008333333333336,0.011989578808281835,23.29166666666667,4.19635258289863,TiTl3,L12,111
TiTl_L10_101,11.25,7.0,2.384848003542364,11.036458333333334,2.8650141721459637,6.333333333333333,1.5833279220779224,0.010545090179074037,17.164772727272727,3.69078156267591,TiTl,L10,101
TiV3_L12_111,10.5,9.0,1.5,9.4453125,1.956294303611742,7.5,1.6084374999999995,0.013488276159317027,2.760416666666666,0.14986973510352256,TiV3,L12,111
TiV_L10_101,10.5,7.0,2.0615528128088303,9.546875,2.3744459788753294,5.833333333333333,1.5849999999999995,0.015592935982528639,2.5,0.17325484425031837,TiV,L10,101
TiW3_L12_111,10.5,9.0,1.5,9.4453125,1.956294303611742,7.5,2.163541666666667,0.12289318278488837,18.72916666666667,3.2971341722774943,TiW3,L12,111
TiW_L10_101,10.5,7.0,2.0615528128088303,9.546875,2.3744459788753294,5.833333333333333,1.95,0.14206897228526105,13.0,3.8116065735070053,TiW,L10,101
TiY3_L12_111,10.59375,9.0,1.4970674458754356,9.65625,2.0432338797846907,7.5,1.2899999999999998,0.05066228051190205,9.03125,1.4248766393972496,TiY3,L12,111
TiY_L10_101,11.25,7.0,2.384848003542364,11.036458333333334,2.8650141721459637,6.333333333333333,1.3666883116883113,0.04218036071629604,6.874391233766234,1.1863226451458282,TiY,L10,101
TiZn3_L12_111,10.5,9.0,1.5,9.4453125,1.956294303611742,7.5,1.6236458333333332,0.01648567086138745,8.083333333333332,1.1989578808281798,TiZn3,L12,111
TiZn_L10_101,10.5,7.0,2.0615528128088303,9.546875,2.3744459788753294,5.833333333333333,1.5949999999999998,0.019058032867535032,6.0,1.3860387540025474,TiZn,L10,101
TiZr3_L12_111,10.59375,9.0,1.4970674458754356,9.65625,2.0432338797846907,7.5,1.3759375,0.033247121585935756,9.8125,1.5831962659969445,TiZr3,L12,111
TiZr_L10_101,10.5,7.0,2.0615528128088303,9.598958333333332,2.4197571385110117,5.833333333333333,1.4349999999999998,0.03638351729256685,6.999999999999999,1.732548442503184,TiZr,L10,101
Ti_A1_111,4.375,2.0,0.9921567416492215,1.6770833333333335,0.4831132760543847,0.6666666666666666,1.54,0.0,2.0,0.0,Ti,A1,111
Tl3V_L12_111,10.5,9.0,1.5,9.4453125,1.956294303611742,7.5,1.622395833333333,0.0014986973510350565,23.53125,4.046482847795107,Tl3V,L12,111
Tl3W_L12_111,10.5,9.0,1.5,9.4453125,1.956294303611742,7.5,1.7972916666666667,0.1109036039766065,28.5625,0.899218410621135,Tl3W,L12,111
Tl3Y_L12_111,10.5,9.0,1.5,9.4453125,1.956294303611742,7.5,1.524166666666667,0.059947894041409044,25.44791666666667,2.847524966966927,Tl3Y,L12,111
Tl3Zn_L12_111,10.5,9.0,1.5,9.4453125,1.956294303611742,7.5,1.6271875,0.004496092053105524,25.208333333333332,2.99739470207045,Tl3Zn,L12,111
Tl3Zr_L12_111,10.59375,9.0,1.4970674458754356,9.65625,2.0432338797846907,7.5,1.5565625000000003,0.0459126917139114,26.0625,2.8497532787944992,Tl3Zr,L12,111
TlV3_L12_111,11.71875,9.0,2.588850794754306,11.6796875,3.239372941654222,8.083333333333334,1.6270426136363636,0.0005881276503381908,10.984943181818181,1.5879446559130352,TlV3,L12,111
TlW3_L12_111,11.71875,9.0,2.588850794754306,11.6796875,3.239372941654222,8.083333333333334,2.141153409090909,0.043521446125023885,25.774431818181817,0.35287659020289674,TlW3,L12,111
TlW_L10_101,9.5,5.0,3.1622776601683795,8.458333333333334,2.5250481293542815,4.5,1.837485119047619,0.2177901718353202,28.236607142857142,1.765866258124219,TlW,L10,101
TlY3_L12_111,10.59375,9.0,1.4970674458754356,9.65625,2.0432338797846907,7.5,1.3075,0.06332785063987773,15.15625,3.0080729053941933,TlY3,L12,111
TlY_L10_101,10.5,7.0,2.0615528128088303,9.546875,2.3744459788753294,5.833333333333333,1.4200000000000004,0.06930193770012746,20.5,3.291842040756051,TlY,L10,101
TlZn3_L12_111,11.71875,9.0,2.588850794754306,11.6796875,3.239372941654222,8.083333333333334,1.6411278409090908,0.001764382951014555,15.914772727272727,1.176255300676323,TlZn3,L12,111
TlZn_L10_101,9.5,5.0,3.1622776601683795,8.458333333333334,2.5250481293542815,4.5,1.6288169642857144,0.008829331290620862,24.12202380952381,5.886220860414064,TlZn,L10,101
TlZr3_L12_111,10.5,9.0,1.5,9.4453125,1.956294303611742,7.5,1.3994791666666668,0.043462223180021575,16.3125,2.6976552318634046,TlZr3,L12,111
TlZr_L10_101,11.25,7.0,2.384848003542364,11.03125,2.852093985857876,6.333333333333333,1.4870637175324677,0.0382259518991433,21.748782467532468,2.372645290291656,TlZr,L10,101
Tl_A1_111,4.375,2.0,0.9921567416492215,1.6770833333333335,0.4831132760543847,0.6666666666666666,1.62,1.7554167342883506e-16,30.0,0.0,Tl,A1,111
V3W_L12_111,10.5,9.0,1.5,9.4453125,1.956294303611742,7.5,1.8048958333333331,0.10940490662557145,8.03125,3.1472644371739724,V3W,L12,111
V3Y_L12_111,11.375,9.0,2.381569860407206,11.177083333333334,2.86901172855935,8.083333333333334,1.5066117424242422,0.023869600850937103,5.407575757575758,0.46574830928657807,V3Y,L12,111
V3Zn_L12_111,10.5,9.0,1.5,9.4453125,1.956294303611742,7.5,1.6347916666666664,0.0029973947020704747,4.677083333333333,1.0490881457246573,V3Zn,L12,111
V3Zr_L12_111,10.59375,9.0,1.4970674458754356,9.65625,2.0432338797846907,7.5,1.5643749999999998,0.047495887979908294,4.96875,1.4248766393972496,V3Zr,L12,111
VW3_L12_111,10.5,9.0,1.5,9.4453125,1.956294303611742,7.5,2.1851041666666666,0.10940490662557145,18.96875,3.1472644371739724,VW3,L12,111
VW_L10_101,10.5,7.0,2.0615528128088303,9.598958333333332,2.4197571385110117,5.833333333333333,1.9949999999999997,0.12647603630273244,13.5,3.6383517292566867,VW,L10,101
VY3_L12_111,10.59375,9.0,1.4970674458754356,9.65625,2.0432338797846907,7.5,1.3096875,0.06491104690587456,9.25,1.2665570127975552,VY3,L12,111
VZn3_L12_111,10.5,9.0,1.5,9.4453125,1.956294303611742,7.5,1.6452083333333332,0.0029973947020704595,8.322916666666668,1.0490881457246575,VZn3,L12,111
VZn_L10_101,10.5,7.0,2.0615528128088303,9.598958333333332,2.4197571385110117,5.833333333333333,1.64,0.0034650968850063416,6.5,1.212783909752229,VZn,L10,101
VZr3_L12_111,10.59375,9.0,1.4970674458754356,9.65625,2.0432338797846907,7.5,1.395625,0.047495887979908266,10.03125,1.4248766393972496,VZr3,L12,111
VZr_L10_101,10.5,7.0,2.0615528128088303,9.546875,2.3744459788753294,5.833333333333333,1.4799999999999995,0.05197645327509543,7.5,1.559293598252866,VZr,L10,101
V_A1_111,4.375,2.0,0.9921567416492215,1.6770833333333335,0.4831132760543847,0.6666666666666666,1.63,1.7554167342883506e-16,3.0,0.0,V,A1,111
W3Y_L12_111,11.375,9.0,2.381569860407206,11.177083333333334,2.86901172855935,8.083333333333334,2.0169204545454544,0.06636913407333742,20.087689393939396,0.7568410025906885,W3Y,L12,111
W3Zn_L12_111,10.5,9.0,1.5,9.4453125,1.956294303611742,7.5,2.189895833333333,0.10640751192350102,20.64583333333333,2.0981762914493154,W3Zn,L12,111
W3Zr_L12_111,10.59375,9.0,1.4970674458754356,9.65625,2.0432338797846907,7.5,2.1346875,0.16306921539768524,21.375,1.899835519196333,W3Zr,L12,111
WY3_L12_111,10.59375,9.0,1.4970674458754356,9.65625,2.0432338797846907,7.5,1.4693749999999999,0.18048437432365153,13.84375,2.058155145796028,WY3,L12,111
WY_L10_101,11.25,7.0,2.384848003542364,11.109375,2.910964478091125,6.333333333333333,1.7425771103896102,0.15026753505180487,16.959212662337663,1.713577154099529,WY,L10,101
WZn3_L12_111,10.5,9.0,1.5,9.4453125,1.956294303611742,7.5,1.8201041666666666,0.10640751192350104,13.354166666666666,2.0981762914493145,WZn3,L12,111
WZn_L10_101,10.5,7.0,2.0615528128088303,9.598958333333332,2.4197571385110117,5.833333333333333,2.005,0.12301093941772606,17.0,2.4255678195044577,WZn,L10,101
WZr3_L12_111,10.59375,9.0,1.4970674458754356,9.65625,2.0432338797846907,7.5,1.5553124999999999,0.16306921539768512,14.625,1.899835519196333,WZr3,L12,111
WZr_L10_101,10.5,7.0,2.0615528128088303,9.546875,2.3744459788753294,5.833333333333333,1.8449999999999998,0.17845248957782797,18.0,2.0790581310038214,WZr,L10,101
W_A1_111,4.375,2.0,0.9921567416492215,1.6770833333333335,0.4831132760543847,0.6666666666666666,2.36,0.0,24.0,0.0,W,A1,111
Y3Zn_L12_111,10.59375,9.0,1.4970674458754356,9.65625,2.0432338797846907,7.5,1.3140625000000001,0.06807743943786856,10.78125,0.1583196265996947,Y3Zn,L12,111
Y3Zr_L12_111,10.59375,9.0,1.4970674458754356,9.65625,2.0432338797846907,7.5,1.2440625,0.017415158925966356,11.21875,0.1583196265996947,Y3Zr,L12,111
YZn3_L12_111,11.375,9.0,2.381569860407206,11.177083333333334,2.86901172855935,8.083333333333334,1.5205928030303029,0.025033971624153523,10.300946969696971,0.05821853866082253,YZn3,L12,111
YZn_L10_101,11.25,7.0,2.384848003542364,11.135416666666668,2.9700289642714113,6.333333333333333,1.417112418831169,0.05667985971252286,10.541599025974026,0.13181362723842513,YZn,L10,101
YZr3_L12_111,10.59375,9.0,1.4970674458754356,9.65625,2.0432338797846907,7.5,1.3059374999999998,0.017415158925966415,11.781249999999998,0.1583196265996947,YZr3,L12,111
YZr_L10_101,10.5,7.0,2.0615528128088303,9.546875,2.3744459788753294,5.833333333333333,1.275,0.019058032867535022,11.5,0.17325484425031798,YZr,L10,101
Y_A1_111,4.375,2.0,0.9921567416492215,1.6770833333333335,0.4831132760543847,0.6666666666666666,1.22,0.0,11.0,0.0,Y,A1,111
Zn3Zr_L12_111,10.59375,9.0,1.4970674458754356,9.65625,2.0432338797846907,7.5,1.5799999999999998,0.0506622805119021,10.437499999999998,0.31663925319938857,Zn3Zr,L12,111
ZnZr3_L12_111,10.59375,9.0,1.4970674458754356,9.65625,2.0432338797846907,7.5,1.4000000000000001,0.05066228051190222,11.5625,0.31663925319938857,ZnZr3,L12,111
ZnZr_L10_101,10.5,7.0,2.0615528128088303,9.546875,2.3744459788753294,5.833333333333333,1.4900000000000002,0.05544155016010189,11.0,0.34650968850063735,ZnZr,L10,101
Zn_A1_111,4.375,2.0,0.9921567416492215,1.6770833333333335,0.4831132760543847,0.6666666666666666,1.65,0.0,10.0,0.0,Zn,A1,111
Zr_A1_111,4.375,2.0,0.9921567416492215,1.6770833333333335,0.4831132760543847,0.6666666666666666,1.33,0.0,12.0,0.0,Zr,A1,111
