rank,comp,structure,facet,n_raw,energy_eV,pred_E_ads,true_dG,pred_dG,abs_pred_dG,statistically_indistinguishable,red_flags
1,CuPt3,L12,111,6,-0.2334,-0.2402,0.0066,-0.0002,0.0002,True,
2,CrPt3,L12,111,5,-0.2013,-0.2402,0.0387,-0.0002,0.0002,True,
3,AgNi,L10,101,4,-0.2914,-0.2405,-0.0514,-0.0005,0.0005,True,
4,Zn3Zr,L12,111,5,-0.3706,-0.2409,-0.1306,-0.0009,0.0009,True,
5,CdPd3,L12,111,2,-0.281,-0.2418,-0.041,-0.0018,0.0018,True,
6,Au3Ir,L12,111,4,-0.4685,-0.238,-0.2285,0.002,0.002,True,
7,CoOs3,L12,111,3,-0.2617,-0.2379,-0.0217,0.0021,0.0021,True,
8,Ag3Zr,L12,111,5,-0.2489,-0.2369,-0.0089,0.0031,0.0031,True,
9,RhTl,L10,101,4,-0.1167,-0.2364,0.1233,0.0036,0.0036,True,
10,BiY,L10,101,2,-0.2976,-0.2361,-0.0576,0.0039,0.0039,True,强亲氧Y(表面稳定性存疑);含LOEO高误差元素Bi
11,Pd3V,L12,111,5,-0.2214,-0.236,0.0186,0.004,0.004,True,
12,LaSn,L10,101,3,-0.3928,-0.235,-0.1528,0.005,0.005,True,强亲氧La(表面稳定性存疑)
13,Cd3Ti,L12,111,5,-0.2205,-0.2348,0.0195,0.0052,0.0052,True,
14,Pt3Sc,L12,111,2,-0.4235,-0.2348,-0.1835,0.0052,0.0052,True,强亲氧Sc(表面稳定性存疑)
15,Co3Ru,L12,111,6,-0.3727,-0.2453,-0.1327,-0.0053,0.0053,True,
16,Ir3Tc,L12,111,6,-0.2368,-0.2342,0.0032,0.0058,0.0058,True,含放射性Tc
17,Ag3Ti,L12,111,3,-0.2201,-0.2459,0.0199,-0.0059,0.0059,True,
18,FeZn3,L12,111,5,-0.0499,-0.2336,0.1901,0.0064,0.0064,True,含LOEO高误差元素Fe
19,CdPt3,L12,111,4,-0.3441,-0.2472,-0.1041,-0.0072,0.0072,True,
20,NbPt3,L12,111,5,-0.1323,-0.2326,0.1077,0.0074,0.0074,True,
21,RuSn,L10,101,2,-0.1517,-0.2481,0.0883,-0.0081,0.0081,True,
22,Au3W,L12,111,4,-0.3924,-0.2319,-0.1524,0.0081,0.0081,True,
23,Ag3Pt,L12,111,4,-0.2271,-0.2481,0.0129,-0.0081,0.0081,True,
24,IrRh,L10,101,7,-0.2461,-0.2484,-0.0061,-0.0084,0.0084,True,
25,Ag3Ta,L12,111,3,-0.4796,-0.2493,-0.2396,-0.0093,0.0093,True,
26,CoGa,L10,101,3,-0.2063,-0.2493,0.0337,-0.0093,0.0093,True,
27,AgPd3,L12,111,7,-0.2911,-0.2493,-0.0511,-0.0093,0.0093,True,
28,CuPd,L10,101,6,-0.2266,-0.2306,0.0134,0.0094,0.0094,True,
29,In3Os,L12,111,2,-0.4252,-0.2305,-0.1852,0.0095,0.0095,True,
30,BiMo,L10,101,2,-0.6202,-0.2501,-0.3802,-0.0101,0.0101,True,含LOEO高误差元素Bi
31,Co3Hg,L12,111,4,-0.3067,-0.2502,-0.0667,-0.0102,0.0102,True,
32,CuRh,L10,101,5,-0.3219,-0.2509,-0.0819,-0.0109,0.0109,True,
33,AgPd,L10,101,4,-0.1992,-0.2286,0.0408,0.0114,0.0114,True,
34,PbPd3,L12,111,3,-0.3146,-0.2286,-0.0746,0.0114,0.0114,True,
35,NiRh,L10,101,3,-0.2919,-0.2522,-0.0519,-0.0122,0.0122,True,
36,NiPd3,L12,111,2,-0.2528,-0.2525,-0.0128,-0.0125,0.0125,True,
37,NiPd,L10,101,3,-0.2947,-0.2526,-0.0547,-0.0126,0.0126,True,
38,Au3Re,L12,111,7,-0.4346,-0.2535,-0.1946,-0.0135,0.0135,True,
39,Ir3Ni,L12,111,5,-0.262,-0.2537,-0.022,-0.0137,0.0137,True,
40,NbSn,L10,101,3,-0.1079,-0.2263,0.1321,0.0137,0.0137,True,
41,Ag3Hf,L12,111,2,-0.2972,-0.2538,-0.0572,-0.0138,0.0138,True,
42,Ir3Rh,L12,111,8,-0.3175,-0.2543,-0.0775,-0.0143,0.0143,True,
43,CuPd3,L12,111,7,-0.226,-0.2548,0.014,-0.0148,0.0148,True,
44,Co3La,L12,111,3,-0.3811,-0.2553,-0.1411,-0.0153,0.0153,True,强亲氧La(表面稳定性存疑)
45,In3Ta,L12,111,4,-0.4106,-0.2561,-0.1706,-0.0161,0.0161,True,
46,GaPt3,L12,111,4,-0.3382,-0.2567,-0.0982,-0.0167,0.0167,True,
47,TcTl,L10,101,2,-0.3913,-0.223,-0.1513,0.017,0.017,True,含放射性Tc
48,Cu3Ni,L12,111,4,-0.1902,-0.2574,0.0498,-0.0174,0.0174,True,
49,ReTl3,L12,111,1,1.0172,-0.2575,1.2572,-0.0175,0.0175,True,
50,AgPt,L10,101,2,-0.34,-0.2215,-0.1,0.0185,0.0185,True,
51,HgRh,L10,101,3,-0.2955,-0.2214,-0.0555,0.0186,0.0186,True,
52,SnTi,L10,101,4,-0.2679,-0.2591,-0.0279,-0.0191,0.0191,True,
53,BiV,L10,101,2,-0.4717,-0.2591,-0.2317,-0.0191,0.0191,True,含LOEO高误差元素Bi
54,CrIr3,L12,111,4,-0.315,-0.2206,-0.075,0.0194,0.0194,True,
55,BiPt,L10,101,3,-0.0095,-0.2202,0.2305,0.0198,0.0198,True,含LOEO高误差元素Bi
56,Au3Mo,L12,111,5,-0.192,-0.22,0.048,0.02,0.02,True,
57,Pd,A1,111,4,-0.2897,-0.2198,-0.0497,0.0202,0.0202,True,
58,Ga3Ta,L12,111,4,-0.1912,-0.2604,0.0488,-0.0204,0.0204,True,
59,Cu3Pt,L12,111,7,-0.1581,-0.2616,0.0819,-0.0216,0.0216,True,
60,NiPt3,L12,111,4,-0.2481,-0.2624,-0.0081,-0.0224,0.0224,True,
61,CoPd3,L12,111,7,-0.2043,-0.263,0.0357,-0.023,0.023,True,
62,Ni3Ta,L12,111,3,-0.4862,-0.2639,-0.2462,-0.0239,0.0239,True,
63,AuRh,L10,101,5,-0.2424,-0.216,-0.0024,0.024,0.024,True,
64,LaNi,L10,101,5,-0.4328,-0.2642,-0.1928,-0.0242,0.0242,True,强亲氧La(表面稳定性存疑)
65,Au3Ru,L12,111,7,-0.172,-0.2648,0.068,-0.0248,0.0248,True,
66,NbTl3,L12,111,3,-0.34,-0.2151,-0.1,0.0249,0.0249,True,
67,FeZn,L10,101,4,-0.3848,-0.2659,-0.1448,-0.0259,0.0259,True,含LOEO高误差元素Fe
68,Ir3Mo,L12,111,6,-0.3286,-0.266,-0.0886,-0.026,0.026,True,
69,CuOs3,L12,111,6,-0.2489,-0.2668,-0.0089,-0.0268,0.0268,True,
70,AgRu,L10,101,4,-0.222,-0.2126,0.018,0.0274,0.0274,True,
71,Au3Tc,L12,111,6,-0.2133,-0.2123,0.0267,0.0277,0.0277,True,含放射性Tc
72,CuFe,L10,101,4,-0.4069,-0.2118,-0.1669,0.0282,0.0282,True,含LOEO高误差元素Fe
73,AgCo,L10,101,6,-0.237,-0.2685,0.003,-0.0285,0.0285,True,
74,Ir3Os,L12,111,8,-0.3044,-0.269,-0.0644,-0.029,0.029,True,
75,CrPd3,L12,111,5,-0.2257,-0.2695,0.0143,-0.0295,0.0295,True,
76,Al3W,L12,111,3,-0.0195,-0.2101,0.2205,0.0299,0.0299,True,
77,Co3Pd,L12,111,7,-0.3373,-0.2701,-0.0973,-0.0301,0.0301,True,
78,FePb,L10,101,2,0.1574,-0.2093,0.3974,0.0307,0.0307,True,含LOEO高误差元素Fe
79,CoPd,L10,101,6,-0.2472,-0.2708,-0.0072,-0.0308,0.0308,True,
80,PbRu,L10,101,2,-0.2177,-0.2084,0.0223,0.0316,0.0316,True,
81,FePt,L10,101,7,0.0791,-0.2083,0.3191,0.0317,0.0317,True,含LOEO高误差元素Fe
82,Pt3Rh,L12,111,7,-0.3091,-0.2721,-0.0691,-0.0321,0.0321,True,
83,AuNi3,L12,111,3,-0.374,-0.2077,-0.134,0.0323,0.0323,True,
84,BiSc,L10,101,1,-0.3086,-0.2725,-0.0686,-0.0325,0.0325,True,强亲氧Sc(表面稳定性存疑);含LOEO高误差元素Bi
85,Cu3Ti,L12,111,4,-0.327,-0.2728,-0.087,-0.0328,0.0328,True,
86,Os3Pt,L12,111,5,-0.2725,-0.273,-0.0325,-0.033,0.033,True,
87,Ir3Re,L12,111,7,-0.2139,-0.273,0.0261,-0.033,0.033,True,
88,IrOs,L10,101,7,-0.2035,-0.273,0.0365,-0.033,0.033,True,
89,CoIr3,L12,111,4,-0.2133,-0.2738,0.0267,-0.0338,0.0338,True,
90,IrOs3,L12,111,7,-0.2645,-0.2739,-0.0245,-0.0339,0.0339,True,
91,Pd3Ta,L12,111,4,-0.2495,-0.2739,-0.0095,-0.0339,0.0339,True,
92,CrTl,L10,101,2,-0.1442,-0.2056,0.0958,0.0344,0.0344,True,
93,AuPt,L10,101,6,-0.2475,-0.204,-0.0075,0.036,0.036,True,
94,FePd3,L12,111,2,-0.1594,-0.2039,0.0806,0.0361,0.0361,True,含LOEO高误差元素Fe
95,CuPt,L10,101,9,-0.3098,-0.2761,-0.0698,-0.0361,0.0361,True,
96,RuTl,L10,101,2,-0.3149,-0.2762,-0.0749,-0.0362,0.0362,True,
97,GaPd3,L12,111,2,-0.2287,-0.2038,0.0113,0.0362,0.0362,True,
98,ScZn3,L12,111,3,-0.1619,-0.277,0.0781,-0.037,0.037,True,强亲氧Sc(表面稳定性存疑)
99,IrMn,L10,101,4,0.1878,-0.2772,0.4278,-0.0372,0.0372,True,含LOEO高误差元素Mn
100,PdPt,L10,101,7,-0.3067,-0.2779,-0.0667,-0.0379,0.0379,True,
101,Pt3Zn,L12,111,3,-0.2581,-0.2793,-0.0181,-0.0393,0.0393,True,
102,MoPd3,L12,111,5,-0.2756,-0.2793,-0.0356,-0.0393,0.0393,True,
103,Cu3Zr,L12,111,4,-0.2858,-0.2794,-0.0458,-0.0394,0.0394,True,
104,PbV,L10,101,1,0.2873,-0.2799,0.5273,-0.0399,0.0399,True,
105,Hg3Nb,L12,111,3,-0.1928,-0.2,0.0472,0.04,0.04,True,
106,Ag3Pd,L12,111,7,0.1306,-0.1998,0.3706,0.0402,0.0402,True,
107,PtRu,L10,101,6,-0.2628,-0.2802,-0.0228,-0.0402,0.0402,True,
108,Pd3Tl,L12,111,3,-0.2902,-0.2808,-0.0502,-0.0408,0.0408,True,
109,Pb3Re,L12,111,3,-0.5564,-0.1986,-0.3164,0.0414,0.0414,True,
110,Pt3V,L12,111,5,-0.2101,-0.198,0.0299,0.042,0.042,True,
111,AlPt3,L12,111,5,-0.279,-0.2824,-0.039,-0.0424,0.0424,True,
112,HgPt,L10,101,2,-0.1538,-0.2825,0.0862,-0.0425,0.0425,True,
113,NiOs3,L12,111,4,-0.1735,-0.2837,0.0665,-0.0437,0.0437,True,
114,CuIr3,L12,111,3,-0.2682,-0.2844,-0.0282,-0.0444,0.0444,True,
115,Ir3Tl,L12,111,3,-0.4105,-0.1951,-0.1705,0.0449,0.0449,True,
116,OsPt,L10,101,5,-0.3084,-0.2851,-0.0684,-0.0451,0.0451,True,
117,Ir3Ru,L12,111,4,-0.2531,-0.2856,-0.0131,-0.0456,0.0456,True,
118,BiTi,L10,101,2,-0.1465,-0.2856,0.0935,-0.0456,0.0456,True,含LOEO高误差元素Bi
119,Ag3Cr,L12,111,5,-0.306,-0.2864,-0.066,-0.0464,0.0464,True,
120,MnRh,L10,101,4,1.351,-0.1933,1.591,0.0467,0.0467,True,含LOEO高误差元素Mn
121,Pt3Ru,L12,111,6,-0.2495,-0.2868,-0.0095,-0.0468,0.0468,True,
122,BiIr,L10,101,3,-0.4838,-0.1929,-0.2438,0.0471,0.0471,True,含LOEO高误差元素Bi
123,CoIr,L10,101,8,-0.2903,-0.2872,-0.0503,-0.0472,0.0472,True,
124,Co3In,L12,111,2,-0.441,-0.1922,-0.201,0.0478,0.0478,True,
125,CoRh,L10,101,7,-0.3272,-0.2885,-0.0872,-0.0485,0.0485,True,
126,InV,L10,101,2,-0.5329,-0.191,-0.2929,0.049,0.049,True,
127,FePt3,L12,111,2,-0.2437,-0.1908,-0.0037,0.0492,0.0492,True,含LOEO高误差元素Fe
128,Al3Sc,L12,111,2,-0.235,-0.1907,0.005,0.0493,0.0493,True,强亲氧Sc(表面稳定性存疑)
129,CrSn,L10,101,3,-0.4243,-0.2895,-0.1843,-0.0495,0.0495,True,
130,PtRh,L10,101,7,-0.2919,-0.2896,-0.0519,-0.0496,0.0496,True,
131,FeOs3,L12,111,4,-0.3028,-0.2897,-0.0628,-0.0497,0.0497,True,含LOEO高误差元素Fe
132,IrSn,L10,101,2,-0.1763,-0.1897,0.0637,0.0503,0.0503,True,
133,NbPd3,L12,111,5,-0.2134,-0.1892,0.0266,0.0508,0.0508,True,
134,Pd3Zn,L12,111,3,-0.2018,-0.2919,0.0382,-0.0519,0.0519,True,
135,GaIr3,L12,111,3,-0.2727,-0.292,-0.0327,-0.052,0.052,True,
136,Ag3Co,L12,111,6,-0.0884,-0.188,0.1516,0.052,0.052,True,
137,Fe,A1,111,3,-0.9568,-0.2923,-0.7168,-0.0523,0.0523,True,含LOEO高误差元素Fe
138,BiHf,L10,101,2,-0.2824,-0.2934,-0.0424,-0.0534,0.0534,True,含LOEO高误差元素Bi
139,Cu3Pd,L12,111,5,-0.0551,-0.1861,0.1849,0.0539,0.0539,True,
140,Cd3Zr,L12,111,5,-0.3179,-0.2944,-0.0779,-0.0544,0.0544,True,
141,CoIn,L10,101,3,-0.2371,-0.2946,0.0029,-0.0546,0.0546,True,
142,AlIr,L10,101,4,-0.4381,-0.2949,-0.1981,-0.0549,0.0549,True,
143,In3Nb,L12,111,4,-0.1775,-0.1848,0.0625,0.0552,0.0552,True,
144,Ir,A1,111,4,-0.3241,-0.2953,-0.0841,-0.0553,0.0553,True,
145,IrZn3,L12,111,4,-0.3939,-0.2955,-0.1539,-0.0555,0.0555,True,
146,IrPb,L10,101,2,-0.3866,-0.2965,-0.1466,-0.0565,0.0565,True,
147,Os3Zn,L12,111,4,-0.3198,-0.298,-0.0798,-0.058,0.058,True,
148,CoCu3,L12,111,5,-0.2801,-0.298,-0.0401,-0.058,0.058,True,
149,IrRu,L10,101,6,-0.2916,-0.2994,-0.0516,-0.0594,0.0594,True,
150,Cu3Rh,L12,111,5,-0.3278,-0.3009,-0.0878,-0.0609,0.0609,True,
151,Ni3Y,L12,111,3,-0.4083,-0.3011,-0.1683,-0.0611,0.0611,True,强亲氧Y(表面稳定性存疑)
152,GaIr,L10,101,3,-0.3816,-0.3011,-0.1416,-0.0611,0.0611,True,
153,AgRh,L10,101,6,-0.2952,-0.3012,-0.0552,-0.0612,0.0612,True,
154,PdPt3,L12,111,6,-0.2856,-0.3017,-0.0456,-0.0617,0.0617,True,
155,CoPb,L10,101,3,-0.218,-0.178,0.022,0.062,0.062,True,
156,Pt3Sn,L12,111,3,-0.3438,-0.3021,-0.1038,-0.0621,0.0621,True,
157,InRh,L10,101,2,-0.1437,-0.3026,0.0963,-0.0626,0.0626,True,
158,AuW,L10,101,5,-0.6581,-0.3028,-0.4181,-0.0628,0.0628,True,
159,OsRh3,L12,111,8,-0.3162,-0.3031,-0.0762,-0.0631,0.0631,True,
160,AlPd3,L12,111,3,-0.2357,-0.3031,0.0043,-0.0631,0.0631,True,
161,BiZr,L10,101,2,-0.1474,-0.3048,0.0926,-0.0648,0.0648,True,含LOEO高误差元素Bi
162,Cu3Sc,L12,111,4,-0.262,-0.175,-0.022,0.065,0.065,True,强亲氧Sc(表面稳定性存疑)
163,IrNi,L10,101,8,-0.2969,-0.3052,-0.0569,-0.0652,0.0652,True,
164,AlRh3,L12,111,4,-0.3472,-0.3052,-0.1072,-0.0652,0.0652,True,
165,HgPd3,L12,111,4,-0.2827,-0.1743,-0.0427,0.0657,0.0657,True,
166,CuFe3,L12,111,3,0.3254,-0.3058,0.5654,-0.0658,0.0658,True,含LOEO高误差元素Fe
167,AuRh3,L12,111,3,-0.4237,-0.3071,-0.1837,-0.0671,0.0671,True,
168,InPd3,L12,111,3,-0.2625,-0.1718,-0.0225,0.0682,0.0682,True,
169,Pb3Ru,L12,111,2,0.8688,-0.1718,1.1088,0.0682,0.0682,True,
170,AuPt3,L12,111,6,-0.2847,-0.3087,-0.0447,-0.0687,0.0687,True,
171,Co3Os,L12,111,5,-0.4306,-0.3088,-0.1906,-0.0688,0.0688,True,
172,Hg3V,L12,111,2,-0.1222,-0.3094,0.1178,-0.0694,0.0694,True,
173,HfPb3,L12,111,5,-0.2648,-0.1706,-0.0248,0.0694,0.0694,True,
174,NiOs,L10,101,8,-0.347,-0.3102,-0.107,-0.0702,0.0702,True,
175,SnTa,L10,101,2,-0.0428,-0.3104,0.1972,-0.0704,0.0704,True,
176,GaLa,L10,101,4,-0.4901,-0.311,-0.2501,-0.071,0.071,True,强亲氧La(表面稳定性存疑)
177,PbW,L10,101,1,-0.4732,-0.3117,-0.2332,-0.0717,0.0717,True,
178,Ir3Sn,L12,111,3,-0.3898,-0.3118,-0.1498,-0.0718,0.0718,True,
179,OsRh,L10,101,7,-0.3251,-0.3118,-0.0851,-0.0718,0.0718,True,
180,Os3Rh,L12,111,3,-0.1967,-0.3119,0.0433,-0.0719,0.0719,True,
181,IrPt,L10,101,10,-0.387,-0.312,-0.147,-0.072,0.072,True,
182,HgNi,L10,101,3,-0.1462,-0.3121,0.0938,-0.0721,0.0721,True,
183,CdPt,L10,101,2,-0.2507,-0.1678,-0.0107,0.0722,0.0722,True,
184,TaTl3,L12,111,2,-0.5776,-0.3122,-0.3376,-0.0722,0.0722,True,
185,Ag3V,L12,111,4,-0.282,-0.313,-0.042,-0.073,0.073,True,
186,AuRe,L10,101,1,0.9152,-0.3132,1.1552,-0.0732,0.0732,True,
187,Cu3Hf,L12,111,5,-0.3078,-0.3152,-0.0678,-0.0752,0.0752,True,
188,Pd3Rh,L12,111,8,-0.301,-0.316,-0.061,-0.076,0.076,True,
189,Ir3Zn,L12,111,4,-0.3075,-0.3161,-0.0675,-0.0761,0.0761,True,
190,Pt3Zr,L12,111,3,-0.3095,-0.3168,-0.0695,-0.0768,0.0768,True,
191,HfZn3,L12,111,5,-0.4376,-0.3168,-0.1976,-0.0768,0.0768,True,
192,Au3Pt,L12,111,5,-0.2302,-0.162,0.0098,0.078,0.078,True,
193,AgIr,L10,101,5,-0.3156,-0.3181,-0.0756,-0.0781,0.0781,True,
194,Cd3Hf,L12,111,5,-0.3676,-0.3182,-0.1276,-0.0782,0.0782,True,
195,LaRh3,L12,111,4,-0.7599,-0.3188,-0.5199,-0.0788,0.0788,True,强亲氧La(表面稳定性存疑)
196,IrLa3,L12,111,3,-0.659,-0.319,-0.419,-0.079,0.079,True,强亲氧La(表面稳定性存疑)
197,NiPt,L10,101,4,-0.2845,-0.3192,-0.0445,-0.0792,0.0792,True,
198,SnV,L10,101,2,-0.1293,-0.3193,0.1107,-0.0793,0.0793,True,
199,GaRh,L10,101,2,-0.018,-0.1604,0.222,0.0796,0.0796,True,
200,PdRh,L10,101,5,-0.3482,-0.3202,-0.1082,-0.0802,0.0802,True,
201,Ir3Pd,L12,111,4,-0.338,-0.3204,-0.098,-0.0804,0.0804,True,
202,Co3Rh,L12,111,7,-0.2856,-0.3207,-0.0456,-0.0807,0.0807,True,
203,AlMn,L10,101,4,-0.4175,-0.3211,-0.1775,-0.0811,0.0811,True,含LOEO高误差元素Mn
204,CoOs,L10,101,8,-0.373,-0.3212,-0.133,-0.0812,0.0812,True,
205,PdZn,L10,101,3,0.0239,-0.1585,0.2639,0.0815,0.0815,True,
206,Ir3Pt,L12,111,8,-0.3563,-0.3224,-0.1163,-0.0824,0.0824,True,
207,Cd3Nb,L12,111,4,-0.3963,-0.3238,-0.1563,-0.0838,0.0838,True,
208,Fe3Zn,L12,111,3,0.1812,-0.1559,0.4212,0.0841,0.0841,True,含LOEO高误差元素Fe
209,Pd3Sn,L12,111,3,-0.2572,-0.1556,-0.0172,0.0844,0.0844,True,
210,Co3Fe,L12,111,3,0.3254,-0.3245,0.5654,-0.0845,0.0845,True,含LOEO高误差元素Fe
211,Pd3Ru,L12,111,8,-0.2929,-0.3248,-0.0529,-0.0848,0.0848,True,
212,CoNi3,L12,111,3,-0.3012,-0.3251,-0.0612,-0.0851,0.0851,True,
213,Mo3Ti,L12,111,5,-1.1454,-0.3252,-0.9054,-0.0852,0.0852,True,
214,GaOs3,L12,111,3,-0.3066,-0.3253,-0.0666,-0.0853,0.0853,True,
215,YZn3,L12,111,5,-0.1502,-0.1545,0.0898,0.0855,0.0855,True,强亲氧Y(表面稳定性存疑)
216,CoPt,L10,101,6,-0.2265,-0.3262,0.0135,-0.0862,0.0862,True,
217,BiRu,L10,101,2,-0.0932,-0.1538,0.1468,0.0862,0.0862,True,含LOEO高误差元素Bi
218,Rh3Ta,L12,111,2,-0.5723,-0.3278,-0.3323,-0.0878,0.0878,True,
219,AgNi3,L12,111,4,-0.3703,-0.3279,-0.1303,-0.0879,0.0879,True,
220,CdNi,L10,101,2,-0.3147,-0.328,-0.0747,-0.088,0.088,True,
221,AgPt3,L12,111,5,-0.3025,-0.329,-0.0625,-0.089,0.089,True,
222,GaMo,L10,101,3,-0.372,-0.329,-0.132,-0.089,0.089,True,
223,FeRh,L10,101,4,1.2579,-0.3292,1.4979,-0.0892,0.0892,True,含LOEO高误差元素Fe
224,HfPt3,L12,111,3,-0.3124,-0.3298,-0.0724,-0.0898,0.0898,True,
225,Au3Rh,L12,111,6,-0.0827,-0.1496,0.1573,0.0904,0.0904,True,
226,Ag3Rh,L12,111,5,-0.2688,-0.3316,-0.0288,-0.0916,0.0916,True,
227,LaPt3,L12,111,5,-0.4477,-0.332,-0.2077,-0.092,0.092,True,强亲氧La(表面稳定性存疑)
228,MoPt3,L12,111,5,-0.1195,-0.3321,0.1205,-0.0921,0.0921,True,
229,AlCo,L10,101,3,-0.5015,-0.3325,-0.2615,-0.0925,0.0925,True,
230,Ag3Mo,L12,111,5,-0.4323,-0.3326,-0.1923,-0.0926,0.0926,True,
231,AlRh,L10,101,4,-0.2053,-0.3335,0.0347,-0.0935,0.0935,True,
232,CoCu,L10,101,4,-0.3274,-0.3343,-0.0874,-0.0943,0.0943,True,
233,AlIr3,L12,111,6,-0.2943,-0.3344,-0.0543,-0.0944,0.0944,True,
234,Cd3Rh,L12,111,3,-0.1218,-0.1455,0.1182,0.0945,0.0945,True,
235,NiZn,L10,101,2,-0.3479,-0.3348,-0.1079,-0.0948,0.0948,True,
236,NbNi3,L12,111,2,-0.37,-0.335,-0.13,-0.095,0.095,True,
237,Al3Ti,L12,111,6,-0.1583,-0.1449,0.0817,0.0951,0.0951,True,
238,Pt3Tc,L12,111,5,-0.1599,-0.336,0.0801,-0.096,0.096,True,含放射性Tc
239,PdRu,L10,101,4,-0.4009,-0.3361,-0.1609,-0.0961,0.0961,True,
240,Pb3V,L12,111,4,-0.1251,-0.1438,0.1149,0.0962,0.0962,True,
241,FeHg,L10,101,3,-0.293,-0.1433,-0.053,0.0967,0.0967,True,含LOEO高误差元素Fe
242,Os3Sn,L12,111,3,-0.4113,-0.3369,-0.1713,-0.0969,0.0969,True,
243,Pd3Pt,L12,111,8,-0.3042,-0.3372,-0.0642,-0.0972,0.0972,True,
244,NbZn3,L12,111,7,-0.4821,-0.3373,-0.2421,-0.0973,0.0973,True,
245,NiRu,L10,101,5,-0.3931,-0.3379,-0.1531,-0.0979,0.0979,True,
246,Rh,A1,111,4,-0.2843,-0.3381,-0.0443,-0.0981,0.0981,True,
247,Cd3V,L12,111,8,-0.244,-0.3387,-0.004,-0.0987,0.0987,True,
248,AuMo,L10,101,4,-0.5153,-0.3388,-0.2753,-0.0988,0.0988,True,
249,PbPt,L10,101,3,-0.2109,-0.1411,0.0291,0.0989,0.0989,True,
250,Hg3Mo,L12,111,2,-0.3752,-0.1407,-0.1352,0.0993,0.0993,True,
251,Sn3Ta,L12,111,2,0.8111,-0.1406,1.0511,0.0994,0.0994,True,
252,AuIr3,L12,111,4,-0.3477,-0.3394,-0.1077,-0.0994,0.0994,True,
253,Co3Cu,L12,111,6,-0.3832,-0.3398,-0.1432,-0.0998,0.0998,True,
254,Co3Tl,L12,111,1,1.2518,-0.3401,1.4918,-0.1001,0.1001,True,
255,PtRh3,L12,111,5,-0.337,-0.3406,-0.097,-0.1006,0.1006,True,
256,Pt3Tl,L12,111,3,-0.3654,-0.3411,-0.1254,-0.1011,0.1011,True,
257,OsPt3,L12,111,3,-0.2165,-0.3413,0.0235,-0.1013,0.1013,True,
258,Cd3Cr,L12,111,7,-0.2484,-0.3416,-0.0084,-0.1016,0.1016,True,
259,CdFe,L10,101,5,-0.3544,-0.1378,-0.1144,0.1022,0.1022,True,含LOEO高误差元素Fe
260,Cu3Fe,L12,111,4,-0.2307,-0.1374,0.0093,0.1026,0.1026,True,含LOEO高误差元素Fe
261,Co3Ni,L12,111,2,-0.3428,-0.3431,-0.1028,-0.1031,0.1031,True,
262,TiZn3,L12,111,6,-0.3385,-0.3431,-0.0985,-0.1031,0.1031,True,
263,Ag3Ni,L12,111,5,-0.0399,-0.1368,0.2001,0.1032,0.1032,True,
264,IrRh3,L12,111,3,-0.239,-0.3432,0.001,-0.1032,0.1032,True,
265,SnZr,L10,101,3,-0.33,-0.3434,-0.09,-0.1034,0.1034,True,
266,Cu3Y,L12,111,4,-0.1742,-0.1362,0.0658,0.1038,0.1038,True,强亲氧Y(表面稳定性存疑)
267,IrPd3,L12,111,5,-0.4273,-0.3439,-0.1873,-0.1039,0.1039,True,
268,CuIr,L10,101,3,-0.3817,-0.3454,-0.1417,-0.1054,0.1054,True,
269,Co3Ir,L12,111,3,-0.2723,-0.3459,-0.0323,-0.1059,0.1059,True,
270,Ga3W,L12,111,3,-0.2085,-0.3461,0.0315,-0.1061,0.1061,True,
271,Pt,A1,111,4,-0.3123,-0.3464,-0.0723,-0.1064,0.1064,True,
272,Al3Ta,L12,111,5,-0.007,-0.3465,0.233,-0.1065,0.1065,True,
273,Al3Hf,L12,111,6,-0.1796,-0.1335,0.0604,0.1065,0.1065,True,
274,Hg3Ir,L12,111,1,-0.4707,-0.3476,-0.2307,-0.1076,0.1076,True,
275,Cd3Mo,L12,111,5,-0.4066,-0.3476,-0.1666,-0.1076,0.1076,True,
276,IrPd,L10,101,6,-0.3616,-0.3477,-0.1216,-0.1077,0.1077,True,
277,IrPt3,L12,111,9,-0.4133,-0.3479,-0.1733,-0.1079,0.1079,True,
278,BiOs,L10,101,2,-0.479,-0.3479,-0.239,-0.1079,0.1079,True,含LOEO高误差元素Bi
279,Al3Zr,L12,111,6,-0.1807,-0.1318,0.0593,0.1082,0.1082,True,
280,CoHg,L10,101,3,-0.2215,-0.3483,0.0185,-0.1083,0.1083,True,
281,Tl3V,L12,111,1,1.0114,-0.1313,1.2514,0.1087,0.1087,True,
282,CuOs,L10,101,4,-0.3347,-0.3491,-0.0947,-0.1091,0.1091,True,
283,HfPd3,L12,111,6,-0.3219,-0.3501,-0.0819,-0.1101,0.1101,True,
284,Ni3Pt,L12,111,3,-0.3387,-0.3505,-0.0987,-0.1105,0.1105,True,
285,Al3Y,L12,111,7,-0.2886,-0.1291,-0.0486,0.1109,0.1109,True,强亲氧Y(表面稳定性存疑)
286,Ni3Pd,L12,111,3,-0.3763,-0.3513,-0.1363,-0.1113,0.1113,True,
287,Hg3Rh,L12,111,2,0.0435,-0.1278,0.2835,0.1122,0.1122,True,
288,PtY3,L12,111,2,-1.0487,-0.3523,-0.8087,-0.1123,0.1123,True,强亲氧Y(表面稳定性存疑)
289,CuRh3,L12,111,5,-0.412,-0.3526,-0.172,-0.1126,0.1126,True,
290,CoNi,L10,101,4,-0.3152,-0.353,-0.0752,-0.113,0.113,True,
291,OsPd,L10,101,4,-0.3659,-0.3542,-0.1259,-0.1142,0.1142,True,
292,CrHg3,L12,111,3,-0.1804,-0.1256,0.0596,0.1144,0.1144,True,
293,PbTa,L10,101,2,-0.363,-0.3545,-0.123,-0.1145,0.1145,True,
294,BiRh,L10,101,3,0.0105,-0.1253,0.2505,0.1147,0.1147,True,含LOEO高误差元素Bi
295,Pt3Ti,L12,111,7,-0.2928,-0.355,-0.0528,-0.115,0.115,True,
296,Cu3Ta,L12,111,5,-0.4375,-0.3555,-0.1975,-0.1155,0.1155,True,
297,PtZn,L10,101,2,-0.1844,-0.1242,0.0556,0.1158,0.1158,True,
298,AlRu3,L12,111,3,-0.445,-0.3561,-0.205,-0.1161,0.1161,True,
299,AgCo3,L12,111,5,-0.3658,-0.1236,-0.1258,0.1164,0.1164,True,
300,Ag3Nb,L12,111,6,-0.3712,-0.3564,-0.1312,-0.1164,0.1164,True,
301,IrNi3,L12,111,4,-0.3344,-0.3582,-0.0944,-0.1182,0.1182,True,
302,Au3Os,L12,111,2,-0.4787,-0.3585,-0.2387,-0.1185,0.1185,True,
303,Sn3W,L12,111,2,-0.3343,-0.1214,-0.0943,0.1186,0.1186,True,
304,Rh3Sn,L12,111,3,-0.4189,-0.3587,-0.1789,-0.1187,0.1187,True,
305,CdPd,L10,101,2,-0.0092,-0.1211,0.2308,0.1189,0.1189,True,
306,HgPt3,L12,111,4,-0.303,-0.3591,-0.063,-0.1191,0.1191,True,
307,PdRh3,L12,111,6,-0.3803,-0.3597,-0.1403,-0.1197,0.1197,True,
308,FeSn,L10,101,2,0.0202,-0.1197,0.2602,0.1203,0.1203,True,含LOEO高误差元素Fe
309,HfHg3,L12,111,7,-0.1994,-0.1192,0.0406,0.1208,0.1208,False,
310,Pd3Zr,L12,111,4,-0.2777,-0.3618,-0.0377,-0.1218,0.1218,False,
311,Rh3Ru,L12,111,5,-0.3246,-0.3618,-0.0846,-0.1218,0.1218,False,
312,AgIr3,L12,111,5,-0.3459,-0.3619,-0.1059,-0.1219,0.1219,False,
313,HfSn,L10,101,2,-0.37,-0.3619,-0.13,-0.1219,0.1219,False,
314,Pd3Tc,L12,111,2,-0.3018,-0.362,-0.0618,-0.122,0.122,False,含放射性Tc
315,Os3Ru,L12,111,5,-0.3224,-0.3623,-0.0824,-0.1223,0.1223,False,
316,LaNi3,L12,111,1,1.1535,-0.3625,1.3935,-0.1225,0.1225,False,强亲氧La(表面稳定性存疑)
317,Ir3W,L12,111,6,-0.2957,-0.363,-0.0557,-0.123,0.123,False,
318,Ni3Os,L12,111,2,-0.4447,-0.3631,-0.2047,-0.1231,0.1231,False,
319,NiRh3,L12,111,5,-0.3461,-0.3633,-0.1061,-0.1233,0.1233,False,
320,FeRu3,L12,111,3,-0.445,-0.3646,-0.205,-0.1246,0.1246,False,含LOEO高误差元素Fe
321,CuNi,L10,101,5,-0.338,-0.3654,-0.098,-0.1254,0.1254,False,
322,HgIr3,L12,111,3,-0.3981,-0.3654,-0.1581,-0.1254,0.1254,False,
323,OsSn,L10,101,4,-0.4719,-0.3663,-0.2319,-0.1263,0.1263,False,
324,HgNb,L10,101,4,-0.6445,-0.3667,-0.4045,-0.1267,0.1267,False,
325,CrRh,L10,101,4,-0.6005,-0.3668,-0.3605,-0.1268,0.1268,False,
326,IrZn,L10,101,4,-0.4592,-0.367,-0.2192,-0.127,0.127,False,
327,MoSn,L10,101,1,-0.3026,-0.3678,-0.0626,-0.1278,0.1278,False,
328,Cu3Nb,L12,111,5,-0.384,-0.3682,-0.144,-0.1282,0.1282,False,
329,Ag3Sc,L12,111,4,-0.0924,-0.1106,0.1476,0.1294,0.1294,False,强亲氧Sc(表面稳定性存疑)
330,AuPd,L10,101,5,-0.1261,-0.1101,0.1139,0.1299,0.1299,False,
331,IrTc,L10,101,7,-0.4565,-0.371,-0.2165,-0.131,0.131,False,含放射性Tc
332,Pd3Sc,L12,111,4,-0.462,-0.3715,-0.222,-0.1315,0.1315,False,强亲氧Sc(表面稳定性存疑)
333,Co,A1,111,3,-0.4487,-0.1083,-0.2087,0.1317,0.1317,False,
334,Pt3W,L12,111,6,-0.2933,-0.3718,-0.0533,-0.1318,0.1318,False,
335,HgRh3,L12,111,3,-0.4348,-0.3721,-0.1948,-0.1321,0.1321,False,
336,PbZr,L10,101,2,-0.4794,-0.373,-0.2394,-0.133,0.133,False,
337,Pd3Y,L12,111,5,-0.4991,-0.3731,-0.2591,-0.1331,0.1331,False,强亲氧Y(表面稳定性存疑)
338,Rh3Tl,L12,111,3,-0.4319,-0.3741,-0.1919,-0.1341,0.1341,False,
339,HfTl3,L12,111,2,-0.2527,-0.1053,-0.0127,0.1347,0.1347,False,
340,AgRh3,L12,111,2,-0.4509,-0.375,-0.2109,-0.135,0.135,False,
341,GaNi3,L12,111,3,-0.567,-0.3752,-0.327,-0.1352,0.1352,False,
342,Ni3Rh,L12,111,5,-0.3234,-0.3753,-0.0834,-0.1353,0.1353,False,
343,Ru3Sn,L12,111,4,-0.4544,-0.3755,-0.2144,-0.1355,0.1355,False,
344,Co3Pt,L12,111,5,-0.3057,-0.3755,-0.0657,-0.1355,0.1355,False,
345,MoNi3,L12,111,2,-0.4347,-0.3759,-0.1947,-0.1359,0.1359,False,
346,FeNi,L10,101,7,-0.1415,-0.1041,0.0985,0.1359,0.1359,False,含LOEO高误差元素Fe
347,OsPd3,L12,111,5,-0.4275,-0.376,-0.1875,-0.136,0.136,False,
348,Cu3Ir,L12,111,5,-0.4423,-0.3764,-0.2023,-0.1364,0.1364,False,
349,NbTl,L10,101,2,-0.5817,-0.3765,-0.3417,-0.1365,0.1365,False,
350,AgOs3,L12,111,5,-0.3817,-0.3766,-0.1417,-0.1366,0.1366,False,
351,IrRe,L10,101,6,-0.3877,-0.3771,-0.1477,-0.1371,0.1371,False,
352,InPt3,L12,111,3,-0.3557,-0.3771,-0.1157,-0.1371,0.1371,False,
353,CrPb3,L12,111,3,-0.1826,-0.1027,0.0574,0.1373,0.1373,False,
354,TlW,L10,101,1,-0.0685,-0.3778,0.1715,-0.1378,0.1378,False,
355,OsZn3,L12,111,3,-0.6151,-0.3779,-0.3751,-0.1379,0.1379,False,
356,Ag3Ir,L12,111,3,-0.5487,-0.378,-0.3087,-0.138,0.138,False,
357,NbPb,L10,101,3,-0.1337,-0.3781,0.1063,-0.1381,0.1381,False,
358,SnY,L10,101,3,-0.4271,-0.3784,-0.1871,-0.1384,0.1384,False,强亲氧Y(表面稳定性存疑)
359,CdNi3,L12,111,2,-0.4951,-0.379,-0.2551,-0.139,0.139,False,
360,PbTc,L10,101,3,-0.4321,-0.3795,-0.1921,-0.1395,0.1395,False,含放射性Tc
361,PbRu3,L12,111,3,-0.4526,-0.3795,-0.2126,-0.1395,0.1395,False,
362,IrRu3,L12,111,5,-0.3957,-0.3798,-0.1557,-0.1398,0.1398,False,
363,Ga3Os,L12,111,3,-0.315,-0.1002,-0.075,0.1398,0.1398,False,
364,InIr,L10,101,2,-0.4236,-0.3813,-0.1836,-0.1413,0.1413,False,
365,La3Pd,L12,111,3,-0.6983,-0.3814,-0.4583,-0.1414,0.1414,False,强亲氧La(表面稳定性存疑)
366,AlOs3,L12,111,4,-0.3214,-0.3814,-0.0814,-0.1414,0.1414,False,
367,HgMo,L10,101,1,0.3753,-0.3819,0.6153,-0.1419,0.1419,False,
368,FeRu,L10,101,9,-0.3862,-0.3821,-0.1462,-0.1421,0.1421,False,含LOEO高误差元素Fe
369,La3Ni,L12,111,1,-0.0649,-0.3822,0.1751,-0.1422,0.1422,False,强亲氧La(表面稳定性存疑)
370,RhRu,L10,101,5,-0.3754,-0.3824,-0.1354,-0.1424,0.1424,False,
371,BiPt3,L12,111,2,-0.2802,-0.0973,-0.0402,0.1427,0.1427,False,含LOEO高误差元素Bi
372,OsRu,L10,101,7,-0.3685,-0.3834,-0.1285,-0.1434,0.1434,False,
373,RuZn3,L12,111,1,-0.3565,-0.3835,-0.1165,-0.1435,0.1435,False,
374,Pd3W,L12,111,3,-0.3618,-0.3841,-0.1218,-0.1441,0.1441,False,
375,PtRe,L10,101,4,-0.4079,-0.3843,-0.1679,-0.1443,0.1443,False,
376,AuIr,L10,101,2,-0.2504,-0.3844,-0.0104,-0.1444,0.1444,False,
377,FeOs,L10,101,7,-0.3823,-0.3845,-0.1423,-0.1445,0.1445,False,含LOEO高误差元素Fe
378,CuRu3,L12,111,5,-0.4645,-0.3847,-0.2245,-0.1447,0.1447,False,
379,Cr3Nb,L12,111,2,-1.0583,-0.3854,-0.8183,-0.1454,0.1454,False,
380,Os,A1,111,4,-0.2585,-0.3855,-0.0185,-0.1455,0.1455,False,
381,GaRh3,L12,111,4,-0.3767,-0.3858,-0.1367,-0.1458,0.1458,False,
382,AlTc,L10,101,6,-0.5567,-0.3867,-0.3167,-0.1467,0.1467,False,含放射性Tc
383,Ir3Mn,L12,111,6,-0.3018,-0.0932,-0.0618,0.1468,0.1468,False,含LOEO高误差元素Mn
384,Cu3Mo,L12,111,4,-0.455,-0.387,-0.215,-0.147,0.147,False,
385,CdCo3,L12,111,2,-0.4687,-0.3878,-0.2287,-0.1478,0.1478,False,
386,MoZn,L10,101,5,-0.6216,-0.3878,-0.3816,-0.1478,0.1478,False,
387,RhRu3,L12,111,6,-0.437,-0.3879,-0.197,-0.1479,0.1479,False,
388,In3Ti,L12,111,5,0.1027,-0.0917,0.3427,0.1483,0.1483,False,
389,Pt3Ta,L12,111,5,-0.0894,-0.3887,0.1506,-0.1487,0.1487,False,
390,CrNb,L10,101,5,-0.8771,-0.3889,-0.6371,-0.1489,0.1489,False,
391,Ni3Sn,L12,111,3,-0.518,-0.3893,-0.278,-0.1493,0.1493,False,
392,PtRu3,L12,111,5,-0.4023,-0.3894,-0.1623,-0.1494,0.1494,False,
393,PbRh3,L12,111,2,-0.4634,-0.3897,-0.2234,-0.1497,0.1497,False,
394,RuZn,L10,101,3,-0.4849,-0.39,-0.2449,-0.15,0.15,False,
395,Pb3Ta,L12,111,4,-0.4238,-0.0894,-0.1838,0.1506,0.1506,False,
396,Al3La,L12,111,5,-0.2716,-0.089,-0.0316,0.151,0.151,False,强亲氧La(表面稳定性存疑)
397,Os3Pd,L12,111,6,-0.2917,-0.391,-0.0517,-0.151,0.151,False,
398,Au3Pd,L12,111,8,0.1715,-0.0887,0.4115,0.1513,0.1513,False,
399,NiPb,L10,101,2,-0.1361,-0.0885,0.1039,0.1515,0.1515,False,
400,Cd3Sc,L12,111,5,-0.0962,-0.0883,0.1438,0.1517,0.1517,False,强亲氧Sc(表面稳定性存疑)
401,SnTc3,L12,111,3,-0.5457,-0.3923,-0.3057,-0.1523,0.1523,False,含放射性Tc
402,IrTl,L10,101,1,-0.2955,-0.3925,-0.0555,-0.1525,0.1525,False,
403,Pt3Re,L12,111,6,-0.3615,-0.3929,-0.1215,-0.1529,0.1529,False,
404,BiNb,L10,101,2,-0.4184,-0.3942,-0.1784,-0.1542,0.1542,False,含LOEO高误差元素Bi
405,Al3Os,L12,111,3,-0.2303,-0.0857,0.0097,0.1543,0.1543,False,
406,GaRu3,L12,111,2,-0.451,-0.3943,-0.211,-0.1543,0.1543,False,
407,CdRh,L10,101,3,-0.4932,-0.3943,-0.2532,-0.1543,0.1543,False,
408,Hg3Tc,L12,111,4,-0.4845,-0.3944,-0.2445,-0.1544,0.1544,False,含放射性Tc
409,Cu3Ru,L12,111,5,-0.4284,-0.3949,-0.1884,-0.1549,0.1549,False,
410,Ag3Fe,L12,111,5,-0.0168,-0.085,0.2232,0.155,0.155,False,含LOEO高误差元素Fe
411,RhZn,L10,101,5,-0.3877,-0.3957,-0.1477,-0.1557,0.1557,False,
412,Hg3Ta,L12,111,3,-0.4207,-0.3963,-0.1807,-0.1563,0.1563,False,
413,CuRu,L10,101,6,-0.2778,-0.3965,-0.0378,-0.1565,0.1565,False,
414,Pd3Re,L12,111,6,-0.4208,-0.3966,-0.1808,-0.1566,0.1566,False,
415,CoZn3,L12,111,1,-0.0989,-0.0813,0.1411,0.1587,0.1587,False,
416,Hg3Zr,L12,111,5,-0.0648,-0.0812,0.1752,0.1588,0.1588,False,
417,HfPb,L10,101,4,-0.5425,-0.399,-0.3025,-0.159,0.159,False,
418,FeGa,L10,101,4,-0.0748,-0.399,0.1652,-0.159,0.159,False,含LOEO高误差元素Fe
419,Cd3Y,L12,111,5,-0.0997,-0.0805,0.1403,0.1595,0.1595,False,强亲氧Y(表面稳定性存疑)
420,PbPt3,L12,111,3,-0.3693,-0.3999,-0.1293,-0.1599,0.1599,False,
421,CrNi3,L12,111,1,-0.5695,-0.3999,-0.3295,-0.1599,0.1599,False,
422,CdMo,L10,101,2,-0.652,-0.4001,-0.412,-0.1601,0.1601,False,
423,MoZn3,L12,111,4,-0.4667,-0.4003,-0.2267,-0.1603,0.1603,False,
424,Bi3Nb,L12,111,2,1.0322,-0.0795,1.2722,0.1605,0.1605,False,含LOEO高误差元素Bi
425,LaPd3,L12,111,4,-0.4585,-0.4011,-0.2185,-0.1611,0.1611,False,强亲氧La(表面稳定性存疑)
426,PdRe,L10,101,3,-0.5347,-0.4012,-0.2947,-0.1612,0.1612,False,
427,In3Re,L12,111,3,-0.4833,-0.4014,-0.2433,-0.1614,0.1614,False,
428,NiTl3,L12,111,1,0.8749,-0.0783,1.1149,0.1617,0.1617,False,
429,Co3Sn,L12,111,1,0.8214,-0.402,1.0614,-0.162,0.162,False,
430,CoZn,L10,101,4,-0.2861,-0.4022,-0.0461,-0.1622,0.1622,False,
431,PtTc,L10,101,7,-0.3179,-0.4024,-0.0779,-0.1624,0.1624,False,含放射性Tc
432,Ru3Tl,L12,111,3,-0.4496,-0.4025,-0.2096,-0.1625,0.1625,False,
433,FeNi3,L12,111,2,-0.2996,-0.0775,-0.0596,0.1625,0.1625,False,含LOEO高误差元素Fe
434,InMo,L10,101,3,-0.3793,-0.4026,-0.1393,-0.1626,0.1626,False,
435,CdRh3,L12,111,3,-0.4271,-0.403,-0.1871,-0.163,0.163,False,
436,IrPb3,L12,111,2,-0.377,-0.0753,-0.137,0.1647,0.1647,False,
437,GaW,L10,101,3,-0.512,-0.4052,-0.272,-0.1652,0.1652,False,
438,Co3Zn,L12,111,2,-0.5095,-0.4054,-0.2695,-0.1654,0.1654,False,
439,Os3Re,L12,111,3,-0.3754,-0.4057,-0.1354,-0.1657,0.1657,False,
440,LaZn3,L12,111,5,-0.0141,-0.074,0.2259,0.166,0.166,False,强亲氧La(表面稳定性存疑)
441,Cu,A1,111,4,-0.0536,-0.0739,0.1864,0.1661,0.1661,False,
442,Rh3Zn,L12,111,3,-0.3835,-0.407,-0.1435,-0.167,0.167,False,
443,AgOs,L10,101,4,0.2189,-0.4072,0.4589,-0.1672,0.1672,False,
444,Ni3Ru,L12,111,1,-0.3479,-0.4073,-0.1079,-0.1673,0.1673,False,
445,Bi3Pt,L12,111,2,0.9924,-0.0725,1.2324,0.1675,0.1675,False,含LOEO高误差元素Bi
446,Hg3Ru,L12,111,2,-0.3706,-0.4077,-0.1306,-0.1677,0.1677,False,
447,Os3Pb,L12,111,2,-0.3658,-0.4082,-0.1258,-0.1682,0.1682,False,
448,Au3Hf,L12,111,5,-0.0853,-0.0715,0.1547,0.1685,0.1685,False,
449,Ru3Zn,L12,111,3,-0.4611,-0.4092,-0.2211,-0.1692,0.1692,False,
450,Au3Ta,L12,111,4,-0.3479,-0.07,-0.1079,0.17,0.17,False,
451,Cu3V,L12,111,4,-0.382,-0.4111,-0.142,-0.1711,0.1711,False,
452,Ir3Pb,L12,111,3,-0.4035,-0.4116,-0.1635,-0.1716,0.1716,False,
453,AlRu,L10,101,5,-0.4789,-0.4119,-0.2389,-0.1719,0.1719,False,
454,CuNi3,L12,111,3,-0.383,-0.4122,-0.143,-0.1722,0.1722,False,
455,Au3Co,L12,111,7,0.1451,-0.0678,0.3851,0.1722,0.1722,False,
456,Ni3Sc,L12,111,4,-0.6415,-0.4128,-0.4015,-0.1728,0.1728,False,强亲氧Sc(表面稳定性存疑)
457,CoRu,L10,101,6,-0.4109,-0.413,-0.1709,-0.173,0.173,False,
458,Ir3Nb,L12,111,6,-0.4702,-0.4134,-0.2302,-0.1734,0.1734,False,
459,LaPt,L10,101,2,-0.2077,-0.4144,0.0323,-0.1744,0.1744,False,强亲氧La(表面稳定性存疑)
460,FeIr3,L12,111,3,-0.2624,-0.0651,-0.0224,0.1749,0.1749,False,含LOEO高误差元素Fe
461,InRh3,L12,111,3,-0.4134,-0.415,-0.1734,-0.175,0.175,False,
462,PdRu3,L12,111,4,-0.4157,-0.4152,-0.1757,-0.1752,0.1752,False,
463,Co3Re,L12,111,5,-0.4667,-0.4152,-0.2267,-0.1752,0.1752,False,
464,AgRu3,L12,111,2,-0.4306,-0.417,-0.1906,-0.177,0.177,False,
465,Ir3V,L12,111,6,-0.4171,-0.4174,-0.1771,-0.1774,0.1774,False,
466,InPt,L10,101,3,0.0569,-0.0625,0.2969,0.1775,0.1775,False,
467,InOs3,L12,111,3,-0.4874,-0.4178,-0.2474,-0.1778,0.1778,False,
468,CrGa,L10,101,3,-0.3052,-0.4181,-0.0652,-0.1781,0.1781,False,
469,Ni3Pb,L12,111,1,-0.4664,-0.4186,-0.2264,-0.1786,0.1786,False,
470,In3Tc,L12,111,5,-0.1725,-0.0613,0.0675,0.1787,0.1787,False,含放射性Tc
471,Al3Nb,L12,111,5,0.0358,-0.0602,0.2758,0.1798,0.1798,False,
472,TcZn3,L12,111,5,-0.4258,-0.42,-0.1858,-0.18,0.18,False,含放射性Tc
473,HgRu3,L12,111,3,-0.4324,-0.4203,-0.1924,-0.1803,0.1803,False,
474,InIr3,L12,111,4,-0.4111,-0.4205,-0.1711,-0.1805,0.1805,False,
475,Rh3Tc,L12,111,2,-0.3736,-0.4206,-0.1336,-0.1806,0.1806,False,含放射性Tc
476,AlW,L10,101,4,-0.7872,-0.421,-0.5472,-0.181,0.181,False,
477,CdIr3,L12,111,4,-0.431,-0.4232,-0.191,-0.1832,0.1832,False,
478,Au3Nb,L12,111,5,-0.093,-0.0568,0.147,0.1832,0.1832,False,
479,Ag3Y,L12,111,5,-0.0326,-0.0562,0.2074,0.1838,0.1838,False,强亲氧Y(表面稳定性存疑)
480,OsRu3,L12,111,4,-0.4004,-0.4239,-0.1604,-0.1839,0.1839,False,
481,Pb3Ti,L12,111,4,-0.0336,-0.0542,0.2064,0.1858,0.1858,False,
482,AgTc,L10,101,2,-0.4841,-0.4268,-0.2441,-0.1868,0.1868,False,含放射性Tc
483,GaOs,L10,101,3,-0.5129,-0.4277,-0.2729,-0.1877,0.1877,False,
484,InRu3,L12,111,3,-0.4733,-0.4291,-0.2333,-0.1891,0.1891,False,
485,CdRu3,L12,111,2,-0.4829,-0.4291,-0.2429,-0.1891,0.1891,False,
486,GaV,L10,101,3,-0.4727,-0.4293,-0.2327,-0.1893,0.1893,False,
487,VZn3,L12,111,3,-0.3861,-0.4294,-0.1461,-0.1894,0.1894,False,
488,CrCu3,L12,111,3,-0.418,-0.4298,-0.178,-0.1898,0.1898,False,
489,NiPb3,L12,111,2,0.0346,-0.0502,0.2746,0.1898,0.1898,False,
490,AlNi3,L12,111,3,-0.5874,-0.4299,-0.3474,-0.1899,0.1899,False,
491,CrRh3,L12,111,3,-0.4214,-0.4299,-0.1814,-0.1899,0.1899,False,
492,CrZn3,L12,111,7,-0.3669,-0.4313,-0.1269,-0.1913,0.1913,False,
493,TlY,L10,101,4,-0.5402,-0.432,-0.3002,-0.192,0.192,False,强亲氧Y(表面稳定性存疑)
494,In3W,L12,111,4,-0.482,-0.4322,-0.242,-0.1922,0.1922,False,
495,Pt3Y,L12,111,5,-0.4619,-0.4322,-0.2219,-0.1922,0.1922,False,强亲氧Y(表面稳定性存疑)
496,AlFe,L10,101,6,-0.449,-0.4324,-0.209,-0.1924,0.1924,False,含LOEO高误差元素Fe
497,AuCo3,L12,111,4,-0.3105,-0.0475,-0.0705,0.1925,0.1925,False,
498,Ir3Ta,L12,111,6,-0.4662,-0.4332,-0.2262,-0.1932,0.1932,False,
499,Au3Ni,L12,111,2,0.1124,-0.045,0.3524,0.195,0.195,False,
500,SnTc,L10,101,4,-0.2451,-0.4351,-0.0051,-0.1951,0.1951,False,含放射性Tc
501,TiTl3,L12,111,2,-0.088,-0.0446,0.152,0.1954,0.1954,False,
502,Ni3Tc,L12,111,2,-0.4093,-0.4357,-0.1693,-0.1957,0.1957,False,含放射性Tc
503,CdOs3,L12,111,5,-0.4643,-0.436,-0.2243,-0.196,0.196,False,
504,CdRu,L10,101,2,-0.278,-0.4368,-0.038,-0.1968,0.1968,False,
505,Al3Ru,L12,111,3,0.0368,-0.043,0.2768,0.197,0.197,False,
506,Pb3Zr,L12,111,4,-0.0798,-0.0428,0.1602,0.1972,0.1972,False,
507,OsSn3,L12,111,3,-0.347,-0.0423,-0.107,0.1977,0.1977,False,
508,BiRu3,L12,111,2,-0.4874,-0.4379,-0.2474,-0.1979,0.1979,False,含LOEO高误差元素Bi
509,MnOs3,L12,111,5,-0.3603,-0.438,-0.1203,-0.198,0.198,False,含LOEO高误差元素Mn
510,ReRh,L10,101,6,-0.5129,-0.4381,-0.2729,-0.1981,0.1981,False,
511,Ag3Ru,L12,111,5,-0.3949,-0.4383,-0.1549,-0.1983,0.1983,False,
512,GaRe,L10,101,2,-0.1763,-0.44,0.0637,-0.2,0.2,False,
513,Ni3Re,L12,111,4,-0.4745,-0.4407,-0.2345,-0.2007,0.2007,False,
514,Cd3Ru,L12,111,3,-0.427,-0.4407,-0.187,-0.2007,0.2007,False,
515,AlLa,L10,101,3,-0.6369,-0.4408,-0.3969,-0.2008,0.2008,False,强亲氧La(表面稳定性存疑)
516,ReRh3,L12,111,6,-0.3642,-0.441,-0.1242,-0.201,0.201,False,
517,OsPb,L10,101,4,-0.5506,-0.441,-0.3106,-0.201,0.201,False,
518,Sn3V,L12,111,3,0.0268,-0.039,0.2668,0.201,0.201,False,
519,NbPb3,L12,111,5,-0.1998,-0.0388,0.0402,0.2012,0.2012,False,
520,CrLa,L10,101,3,-0.7592,-0.4416,-0.5192,-0.2016,0.2016,False,强亲氧La(表面稳定性存疑)
521,GaTc,L10,101,4,-0.4427,-0.4421,-0.2027,-0.2021,0.2021,False,含放射性Tc
522,PtSn,L10,101,3,0.0905,-0.0364,0.3305,0.2036,0.2036,False,
523,In3Zr,L12,111,5,0.1153,-0.0352,0.3553,0.2048,0.2048,False,
524,AlPt,L10,101,4,0.1566,-0.0339,0.3966,0.2061,0.2061,False,
525,AgCu,L10,101,8,0.052,-0.0328,0.292,0.2072,0.2072,False,
526,Cd3Co,L12,111,2,-0.0123,-0.0328,0.2277,0.2072,0.2072,False,
527,Cu3Os,L12,111,4,-0.5755,-0.4476,-0.3355,-0.2076,0.2076,False,
528,Cd3La,L12,111,5,-0.001,-0.0304,0.239,0.2096,0.2096,False,强亲氧La(表面稳定性存疑)
529,CuTc,L10,101,5,-0.4819,-0.4497,-0.2419,-0.2097,0.2097,False,含放射性Tc
530,BiRh3,L12,111,2,-0.4264,-0.4497,-0.1864,-0.2097,0.2097,False,含LOEO高误差元素Bi
531,PtW,L10,101,4,-0.5967,-0.4499,-0.3567,-0.2099,0.2099,False,
532,LaPb,L10,101,3,-0.4513,-0.4507,-0.2113,-0.2107,0.2107,False,强亲氧La(表面稳定性存疑)
533,Cu3Mn,L12,111,3,-0.1645,-0.0276,0.0755,0.2124,0.2124,False,含LOEO高误差元素Mn
534,OsPb3,L12,111,1,-0.5384,-0.0263,-0.2984,0.2137,0.2137,False,
535,NiY,L10,101,3,-0.5897,-0.4551,-0.3497,-0.2151,0.2151,False,强亲氧Y(表面稳定性存疑)
536,Co3Tc,L12,111,4,-0.441,-0.4554,-0.201,-0.2154,0.2154,False,含放射性Tc
537,Ni3V,L12,111,3,-0.3815,-0.4558,-0.1415,-0.2158,0.2158,False,
538,Mo3Sc,L12,111,4,-1.076,-0.4559,-0.836,-0.2159,0.2159,False,强亲氧Sc(表面稳定性存疑)
539,MnPt3,L12,111,3,-0.3016,-0.0226,-0.0616,0.2174,0.2174,False,含LOEO高误差元素Mn
540,Re,A1,111,4,-0.512,-0.4579,-0.272,-0.2179,0.2179,False,
541,Pd3Ti,L12,111,3,-0.2846,-0.4582,-0.0446,-0.2182,0.2182,False,
542,Au3V,L12,111,4,-0.0112,-0.0217,0.2288,0.2183,0.2183,False,
543,InRu,L10,101,3,-0.3647,-0.4584,-0.1247,-0.2184,0.2184,False,
544,RhZn3,L12,111,2,-0.0467,-0.0198,0.1933,0.2202,0.2202,False,
545,Mo3Zr,L12,111,2,-0.5231,-0.0198,-0.2831,0.2202,0.2202,False,
546,Ag3Os,L12,111,5,-0.6063,-0.4607,-0.3663,-0.2207,0.2207,False,
547,FePd,L10,101,5,0.0372,-0.0193,0.2772,0.2207,0.2207,False,含LOEO高误差元素Fe
548,InLa,L10,101,6,-0.3406,-0.4611,-0.1006,-0.2211,0.2211,False,强亲氧La(表面稳定性存疑)
549,ReSn,L10,101,3,-0.4978,-0.4611,-0.2578,-0.2211,0.2211,False,
550,LaTl,L10,101,3,-0.4132,-0.4618,-0.1732,-0.2218,0.2218,False,强亲氧La(表面稳定性存疑)
551,Ni3Tl,L12,111,3,-0.4728,-0.0169,-0.2328,0.2231,0.2231,False,
552,Hg3Os,L12,111,3,-0.7874,-0.4639,-0.5474,-0.2239,0.2239,False,
553,LaPd,L10,101,6,-0.3075,-0.4643,-0.0675,-0.2243,0.2243,False,强亲氧La(表面稳定性存疑)
554,Cu3Tc,L12,111,4,-0.4786,-0.4644,-0.2386,-0.2244,0.2244,False,含放射性Tc
555,ScSn,L10,101,3,-0.3894,-0.4645,-0.1494,-0.2245,0.2245,False,强亲氧Sc(表面稳定性存疑)
556,La3Rh,L12,111,2,-0.6802,-0.4655,-0.4402,-0.2255,0.2255,False,强亲氧La(表面稳定性存疑)
557,MnRu3,L12,111,3,-0.3961,-0.4657,-0.1561,-0.2257,0.2257,False,含LOEO高误差元素Mn
558,PbY,L10,101,4,-0.5151,-0.4659,-0.2751,-0.2259,0.2259,False,强亲氧Y(表面稳定性存疑)
559,AlMo,L10,101,3,-0.509,-0.4661,-0.269,-0.2261,0.2261,False,
560,CdLa,L10,101,4,-0.5019,-0.4674,-0.2619,-0.2274,0.2274,False,强亲氧La(表面稳定性存疑)
561,CdIr,L10,101,3,-0.4417,-0.4676,-0.2017,-0.2276,0.2276,False,
562,TaZn3,L12,111,3,-0.5541,-0.468,-0.3141,-0.228,0.228,False,
563,Au3Ti,L12,111,6,0.0825,-0.0117,0.3225,0.2283,0.2283,False,
564,Ni3Zr,L12,111,4,-0.4759,-0.4691,-0.2359,-0.2291,0.2291,False,
565,HfNi3,L12,111,4,-0.4244,-0.4693,-0.1844,-0.2293,0.2293,False,
566,Co3Mo,L12,111,3,-0.5249,-0.4695,-0.2849,-0.2295,0.2295,False,
567,AuLa,L10,101,3,-0.4661,-0.4696,-0.2261,-0.2296,0.2296,False,强亲氧La(表面稳定性存疑)
568,InTc,L10,101,4,-0.4849,-0.4698,-0.2449,-0.2298,0.2298,False,含放射性Tc
569,AlFe3,L12,111,3,-0.5357,-0.4699,-0.2957,-0.2299,0.2299,False,含LOEO高误差元素Fe
570,Ag3Tc,L12,111,5,-0.4454,-0.4708,-0.2054,-0.2308,0.2308,False,含放射性Tc
571,Al3Tc,L12,111,2,0.1656,-0.0084,0.4056,0.2316,0.2316,False,含放射性Tc
572,InOs,L10,101,3,-0.6412,-0.4717,-0.4012,-0.2317,0.2317,False,
573,PdY,L10,101,3,-0.5594,-0.4723,-0.3194,-0.2323,0.2323,False,强亲氧Y(表面稳定性存疑)
574,Cd3Ta,L12,111,5,-0.4813,-0.4724,-0.2413,-0.2324,0.2324,False,
575,BiTc,L10,101,2,-0.3105,-0.4728,-0.0705,-0.2328,0.2328,False,含放射性Tc;含LOEO高误差元素Bi
576,Hg3Ti,L12,111,6,0.0201,-0.007,0.2601,0.233,0.233,False,
577,Au,A1,111,4,0.3224,-0.0061,0.5624,0.2339,0.2339,False,
578,AlV,L10,101,5,-0.6535,-0.4744,-0.4135,-0.2344,0.2344,False,
579,GaNb,L10,101,5,-0.4788,-0.4752,-0.2388,-0.2352,0.2352,False,
580,TcZn,L10,101,4,-0.4135,-0.4766,-0.1735,-0.2366,0.2366,False,含放射性Tc
581,AlOs,L10,101,4,-0.4702,-0.4767,-0.2302,-0.2367,0.2367,False,
582,InY,L10,101,5,-0.5241,-0.4768,-0.2841,-0.2368,0.2368,False,强亲氧Y(表面稳定性存疑)
583,Ru,A1,111,4,-0.4112,-0.4773,-0.1712,-0.2373,0.2373,False,
584,GaY,L10,101,3,-0.4915,-0.4789,-0.2515,-0.2389,0.2389,False,强亲氧Y(表面稳定性存疑)
585,Al3Mo,L12,111,4,0.1473,-0.0009,0.3873,0.2391,0.2391,False,
586,Ag3La,L12,111,8,0.0407,-0.0004,0.2807,0.2396,0.2396,False,强亲氧La(表面稳定性存疑)
587,Ni3Zn,L12,111,3,-0.5049,-0.4797,-0.2649,-0.2397,0.2397,False,
588,HgPd,L10,101,3,0.1363,-1e-04,0.3763,0.2399,0.2399,False,
589,WY,L10,101,6,-0.9324,-0.4802,-0.6924,-0.2402,0.2402,False,强亲氧Y(表面稳定性存疑)
590,Os3Tc,L12,111,5,-0.4098,-0.4824,-0.1698,-0.2424,0.2424,False,含放射性Tc
591,AlCr,L10,101,3,-0.5565,-0.4826,-0.3165,-0.2426,0.2426,False,
592,Cd3Pt,L12,111,2,0.6438,0.0028,0.8838,0.2428,0.2428,False,
593,FeRh3,L12,111,3,-0.3234,0.0035,-0.0834,0.2435,0.2435,False,含LOEO高误差元素Fe
594,LaRh,L10,101,4,-0.7462,-0.4835,-0.5062,-0.2435,0.2435,False,强亲氧La(表面稳定性存疑)
595,Au3Cr,L12,111,4,-0.0565,0.0041,0.1835,0.2441,0.2441,False,
596,AlTa,L10,101,4,-0.6545,-0.4847,-0.4145,-0.2447,0.2447,False,
597,AuPd3,L12,111,8,-0.3155,0.0056,-0.0755,0.2456,0.2456,False,
598,PdTc,L10,101,5,-0.5313,-0.4858,-0.2913,-0.2458,0.2458,False,含放射性Tc
599,Co3Pb,L12,111,1,-0.341,0.0062,-0.101,0.2462,0.2462,False,
600,PtTl,L10,101,1,-0.1295,0.0071,0.1105,0.2471,0.2471,False,
601,Rh3W,L12,111,4,-0.4516,-0.4882,-0.2116,-0.2482,0.2482,False,
602,InNi,L10,101,6,-0.05,0.0091,0.19,0.2491,0.2491,False,
603,OsZn,L10,101,6,-0.3317,-0.4894,-0.0917,-0.2494,0.2494,False,
604,In3Ru,L12,111,2,-0.0759,0.0096,0.1641,0.2496,0.2496,False,
605,AuRu3,L12,111,3,-0.3909,0.0104,-0.1509,0.2504,0.2504,False,
606,CuRe,L10,101,5,-0.6353,-0.4915,-0.3953,-0.2515,0.2515,False,
607,MoRh3,L12,111,4,-0.4605,-0.4916,-0.2205,-0.2516,0.2516,False,
608,CdCu3,L12,111,5,0.0317,0.0143,0.2717,0.2543,0.2543,False,
609,GaRe3,L12,111,3,-0.5276,-0.4951,-0.2876,-0.2551,0.2551,False,
610,Ga3Tc,L12,111,6,0.0278,0.0152,0.2678,0.2552,0.2552,False,含放射性Tc
611,RhSn,L10,101,2,0.2076,0.0161,0.4476,0.2561,0.2561,False,
612,PbTc3,L12,111,2,-0.5291,-0.497,-0.2891,-0.257,0.257,False,含放射性Tc
613,BiRe,L10,101,4,-0.8046,-0.4971,-0.5646,-0.2571,0.2571,False,含LOEO高误差元素Bi
614,LaZn,L10,101,4,-0.4459,-0.4973,-0.2059,-0.2573,0.2573,False,强亲氧La(表面稳定性存疑)
615,TiTl,L10,101,3,-0.5017,-0.4974,-0.2617,-0.2574,0.2574,False,
616,AgCu3,L12,111,9,-0.0538,0.0193,0.1862,0.2593,0.2593,False,
617,Au3Zr,L12,111,7,0.0689,0.0195,0.3089,0.2595,0.2595,False,
618,PbTi,L10,101,3,-0.3925,-0.5007,-0.1525,-0.2607,0.2607,False,
619,PbSc,L10,101,3,-0.4584,-0.5009,-0.2184,-0.2609,0.2609,False,强亲氧Sc(表面稳定性存疑)
620,InNb,L10,101,4,-0.5868,-0.5021,-0.3468,-0.2621,0.2621,False,
621,In3V,L12,111,3,-0.0649,0.0228,0.1751,0.2628,0.2628,False,
622,Mn3Os,L12,111,3,-0.6139,-0.5031,-0.3739,-0.2631,0.2631,False,含LOEO高误差元素Mn
623,Ru3Tc,L12,111,2,-0.4969,-0.5031,-0.2569,-0.2631,0.2631,False,含放射性Tc
624,PbRh,L10,101,2,0.0338,0.0231,0.2738,0.2631,0.2631,False,
625,GaNi,L10,101,3,0.0841,0.0234,0.3241,0.2634,0.2634,False,
626,ReRu3,L12,111,6,-0.5005,-0.504,-0.2605,-0.264,0.264,False,
627,Au3La,L12,111,5,0.2112,0.0242,0.4512,0.2642,0.2642,False,强亲氧La(表面稳定性存疑)
628,Al3V,L12,111,2,-0.0197,0.025,0.2203,0.265,0.265,False,
629,Os3W,L12,111,4,-0.4706,-0.5061,-0.2306,-0.2661,0.2661,False,
630,Co3W,L12,111,3,-0.5426,-0.5063,-0.3026,-0.2663,0.2663,False,
631,InW,L10,101,2,-0.5537,-0.5077,-0.3137,-0.2677,0.2677,False,
632,AuNi,L10,101,5,-0.176,0.0279,0.064,0.2679,0.2679,False,
633,NiRe,L10,101,5,-0.5273,-0.5086,-0.2873,-0.2686,0.2686,False,
634,Re3Sn,L12,111,3,-0.5122,-0.5087,-0.2722,-0.2687,0.2687,False,
635,CrOs3,L12,111,4,-0.4492,-0.5088,-0.2092,-0.2688,0.2688,False,
636,AlCo3,L12,111,1,-0.542,-0.5093,-0.302,-0.2693,0.2693,False,
637,Tl3Zr,L12,111,2,-0.0856,0.0301,0.1544,0.2701,0.2701,False,
638,FeHg3,L12,111,1,0.2407,0.031,0.4807,0.271,0.271,False,含LOEO高误差元素Fe
639,Rh3V,L12,111,4,-0.5,-0.5111,-0.26,-0.2711,0.2711,False,
640,FeRe3,L12,111,4,-0.5837,-0.5119,-0.3437,-0.2719,0.2719,False,含LOEO高误差元素Fe
641,HgLa,L10,101,2,-0.4622,-0.5145,-0.2222,-0.2745,0.2745,False,强亲氧La(表面稳定性存疑)
642,Al3Fe,L12,111,4,0.1905,0.0349,0.4305,0.2749,0.2749,False,含LOEO高误差元素Fe
643,MnZn3,L12,111,5,0.0107,0.0352,0.2507,0.2752,0.2752,False,含LOEO高误差元素Mn
644,CrPb,L10,101,3,-1.014,0.0354,-0.774,0.2754,0.2754,False,
645,CoRe,L10,101,6,-0.5379,-0.5158,-0.2979,-0.2758,0.2758,False,
646,RhTc,L10,101,5,-0.5373,-0.5158,-0.2973,-0.2758,0.2758,False,含放射性Tc
647,Al3Re,L12,111,3,-0.0858,0.0363,0.1542,0.2763,0.2763,False,
648,Ir3Ti,L12,111,6,-0.5301,-0.5167,-0.2901,-0.2767,0.2767,False,
649,CrZn,L10,101,3,-0.6304,-0.5169,-0.3904,-0.2769,0.2769,False,
650,Bi3W,L12,111,3,-0.9787,0.0376,-0.7387,0.2776,0.2776,False,含LOEO高误差元素Bi
651,MoPt,L10,101,4,-0.4703,-0.518,-0.2303,-0.278,0.278,False,
652,OsRe,L10,101,5,-0.4548,-0.5189,-0.2148,-0.2789,0.2789,False,
653,Cd3Os,L12,111,2,-0.7577,-0.519,-0.5177,-0.279,0.279,False,
654,MnRu,L10,101,6,-0.2137,-0.52,0.0263,-0.28,0.28,False,含LOEO高误差元素Mn
655,GaHf,L10,101,4,-0.5682,-0.5201,-0.3282,-0.2801,0.2801,False,
656,OsTc,L10,101,7,-0.5086,-0.5216,-0.2686,-0.2816,0.2816,False,含放射性Tc
657,CrGa3,L12,111,3,0.5946,0.0417,0.8346,0.2817,0.2817,False,
658,TcY,L10,101,3,-0.866,-0.5222,-0.626,-0.2822,0.2822,False,含放射性Tc;强亲氧Y(表面稳定性存疑)
659,ReZn3,L12,111,2,-0.7,-0.5224,-0.46,-0.2824,0.2824,False,
660,PdW,L10,101,3,-0.657,-0.5227,-0.417,-0.2827,0.2827,False,
661,InNi3,L12,111,3,-0.5472,-0.523,-0.3072,-0.283,0.283,False,
662,Ni3Ti,L12,111,2,-0.4873,-0.5242,-0.2473,-0.2842,0.2842,False,
663,FeSn3,L12,111,1,1.0285,0.0461,1.2685,0.2861,0.2861,False,含LOEO高误差元素Fe
664,TaTl,L10,101,2,-0.6807,-0.5266,-0.4407,-0.2866,0.2866,False,
665,AuCo,L10,101,6,-0.0712,0.0476,0.1688,0.2876,0.2876,False,
666,Al3Cr,L12,111,6,0.0508,0.0477,0.2908,0.2877,0.2877,False,
667,InZr,L10,101,3,-0.5973,-0.529,-0.3573,-0.289,0.289,False,
668,AlCu3,L12,111,5,-0.0413,0.0494,0.1987,0.2894,0.2894,False,
669,AgLa,L10,101,5,-0.5577,-0.5303,-0.3177,-0.2903,0.2903,False,强亲氧La(表面稳定性存疑)
670,Ir3Sc,L12,111,4,-0.5486,-0.5315,-0.3086,-0.2915,0.2915,False,强亲氧Sc(表面稳定性存疑)
671,ScTl,L10,101,3,-0.501,-0.532,-0.261,-0.292,0.292,False,强亲氧Sc(表面稳定性存疑)
672,ScTl3,L12,111,3,0.1861,0.052,0.4261,0.292,0.292,False,强亲氧Sc(表面稳定性存疑)
673,CoSn,L10,101,4,0.0906,0.0527,0.3306,0.2927,0.2927,False,
674,GaSc,L10,101,5,-0.4939,-0.5342,-0.2539,-0.2942,0.2942,False,强亲氧Sc(表面稳定性存疑)
675,Cd3Ir,L12,111,5,-0.5294,0.0543,-0.2894,0.2943,0.2943,False,
676,ReSn3,L12,111,1,-0.3792,0.0543,-0.1392,0.2943,0.2943,False,
677,CrRu3,L12,111,3,-0.5109,-0.5344,-0.2709,-0.2944,0.2944,False,
678,AgFe,L10,101,7,-0.3071,0.0557,-0.0671,0.2957,0.2957,False,含LOEO高误差元素Fe
679,ReZn,L10,101,4,-0.6298,-0.5364,-0.3898,-0.2964,0.2964,False,
680,CrPt,L10,101,5,-0.4321,-0.5379,-0.1921,-0.2979,0.2979,False,
681,CrIn3,L12,111,5,-0.0967,0.0584,0.1433,0.2984,0.2984,False,
682,WZn,L10,101,4,-0.7704,-0.5387,-0.5304,-0.2987,0.2987,False,
683,NbRu3,L12,111,3,-0.6157,-0.5389,-0.3757,-0.2989,0.2989,False,
684,LaTl3,L12,111,5,0.2454,0.0595,0.4854,0.2995,0.2995,False,强亲氧La(表面稳定性存疑)
685,ReRu,L10,101,8,-0.5409,-0.5405,-0.3009,-0.3005,0.3005,False,
686,Ga3Mo,L12,111,3,0.047,0.0605,0.287,0.3005,0.3005,False,
687,Fe3La,L12,111,4,-0.3569,-0.5405,-0.1169,-0.3005,0.3005,False,强亲氧La(表面稳定性存疑);含LOEO高误差元素Fe
688,Cd3Fe,L12,111,5,0.1128,0.0612,0.3528,0.3012,0.3012,False,含LOEO高误差元素Fe
689,Ag3Re,L12,111,5,-0.6348,-0.5425,-0.3948,-0.3025,0.3025,False,
690,Cu3Zn,L12,111,6,-0.0336,0.063,0.2064,0.303,0.303,False,
691,CuLa,L10,101,4,-0.4418,-0.5434,-0.2018,-0.3034,0.3034,False,强亲氧La(表面稳定性存疑)
692,Hg3La,L12,111,6,0.1817,0.0637,0.4217,0.3037,0.3037,False,强亲氧La(表面稳定性存疑)
693,GaTc3,L12,111,2,-0.5397,-0.5451,-0.2997,-0.3051,0.3051,False,含放射性Tc
694,Os3Ti,L12,111,3,-0.5683,-0.5454,-0.3283,-0.3054,0.3054,False,
695,LaRe,L10,101,3,-0.8503,-0.5462,-0.6103,-0.3062,0.3062,False,强亲氧La(表面稳定性存疑)
696,NbRh3,L12,111,4,-0.575,-0.5462,-0.335,-0.3062,0.3062,False,
697,Cd3Tc,L12,111,1,-0.4756,-0.5469,-0.2356,-0.3069,0.3069,False,含放射性Tc
698,Hg3Re,L12,111,1,-0.8287,-0.547,-0.5887,-0.307,0.307,False,
699,Fe3Y,L12,111,5,-0.3136,-0.5481,-0.0736,-0.3081,0.3081,False,强亲氧Y(表面稳定性存疑);含LOEO高误差元素Fe
700,InSc,L10,101,4,-0.5583,-0.5482,-0.3183,-0.3082,0.3082,False,强亲氧Sc(表面稳定性存疑)
701,HfIn3,L12,111,3,-0.0743,0.0683,0.1657,0.3083,0.3083,False,
702,RuTc,L10,101,5,-0.5539,-0.5488,-0.3139,-0.3088,0.3088,False,含放射性Tc
703,CrPd,L10,101,4,-0.5999,-0.5493,-0.3599,-0.3093,0.3093,False,
704,AuSc,L10,101,3,-0.6234,-0.5508,-0.3834,-0.3108,0.3108,False,强亲氧Sc(表面稳定性存疑)
705,Os3V,L12,111,6,-0.5172,-0.5516,-0.2772,-0.3116,0.3116,False,
706,Ag3Cu,L12,111,9,0.1774,0.072,0.4174,0.312,0.312,False,
707,MoOs3,L12,111,6,-0.494,-0.5521,-0.254,-0.3121,0.3121,False,
708,Cu3Hg,L12,111,5,0.049,0.0722,0.289,0.3122,0.3122,False,
709,GaTa,L10,101,3,-0.5493,-0.5522,-0.3093,-0.3122,0.3122,False,
710,Tc,A1,111,4,-0.5595,-0.5525,-0.3195,-0.3125,0.3125,False,含放射性Tc
711,Al3Pt,L12,111,4,0.4503,0.0732,0.6903,0.3132,0.3132,False,
712,CrIr,L10,101,7,-0.5588,-0.5543,-0.3188,-0.3143,0.3143,False,
713,AlLa3,L12,111,4,-0.6791,-0.5545,-0.4391,-0.3145,0.3145,False,强亲氧La(表面稳定性存疑)
714,AlNb,L10,101,5,-0.5882,-0.5545,-0.3482,-0.3145,0.3145,False,
715,HgY,L10,101,3,-0.6723,-0.5555,-0.4323,-0.3155,0.3155,False,强亲氧Y(表面稳定性存疑)
716,Cu3La,L12,111,6,-0.305,0.0762,-0.065,0.3162,0.3162,False,强亲氧La(表面稳定性存疑)
717,AuTa,L10,101,3,-0.7163,-0.5563,-0.4763,-0.3163,0.3163,False,
718,Tl3Y,L12,111,3,0.2298,0.0767,0.4698,0.3167,0.3167,False,强亲氧Y(表面稳定性存疑)
719,RhTi,L10,101,2,-0.5065,-0.5567,-0.2665,-0.3167,0.3167,False,
720,Fe3Zr,L12,111,3,-0.5071,-0.5574,-0.2671,-0.3174,0.3174,False,含LOEO高误差元素Fe
721,TlZr,L10,101,3,-0.5606,-0.558,-0.3206,-0.318,0.318,False,
722,Os3Ta,L12,111,4,-0.5705,-0.5584,-0.3305,-0.3184,0.3184,False,
723,Ru3W,L12,111,4,-0.5662,-0.5591,-0.3262,-0.3191,0.3191,False,
724,AlRe,L10,101,5,-0.3033,-0.5591,-0.0633,-0.3191,0.3191,False,
725,Hg3Sc,L12,111,4,0.1024,0.0794,0.3424,0.3194,0.3194,False,强亲氧Sc(表面稳定性存疑)
726,Rh3Y,L12,111,4,-0.7391,-0.5599,-0.4991,-0.3199,0.3199,False,强亲氧Y(表面稳定性存疑)
727,Os3Sc,L12,111,3,-0.5398,-0.5605,-0.2998,-0.3205,0.3205,False,强亲氧Sc(表面稳定性存疑)
728,BiW,L10,101,1,-0.8801,-0.5619,-0.6401,-0.3219,0.3219,False,含LOEO高误差元素Bi
729,Ga3Ru,L12,111,5,0.0292,0.082,0.2692,0.322,0.322,False,
730,In3Y,L12,111,7,0.1816,0.0848,0.4216,0.3248,0.3248,False,强亲氧Y(表面稳定性存疑)
731,RhTa,L10,101,5,-0.6897,-0.565,-0.4497,-0.325,0.325,False,
732,Cu3Re,L12,111,5,-0.6107,-0.5658,-0.3707,-0.3258,0.3258,False,
733,GaTi,L10,101,4,-0.4977,-0.566,-0.2577,-0.326,0.326,False,
734,HfTl,L10,101,3,-0.5947,-0.5661,-0.3547,-0.3261,0.3261,False,
735,PtY,L10,101,3,-0.4013,-0.5663,-0.1613,-0.3263,0.3263,False,强亲氧Y(表面稳定性存疑)
736,Cu3In,L12,111,4,-0.0177,0.0867,0.2223,0.3267,0.3267,False,
737,Ga3Nb,L12,111,3,0.0223,0.087,0.2623,0.327,0.327,False,
738,MnRe,L10,101,6,-0.6036,-0.5671,-0.3636,-0.3271,0.3271,False,含LOEO高误差元素Mn
739,Tc3Tl,L12,111,1,-0.4993,-0.5672,-0.2593,-0.3272,0.3272,False,含放射性Tc
740,GaZr,L10,101,4,-0.5045,-0.5682,-0.2645,-0.3282,0.3282,False,
741,Ir3Zr,L12,111,8,-0.5908,-0.5687,-0.3508,-0.3287,0.3287,False,
742,HfRh3,L12,111,4,-0.6122,-0.5697,-0.3722,-0.3297,0.3297,False,
743,IrRe3,L12,111,4,-0.6277,-0.5699,-0.3877,-0.3299,0.3299,False,
744,HfIr3,L12,111,4,-0.5797,-0.5701,-0.3397,-0.3301,0.3301,False,
745,Ru3V,L12,111,4,-0.5495,-0.571,-0.3095,-0.331,0.331,False,
746,CoMn3,L12,111,2,-0.6751,-0.5713,-0.4351,-0.3313,0.3313,False,含LOEO高误差元素Mn
747,Co3Y,L12,111,2,-0.4097,-0.5717,-0.1697,-0.3317,0.3317,False,强亲氧Y(表面稳定性存疑)
748,NiTa,L10,101,4,-0.7534,-0.5718,-0.5134,-0.3318,0.3318,False,
749,CoW,L10,101,6,-0.6962,-0.5722,-0.4562,-0.3322,0.3322,False,
750,AuV,L10,101,4,-0.5488,-0.5727,-0.3088,-0.3327,0.3327,False,
751,Al3Ni,L12,111,1,0.5262,0.0927,0.7662,0.3327,0.3327,False,
752,LaOs3,L12,111,4,-0.7266,-0.5741,-0.4866,-0.3341,0.3341,False,强亲氧La(表面稳定性存疑)
753,MnTc3,L12,111,3,-0.5818,-0.5743,-0.3418,-0.3343,0.3343,False,含放射性Tc;含LOEO高误差元素Mn
754,PtTi,L10,101,3,-0.4676,-0.5746,-0.2276,-0.3346,0.3346,False,
755,AgRe,L10,101,6,-0.6132,-0.5751,-0.3732,-0.3351,0.3351,False,
756,Ga3Zr,L12,111,6,0.2215,0.0951,0.4615,0.3351,0.3351,False,
757,GaPt,L10,101,4,0.1413,0.0953,0.3813,0.3353,0.3353,False,
758,CoTl,L10,101,4,-0.3015,0.0966,-0.0615,0.3366,0.3366,False,
759,Re3Rh,L12,111,4,-0.6814,-0.5774,-0.4414,-0.3374,0.3374,False,
760,InTc3,L12,111,2,-0.5715,-0.5775,-0.3315,-0.3375,0.3375,False,含放射性Tc
761,Nb3Os,L12,111,3,-0.9713,-0.5775,-0.7313,-0.3375,0.3375,False,
762,IrTl3,L12,111,2,1.0519,0.0976,1.2919,0.3376,0.3376,False,
763,Au3Fe,L12,111,5,0.2187,0.0977,0.4587,0.3377,0.3377,False,含LOEO高误差元素Fe
764,LaW,L10,101,3,-0.8563,-0.5779,-0.6163,-0.3379,0.3379,False,强亲氧La(表面稳定性存疑)
765,Pb3Pt,L12,111,2,-0.0985,0.0981,0.1415,0.3381,0.3381,False,
766,Al3Rh,L12,111,2,0.4144,0.0994,0.6544,0.3394,0.3394,False,
767,MoRu3,L12,111,2,-0.5634,-0.5794,-0.3234,-0.3394,0.3394,False,
768,Au3Y,L12,111,8,0.2149,0.1005,0.4549,0.3405,0.3405,False,强亲氧Y(表面稳定性存疑)
769,RuTc3,L12,111,6,-0.5924,-0.5807,-0.3524,-0.3407,0.3407,False,含放射性Tc
770,FeTc,L10,101,5,-0.5427,-0.5808,-0.3027,-0.3408,0.3408,False,含放射性Tc;含LOEO高误差元素Fe
771,Rh3Ti,L12,111,2,-0.5689,-0.5811,-0.3289,-0.3411,0.3411,False,
772,Ga3Hf,L12,111,5,0.1782,0.1015,0.4182,0.3415,0.3415,False,
773,AuTi,L10,101,5,-0.6281,-0.5815,-0.3881,-0.3415,0.3415,False,
774,Ir3Y,L12,111,7,-0.6007,-0.5819,-0.3607,-0.3419,0.3419,False,强亲氧Y(表面稳定性存疑)
775,Ag,A1,111,4,0.3382,0.1031,0.5782,0.3431,0.3431,False,
776,FeIr,L10,101,7,-0.1689,0.1032,0.0711,0.3432,0.3432,False,含LOEO高误差元素Fe
777,LaV3,L12,111,3,-0.6446,-0.5845,-0.4046,-0.3445,0.3445,False,强亲氧La(表面稳定性存疑)
778,NbOs3,L12,111,6,-0.5754,-0.5845,-0.3354,-0.3445,0.3445,False,
779,AuCu3,L12,111,7,-0.0507,0.1047,0.1893,0.3447,0.3447,False,
780,InTa,L10,101,2,-0.6713,-0.5862,-0.4313,-0.3462,0.3462,False,
781,OsRe3,L12,111,4,-0.5213,-0.5871,-0.2813,-0.3471,0.3471,False,
782,IrTi,L10,101,3,-0.5217,-0.5873,-0.2817,-0.3473,0.3473,False,
783,Ga3Re,L12,111,3,-0.2485,0.1082,-0.0085,0.3482,0.3482,False,
784,Bi3Ru,L12,111,2,-0.2992,0.1089,-0.0592,0.3489,0.3489,False,含LOEO高误差元素Bi
785,Ga3Ti,L12,111,6,0.2962,0.109,0.5362,0.349,0.349,False,
786,Ru3Ti,L12,111,2,-0.5644,-0.5893,-0.3244,-0.3493,0.3493,False,
787,Cu3W,L12,111,3,-0.5426,-0.5895,-0.3026,-0.3495,0.3495,False,
788,Co3Nb,L12,111,3,-0.5683,-0.5902,-0.3283,-0.3502,0.3502,False,
789,IrSn3,L12,111,1,-0.1676,0.1103,0.0724,0.3503,0.3503,False,
790,ReTc,L10,101,7,-0.5787,-0.5907,-0.3387,-0.3507,0.3507,False,含放射性Tc
791,Fe3Pb,L12,111,2,0.3508,0.1126,0.5908,0.3526,0.3526,False,含LOEO高误差元素Fe
792,In3Rh,L12,111,6,0.1841,0.1136,0.4241,0.3536,0.3536,False,
793,Rh3Zr,L12,111,2,-0.6362,-0.5937,-0.3962,-0.3537,0.3537,False,
794,FeLa3,L12,111,2,-0.6816,-0.5938,-0.4416,-0.3538,0.3538,False,强亲氧La(表面稳定性存疑);含LOEO高误差元素Fe
795,Cu3Ga,L12,111,5,-0.0548,0.1141,0.1852,0.3541,0.3541,False,
796,PtV,L10,101,5,-0.528,-0.5942,-0.288,-0.3542,0.3542,False,
797,MnMo,L10,101,4,-0.6508,-0.5946,-0.4108,-0.3546,0.3546,False,含LOEO高误差元素Mn
798,Ga3Y,L12,111,5,0.0554,0.1147,0.2954,0.3547,0.3547,False,强亲氧Y(表面稳定性存疑)
799,Os3Zr,L12,111,4,-0.6356,-0.5948,-0.3956,-0.3548,0.3548,False,
800,AlTc3,L12,111,3,-0.5548,-0.595,-0.3148,-0.355,0.355,False,含放射性Tc
801,CoIn3,L12,111,1,0.8621,0.1156,1.1021,0.3556,0.3556,False,
802,La3Tc,L12,111,3,-0.6743,-0.5969,-0.4343,-0.3569,0.3569,False,含放射性Tc;强亲氧La(表面稳定性存疑)
803,HfIn,L10,101,4,-0.6485,-0.5972,-0.4085,-0.3572,0.3572,False,
804,InTi,L10,101,5,-0.5969,-0.5977,-0.3569,-0.3577,0.3577,False,
805,In3Mn,L12,111,2,0.3229,0.1182,0.5629,0.3582,0.3582,False,含LOEO高误差元素Mn
806,Re3Ru,L12,111,6,-0.5605,-0.5984,-0.3205,-0.3584,0.3584,False,
807,OsTc3,L12,111,3,-0.5684,-0.5986,-0.3284,-0.3586,0.3586,False,含放射性Tc
808,Al3Mn,L12,111,3,0.1516,0.1196,0.3916,0.3596,0.3596,False,含LOEO高误差元素Mn
809,IrV,L10,101,4,-0.6845,-0.5998,-0.4445,-0.3598,0.3598,False,
810,Ru3Ta,L12,111,3,-0.6129,-0.6005,-0.3729,-0.3605,0.3605,False,
811,IrZr,L10,101,3,-0.5033,-0.601,-0.2633,-0.361,0.361,False,
812,CuMo,L10,101,5,-0.6376,-0.6021,-0.3976,-0.3621,0.3621,False,
813,PdV,L10,101,5,-0.5959,-0.6025,-0.3559,-0.3625,0.3625,False,
814,MoNi,L10,101,5,-0.6066,-0.6027,-0.3666,-0.3627,0.3627,False,
815,HfOs3,L12,111,4,-0.6343,-0.6032,-0.3943,-0.3632,0.3632,False,
816,In3Mo,L12,111,5,-0.1961,0.1239,0.0439,0.3639,0.3639,False,
817,Co3Zr,L12,111,5,-0.6151,-0.604,-0.3751,-0.364,0.364,False,
818,SnW,L10,101,2,-0.4668,-0.6041,-0.2268,-0.3641,0.3641,False,
819,Pb3Tc,L12,111,3,-0.2692,0.1246,-0.0292,0.3646,0.3646,False,含放射性Tc
820,PdTa,L10,101,4,-0.6869,-0.6047,-0.4469,-0.3647,0.3647,False,
821,CuTa,L10,101,5,-0.7544,-0.606,-0.5144,-0.366,0.366,False,
822,PtZr,L10,101,4,-0.6219,-0.606,-0.3819,-0.366,0.366,False,
823,CoRe3,L12,111,6,-0.662,-0.6065,-0.422,-0.3665,0.3665,False,
824,HgTc3,L12,111,2,-0.5586,-0.6069,-0.3186,-0.3669,0.3669,False,含放射性Tc
825,CrTc,L10,101,8,-0.5766,-0.6069,-0.3366,-0.3669,0.3669,False,含放射性Tc
826,RhY,L10,101,3,-0.6722,-0.6073,-0.4322,-0.3673,0.3673,False,强亲氧Y(表面稳定性存疑)
827,Co3Sc,L12,111,3,-0.638,-0.6079,-0.398,-0.3679,0.3679,False,强亲氧Sc(表面稳定性存疑)
828,Ga3Ir,L12,111,2,0.6911,0.1279,0.9311,0.3679,0.3679,False,
829,AgMo,L10,101,5,-0.6168,-0.6081,-0.3768,-0.3681,0.3681,False,
830,PtSc,L10,101,4,-0.3142,-0.6084,-0.0742,-0.3684,0.3684,False,强亲氧Sc(表面稳定性存疑)
831,Fe3Sc,L12,111,4,-0.4846,-0.6085,-0.2446,-0.3685,0.3685,False,强亲氧Sc(表面稳定性存疑);含LOEO高误差元素Fe
832,Hg3Y,L12,111,6,0.0937,0.1289,0.3337,0.3689,0.3689,False,强亲氧Y(表面稳定性存疑)
833,RhSn3,L12,111,2,0.2045,0.1292,0.4445,0.3692,0.3692,False,
834,RhZr,L10,101,5,-0.5174,-0.6094,-0.2774,-0.3694,0.3694,False,
835,Cd3Ni,L12,111,5,0.0989,0.1294,0.3389,0.3694,0.3694,False,
836,NiZn3,L12,111,2,0.1043,0.1298,0.3443,0.3698,0.3698,False,
837,Ir3La,L12,111,7,-0.5875,-0.6099,-0.3475,-0.3699,0.3699,False,强亲氧La(表面稳定性存疑)
838,Fe3Ti,L12,111,4,-0.7539,-0.6099,-0.5139,-0.3699,0.3699,False,含LOEO高误差元素Fe
839,Co3Ta,L12,111,3,-0.5857,-0.61,-0.3457,-0.37,0.37,False,
840,Tc3Zn,L12,111,3,-0.5965,-0.6105,-0.3565,-0.3705,0.3705,False,含放射性Tc
841,PtTa,L10,101,4,-0.6402,-0.6108,-0.4002,-0.3708,0.3708,False,
842,NbPt,L10,101,4,-0.5907,-0.6117,-0.3507,-0.3717,0.3717,False,
843,Fe3Hf,L12,111,4,-0.6588,-0.6118,-0.4188,-0.3718,0.3718,False,含LOEO高误差元素Fe
844,Ag3Al,L12,111,8,0.2478,0.1319,0.4878,0.3719,0.3719,False,
845,La3Pt,L12,111,1,-0.0067,-0.6125,0.2333,-0.3725,0.3725,False,强亲氧La(表面稳定性存疑)
846,MnRh3,L12,111,3,-0.3175,0.1326,-0.0775,0.3726,0.3726,False,含LOEO高误差元素Mn
847,RhSc,L10,101,4,-0.6155,-0.6133,-0.3755,-0.3733,0.3733,False,强亲氧Sc(表面稳定性存疑)
848,AlNi,L10,101,6,-0.1592,0.1338,0.0808,0.3738,0.3738,False,
849,Cd3Mn,L12,111,5,0.2023,0.1338,0.4423,0.3738,0.3738,False,含LOEO高误差元素Mn
850,WZn3,L12,111,5,-0.5749,-0.6146,-0.3349,-0.3746,0.3746,False,
851,CuY,L10,101,5,-0.7041,-0.6147,-0.4641,-0.3747,0.3747,False,强亲氧Y(表面稳定性存疑)
852,Re3Tc,L12,111,5,-0.5723,-0.6147,-0.3323,-0.3747,0.3747,False,含放射性Tc
853,AuRe3,L12,111,2,-0.6698,-0.6154,-0.4298,-0.3754,0.3754,False,
854,In3La,L12,111,5,0.1285,0.1365,0.3685,0.3765,0.3765,False,强亲氧La(表面稳定性存疑)
855,MoPd,L10,101,6,-0.6042,-0.6168,-0.3642,-0.3768,0.3768,False,
856,HgTa,L10,101,2,-0.7547,-0.6172,-0.5147,-0.3772,0.3772,False,
857,CrTl3,L12,111,2,-0.2587,0.1373,-0.0187,0.3773,0.3773,False,
858,RuSn3,L12,111,1,0.0078,0.1376,0.2478,0.3776,0.3776,False,
859,FeTc3,L12,111,3,-0.6635,-0.6184,-0.4235,-0.3784,0.3784,False,含放射性Tc;含LOEO高误差元素Fe
860,Mn3Re,L12,111,3,-0.6521,-0.6185,-0.4121,-0.3785,0.3785,False,含LOEO高误差元素Mn
861,RuW,L10,101,6,-0.6813,-0.6186,-0.4413,-0.3786,0.3786,False,
862,Co3Hf,L12,111,5,-0.6378,-0.6195,-0.3978,-0.3795,0.3795,False,
863,IrMo,L10,101,6,-0.6052,-0.62,-0.3652,-0.38,0.38,False,
864,Re3Zn,L12,111,4,-0.5702,-0.6204,-0.3302,-0.3804,0.3804,False,
865,BiPd3,L12,111,2,-0.2103,0.1421,0.0297,0.3821,0.3821,False,含LOEO高误差元素Bi
866,NiW,L10,101,4,-0.616,-0.6224,-0.376,-0.3824,0.3824,False,
867,Mn3Tc,L12,111,3,-0.5978,-0.6228,-0.3578,-0.3828,0.3828,False,含放射性Tc;含LOEO高误差元素Mn
868,RuTa,L10,101,2,-0.5788,-0.623,-0.3388,-0.383,0.383,False,
869,FeTl,L10,101,1,-0.36,0.1432,-0.12,0.3832,0.3832,False,含LOEO高误差元素Fe
870,La3Ru,L12,111,3,-0.6837,-0.6244,-0.4437,-0.3844,0.3844,False,强亲氧La(表面稳定性存疑)
871,HfRh,L10,101,3,-0.4929,-0.6244,-0.2529,-0.3844,0.3844,False,
872,HfSn3,L12,111,5,-0.1011,0.1453,0.1389,0.3853,0.3853,False,
873,AuY,L10,101,5,-0.6963,-0.6259,-0.4563,-0.3859,0.3859,False,强亲氧Y(表面稳定性存疑)
874,Ru3Sc,L12,111,3,-0.585,-0.626,-0.345,-0.386,0.386,False,强亲氧Sc(表面稳定性存疑)
875,NbRu,L10,101,2,-0.6286,-0.6268,-0.3886,-0.3868,0.3868,False,
876,RuV,L10,101,6,-0.6001,-0.6268,-0.3601,-0.3868,0.3868,False,
877,Ga3Mn,L12,111,4,0.4074,0.1475,0.6474,0.3875,0.3875,False,含LOEO高误差元素Mn
878,AlPd,L10,101,8,0.1807,0.1477,0.4207,0.3877,0.3877,False,
879,OsV,L10,101,2,-0.6762,-0.6277,-0.4362,-0.3877,0.3877,False,
880,CrRu,L10,101,6,-0.618,-0.6283,-0.378,-0.3883,0.3883,False,
881,Ga3Sc,L12,111,5,0.1596,0.1484,0.3996,0.3884,0.3884,False,强亲氧Sc(表面稳定性存疑)
882,CrOs,L10,101,7,-0.613,-0.6285,-0.373,-0.3885,0.3885,False,
883,AuNb,L10,101,5,-0.6223,-0.6288,-0.3823,-0.3888,0.3888,False,
884,Cd3W,L12,111,2,-0.6197,-0.6292,-0.3797,-0.3892,0.3892,False,
885,AuTc3,L12,111,2,-0.6456,-0.6305,-0.4056,-0.3905,0.3905,False,含放射性Tc
886,HfPt,L10,101,3,-0.7393,-0.6313,-0.4993,-0.3913,0.3913,False,
887,Ag3W,L12,111,5,-0.5803,-0.6322,-0.3403,-0.3922,0.3922,False,
888,La3V,L12,111,5,-0.7504,-0.6331,-0.5104,-0.3931,0.3931,False,强亲氧La(表面稳定性存疑)
889,PdSc,L10,101,4,-0.4248,-0.6332,-0.1848,-0.3932,0.3932,False,强亲氧Sc(表面稳定性存疑)
890,CrCu,L10,101,5,-0.6323,-0.6334,-0.3923,-0.3934,0.3934,False,
891,Fe3Mo,L12,111,2,-0.5933,-0.6338,-0.3533,-0.3938,0.3938,False,含LOEO高误差元素Fe
892,RhV,L10,101,4,-0.6771,-0.6338,-0.4371,-0.3938,0.3938,False,
893,OsW,L10,101,7,-0.6412,-0.6342,-0.4012,-0.3942,0.3942,False,
894,ReTc3,L12,111,5,-0.5756,-0.6345,-0.3356,-0.3945,0.3945,False,含放射性Tc
895,Co3Ti,L12,111,5,-0.5998,-0.6348,-0.3598,-0.3948,0.3948,False,
896,La3Os,L12,111,3,-0.6582,-0.6349,-0.4182,-0.3949,0.3949,False,强亲氧La(表面稳定性存疑)
897,IrTc3,L12,111,5,-0.6508,-0.635,-0.4108,-0.395,0.395,False,含放射性Tc
898,CdTc3,L12,111,3,-0.6044,-0.6354,-0.3644,-0.3954,0.3954,False,含放射性Tc
899,HfTc3,L12,111,2,-0.7591,-0.6363,-0.5191,-0.3963,0.3963,False,含放射性Tc
900,Cr3La,L12,111,4,-0.6471,-0.6365,-0.4071,-0.3965,0.3965,False,强亲氧La(表面稳定性存疑)
901,NiSn,L10,101,2,0.186,0.1577,0.426,0.3977,0.3977,False,
902,CrTc3,L12,111,3,-0.6238,-0.6395,-0.3838,-0.3995,0.3995,False,含放射性Tc
903,Pb3W,L12,111,2,-0.4991,-0.6404,-0.2591,-0.4004,0.4004,False,
904,In3Sc,L12,111,7,0.2505,0.1605,0.4905,0.4005,0.4005,False,强亲氧Sc(表面稳定性存疑)
905,Pb3Rh,L12,111,5,-0.0154,0.1625,0.2246,0.4025,0.4025,False,
906,LaMn,L10,101,4,-0.3887,-0.6427,-0.1487,-0.4027,0.4027,False,强亲氧La(表面稳定性存疑);含LOEO高误差元素Mn
907,RhW,L10,101,6,-0.6241,-0.6431,-0.3841,-0.4031,0.4031,False,
908,HfRu3,L12,111,2,-0.6367,-0.6434,-0.3967,-0.4034,0.4034,False,
909,Bi3Rh,L12,111,3,0.0856,0.164,0.3256,0.404,0.404,False,含LOEO高误差元素Bi
910,Rh3Sc,L12,111,2,-0.5803,-0.6442,-0.3403,-0.4042,0.4042,False,强亲氧Sc(表面稳定性存疑)
911,MoOs,L10,101,6,-0.6441,-0.6443,-0.4041,-0.4043,0.4043,False,
912,CoLa,L10,101,3,-0.6658,-0.6446,-0.4258,-0.4046,0.4046,False,强亲氧La(表面稳定性存疑)
913,AgTa,L10,101,3,-0.751,-0.6456,-0.511,-0.4056,0.4056,False,
914,Os3Y,L12,111,7,-0.6374,-0.6457,-0.3974,-0.4057,0.4057,False,强亲氧Y(表面稳定性存疑)
915,CdV,L10,101,5,-0.6744,-0.6457,-0.4344,-0.4057,0.4057,False,
916,Fe3Ga,L12,111,2,-0.4012,0.1659,-0.1612,0.4059,0.4059,False,含LOEO高误差元素Fe
917,CdRe,L10,101,1,-0.6616,-0.6461,-0.4216,-0.4061,0.4061,False,
918,Ga3La,L12,111,7,0.0479,0.1665,0.2879,0.4065,0.4065,False,强亲氧La(表面稳定性存疑)
919,PtRe3,L12,111,5,-0.7219,-0.6469,-0.4819,-0.4069,0.4069,False,
920,InRe3,L12,111,1,-0.5746,-0.6477,-0.3346,-0.4077,0.4077,False,
921,MoTc3,L12,111,7,-0.631,-0.6477,-0.391,-0.4077,0.4077,False,含放射性Tc
922,Ru3Y,L12,111,4,-0.7423,-0.6478,-0.5023,-0.4078,0.4078,False,强亲氧Y(表面稳定性存疑)
923,CoY,L10,101,5,-0.7643,-0.6481,-0.5243,-0.4081,0.4081,False,强亲氧Y(表面稳定性存疑)
924,AlZr,L10,101,6,-0.6816,-0.6487,-0.4416,-0.4087,0.4087,False,
925,HgSc,L10,101,3,-0.6605,-0.6489,-0.4205,-0.4089,0.4089,False,强亲氧Sc(表面稳定性存疑)
926,NbOs,L10,101,3,-0.66,-0.6502,-0.42,-0.4102,0.4102,False,
927,Al3Pd,L12,111,5,0.3954,0.1712,0.6354,0.4112,0.4112,False,
928,In3Ir,L12,111,5,-0.1909,0.1715,0.0491,0.4115,0.4115,False,
929,CoZr,L10,101,4,-0.6984,-0.6527,-0.4584,-0.4127,0.4127,False,
930,AgV,L10,101,5,-0.6303,-0.6538,-0.3903,-0.4138,0.4138,False,
931,CuZn,L10,101,7,0.1592,0.1741,0.3992,0.4141,0.4141,False,
932,AlPb3,L12,111,6,0.1969,0.1744,0.4369,0.4144,0.4144,False,
933,NiRe3,L12,111,3,-0.5994,-0.6555,-0.3594,-0.4155,0.4155,False,
934,Fe3Ta,L12,111,4,-0.6618,-0.6557,-0.4218,-0.4157,0.4157,False,含LOEO高误差元素Fe
935,NbPd,L10,101,7,-0.6374,-0.6561,-0.3974,-0.4161,0.4161,False,
936,IrNb,L10,101,5,-0.7355,-0.6565,-0.4955,-0.4165,0.4165,False,
937,Mn3Ni,L12,111,3,-0.6458,-0.6565,-0.4058,-0.4165,0.4165,False,含LOEO高误差元素Mn
938,Ru3Zr,L12,111,2,-0.6428,-0.6567,-0.4028,-0.4167,0.4167,False,
939,HfHg,L10,101,2,-0.7466,-0.6571,-0.5066,-0.4171,0.4171,False,
940,IrW,L10,101,5,-0.5594,-0.6573,-0.3194,-0.4173,0.4173,False,
941,CoTi,L10,101,5,-0.6704,-0.6579,-0.4304,-0.4179,0.4179,False,
942,AuCu,L10,101,5,0.1648,0.1782,0.4048,0.4182,0.4182,False,
943,PdTi,L10,101,3,-0.6003,-0.6586,-0.3603,-0.4186,0.4186,False,
944,MnNb3,L12,111,4,-0.9278,-0.6586,-0.6878,-0.4186,0.4186,False,含LOEO高误差元素Mn
945,AlSn3,L12,111,6,0.2679,0.18,0.5079,0.42,0.42,False,
946,CoTc3,L12,111,3,-0.7482,-0.6602,-0.5082,-0.4202,0.4202,False,含放射性Tc
947,MoNb3,L12,111,1,-1.2987,-0.6602,-1.0587,-0.4202,0.4202,False,
948,Ag3Au,L12,111,7,0.3406,0.1805,0.5806,0.4205,0.4205,False,
949,CdY,L10,101,3,-0.7316,-0.6608,-0.4916,-0.4208,0.4208,False,强亲氧Y(表面稳定性存疑)
950,MoRh,L10,101,5,-0.6385,-0.661,-0.3985,-0.421,0.421,False,
951,NbTc3,L12,111,4,-0.7179,-0.661,-0.4779,-0.421,0.421,False,含放射性Tc
952,HgTi,L10,101,4,-0.6627,-0.6611,-0.4227,-0.4211,0.4211,False,
953,IrTa,L10,101,4,-0.6517,-0.6611,-0.4117,-0.4211,0.4211,False,
954,Cr3Ti,L12,111,2,-0.8945,-0.6612,-0.6545,-0.4212,0.4212,False,
955,AlTi,L10,101,4,-0.7403,-0.6612,-0.5003,-0.4212,0.4212,False,
956,Tc3Zr,L12,111,2,-0.7508,-0.6614,-0.5108,-0.4214,0.4214,False,含放射性Tc
957,AlHf,L10,101,4,-0.7161,-0.6617,-0.4761,-0.4217,0.4217,False,
958,TaTc3,L12,111,5,-0.7295,-0.6629,-0.4895,-0.4229,0.4229,False,含放射性Tc
959,LaTc,L10,101,4,-0.7352,-0.6631,-0.4952,-0.4231,0.4231,False,含放射性Tc;强亲氧La(表面稳定性存疑)
960,LaPb3,L12,111,5,0.4672,0.1832,0.7072,0.4232,0.4232,False,强亲氧La(表面稳定性存疑)
961,CrMn,L10,101,7,-2.3083,-0.6635,-2.0683,-0.4235,0.4235,False,含LOEO高误差元素Mn
962,MoRe3,L12,111,7,-0.6747,-0.6641,-0.4347,-0.4241,0.4241,False,
963,PtTc3,L12,111,4,-0.6978,-0.6643,-0.4578,-0.4243,0.4243,False,含放射性Tc
964,MoV,L10,101,4,-0.8655,-0.6649,-0.6255,-0.4249,0.4249,False,
965,LaRu3,L12,111,3,-0.6323,-0.6656,-0.3923,-0.4256,0.4256,False,强亲氧La(表面稳定性存疑)
966,HfMo3,L12,111,1,0.1442,-0.6661,0.3842,-0.4261,0.4261,False,
967,Ga3V,L12,111,2,0.1087,0.1868,0.3487,0.4268,0.4268,False,
968,FeIn,L10,101,3,-0.1508,0.187,0.0892,0.427,0.427,False,含LOEO高误差元素Fe
969,Fe3In,L12,111,1,1.7739,0.1872,2.0139,0.4272,0.4272,False,含LOEO高误差元素Fe
970,CdRe3,L12,111,3,-0.6061,-0.6682,-0.3661,-0.4282,0.4282,False,
971,CoMo,L10,101,6,-0.7003,-0.6684,-0.4603,-0.4284,0.4284,False,
972,MoRu,L10,101,5,-0.6656,-0.6692,-0.4256,-0.4292,0.4292,False,
973,FeV,L10,101,4,-0.964,-0.6697,-0.724,-0.4297,0.4297,False,含LOEO高误差元素Fe
974,Mo3Sn,L12,111,2,-0.7794,-0.6704,-0.5394,-0.4304,0.4304,False,
975,CoCr,L10,101,2,-0.8218,-0.6721,-0.5818,-0.4321,0.4321,False,
976,AuTl3,L12,111,3,0.537,0.1921,0.777,0.4321,0.4321,False,
977,AgY,L10,101,4,-0.802,-0.6727,-0.562,-0.4327,0.4327,False,强亲氧Y(表面稳定性存疑)
978,AlRe3,L12,111,4,-0.5452,-0.6728,-0.3052,-0.4328,0.4328,False,
979,NiZr,L10,101,4,-0.7126,-0.6737,-0.4726,-0.4337,0.4337,False,
980,La3Zn,L12,111,4,-0.691,-0.6738,-0.451,-0.4338,0.4338,False,强亲氧La(表面稳定性存疑)
981,Co3V,L12,111,2,-0.5056,-0.6741,-0.2656,-0.4341,0.4341,False,
982,AgRe3,L12,111,2,-0.6691,-0.6752,-0.4291,-0.4352,0.4352,False,
983,RhTc3,L12,111,4,-0.6999,-0.6757,-0.4599,-0.4357,0.4357,False,含放射性Tc
984,Al3Ir,L12,111,3,-0.0184,0.196,0.2216,0.436,0.436,False,
985,Sn3Ti,L12,111,4,0.1181,0.1974,0.3581,0.4374,0.4374,False,
986,Mo3Tl,L12,111,3,-0.8099,-0.6777,-0.5699,-0.4377,0.4377,False,
987,HfNi,L10,101,3,-0.7642,-0.678,-0.5242,-0.438,0.438,False,
988,FeIn3,L12,111,3,0.1704,0.198,0.4104,0.438,0.438,False,含LOEO高误差元素Fe
989,CuNb,L10,101,6,-0.6933,-0.678,-0.4533,-0.438,0.438,False,
990,AuFe,L10,101,6,-0.1319,0.1981,0.1081,0.4381,0.4381,False,含LOEO高误差元素Fe
991,CuRe3,L12,111,4,-0.5809,-0.6814,-0.3409,-0.4414,0.4414,False,
992,MoRe,L10,101,7,-0.767,-0.6826,-0.527,-0.4426,0.4426,False,
993,AlPb,L10,101,1,0.3173,0.2029,0.5573,0.4429,0.4429,False,
994,FeY,L10,101,6,-0.7978,-0.6858,-0.5578,-0.4458,0.4458,False,强亲氧Y(表面稳定性存疑);含LOEO高误差元素Fe
995,GaLa3,L12,111,4,-0.6964,-0.6864,-0.4564,-0.4464,0.4464,False,强亲氧La(表面稳定性存疑)
996,Fe3W,L12,111,4,-0.6227,-0.6873,-0.3827,-0.4473,0.4473,False,含LOEO高误差元素Fe
997,AgTc3,L12,111,2,-0.6614,-0.6878,-0.4214,-0.4478,0.4478,False,含放射性Tc
998,Bi3Hf,L12,111,3,-0.2519,0.2079,-0.0119,0.4479,0.4479,False,含LOEO高误差元素Bi
999,RuTi,L10,101,3,-0.7697,-0.6883,-0.5297,-0.4483,0.4483,False,
1000,HgRe3,L12,111,3,-0.5835,-0.6883,-0.3435,-0.4483,0.4483,False,
1001,InPd,L10,101,2,0.3145,0.2087,0.5545,0.4487,0.4487,False,
1002,TcW,L10,101,7,-0.5595,-0.6891,-0.3195,-0.4491,0.4491,False,含放射性Tc
1003,Sn3Tc,L12,111,2,-0.0761,0.2091,0.1639,0.4491,0.4491,False,含放射性Tc
1004,Fe3Nb,L12,111,4,-0.647,-0.6892,-0.407,-0.4492,0.4492,False,含LOEO高误差元素Fe
1005,PdTl,L10,101,4,0.1442,0.2093,0.3842,0.4493,0.4493,False,
1006,MnY,L10,101,5,-0.5305,-0.6904,-0.2905,-0.4504,0.4504,False,强亲氧Y(表面稳定性存疑);含LOEO高误差元素Mn
1007,La3Sn,L12,111,4,-0.7636,-0.6906,-0.5236,-0.4506,0.4506,False,强亲氧La(表面稳定性存疑)
1008,YZn,L10,101,5,-0.6481,-0.6907,-0.4081,-0.4507,0.4507,False,强亲氧Y(表面稳定性存疑)
1009,FeLa,L10,101,5,-0.585,-0.6908,-0.345,-0.4508,0.4508,False,强亲氧La(表面稳定性存疑);含LOEO高误差元素Fe
1010,CdW,L10,101,3,-0.8186,-0.691,-0.5786,-0.451,0.451,False,
1011,Tc3W,L12,111,3,-0.6502,-0.691,-0.4102,-0.451,0.451,False,含放射性Tc
1012,HfPd,L10,101,3,-0.8281,-0.691,-0.5881,-0.451,0.451,False,
1013,La3W,L12,111,5,-0.7925,-0.6912,-0.5525,-0.4512,0.4512,False,强亲氧La(表面稳定性存疑)
1014,HfIr,L10,101,5,-0.4706,-0.6926,-0.2306,-0.4526,0.4526,False,
1015,Sn3Zr,L12,111,6,0.0823,0.2136,0.3223,0.4536,0.4536,False,
1016,LaRe3,L12,111,5,-0.8793,-0.6948,-0.6393,-0.4548,0.4548,False,强亲氧La(表面稳定性存疑)
1017,CoHf,L10,101,5,-0.7001,-0.6954,-0.4601,-0.4554,0.4554,False,
1018,CuTc3,L12,111,3,-0.6147,-0.6956,-0.3747,-0.4556,0.4556,False,含放射性Tc
1019,Fe3V,L12,111,4,-0.6769,-0.6958,-0.4369,-0.4558,0.4558,False,含LOEO高误差元素Fe
1020,CoHg3,L12,111,3,0.1899,0.216,0.4299,0.456,0.456,False,
1021,MoPb3,L12,111,3,0.9176,0.2162,1.1576,0.4562,0.4562,False,
1022,Re3V,L12,111,5,-0.7372,-0.6968,-0.4972,-0.4568,0.4568,False,
1023,OsTa,L10,101,3,-0.5921,-0.6969,-0.3521,-0.4569,0.4569,False,
1024,AgNb,L10,101,3,-0.6594,-0.6978,-0.4194,-0.4578,0.4578,False,
1025,Fe3Sn,L12,111,3,0.006,0.2178,0.246,0.4578,0.4578,False,含LOEO高误差元素Fe
1026,La3Mo,L12,111,3,-0.6924,-0.6987,-0.4524,-0.4587,0.4587,False,强亲氧La(表面稳定性存疑)
1027,CuW,L10,101,3,-0.7466,-0.6989,-0.5066,-0.4589,0.4589,False,
1028,MoY,L10,101,5,-0.8349,-0.6989,-0.5949,-0.4589,0.4589,False,强亲氧Y(表面稳定性存疑)
1029,MoSn3,L12,111,2,0.8263,0.2191,1.0663,0.4591,0.4591,False,
1030,Al3Bi,L12,111,1,0.3132,0.2192,0.5532,0.4592,0.4592,False,含LOEO高误差元素Bi
1031,In3Pt,L12,111,4,0.0164,0.2192,0.2564,0.4592,0.4592,False,
1032,PdTc3,L12,111,4,-0.7133,-0.6995,-0.4733,-0.4595,0.4595,False,含放射性Tc
1033,AuLa3,L12,111,3,-0.779,-0.7006,-0.539,-0.4606,0.4606,False,强亲氧La(表面稳定性存疑)
1034,Cd3Re,L12,111,4,-0.7769,-0.7013,-0.5369,-0.4613,0.4613,False,
1035,FeW,L10,101,5,-0.7062,-0.7017,-0.4662,-0.4617,0.4617,False,含LOEO高误差元素Fe
1036,AgW,L10,101,3,-0.7227,-0.7019,-0.4827,-0.4619,0.4619,False,
1037,HgLa3,L12,111,5,-0.7386,-0.7037,-0.4986,-0.4637,0.4637,False,强亲氧La(表面稳定性存疑)
1038,Cr3Sn,L12,111,2,-0.6839,-0.7037,-0.4439,-0.4637,0.4637,False,
1039,CuLa3,L12,111,2,-0.6944,-0.7042,-0.4544,-0.4642,0.4642,False,强亲氧La(表面稳定性存疑)
1040,NbZn,L10,101,4,-0.7527,-0.7063,-0.5127,-0.4663,0.4663,False,
1041,CuV,L10,101,6,-0.6598,-0.7071,-0.4198,-0.4671,0.4671,False,
1042,PtZn3,L12,111,4,0.0063,0.2274,0.2463,0.4674,0.4674,False,
1043,Re3W,L12,111,7,-0.6836,-0.7076,-0.4436,-0.4676,0.4676,False,
1044,HgZr,L10,101,3,-0.6831,-0.7086,-0.4431,-0.4686,0.4686,False,
1045,PdZr,L10,101,4,-0.7327,-0.7094,-0.4927,-0.4694,0.4694,False,
1046,NiV,L10,101,5,-0.7308,-0.711,-0.4908,-0.471,0.471,False,
1047,CuPb,L10,101,3,0.2623,0.2321,0.5023,0.4721,0.4721,False,
1048,NbNi,L10,101,5,-0.7152,-0.7136,-0.4752,-0.4736,0.4736,False,
1049,AlY,L10,101,6,-0.7685,-0.7146,-0.5285,-0.4746,0.4746,False,强亲氧Y(表面稳定性存疑)
1050,AgAl,L10,101,7,0.3565,0.2359,0.5965,0.4759,0.4759,False,
1051,Tc3Ti,L12,111,4,-0.6822,-0.7169,-0.4422,-0.4769,0.4769,False,含放射性Tc
1052,Re3Zr,L12,111,5,-0.7999,-0.717,-0.5599,-0.477,0.477,False,
1053,Hg3Mn,L12,111,1,0.2647,0.2371,0.5047,0.4771,0.4771,False,含LOEO高误差元素Mn
1054,MnPd3,L12,111,5,-0.3235,0.2377,-0.0835,0.4777,0.4777,False,含LOEO高误差元素Mn
1055,Au3Cu,L12,111,7,0.2839,0.2387,0.5239,0.4787,0.4787,False,
1056,AgSc,L10,101,3,-0.7762,-0.7191,-0.5362,-0.4791,0.4791,False,强亲氧Sc(表面稳定性存疑)
1057,ScZn,L10,101,4,-0.7133,-0.7201,-0.4733,-0.4801,0.4801,False,强亲氧Sc(表面稳定性存疑)
1058,BiLa,L10,101,1,-0.3376,0.2409,-0.0976,0.4809,0.4809,False,强亲氧La(表面稳定性存疑);含LOEO高误差元素Bi
1059,LaMo,L10,101,5,-0.8722,-0.7213,-0.6322,-0.4813,0.4813,False,强亲氧La(表面稳定性存疑)
1060,Al3Tl,L12,111,3,0.3856,0.2413,0.6256,0.4813,0.4813,False,
1061,PdRe3,L12,111,3,-0.7395,-0.7237,-0.4995,-0.4837,0.4837,False,
1062,GaPd,L10,101,3,0.4122,0.2438,0.6522,0.4838,0.4838,False,
1063,CdSc,L10,101,3,-0.7527,-0.7251,-0.5127,-0.4851,0.4851,False,强亲氧Sc(表面稳定性存疑)
1064,IrLa,L10,101,4,-0.8482,-0.7252,-0.6082,-0.4852,0.4852,False,强亲氧La(表面稳定性存疑)
1065,La3Mn,L12,111,6,-0.6969,-0.7255,-0.4569,-0.4855,0.4855,False,强亲氧La(表面稳定性存疑);含LOEO高误差元素Mn
1066,ZnZr,L10,101,4,-0.75,-0.7266,-0.51,-0.4866,0.4866,False,
1067,AuZr,L10,101,3,-0.6873,-0.7269,-0.4473,-0.4869,0.4869,False,
1068,Mn3V,L12,111,1,-0.4576,-0.7283,-0.2176,-0.4883,0.4883,False,含LOEO高误差元素Mn
1069,NiTi,L10,101,4,-0.6018,-0.7294,-0.3618,-0.4894,0.4894,False,
1070,CrRe3,L12,111,6,-0.6772,-0.7297,-0.4372,-0.4897,0.4897,False,
1071,Cu3Pb,L12,111,3,0.0588,0.2497,0.2988,0.4897,0.4897,False,
1072,FeTa,L10,101,5,-0.7314,-0.7316,-0.4914,-0.4916,0.4916,False,含LOEO高误差元素Fe
1073,Tc3V,L12,111,3,-0.6702,-0.7317,-0.4302,-0.4917,0.4917,False,含放射性Tc
1074,NiTl,L10,101,2,-0.1792,0.2518,0.0608,0.4918,0.4918,False,
1075,La3Pb,L12,111,3,-0.7878,-0.7321,-0.5478,-0.4921,0.4921,False,强亲氧La(表面稳定性存疑)
1076,RuZr,L10,101,4,-0.8399,-0.7329,-0.5999,-0.4929,0.4929,False,
1077,FeW3,L12,111,3,-0.8384,-0.735,-0.5984,-0.495,0.495,False,含LOEO高误差元素Fe
1078,LaTc3,L12,111,3,-0.7991,-0.7352,-0.5591,-0.4952,0.4952,False,含放射性Tc;强亲氧La(表面稳定性存疑)
1079,La3Tl,L12,111,3,-0.7536,-0.7356,-0.5136,-0.4956,0.4956,False,强亲氧La(表面稳定性存疑)
1080,AuHf,L10,101,4,-0.7751,-0.7365,-0.5351,-0.4965,0.4965,False,
1081,CdNb,L10,101,5,-0.7327,-0.7374,-0.4927,-0.4974,0.4974,False,
1082,AlSn,L10,101,3,0.2672,0.2575,0.5072,0.4975,0.4975,False,
1083,HfRu,L10,101,2,-0.8051,-0.739,-0.5651,-0.499,0.499,False,
1084,HfRe3,L12,111,4,-0.7863,-0.739,-0.5463,-0.499,0.499,False,
1085,InLa3,L12,111,4,-0.7336,-0.7394,-0.4936,-0.4994,0.4994,False,强亲氧La(表面稳定性存疑)
1086,Au3Mn,L12,111,5,0.333,0.2605,0.573,0.5005,0.5005,False,含LOEO高误差元素Mn
1087,AgAu3,L12,111,8,0.3215,0.2609,0.5615,0.5009,0.5009,False,
1088,Hg3W,L12,111,2,-0.6457,-0.7423,-0.4057,-0.5023,0.5023,False,
1089,CdTi,L10,101,3,-0.7744,-0.7435,-0.5344,-0.5035,0.5035,False,
1090,Ga3Ni,L12,111,2,0.4736,0.2641,0.7136,0.5041,0.5041,False,
1091,PdSn,L10,101,2,0.4072,0.266,0.6472,0.506,0.506,False,
1092,NbRh,L10,101,5,-0.73,-0.7465,-0.49,-0.5065,0.5065,False,
1093,CuTi,L10,101,5,-0.7583,-0.7474,-0.5183,-0.5074,0.5074,False,
1094,Ag3Zn,L12,111,5,0.3951,0.2674,0.6351,0.5074,0.5074,False,
1095,CrLa3,L12,111,5,-0.7116,-0.7476,-0.4716,-0.5076,0.5076,False,强亲氧La(表面稳定性存疑)
1096,AgTi,L10,101,5,-0.6905,-0.7504,-0.4505,-0.5104,0.5104,False,
1097,CuSc,L10,101,4,-0.7085,-0.7518,-0.4685,-0.5118,0.5118,False,强亲氧Sc(表面稳定性存疑)
1098,La3Re,L12,111,3,-0.6597,-0.7519,-0.4197,-0.5119,0.5119,False,强亲氧La(表面稳定性存疑)
1099,VZn,L10,101,4,-0.6943,-0.7528,-0.4543,-0.5128,0.5128,False,
1100,RhW3,L12,111,5,-0.872,-0.7534,-0.632,-0.5134,0.5134,False,
1101,CuHf,L10,101,3,-0.9004,-0.7545,-0.6604,-0.5145,0.5145,False,
1102,TaZn,L10,101,4,-0.8231,-0.7548,-0.5831,-0.5148,0.5148,False,
1103,CdCu,L10,101,4,0.1719,0.2765,0.4119,0.5165,0.5165,False,
1104,Au3Pb,L12,111,3,0.3179,0.2766,0.5579,0.5166,0.5166,False,
1105,AgZr,L10,101,6,-0.7237,-0.7568,-0.4837,-0.5168,0.5168,False,
1106,AuBi,L10,101,1,0.4926,0.2782,0.7326,0.5182,0.5182,False,含LOEO高误差元素Bi
1107,Tc3Y,L12,111,1,-0.8841,-0.7584,-0.6441,-0.5184,0.5184,False,含放射性Tc;强亲氧Y(表面稳定性存疑)
1108,OsW3,L12,111,5,-0.8617,-0.7586,-0.6217,-0.5186,0.5186,False,
1109,GaMo3,L12,111,3,-0.896,-0.7591,-0.656,-0.5191,0.5191,False,
1110,MnW,L10,101,4,-0.6619,-0.7606,-0.4219,-0.5206,0.5206,False,含LOEO高误差元素Mn
1111,MoTi,L10,101,5,-0.8624,-0.7607,-0.6224,-0.5207,0.5207,False,
1112,LaNb3,L12,111,2,-0.727,-0.7613,-0.487,-0.5213,0.5213,False,强亲氧La(表面稳定性存疑)
1113,CoV,L10,101,4,-0.7559,-0.7613,-0.5159,-0.5213,0.5213,False,
1114,PbPd,L10,101,3,0.1459,0.2817,0.3859,0.5217,0.5217,False,
1115,MoTc,L10,101,4,-0.7154,-0.7661,-0.4754,-0.5261,0.5261,False,含放射性Tc
1116,La3Nb,L12,111,5,-0.7849,-0.7664,-0.5449,-0.5264,0.5264,False,强亲氧La(表面稳定性存疑)
1117,RuW3,L12,111,6,-0.8381,-0.7669,-0.5981,-0.5269,0.5269,False,
1118,Al3In,L12,111,3,0.2749,0.2876,0.5149,0.5276,0.5276,False,
1119,Mo3Pb,L12,111,2,-0.7173,-0.7677,-0.4773,-0.5277,0.5277,False,
1120,LaTa,L10,101,7,-0.8865,-0.7682,-0.6465,-0.5282,0.5282,False,强亲氧La(表面稳定性存疑)
1121,MoTl3,L12,111,3,0.9584,0.2889,1.1984,0.5289,0.5289,False,
1122,Mo3Ru,L12,111,5,-0.7931,-0.7691,-0.5531,-0.5291,0.5291,False,
1123,Al3Hg,L12,111,5,0.3199,0.2893,0.5599,0.5293,0.5293,False,
1124,Bi3Re,L12,111,2,1.1228,-0.7694,1.3628,-0.5294,0.5294,False,含LOEO高误差元素Bi
1125,MnSc,L10,101,2,-0.7527,-0.7699,-0.5127,-0.5299,0.5299,False,强亲氧Sc(表面稳定性存疑);含LOEO高误差元素Mn
1126,AuTl,L10,101,4,0.278,0.2904,0.518,0.5304,0.5304,False,
1127,GaMn,L10,101,3,-0.1297,0.2905,0.1103,0.5305,0.5305,False,含LOEO高误差元素Mn
1128,AgHf,L10,101,5,-0.7885,-0.7714,-0.5485,-0.5314,0.5314,False,
1129,AlIn,L10,101,1,0.294,0.292,0.534,0.532,0.532,False,
1130,AlHg,L10,101,1,0.3257,0.2936,0.5657,0.5336,0.5336,False,
1131,CdZr,L10,101,4,-0.7891,-0.7737,-0.5491,-0.5337,0.5337,False,
1132,La3Ta,L12,111,4,-0.8124,-0.7741,-0.5724,-0.5341,0.5341,False,强亲氧La(表面稳定性存疑)
1133,ReW,L10,101,5,-0.8024,-0.7745,-0.5624,-0.5345,0.5345,False,
1134,CuZr,L10,101,4,-0.8005,-0.7747,-0.5605,-0.5347,0.5347,False,
1135,AlGa3,L12,111,6,0.3209,0.295,0.5609,0.535,0.535,False,
1136,Re3Ti,L12,111,4,-0.7056,-0.7753,-0.4656,-0.5353,0.5353,False,
1137,CrW3,L12,111,3,-1.2158,-0.7767,-0.9758,-0.5367,0.5367,False,
1138,Cr3Zr,L12,111,1,0.2859,-0.7767,0.5259,-0.5367,0.5367,False,
1139,AgFe3,L12,111,2,0.875,0.2975,1.115,0.5375,0.5375,False,含LOEO高误差元素Fe
1140,NbTc,L10,101,4,-0.8002,-0.7785,-0.5602,-0.5385,0.5385,False,含放射性Tc
1141,TlW3,L12,111,2,-0.9351,-0.7786,-0.6951,-0.5386,0.5386,False,
1142,LaNb,L10,101,8,-0.8446,-0.7793,-0.6046,-0.5393,0.5393,False,强亲氧La(表面稳定性存疑)
1143,W3Y,L12,111,4,-0.7973,-0.7793,-0.5573,-0.5393,0.5393,False,强亲氧Y(表面稳定性存疑)
1144,Pb3Sc,L12,111,3,0.2284,0.3,0.4684,0.54,0.54,False,强亲氧Sc(表面稳定性存疑)
1145,FeGa3,L12,111,4,0.3901,0.3005,0.6301,0.5405,0.5405,False,含LOEO高误差元素Fe
1146,Cr3Pb,L12,111,2,-0.5781,-0.7812,-0.3381,-0.5412,0.5412,False,
1147,HfZn,L10,101,5,-0.7604,-0.7815,-0.5204,-0.5415,0.5415,False,
1148,Au3Tl,L12,111,1,0.4777,0.3019,0.7177,0.5419,0.5419,False,
1149,Hg3Pt,L12,111,3,0.009,0.302,0.249,0.542,0.542,False,
1150,LaW3,L12,111,3,-0.6719,-0.7827,-0.4319,-0.5427,0.5427,False,强亲氧La(表面稳定性存疑)
1151,LaTa3,L12,111,2,-0.7127,-0.7832,-0.4727,-0.5432,0.5432,False,强亲氧La(表面稳定性存疑)
1152,MoNb,L10,101,7,-0.8513,-0.7832,-0.6113,-0.5432,0.5432,False,
1153,PbW3,L12,111,2,-0.7619,-0.7838,-0.5219,-0.5438,0.5438,False,
1154,Cr3Os,L12,111,5,-0.8185,-0.7843,-0.5785,-0.5443,0.5443,False,
1155,LaMo3,L12,111,3,-0.5861,-0.7844,-0.3461,-0.5444,0.5444,False,强亲氧La(表面稳定性存疑)
1156,CrMo,L10,101,5,-0.7783,-0.7846,-0.5383,-0.5446,0.5446,False,
1157,Re3Ta,L12,111,6,-0.7878,-0.7866,-0.5478,-0.5466,0.5466,False,
1158,Al3Cu,L12,111,6,0.3459,0.3076,0.5859,0.5476,0.5476,False,
1159,InMo3,L12,111,2,-0.8618,-0.7884,-0.6218,-0.5484,0.5484,False,
1160,HfLa3,L12,111,6,-0.8008,-0.7901,-0.5608,-0.5501,0.5501,False,强亲氧La(表面稳定性存疑)
1161,Al3Co,L12,111,3,0.1256,0.3101,0.3656,0.5501,0.5501,False,
1162,CdHf,L10,101,3,-0.8496,-0.7907,-0.6096,-0.5507,0.5507,False,
1163,In3Pd,L12,111,8,0.5307,0.3107,0.7707,0.5507,0.5507,False,
1164,In3Ni,L12,111,2,0.2055,0.3114,0.4455,0.5514,0.5514,False,
1165,AlSc,L10,101,5,-0.7062,-0.7915,-0.4662,-0.5515,0.5515,False,强亲氧Sc(表面稳定性存疑)
1166,OsTl3,L12,111,1,1.0192,0.3117,1.2592,0.5517,0.5517,False,
1167,Mo3Zn,L12,111,3,-0.945,-0.7921,-0.705,-0.5521,0.5521,False,
1168,La3Y,L12,111,6,-0.7749,-0.7925,-0.5349,-0.5525,0.5525,False,强亲氧La/Y(表面稳定性存疑)
1169,Mo3Os,L12,111,4,-0.8011,-0.7939,-0.5611,-0.5539,0.5539,False,
1170,Cr3Rh,L12,111,6,-0.8607,-0.794,-0.6207,-0.554,0.554,False,
1171,OsTi,L10,101,4,-0.9128,-0.7953,-0.6728,-0.5553,0.5553,False,
1172,La3Zr,L12,111,6,-0.7775,-0.7957,-0.5375,-0.5557,0.5557,False,强亲氧La(表面稳定性存疑)
1173,La3Sc,L12,111,5,-0.7672,-0.7965,-0.5272,-0.5565,0.5565,False,强亲氧La/Sc(表面稳定性存疑)
1174,CdTa,L10,101,3,-0.8514,-0.7968,-0.6114,-0.5568,0.5568,False,
1175,Cr3Tl,L12,111,3,-0.6751,-0.797,-0.4351,-0.557,0.557,False,
1176,AgLa3,L12,111,3,-0.734,-0.7972,-0.494,-0.5572,0.5572,False,强亲氧La(表面稳定性存疑)
1177,AlTl3,L12,111,4,0.1521,0.3174,0.3921,0.5574,0.5574,False,
1178,Pb3Y,L12,111,6,0.3865,0.3174,0.6265,0.5574,0.5574,False,强亲氧Y(表面稳定性存疑)
1179,CdCr3,L12,111,3,-0.8233,-0.7982,-0.5833,-0.5582,0.5582,False,
1180,SnW3,L12,111,2,-0.7993,-0.7984,-0.5593,-0.5584,0.5584,False,
1181,LaV,L10,101,1,0.0691,-0.7985,0.3091,-0.5585,0.5585,False,强亲氧La(表面稳定性存疑)
1182,Al3Sn,L12,111,3,0.3016,0.3187,0.5416,0.5587,0.5587,False,
1183,LaTi,L10,101,3,-0.8973,-0.7993,-0.6573,-0.5593,0.5593,False,强亲氧La(表面稳定性存疑)
1184,Cr3In,L12,111,3,-0.7614,-0.7995,-0.5214,-0.5595,0.5595,False,
1185,Al3Ga,L12,111,3,0.2957,0.3202,0.5357,0.5602,0.5602,False,
1186,Au3Sc,L12,111,6,0.1857,0.3213,0.4257,0.5613,0.5613,False,强亲氧Sc(表面稳定性存疑)
1187,CdLa3,L12,111,4,-0.716,-0.8016,-0.476,-0.5616,0.5616,False,强亲氧La(表面稳定性存疑)
1188,OsSc,L10,101,3,-0.9887,-0.8021,-0.7487,-0.5621,0.5621,False,强亲氧Sc(表面稳定性存疑)
1189,IrSc,L10,101,2,-0.7752,-0.8026,-0.5352,-0.5626,0.5626,False,强亲氧Sc(表面稳定性存疑)
1190,MnMo3,L12,111,4,-0.8091,-0.8059,-0.5691,-0.5659,0.5659,False,含LOEO高误差元素Mn
1191,AlIn3,L12,111,5,0.2552,0.3266,0.4952,0.5666,0.5666,False,
1192,ReY3,L12,111,5,-1.0451,-0.8066,-0.8051,-0.5666,0.5666,False,强亲氧Y(表面稳定性存疑)
1193,LaY3,L12,111,4,-0.9224,-0.8076,-0.6824,-0.5676,0.5676,False,强亲氧La/Y(表面稳定性存疑)
1194,Cr3Ir,L12,111,5,-0.8276,-0.8076,-0.5876,-0.5676,0.5676,False,
1195,LaTi3,L12,111,4,-0.9534,-0.8078,-0.7134,-0.5678,0.5678,False,强亲氧La(表面稳定性存疑)
1196,Mn3W,L12,111,2,-0.5946,-0.8078,-0.3546,-0.5678,0.5678,False,含LOEO高误差元素Mn
1197,NbRe3,L12,111,6,-0.7755,-0.8081,-0.5355,-0.5681,0.5681,False,
1198,Al3Pb,L12,111,5,0.1939,0.3287,0.4339,0.5687,0.5687,False,
1199,CuMn,L10,101,6,1.2319,0.3292,1.4719,0.5692,0.5692,False,含LOEO高误差元素Mn
1200,TcV,L10,101,4,-0.7158,-0.8093,-0.4758,-0.5693,0.5693,False,含放射性Tc
1201,La,A1,111,4,-0.6876,-0.8097,-0.4476,-0.5697,0.5697,False,强亲氧La(表面稳定性存疑)
1202,CuTl,L10,101,3,0.1131,0.3298,0.3531,0.5698,0.5698,False,
1203,AuPb,L10,101,6,0.5021,0.3298,0.7421,0.5698,0.5698,False,
1204,TaY,L10,101,5,-0.9711,-0.8099,-0.7311,-0.5699,0.5699,False,强亲氧Y(表面稳定性存疑)
1205,FeZr,L10,101,5,-0.7781,-0.8109,-0.5381,-0.5709,0.5709,False,含LOEO高误差元素Fe
1206,AlCu,L10,101,8,0.3316,0.3312,0.5716,0.5712,0.5712,False,
1207,PdZn3,L12,111,6,0.3283,0.3325,0.5683,0.5725,0.5725,False,
1208,ReSc,L10,101,5,-0.7408,-0.8134,-0.5008,-0.5734,0.5734,False,强亲氧Sc(表面稳定性存疑)
1209,Cr3Re,L12,111,5,-0.9412,-0.8136,-0.7012,-0.5736,0.5736,False,
1210,AgZn,L10,101,7,0.4393,0.3338,0.6793,0.5738,0.5738,False,
1211,MnTl3,L12,111,2,0.1456,0.3342,0.3856,0.5742,0.5742,False,含LOEO高误差元素Mn
1212,Mo,A1,111,3,-0.9891,-0.8148,-0.7491,-0.5748,0.5748,False,
1213,PdSn3,L12,111,3,0.5187,0.3353,0.7587,0.5753,0.5753,False,
1214,AlGa,L10,101,3,0.2968,0.3357,0.5368,0.5757,0.5757,False,
1215,TcTi,L10,101,4,-0.8281,-0.8184,-0.5881,-0.5784,0.5784,False,含放射性Tc
1216,CrRe,L10,101,5,-0.634,-0.8186,-0.394,-0.5786,0.5786,False,
1217,FeNb,L10,101,2,-0.4746,-0.8189,-0.2346,-0.5789,0.5789,False,含LOEO高误差元素Fe
1218,LaSn3,L12,111,5,0.4417,0.3397,0.6817,0.5797,0.5797,False,强亲氧La(表面稳定性存疑)
1219,Mo3Ni,L12,111,4,-0.9021,-0.8206,-0.6621,-0.5806,0.5806,False,
1220,CoSc,L10,101,5,-0.8016,-0.8222,-0.5616,-0.5822,0.5822,False,强亲氧Sc(表面稳定性存疑)
1221,LaZr,L10,101,5,-0.8798,-0.8234,-0.6398,-0.5834,0.5834,False,强亲氧La(表面稳定性存疑)
1222,Mo3Pt,L12,111,4,-0.8805,-0.8235,-0.6405,-0.5835,0.5835,False,
1223,CoCr3,L12,111,3,-0.8428,-0.8236,-0.6028,-0.5836,0.5836,False,
1224,AlCd,L10,101,2,0.3113,0.3439,0.5513,0.5839,0.5839,False,
1225,FeHf,L10,101,4,-0.8501,-0.8247,-0.6101,-0.5847,0.5847,False,含LOEO高误差元素Fe
1226,IrY,L10,101,4,-0.7626,-0.825,-0.5226,-0.585,0.585,False,强亲氧Y(表面稳定性存疑)
1227,Mo3Tc,L12,111,5,-0.8044,-0.8264,-0.5644,-0.5864,0.5864,False,含放射性Tc
1228,CuZn3,L12,111,7,0.4088,0.3476,0.6488,0.5876,0.5876,False,
1229,AlZn3,L12,111,4,0.4581,0.3486,0.6981,0.5886,0.5886,False,
1230,AlAu,L10,101,3,0.2636,0.3489,0.5036,0.5889,0.5889,False,
1231,LaY,L10,101,5,-0.8468,-0.8289,-0.6068,-0.5889,0.5889,False,强亲氧La/Y(表面稳定性存疑)
1232,Au3Bi,L12,111,4,0.3253,0.3499,0.5653,0.5899,0.5899,False,含LOEO高误差元素Bi
1233,BiCu,L10,101,1,0.1745,0.3499,0.4145,0.5899,0.5899,False,含LOEO高误差元素Bi
1234,ScSn3,L12,111,7,0.4545,0.3503,0.6945,0.5903,0.5903,False,强亲氧Sc(表面稳定性存疑)
1235,Mo3Rh,L12,111,4,-0.8255,-0.8305,-0.5855,-0.5905,0.5905,False,
1236,IrW3,L12,111,4,-0.8567,-0.8305,-0.6167,-0.5905,0.5905,False,
1237,AuY3,L12,111,4,-1.0824,-0.8305,-0.8424,-0.5905,0.5905,False,强亲氧Y(表面稳定性存疑)
1238,CoMo3,L12,111,2,-0.8436,-0.8317,-0.6036,-0.5917,0.5917,False,
1239,OsZr,L10,101,6,-0.9845,-0.8327,-0.7445,-0.5927,0.5927,False,
1240,TaTc,L10,101,6,-0.7731,-0.8328,-0.5331,-0.5928,0.5928,False,含放射性Tc
1241,ScTc,L10,101,2,-0.8403,-0.8329,-0.6003,-0.5929,0.5929,False,含放射性Tc;强亲氧Sc(表面稳定性存疑)
1242,Cr3Ru,L12,111,6,-0.8356,-0.8332,-0.5956,-0.5932,0.5932,False,
1243,CuIn,L10,101,4,0.5264,0.354,0.7664,0.594,0.594,False,
1244,AgAu,L10,101,8,0.3196,0.3545,0.5596,0.5945,0.5945,False,
1245,Cr3Pd,L12,111,4,-0.9065,-0.8358,-0.6665,-0.5958,0.5958,False,
1246,InV3,L12,111,3,-0.9725,-0.8362,-0.7325,-0.5962,0.5962,False,
1247,Au3Sn,L12,111,4,0.368,0.3577,0.608,0.5977,0.5977,False,
1248,CuPb3,L12,111,3,0.2307,0.3579,0.4707,0.5979,0.5979,False,
1249,InW3,L12,111,2,-0.9655,-0.8379,-0.7255,-0.5979,0.5979,False,
1250,TiZn,L10,101,5,-0.7977,-0.8382,-0.5577,-0.5982,0.5982,False,
1251,MoW,L10,101,7,-0.7666,-0.8411,-0.5266,-0.6011,0.6011,False,
1252,GaV3,L12,111,2,-1.046,-0.8414,-0.806,-0.6014,0.6014,False,
1253,Mo3W,L12,111,4,-1.1135,-0.8417,-0.8735,-0.6017,0.6017,False,
1254,AlMo3,L12,111,3,-0.8961,-0.8418,-0.6561,-0.6018,0.6018,False,
1255,IrMo3,L12,111,4,-0.8023,-0.8424,-0.5623,-0.6024,0.6024,False,
1256,CrZr,L10,101,5,-0.9597,-0.8434,-0.7197,-0.6034,0.6034,False,
1257,La3Ti,L12,111,6,-0.761,-0.8444,-0.521,-0.6044,0.6044,False,强亲氧La(表面稳定性存疑)
1258,Pb3Pd,L12,111,3,0.3774,0.3653,0.6174,0.6053,0.6053,False,
1259,AuW3,L12,111,2,-1.0323,-0.8454,-0.7923,-0.6054,0.6054,False,
1260,Cr3Pt,L12,111,6,-0.8774,-0.8454,-0.6374,-0.6054,0.6054,False,
1261,TlV3,L12,111,3,-0.976,-0.8466,-0.736,-0.6066,0.6066,False,
1262,Cd3Cu,L12,111,9,0.4914,0.3668,0.7314,0.6068,0.6068,False,
1263,FeMo3,L12,111,4,-0.8274,-0.848,-0.5874,-0.608,0.608,False,含LOEO高误差元素Fe
1264,LaRu,L10,101,5,-0.8113,-0.8494,-0.5713,-0.6094,0.6094,False,强亲氧La(表面稳定性存疑)
1265,NiW3,L12,111,4,-0.8928,-0.8502,-0.6528,-0.6102,0.6102,False,
1266,MnSn3,L12,111,3,0.2054,0.3709,0.4454,0.6109,0.6109,False,含LOEO高误差元素Mn
1267,LaOs,L10,101,1,-0.9485,-0.8509,-0.7085,-0.6109,0.6109,False,强亲氧La(表面稳定性存疑)
1268,ReY,L10,101,2,0.3695,-0.8518,0.6095,-0.6118,0.6118,False,强亲氧Y(表面稳定性存疑)
1269,BiCu3,L12,111,3,0.1003,0.3723,0.3403,0.6123,0.6123,False,含LOEO高误差元素Bi
1270,Cr3Ta,L12,111,2,-1.1572,-0.8529,-0.9172,-0.6129,0.6129,False,
1271,AlZn,L10,101,5,0.4381,0.374,0.6781,0.614,0.614,False,
1272,LaSc,L10,101,5,-0.8401,-0.8542,-0.6001,-0.6142,0.6142,False,强亲氧La/Sc(表面稳定性存疑)
1273,RuSc,L10,101,4,-0.8257,-0.8543,-0.5857,-0.6143,0.6143,False,强亲氧Sc(表面稳定性存疑)
1274,ReZr,L10,101,4,-1.01,-0.8551,-0.77,-0.6151,0.6151,False,
1275,FeTi,L10,101,5,-0.7973,-0.8559,-0.5573,-0.6159,0.6159,False,含LOEO高误差元素Fe
1276,AlBi,L10,101,3,-0.0079,0.3762,0.2321,0.6162,0.6162,False,含LOEO高误差元素Bi
1277,Cd3Pd,L12,111,5,0.3924,0.3775,0.6324,0.6175,0.6175,False,
1278,Mo3Nb,L12,111,3,-0.822,-0.8592,-0.582,-0.6192,0.6192,False,
1279,MnV,L10,101,5,-1.3853,-0.8597,-1.1453,-0.6197,0.6197,False,含LOEO高误差元素Mn
1280,Cr3Hg,L12,111,3,-0.7517,-0.8602,-0.5117,-0.6202,0.6202,False,
1281,ReTi,L10,101,3,-0.9374,-0.8607,-0.6974,-0.6207,0.6207,False,
1282,AuCr3,L12,111,3,-0.8699,-0.8612,-0.6299,-0.6212,0.6212,False,
1283,CrSn3,L12,111,2,-0.0349,0.3814,0.2051,0.6214,0.6214,False,
1284,Cu3Sn,L12,111,3,0.0268,0.3826,0.2668,0.6226,0.6226,False,
1285,Mo3Pd,L12,111,4,-0.9337,-0.8627,-0.6937,-0.6227,0.6227,False,
1286,TlZn,L10,101,3,0.5333,0.3831,0.7733,0.6231,0.6231,False,
1287,Ag3Ga,L12,111,7,0.3678,0.385,0.6078,0.625,0.625,False,
1288,AlAu3,L12,111,4,0.3127,0.3852,0.5527,0.6252,0.6252,False,
1289,Al3Cd,L12,111,3,0.3015,0.3857,0.5415,0.6257,0.6257,False,
1290,AgMo3,L12,111,3,-0.9597,-0.8671,-0.7197,-0.6271,0.6271,False,
1291,RuY,L10,101,4,-0.8823,-0.8672,-0.6423,-0.6272,0.6272,False,强亲氧Y(表面稳定性存疑)
1292,Mo3Ta,L12,111,5,-0.8589,-0.8685,-0.6189,-0.6285,0.6285,False,
1293,FePb3,L12,111,1,0.8329,0.3905,1.0729,0.6305,0.6305,False,含LOEO高误差元素Fe
1294,Cr3Mo,L12,111,4,-1.3003,-0.8706,-1.0603,-0.6306,0.6306,False,
1295,HgMo3,L12,111,3,-0.8987,-0.8719,-0.6587,-0.6319,0.6319,False,
1296,Nb3Rh,L12,111,3,-1.0694,-0.8721,-0.8294,-0.6321,0.6321,False,
1297,MoTa,L10,101,2,-0.8092,-0.8725,-0.5692,-0.6325,0.6325,False,
1298,AgAl3,L12,111,4,0.3362,0.3934,0.5762,0.6334,0.6334,False,
1299,HfLa,L10,101,6,-0.8974,-0.874,-0.6574,-0.634,0.634,False,强亲氧La(表面稳定性存疑)
1300,CuHg,L10,101,5,0.1519,0.3941,0.3919,0.6341,0.6341,False,
1301,Cr3Ga,L12,111,4,-0.92,-0.8746,-0.68,-0.6346,0.6346,False,
1302,TcTl3,L12,111,2,0.952,0.3951,1.192,0.6351,0.6351,False,含放射性Tc
1303,Ga3Pd,L12,111,5,0.6394,0.3952,0.8794,0.6352,0.6352,False,
1304,ScW3,L12,111,5,-0.9024,-0.8753,-0.6624,-0.6353,0.6353,False,强亲氧Sc(表面稳定性存疑)
1305,PtSn3,L12,111,1,0.0364,0.3966,0.2764,0.6366,0.6366,False,
1306,TcW3,L12,111,4,-0.8983,-0.8799,-0.6583,-0.6399,0.6399,False,含放射性Tc
1307,Al3Zn,L12,111,5,0.3741,0.4013,0.6141,0.6413,0.6413,False,
1308,Mn3Mo,L12,111,2,-0.5379,-0.8819,-0.2979,-0.6419,0.6419,False,含LOEO高误差元素Mn
1309,Sn3Y,L12,111,3,0.5303,0.402,0.7703,0.642,0.642,False,强亲氧Y(表面稳定性存疑)
1310,Re3Y,L12,111,6,-0.8715,-0.8826,-0.6315,-0.6426,0.6426,False,强亲氧Y(表面稳定性存疑)
1311,CuSn,L10,101,4,0.3381,0.4028,0.5781,0.6428,0.6428,False,
1312,Mo3V,L12,111,1,0.2009,-0.8828,0.4409,-0.6428,0.6428,False,
1313,MnPb3,L12,111,3,0.0974,0.4037,0.3374,0.6437,0.6437,False,含LOEO高误差元素Mn
1314,Au3Hg,L12,111,2,0.3798,0.4038,0.6198,0.6438,0.6438,False,
1315,MnTa,L10,101,3,-0.8385,-0.8844,-0.5985,-0.6444,0.6444,False,含LOEO高误差元素Mn
1316,LaSc3,L12,111,5,-0.9057,-0.8851,-0.6657,-0.6451,0.6451,False,强亲氧La/Sc(表面稳定性存疑)
1317,CrMo3,L12,111,4,-0.8126,-0.8861,-0.5726,-0.6461,0.6461,False,
1318,RhY3,L12,111,1,0.0567,-0.8867,0.2967,-0.6467,0.6467,False,强亲氧Y(表面稳定性存疑)
1319,CrSc,L10,101,1,-0.9092,-0.8882,-0.6692,-0.6482,0.6482,False,强亲氧Sc(表面稳定性存疑)
1320,AuPb3,L12,111,3,0.3562,0.4082,0.5962,0.6482,0.6482,False,
1321,OsY,L10,101,4,-1.0258,-0.8887,-0.7858,-0.6487,0.6487,False,强亲氧Y(表面稳定性存疑)
1322,Cr3Zn,L12,111,4,-0.9649,-0.8897,-0.7249,-0.6497,0.6497,False,
1323,AlY3,L12,111,3,-1.0991,-0.8906,-0.8591,-0.6506,0.6506,False,强亲氧Y(表面稳定性存疑)
1324,TiY,L10,101,4,-0.9631,-0.8909,-0.7231,-0.6509,0.6509,False,强亲氧Y(表面稳定性存疑)
1325,FeSc,L10,101,4,-0.7482,-0.8914,-0.5082,-0.6514,0.6514,False,强亲氧Sc(表面稳定性存疑);含LOEO高误差元素Fe
1326,AlCd3,L12,111,3,0.3206,0.412,0.5606,0.652,0.652,False,
1327,WZr,L10,101,6,-0.9184,-0.8926,-0.6784,-0.6526,0.6526,False,
1328,MnZr,L10,101,5,-0.7554,-0.8937,-0.5154,-0.6537,0.6537,False,含LOEO高误差元素Mn
1329,Cr3Hf,L12,111,1,0.138,-0.8941,0.378,-0.6541,0.6541,False,
1330,Ga3Rh,L12,111,3,0.2696,0.4144,0.5096,0.6544,0.6544,False,
1331,MnNb,L10,101,2,-0.7621,-0.8947,-0.5221,-0.6547,0.6547,False,含LOEO高误差元素Mn
1332,Au3Zn,L12,111,4,0.4565,0.4148,0.6965,0.6548,0.6548,False,
1333,LaZr3,L12,111,5,-0.9346,-0.8951,-0.6946,-0.6551,0.6551,False,强亲氧La(表面稳定性存疑)
1334,Al3Au,L12,111,3,0.3353,0.4163,0.5753,0.6563,0.6563,False,
1335,AgZn3,L12,111,3,0.5288,0.4169,0.7688,0.6569,0.6569,False,
1336,Al,A1,111,3,0.3025,0.4184,0.5425,0.6584,0.6584,False,
1337,Hf3La,L12,111,4,-0.8797,-0.8989,-0.6397,-0.6589,0.6589,False,强亲氧La(表面稳定性存疑)
1338,ScTc3,L12,111,6,-0.709,-0.8994,-0.469,-0.6594,0.6594,False,含放射性Tc;强亲氧Sc(表面稳定性存疑)
1339,CuGa,L10,101,5,0.4049,0.4195,0.6449,0.6595,0.6595,False,
1340,HfOs,L10,101,4,-0.9601,-0.9027,-0.7201,-0.6627,0.6627,False,
1341,AlHg3,L12,111,2,0.2342,0.4234,0.4742,0.6634,0.6634,False,
1342,ReV,L10,101,4,-0.8004,-0.9052,-0.5604,-0.6652,0.6652,False,
1343,PtW3,L12,111,3,-0.9266,-0.9059,-0.6866,-0.6659,0.6659,False,
1344,GaW3,L12,111,3,-0.9225,-0.9061,-0.6825,-0.6661,0.6661,False,
1345,NbRe,L10,101,4,-0.8832,-0.9061,-0.6432,-0.6661,0.6661,False,
1346,PdW3,L12,111,3,-0.9522,-0.9064,-0.7122,-0.6664,0.6664,False,
1347,HfMo,L10,101,4,-0.8695,-0.9071,-0.6295,-0.6671,0.6671,False,
1348,NbZr,L10,101,4,-0.9376,-0.9075,-0.6976,-0.6675,0.6675,False,
1349,MoZr,L10,101,5,-0.8717,-0.908,-0.6317,-0.668,0.668,False,
1350,Ag3Tl,L12,111,2,0.7931,0.4283,1.0331,0.6683,0.6683,False,
1351,Au3Cd,L12,111,5,0.3968,0.43,0.6368,0.67,0.67,False,
1352,Mo3Re,L12,111,5,-0.8339,-0.9108,-0.5939,-0.6708,0.6708,False,
1353,CrFe,L10,101,5,-0.6638,-0.9124,-0.4238,-0.6724,0.6724,False,含LOEO高误差元素Fe
1354,CuSn3,L12,111,2,0.9081,0.4338,1.1481,0.6738,0.6738,False,
1355,CdMo3,L12,111,4,-0.9257,-0.9148,-0.6857,-0.6748,0.6748,False,
1356,AuFe3,L12,111,1,1.0181,0.4356,1.2581,0.6756,0.6756,False,含LOEO高误差元素Fe
1357,V3Y,L12,111,3,-0.8013,-0.916,-0.5613,-0.676,0.676,False,强亲氧Y(表面稳定性存疑)
1358,AuSn3,L12,111,3,0.4231,0.4364,0.6631,0.6764,0.6764,False,
1359,ScW,L10,101,6,-0.9729,-0.9166,-0.7329,-0.6766,0.6766,False,强亲氧Sc(表面稳定性存疑)
1360,Hg3Pd,L12,111,3,0.5965,0.4401,0.8365,0.6801,0.6801,False,
1361,Au3In,L12,111,4,0.3516,0.4415,0.5916,0.6815,0.6815,False,
1362,HfRe,L10,101,5,-0.9952,-0.9245,-0.7552,-0.6845,0.6845,False,
1363,CuIn3,L12,111,5,0.2899,0.4454,0.5299,0.6854,0.6854,False,
1364,Nb,A1,111,3,-0.9436,-0.9255,-0.7036,-0.6855,0.6855,False,
1365,NbSn3,L12,111,3,-0.0226,0.4458,0.2174,0.6858,0.6858,False,
1366,AgCr3,L12,111,4,-0.8646,-0.9264,-0.6246,-0.6864,0.6864,False,
1367,BiPd,L10,101,4,0.3206,0.4466,0.5606,0.6866,0.6866,False,含LOEO高误差元素Bi
1368,TcZr,L10,101,6,-0.9087,-0.9281,-0.6687,-0.6881,0.6881,False,含放射性Tc
1369,NiTa3,L12,111,2,-1.0006,-0.9305,-0.7606,-0.6905,0.6905,False,
1370,CrHf,L10,101,3,-0.9851,-0.931,-0.7451,-0.691,0.691,False,
1371,MoSc,L10,101,5,-0.8804,-0.9324,-0.6404,-0.6924,0.6924,False,强亲氧Sc(表面稳定性存疑)
1372,ScTi,L10,101,5,-0.9866,-0.9338,-0.7466,-0.6938,0.6938,False,强亲氧Sc(表面稳定性存疑)
1373,AuMo3,L12,111,3,-0.9662,-0.9352,-0.7262,-0.6952,0.6952,False,
1374,Cr3Cu,L12,111,4,-0.9632,-0.9355,-0.7232,-0.6955,0.6955,False,
1375,ReTa,L10,101,4,-0.868,-0.9357,-0.628,-0.6957,0.6957,False,
1376,AuIn,L10,101,4,0.5106,0.4566,0.7506,0.6966,0.6966,False,
1377,AuHg,L10,101,2,0.5184,0.4569,0.7584,0.6969,0.6969,False,
1378,PbZn,L10,101,3,0.4747,0.4571,0.7147,0.6971,0.6971,False,
1379,Cr3Sc,L12,111,2,-0.785,-0.9385,-0.545,-0.6985,0.6985,False,强亲氧Sc(表面稳定性存疑)
1380,AlW3,L12,111,3,-0.9253,-0.9389,-0.6853,-0.6989,0.6989,False,
1381,PtV3,L12,111,3,-0.9927,-0.9414,-0.7527,-0.7014,0.7014,False,
1382,Ti3Tl,L12,111,2,-1.1235,-0.9415,-0.8835,-0.7015,0.7015,False,
1383,MnTl,L10,101,1,1.5742,0.4617,1.8142,0.7017,0.7017,False,含LOEO高误差元素Mn
1384,HfTc,L10,101,5,-0.8826,-0.9418,-0.6426,-0.7018,0.7018,False,含放射性Tc
1385,Nb3Y,L12,111,3,-0.854,-0.9434,-0.614,-0.7034,0.7034,False,强亲氧Y(表面稳定性存疑)
1386,AuZn3,L12,111,3,0.4518,0.4634,0.6918,0.7034,0.7034,False,
1387,ScV3,L12,111,5,-0.8886,-0.9442,-0.6486,-0.7042,0.7042,False,强亲氧Sc(表面稳定性存疑)
1388,AuCd3,L12,111,8,0.6809,0.4645,0.9209,0.7045,0.7045,False,
1389,Pb3Zn,L12,111,2,0.4225,0.4646,0.6625,0.7046,0.7046,False,
1390,CdW3,L12,111,3,-1.038,-0.9455,-0.798,-0.7055,0.7055,False,
1391,NbTi,L10,101,4,-0.9597,-0.9455,-0.7197,-0.7055,0.7055,False,
1392,Hg3Ni,L12,111,1,0.29,0.4657,0.53,0.7057,0.7057,False,
1393,W3Zr,L12,111,3,-0.8005,-0.9461,-0.5605,-0.7061,0.7061,False,
1394,ScV,L10,101,6,-0.9152,-0.9465,-0.6752,-0.7065,0.7065,False,强亲氧Sc(表面稳定性存疑)
1395,Nb3Ti,L12,111,3,-1.0514,-0.9476,-0.8114,-0.7076,0.7076,False,
1396,VZr,L10,101,3,-0.9767,-0.9484,-0.7367,-0.7084,0.7084,False,
1397,ReW3,L12,111,7,-0.8951,-0.949,-0.6551,-0.709,0.709,False,
1398,AuV3,L12,111,2,-1.0203,-0.9491,-0.7803,-0.7091,0.7091,False,
1399,TcY3,L12,111,6,-1.047,-0.9494,-0.807,-0.7094,0.7094,False,含放射性Tc;强亲氧Y(表面稳定性存疑)
1400,VY3,L12,111,4,-1.006,-0.9499,-0.766,-0.7099,0.7099,False,强亲氧Y(表面稳定性存疑)
1401,GaTl,L10,101,5,0.5097,0.47,0.7497,0.71,0.71,False,
1402,MnW3,L12,111,4,-0.8567,-0.9503,-0.6167,-0.7103,0.7103,False,含LOEO高误差元素Mn
1403,NbY,L10,101,5,-0.9172,-0.9511,-0.6772,-0.7111,0.7111,False,强亲氧Y(表面稳定性存疑)
1404,Ti3Zr,L12,111,4,-1.0113,-0.953,-0.7713,-0.713,0.713,False,
1405,TiW,L10,101,4,-0.9261,-0.9537,-0.6861,-0.7137,0.7137,False,
1406,V3Zr,L12,111,5,-0.9418,-0.9542,-0.7018,-0.7142,0.7142,False,
1407,AuNb3,L12,111,3,-1.0415,-0.9544,-0.8015,-0.7144,0.7144,False,
1408,AuSn,L10,101,5,0.5387,0.4748,0.7787,0.7148,0.7148,False,
1409,Nb3Pd,L12,111,4,-1.0093,-0.9555,-0.7693,-0.7155,0.7155,False,
1410,ScY,L10,101,4,-0.9876,-0.9562,-0.7476,-0.7162,0.7162,False,强亲氧Sc/Y(表面稳定性存疑)
1411,Y,A1,111,3,-0.9701,-0.9573,-0.7301,-0.7173,0.7173,False,强亲氧Y(表面稳定性存疑)
1412,NbV,L10,101,4,-0.9188,-0.9585,-0.6788,-0.7185,0.7185,False,
1413,PbV3,L12,111,2,-0.939,-0.959,-0.699,-0.719,0.719,False,
1414,CuY3,L12,111,3,-1.0599,-0.9591,-0.8199,-0.7191,0.7191,False,强亲氧Y(表面稳定性存疑)
1415,AgW3,L12,111,3,-1.0489,-0.9597,-0.8089,-0.7197,0.7197,False,
1416,Nb3Zr,L12,111,2,-0.9884,-0.9615,-0.7484,-0.7215,0.7215,False,
1417,ScTa,L10,101,4,-1.0018,-0.9621,-0.7618,-0.7221,0.7221,False,强亲氧Sc(表面稳定性存疑)
1418,Ga3Pt,L12,111,6,0.2603,0.4825,0.5003,0.7225,0.7225,False,
1419,ScZr,L10,101,7,-0.9719,-0.9625,-0.7319,-0.7225,0.7225,False,强亲氧Sc(表面稳定性存疑)
1420,AgPb,L10,101,7,0.6027,0.4833,0.8427,0.7233,0.7233,False,
1421,RhV3,L12,111,2,-0.9435,-0.9639,-0.7035,-0.7239,0.7239,False,
1422,Hf3Y,L12,111,5,-0.9765,-0.9645,-0.7365,-0.7245,0.7245,False,强亲氧Y(表面稳定性存疑)
1423,Au3Ga,L12,111,2,0.4808,0.485,0.7208,0.725,0.725,False,
1424,MnY3,L12,111,2,-1.0687,-0.965,-0.8287,-0.725,0.725,False,强亲氧Y(表面稳定性存疑);含LOEO高误差元素Mn
1425,TaV,L10,101,5,-0.9064,-0.965,-0.6664,-0.725,0.725,False,
1426,Zr,A1,111,3,-0.9923,-0.9652,-0.7523,-0.7252,0.7252,False,
1427,TaW,L10,101,5,-0.9136,-0.9653,-0.6736,-0.7253,0.7253,False,
1428,HfSc,L10,101,7,-0.9923,-0.9665,-0.7523,-0.7265,0.7265,False,强亲氧Sc(表面稳定性存疑)
1429,NbY3,L12,111,6,-0.9829,-0.9668,-0.7429,-0.7268,0.7268,False,强亲氧Y(表面稳定性存疑)
1430,AuZn,L10,101,7,0.5244,0.4873,0.7644,0.7273,0.7273,False,
1431,TiZr,L10,101,4,-1.0244,-0.9674,-0.7844,-0.7274,0.7274,False,
1432,CuMo3,L12,111,4,-0.9552,-0.9679,-0.7152,-0.7279,0.7279,False,
1433,Zn,A1,111,4,0.5527,0.4892,0.7927,0.7292,0.7292,False,
1434,InZn3,L12,111,7,0.4804,0.4893,0.7204,0.7293,0.7293,False,
1435,HfTi,L10,101,6,-1.0342,-0.9705,-0.7942,-0.7305,0.7305,False,
1436,CuW3,L12,111,4,-0.9388,-0.9708,-0.6988,-0.7308,0.7308,False,
1437,CrTi,L10,101,5,-0.9412,-0.9719,-0.7012,-0.7319,0.7319,False,
1438,CdZn3,L12,111,7,0.5215,0.492,0.7615,0.732,0.732,False,
1439,AlCr3,L12,111,2,-0.9367,-0.972,-0.6967,-0.732,0.732,False,
1440,ScTa3,L12,111,3,-0.9972,-0.9728,-0.7572,-0.7328,0.7328,False,强亲氧Sc(表面稳定性存疑)
1441,Ti3Y,L12,111,4,-0.9597,-0.9728,-0.7197,-0.7328,0.7328,False,强亲氧Y(表面稳定性存疑)
1442,Sc,A1,111,3,-1.0031,-0.973,-0.7631,-0.733,0.733,False,强亲氧Sc(表面稳定性存疑)
1443,RhZr3,L12,111,2,-1.0971,-0.9731,-0.8571,-0.7331,0.7331,False,
1444,HfY3,L12,111,5,-0.9774,-0.9734,-0.7374,-0.7334,0.7334,False,强亲氧Y(表面稳定性存疑)
1445,HfZr,L10,101,8,-0.9995,-0.9739,-0.7595,-0.7339,0.7339,False,
1446,HgW3,L12,111,3,-1.032,-0.9752,-0.792,-0.7352,0.7352,False,
1447,YZr,L10,101,7,-0.95,-0.9757,-0.71,-0.7357,0.7357,False,强亲氧Y(表面稳定性存疑)
1448,PdTl3,L12,111,3,0.2144,0.4961,0.4544,0.7361,0.7361,False,
1449,Hf3Rh,L12,111,4,-1.0848,-0.9769,-0.8448,-0.7369,0.7369,False,
1450,VW,L10,101,5,-0.9021,-0.9769,-0.6621,-0.7369,0.7369,False,
1451,NbSc,L10,101,6,-0.9422,-0.9773,-0.7022,-0.7373,0.7373,False,强亲氧Sc(表面稳定性存疑)
1452,NiSn3,L12,111,1,0.1847,0.4974,0.4247,0.7374,0.7374,False,
1453,HfNb,L10,101,5,-0.9405,-0.9775,-0.7005,-0.7375,0.7375,False,
1454,CuGa3,L12,111,3,0.5066,0.4977,0.7466,0.7377,0.7377,False,
1455,HfW3,L12,111,4,-0.835,-0.9782,-0.595,-0.7382,0.7382,False,
1456,ScY3,L12,111,4,-0.9856,-0.9782,-0.7456,-0.7382,0.7382,False,强亲氧Sc/Y(表面稳定性存疑)
1457,RuV3,L12,111,1,-1.223,-0.9791,-0.983,-0.7391,0.7391,False,
1458,SnZn,L10,101,3,0.559,0.4999,0.799,0.7399,0.7399,False,
1459,Y3Zn,L12,111,4,-1.0801,-0.9804,-0.8401,-0.7404,0.7404,False,强亲氧Y(表面稳定性存疑)
1460,Ta3Y,L12,111,4,-0.8907,-0.9805,-0.6507,-0.7405,0.7405,False,强亲氧Y(表面稳定性存疑)
1461,Y3Zr,L12,111,4,-0.9511,-0.9805,-0.7111,-0.7405,0.7405,False,强亲氧Y(表面稳定性存疑)
1462,CrW,L10,101,4,-0.7322,-0.981,-0.4922,-0.741,0.741,False,
1463,YZr3,L12,111,2,-0.9725,-0.9815,-0.7325,-0.7415,0.7415,False,强亲氧Y(表面稳定性存疑)
1464,TaTi,L10,101,5,-1.01,-0.9815,-0.77,-0.7415,0.7415,False,
1465,ScZr3,L12,111,2,-0.9633,-0.9817,-0.7233,-0.7417,0.7417,False,强亲氧Sc(表面稳定性存疑)
1466,SnV3,L12,111,2,-0.9846,-0.9821,-0.7446,-0.7421,0.7421,False,
1467,NbTa,L10,101,4,-0.9725,-0.9826,-0.7325,-0.7426,0.7426,False,
1468,HfW,L10,101,6,-0.8887,-0.983,-0.6487,-0.743,0.743,False,
1469,Nb3Sc,L12,111,5,-0.9337,-0.983,-0.6937,-0.743,0.743,False,强亲氧Sc(表面稳定性存疑)
1470,TaZr,L10,101,5,-0.9901,-0.9833,-0.7501,-0.7433,0.7433,False,
1471,PbZn3,L12,111,5,0.5021,0.5034,0.7421,0.7434,0.7434,False,
1472,Nb3Ni,L12,111,3,-0.9948,-0.9839,-0.7548,-0.7439,0.7439,False,
1473,FeNb3,L12,111,1,-0.9778,-0.9849,-0.7378,-0.7449,0.7449,False,含LOEO高误差元素Fe
1474,OsY3,L12,111,2,-1.0268,-0.985,-0.7868,-0.745,0.745,False,强亲氧Y(表面稳定性存疑)
1475,HfY,L10,101,7,-0.9794,-0.9859,-0.7394,-0.7459,0.7459,False,强亲氧Y(表面稳定性存疑)
1476,Sn3Tl,L12,111,3,0.5917,0.506,0.8317,0.746,0.746,False,
1477,FeZr3,L12,111,3,-0.9624,-0.9868,-0.7224,-0.7468,0.7468,False,含LOEO高误差元素Fe
1478,Nb3Sn,L12,111,2,-1.0364,-0.987,-0.7964,-0.747,0.747,False,
1479,Re3Sc,L12,111,4,-0.7149,-0.989,-0.4749,-0.749,0.749,False,强亲氧Sc(表面稳定性存疑)
1480,Sc3Y,L12,111,2,-0.9761,-0.9891,-0.7361,-0.7491,0.7491,False,强亲氧Sc/Y(表面稳定性存疑)
1481,HfTa,L10,101,4,-0.9893,-0.9895,-0.7493,-0.7495,0.7495,False,
1482,AuTa3,L12,111,2,-1.1318,-0.9901,-0.8918,-0.7501,0.7501,False,
1483,Hf,A1,111,4,-0.9969,-0.9904,-0.7569,-0.7504,0.7504,False,
1484,CrV,L10,101,5,-0.8789,-0.9908,-0.6389,-0.7508,0.7508,False,
1485,AgGa,L10,101,9,0.576,0.5113,0.816,0.7513,0.7513,False,
1486,SnTl3,L12,111,4,0.4138,0.512,0.6538,0.752,0.752,False,
1487,Sc3Zr,L12,111,3,-0.9532,-0.9925,-0.7132,-0.7525,0.7525,False,强亲氧Sc(表面稳定性存疑)
1488,Ta,A1,111,3,-1.0197,-0.9934,-0.7797,-0.7534,0.7534,False,
1489,RhSc3,L12,111,2,-1.1448,-0.9936,-0.9048,-0.7536,0.7536,False,强亲氧Sc(表面稳定性存疑)
1490,AgGa3,L12,111,8,0.6737,0.5137,0.9137,0.7537,0.7537,False,
1491,MoW3,L12,111,6,-0.8658,-0.9947,-0.6258,-0.7547,0.7547,False,
1492,SnZn3,L12,111,3,0.4849,0.5148,0.7249,0.7548,0.7548,False,
1493,PdV3,L12,111,1,-0.9985,-0.9953,-0.7585,-0.7553,0.7553,False,
1494,NbSc3,L12,111,3,-0.9758,-0.9956,-0.7358,-0.7556,0.7556,False,强亲氧Sc(表面稳定性存疑)
1495,MnNi3,L12,111,2,-0.4144,0.5159,-0.1744,0.7559,0.7559,False,含LOEO高误差元素Mn
1496,Hf3Sc,L12,111,7,-0.9975,-0.9965,-0.7575,-0.7565,0.7565,False,强亲氧Sc(表面稳定性存疑)
1497,HfSc3,L12,111,3,-1.0085,-0.9976,-0.7685,-0.7576,0.7576,False,强亲氧Sc(表面稳定性存疑)
1498,RuY3,L12,111,3,-1.0649,-0.9982,-0.8249,-0.7582,0.7582,False,强亲氧Y(表面稳定性存疑)
1499,CrHf3,L12,111,3,-1.0658,-0.9984,-0.8258,-0.7584,0.7584,False,
1500,TiY3,L12,111,5,-0.9884,-0.9989,-0.7484,-0.7589,0.7589,False,强亲氧Y(表面稳定性存疑)
1501,HfV,L10,101,5,-1.0124,-0.9991,-0.7724,-0.7591,0.7591,False,
1502,OsV3,L12,111,1,-1.1902,-0.9992,-0.9502,-0.7592,0.7592,False,
1503,TiV,L10,101,5,-0.9599,-0.9995,-0.7199,-0.7595,0.7595,False,
1504,IrNb3,L12,111,3,-1.0972,-1.0005,-0.8572,-0.7605,0.7605,False,
1505,CrZr3,L12,111,5,-1.0106,-1.0014,-0.7706,-0.7614,0.7614,False,
1506,AlV3,L12,111,3,-1.044,-1.0015,-0.804,-0.7615,0.7615,False,
1507,AuGa3,L12,111,6,0.6294,0.522,0.8694,0.762,0.762,False,
1508,GaNb3,L12,111,3,-1.0163,-1.002,-0.7763,-0.762,0.762,False,
1509,MnZr3,L12,111,3,-0.9772,-1.0022,-0.7372,-0.7622,0.7622,False,含LOEO高误差元素Mn
1510,AgV3,L12,111,2,-1.0231,-1.0024,-0.7831,-0.7624,0.7624,False,
1511,NbTi3,L12,111,5,-0.989,-1.0028,-0.749,-0.7628,0.7628,False,
1512,ScTi3,L12,111,4,-0.9967,-1.0038,-0.7567,-0.7638,0.7638,False,强亲氧Sc(表面稳定性存疑)
1513,MnTi,L10,101,5,-0.8176,-1.0043,-0.5776,-0.7643,0.7643,False,含LOEO高误差元素Mn
1514,HfV3,L12,111,5,-0.9498,-1.0044,-0.7098,-0.7644,0.7644,False,
1515,Ga3Pb,L12,111,7,0.5562,0.5253,0.7962,0.7653,0.7653,False,
1516,V,A1,111,3,-0.9957,-1.0055,-0.7557,-0.7655,0.7655,False,
1517,Nb3V,L12,111,3,-1.1576,-1.0059,-0.9176,-0.7659,0.7659,False,
1518,InNb3,L12,111,2,-1.0142,-1.0061,-0.7742,-0.7661,0.7661,False,
1519,Sc3V,L12,111,3,-1.0343,-1.0063,-0.7943,-0.7663,0.7663,False,强亲氧Sc(表面稳定性存疑)
1520,Nb3Ru,L12,111,1,-0.021,-1.0066,0.219,-0.7666,0.7666,False,
1521,Hf3Mn,L12,111,3,-1.0208,-1.0069,-0.7808,-0.7669,0.7669,False,含LOEO高误差元素Mn
1522,AgNb3,L12,111,2,-1.0393,-1.0078,-0.7993,-0.7678,0.7678,False,
1523,NiV3,L12,111,3,-1.0123,-1.008,-0.7723,-0.768,0.768,False,
1524,WY3,L12,111,4,-1.0048,-1.008,-0.7648,-0.768,0.768,False,强亲氧Y(表面稳定性存疑)
1525,TiZr3,L12,111,5,-1.0207,-1.0082,-0.7807,-0.7682,0.7682,False,
1526,Hf3Zr,L12,111,7,-0.9944,-1.0085,-0.7544,-0.7685,0.7685,False,
1527,Nb3Zn,L12,111,2,-1.0538,-1.0086,-0.8138,-0.7686,0.7686,False,
1528,HfZr3,L12,111,4,-1.0042,-1.0086,-0.7642,-0.7686,0.7686,False,
1529,TaY3,L12,111,6,-0.9737,-1.009,-0.7337,-0.769,0.769,False,强亲氧Y(表面稳定性存疑)
1530,Ti3V,L12,111,4,-1.0513,-1.0095,-0.8113,-0.7695,0.7695,False,
1531,W3Zn,L12,111,3,-0.9919,-1.0097,-0.7519,-0.7697,0.7697,False,
1532,Ta3Zr,L12,111,2,-0.9932,-1.0107,-0.7532,-0.7707,0.7707,False,
1533,AuIn3,L12,111,5,0.5299,0.5309,0.7699,0.7709,0.7709,False,
1534,NbZr3,L12,111,4,-1.0464,-1.0109,-0.8064,-0.7709,0.7709,False,
1535,HfTi3,L12,111,2,-1.0188,-1.0118,-0.7788,-0.7718,0.7718,False,
1536,HgV3,L12,111,2,-1.0456,-1.012,-0.8056,-0.772,0.772,False,
1537,RhTa3,L12,111,3,-1.0409,-1.0124,-0.8009,-0.7724,0.7724,False,
1538,GaZn,L10,101,5,0.5877,0.5325,0.8277,0.7725,0.7725,False,
1539,GaTa3,L12,111,2,-1.0281,-1.0126,-0.7881,-0.7726,0.7726,False,
1540,CrY3,L12,111,3,-1.0277,-1.0139,-0.7877,-0.7739,0.7739,False,强亲氧Y(表面稳定性存疑)
1541,Hf3Ni,L12,111,2,-1.0183,-1.0146,-0.7783,-0.7746,0.7746,False,
1542,WZr3,L12,111,2,-1.0318,-1.0151,-0.7918,-0.7751,0.7751,False,
1543,HfNb3,L12,111,1,-0.974,-1.0153,-0.734,-0.7753,0.7753,False,
1544,Sc3Ta,L12,111,3,-0.9746,-1.0153,-0.7346,-0.7753,0.7753,False,强亲氧Sc(表面稳定性存疑)
1545,InTa3,L12,111,2,-1.0622,-1.0165,-0.8222,-0.7765,0.7765,False,
1546,AlTa3,L12,111,2,-1.0317,-1.0168,-0.7917,-0.7768,0.7768,False,
1547,Hf3Ti,L12,111,6,-1.0414,-1.0169,-0.8014,-0.7769,0.7769,False,
1548,Nb3Tl,L12,111,3,-1.026,-1.0172,-0.786,-0.7772,0.7772,False,
1549,Nb3Pb,L12,111,2,-1.0179,-1.0174,-0.7779,-0.7774,0.7774,False,
1550,AuHf3,L12,111,3,-1.0807,-1.0182,-0.8407,-0.7782,0.7782,False,
1551,CrTa,L10,101,6,-0.9064,-1.0192,-0.6664,-0.7792,0.7792,False,
1552,Ga3Tl,L12,111,4,0.4313,0.5397,0.6713,0.7797,0.7797,False,
1553,Ag3Bi,L12,111,4,0.438,0.54,0.678,0.78,0.78,False,含LOEO高误差元素Bi
1554,Tl3Zn,L12,111,3,0.5057,0.5409,0.7457,0.7809,0.7809,False,
1555,Sc3Ti,L12,111,3,-0.9986,-1.0211,-0.7586,-0.7811,0.7811,False,强亲氧Sc(表面稳定性存疑)
1556,Ta3Ti,L12,111,2,-1.0443,-1.0211,-0.8043,-0.7811,0.7811,False,
1557,VZr3,L12,111,3,-1.0212,-1.0214,-0.7812,-0.7814,0.7814,False,
1558,PtTa3,L12,111,3,-1.0346,-1.0215,-0.7946,-0.7815,0.7815,False,
1559,Hf3Mo,L12,111,5,-1.1031,-1.0232,-0.8631,-0.7832,0.7832,False,
1560,IrZr3,L12,111,2,-1.0892,-1.0235,-0.8492,-0.7835,0.7835,False,
1561,PdTa3,L12,111,4,-1.0054,-1.0241,-0.7654,-0.7841,0.7841,False,
1562,CrSc3,L12,111,3,-1.0742,-1.0244,-0.8342,-0.7844,0.7844,False,强亲氧Sc(表面稳定性存疑)
1563,GaTl3,L12,111,4,0.4986,0.5448,0.7386,0.7848,0.7848,False,
1564,TlZn3,L12,111,4,0.4347,0.5451,0.6747,0.7851,0.7851,False,
1565,Ag3Hg,L12,111,3,0.8015,0.5457,1.0415,0.7857,0.7857,False,
1566,MnTa3,L12,111,3,-0.9562,-1.0263,-0.7162,-0.7863,0.7863,False,含LOEO高误差元素Mn
1567,BiGa,L10,101,1,0.8939,0.5464,1.1339,0.7864,0.7864,False,含LOEO高误差元素Bi
1568,SnTa3,L12,111,2,-1.06,-1.0269,-0.82,-0.7869,0.7869,False,
1569,Sn3Zn,L12,111,6,0.4675,0.5471,0.7075,0.7871,0.7871,False,
1570,Ga,A1,111,4,0.6488,0.5487,0.8888,0.7887,0.7887,False,
1571,CrTi3,L12,111,3,-1.072,-1.0301,-0.832,-0.7901,0.7901,False,
1572,NiZr3,L12,111,1,-0.9372,-1.0302,-0.6972,-0.7902,0.7902,False,
1573,ReZr3,L12,111,3,-1.0471,-1.0307,-0.8071,-0.7907,0.7907,False,
1574,AuCd,L10,101,3,0.5153,0.5511,0.7553,0.7911,0.7911,False,
1575,CdV3,L12,111,2,-1.044,-1.0319,-0.804,-0.7919,0.7919,False,
1576,Hf3Nb,L12,111,4,-1.0599,-1.0324,-0.8199,-0.7924,0.7924,False,
1577,GaSn,L10,101,5,0.596,0.5524,0.836,0.7924,0.7924,False,
1578,TiV3,L12,111,2,-0.9815,-1.0326,-0.7415,-0.7926,0.7926,False,
1579,AgPb3,L12,111,5,0.6534,0.5526,0.8934,0.7926,0.7926,False,
1580,CuTa3,L12,111,3,-1.0334,-1.033,-0.7934,-0.793,0.793,False,
1581,Bi3Cu,L12,111,1,1.0283,0.5532,1.2683,0.7932,0.7932,False,含LOEO高误差元素Bi
1582,Hg3Zn,L12,111,5,0.7715,0.5534,1.0115,0.7934,0.7934,False,
1583,CdTa3,L12,111,2,-1.0699,-1.0339,-0.8299,-0.7939,0.7939,False,
1584,AlZr3,L12,111,4,-1.0413,-1.0341,-0.8013,-0.7941,0.7941,False,
1585,CoHf3,L12,111,2,-1.0162,-1.0346,-0.7762,-0.7946,0.7946,False,
1586,TaZr3,L12,111,3,-1.0423,-1.0348,-0.8023,-0.7948,0.7948,False,
1587,CuV3,L12,111,4,-1.0398,-1.0349,-0.7998,-0.7949,0.7949,False,
1588,HgNb3,L12,111,3,-1.077,-1.0349,-0.837,-0.7949,0.7949,False,
1589,GaY3,L12,111,3,-1.1026,-1.0372,-0.8626,-0.7972,0.7972,False,强亲氧Y(表面稳定性存疑)
1590,CrNb3,L12,111,1,0.1918,-1.0381,0.4318,-0.7981,0.7981,False,
1591,CdZn,L10,101,5,0.5825,0.559,0.8225,0.799,0.799,False,
1592,MoY3,L12,111,4,-1.0206,-1.0403,-0.7806,-0.8003,0.8003,False,强亲氧Y(表面稳定性存疑)
1593,CuHg3,L12,111,1,0.5046,0.5604,0.7446,0.8004,0.8004,False,
1594,Ta3Tl,L12,111,2,-1.0622,-1.0411,-0.8222,-0.8011,0.8011,False,
1595,Hf3V,L12,111,4,-1.0618,-1.0416,-0.8218,-0.8016,0.8016,False,
1596,TaTi3,L12,111,4,-1.0164,-1.0416,-0.7764,-0.8016,0.8016,False,
1597,ReTi3,L12,111,2,-1.0735,-1.0422,-0.8335,-0.8022,0.8022,False,
1598,AlTi3,L12,111,3,-1.0809,-1.0425,-0.8409,-0.8025,0.8025,False,
1599,InZn,L10,101,7,0.5212,0.5633,0.7612,0.8033,0.8033,False,
1600,Ga3Sn,L12,111,3,0.5496,0.5633,0.7896,0.8033,0.8033,False,
1601,Ta3Zn,L12,111,2,-1.0691,-1.0434,-0.8291,-0.8034,0.8034,False,
1602,Hf3Re,L12,111,3,-1.101,-1.0436,-0.861,-0.8036,0.8036,False,
1603,V3Zn,L12,111,2,-1.0656,-1.0438,-0.8256,-0.8038,0.8038,False,
1604,BiCd3,L12,111,3,0.6993,0.5641,0.9393,0.8041,0.8041,False,含LOEO高误差元素Bi
1605,Cr3Tc,L12,111,3,-0.942,-1.0441,-0.702,-0.8041,0.8041,False,含放射性Tc
1606,PbTa3,L12,111,2,-1.0422,-1.0443,-0.8022,-0.8043,0.8043,False,
1607,CuNb3,L12,111,5,-1.0264,-1.0443,-0.7864,-0.8043,0.8043,False,
1608,HgZn3,L12,111,3,0.4418,0.5651,0.6818,0.8051,0.8051,False,
1609,Hf3W,L12,111,4,-1.1007,-1.0454,-0.8607,-0.8054,0.8054,False,
1610,GaPb,L10,101,7,0.6386,0.5658,0.8786,0.8058,0.8058,False,
1611,Ta3V,L12,111,4,-1.0706,-1.0462,-0.8306,-0.8062,0.8062,False,
1612,Pb3Sn,L12,111,3,0.5312,0.5668,0.7712,0.8068,0.8068,False,
1613,SnTl,L10,101,4,0.5398,0.5671,0.7798,0.8071,0.8071,False,
1614,Cd3Ga,L12,111,5,0.709,0.5673,0.949,0.8073,0.8073,False,
1615,CdNb3,L12,111,3,-1.0647,-1.0473,-0.8247,-0.8073,0.8073,False,
1616,Nb3Pt,L12,111,5,-1.0029,-1.0487,-0.7629,-0.8087,0.8087,False,
1617,PdZr3,L12,111,3,-1.0016,-1.0491,-0.7616,-0.8091,0.8091,False,
1618,CuZr3,L12,111,5,-1.0128,-1.0495,-0.7728,-0.8095,0.8095,False,
1619,FeSc3,L12,111,2,-1.1397,-1.0502,-0.8997,-0.8102,0.8102,False,强亲氧Sc(表面稳定性存疑);含LOEO高误差元素Fe
1620,CdGa3,L12,111,6,0.6196,0.5708,0.8596,0.8108,0.8108,False,
1621,Ti,A1,111,3,-1.0104,-1.0513,-0.7704,-0.8113,0.8113,False,
1622,AuBi3,L12,111,3,0.3279,0.5715,0.5679,0.8115,0.8115,False,含LOEO高误差元素Bi
1623,PbY3,L12,111,3,-1.1032,-1.0526,-0.8632,-0.8126,0.8126,False,强亲氧Y(表面稳定性存疑)
1624,ReSc3,L12,111,4,-1.0851,-1.0533,-0.8451,-0.8133,0.8133,False,强亲氧Sc(表面稳定性存疑)
1625,AgTa3,L12,111,3,-1.0374,-1.0551,-0.7974,-0.8151,0.8151,False,
1626,MoZr3,L12,111,2,-1.0432,-1.0554,-0.8032,-0.8154,0.8154,False,
1627,AlHf3,L12,111,4,-1.0386,-1.0562,-0.7986,-0.8162,0.8162,False,
1628,AlNb3,L12,111,4,-0.992,-1.0563,-0.752,-0.8163,0.8163,False,
1629,CoTi3,L12,111,1,-1.0623,-1.0575,-0.8223,-0.8175,0.8175,False,
1630,In3Zn,L12,111,7,0.5156,0.5778,0.7556,0.8178,0.8178,False,
1631,IrSc3,L12,111,2,-1.1564,-1.0586,-0.9164,-0.8186,0.8186,False,强亲氧Sc(表面稳定性存疑)
1632,RhTi3,L12,111,1,-1.093,-1.0595,-0.853,-0.8195,0.8195,False,
1633,PdTi3,L12,111,3,-1.0613,-1.0601,-0.8213,-0.8201,0.8201,False,
1634,TcZr3,L12,111,3,-1.0244,-1.0602,-0.7844,-0.8202,0.8202,False,含放射性Tc
1635,Hf3Zn,L12,111,3,-1.0628,-1.0608,-0.8228,-0.8208,0.8208,False,
1636,Hf3Tc,L12,111,4,-1.136,-1.0608,-0.896,-0.8208,0.8208,False,含放射性Tc
1637,PbTi3,L12,111,2,-1.1064,-1.0616,-0.8664,-0.8216,0.8216,False,
1638,GaPb3,L12,111,9,0.6937,0.5818,0.9337,0.8218,0.8218,False,
1639,NiTi3,L12,111,3,-1.0497,-1.0622,-0.8097,-0.8222,0.8222,False,
1640,Nb3Re,L12,111,2,-1.2627,-1.0623,-1.0227,-0.8223,0.8223,False,
1641,GaZn3,L12,111,5,0.4639,0.5826,0.7039,0.8226,0.8226,False,
1642,Ti3W,L12,111,3,-1.0505,-1.0628,-0.8105,-0.8228,0.8228,False,
1643,PtZr3,L12,111,3,-1.0156,-1.0629,-0.7756,-0.8229,0.8229,False,
1644,AlSc3,L12,111,3,-1.1437,-1.0631,-0.9037,-0.8231,0.8231,False,强亲氧Sc(表面稳定性存疑)
1645,CdGa,L10,101,7,0.6278,0.5831,0.8678,0.8231,0.8231,False,
1646,IrY3,L12,111,1,-0.0868,-1.0631,0.1532,-0.8231,0.8231,False,强亲氧Y(表面稳定性存疑)
1647,PtTi3,L12,111,4,-1.0653,-1.0635,-0.8253,-0.8235,0.8235,False,
1648,PbSn3,L12,111,4,0.5402,0.5838,0.7802,0.8238,0.8238,False,
1649,MnTi3,L12,111,3,-1.0072,-1.0641,-0.7672,-0.8241,0.8241,False,含LOEO高误差元素Mn
1650,AgZr3,L12,111,3,-1.0387,-1.0643,-0.7987,-0.8243,0.8243,False,
1651,CrV3,L12,111,2,-1.033,-1.0644,-0.793,-0.8244,0.8244,False,
1652,Hf3Pd,L12,111,4,-1.0477,-1.0644,-0.8077,-0.8244,0.8244,False,
1653,Hf3Ta,L12,111,6,-1.0556,-1.0649,-0.8156,-0.8249,0.8249,False,
1654,W,A1,111,3,-0.8795,-1.0656,-0.6395,-0.8256,0.8256,False,
1655,AgCd3,L12,111,5,0.7762,0.5866,1.0162,0.8266,0.8266,False,
1656,Sc3Tc,L12,111,3,-1.105,-1.0671,-0.865,-0.8271,0.8271,False,含放射性Tc;强亲氧Sc(表面稳定性存疑)
1657,Ga3Hg,L12,111,4,0.5645,0.5872,0.8045,0.8272,0.8272,False,
1658,Ag3Pb,L12,111,5,0.3461,0.5874,0.5861,0.8274,0.8274,False,
1659,TlZr3,L12,111,2,-1.1166,-1.0696,-0.8766,-0.8296,0.8296,False,
1660,Hf3Pt,L12,111,3,-1.0653,-1.0705,-0.8253,-0.8305,0.8305,False,
1661,Sc3W,L12,111,3,-1.0242,-1.0709,-0.7842,-0.8309,0.8309,False,强亲氧Sc(表面稳定性存疑)
1662,RuZr3,L12,111,2,-1.1136,-1.0732,-0.8736,-0.8332,0.8332,False,
1663,TlY3,L12,111,2,-1.1114,-1.0738,-0.8714,-0.8338,0.8338,False,强亲氧Y(表面稳定性存疑)
1664,Hf3Ir,L12,111,5,-1.0621,-1.0751,-0.8221,-0.8351,0.8351,False,
1665,GaHf3,L12,111,3,-1.0425,-1.0758,-0.8025,-0.8358,0.8358,False,
1666,FeTa3,L12,111,2,-1.0007,-1.0765,-0.7607,-0.8365,0.8365,False,含LOEO高误差元素Fe
1667,PbSn,L10,101,3,0.5554,0.5968,0.7954,0.8368,0.8368,False,
1668,InZr3,L12,111,2,-1.0917,-1.0772,-0.8517,-0.8372,0.8372,False,
1669,AuZr3,L12,111,2,-1.0465,-1.078,-0.8065,-0.838,0.838,False,
1670,SnZr3,L12,111,2,-1.0477,-1.0782,-0.8077,-0.8382,0.8382,False,
1671,CrTa3,L12,111,2,-1.1249,-1.0784,-0.8849,-0.8384,0.8384,False,
1672,Hf3Tl,L12,111,3,-1.0972,-1.0794,-0.8572,-0.8394,0.8394,False,
1673,HgZr3,L12,111,2,-1.0851,-1.0794,-0.8451,-0.8394,0.8394,False,
1674,PbZr3,L12,111,2,-1.0788,-1.0796,-0.8388,-0.8396,0.8396,False,
1675,CdTi3,L12,111,2,-1.1197,-1.0797,-0.8797,-0.8397,0.8397,False,
1676,ZnZr3,L12,111,2,-1.0478,-1.0813,-0.8078,-0.8413,0.8413,False,
1677,CuHf3,L12,111,2,-1.0394,-1.0832,-0.7994,-0.8432,0.8432,False,
1678,GaZr3,L12,111,3,-1.0671,-1.0836,-0.8271,-0.8436,0.8436,False,
1679,SnY3,L12,111,4,-1.0993,-1.0844,-0.8593,-0.8444,0.8444,False,强亲氧Y(表面稳定性存疑)
1680,GaTi3,L12,111,2,-1.0903,-1.0851,-0.8503,-0.8451,0.8451,False,
1681,In3Sn,L12,111,6,0.5244,0.6052,0.7644,0.8452,0.8452,False,
1682,SnTi3,L12,111,2,-1.1064,-1.0855,-0.8664,-0.8455,0.8455,False,
1683,TiW3,L12,111,2,-1.0537,-1.0862,-0.8137,-0.8462,0.8462,False,
1684,IrTi3,L12,111,4,-1.0581,-1.0863,-0.8181,-0.8463,0.8463,False,
1685,CuTi3,L12,111,5,-1.0787,-1.0863,-0.8387,-0.8463,0.8463,False,
1686,HgTa3,L12,111,2,-1.0718,-1.0865,-0.8318,-0.8465,0.8465,False,
1687,AgHf3,L12,111,3,-1.0658,-1.0867,-0.8258,-0.8467,0.8467,False,
1688,Hf3Hg,L12,111,2,-1.1037,-1.0868,-0.8637,-0.8468,0.8468,False,
1689,NbW,L10,101,4,-1.35,-1.0883,-1.11,-0.8483,0.8483,False,
1690,Hf3Os,L12,111,3,-1.1065,-1.0887,-0.8665,-0.8487,0.8487,False,
1691,CdZr3,L12,111,3,-1.0761,-1.0888,-0.8361,-0.8488,0.8488,False,
1692,CdHf3,L12,111,3,-1.0936,-1.0892,-0.8536,-0.8492,0.8492,False,
1693,Hf3Sn,L12,111,3,-1.0388,-1.0901,-0.7988,-0.8501,0.8501,False,
1694,Hf3Pb,L12,111,2,-1.0607,-1.0904,-0.8207,-0.8504,0.8504,False,
1695,InTi3,L12,111,2,-1.1079,-1.0908,-0.8679,-0.8508,0.8508,False,
1696,TaV3,L12,111,2,-1.023,-1.0911,-0.783,-0.8511,0.8511,False,
1697,PdY3,L12,111,3,-1.0538,-1.0913,-0.8138,-0.8513,0.8513,False,强亲氧Y(表面稳定性存疑)
1698,MoSc3,L12,111,4,-1.0382,-1.0915,-0.7982,-0.8515,0.8515,False,强亲氧Sc(表面稳定性存疑)
1699,Hf3Ru,L12,111,3,-1.1211,-1.0925,-0.8811,-0.8525,0.8525,False,
1700,CdY3,L12,111,3,-1.1096,-1.0928,-0.8696,-0.8528,0.8528,False,强亲氧Y(表面稳定性存疑)
1701,AgBi,L10,101,4,0.5529,0.613,0.7929,0.853,0.853,False,含LOEO高误差元素Bi
1702,OsZr3,L12,111,3,-0.9961,-1.0943,-0.7561,-0.8543,0.8543,False,
1703,Ga3In,L12,111,4,0.6013,0.6153,0.8413,0.8553,0.8553,False,
1704,CuTl3,L12,111,4,0.2815,0.6157,0.5215,0.8557,0.8557,False,
1705,AgTi3,L12,111,2,-1.1142,-1.096,-0.8742,-0.856,0.856,False,
1706,RhTl3,L12,111,2,-0.2414,0.6163,-0.0014,0.8563,0.8563,False,
1707,AgSn3,L12,111,7,0.6961,0.617,0.9361,0.857,0.857,False,
1708,GaIn,L10,101,5,0.6473,0.6176,0.8873,0.8576,0.8576,False,
1709,InY3,L12,111,3,-1.121,-1.0977,-0.881,-0.8577,0.8577,False,强亲氧Y(表面稳定性存疑)
1710,HgTi3,L12,111,3,-1.1293,-1.0982,-0.8893,-0.8582,0.8582,False,
1711,Ag3Sn,L12,111,4,0.3734,0.6187,0.6134,0.8587,0.8587,False,
1712,Ti3Zn,L12,111,3,-1.1052,-1.0988,-0.8652,-0.8588,0.8588,False,
1713,HgY3,L12,111,2,-1.1137,-1.0997,-0.8737,-0.8597,0.8597,False,强亲氧Y(表面稳定性存疑)
1714,Hf3In,L12,111,3,-1.0809,-1.0997,-0.8409,-0.8597,0.8597,False,
1715,TcV3,L12,111,2,-1.3201,-1.1016,-1.0801,-0.8616,0.8616,False,含放射性Tc
1716,TaW3,L12,111,2,-1.2758,-1.1017,-1.0358,-0.8617,0.8617,False,
1717,PtSc3,L12,111,2,-1.1555,-1.1026,-0.9155,-0.8626,0.8626,False,强亲氧Sc(表面稳定性存疑)
1718,GaIn3,L12,111,4,0.632,0.6228,0.872,0.8628,0.8628,False,
1719,Cd3Zn,L12,111,5,0.5908,0.6275,0.8308,0.8675,0.8675,False,
1720,AgY3,L12,111,4,-1.0834,-1.1085,-0.8434,-0.8685,0.8685,False,强亲氧Y(表面稳定性存疑)
1721,MoV3,L12,111,1,-1.2635,-1.1085,-1.0235,-0.8685,0.8685,False,
1722,OsTi3,L12,111,2,-1.0861,-1.1087,-0.8461,-0.8687,0.8687,False,
1723,CdSn3,L12,111,2,0.8041,0.6294,1.0441,0.8694,0.8694,False,
1724,TcTi3,L12,111,3,-1.085,-1.1106,-0.845,-0.8706,0.8706,False,含放射性Tc
1725,AuTi3,L12,111,2,-1.102,-1.1124,-0.862,-0.8724,0.8724,False,
1726,IrTa3,L12,111,3,-1.1152,-1.113,-0.8752,-0.873,0.873,False,
1727,PdSc3,L12,111,4,-1.1533,-1.1133,-0.9133,-0.8733,0.8733,False,强亲氧Sc(表面稳定性存疑)
1728,GaHg,L10,101,3,0.5618,0.6334,0.8018,0.8734,0.8734,False,
1729,RuTi3,L12,111,2,-1.1279,-1.1139,-0.8879,-0.8739,0.8739,False,
1730,BiPb,L10,101,3,0.7593,0.6343,0.9993,0.8743,0.8743,False,含LOEO高误差元素Bi
1731,RuTa3,L12,111,2,-1.2154,-1.1161,-0.9754,-0.8761,0.8761,False,
1732,OsSc3,L12,111,2,-1.1284,-1.1168,-0.8884,-0.8768,0.8768,False,强亲氧Sc(表面稳定性存疑)
1733,InSn,L10,101,6,0.5754,0.6374,0.8154,0.8774,0.8774,False,
1734,ReTa3,L12,111,2,-1.2392,-1.1179,-0.9992,-0.8779,0.8779,False,
1735,AgIn3,L12,111,8,0.6964,0.6381,0.9364,0.8781,0.8781,False,
1736,Nb3Ta,L12,111,2,-1.1394,-1.1186,-0.8994,-0.8786,0.8786,False,
1737,AgSn,L10,101,7,0.6816,0.6403,0.9216,0.8803,0.8803,False,
1738,Nb3Tc,L12,111,3,-0.9848,-1.1207,-0.7448,-0.8807,0.8807,False,含放射性Tc
1739,CdTl,L10,101,7,0.7361,0.6413,0.9761,0.8813,0.8813,False,
1740,Ga3Zn,L12,111,5,0.5718,0.6416,0.8118,0.8816,0.8816,False,
1741,V3W,L12,111,2,-1.1904,-1.1243,-0.9504,-0.8843,0.8843,False,
1742,GaSn3,L12,111,4,0.5842,0.6451,0.8242,0.8851,0.8851,False,
1743,Sc3Sn,L12,111,2,-1.1659,-1.126,-0.9259,-0.886,0.886,False,强亲氧Sc(表面稳定性存疑)
1744,ReV3,L12,111,2,-0.9895,-1.1272,-0.7495,-0.8872,0.8872,False,
1745,Cr3W,L12,111,2,-0.639,-1.1287,-0.399,-0.8887,0.8887,False,
1746,NbTa3,L12,111,2,-1.0851,-1.1287,-0.8451,-0.8887,0.8887,False,
1747,RuSc3,L12,111,3,-1.1367,-1.129,-0.8967,-0.889,0.889,False,强亲氧Sc(表面稳定性存疑)
1748,OsTa3,L12,111,5,-1.0422,-1.1294,-0.8022,-0.8894,0.8894,False,
1749,InSn3,L12,111,3,0.5849,0.6559,0.8249,0.8959,0.8959,False,
1750,CuSc3,L12,111,4,-1.1997,-1.1365,-0.9597,-0.8965,0.8965,False,强亲氧Sc(表面稳定性存疑)
1751,MoTi3,L12,111,3,-1.0696,-1.1368,-0.8296,-0.8968,0.8968,False,
1752,HgSc3,L12,111,2,-1.1867,-1.1391,-0.9467,-0.8991,0.8991,False,强亲氧Sc(表面稳定性存疑)
1753,AgIn,L10,101,10,0.6588,0.6598,0.8988,0.8998,0.8998,False,
1754,Fe3Tl,L12,111,3,0.1637,0.6604,0.4037,0.9004,0.9004,False,含LOEO高误差元素Fe
1755,CoV3,L12,111,1,-1.0711,-1.1427,-0.8311,-0.9027,0.9027,False,
1756,InSc3,L12,111,2,-1.165,-1.1428,-0.925,-0.9028,0.9028,False,强亲氧Sc(表面稳定性存疑)
1757,Sc3Zn,L12,111,2,-1.1592,-1.1434,-0.9192,-0.9034,0.9034,False,强亲氧Sc(表面稳定性存疑)
1758,VW3,L12,111,5,-1.3012,-1.1441,-1.0612,-0.9041,0.9041,False,
1759,PbSc3,L12,111,2,-1.1694,-1.1501,-0.9294,-0.9101,0.9101,False,强亲氧Sc(表面稳定性存疑)
1760,IrV3,L12,111,2,-1.0334,-1.1501,-0.7934,-0.9101,0.9101,False,
1761,In,A1,111,3,0.8629,0.6711,1.1029,0.9111,0.9111,False,
1762,MnZn,L10,101,5,-0.1883,0.6734,0.0517,0.9134,0.9134,False,含LOEO高误差元素Mn
1763,AgSc3,L12,111,2,-1.1699,-1.1546,-0.9299,-0.9146,0.9146,False,强亲氧Sc(表面稳定性存疑)
1764,CdSn,L10,101,5,0.5711,0.6751,0.8111,0.9151,0.9151,False,
1765,NbV3,L12,111,3,-1.0923,-1.1553,-0.8523,-0.9153,0.9153,False,
1766,BiSn,L10,101,1,0.9019,0.676,1.1419,0.916,0.916,False,含LOEO高误差元素Bi
1767,CdPb3,L12,111,8,0.6987,0.6761,0.9387,0.9161,0.9161,False,
1768,BiIn,L10,101,2,0.8237,0.6761,1.0637,0.9161,0.9161,False,含LOEO高误差元素Bi
1769,Sc3Tl,L12,111,2,-1.1748,-1.1567,-0.9348,-0.9167,0.9167,False,强亲氧Sc(表面稳定性存疑)
1770,GaSc3,L12,111,2,-1.1606,-1.1567,-0.9206,-0.9167,0.9167,False,强亲氧Sc(表面稳定性存疑)
1771,CdSc3,L12,111,2,-1.1754,-1.1595,-0.9354,-0.9195,0.9195,False,强亲氧Sc(表面稳定性存疑)
1772,HgPb3,L12,111,4,0.7375,0.6831,0.9775,0.9231,0.9231,False,
1773,PbTl,L10,101,5,0.7084,0.6838,0.9484,0.9238,0.9238,False,
1774,HgIn3,L12,111,4,0.6789,0.6839,0.9189,0.9239,0.9239,False,
1775,AgTl,L10,101,4,0.5993,0.6842,0.8393,0.9242,0.9242,False,
1776,Cd3Sn,L12,111,4,0.6956,0.6888,0.9356,0.9288,0.9288,False,
1777,CdTl3,L12,111,4,0.7341,0.6895,0.9741,0.9295,0.9295,False,
1778,Ta3Tc,L12,111,2,-1.299,-1.1697,-1.059,-0.9297,0.9297,False,含放射性Tc
1779,Cd3Pb,L12,111,4,0.6501,0.6911,0.8901,0.9311,0.9311,False,
1780,AuSc3,L12,111,2,-1.1755,-1.1717,-0.9355,-0.9317,0.9317,False,强亲氧Sc(表面稳定性存疑)
1781,HgTl,L10,101,6,0.8337,0.6922,1.0737,0.9322,0.9322,False,
1782,AgTl3,L12,111,6,0.6429,0.6928,0.8829,0.9328,0.9328,False,
1783,CdPb,L10,101,5,0.6614,0.6933,0.9014,0.9333,0.9333,False,
1784,PbTl3,L12,111,5,0.6637,0.6986,0.9037,0.9386,0.9386,False,
1785,Ta3W,L12,111,6,-1.1163,-1.179,-0.8763,-0.939,0.939,False,
1786,In3Pb,L12,111,8,0.7593,0.6996,0.9993,0.9396,0.9396,False,
1787,MoTa3,L12,111,2,-1.2212,-1.1799,-0.9812,-0.9399,0.9399,False,
1788,InTl,L10,101,7,0.6214,0.7034,0.8614,0.9434,0.9434,False,
1789,InTl3,L12,111,3,0.6974,0.705,0.9374,0.945,0.945,False,
1790,In3Tl,L12,111,7,0.6774,0.708,0.9174,0.948,0.948,False,
1791,Cd3In,L12,111,7,0.7559,0.7102,0.9959,0.9502,0.9502,False,
1792,HgSn3,L12,111,4,0.6001,0.7113,0.8401,0.9513,0.9513,False,
1793,Sn,A1,111,4,0.4577,0.7136,0.6977,0.9536,0.9536,False,
1794,Bi3Cd,L12,111,2,0.9763,0.7143,1.2163,0.9543,0.9543,False,含LOEO高误差元素Bi
1795,PtTl3,L12,111,4,-0.197,0.7143,0.043,0.9543,0.9543,False,
1796,AgCd,L10,101,9,0.518,0.7185,0.758,0.9585,0.9585,False,
1797,CdIn3,L12,111,7,0.6948,0.7211,0.9348,0.9611,0.9611,False,
1798,CdIn,L10,101,8,0.6912,0.7242,0.9312,0.9642,0.9642,False,
1799,HgPb,L10,101,2,0.8997,0.7246,1.1397,0.9646,0.9646,False,
1800,Pb3Tl,L12,111,7,0.6827,0.7301,0.9227,0.9701,0.9701,False,
1801,Bi3Pd,L12,111,3,0.4175,0.731,0.6575,0.971,0.971,False,含LOEO高误差元素Bi
1802,MnPb,L10,101,1,2.7394,0.7313,2.9794,0.9713,0.9713,False,含LOEO高误差元素Mn
1803,Hg3Tl,L12,111,8,1.1243,0.7333,1.3643,0.9733,0.9733,False,
1804,InPb,L10,101,10,0.7697,0.734,1.0097,0.974,0.974,False,
1805,Cd3Tl,L12,111,7,0.7074,0.7422,0.9474,0.9822,0.9822,False,
1806,Tl,A1,111,3,0.9528,0.7515,1.1928,0.9915,0.9915,False,
1807,AgBi3,L12,111,3,0.5619,0.7517,0.8019,0.9917,0.9917,False,含LOEO高误差元素Bi
1808,Cd,A1,111,4,0.8254,0.7639,1.0654,1.0039,1.0039,False,
1809,BiTl,L10,101,3,0.4888,0.7643,0.7288,1.0043,1.0043,False,含LOEO高误差元素Bi
1810,NbW3,L12,111,5,-1.2613,-1.2485,-1.0213,-1.0085,1.0085,False,
1811,Pb,A1,111,3,0.7542,0.7732,0.9942,1.0132,1.0132,False,
1812,HgTl3,L12,111,5,0.7026,0.7734,0.9426,1.0134,1.0134,False,
1813,GaHg3,L12,111,5,0.7381,0.7751,0.9781,1.0151,1.0151,False,
1814,HgIn,L10,101,4,0.7329,0.7777,0.9729,1.0177,1.0177,False,
1815,Tl3W,L12,111,3,-0.6467,0.7879,-0.4067,1.0279,1.0279,False,
1816,InPb3,L12,111,5,0.7329,0.8001,0.9729,1.0401,1.0401,False,
1817,Nb3W,L12,111,4,-1.2306,-1.3016,-0.9906,-1.0616,1.0616,False,
1818,BiHg,L10,101,3,0.4631,0.8262,0.7031,1.0662,1.0662,False,含LOEO高误差元素Bi
1819,RuTl3,L12,111,2,0.9947,0.8266,1.2347,1.0666,1.0666,False,
1820,AgHg,L10,101,4,0.8759,0.8304,1.1159,1.0704,1.0704,False,
1821,Hg3Sn,L12,111,1,0.9813,0.8364,1.2213,1.0764,1.0764,False,
1822,CdHg,L10,101,3,0.8832,0.8368,1.1232,1.0768,1.0768,False,
1823,MnSn,L10,101,3,0.7874,0.8538,1.0274,1.0938,1.0938,False,含LOEO高误差元素Mn
1824,Bi,A1,111,2,0.9374,0.8646,1.1774,1.1046,1.1046,False,含LOEO高误差元素Bi
1825,CdHg3,L12,111,5,0.9789,0.9233,1.2189,1.1633,1.1633,False,
1826,AgHg3,L12,111,1,0.9169,0.9309,1.1569,1.1709,1.1709,False,
1827,Cr,A1,111,3,-0.8786,-1.4368,-0.6386,-1.1968,1.1968,False,
1828,Hg3In,L12,111,6,0.8917,0.9844,1.1317,1.2244,1.2244,False,
1829,Hg3Pb,L12,111,4,0.6891,0.9896,0.9291,1.2296,1.2296,False,
1830,AuMn,L10,101,1,2.7355,1.0308,2.9755,1.2708,1.2708,False,含LOEO高误差元素Mn
1831,CdFe3,L12,111,1,0.7985,1.0369,1.0385,1.2769,1.2769,False,含LOEO高误差元素Fe
1832,AgMn,L10,101,4,2.437,1.0372,2.677,1.2772,1.2772,False,含LOEO高误差元素Mn
1833,InMn,L10,101,2,0.3468,1.101,0.5868,1.341,1.341,False,含LOEO高误差元素Mn
1834,CdMn,L10,101,3,0.5798,1.1598,0.8198,1.3998,1.3998,False,含LOEO高误差元素Mn
1835,HgMn,L10,101,2,1.6984,1.3212,1.9384,1.5612,1.5612,False,含LOEO高误差元素Mn
1836,BiMn,L10,101,2,0.4562,1.6832,0.6962,1.9232,1.9232,False,含LOEO高误差元素Bi/Mn
