comp,facet,term,adsorbate,energy_eV,dataset_src,n_raw,n_elements,en_wmean,en_max,en_min,en_range,en_wstd,radius_wmean,radius_max,radius_min,radius_range,radius_wstd,group_wmean,group_max,group_min,group_range,group_wstd,period_wmean,period_max,period_min,period_range,period_wstd,ie1_wmean,ie1_max,ie1_min,ie1_range,ie1_wstd,d_el_wmean,d_el_max,d_el_min,d_el_range,d_el_wstd,facet_111,facet_211,term_AA,term_AB,term_BB,term_none,ads_CO,ads_O
Ag,111,none,CO,-0.05,"DACAPO, RPBE @ CAMD/SUNCAT",1,1,1.93,1.93,1.93,0.0,0.0,160.0,160.0,160.0,0.0,0.0,11.0,11.0,11.0,0.0,0.0,5.0,5.0,5.0,0.0,0.0,7.576234,7.576234,7.576234,0.0,0.0,10.0,10.0,10.0,0.0,0.0,1,0,0,0,0,1,1,0
Ag,211,none,CO,0.067,"DACAPO, RPBE @ CAMD/SUNCAT",1,1,1.93,1.93,1.93,0.0,0.0,160.0,160.0,160.0,0.0,0.0,11.0,11.0,11.0,0.0,0.0,5.0,5.0,5.0,0.0,0.0,7.576234,7.576234,7.576234,0.0,0.0,10.0,10.0,10.0,0.0,0.0,0,1,0,0,0,1,1,0
Ag3Al,111,none,CO,0.256524751,"SUNCAT alloys, DACAPO/RPBE",1,2,1.85,1.93,1.61,0.31999999999999984,0.1385640646055101,151.25,160.0,125.0,35.0,15.155444566227676,11.5,13.0,11.0,2.0,0.8660254037844386,4.5,5.0,3.0,2.0,0.8660254037844386,7.178617750000001,7.576234,5.985769,1.590465,0.6886915469150087,7.5,10.0,0.0,10.0,4.330127018922194,1,0,0,0,0,1,1,0
Ag3Au,111,none,CO,0.0465247509975,"SUNCAT alloys, DACAPO/RPBE",1,2,2.0475,2.4,1.93,0.47,0.20351596988934306,153.75,160.0,135.0,25.0,10.825317547305483,11.0,11.0,11.0,0.0,0.0,5.25,6.0,5.0,1.0,0.4330127018922193,7.988564,9.225554,7.576234,1.6493200000000003,0.7141765094848753,10.0,10.0,10.0,0.0,0.0,1,0,0,0,0,1,1,0
Ag3Cd,111,none,CO,-0.0234752489986,"SUNCAT alloys, DACAPO/RPBE",1,2,1.87,1.93,1.69,0.24,0.10392304845413264,158.75,160.0,155.0,5.0,2.165063509461097,11.25,12.0,11.0,1.0,0.4330127018922193,5.0,5.0,5.0,0.0,0.0,7.9306305,8.99382,7.576234,1.4175859999999991,0.6138327440245832,10.0,10.0,10.0,0.0,0.0,1,0,0,0,0,1,1,0
Ag3Ga,111,none,CO,-0.0234752489986,"SUNCAT alloys, DACAPO/RPBE",1,2,1.9,1.93,1.81,0.11999999999999988,0.05196152422706627,152.5,160.0,130.0,30.0,12.99038105676658,11.5,13.0,11.0,2.0,0.8660254037844386,4.75,5.0,4.0,1.0,0.4330127018922193,7.1820010000000005,7.576234,5.999302,1.5769320000000002,0.6828315860203013,10.0,10.0,10.0,0.0,0.0,1,0,0,0,0,1,1,0
Ag3In,111,none,CO,-0.0734752490015,"SUNCAT alloys, DACAPO/RPBE",1,2,1.8925,1.93,1.78,0.1499999999999999,0.06495190528383286,158.75,160.0,155.0,5.0,2.165063509461097,11.5,13.0,11.0,2.0,0.8660254037844386,5.0,5.0,5.0,0.0,0.0,7.12876445,7.576234,5.7863558,1.7898782000000004,0.7750399954399823,10.0,10.0,10.0,0.0,0.0,1,0,0,0,0,1,1,0
Ag3Pd,111,none,CO,1.076524751,"SUNCAT alloys, DACAPO/RPBE",1,2,1.9975,2.2,1.93,0.27000000000000024,0.11691342951089932,155.0,160.0,140.0,20.0,8.660254037844387,10.75,11.0,10.0,1.0,0.4330127018922193,5.0,5.0,5.0,0.0,0.0,7.766385250000001,8.336839,7.576234,0.7606049999999991,0.3293516261227311,10.0,10.0,10.0,0.0,0.0,1,0,0,0,0,1,1,0
Ag3Pt,111,none,CO,1.536524751,"SUNCAT alloys, DACAPO/RPBE",1,2,1.9975,2.2,1.93,0.27000000000000024,0.11691342951089932,153.75,160.0,135.0,25.0,10.825317547305483,10.75,11.0,10.0,1.0,0.4330127018922193,5.25,6.0,5.0,1.0,0.4330127018922193,7.921883000000001,8.95883,7.576234,1.3825960000000004,0.5986816295853751,9.75,10.0,9.0,1.0,0.4330127018922193,1,0,0,0,0,1,1,0
Ag3Sc,111,none,CO,0.856524751002,"SUNCAT alloys, DACAPO/RPBE",1,2,1.7875,1.93,1.36,0.5699999999999998,0.24681724007856495,160.0,160.0,160.0,0.0,0.0,9.0,11.0,3.0,8.0,3.4641016151377544,4.75,5.0,4.0,1.0,0.4330127018922193,7.322548,7.576234,6.56149,1.0147440000000003,0.4393970411689183,7.75,10.0,1.0,9.0,3.897114317029974,1,0,0,0,0,1,1,0
Ag3Y,111,none,CO,0.766524750999,"SUNCAT alloys, DACAPO/RPBE",1,2,1.7525,1.93,1.22,0.71,0.3074390183434757,165.0,180.0,160.0,20.0,8.660254037844387,9.0,11.0,3.0,8.0,3.4641016151377544,5.0,5.0,5.0,0.0,0.0,7.2364905,7.576234,6.21726,1.3589740000000008,0.5884530035412772,7.75,10.0,1.0,9.0,3.897114317029974,1,0,0,0,0,1,1,0
Ag3Zn,111,none,CO,0.00652475100026,"SUNCAT alloys, DACAPO/RPBE",1,2,1.8599999999999999,1.93,1.65,0.28,0.12124355652982143,153.75,160.0,135.0,25.0,10.825317547305483,11.25,12.0,11.0,1.0,0.4330127018922193,4.75,5.0,4.0,1.0,0.4330127018922193,8.030724750000001,9.394197,7.576234,1.8179629999999998,0.7872010705700846,10.0,10.0,10.0,0.0,0.0,1,0,0,0,0,1,1,0
AgAg3,211,AB,O,0.79983,"SUNCAT alloys, DACAPO/RPBE",1,1,1.93,1.93,1.93,0.0,0.0,160.0,160.0,160.0,0.0,0.0,11.0,11.0,11.0,0.0,0.0,5.0,5.0,5.0,0.0,0.0,7.576234,7.576234,7.576234,0.0,0.0,10.0,10.0,10.0,0.0,0.0,0,1,0,1,0,0,0,1
AgAu3,211,AB,O,0.22554,"SUNCAT alloys, DACAPO/RPBE",1,2,2.2824999999999998,2.4,1.93,0.47,0.20351596988934306,141.25,160.0,135.0,25.0,10.825317547305483,11.0,11.0,11.0,0.0,0.0,5.75,6.0,5.0,1.0,0.4330127018922193,8.813224,9.225554,7.576234,1.6493200000000003,0.7141765094848753,10.0,10.0,10.0,0.0,0.0,0,1,0,1,0,0,0,1
AgAu3,211,BB,O,0.17111,"SUNCAT alloys, DACAPO/RPBE",1,2,2.2824999999999998,2.4,1.93,0.47,0.20351596988934306,141.25,160.0,135.0,25.0,10.825317547305483,11.0,11.0,11.0,0.0,0.0,5.75,6.0,5.0,1.0,0.4330127018922193,8.813224,9.225554,7.576234,1.6493200000000003,0.7141765094848753,10.0,10.0,10.0,0.0,0.0,0,1,0,0,1,0,0,1
AgCd3,211,AB,O,1.53947,"SUNCAT alloys, DACAPO/RPBE",1,2,1.75,1.93,1.69,0.24,0.10392304845413264,156.25,160.0,155.0,5.0,2.165063509461097,11.75,12.0,11.0,1.0,0.4330127018922193,5.0,5.0,5.0,0.0,0.0,8.6394235,8.99382,7.576234,1.4175859999999991,0.6138327440245832,10.0,10.0,10.0,0.0,0.0,0,1,0,1,0,0,0,1
AgCd3,211,BB,O,1.81827,"SUNCAT alloys, DACAPO/RPBE",1,2,1.75,1.93,1.69,0.24,0.10392304845413264,156.25,160.0,155.0,5.0,2.165063509461097,11.75,12.0,11.0,1.0,0.4330127018922193,5.0,5.0,5.0,0.0,0.0,8.6394235,8.99382,7.576234,1.4175859999999991,0.6138327440245832,10.0,10.0,10.0,0.0,0.0,0,1,0,0,1,0,0,1
AgCu3,211,AB,O,1.34328,"SUNCAT alloys, DACAPO/RPBE",1,2,1.9074999999999998,1.93,1.9,0.030000000000000027,0.012990381056766592,141.25,160.0,135.0,25.0,10.825317547305483,11.0,11.0,11.0,0.0,0.0,4.25,5.0,4.0,1.0,0.4330127018922193,7.6888435,7.72638,7.576234,0.15014599999999945,0.06501512513830893,10.0,10.0,10.0,0.0,0.0,0,1,0,1,0,0,0,1
AgCu3,211,BB,O,1.86687,"SUNCAT alloys, DACAPO/RPBE",1,2,1.9074999999999998,1.93,1.9,0.030000000000000027,0.012990381056766592,141.25,160.0,135.0,25.0,10.825317547305483,11.0,11.0,11.0,0.0,0.0,4.25,5.0,4.0,1.0,0.4330127018922193,7.6888435,7.72638,7.576234,0.15014599999999945,0.06501512513830893,10.0,10.0,10.0,0.0,0.0,0,1,0,0,1,0,0,1
AgNi3,211,AB,O,2.63609,"SUNCAT alloys, DACAPO/RPBE",1,2,1.9149999999999998,1.93,1.91,0.020000000000000018,0.008660254037844395,141.25,160.0,135.0,25.0,10.825317547305483,10.25,11.0,10.0,1.0,0.4330127018922193,4.25,5.0,4.0,1.0,0.4330127018922193,7.623967,7.639878,7.576234,0.06364400000000003,0.02755866039922842,8.5,10.0,8.0,2.0,0.8660254037844386,0,1,0,1,0,0,0,1
AgNi3,211,BB,O,2.89826,"SUNCAT alloys, DACAPO/RPBE",1,2,1.9149999999999998,1.93,1.91,0.020000000000000018,0.008660254037844395,141.25,160.0,135.0,25.0,10.825317547305483,10.25,11.0,10.0,1.0,0.4330127018922193,4.25,5.0,4.0,1.0,0.4330127018922193,7.623967,7.639878,7.576234,0.06364400000000003,0.02755866039922842,8.5,10.0,8.0,2.0,0.8660254037844386,0,1,0,0,1,0,0,1
AgPd3,211,AB,O,0.93781,"SUNCAT alloys, DACAPO/RPBE",1,2,2.1325000000000003,2.2,1.93,0.27000000000000024,0.11691342951089932,145.0,160.0,140.0,20.0,8.660254037844387,10.25,11.0,10.0,1.0,0.4330127018922193,5.0,5.0,5.0,0.0,0.0,8.14668775,8.336839,7.576234,0.7606049999999991,0.32935162612273106,10.0,10.0,10.0,0.0,0.0,0,1,0,1,0,0,0,1
AgPd3,211,BB,O,1.0675,"SUNCAT alloys, DACAPO/RPBE",1,2,2.1325000000000003,2.2,1.93,0.27000000000000024,0.11691342951089932,145.0,160.0,140.0,20.0,8.660254037844387,10.25,11.0,10.0,1.0,0.4330127018922193,5.0,5.0,5.0,0.0,0.0,8.14668775,8.336839,7.576234,0.7606049999999991,0.32935162612273106,10.0,10.0,10.0,0.0,0.0,0,1,0,0,1,0,0,1
AgPt3,211,AB,O,0.846,"SUNCAT alloys, DACAPO/RPBE",1,2,2.1325000000000003,2.2,1.93,0.27000000000000024,0.11691342951089932,141.25,160.0,135.0,25.0,10.825317547305483,10.25,11.0,10.0,1.0,0.4330127018922193,5.75,6.0,5.0,1.0,0.4330127018922193,8.613181,8.95883,7.576234,1.3825960000000004,0.5986816295853751,9.25,10.0,9.0,1.0,0.4330127018922193,0,1,0,1,0,0,0,1
AgPt3,211,BB,O,1.4559,"SUNCAT alloys, DACAPO/RPBE",1,2,2.1325000000000003,2.2,1.93,0.27000000000000024,0.11691342951089932,141.25,160.0,135.0,25.0,10.825317547305483,10.25,11.0,10.0,1.0,0.4330127018922193,5.75,6.0,5.0,1.0,0.4330127018922193,8.613181,8.95883,7.576234,1.3825960000000004,0.5986816295853751,9.25,10.0,9.0,1.0,0.4330127018922193,0,1,0,0,1,0,0,1
AgZn3,211,AB,O,2.14943,"SUNCAT alloys, DACAPO/RPBE",1,2,1.7199999999999998,1.93,1.65,0.28,0.12124355652982141,141.25,160.0,135.0,25.0,10.825317547305483,11.75,12.0,11.0,1.0,0.4330127018922193,4.25,5.0,4.0,1.0,0.4330127018922193,8.93970625,9.394197,7.576234,1.8179629999999998,0.7872010705700846,10.0,10.0,10.0,0.0,0.0,0,1,0,1,0,0,0,1
AgZn3,211,BB,O,2.67651,"SUNCAT alloys, DACAPO/RPBE",1,2,1.7199999999999998,1.93,1.65,0.28,0.12124355652982141,141.25,160.0,135.0,25.0,10.825317547305483,11.75,12.0,11.0,1.0,0.4330127018922193,4.25,5.0,4.0,1.0,0.4330127018922193,8.93970625,9.394197,7.576234,1.8179629999999998,0.7872010705700846,10.0,10.0,10.0,0.0,0.0,0,1,0,0,1,0,0,1
Al3Au,111,none,CO,0.276524751,"SUNCAT alloys, DACAPO/RPBE",1,2,1.8075,2.4,1.61,0.7899999999999998,0.3420800344948532,127.5,135.0,125.0,10.0,4.330127018922194,12.5,13.0,11.0,2.0,0.8660254037844386,3.75,6.0,3.0,3.0,1.299038105676658,6.795715250000001,9.225554,5.985769,3.2397850000000004,1.4028680563998839,2.5,10.0,0.0,10.0,4.330127018922194,1,0,0,0,0,1,1,0
Al3Co,111,none,CO,1.076524751,"SUNCAT alloys, DACAPO/RPBE",1,2,1.6775,1.88,1.61,0.2699999999999998,0.11691342951089913,127.5,135.0,125.0,10.0,4.330127018922194,12.0,13.0,9.0,4.0,1.7320508075688772,3.25,4.0,3.0,1.0,0.4330127018922193,6.45957925,7.88101,5.985769,1.8952409999999995,0.8206634261469115,1.75,7.0,0.0,7.0,3.031088913245535,1,0,0,0,0,1,1,0
Al3Cu,111,none,CO,0.236524751001,"SUNCAT alloys, DACAPO/RPBE",1,2,1.6825,1.9,1.61,0.2899999999999998,0.12557368354874351,127.5,135.0,125.0,10.0,4.330127018922194,12.5,13.0,11.0,2.0,0.8660254037844386,3.25,4.0,3.0,1.0,0.4330127018922193,6.42092175,7.72638,5.985769,1.7406109999999995,0.7537066720533175,2.5,10.0,0.0,10.0,4.330127018922194,1,0,0,0,0,1,1,0
Al3Hf,111,none,CO,1.306524751,"SUNCAT alloys, DACAPO/RPBE",1,2,1.5325,1.61,1.3,0.31000000000000005,0.13423393758658803,132.5,155.0,125.0,30.0,12.99038105676658,10.75,13.0,4.0,9.0,3.897114317029974,3.75,6.0,3.0,3.0,1.299038105676658,6.19559425,6.82507,5.985769,0.8393009999999999,0.3634279937108415,0.5,2.0,0.0,2.0,0.8660254037844386,1,0,0,0,0,1,1,0
Al3Ir,111,none,CO,1.026524751,"SUNCAT alloys, DACAPO/RPBE",1,2,1.7575,2.2,1.61,0.5900000000000001,0.2554774941164094,127.5,135.0,125.0,10.0,4.330127018922194,12.0,13.0,9.0,4.0,1.7320508075688772,3.75,6.0,3.0,3.0,1.299038105676658,6.7310817499999995,8.96702,5.985769,2.9812509999999994,1.2909195505288804,1.75,7.0,0.0,7.0,3.031088913245535,1,0,0,0,0,1,1,0
Al3La,111,none,CO,0.776524751,"SUNCAT alloys, DACAPO/RPBE",1,2,1.4825,1.61,1.1,0.51,0.22083647796503186,142.5,195.0,125.0,70.0,30.31088913245535,10.5,13.0,3.0,10.0,4.330127018922194,3.75,6.0,3.0,3.0,1.299038105676658,5.8835517500000005,5.985769,5.5769,0.40886900000000015,0.1770454704099699,0.25,1.0,0.0,1.0,0.4330127018922193,1,0,0,0,0,1,1,0
Al3Mo,111,none,CO,1.096524751,"SUNCAT alloys, DACAPO/RPBE",1,2,1.7475,2.16,1.61,0.55,0.23815698604072066,130.0,145.0,125.0,20.0,8.660254037844387,11.25,13.0,6.0,7.0,3.031088913245535,3.5,5.0,3.0,2.0,0.8660254037844386,6.26243425,7.09243,5.985769,1.106661,0.4791982696887453,1.25,5.0,0.0,5.0,2.165063509461097,1,0,0,0,0,1,1,0
Al3Nb,111,none,CO,1.266524751,"SUNCAT alloys, DACAPO/RPBE",1,2,1.6075,1.61,1.6,0.010000000000000009,0.004330127018922197,130.0,145.0,125.0,20.0,8.660254037844387,11.0,13.0,5.0,8.0,3.4641016151377544,3.5,5.0,3.0,2.0,0.8660254037844386,6.17903925,6.75885,5.985769,0.7730809999999995,0.33475389259153854,1.0,4.0,0.0,4.0,1.7320508075688772,1,0,0,0,0,1,1,0
Al3Ni,111,none,CO,0.536524751,"SUNCAT alloys, DACAPO/RPBE",1,2,1.685,1.91,1.61,0.2999999999999998,0.12990381056766573,127.5,135.0,125.0,10.0,4.330127018922194,12.25,13.0,10.0,3.0,1.299038105676658,3.25,4.0,3.0,1.0,0.4330127018922193,6.39929625,7.639878,5.985769,1.654109,0.716250207314237,2.0,8.0,0.0,8.0,3.4641016151377544,1,0,0,0,0,1,1,0
Al3Pd,111,none,CO,0.206524751,"SUNCAT alloys, DACAPO/RPBE",1,2,1.7575,2.2,1.61,0.5900000000000001,0.2554774941164094,128.75,140.0,125.0,15.0,6.49519052838329,12.25,13.0,10.0,3.0,1.299038105676658,3.5,5.0,3.0,2.0,0.8660254037844386,6.5735364999999994,8.336839,5.985769,2.351069999999999,1.0180431730377397,2.5,10.0,0.0,10.0,4.330127018922194,1,0,0,0,0,1,1,0
Al3Pt,111,none,CO,0.246524751,"SUNCAT alloys, DACAPO/RPBE",1,2,1.7575,2.2,1.61,0.5900000000000001,0.2554774941164094,127.5,135.0,125.0,10.0,4.330127018922194,12.25,13.0,10.0,3.0,1.299038105676658,3.75,6.0,3.0,3.0,1.299038105676658,6.72903425,8.95883,5.985769,2.9730610000000004,1.2873731765003837,2.25,9.0,0.0,9.0,3.897114317029974,1,0,0,0,0,1,1,0
Al3Rh,111,none,CO,0.556524751,"SUNCAT alloys, DACAPO/RPBE",1,2,1.7774999999999999,2.28,1.61,0.6699999999999997,0.2901185102677868,127.5,135.0,125.0,10.0,4.330127018922194,12.0,13.0,9.0,4.0,1.7320508075688772,3.5,5.0,3.0,2.0,0.8660254037844386,6.35405175,7.4589,5.985769,1.4731309999999995,0.6378844345511867,2.0,8.0,0.0,8.0,3.4641016151377544,1,0,0,0,0,1,1,0
Al3Ru,111,none,CO,1.296524751,"SUNCAT alloys, DACAPO/RPBE",1,2,1.7575,2.2,1.61,0.5900000000000001,0.2554774941164094,126.25,130.0,125.0,5.0,2.165063509461097,11.75,13.0,8.0,5.0,2.165063509461097,3.5,5.0,3.0,2.0,0.8660254037844386,6.3294517500000005,7.3605,5.985769,1.3747309999999997,0.5952759846849924,1.75,7.0,0.0,7.0,3.031088913245535,1,0,0,0,0,1,1,0
Al3Sc,111,none,CO,0.846524751,"SUNCAT alloys, DACAPO/RPBE",1,2,1.5475,1.61,1.36,0.25,0.10825317547305482,133.75,160.0,125.0,35.0,15.155444566227676,10.5,13.0,3.0,10.0,4.330127018922194,3.25,4.0,3.0,1.0,0.4330127018922193,6.12969925,6.56149,5.985769,0.5757209999999997,0.24929450574609027,0.25,1.0,0.0,1.0,0.4330127018922193,1,0,0,0,0,1,1,0
Al3Ta,111,none,CO,1.436524751,"SUNCAT alloys, DACAPO/RPBE",1,2,1.5825,1.61,1.5,0.1100000000000001,0.04763139720814417,130.0,145.0,125.0,20.0,8.660254037844387,11.0,13.0,5.0,8.0,3.4641016151377544,3.75,6.0,3.0,3.0,1.299038105676658,6.3767195,7.549571,5.985769,1.563802,0.6771461292444563,0.75,3.0,0.0,3.0,1.299038105676658,1,0,0,0,0,1,1,0
Al3Ti,111,none,CO,1.316524751,"SUNCAT alloys, DACAPO/RPBE",1,2,1.5925,1.61,1.54,0.07000000000000006,0.03031088913245538,128.75,140.0,125.0,15.0,6.49519052838329,10.75,13.0,4.0,9.0,3.897114317029974,3.25,4.0,3.0,1.0,0.4330127018922193,6.19635675,6.82812,5.985769,0.8423509999999998,0.36474868245161274,0.5,2.0,0.0,2.0,0.8660254037844386,1,0,0,0,0,1,1,0
Al3V,111,none,CO,1.356524751,"SUNCAT alloys, DACAPO/RPBE",1,2,1.615,1.63,1.61,0.019999999999999796,0.008660254037844298,127.5,135.0,125.0,10.0,4.330127018922194,11.0,13.0,5.0,8.0,3.4641016151377544,3.25,4.0,3.0,1.0,0.4330127018922193,6.1758735,6.746187,5.985769,0.7604179999999996,0.32927065274747747,0.75,3.0,0.0,3.0,1.299038105676658,1,0,0,0,0,1,1,0
Al3Y,111,none,CO,0.686524751001,"SUNCAT alloys, DACAPO/RPBE",1,2,1.5125,1.61,1.22,0.3900000000000001,0.16887495373796557,138.75,180.0,125.0,55.0,23.81569860407206,10.5,13.0,3.0,10.0,4.330127018922194,3.5,5.0,3.0,2.0,0.8660254037844386,6.04364175,6.21726,5.985769,0.23149099999999923,0.1002385433737314,0.25,1.0,0.0,1.0,0.4330127018922193,1,0,0,0,0,1,1,0
Al3Zr,111,none,CO,1.216524751,"SUNCAT alloys, DACAPO/RPBE",1,2,1.54,1.61,1.33,0.28,0.12124355652982143,132.5,155.0,125.0,30.0,12.99038105676658,10.75,13.0,4.0,9.0,3.897114317029974,3.5,5.0,3.0,2.0,0.8660254037844386,6.1478582500000005,6.634126,5.985769,0.6483569999999999,0.28074681636073356,0.5,2.0,0.0,2.0,0.8660254037844386,1,0,0,0,0,1,1,0
AlAl3,211,AB,O,4.49203,"SUNCAT alloys, DACAPO/RPBE",1,1,1.61,1.61,1.61,0.0,0.0,125.0,125.0,125.0,0.0,0.0,13.0,13.0,13.0,0.0,0.0,3.0,3.0,3.0,0.0,0.0,5.985769,5.985769,5.985769,0.0,0.0,0.0,0.0,0.0,0.0,0.0,0,1,0,1,0,0,0,1
AlAu3,211,AB,O,3.50254,"SUNCAT alloys, DACAPO/RPBE",1,2,2.2024999999999997,2.4,1.61,0.7899999999999998,0.3420800344948532,132.5,135.0,125.0,10.0,4.330127018922194,11.5,13.0,11.0,2.0,0.8660254037844386,5.25,6.0,3.0,3.0,1.299038105676658,8.41560775,9.225554,5.985769,3.2397850000000004,1.4028680563998839,7.5,10.0,0.0,10.0,4.330127018922194,0,1,0,1,0,0,0,1
AlAu3,211,BB,O,1.93803,"SUNCAT alloys, DACAPO/RPBE",1,2,2.2024999999999997,2.4,1.61,0.7899999999999998,0.3420800344948532,132.5,135.0,125.0,10.0,4.330127018922194,11.5,13.0,11.0,2.0,0.8660254037844386,5.25,6.0,3.0,3.0,1.299038105676658,8.41560775,9.225554,5.985769,3.2397850000000004,1.4028680563998839,7.5,10.0,0.0,10.0,4.330127018922194,0,1,0,0,1,0,0,1
AlCu3,211,AB,O,3.14387,"SUNCAT alloys, DACAPO/RPBE",1,2,1.8275,1.9,1.61,0.2899999999999998,0.12557368354874351,132.5,135.0,125.0,10.0,4.330127018922194,11.5,13.0,11.0,2.0,0.8660254037844386,3.75,4.0,3.0,1.0,0.4330127018922193,7.29122725,7.72638,5.985769,1.7406109999999995,0.7537066720533175,7.5,10.0,0.0,10.0,4.330127018922194,0,1,0,1,0,0,0,1
AlCu3,211,BB,O,2.87858,"SUNCAT alloys, DACAPO/RPBE",1,2,1.8275,1.9,1.61,0.2899999999999998,0.12557368354874351,132.5,135.0,125.0,10.0,4.330127018922194,11.5,13.0,11.0,2.0,0.8660254037844386,3.75,4.0,3.0,1.0,0.4330127018922193,7.29122725,7.72638,5.985769,1.7406109999999995,0.7537066720533175,7.5,10.0,0.0,10.0,4.330127018922194,0,1,0,0,1,0,0,1
AlNi3,211,AB,O,2.92331,"SUNCAT alloys, DACAPO/RPBE",1,2,1.835,1.91,1.61,0.2999999999999998,0.12990381056766573,132.5,135.0,125.0,10.0,4.330127018922194,10.75,13.0,10.0,3.0,1.299038105676658,3.75,4.0,3.0,1.0,0.4330127018922193,7.226350750000001,7.639878,5.985769,1.654109,0.716250207314237,6.0,8.0,0.0,8.0,3.4641016151377544,0,1,0,1,0,0,0,1
AlNi3,211,BB,O,2.92294,"SUNCAT alloys, DACAPO/RPBE",1,2,1.835,1.91,1.61,0.2999999999999998,0.12990381056766573,132.5,135.0,125.0,10.0,4.330127018922194,10.75,13.0,10.0,3.0,1.299038105676658,3.75,4.0,3.0,1.0,0.4330127018922193,7.226350750000001,7.639878,5.985769,1.654109,0.716250207314237,6.0,8.0,0.0,8.0,3.4641016151377544,0,1,0,0,1,0,0,1
AlPd3,211,AB,O,2.41486,"SUNCAT alloys, DACAPO/RPBE",1,2,2.0525,2.2,1.61,0.5900000000000001,0.2554774941164094,136.25,140.0,125.0,15.0,6.49519052838329,10.75,13.0,10.0,3.0,1.299038105676658,4.5,5.0,3.0,2.0,0.8660254037844386,7.7490715,8.336839,5.985769,2.351069999999999,1.0180431730377397,7.5,10.0,0.0,10.0,4.330127018922194,0,1,0,1,0,0,0,1
AlPd3,211,BB,O,1.86874,"SUNCAT alloys, DACAPO/RPBE",1,2,2.0525,2.2,1.61,0.5900000000000001,0.2554774941164094,136.25,140.0,125.0,15.0,6.49519052838329,10.75,13.0,10.0,3.0,1.299038105676658,4.5,5.0,3.0,2.0,0.8660254037844386,7.7490715,8.336839,5.985769,2.351069999999999,1.0180431730377397,7.5,10.0,0.0,10.0,4.330127018922194,0,1,0,0,1,0,0,1
AlPt3,211,AB,O,2.12735,"SUNCAT alloys, DACAPO/RPBE",1,2,2.0525,2.2,1.61,0.5900000000000001,0.2554774941164094,132.5,135.0,125.0,10.0,4.330127018922194,10.75,13.0,10.0,3.0,1.299038105676658,5.25,6.0,3.0,3.0,1.299038105676658,8.21556475,8.95883,5.985769,2.9730610000000004,1.2873731765003837,6.75,9.0,0.0,9.0,3.897114317029974,0,1,0,1,0,0,0,1
AlPt3,211,BB,O,1.78313,"SUNCAT alloys, DACAPO/RPBE",1,2,2.0525,2.2,1.61,0.5900000000000001,0.2554774941164094,132.5,135.0,125.0,10.0,4.330127018922194,10.75,13.0,10.0,3.0,1.299038105676658,5.25,6.0,3.0,3.0,1.299038105676658,8.21556475,8.95883,5.985769,2.9730610000000004,1.2873731765003837,6.75,9.0,0.0,9.0,3.897114317029974,0,1,0,0,1,0,0,1
AlRh,211,AA,O,3.02475,"SUNCAT alloys, DACAPO/RPBE",1,2,1.9449999999999998,2.28,1.61,0.6699999999999997,0.33499999999999985,130.0,135.0,125.0,10.0,5.0,11.0,13.0,9.0,4.0,2.0,4.0,5.0,3.0,2.0,1.0,6.7223345000000005,7.4589,5.985769,1.4731309999999995,0.7365654999999998,4.0,8.0,0.0,8.0,4.0,0,1,1,0,0,0,0,1
AlRh,211,BB,O,3.83176,"SUNCAT alloys, DACAPO/RPBE",1,2,1.9449999999999998,2.28,1.61,0.6699999999999997,0.33499999999999985,130.0,135.0,125.0,10.0,5.0,11.0,13.0,9.0,4.0,2.0,4.0,5.0,3.0,2.0,1.0,6.7223345000000005,7.4589,5.985769,1.4731309999999995,0.7365654999999998,4.0,8.0,0.0,8.0,4.0,0,1,0,0,1,0,0,1
AlRu,211,AA,O,3.32909,"SUNCAT alloys, DACAPO/RPBE",1,2,1.9050000000000002,2.2,1.61,0.5900000000000001,0.29500000000000004,127.5,130.0,125.0,5.0,2.5,10.5,13.0,8.0,5.0,2.5,4.0,5.0,3.0,2.0,1.0,6.6731345,7.3605,5.985769,1.3747309999999997,0.6873654999999999,3.5,7.0,0.0,7.0,3.5,0,1,1,0,0,0,0,1
AlRu,211,BB,O,3.46347,"SUNCAT alloys, DACAPO/RPBE",1,2,1.9050000000000002,2.2,1.61,0.5900000000000001,0.29500000000000004,127.5,130.0,125.0,5.0,2.5,10.5,13.0,8.0,5.0,2.5,4.0,5.0,3.0,2.0,1.0,6.6731345,7.3605,5.985769,1.3747309999999997,0.6873654999999999,3.5,7.0,0.0,7.0,3.5,0,1,0,0,1,0,0,1
AsAg3,211,AB,O,1.51092,"SUNCAT alloys, DACAPO/RPBE",1,2,1.9925000000000002,2.18,1.93,0.2500000000000002,0.10825317547305492,148.75,160.0,115.0,45.0,19.48557158514987,12.0,15.0,11.0,4.0,1.7320508075688772,4.75,5.0,4.0,1.0,0.4330127018922193,8.129313,9.78855,7.576234,2.2123160000000004,0.9579609285993873,10.0,10.0,10.0,0.0,0.0,0,1,0,1,0,0,0,1
AsAg3,211,BB,O,1.38104,"SUNCAT alloys, DACAPO/RPBE",1,2,1.9925000000000002,2.18,1.93,0.2500000000000002,0.10825317547305492,148.75,160.0,115.0,45.0,19.48557158514987,12.0,15.0,11.0,4.0,1.7320508075688772,4.75,5.0,4.0,1.0,0.4330127018922193,8.129313,9.78855,7.576234,2.2123160000000004,0.9579609285993873,10.0,10.0,10.0,0.0,0.0,0,1,0,0,1,0,0,1
AsAs3,211,AB,O,3.44861,"SUNCAT alloys, DACAPO/RPBE",1,1,2.18,2.18,2.18,0.0,0.0,115.0,115.0,115.0,0.0,0.0,15.0,15.0,15.0,0.0,0.0,4.0,4.0,4.0,0.0,0.0,9.78855,9.78855,9.78855,0.0,0.0,10.0,10.0,10.0,0.0,0.0,0,1,0,1,0,0,0,1
AsCu3,211,AB,O,1.54866,"SUNCAT alloys, DACAPO/RPBE",1,2,1.9699999999999998,2.18,1.9,0.28000000000000025,0.12124355652982152,130.0,135.0,115.0,20.0,8.660254037844387,12.0,15.0,11.0,4.0,1.7320508075688772,4.0,4.0,4.0,0.0,0.0,8.241922500000001,9.78855,7.72638,2.062170000000001,0.8929458034610783,10.0,10.0,10.0,0.0,0.0,0,1,0,1,0,0,0,1
AsCu3,211,BB,O,1.77344,"SUNCAT alloys, DACAPO/RPBE",1,2,1.9699999999999998,2.18,1.9,0.28000000000000025,0.12124355652982152,130.0,135.0,115.0,20.0,8.660254037844387,12.0,15.0,11.0,4.0,1.7320508075688772,4.0,4.0,4.0,0.0,0.0,8.241922500000001,9.78855,7.72638,2.062170000000001,0.8929458034610783,10.0,10.0,10.0,0.0,0.0,0,1,0,0,1,0,0,1
AsFe3,211,AB,O,2.82077,"SUNCAT alloys, DACAPO/RPBE",1,2,1.9175,2.18,1.83,0.3500000000000001,0.1515544456622768,133.75,140.0,115.0,25.0,10.825317547305483,9.75,15.0,8.0,7.0,3.031088913245535,4.0,4.0,4.0,0.0,0.0,8.373988575,9.78855,7.9024681,1.8860819000000006,0.8166974195090109,7.0,10.0,6.0,4.0,1.7320508075688772,0,1,0,1,0,0,0,1
AsFe3,211,BB,O,3.35127,"SUNCAT alloys, DACAPO/RPBE",1,2,1.9175,2.18,1.83,0.3500000000000001,0.1515544456622768,133.75,140.0,115.0,25.0,10.825317547305483,9.75,15.0,8.0,7.0,3.031088913245535,4.0,4.0,4.0,0.0,0.0,8.373988575,9.78855,7.9024681,1.8860819000000006,0.8166974195090109,7.0,10.0,6.0,4.0,1.7320508075688772,0,1,0,0,1,0,0,1
AsNi3,211,AB,O,1.72433,"SUNCAT alloys, DACAPO/RPBE",1,2,1.9775,2.18,1.91,0.27000000000000024,0.11691342951089932,130.0,135.0,115.0,20.0,8.660254037844387,11.25,15.0,10.0,5.0,2.165063509461097,4.0,4.0,4.0,0.0,0.0,8.177046,9.78855,7.639878,2.1486720000000004,0.9304022682001588,8.5,10.0,8.0,2.0,0.8660254037844386,0,1,0,1,0,0,0,1
AsNi3,211,BB,O,2.53638,"SUNCAT alloys, DACAPO/RPBE",1,2,1.9775,2.18,1.91,0.27000000000000024,0.11691342951089932,130.0,135.0,115.0,20.0,8.660254037844387,11.25,15.0,10.0,5.0,2.165063509461097,4.0,4.0,4.0,0.0,0.0,8.177046,9.78855,7.639878,2.1486720000000004,0.9304022682001588,8.5,10.0,8.0,2.0,0.8660254037844386,0,1,0,0,1,0,0,1
AsPd,211,AA,O,2.19155,"SUNCAT alloys, DACAPO/RPBE",1,2,2.1900000000000004,2.2,2.18,0.020000000000000018,0.010000000000000009,127.5,140.0,115.0,25.0,12.5,12.5,15.0,10.0,5.0,2.5,4.5,5.0,4.0,1.0,0.5,9.0626945,9.78855,8.336839,1.4517110000000013,0.7258555000000007,10.0,10.0,10.0,0.0,0.0,0,1,1,0,0,0,0,1
AsPd,211,BB,O,1.24928,"SUNCAT alloys, DACAPO/RPBE",1,2,2.1900000000000004,2.2,2.18,0.020000000000000018,0.010000000000000009,127.5,140.0,115.0,25.0,12.5,12.5,15.0,10.0,5.0,2.5,4.5,5.0,4.0,1.0,0.5,9.0626945,9.78855,8.336839,1.4517110000000013,0.7258555000000007,10.0,10.0,10.0,0.0,0.0,0,1,0,0,1,0,0,1
AsPd3,211,AB,O,1.52454,"SUNCAT alloys, DACAPO/RPBE",1,2,2.1950000000000003,2.2,2.18,0.020000000000000018,0.008660254037844395,133.75,140.0,115.0,25.0,10.825317547305483,11.25,15.0,10.0,5.0,2.165063509461097,4.75,5.0,4.0,1.0,0.4330127018922193,8.69976675,9.78855,8.336839,1.4517110000000013,0.6286093024766561,10.0,10.0,10.0,0.0,0.0,0,1,0,1,0,0,0,1
AsPd3,211,BB,O,1.3701,"SUNCAT alloys, DACAPO/RPBE",1,2,2.1950000000000003,2.2,2.18,0.020000000000000018,0.008660254037844395,133.75,140.0,115.0,25.0,10.825317547305483,11.25,15.0,10.0,5.0,2.165063509461097,4.75,5.0,4.0,1.0,0.4330127018922193,8.69976675,9.78855,8.336839,1.4517110000000013,0.6286093024766561,10.0,10.0,10.0,0.0,0.0,0,1,0,0,1,0,0,1
AsPt,211,AA,O,0.8563,"SUNCAT alloys, DACAPO/RPBE",1,2,2.1900000000000004,2.2,2.18,0.020000000000000018,0.010000000000000009,125.0,135.0,115.0,20.0,10.0,12.5,15.0,10.0,5.0,2.5,5.0,6.0,4.0,2.0,1.0,9.37369,9.78855,8.95883,0.82972,0.41486,9.5,10.0,9.0,1.0,0.5,0,1,1,0,0,0,0,1
AsPt,211,BB,O,1.10547,"SUNCAT alloys, DACAPO/RPBE",1,2,2.1900000000000004,2.2,2.18,0.020000000000000018,0.010000000000000009,125.0,135.0,115.0,20.0,10.0,12.5,15.0,10.0,5.0,2.5,5.0,6.0,4.0,2.0,1.0,9.37369,9.78855,8.95883,0.82972,0.41486,9.5,10.0,9.0,1.0,0.5,0,1,0,0,1,0,0,1
AsPt3,211,AB,O,1.58392,"SUNCAT alloys, DACAPO/RPBE",1,2,2.1950000000000003,2.2,2.18,0.020000000000000018,0.008660254037844395,130.0,135.0,115.0,20.0,8.660254037844387,11.25,15.0,10.0,5.0,2.165063509461097,5.5,6.0,4.0,2.0,0.8660254037844386,9.166260000000001,9.78855,8.95883,0.82972,0.35927929901401223,9.25,10.0,9.0,1.0,0.4330127018922193,0,1,0,1,0,0,0,1
AsPt3,211,BB,O,1.53878,"SUNCAT alloys, DACAPO/RPBE",1,2,2.1950000000000003,2.2,2.18,0.020000000000000018,0.008660254037844395,130.0,135.0,115.0,20.0,8.660254037844387,11.25,15.0,10.0,5.0,2.165063509461097,5.5,6.0,4.0,2.0,0.8660254037844386,9.166260000000001,9.78855,8.95883,0.82972,0.35927929901401223,9.25,10.0,9.0,1.0,0.4330127018922193,0,1,0,0,1,0,0,1
AsRh,211,AA,O,1.58372,"SUNCAT alloys, DACAPO/RPBE",1,2,2.23,2.28,2.18,0.09999999999999964,0.04999999999999982,125.0,135.0,115.0,20.0,10.0,12.0,15.0,9.0,6.0,3.0,4.5,5.0,4.0,1.0,0.5,8.623725,9.78855,7.4589,2.329650000000001,1.1648250000000004,9.0,10.0,8.0,2.0,1.0,0,1,1,0,0,0,0,1
AsRh,211,BB,O,1.41358,"SUNCAT alloys, DACAPO/RPBE",1,2,2.23,2.28,2.18,0.09999999999999964,0.04999999999999982,125.0,135.0,115.0,20.0,10.0,12.0,15.0,9.0,6.0,3.0,4.5,5.0,4.0,1.0,0.5,8.623725,9.78855,7.4589,2.329650000000001,1.1648250000000004,9.0,10.0,8.0,2.0,1.0,0,1,0,0,1,0,0,1
AsRh3,211,AB,O,1.68464,"SUNCAT alloys, DACAPO/RPBE",1,2,2.255,2.28,2.18,0.09999999999999964,0.04330127018922178,130.0,135.0,115.0,20.0,8.660254037844387,10.5,15.0,9.0,6.0,2.598076211353316,4.75,5.0,4.0,1.0,0.4330127018922193,8.0413125,9.78855,7.4589,2.329650000000001,1.0087680409632092,8.5,10.0,8.0,2.0,0.8660254037844386,0,1,0,1,0,0,0,1
AsRh3,211,BB,O,2.31263,"SUNCAT alloys, DACAPO/RPBE",1,2,2.255,2.28,2.18,0.09999999999999964,0.04330127018922178,130.0,135.0,115.0,20.0,8.660254037844387,10.5,15.0,9.0,6.0,2.598076211353316,4.75,5.0,4.0,1.0,0.4330127018922193,8.0413125,9.78855,7.4589,2.329650000000001,1.0087680409632092,8.5,10.0,8.0,2.0,0.8660254037844386,0,1,0,0,1,0,0,1
AsRu,211,AA,O,1.9219,"SUNCAT alloys, DACAPO/RPBE",1,2,2.1900000000000004,2.2,2.18,0.020000000000000018,0.010000000000000009,122.5,130.0,115.0,15.0,7.5,11.5,15.0,8.0,7.0,3.5,4.5,5.0,4.0,1.0,0.5,8.574525000000001,9.78855,7.3605,2.4280500000000007,1.2140250000000004,8.5,10.0,7.0,3.0,1.5,0,1,1,0,0,0,0,1
AsRu,211,BB,O,0.90922,"SUNCAT alloys, DACAPO/RPBE",1,2,2.1900000000000004,2.2,2.18,0.020000000000000018,0.010000000000000009,122.5,130.0,115.0,15.0,7.5,11.5,15.0,8.0,7.0,3.5,4.5,5.0,4.0,1.0,0.5,8.574525000000001,9.78855,7.3605,2.4280500000000007,1.2140250000000004,8.5,10.0,7.0,3.0,1.5,0,1,0,0,1,0,0,1
Au,111,none,CO,-0.1,"DACAPO, RPBE @ CAMD/SUNCAT",1,1,2.4,2.4,2.4,0.0,0.0,135.0,135.0,135.0,0.0,0.0,11.0,11.0,11.0,0.0,0.0,6.0,6.0,6.0,0.0,0.0,9.225554,9.225554,9.225554,0.0,0.0,10.0,10.0,10.0,0.0,0.0,1,0,0,0,0,1,1,0
Au,211,none,CO,0.367,"DACAPO, RPBE @ CAMD/SUNCAT",1,1,2.4,2.4,2.4,0.0,0.0,135.0,135.0,135.0,0.0,0.0,11.0,11.0,11.0,0.0,0.0,6.0,6.0,6.0,0.0,0.0,9.225554,9.225554,9.225554,0.0,0.0,10.0,10.0,10.0,0.0,0.0,0,1,0,0,0,1,1,0
Au3Ag,111,none,CO,0.00652475100026,"SUNCAT alloys, DACAPO/RPBE",1,2,2.2824999999999998,2.4,1.93,0.47,0.20351596988934306,141.25,160.0,135.0,25.0,10.825317547305483,11.0,11.0,11.0,0.0,0.0,5.75,6.0,5.0,1.0,0.4330127018922193,8.813224,9.225554,7.576234,1.6493200000000003,0.7141765094848753,10.0,10.0,10.0,0.0,0.0,1,0,0,0,0,1,1,0
Au3Cd,111,none,CO,-0.00347524899814,"SUNCAT alloys, DACAPO/RPBE",1,2,2.2224999999999997,2.4,1.69,0.71,0.3074390183434757,140.0,155.0,135.0,20.0,8.660254037844387,11.25,12.0,11.0,1.0,0.4330127018922193,5.75,6.0,5.0,1.0,0.4330127018922193,9.1676205,9.225554,8.99382,0.23173400000000122,0.10034376546029207,10.0,10.0,10.0,0.0,0.0,1,0,0,0,0,1,1,0
Au3Hf,111,none,CO,1.136524751,"SUNCAT alloys, DACAPO/RPBE",1,2,2.125,2.4,1.3,1.0999999999999999,0.4763139720814412,140.0,155.0,135.0,20.0,8.660254037844387,9.25,11.0,4.0,7.0,3.031088913245535,6.0,6.0,6.0,0.0,0.0,8.625433000000001,9.225554,6.82507,2.4004840000000005,1.0394400626890425,8.0,10.0,2.0,8.0,3.4641016151377544,1,0,0,0,0,1,1,0
Au3In,111,none,CO,-0.313475249003,"SUNCAT alloys, DACAPO/RPBE",1,2,2.2449999999999997,2.4,1.78,0.6199999999999999,0.26846787517317594,140.0,155.0,135.0,20.0,8.660254037844387,11.5,13.0,11.0,2.0,0.8660254037844386,5.75,6.0,5.0,1.0,0.4330127018922193,8.36575445,9.225554,5.7863558,3.4391982000000008,1.4892165049248576,10.0,10.0,10.0,0.0,0.0,1,0,0,0,0,1,1,0
Au3Pd,111,none,CO,0.996524750998,"SUNCAT alloys, DACAPO/RPBE",1,2,2.3499999999999996,2.4,2.2,0.19999999999999973,0.08660254037844375,136.25,140.0,135.0,5.0,2.165063509461097,10.75,11.0,10.0,1.0,0.4330127018922193,5.75,6.0,5.0,1.0,0.4330127018922193,9.00337525,9.225554,8.336839,0.8887150000000013,0.3848248833621442,10.0,10.0,10.0,0.0,0.0,1,0,0,0,0,1,1,0
Au3Pt,111,none,CO,1.546524751,"SUNCAT alloys, DACAPO/RPBE",1,2,2.3499999999999996,2.4,2.2,0.19999999999999973,0.08660254037844375,135.0,135.0,135.0,0.0,0.0,10.75,11.0,10.0,1.0,0.4330127018922193,6.0,6.0,6.0,0.0,0.0,9.158873,9.225554,8.95883,0.26672399999999996,0.11549487989950029,9.75,10.0,9.0,1.0,0.4330127018922193,1,0,0,0,0,1,1,0
Au3Sc,111,none,CO,0.666524751,"SUNCAT alloys, DACAPO/RPBE",1,2,2.1399999999999997,2.4,1.36,1.0399999999999998,0.450333209967908,141.25,160.0,135.0,25.0,10.825317547305483,9.0,11.0,3.0,8.0,3.4641016151377544,5.5,6.0,4.0,2.0,0.8660254037844386,8.559538,9.225554,6.56149,2.6640640000000007,1.1535735506537936,7.75,10.0,1.0,9.0,3.897114317029974,1,0,0,0,0,1,1,0
Au3Ti,111,none,CO,1.126524751,"SUNCAT alloys, DACAPO/RPBE",1,2,2.1849999999999996,2.4,1.54,0.8599999999999999,0.3723909236273085,136.25,140.0,135.0,5.0,2.165063509461097,9.25,11.0,4.0,7.0,3.031088913245535,5.5,6.0,4.0,2.0,0.8660254037844386,8.6261955,9.225554,6.82812,2.3974340000000005,1.0381193739482713,8.0,10.0,2.0,8.0,3.4641016151377544,1,0,0,0,0,1,1,0
Au3Y,111,none,CO,0.556524751,"SUNCAT alloys, DACAPO/RPBE",1,2,2.105,2.4,1.22,1.18,0.5109549882328188,146.25,180.0,135.0,45.0,19.48557158514987,9.0,11.0,3.0,8.0,3.4641016151377544,5.75,6.0,5.0,1.0,0.4330127018922193,8.4734805,9.225554,6.21726,3.008294000000001,1.3026295130261525,7.75,10.0,1.0,9.0,3.897114317029974,1,0,0,0,0,1,1,0
Au3Zn,111,none,CO,0.00652475100026,"SUNCAT alloys, DACAPO/RPBE",1,2,2.2125,2.4,1.65,0.75,0.3247595264191645,135.0,135.0,135.0,0.0,0.0,11.25,12.0,11.0,1.0,0.4330127018922193,5.5,6.0,4.0,2.0,0.8660254037844386,9.26771475,9.394197,9.225554,0.16864299999999943,0.0730245610852093,10.0,10.0,10.0,0.0,0.0,1,0,0,0,0,1,1,0
AuAg3,211,AB,O,0.45348,"SUNCAT alloys, DACAPO/RPBE",1,2,2.0475,2.4,1.93,0.47,0.20351596988934306,153.75,160.0,135.0,25.0,10.825317547305483,11.0,11.0,11.0,0.0,0.0,5.25,6.0,5.0,1.0,0.4330127018922193,7.988564,9.225554,7.576234,1.6493200000000003,0.7141765094848753,10.0,10.0,10.0,0.0,0.0,0,1,0,1,0,0,0,1
AuAg3,211,BB,O,0.71382,"SUNCAT alloys, DACAPO/RPBE",1,2,2.0475,2.4,1.93,0.47,0.20351596988934306,153.75,160.0,135.0,25.0,10.825317547305483,11.0,11.0,11.0,0.0,0.0,5.25,6.0,5.0,1.0,0.4330127018922193,7.988564,9.225554,7.576234,1.6493200000000003,0.7141765094848753,10.0,10.0,10.0,0.0,0.0,0,1,0,0,1,0,0,1
AuAu3,211,AB,O,0.07569,"SUNCAT alloys, DACAPO/RPBE",1,1,2.4,2.4,2.4,0.0,0.0,135.0,135.0,135.0,0.0,0.0,11.0,11.0,11.0,0.0,0.0,6.0,6.0,6.0,0.0,0.0,9.225554,9.225554,9.225554,0.0,0.0,10.0,10.0,10.0,0.0,0.0,0,1,0,1,0,0,0,1
AuCd3,211,AB,O,1.5075,"SUNCAT alloys, DACAPO/RPBE",1,2,1.8675000000000002,2.4,1.69,0.71,0.3074390183434757,150.0,155.0,135.0,20.0,8.660254037844387,11.75,12.0,11.0,1.0,0.4330127018922193,5.25,6.0,5.0,1.0,0.4330127018922193,9.0517535,9.225554,8.99382,0.23173400000000122,0.10034376546029207,10.0,10.0,10.0,0.0,0.0,0,1,0,1,0,0,0,1
AuCd3,211,BB,O,1.8606,"SUNCAT alloys, DACAPO/RPBE",1,2,1.8675000000000002,2.4,1.69,0.71,0.3074390183434757,150.0,155.0,135.0,20.0,8.660254037844387,11.75,12.0,11.0,1.0,0.4330127018922193,5.25,6.0,5.0,1.0,0.4330127018922193,9.0517535,9.225554,8.99382,0.23173400000000122,0.10034376546029207,10.0,10.0,10.0,0.0,0.0,0,1,0,0,1,0,0,1
AuCu3,211,AB,O,1.49976,"SUNCAT alloys, DACAPO/RPBE",1,2,2.025,2.4,1.9,0.5,0.21650635094610965,135.0,135.0,135.0,0.0,0.0,11.0,11.0,11.0,0.0,0.0,4.5,6.0,4.0,2.0,0.8660254037844386,8.1011735,9.225554,7.72638,1.499174000000001,0.6491613843465665,10.0,10.0,10.0,0.0,0.0,0,1,0,1,0,0,0,1
AuCu3,211,BB,O,1.66558,"SUNCAT alloys, DACAPO/RPBE",1,2,2.025,2.4,1.9,0.5,0.21650635094610965,135.0,135.0,135.0,0.0,0.0,11.0,11.0,11.0,0.0,0.0,4.5,6.0,4.0,2.0,0.8660254037844386,8.1011735,9.225554,7.72638,1.499174000000001,0.6491613843465665,10.0,10.0,10.0,0.0,0.0,0,1,0,0,1,0,0,1
AuIn3,211,BB,O,2.03767,"SUNCAT alloys, DACAPO/RPBE",1,2,1.935,2.4,1.78,0.6199999999999999,0.26846787517317594,150.0,155.0,135.0,20.0,8.660254037844387,12.5,13.0,11.0,2.0,0.8660254037844386,5.25,6.0,5.0,1.0,0.4330127018922193,6.646155350000001,9.225554,5.7863558,3.4391982000000008,1.4892165049248576,10.0,10.0,10.0,0.0,0.0,0,1,0,0,1,0,0,1
AuNi3,211,AB,O,2.50576,"SUNCAT alloys, DACAPO/RPBE",1,2,2.0324999999999998,2.4,1.91,0.49,0.21217622392718746,135.0,135.0,135.0,0.0,0.0,10.25,11.0,10.0,1.0,0.4330127018922193,4.5,6.0,4.0,2.0,0.8660254037844386,8.036297000000001,9.225554,7.639878,1.5856760000000003,0.6866178490856469,8.5,10.0,8.0,2.0,0.8660254037844386,0,1,0,1,0,0,0,1
AuNi3,211,BB,O,2.65897,"SUNCAT alloys, DACAPO/RPBE",1,2,2.0324999999999998,2.4,1.91,0.49,0.21217622392718746,135.0,135.0,135.0,0.0,0.0,10.25,11.0,10.0,1.0,0.4330127018922193,4.5,6.0,4.0,2.0,0.8660254037844386,8.036297000000001,9.225554,7.639878,1.5856760000000003,0.6866178490856469,8.5,10.0,8.0,2.0,0.8660254037844386,0,1,0,0,1,0,0,1
AuPd3,211,AB,O,0.99312,"SUNCAT alloys, DACAPO/RPBE",1,2,2.25,2.4,2.2,0.19999999999999973,0.08660254037844375,138.75,140.0,135.0,5.0,2.165063509461097,10.25,11.0,10.0,1.0,0.4330127018922193,5.25,6.0,5.0,1.0,0.4330127018922193,8.55901775,9.225554,8.336839,0.8887150000000013,0.3848248833621442,10.0,10.0,10.0,0.0,0.0,0,1,0,1,0,0,0,1
AuPd3,211,BB,O,0.95994,"SUNCAT alloys, DACAPO/RPBE",1,2,2.25,2.4,2.2,0.19999999999999973,0.08660254037844375,138.75,140.0,135.0,5.0,2.165063509461097,10.25,11.0,10.0,1.0,0.4330127018922193,5.25,6.0,5.0,1.0,0.4330127018922193,8.55901775,9.225554,8.336839,0.8887150000000013,0.3848248833621442,10.0,10.0,10.0,0.0,0.0,0,1,0,0,1,0,0,1
AuPt3,211,AB,O,0.90308,"SUNCAT alloys, DACAPO/RPBE",1,2,2.25,2.4,2.2,0.19999999999999973,0.08660254037844375,135.0,135.0,135.0,0.0,0.0,10.25,11.0,10.0,1.0,0.4330127018922193,6.0,6.0,6.0,0.0,0.0,9.025511000000002,9.225554,8.95883,0.26672399999999996,0.11549487989950029,9.25,10.0,9.0,1.0,0.4330127018922193,0,1,0,1,0,0,0,1
AuPt3,211,BB,O,1.42497,"SUNCAT alloys, DACAPO/RPBE",1,2,2.25,2.4,2.2,0.19999999999999973,0.08660254037844375,135.0,135.0,135.0,0.0,0.0,10.25,11.0,10.0,1.0,0.4330127018922193,6.0,6.0,6.0,0.0,0.0,9.025511000000002,9.225554,8.95883,0.26672399999999996,0.11549487989950029,9.25,10.0,9.0,1.0,0.4330127018922193,0,1,0,0,1,0,0,1
AuZn3,211,AB,O,2.27373,"SUNCAT alloys, DACAPO/RPBE",1,2,1.8375,2.4,1.65,0.75,0.3247595264191645,135.0,135.0,135.0,0.0,0.0,11.75,12.0,11.0,1.0,0.4330127018922193,4.5,6.0,4.0,2.0,0.8660254037844386,9.352036250000001,9.394197,9.225554,0.16864299999999943,0.0730245610852093,10.0,10.0,10.0,0.0,0.0,0,1,0,1,0,0,0,1
AuZn3,211,BB,O,2.70078,"SUNCAT alloys, DACAPO/RPBE",1,2,1.8375,2.4,1.65,0.75,0.3247595264191645,135.0,135.0,135.0,0.0,0.0,11.75,12.0,11.0,1.0,0.4330127018922193,4.5,6.0,4.0,2.0,0.8660254037844386,9.352036250000001,9.394197,9.225554,0.16864299999999943,0.0730245610852093,10.0,10.0,10.0,0.0,0.0,0,1,0,0,1,0,0,1
Bi3La,111,none,CO,0.456524750997,"SUNCAT alloys, DACAPO/RPBE",1,2,1.6999999999999997,1.9,1.1,0.7999999999999998,0.3464101615137754,168.75,195.0,160.0,35.0,15.155444566227676,12.0,15.0,3.0,12.0,5.196152422706632,6.0,6.0,6.0,0.0,0.0,6.858362,7.285516,5.5769,1.7086160000000001,0.7398524306562763,7.75,10.0,1.0,9.0,3.897114317029974,1,0,0,0,0,1,1,0
Bi3Sc,111,none,CO,0.866524751001,"SUNCAT alloys, DACAPO/RPBE",1,2,1.765,1.9,1.36,0.5399999999999998,0.23382685902179834,160.0,160.0,160.0,0.0,0.0,12.0,15.0,3.0,12.0,5.196152422706632,5.5,6.0,4.0,2.0,0.8660254037844386,7.1045095,7.285516,6.56149,0.7240260000000003,0.3135124545002161,7.75,10.0,1.0,9.0,3.897114317029974,1,0,0,0,0,1,1,0
Bi3Y,111,none,CO,-0.323475249001,"SUNCAT alloys, DACAPO/RPBE",1,2,1.7299999999999998,1.9,1.22,0.6799999999999999,0.2944486372867091,165.0,180.0,160.0,20.0,8.660254037844387,12.0,15.0,3.0,12.0,5.196152422706632,5.75,6.0,5.0,1.0,0.4330127018922193,7.018452,7.285516,6.21726,1.0682560000000008,0.462568416872575,7.75,10.0,1.0,9.0,3.897114317029974,1,0,0,0,0,1,1,0
BiAg3,211,AB,O,1.13371,"SUNCAT alloys, DACAPO/RPBE",1,2,1.9224999999999999,1.93,1.9,0.030000000000000027,0.012990381056766592,160.0,160.0,160.0,0.0,0.0,12.0,15.0,11.0,4.0,1.7320508075688772,5.25,6.0,5.0,1.0,0.4330127018922193,7.503554500000001,7.576234,7.285516,0.29071800000000003,0.12588458666870225,10.0,10.0,10.0,0.0,0.0,0,1,0,1,0,0,0,1
BiAg3,211,BB,O,1.10026,"SUNCAT alloys, DACAPO/RPBE",1,2,1.9224999999999999,1.93,1.9,0.030000000000000027,0.012990381056766592,160.0,160.0,160.0,0.0,0.0,12.0,15.0,11.0,4.0,1.7320508075688772,5.25,6.0,5.0,1.0,0.4330127018922193,7.503554500000001,7.576234,7.285516,0.29071800000000003,0.12588458666870225,10.0,10.0,10.0,0.0,0.0,0,1,0,0,1,0,0,1
BiAu,211,AA,O,1.32924,"SUNCAT alloys, DACAPO/RPBE",1,2,2.15,2.4,1.9,0.5,0.25,147.5,160.0,135.0,25.0,12.5,13.0,15.0,11.0,4.0,2.0,6.0,6.0,6.0,0.0,0.0,8.255535,9.225554,7.285516,1.9400380000000004,0.9700190000000002,10.0,10.0,10.0,0.0,0.0,0,1,1,0,0,0,0,1
BiAu,211,BB,O,1.24235,"SUNCAT alloys, DACAPO/RPBE",1,2,2.15,2.4,1.9,0.5,0.25,147.5,160.0,135.0,25.0,12.5,13.0,15.0,11.0,4.0,2.0,6.0,6.0,6.0,0.0,0.0,8.255535,9.225554,7.285516,1.9400380000000004,0.9700190000000002,10.0,10.0,10.0,0.0,0.0,0,1,0,0,1,0,0,1
BiAu3,211,AB,O,0.96739,"SUNCAT alloys, DACAPO/RPBE",1,2,2.275,2.4,1.9,0.5,0.21650635094610965,141.25,160.0,135.0,25.0,10.825317547305483,12.0,15.0,11.0,4.0,1.7320508075688772,6.0,6.0,6.0,0.0,0.0,8.7405445,9.225554,7.285516,1.9400380000000004,0.8400610961535775,10.0,10.0,10.0,0.0,0.0,0,1,0,1,0,0,0,1
BiAu3,211,BB,O,0.75646,"SUNCAT alloys, DACAPO/RPBE",1,2,2.275,2.4,1.9,0.5,0.21650635094610965,141.25,160.0,135.0,25.0,10.825317547305483,12.0,15.0,11.0,4.0,1.7320508075688772,6.0,6.0,6.0,0.0,0.0,8.7405445,9.225554,7.285516,1.9400380000000004,0.8400610961535775,10.0,10.0,10.0,0.0,0.0,0,1,0,0,1,0,0,1
BiBi3,211,AB,O,1.75827,"SUNCAT alloys, DACAPO/RPBE",1,1,1.9,1.9,1.9,0.0,0.0,160.0,160.0,160.0,0.0,0.0,15.0,15.0,15.0,0.0,0.0,6.0,6.0,6.0,0.0,0.0,7.285516,7.285516,7.285516,0.0,0.0,10.0,10.0,10.0,0.0,0.0,0,1,0,1,0,0,0,1
BiPd,211,AA,O,0.90178,"SUNCAT alloys, DACAPO/RPBE",1,2,2.05,2.2,1.9,0.30000000000000027,0.15000000000000013,150.0,160.0,140.0,20.0,10.0,12.5,15.0,10.0,5.0,2.5,5.5,6.0,5.0,1.0,0.5,7.811177499999999,8.336839,7.285516,1.0513229999999991,0.5256614999999996,10.0,10.0,10.0,0.0,0.0,0,1,1,0,0,0,0,1
BiPd,211,BB,O,0.86726,"SUNCAT alloys, DACAPO/RPBE",1,2,2.05,2.2,1.9,0.30000000000000027,0.15000000000000013,150.0,160.0,140.0,20.0,10.0,12.5,15.0,10.0,5.0,2.5,5.5,6.0,5.0,1.0,0.5,7.811177499999999,8.336839,7.285516,1.0513229999999991,0.5256614999999996,10.0,10.0,10.0,0.0,0.0,0,1,0,0,1,0,0,1
BiPd3,211,AB,O,0.87706,"SUNCAT alloys, DACAPO/RPBE",1,2,2.125,2.2,1.9,0.30000000000000027,0.1299038105676659,145.0,160.0,140.0,20.0,8.660254037844387,11.25,15.0,10.0,5.0,2.165063509461097,5.25,6.0,5.0,1.0,0.4330127018922193,8.07400825,8.336839,7.285516,1.0513229999999991,0.4552362127914333,10.0,10.0,10.0,0.0,0.0,0,1,0,1,0,0,0,1
BiPd3,211,BB,O,0.71818,"SUNCAT alloys, DACAPO/RPBE",1,2,2.125,2.2,1.9,0.30000000000000027,0.1299038105676659,145.0,160.0,140.0,20.0,8.660254037844387,11.25,15.0,10.0,5.0,2.165063509461097,5.25,6.0,5.0,1.0,0.4330127018922193,8.07400825,8.336839,7.285516,1.0513229999999991,0.4552362127914333,10.0,10.0,10.0,0.0,0.0,0,1,0,0,1,0,0,1
BiPt,211,AA,O,2.53925,"SUNCAT alloys, DACAPO/RPBE",1,2,2.05,2.2,1.9,0.30000000000000027,0.15000000000000013,147.5,160.0,135.0,25.0,12.5,12.5,15.0,10.0,5.0,2.5,6.0,6.0,6.0,0.0,0.0,8.122173,8.95883,7.285516,1.6733140000000004,0.8366570000000002,9.5,10.0,9.0,1.0,0.5,0,1,1,0,0,0,0,1
BiPt,211,BB,O,0.90361,"SUNCAT alloys, DACAPO/RPBE",1,2,2.05,2.2,1.9,0.30000000000000027,0.15000000000000013,147.5,160.0,135.0,25.0,12.5,12.5,15.0,10.0,5.0,2.5,6.0,6.0,6.0,0.0,0.0,8.122173,8.95883,7.285516,1.6733140000000004,0.8366570000000002,9.5,10.0,9.0,1.0,0.5,0,1,0,0,1,0,0,1
BiPt3,211,AB,O,1.0554,"SUNCAT alloys, DACAPO/RPBE",1,2,2.125,2.2,1.9,0.30000000000000027,0.1299038105676659,141.25,160.0,135.0,25.0,10.825317547305483,11.25,15.0,10.0,5.0,2.165063509461097,6.0,6.0,6.0,0.0,0.0,8.540501500000001,8.95883,7.285516,1.6733140000000004,0.7245662162540772,9.25,10.0,9.0,1.0,0.4330127018922193,0,1,0,1,0,0,0,1
BiPt3,211,BB,O,1.45462,"SUNCAT alloys, DACAPO/RPBE",1,2,2.125,2.2,1.9,0.30000000000000027,0.1299038105676659,141.25,160.0,135.0,25.0,10.825317547305483,11.25,15.0,10.0,5.0,2.165063509461097,6.0,6.0,6.0,0.0,0.0,8.540501500000001,8.95883,7.285516,1.6733140000000004,0.7245662162540772,9.25,10.0,9.0,1.0,0.4330127018922193,0,1,0,0,1,0,0,1
BiRh,211,AA,O,2.72106,"SUNCAT alloys, DACAPO/RPBE",1,2,2.09,2.28,1.9,0.3799999999999999,0.18999999999999995,147.5,160.0,135.0,25.0,12.5,12.0,15.0,9.0,6.0,3.0,5.5,6.0,5.0,1.0,0.5,7.3722080000000005,7.4589,7.285516,0.17338399999999954,0.08669199999999977,9.0,10.0,8.0,2.0,1.0,0,1,1,0,0,0,0,1
BiRh,211,BB,O,1.45701,"SUNCAT alloys, DACAPO/RPBE",1,2,2.09,2.28,1.9,0.3799999999999999,0.18999999999999995,147.5,160.0,135.0,25.0,12.5,12.0,15.0,9.0,6.0,3.0,5.5,6.0,5.0,1.0,0.5,7.3722080000000005,7.4589,7.285516,0.17338399999999954,0.08669199999999977,9.0,10.0,8.0,2.0,1.0,0,1,0,0,1,0,0,1
BiRh3,211,AB,O,1.79611,"SUNCAT alloys, DACAPO/RPBE",1,2,2.185,2.28,1.9,0.3799999999999999,0.1645448267190433,141.25,160.0,135.0,25.0,10.825317547305483,10.5,15.0,9.0,6.0,2.598076211353316,5.25,6.0,5.0,1.0,0.4330127018922193,7.415554,7.4589,7.285516,0.17338399999999954,0.07507747430488035,8.5,10.0,8.0,2.0,0.8660254037844386,0,1,0,1,0,0,0,1
BiRh3,211,BB,O,2.41291,"SUNCAT alloys, DACAPO/RPBE",1,2,2.185,2.28,1.9,0.3799999999999999,0.1645448267190433,141.25,160.0,135.0,25.0,10.825317547305483,10.5,15.0,9.0,6.0,2.598076211353316,5.25,6.0,5.0,1.0,0.4330127018922193,7.415554,7.4589,7.285516,0.17338399999999954,0.07507747430488035,8.5,10.0,8.0,2.0,0.8660254037844386,0,1,0,0,1,0,0,1
Cd3Ag,111,none,CO,-0.133475248999,"SUNCAT alloys, DACAPO/RPBE",1,2,1.75,1.93,1.69,0.24,0.10392304845413264,156.25,160.0,155.0,5.0,2.165063509461097,11.75,12.0,11.0,1.0,0.4330127018922193,5.0,5.0,5.0,0.0,0.0,8.6394235,8.99382,7.576234,1.4175859999999991,0.6138327440245832,10.0,10.0,10.0,0.0,0.0,1,0,0,0,0,1,1,0
Cd3Au,111,none,CO,-0.423475249,"SUNCAT alloys, DACAPO/RPBE",1,2,1.8675000000000002,2.4,1.69,0.71,0.3074390183434757,150.0,155.0,135.0,20.0,8.660254037844387,11.75,12.0,11.0,1.0,0.4330127018922193,5.25,6.0,5.0,1.0,0.4330127018922193,9.0517535,9.225554,8.99382,0.23173400000000122,0.10034376546029207,10.0,10.0,10.0,0.0,0.0,1,0,0,0,0,1,1,0
Cd3La,111,none,CO,0.736524751,"SUNCAT alloys, DACAPO/RPBE",1,2,1.5425,1.69,1.1,0.5899999999999999,0.25547749411640935,165.0,195.0,155.0,40.0,17.320508075688775,9.75,12.0,3.0,9.0,3.897114317029974,5.25,6.0,5.0,1.0,0.4330127018922193,8.13959,8.99382,5.5769,3.4169199999999993,1.4795697613495618,7.75,10.0,1.0,9.0,3.897114317029974,1,0,0,0,0,1,1,0
Cd3Pd,111,none,CO,0.466524750999,"SUNCAT alloys, DACAPO/RPBE",1,2,1.8175000000000001,2.2,1.69,0.5100000000000002,0.22083647796503195,151.25,155.0,140.0,15.0,6.49519052838329,11.5,12.0,10.0,2.0,0.8660254037844386,5.0,5.0,5.0,0.0,0.0,8.829574749999999,8.99382,8.336839,0.656981,0.28448111790185215,10.0,10.0,10.0,0.0,0.0,1,0,0,0,0,1,1,0
Cd3Pt,111,none,CO,0.796524751001,"SUNCAT alloys, DACAPO/RPBE",1,2,1.8175000000000001,2.2,1.69,0.5100000000000002,0.22083647796503195,150.0,155.0,135.0,20.0,8.660254037844387,11.5,12.0,10.0,2.0,0.8660254037844386,5.25,6.0,5.0,1.0,0.4330127018922193,8.9850725,8.99382,8.95883,0.034989999999998744,0.015151114439208212,9.75,10.0,9.0,1.0,0.4330127018922193,1,0,0,0,0,1,1,0
Cd3Rh,111,none,CO,1.646524751,"SUNCAT alloys, DACAPO/RPBE",1,2,1.8375,2.28,1.69,0.5899999999999999,0.25547749411640935,150.0,155.0,135.0,20.0,8.660254037844387,11.25,12.0,9.0,3.0,1.299038105676658,5.0,5.0,5.0,0.0,0.0,8.61009,8.99382,7.4589,1.5349199999999996,0.6646398563884052,9.5,10.0,8.0,2.0,0.8660254037844386,1,0,0,0,0,1,1,0
Cd3Sc,111,none,CO,0.966524750999,"SUNCAT alloys, DACAPO/RPBE",1,2,1.6075000000000002,1.69,1.36,0.32999999999999985,0.14289419162443232,156.25,160.0,155.0,5.0,2.165063509461097,9.75,12.0,3.0,9.0,3.897114317029974,4.75,5.0,4.0,1.0,0.4330127018922193,8.3857375,8.99382,6.56149,2.4323299999999994,1.0532297851935015,7.75,10.0,1.0,9.0,3.897114317029974,1,0,0,0,0,1,1,0
Cd3Y,111,none,CO,0.846524751,"SUNCAT alloys, DACAPO/RPBE",1,2,1.5725,1.69,1.22,0.47,0.20351596988934306,161.25,180.0,155.0,25.0,10.825317547305483,9.75,12.0,3.0,9.0,3.897114317029974,5.0,5.0,5.0,0.0,0.0,8.299679999999999,8.99382,6.21726,2.77656,1.2022857475658606,7.75,10.0,1.0,9.0,3.897114317029974,1,0,0,0,0,1,1,0
Cd3Zr,111,none,CO,1.586524751,"SUNCAT alloys, DACAPO/RPBE",1,2,1.6,1.69,1.33,0.3599999999999999,0.1558845726811989,155.0,155.0,155.0,0.0,0.0,10.0,12.0,4.0,8.0,3.4641016151377544,5.0,5.0,5.0,0.0,0.0,8.4038965,8.99382,6.634126,2.3596939999999993,1.0217774745788584,8.0,10.0,2.0,8.0,3.4641016151377544,1,0,0,0,0,1,1,0
CdAg3,211,AB,O,1.15978,"SUNCAT alloys, DACAPO/RPBE",1,2,1.87,1.93,1.69,0.24,0.10392304845413264,158.75,160.0,155.0,5.0,2.165063509461097,11.25,12.0,11.0,1.0,0.4330127018922193,5.0,5.0,5.0,0.0,0.0,7.9306305,8.99382,7.576234,1.4175859999999991,0.6138327440245832,10.0,10.0,10.0,0.0,0.0,0,1,0,1,0,0,0,1
CdAg3,211,BB,O,1.05604,"SUNCAT alloys, DACAPO/RPBE",1,2,1.87,1.93,1.69,0.24,0.10392304845413264,158.75,160.0,155.0,5.0,2.165063509461097,11.25,12.0,11.0,1.0,0.4330127018922193,5.0,5.0,5.0,0.0,0.0,7.9306305,8.99382,7.576234,1.4175859999999991,0.6138327440245832,10.0,10.0,10.0,0.0,0.0,0,1,0,0,1,0,0,1
CdAu3,211,AB,O,0.93094,"SUNCAT alloys, DACAPO/RPBE",1,2,2.2224999999999997,2.4,1.69,0.71,0.3074390183434757,140.0,155.0,135.0,20.0,8.660254037844387,11.25,12.0,11.0,1.0,0.4330127018922193,5.75,6.0,5.0,1.0,0.4330127018922193,9.1676205,9.225554,8.99382,0.23173400000000122,0.10034376546029207,10.0,10.0,10.0,0.0,0.0,0,1,0,1,0,0,0,1
CdAu3,211,BB,O,0.59372,"SUNCAT alloys, DACAPO/RPBE",1,2,2.2224999999999997,2.4,1.69,0.71,0.3074390183434757,140.0,155.0,135.0,20.0,8.660254037844387,11.25,12.0,11.0,1.0,0.4330127018922193,5.75,6.0,5.0,1.0,0.4330127018922193,9.1676205,9.225554,8.99382,0.23173400000000122,0.10034376546029207,10.0,10.0,10.0,0.0,0.0,0,1,0,0,1,0,0,1
CdCd3,211,AB,O,1.7929,"SUNCAT alloys, DACAPO/RPBE",1,1,1.69,1.69,1.69,0.0,0.0,155.0,155.0,155.0,0.0,0.0,12.0,12.0,12.0,0.0,0.0,5.0,5.0,5.0,0.0,0.0,8.99382,8.99382,8.99382,0.0,0.0,10.0,10.0,10.0,0.0,0.0,0,1,0,1,0,0,0,1
CdCu3,211,AB,O,1.6738,"SUNCAT alloys, DACAPO/RPBE",1,2,1.8474999999999997,1.9,1.69,0.20999999999999996,0.09093266739736605,140.0,155.0,135.0,20.0,8.660254037844387,11.25,12.0,11.0,1.0,0.4330127018922193,4.25,5.0,4.0,1.0,0.4330127018922193,8.04324,8.99382,7.72638,1.2674399999999997,0.5488176188862743,10.0,10.0,10.0,0.0,0.0,0,1,0,1,0,0,0,1
CdCu3,211,BB,O,1.9228,"SUNCAT alloys, DACAPO/RPBE",1,2,1.8474999999999997,1.9,1.69,0.20999999999999996,0.09093266739736605,140.0,155.0,135.0,20.0,8.660254037844387,11.25,12.0,11.0,1.0,0.4330127018922193,4.25,5.0,4.0,1.0,0.4330127018922193,8.04324,8.99382,7.72638,1.2674399999999997,0.5488176188862743,10.0,10.0,10.0,0.0,0.0,0,1,0,0,1,0,0,1
CdPd,211,AA,O,0.96238,"SUNCAT alloys, DACAPO/RPBE",1,2,1.945,2.2,1.69,0.5100000000000002,0.2550000000000001,147.5,155.0,140.0,15.0,7.5,11.0,12.0,10.0,2.0,1.0,5.0,5.0,5.0,0.0,0.0,8.665329499999999,8.99382,8.336839,0.656981,0.3284905,10.0,10.0,10.0,0.0,0.0,0,1,1,0,0,0,0,1
CdPd,211,BB,O,1.34658,"SUNCAT alloys, DACAPO/RPBE",1,2,1.945,2.2,1.69,0.5100000000000002,0.2550000000000001,147.5,155.0,140.0,15.0,7.5,11.0,12.0,10.0,2.0,1.0,5.0,5.0,5.0,0.0,0.0,8.665329499999999,8.99382,8.336839,0.656981,0.3284905,10.0,10.0,10.0,0.0,0.0,0,1,0,0,1,0,0,1
CdPd3,211,AB,O,0.86765,"SUNCAT alloys, DACAPO/RPBE",1,2,2.0725000000000002,2.2,1.69,0.5100000000000002,0.22083647796503195,143.75,155.0,140.0,15.0,6.49519052838329,10.5,12.0,10.0,2.0,0.8660254037844386,5.0,5.0,5.0,0.0,0.0,8.50108425,8.99382,8.336839,0.656981,0.28448111790185215,10.0,10.0,10.0,0.0,0.0,0,1,0,1,0,0,0,1
CdPd3,211,BB,O,0.98207,"SUNCAT alloys, DACAPO/RPBE",1,2,2.0725000000000002,2.2,1.69,0.5100000000000002,0.22083647796503195,143.75,155.0,140.0,15.0,6.49519052838329,10.5,12.0,10.0,2.0,0.8660254037844386,5.0,5.0,5.0,0.0,0.0,8.50108425,8.99382,8.336839,0.656981,0.28448111790185215,10.0,10.0,10.0,0.0,0.0,0,1,0,0,1,0,0,1
CdPt,211,AA,O,1.2553,"SUNCAT alloys, DACAPO/RPBE",1,2,1.945,2.2,1.69,0.5100000000000002,0.2550000000000001,145.0,155.0,135.0,20.0,10.0,11.0,12.0,10.0,2.0,1.0,5.5,6.0,5.0,1.0,0.5,8.976325,8.99382,8.95883,0.034989999999998744,0.017494999999999372,9.5,10.0,9.0,1.0,0.5,0,1,1,0,0,0,0,1
CdPt,211,BB,O,1.28725,"SUNCAT alloys, DACAPO/RPBE",1,2,1.945,2.2,1.69,0.5100000000000002,0.2550000000000001,145.0,155.0,135.0,20.0,10.0,11.0,12.0,10.0,2.0,1.0,5.5,6.0,5.0,1.0,0.5,8.976325,8.99382,8.95883,0.034989999999998744,0.017494999999999372,9.5,10.0,9.0,1.0,0.5,0,1,0,0,1,0,0,1
CdPt3,211,AB,O,1.0801,"SUNCAT alloys, DACAPO/RPBE",1,2,2.0725000000000002,2.2,1.69,0.5100000000000002,0.22083647796503195,140.0,155.0,135.0,20.0,8.660254037844387,10.5,12.0,10.0,2.0,0.8660254037844386,5.75,6.0,5.0,1.0,0.4330127018922193,8.9675775,8.99382,8.95883,0.034989999999998744,0.015151114439208212,9.25,10.0,9.0,1.0,0.4330127018922193,0,1,0,1,0,0,0,1
CdPt3,211,BB,O,1.46325,"SUNCAT alloys, DACAPO/RPBE",1,2,2.0725000000000002,2.2,1.69,0.5100000000000002,0.22083647796503195,140.0,155.0,135.0,20.0,8.660254037844387,10.5,12.0,10.0,2.0,0.8660254037844386,5.75,6.0,5.0,1.0,0.4330127018922193,8.9675775,8.99382,8.95883,0.034989999999998744,0.015151114439208212,9.25,10.0,9.0,1.0,0.4330127018922193,0,1,0,0,1,0,0,1
CdRh,211,AA,O,2.70503,"SUNCAT alloys, DACAPO/RPBE",1,2,1.9849999999999999,2.28,1.69,0.5899999999999999,0.29499999999999993,145.0,155.0,135.0,20.0,10.0,10.5,12.0,9.0,3.0,1.5,5.0,5.0,5.0,0.0,0.0,8.22636,8.99382,7.4589,1.5349199999999996,0.7674599999999998,9.0,10.0,8.0,2.0,1.0,0,1,1,0,0,0,0,1
CdRh,211,BB,O,1.94131,"SUNCAT alloys, DACAPO/RPBE",1,2,1.9849999999999999,2.28,1.69,0.5899999999999999,0.29499999999999993,145.0,155.0,135.0,20.0,10.0,10.5,12.0,9.0,3.0,1.5,5.0,5.0,5.0,0.0,0.0,8.22636,8.99382,7.4589,1.5349199999999996,0.7674599999999998,9.0,10.0,8.0,2.0,1.0,0,1,0,0,1,0,0,1
Co,211,none,CO,1.537,"DACAPO, RPBE @ CAMD/SUNCAT",1,1,1.88,1.88,1.88,0.0,0.0,135.0,135.0,135.0,0.0,0.0,9.0,9.0,9.0,0.0,0.0,4.0,4.0,4.0,0.0,0.0,7.88101,7.88101,7.88101,0.0,0.0,7.0,7.0,7.0,0.0,0.0,0,1,0,0,0,1,1,0
Co3Al,111,none,CO,1.746524751,"SUNCAT alloys, DACAPO/RPBE",1,2,1.8125,1.88,1.61,0.2699999999999998,0.11691342951089913,132.5,135.0,125.0,10.0,4.330127018922194,10.0,13.0,9.0,4.0,1.7320508075688772,3.75,4.0,3.0,1.0,0.4330127018922193,7.40719975,7.88101,5.985769,1.8952409999999995,0.8206634261469115,5.25,7.0,0.0,7.0,3.031088913245535,1,0,0,0,0,1,1,0
Co3Fe,111,none,CO,1.656524751,"SUNCAT alloys, DACAPO/RPBE",1,2,1.8675,1.88,1.83,0.04999999999999982,0.02165063509461089,136.25,140.0,135.0,5.0,2.165063509461097,8.75,9.0,8.0,1.0,0.4330127018922193,4.0,4.0,4.0,0.0,0.0,7.886374525,7.9024681,7.88101,0.021458100000000258,0.009291629858473543,6.75,7.0,6.0,1.0,0.4330127018922193,1,0,0,0,0,1,1,0
Co3Ga,111,none,CO,1.616524751,"SUNCAT alloys, DACAPO/RPBE",1,2,1.8624999999999998,1.88,1.81,0.06999999999999984,0.030310889132455283,133.75,135.0,130.0,5.0,2.165063509461097,10.0,13.0,9.0,4.0,1.7320508075688772,4.0,4.0,4.0,0.0,0.0,7.410583,7.88101,5.999302,1.8817079999999997,0.8148034652522042,7.75,10.0,7.0,3.0,1.299038105676658,1,0,0,0,0,1,1,0
Co3Ge,111,none,CO,1.656524751,"SUNCAT alloys, DACAPO/RPBE",1,2,1.9124999999999999,2.01,1.88,0.1299999999999999,0.056291651245988464,132.5,135.0,125.0,10.0,4.330127018922194,10.25,14.0,9.0,5.0,2.165063509461097,4.0,4.0,4.0,0.0,0.0,7.88561625,7.899435,7.88101,0.01842500000000058,0.007978259032364392,7.75,10.0,7.0,3.0,1.299038105676658,1,0,0,0,0,1,1,0
Co3Hf,111,none,CO,2.036524751,"SUNCAT alloys, DACAPO/RPBE",1,2,1.7349999999999999,1.88,1.3,0.5799999999999998,0.25114736709748714,140.0,155.0,135.0,20.0,8.660254037844387,7.75,9.0,4.0,5.0,2.165063509461097,4.5,6.0,4.0,2.0,0.8660254037844386,7.617025,7.88101,6.82507,1.0559399999999997,0.4572354324360699,5.75,7.0,2.0,5.0,2.165063509461097,1,0,0,0,0,1,1,0
Co3Ir,111,none,CO,2.076524751,"SUNCAT alloys, DACAPO/RPBE",1,2,1.96,2.2,1.88,0.3200000000000003,0.13856406460551032,135.0,135.0,135.0,0.0,0.0,9.0,9.0,9.0,0.0,0.0,4.5,6.0,4.0,2.0,0.8660254037844386,8.1525125,8.96702,7.88101,1.08601,0.4702561243819691,7.0,7.0,7.0,0.0,0.0,1,0,0,0,0,1,1,0
Co3Ni,111,none,CO,1.446524751,"SUNCAT alloys, DACAPO/RPBE",1,2,1.8875,1.91,1.88,0.030000000000000027,0.012990381056766592,135.0,135.0,135.0,0.0,0.0,9.25,10.0,9.0,1.0,0.4330127018922193,4.0,4.0,4.0,0.0,0.0,7.820727,7.88101,7.639878,0.24113199999999946,0.10441321883267439,7.25,8.0,7.0,1.0,0.4330127018922193,1,0,0,0,0,1,1,0
Co3Pd,111,none,CO,1.416524751,"SUNCAT alloys, DACAPO/RPBE",1,2,1.96,2.2,1.88,0.3200000000000003,0.13856406460551032,136.25,140.0,135.0,5.0,2.165063509461097,9.25,10.0,9.0,1.0,0.4330127018922193,4.25,5.0,4.0,1.0,0.4330127018922193,7.99496725,8.336839,7.88101,0.4558289999999996,0.19737974689082827,7.75,10.0,7.0,3.0,1.299038105676658,1,0,0,0,0,1,1,0
Co3Pt,111,none,CO,1.366524751,"SUNCAT alloys, DACAPO/RPBE",1,2,1.96,2.2,1.88,0.3200000000000003,0.13856406460551032,135.0,135.0,135.0,0.0,0.0,9.25,10.0,9.0,1.0,0.4330127018922193,4.5,6.0,4.0,2.0,0.8660254037844386,8.150465,8.95883,7.88101,1.0778200000000009,0.4667097503534722,7.5,9.0,7.0,2.0,0.8660254037844386,1,0,0,0,0,1,1,0
Co3Rh,111,none,CO,1.556524751,"SUNCAT alloys, DACAPO/RPBE",1,2,1.98,2.28,1.88,0.3999999999999999,0.1732050807568877,135.0,135.0,135.0,0.0,0.0,9.0,9.0,9.0,0.0,0.0,4.25,5.0,4.0,1.0,0.4330127018922193,7.7754825,7.88101,7.4589,0.42211,0.1827789915957247,7.25,8.0,7.0,1.0,0.4330127018922193,1,0,0,0,0,1,1,0
Co3Si,111,none,CO,1.726524751,"SUNCAT alloys, DACAPO/RPBE",1,2,1.8849999999999998,1.9,1.88,0.020000000000000018,0.008660254037844395,128.75,135.0,110.0,25.0,10.825317547305483,10.25,14.0,9.0,5.0,2.165063509461097,3.75,4.0,3.0,1.0,0.4330127018922193,7.9486775000000005,8.15168,7.88101,0.27067000000000085,0.11720354802116736,5.25,7.0,0.0,7.0,3.031088913245535,1,0,0,0,0,1,1,0
Co3Ti,111,none,CO,1.956524751,"SUNCAT alloys, DACAPO/RPBE",1,2,1.795,1.88,1.54,0.33999999999999986,0.1472243186433545,136.25,140.0,135.0,5.0,2.165063509461097,7.75,9.0,4.0,5.0,2.165063509461097,4.0,4.0,4.0,0.0,0.0,7.6177875,7.88101,6.82812,1.0528899999999997,0.45591474369529866,5.75,7.0,2.0,5.0,2.165063509461097,1,0,0,0,0,1,1,0
Co3V,111,none,CO,1.796524751,"SUNCAT alloys, DACAPO/RPBE",1,2,1.8175,1.88,1.63,0.25,0.10825317547305482,135.0,135.0,135.0,0.0,0.0,8.0,9.0,5.0,4.0,1.7320508075688772,4.0,4.0,4.0,0.0,0.0,7.59730425,7.88101,6.746187,1.134823,0.491392773399434,6.0,7.0,3.0,4.0,1.7320508075688772,1,0,0,0,0,1,1,0
Co3W,111,none,CO,1.786524751,"SUNCAT alloys, DACAPO/RPBE",1,2,1.835,1.88,1.7,0.17999999999999994,0.07794228634059945,135.0,135.0,135.0,0.0,0.0,8.25,9.0,6.0,3.0,1.299038105676658,4.5,6.0,4.0,2.0,0.8660254037844386,7.876765,7.88101,7.86403,0.016980000000000217,0.007352555678129978,6.25,7.0,4.0,3.0,1.299038105676658,1,0,0,0,0,1,1,0
Co3Zr,111,none,CO,2.706524751,"SUNCAT alloys, DACAPO/RPBE",1,2,1.7425,1.88,1.33,0.5499999999999998,0.23815698604072055,140.0,155.0,135.0,20.0,8.660254037844387,7.75,9.0,4.0,5.0,2.165063509461097,4.25,5.0,4.0,1.0,0.4330127018922193,7.5692889999999995,7.88101,6.634126,1.2468839999999997,0.5399166097861778,5.75,7.0,2.0,5.0,2.165063509461097,1,0,0,0,0,1,1,0
CoCo3,211,AB,O,2.86417,"SUNCAT alloys, DACAPO/RPBE",1,1,1.88,1.88,1.88,0.0,0.0,135.0,135.0,135.0,0.0,0.0,9.0,9.0,9.0,0.0,0.0,4.0,4.0,4.0,0.0,0.0,7.88101,7.88101,7.88101,0.0,0.0,7.0,7.0,7.0,0.0,0.0,0,1,0,1,0,0,0,1
CoCu3,211,AB,O,2.66882,"SUNCAT alloys, DACAPO/RPBE",1,2,1.8949999999999998,1.9,1.88,0.020000000000000018,0.008660254037844393,135.0,135.0,135.0,0.0,0.0,10.5,11.0,9.0,2.0,0.8660254037844386,4.0,4.0,4.0,0.0,0.0,7.7650375,7.88101,7.72638,0.15463000000000005,0.06695675409359389,9.25,10.0,7.0,3.0,1.299038105676658,0,1,0,1,0,0,0,1
CoCu3,211,BB,O,2.53348,"SUNCAT alloys, DACAPO/RPBE",1,2,1.8949999999999998,1.9,1.88,0.020000000000000018,0.008660254037844393,135.0,135.0,135.0,0.0,0.0,10.5,11.0,9.0,2.0,0.8660254037844386,4.0,4.0,4.0,0.0,0.0,7.7650375,7.88101,7.72638,0.15463000000000005,0.06695675409359389,9.25,10.0,7.0,3.0,1.299038105676658,0,1,0,0,1,0,0,1
CoIr3,211,AB,O,2.8694,"SUNCAT alloys, DACAPO/RPBE",1,2,2.12,2.2,1.88,0.3200000000000003,0.13856406460551032,135.0,135.0,135.0,0.0,0.0,9.0,9.0,9.0,0.0,0.0,5.5,6.0,4.0,2.0,0.8660254037844386,8.695517500000001,8.96702,7.88101,1.08601,0.47025612438196907,7.0,7.0,7.0,0.0,0.0,0,1,0,1,0,0,0,1
CoNi3,211,AB,O,2.66273,"SUNCAT alloys, DACAPO/RPBE",1,2,1.9024999999999999,1.91,1.88,0.030000000000000027,0.012990381056766592,135.0,135.0,135.0,0.0,0.0,9.75,10.0,9.0,1.0,0.4330127018922193,4.0,4.0,4.0,0.0,0.0,7.7001610000000005,7.88101,7.639878,0.24113199999999946,0.10441321883267439,7.75,8.0,7.0,1.0,0.4330127018922193,0,1,0,1,0,0,0,1
CoNi3,211,BB,O,2.6185,"SUNCAT alloys, DACAPO/RPBE",1,2,1.9024999999999999,1.91,1.88,0.030000000000000027,0.012990381056766592,135.0,135.0,135.0,0.0,0.0,9.75,10.0,9.0,1.0,0.4330127018922193,4.0,4.0,4.0,0.0,0.0,7.7001610000000005,7.88101,7.639878,0.24113199999999946,0.10441321883267439,7.75,8.0,7.0,1.0,0.4330127018922193,0,1,0,0,1,0,0,1
CoPd3,211,AB,O,1.93788,"SUNCAT alloys, DACAPO/RPBE",1,2,2.12,2.2,1.88,0.3200000000000003,0.13856406460551032,138.75,140.0,135.0,5.0,2.165063509461097,9.75,10.0,9.0,1.0,0.4330127018922193,4.75,5.0,4.0,1.0,0.4330127018922193,8.222881749999999,8.336839,7.88101,0.4558289999999996,0.19737974689082827,9.25,10.0,7.0,3.0,1.299038105676658,0,1,0,1,0,0,0,1
CoPd3,211,BB,O,1.54558,"SUNCAT alloys, DACAPO/RPBE",1,2,2.12,2.2,1.88,0.3200000000000003,0.13856406460551032,138.75,140.0,135.0,5.0,2.165063509461097,9.75,10.0,9.0,1.0,0.4330127018922193,4.75,5.0,4.0,1.0,0.4330127018922193,8.222881749999999,8.336839,7.88101,0.4558289999999996,0.19737974689082827,9.25,10.0,7.0,3.0,1.299038105676658,0,1,0,0,1,0,0,1
CoPt3,211,AB,O,1.99524,"SUNCAT alloys, DACAPO/RPBE",1,2,2.12,2.2,1.88,0.3200000000000003,0.13856406460551032,135.0,135.0,135.0,0.0,0.0,9.75,10.0,9.0,1.0,0.4330127018922193,5.5,6.0,4.0,2.0,0.8660254037844386,8.689375000000002,8.95883,7.88101,1.0778200000000009,0.46670975035347223,8.5,9.0,7.0,2.0,0.8660254037844386,0,1,0,1,0,0,0,1
CoPt3,211,BB,O,1.3604,"SUNCAT alloys, DACAPO/RPBE",1,2,2.12,2.2,1.88,0.3200000000000003,0.13856406460551032,135.0,135.0,135.0,0.0,0.0,9.75,10.0,9.0,1.0,0.4330127018922193,5.5,6.0,4.0,2.0,0.8660254037844386,8.689375000000002,8.95883,7.88101,1.0778200000000009,0.46670975035347223,8.5,9.0,7.0,2.0,0.8660254037844386,0,1,0,0,1,0,0,1
CoRe3,211,AB,O,3.78857,"SUNCAT alloys, DACAPO/RPBE",1,2,1.8949999999999998,1.9,1.88,0.020000000000000018,0.008660254037844393,135.0,135.0,135.0,0.0,0.0,7.5,9.0,7.0,2.0,0.8660254037844386,5.5,6.0,4.0,2.0,0.8660254037844386,7.8453925,7.88101,7.83352,0.04748999999999981,0.020563773212861413,5.5,7.0,5.0,2.0,0.8660254037844386,0,1,0,1,0,0,0,1
CoRe3,211,BB,O,4.47652,"SUNCAT alloys, DACAPO/RPBE",1,2,1.8949999999999998,1.9,1.88,0.020000000000000018,0.008660254037844393,135.0,135.0,135.0,0.0,0.0,7.5,9.0,7.0,2.0,0.8660254037844386,5.5,6.0,4.0,2.0,0.8660254037844386,7.8453925,7.88101,7.83352,0.04748999999999981,0.020563773212861413,5.5,7.0,5.0,2.0,0.8660254037844386,0,1,0,0,1,0,0,1
CoRh3,211,AB,O,2.93918,"SUNCAT alloys, DACAPO/RPBE",1,2,2.1799999999999997,2.28,1.88,0.3999999999999999,0.1732050807568877,135.0,135.0,135.0,0.0,0.0,9.0,9.0,9.0,0.0,0.0,4.75,5.0,4.0,1.0,0.4330127018922193,7.5644275,7.88101,7.4589,0.42211,0.1827789915957247,7.75,8.0,7.0,1.0,0.4330127018922193,0,1,0,1,0,0,0,1
CoRh3,211,BB,O,2.9071,"SUNCAT alloys, DACAPO/RPBE",1,2,2.1799999999999997,2.28,1.88,0.3999999999999999,0.1732050807568877,135.0,135.0,135.0,0.0,0.0,9.0,9.0,9.0,0.0,0.0,4.75,5.0,4.0,1.0,0.4330127018922193,7.5644275,7.88101,7.4589,0.42211,0.1827789915957247,7.75,8.0,7.0,1.0,0.4330127018922193,0,1,0,0,1,0,0,1
CrRh3,211,AB,O,3.94385,"SUNCAT alloys, DACAPO/RPBE",1,2,2.125,2.28,1.66,0.6199999999999999,0.26846787517317594,136.25,140.0,135.0,5.0,2.165063509461097,8.25,9.0,6.0,3.0,1.299038105676658,4.75,5.0,4.0,1.0,0.4330127018922193,7.2858025,7.4589,6.76651,0.6923899999999996,0.29981366466315357,7.25,8.0,5.0,3.0,1.299038105676658,0,1,0,1,0,0,0,1
CrRh3,211,BB,O,3.0016,"SUNCAT alloys, DACAPO/RPBE",1,2,2.125,2.28,1.66,0.6199999999999999,0.26846787517317594,136.25,140.0,135.0,5.0,2.165063509461097,8.25,9.0,6.0,3.0,1.299038105676658,4.75,5.0,4.0,1.0,0.4330127018922193,7.2858025,7.4589,6.76651,0.6923899999999996,0.29981366466315357,7.25,8.0,5.0,3.0,1.299038105676658,0,1,0,0,1,0,0,1
Cu,111,none,CO,0.36,"DACAPO, RPBE @ CAMD/SUNCAT",1,1,1.9,1.9,1.9,0.0,0.0,135.0,135.0,135.0,0.0,0.0,11.0,11.0,11.0,0.0,0.0,4.0,4.0,4.0,0.0,0.0,7.72638,7.72638,7.72638,0.0,0.0,10.0,10.0,10.0,0.0,0.0,1,0,0,0,0,1,1,0
Cu,211,none,CO,0.657,"DACAPO, RPBE @ CAMD/SUNCAT",1,1,1.9,1.9,1.9,0.0,0.0,135.0,135.0,135.0,0.0,0.0,11.0,11.0,11.0,0.0,0.0,4.0,4.0,4.0,0.0,0.0,7.72638,7.72638,7.72638,0.0,0.0,10.0,10.0,10.0,0.0,0.0,0,1,0,0,0,1,1,0
Cu3Al,111,none,CO,0.436524751001,"SUNCAT alloys, DACAPO/RPBE",1,2,1.8275,1.9,1.61,0.2899999999999998,0.12557368354874351,132.5,135.0,125.0,10.0,4.330127018922194,11.5,13.0,11.0,2.0,0.8660254037844386,3.75,4.0,3.0,1.0,0.4330127018922193,7.29122725,7.72638,5.985769,1.7406109999999995,0.7537066720533175,7.5,10.0,0.0,10.0,4.330127018922194,1,0,0,0,0,1,1,0
Cu3Au,111,none,CO,0.456524751001,"SUNCAT alloys, DACAPO/RPBE",1,2,2.025,2.4,1.9,0.5,0.21650635094610965,135.0,135.0,135.0,0.0,0.0,11.0,11.0,11.0,0.0,0.0,4.5,6.0,4.0,2.0,0.8660254037844386,8.1011735,9.225554,7.72638,1.499174000000001,0.6491613843465665,10.0,10.0,10.0,0.0,0.0,1,0,0,0,0,1,1,0
Cu3Ga,111,none,CO,0.376524750999,"SUNCAT alloys, DACAPO/RPBE",1,2,1.8775,1.9,1.81,0.08999999999999986,0.03897114317029968,133.75,135.0,130.0,5.0,2.165063509461097,11.5,13.0,11.0,2.0,0.8660254037844386,4.0,4.0,4.0,0.0,0.0,7.2946105,7.72638,5.999302,1.7270779999999997,0.7478467111586102,10.0,10.0,10.0,0.0,0.0,1,0,0,0,0,1,1,0
Cu3Pd,111,none,CO,0.986524751,"SUNCAT alloys, DACAPO/RPBE",1,2,1.9749999999999999,2.2,1.9,0.30000000000000027,0.1299038105676659,136.25,140.0,135.0,5.0,2.165063509461097,10.75,11.0,10.0,1.0,0.4330127018922193,4.25,5.0,4.0,1.0,0.4330127018922193,7.87899475,8.336839,7.72638,0.6104589999999996,0.2643365009844222,10.0,10.0,10.0,0.0,0.0,1,0,0,0,0,1,1,0
Cu3Pt,111,none,CO,1.406524751,"SUNCAT alloys, DACAPO/RPBE",1,2,1.9749999999999999,2.2,1.9,0.30000000000000027,0.1299038105676659,135.0,135.0,135.0,0.0,0.0,10.75,11.0,10.0,1.0,0.4330127018922193,4.5,6.0,4.0,2.0,0.8660254037844386,8.0344925,8.95883,7.72638,1.232450000000001,0.5336665044470661,9.75,10.0,9.0,1.0,0.4330127018922193,1,0,0,0,0,1,1,0
Cu3Sc,111,none,CO,0.876524751003,"SUNCAT alloys, DACAPO/RPBE",1,2,1.765,1.9,1.36,0.5399999999999998,0.23382685902179834,141.25,160.0,135.0,25.0,10.825317547305483,9.0,11.0,3.0,8.0,3.4641016151377544,4.0,4.0,4.0,0.0,0.0,7.4351575,7.72638,6.56149,1.1648899999999998,0.5044121663072272,7.75,10.0,1.0,9.0,3.897114317029974,1,0,0,0,0,1,1,0
Cu3Zn,111,none,CO,0.526524751001,"SUNCAT alloys, DACAPO/RPBE",1,2,1.8375,1.9,1.65,0.25,0.10825317547305482,135.0,135.0,135.0,0.0,0.0,11.25,12.0,11.0,1.0,0.4330127018922193,4.0,4.0,4.0,0.0,0.0,8.14333425,9.394197,7.72638,1.6678170000000003,0.7221859454317757,10.0,10.0,10.0,0.0,0.0,1,0,0,0,0,1,1,0
CuAg3,211,AB,O,1.34395,"SUNCAT alloys, DACAPO/RPBE",1,2,1.9224999999999999,1.93,1.9,0.030000000000000027,0.012990381056766592,153.75,160.0,135.0,25.0,10.825317547305483,11.0,11.0,11.0,0.0,0.0,4.75,5.0,4.0,1.0,0.4330127018922193,7.6137705,7.72638,7.576234,0.15014599999999945,0.06501512513830893,10.0,10.0,10.0,0.0,0.0,0,1,0,1,0,0,0,1
CuAg3,211,BB,O,1.05321,"SUNCAT alloys, DACAPO/RPBE",1,2,1.9224999999999999,1.93,1.9,0.030000000000000027,0.012990381056766592,153.75,160.0,135.0,25.0,10.825317547305483,11.0,11.0,11.0,0.0,0.0,4.75,5.0,4.0,1.0,0.4330127018922193,7.6137705,7.72638,7.576234,0.15014599999999945,0.06501512513830893,10.0,10.0,10.0,0.0,0.0,0,1,0,0,1,0,0,1
CuAu3,211,AB,O,0.75654,"SUNCAT alloys, DACAPO/RPBE",1,2,2.275,2.4,1.9,0.5,0.21650635094610965,135.0,135.0,135.0,0.0,0.0,11.0,11.0,11.0,0.0,0.0,5.5,6.0,4.0,2.0,0.8660254037844386,8.8507605,9.225554,7.72638,1.499174000000001,0.6491613843465665,10.0,10.0,10.0,0.0,0.0,0,1,0,1,0,0,0,1
CuAu3,211,BB,O,0.42912,"SUNCAT alloys, DACAPO/RPBE",1,2,2.275,2.4,1.9,0.5,0.21650635094610965,135.0,135.0,135.0,0.0,0.0,11.0,11.0,11.0,0.0,0.0,5.5,6.0,4.0,2.0,0.8660254037844386,8.8507605,9.225554,7.72638,1.499174000000001,0.6491613843465665,10.0,10.0,10.0,0.0,0.0,0,1,0,0,1,0,0,1
CuCo3,211,AB,O,2.69039,"SUNCAT alloys, DACAPO/RPBE",1,2,1.8849999999999998,1.9,1.88,0.020000000000000018,0.008660254037844395,135.0,135.0,135.0,0.0,0.0,9.5,11.0,9.0,2.0,0.8660254037844386,4.0,4.0,4.0,0.0,0.0,7.8423525,7.88101,7.72638,0.15463000000000005,0.06695675409359389,7.75,10.0,7.0,3.0,1.299038105676658,0,1,0,1,0,0,0,1
CuCo3,211,BB,O,3.11925,"SUNCAT alloys, DACAPO/RPBE",1,2,1.8849999999999998,1.9,1.88,0.020000000000000018,0.008660254037844395,135.0,135.0,135.0,0.0,0.0,9.5,11.0,9.0,2.0,0.8660254037844386,4.0,4.0,4.0,0.0,0.0,7.8423525,7.88101,7.72638,0.15463000000000005,0.06695675409359389,7.75,10.0,7.0,3.0,1.299038105676658,0,1,0,0,1,0,0,1
CuCu3,211,AB,O,1.69267,"SUNCAT alloys, DACAPO/RPBE",1,1,1.9,1.9,1.9,0.0,0.0,135.0,135.0,135.0,0.0,0.0,11.0,11.0,11.0,0.0,0.0,4.0,4.0,4.0,0.0,0.0,7.72638,7.72638,7.72638,0.0,0.0,10.0,10.0,10.0,0.0,0.0,0,1,0,1,0,0,0,1
CuFe3,211,AB,O,3.05789,"SUNCAT alloys, DACAPO/RPBE",1,2,1.8475000000000001,1.9,1.83,0.06999999999999984,0.030310889132455283,138.75,140.0,135.0,5.0,2.165063509461097,8.75,11.0,8.0,3.0,1.299038105676658,4.0,4.0,4.0,0.0,0.0,7.858446075,7.9024681,7.72638,0.1760881000000003,0.07624838395206744,7.0,10.0,6.0,4.0,1.7320508075688772,0,1,0,1,0,0,0,1
CuFe3,211,BB,O,3.54644,"SUNCAT alloys, DACAPO/RPBE",1,2,1.8475000000000001,1.9,1.83,0.06999999999999984,0.030310889132455283,138.75,140.0,135.0,5.0,2.165063509461097,8.75,11.0,8.0,3.0,1.299038105676658,4.0,4.0,4.0,0.0,0.0,7.858446075,7.9024681,7.72638,0.1760881000000003,0.07624838395206744,7.0,10.0,6.0,4.0,1.7320508075688772,0,1,0,0,1,0,0,1
CuNi3,211,AB,O,2.50515,"SUNCAT alloys, DACAPO/RPBE",1,2,1.9074999999999998,1.91,1.9,0.010000000000000009,0.004330127018922197,135.0,135.0,135.0,0.0,0.0,10.25,11.0,10.0,1.0,0.4330127018922193,4.0,4.0,4.0,0.0,0.0,7.6615035,7.72638,7.639878,0.08650199999999941,0.0374564647390805,8.5,10.0,8.0,2.0,0.8660254037844386,0,1,0,1,0,0,0,1
CuNi3,211,BB,O,2.73906,"SUNCAT alloys, DACAPO/RPBE",1,2,1.9074999999999998,1.91,1.9,0.010000000000000009,0.004330127018922197,135.0,135.0,135.0,0.0,0.0,10.25,11.0,10.0,1.0,0.4330127018922193,4.0,4.0,4.0,0.0,0.0,7.6615035,7.72638,7.639878,0.08650199999999941,0.0374564647390805,8.5,10.0,8.0,2.0,0.8660254037844386,0,1,0,0,1,0,0,1
CuPd3,211,AB,O,1.14315,"SUNCAT alloys, DACAPO/RPBE",1,2,2.125,2.2,1.9,0.30000000000000027,0.1299038105676659,138.75,140.0,135.0,5.0,2.165063509461097,10.25,11.0,10.0,1.0,0.4330127018922193,4.75,5.0,4.0,1.0,0.4330127018922193,8.18422425,8.336839,7.72638,0.6104589999999996,0.2643365009844222,10.0,10.0,10.0,0.0,0.0,0,1,0,1,0,0,0,1
CuPd3,211,BB,O,1.04602,"SUNCAT alloys, DACAPO/RPBE",1,2,2.125,2.2,1.9,0.30000000000000027,0.1299038105676659,138.75,140.0,135.0,5.0,2.165063509461097,10.25,11.0,10.0,1.0,0.4330127018922193,4.75,5.0,4.0,1.0,0.4330127018922193,8.18422425,8.336839,7.72638,0.6104589999999996,0.2643365009844222,10.0,10.0,10.0,0.0,0.0,0,1,0,0,1,0,0,1
CuPt3,211,AB,O,1.2164,"SUNCAT alloys, DACAPO/RPBE",1,2,2.125,2.2,1.9,0.30000000000000027,0.1299038105676659,135.0,135.0,135.0,0.0,0.0,10.25,11.0,10.0,1.0,0.4330127018922193,5.5,6.0,4.0,2.0,0.8660254037844386,8.6507175,8.95883,7.72638,1.232450000000001,0.5336665044470661,9.25,10.0,9.0,1.0,0.4330127018922193,0,1,0,1,0,0,0,1
CuPt3,211,BB,O,1.34351,"SUNCAT alloys, DACAPO/RPBE",1,2,2.125,2.2,1.9,0.30000000000000027,0.1299038105676659,135.0,135.0,135.0,0.0,0.0,10.25,11.0,10.0,1.0,0.4330127018922193,5.5,6.0,4.0,2.0,0.8660254037844386,8.6507175,8.95883,7.72638,1.232450000000001,0.5336665044470661,9.25,10.0,9.0,1.0,0.4330127018922193,0,1,0,0,1,0,0,1
CuRh3,211,AB,O,2.06618,"SUNCAT alloys, DACAPO/RPBE",1,2,2.185,2.28,1.9,0.3799999999999999,0.1645448267190433,135.0,135.0,135.0,0.0,0.0,9.5,11.0,9.0,2.0,0.8660254037844386,4.75,5.0,4.0,1.0,0.4330127018922193,7.52577,7.72638,7.4589,0.26747999999999994,0.1158222375021308,8.5,10.0,8.0,2.0,0.8660254037844386,0,1,0,1,0,0,0,1
CuRh3,211,BB,O,2.59842,"SUNCAT alloys, DACAPO/RPBE",1,2,2.185,2.28,1.9,0.3799999999999999,0.1645448267190433,135.0,135.0,135.0,0.0,0.0,9.5,11.0,9.0,2.0,0.8660254037844386,4.75,5.0,4.0,1.0,0.4330127018922193,7.52577,7.72638,7.4589,0.26747999999999994,0.1158222375021308,8.5,10.0,8.0,2.0,0.8660254037844386,0,1,0,0,1,0,0,1
CuZn3,211,AB,O,2.25172,"SUNCAT alloys, DACAPO/RPBE",1,2,1.7125,1.9,1.65,0.25,0.10825317547305482,135.0,135.0,135.0,0.0,0.0,11.75,12.0,11.0,1.0,0.4330127018922193,4.0,4.0,4.0,0.0,0.0,8.97724275,9.394197,7.72638,1.6678170000000003,0.7221859454317757,10.0,10.0,10.0,0.0,0.0,0,1,0,1,0,0,0,1
CuZn3,211,BB,O,2.45355,"SUNCAT alloys, DACAPO/RPBE",1,2,1.7125,1.9,1.65,0.25,0.10825317547305482,135.0,135.0,135.0,0.0,0.0,11.75,12.0,11.0,1.0,0.4330127018922193,4.0,4.0,4.0,0.0,0.0,8.97724275,9.394197,7.72638,1.6678170000000003,0.7221859454317757,10.0,10.0,10.0,0.0,0.0,0,1,0,0,1,0,0,1
Fe,211,none,CO,1.527,"DACAPO, RPBE @ CAMD/SUNCAT",1,1,1.83,1.83,1.83,0.0,0.0,140.0,140.0,140.0,0.0,0.0,8.0,8.0,8.0,0.0,0.0,4.0,4.0,4.0,0.0,0.0,7.9024681,7.9024681,7.9024681,0.0,0.0,6.0,6.0,6.0,0.0,0.0,0,1,0,0,0,1,1,0
Fe3Al,111,none,CO,1.696524751,"SUNCAT alloys, DACAPO/RPBE",1,2,1.7750000000000001,1.83,1.61,0.21999999999999997,0.09526279441628824,136.25,140.0,125.0,15.0,6.49519052838329,9.25,13.0,8.0,5.0,2.165063509461097,3.75,4.0,3.0,1.0,0.4330127018922193,7.423293325,7.9024681,5.985769,1.9166990999999998,0.829955056005385,4.5,6.0,0.0,6.0,2.598076211353316,1,0,0,0,0,1,1,0
Fe3Ge,111,none,CO,1.426524751,"SUNCAT alloys, DACAPO/RPBE",1,2,1.875,2.01,1.83,0.17999999999999972,0.07794228634059935,136.25,140.0,125.0,15.0,6.49519052838329,9.5,14.0,8.0,6.0,2.598076211353316,4.0,4.0,4.0,0.0,0.0,7.901709825,7.9024681,7.899435,0.0030330999999996777,0.0013133708261091508,7.0,10.0,6.0,4.0,1.7320508075688772,1,0,0,0,0,1,1,0
Fe3Pt,111,none,CO,1.336524751,"SUNCAT alloys, DACAPO/RPBE",1,2,1.9225,2.2,1.83,0.3700000000000001,0.1602146997001212,138.75,140.0,135.0,5.0,2.165063509461097,8.5,10.0,8.0,2.0,0.8660254037844386,4.5,6.0,4.0,2.0,0.8660254037844386,8.166558575,8.95883,7.9024681,1.0563619000000006,0.4574181204949987,6.75,9.0,6.0,3.0,1.299038105676658,1,0,0,0,0,1,1,0
Fe3Si,111,none,CO,1.486524751,"SUNCAT alloys, DACAPO/RPBE",1,2,1.8475000000000001,1.9,1.83,0.06999999999999984,0.030310889132455283,132.5,140.0,110.0,30.0,12.99038105676658,9.5,14.0,8.0,6.0,2.598076211353316,3.75,4.0,3.0,1.0,0.4330127018922193,7.964771075,8.15168,7.9024681,0.2492119000000006,0.10791191816269383,4.5,6.0,0.0,6.0,2.598076211353316,1,0,0,0,0,1,1,0
Fe3Ti,111,none,CO,1.776524751,"SUNCAT alloys, DACAPO/RPBE",1,2,1.7575,1.83,1.54,0.29000000000000004,0.12557368354874363,140.0,140.0,140.0,0.0,0.0,7.0,8.0,4.0,4.0,1.7320508075688772,4.0,4.0,4.0,0.0,0.0,7.633881075,7.9024681,6.82812,1.0743481,0.4652063735537722,5.0,6.0,2.0,4.0,1.7320508075688772,1,0,0,0,0,1,1,0
Fe3V,111,none,CO,1.776524751,"SUNCAT alloys, DACAPO/RPBE",1,2,1.78,1.83,1.63,0.20000000000000018,0.08660254037844395,138.75,140.0,135.0,5.0,2.165063509461097,7.25,8.0,5.0,3.0,1.299038105676658,4.0,4.0,4.0,0.0,0.0,7.613397825,7.9024681,6.746187,1.1562811000000002,0.5006844032579075,5.25,6.0,3.0,3.0,1.299038105676658,1,0,0,0,0,1,1,0
FeCo3,211,AB,O,3.04365,"SUNCAT alloys, DACAPO/RPBE",1,2,1.8675,1.88,1.83,0.04999999999999982,0.02165063509461089,136.25,140.0,135.0,5.0,2.165063509461097,8.75,9.0,8.0,1.0,0.4330127018922193,4.0,4.0,4.0,0.0,0.0,7.886374525,7.9024681,7.88101,0.021458100000000258,0.009291629858473543,6.75,7.0,6.0,1.0,0.4330127018922193,0,1,0,1,0,0,0,1
FeCo3,211,BB,O,3.05554,"SUNCAT alloys, DACAPO/RPBE",1,2,1.8675,1.88,1.83,0.04999999999999982,0.02165063509461089,136.25,140.0,135.0,5.0,2.165063509461097,8.75,9.0,8.0,1.0,0.4330127018922193,4.0,4.0,4.0,0.0,0.0,7.886374525,7.9024681,7.88101,0.021458100000000258,0.009291629858473543,6.75,7.0,6.0,1.0,0.4330127018922193,0,1,0,0,1,0,0,1
FeCu3,211,AB,O,2.9332,"SUNCAT alloys, DACAPO/RPBE",1,2,1.8824999999999998,1.9,1.83,0.06999999999999984,0.030310889132455283,136.25,140.0,135.0,5.0,2.165063509461097,10.25,11.0,8.0,3.0,1.299038105676658,4.0,4.0,4.0,0.0,0.0,7.770402025,7.9024681,7.72638,0.1760881000000003,0.07624838395206744,9.0,10.0,6.0,4.0,1.7320508075688772,0,1,0,1,0,0,0,1
FeCu3,211,BB,O,2.65584,"SUNCAT alloys, DACAPO/RPBE",1,2,1.8824999999999998,1.9,1.83,0.06999999999999984,0.030310889132455283,136.25,140.0,135.0,5.0,2.165063509461097,10.25,11.0,8.0,3.0,1.299038105676658,4.0,4.0,4.0,0.0,0.0,7.770402025,7.9024681,7.72638,0.1760881000000003,0.07624838395206744,9.0,10.0,6.0,4.0,1.7320508075688772,0,1,0,0,1,0,0,1
FeFe3,211,AB,O,3.52845,"SUNCAT alloys, DACAPO/RPBE",1,1,1.83,1.83,1.83,0.0,0.0,140.0,140.0,140.0,0.0,0.0,8.0,8.0,8.0,0.0,0.0,4.0,4.0,4.0,0.0,0.0,7.9024681,7.9024681,7.9024681,0.0,0.0,6.0,6.0,6.0,0.0,0.0,0,1,0,1,0,0,0,1
FeIr3,211,AB,O,2.92463,"SUNCAT alloys, DACAPO/RPBE",1,2,2.1075,2.2,1.83,0.3700000000000001,0.1602146997001212,136.25,140.0,135.0,5.0,2.165063509461097,8.75,9.0,8.0,1.0,0.4330127018922193,5.5,6.0,4.0,2.0,0.8660254037844386,8.700882025,8.96702,7.9024681,1.0645518999999997,0.4609644945234955,6.75,7.0,6.0,1.0,0.4330127018922193,0,1,0,1,0,0,0,1
FeIr3,211,BB,O,2.7591,"SUNCAT alloys, DACAPO/RPBE",1,2,2.1075,2.2,1.83,0.3700000000000001,0.1602146997001212,136.25,140.0,135.0,5.0,2.165063509461097,8.75,9.0,8.0,1.0,0.4330127018922193,5.5,6.0,4.0,2.0,0.8660254037844386,8.700882025,8.96702,7.9024681,1.0645518999999997,0.4609644945234955,6.75,7.0,6.0,1.0,0.4330127018922193,0,1,0,0,1,0,0,1
FeNi3,211,AB,O,2.92186,"SUNCAT alloys, DACAPO/RPBE",1,2,1.89,1.91,1.83,0.07999999999999985,0.034641016151377484,136.25,140.0,135.0,5.0,2.165063509461097,9.5,10.0,8.0,2.0,0.8660254037844386,4.0,4.0,4.0,0.0,0.0,7.7055255250000005,7.9024681,7.639878,0.2625900999999997,0.11370484869114794,7.5,8.0,6.0,2.0,0.8660254037844386,0,1,0,1,0,0,0,1
FeNi3,211,BB,O,2.78824,"SUNCAT alloys, DACAPO/RPBE",1,2,1.89,1.91,1.83,0.07999999999999985,0.034641016151377484,136.25,140.0,135.0,5.0,2.165063509461097,9.5,10.0,8.0,2.0,0.8660254037844386,4.0,4.0,4.0,0.0,0.0,7.7055255250000005,7.9024681,7.639878,0.2625900999999997,0.11370484869114794,7.5,8.0,6.0,2.0,0.8660254037844386,0,1,0,0,1,0,0,1
FeRh3,211,AB,O,2.59479,"SUNCAT alloys, DACAPO/RPBE",1,2,2.1675,2.28,1.83,0.44999999999999973,0.19485571585149858,136.25,140.0,135.0,5.0,2.165063509461097,8.75,9.0,8.0,1.0,0.4330127018922193,4.75,5.0,4.0,1.0,0.4330127018922193,7.569792025,7.9024681,7.4589,0.44356810000000024,0.19207062145419823,7.5,8.0,6.0,2.0,0.8660254037844386,0,1,0,1,0,0,0,1
FeRh3,211,BB,O,2.45543,"SUNCAT alloys, DACAPO/RPBE",1,2,2.1675,2.28,1.83,0.44999999999999973,0.19485571585149858,136.25,140.0,135.0,5.0,2.165063509461097,8.75,9.0,8.0,1.0,0.4330127018922193,4.75,5.0,4.0,1.0,0.4330127018922193,7.569792025,7.9024681,7.4589,0.44356810000000024,0.19207062145419823,7.5,8.0,6.0,2.0,0.8660254037844386,0,1,0,0,1,0,0,1
FeZn3,211,AB,O,3.06269,"SUNCAT alloys, DACAPO/RPBE",1,2,1.6949999999999998,1.83,1.65,0.18000000000000016,0.07794228634059955,136.25,140.0,135.0,5.0,2.165063509461097,11.0,12.0,8.0,4.0,1.7320508075688772,4.0,4.0,4.0,0.0,0.0,9.021264775,9.394197,7.9024681,1.4917289,0.6459375614797083,9.0,10.0,6.0,4.0,1.7320508075688772,0,1,0,1,0,0,0,1
FeZn3,211,BB,O,2.59276,"SUNCAT alloys, DACAPO/RPBE",1,2,1.6949999999999998,1.83,1.65,0.18000000000000016,0.07794228634059955,136.25,140.0,135.0,5.0,2.165063509461097,11.0,12.0,8.0,4.0,1.7320508075688772,4.0,4.0,4.0,0.0,0.0,9.021264775,9.394197,7.9024681,1.4917289,0.6459375614797083,9.0,10.0,6.0,4.0,1.7320508075688772,0,1,0,0,1,0,0,1
Ga3Hf,111,none,CO,1.206524751,"SUNCAT alloys, DACAPO/RPBE",1,2,1.6824999999999999,1.81,1.3,0.51,0.22083647796503186,136.25,155.0,130.0,25.0,10.825317547305483,10.75,13.0,4.0,9.0,3.897114317029974,4.5,6.0,4.0,2.0,0.8660254037844386,6.205744,6.82507,5.999302,0.8257680000000001,0.3575680328161342,8.0,10.0,2.0,8.0,3.4641016151377544,1,0,0,0,0,1,1,0
Ga3Nb,111,none,CO,1.066524751,"SUNCAT alloys, DACAPO/RPBE",1,2,1.7574999999999998,1.81,1.6,0.20999999999999996,0.09093266739736605,133.75,145.0,130.0,15.0,6.49519052838329,11.0,13.0,5.0,8.0,3.4641016151377544,4.25,5.0,4.0,1.0,0.4330127018922193,6.189189,6.75885,5.999302,0.7595479999999997,0.3288939316968313,8.5,10.0,4.0,6.0,2.598076211353316,1,0,0,0,0,1,1,0
Ga3Sc,111,none,CO,0.796524751001,"SUNCAT alloys, DACAPO/RPBE",1,2,1.6975,1.81,1.36,0.44999999999999996,0.1948557158514987,137.5,160.0,130.0,30.0,12.99038105676658,10.5,13.0,3.0,10.0,4.330127018922194,4.0,4.0,4.0,0.0,0.0,6.139849,6.56149,5.999302,0.5621879999999999,0.24343454485138297,7.75,10.0,1.0,9.0,3.897114317029974,1,0,0,0,0,1,1,0
Ga3Ti,111,none,CO,1.15652475099,"SUNCAT alloys, DACAPO/RPBE",1,2,1.7425,1.81,1.54,0.27,0.11691342951089922,132.5,140.0,130.0,10.0,4.330127018922194,10.75,13.0,4.0,9.0,3.897114317029974,4.0,4.0,4.0,0.0,0.0,6.2065065,6.82812,5.999302,0.828818,0.35888872155690543,8.0,10.0,2.0,8.0,3.4641016151377544,1,0,0,0,0,1,1,0
Ga3Y,111,none,CO,0.676524750999,"SUNCAT alloys, DACAPO/RPBE",1,2,1.6624999999999999,1.81,1.22,0.5900000000000001,0.2554774941164094,142.5,180.0,130.0,50.0,21.650635094610966,10.5,13.0,3.0,10.0,4.330127018922194,4.25,5.0,4.0,1.0,0.4330127018922193,6.0537915,6.21726,5.999302,0.21795799999999943,0.09437858247902409,7.75,10.0,1.0,9.0,3.897114317029974,1,0,0,0,0,1,1,0
Ga3Zr,111,none,CO,1.086524751,"SUNCAT alloys, DACAPO/RPBE",1,2,1.69,1.81,1.33,0.48,0.20784609690826528,136.25,155.0,130.0,25.0,10.825317547305483,10.75,13.0,4.0,9.0,3.897114317029974,4.25,5.0,4.0,1.0,0.4330127018922193,6.158008000000001,6.634126,5.999302,0.634824,0.27488685546602626,8.0,10.0,2.0,8.0,3.4641016151377544,1,0,0,0,0,1,1,0
GaAg3,211,AB,O,2.14694,"SUNCAT alloys, DACAPO/RPBE",1,2,1.9,1.93,1.81,0.11999999999999988,0.05196152422706627,152.5,160.0,130.0,30.0,12.99038105676658,11.5,13.0,11.0,2.0,0.8660254037844386,4.75,5.0,4.0,1.0,0.4330127018922193,7.1820010000000005,7.576234,5.999302,1.5769320000000002,0.6828315860203013,10.0,10.0,10.0,0.0,0.0,0,1,0,1,0,0,0,1
GaAg3,211,BB,O,1.92419,"SUNCAT alloys, DACAPO/RPBE",1,2,1.9,1.93,1.81,0.11999999999999988,0.05196152422706627,152.5,160.0,130.0,30.0,12.99038105676658,11.5,13.0,11.0,2.0,0.8660254037844386,4.75,5.0,4.0,1.0,0.4330127018922193,7.1820010000000005,7.576234,5.999302,1.5769320000000002,0.6828315860203013,10.0,10.0,10.0,0.0,0.0,0,1,0,0,1,0,0,1
GaAu3,211,AB,O,2.1851,"SUNCAT alloys, DACAPO/RPBE",1,2,2.2525,2.4,1.81,0.5899999999999999,0.25547749411640935,133.75,135.0,130.0,5.0,2.165063509461097,11.5,13.0,11.0,2.0,0.8660254037844386,5.5,6.0,4.0,2.0,0.8660254037844386,8.418991,9.225554,5.999302,3.2262520000000006,1.3970080955051767,10.0,10.0,10.0,0.0,0.0,0,1,0,1,0,0,0,1
GaAu3,211,BB,O,1.13193,"SUNCAT alloys, DACAPO/RPBE",1,2,2.2525,2.4,1.81,0.5899999999999999,0.25547749411640935,133.75,135.0,130.0,5.0,2.165063509461097,11.5,13.0,11.0,2.0,0.8660254037844386,5.5,6.0,4.0,2.0,0.8660254037844386,8.418991,9.225554,5.999302,3.2262520000000006,1.3970080955051767,10.0,10.0,10.0,0.0,0.0,0,1,0,0,1,0,0,1
GaCo3,211,AB,O,2.40929,"SUNCAT alloys, DACAPO/RPBE",1,2,1.8624999999999998,1.88,1.81,0.06999999999999984,0.030310889132455283,133.75,135.0,130.0,5.0,2.165063509461097,10.0,13.0,9.0,4.0,1.7320508075688772,4.0,4.0,4.0,0.0,0.0,7.410583,7.88101,5.999302,1.8817079999999997,0.8148034652522042,7.75,10.0,7.0,3.0,1.299038105676658,0,1,0,1,0,0,0,1
GaCo3,211,BB,O,2.93177,"SUNCAT alloys, DACAPO/RPBE",1,2,1.8624999999999998,1.88,1.81,0.06999999999999984,0.030310889132455283,133.75,135.0,130.0,5.0,2.165063509461097,10.0,13.0,9.0,4.0,1.7320508075688772,4.0,4.0,4.0,0.0,0.0,7.410583,7.88101,5.999302,1.8817079999999997,0.8148034652522042,7.75,10.0,7.0,3.0,1.299038105676658,0,1,0,0,1,0,0,1
GaCu3,211,AB,O,2.12933,"SUNCAT alloys, DACAPO/RPBE",1,2,1.8775,1.9,1.81,0.08999999999999986,0.03897114317029968,133.75,135.0,130.0,5.0,2.165063509461097,11.5,13.0,11.0,2.0,0.8660254037844386,4.0,4.0,4.0,0.0,0.0,7.2946105,7.72638,5.999302,1.7270779999999997,0.7478467111586102,10.0,10.0,10.0,0.0,0.0,0,1,0,1,0,0,0,1
GaCu3,211,BB,O,2.22132,"SUNCAT alloys, DACAPO/RPBE",1,2,1.8775,1.9,1.81,0.08999999999999986,0.03897114317029968,133.75,135.0,130.0,5.0,2.165063509461097,11.5,13.0,11.0,2.0,0.8660254037844386,4.0,4.0,4.0,0.0,0.0,7.2946105,7.72638,5.999302,1.7270779999999997,0.7478467111586102,10.0,10.0,10.0,0.0,0.0,0,1,0,0,1,0,0,1
GaFe3,211,AB,O,2.82468,"SUNCAT alloys, DACAPO/RPBE",1,2,1.8250000000000002,1.83,1.81,0.020000000000000018,0.008660254037844395,137.5,140.0,130.0,10.0,4.330127018922194,9.25,13.0,8.0,5.0,2.165063509461097,4.0,4.0,4.0,0.0,0.0,7.426676575,7.9024681,5.999302,1.9031661,0.8240950951106777,7.0,10.0,6.0,4.0,1.7320508075688772,0,1,0,1,0,0,0,1
GaFe3,211,BB,O,3.17042,"SUNCAT alloys, DACAPO/RPBE",1,2,1.8250000000000002,1.83,1.81,0.020000000000000018,0.008660254037844395,137.5,140.0,130.0,10.0,4.330127018922194,9.25,13.0,8.0,5.0,2.165063509461097,4.0,4.0,4.0,0.0,0.0,7.426676575,7.9024681,5.999302,1.9031661,0.8240950951106777,7.0,10.0,6.0,4.0,1.7320508075688772,0,1,0,0,1,0,0,1
GaGa3,211,AB,O,2.53348,"SUNCAT alloys, DACAPO/RPBE",1,1,1.81,1.81,1.81,0.0,0.0,130.0,130.0,130.0,0.0,0.0,13.0,13.0,13.0,0.0,0.0,4.0,4.0,4.0,0.0,0.0,5.999302,5.999302,5.999302,0.0,0.0,10.0,10.0,10.0,0.0,0.0,0,1,0,1,0,0,0,1
GaIr,211,AA,O,2.12127,"SUNCAT alloys, DACAPO/RPBE",1,2,2.005,2.2,1.81,0.3900000000000001,0.1950000000000001,132.5,135.0,130.0,5.0,2.5,11.0,13.0,9.0,4.0,2.0,5.0,6.0,4.0,2.0,1.0,7.483161,8.96702,5.999302,2.9677179999999996,1.4838589999999998,8.5,10.0,7.0,3.0,1.5,0,1,1,0,0,0,0,1
GaIr,211,BB,O,2.28296,"SUNCAT alloys, DACAPO/RPBE",1,2,2.005,2.2,1.81,0.3900000000000001,0.1950000000000001,132.5,135.0,130.0,5.0,2.5,11.0,13.0,9.0,4.0,2.0,5.0,6.0,4.0,2.0,1.0,7.483161,8.96702,5.999302,2.9677179999999996,1.4838589999999998,8.5,10.0,7.0,3.0,1.5,0,1,0,0,1,0,0,1
GaIr3,211,AB,O,2.19941,"SUNCAT alloys, DACAPO/RPBE",1,2,2.1025,2.2,1.81,0.3900000000000001,0.16887495373796557,133.75,135.0,130.0,5.0,2.165063509461097,10.0,13.0,9.0,4.0,1.7320508075688772,5.5,6.0,4.0,2.0,0.8660254037844386,8.2250905,8.96702,5.999302,2.9677179999999996,1.2850595896341732,7.75,10.0,7.0,3.0,1.299038105676658,0,1,0,1,0,0,0,1
GaIr3,211,BB,O,2.75155,"SUNCAT alloys, DACAPO/RPBE",1,2,2.1025,2.2,1.81,0.3900000000000001,0.16887495373796557,133.75,135.0,130.0,5.0,2.165063509461097,10.0,13.0,9.0,4.0,1.7320508075688772,5.5,6.0,4.0,2.0,0.8660254037844386,8.2250905,8.96702,5.999302,2.9677179999999996,1.2850595896341732,7.75,10.0,7.0,3.0,1.299038105676658,0,1,0,0,1,0,0,1
GaNi,211,AA,O,2.38962,"SUNCAT alloys, DACAPO/RPBE",1,2,1.8599999999999999,1.91,1.81,0.09999999999999987,0.04999999999999993,132.5,135.0,130.0,5.0,2.5,11.5,13.0,10.0,3.0,1.5,4.0,4.0,4.0,0.0,0.0,6.81959,7.639878,5.999302,1.6405760000000003,0.8202880000000002,9.0,10.0,8.0,2.0,1.0,0,1,1,0,0,0,0,1
GaNi,211,BB,O,2.49258,"SUNCAT alloys, DACAPO/RPBE",1,2,1.8599999999999999,1.91,1.81,0.09999999999999987,0.04999999999999993,132.5,135.0,130.0,5.0,2.5,11.5,13.0,10.0,3.0,1.5,4.0,4.0,4.0,0.0,0.0,6.81959,7.639878,5.999302,1.6405760000000003,0.8202880000000002,9.0,10.0,8.0,2.0,1.0,0,1,0,0,1,0,0,1
GaNi3,211,AB,O,2.14099,"SUNCAT alloys, DACAPO/RPBE",1,2,1.8849999999999998,1.91,1.81,0.09999999999999987,0.04330127018922188,133.75,135.0,130.0,5.0,2.165063509461097,10.75,13.0,10.0,3.0,1.299038105676658,4.0,4.0,4.0,0.0,0.0,7.2297340000000005,7.639878,5.999302,1.6405760000000003,0.7103902464195296,8.5,10.0,8.0,2.0,0.8660254037844386,0,1,0,1,0,0,0,1
GaNi3,211,BB,O,2.61322,"SUNCAT alloys, DACAPO/RPBE",1,2,1.8849999999999998,1.91,1.81,0.09999999999999987,0.04330127018922188,133.75,135.0,130.0,5.0,2.165063509461097,10.75,13.0,10.0,3.0,1.299038105676658,4.0,4.0,4.0,0.0,0.0,7.2297340000000005,7.639878,5.999302,1.6405760000000003,0.7103902464195296,8.5,10.0,8.0,2.0,0.8660254037844386,0,1,0,0,1,0,0,1
GaPd,211,AA,O,1.88327,"SUNCAT alloys, DACAPO/RPBE",1,2,2.005,2.2,1.81,0.3900000000000001,0.1950000000000001,135.0,140.0,130.0,10.0,5.0,11.5,13.0,10.0,3.0,1.5,4.5,5.0,4.0,1.0,0.5,7.1680705,8.336839,5.999302,2.3375369999999993,1.1687684999999997,10.0,10.0,10.0,0.0,0.0,0,1,1,0,0,0,0,1
GaPd,211,BB,O,2.59113,"SUNCAT alloys, DACAPO/RPBE",1,2,2.005,2.2,1.81,0.3900000000000001,0.1950000000000001,135.0,140.0,130.0,10.0,5.0,11.5,13.0,10.0,3.0,1.5,4.5,5.0,4.0,1.0,0.5,7.1680705,8.336839,5.999302,2.3375369999999993,1.1687684999999997,10.0,10.0,10.0,0.0,0.0,0,1,0,0,1,0,0,1
GaPd3,211,AB,O,1.32911,"SUNCAT alloys, DACAPO/RPBE",1,2,2.1025,2.2,1.81,0.3900000000000001,0.16887495373796557,137.5,140.0,130.0,10.0,4.330127018922194,10.75,13.0,10.0,3.0,1.299038105676658,4.75,5.0,4.0,1.0,0.4330127018922193,7.75245475,8.336839,5.999302,2.3375369999999993,1.0121832121430323,10.0,10.0,10.0,0.0,0.0,0,1,0,1,0,0,0,1
GaPd3,211,BB,O,1.12744,"SUNCAT alloys, DACAPO/RPBE",1,2,2.1025,2.2,1.81,0.3900000000000001,0.16887495373796557,137.5,140.0,130.0,10.0,4.330127018922194,10.75,13.0,10.0,3.0,1.299038105676658,4.75,5.0,4.0,1.0,0.4330127018922193,7.75245475,8.336839,5.999302,2.3375369999999993,1.0121832121430323,10.0,10.0,10.0,0.0,0.0,0,1,0,0,1,0,0,1
GaPt,211,AA,O,1.60595,"SUNCAT alloys, DACAPO/RPBE",1,2,2.005,2.2,1.81,0.3900000000000001,0.1950000000000001,132.5,135.0,130.0,5.0,2.5,11.5,13.0,10.0,3.0,1.5,5.0,6.0,4.0,2.0,1.0,7.479066,8.95883,5.999302,2.9595280000000006,1.4797640000000003,9.5,10.0,9.0,1.0,0.5,0,1,1,0,0,0,0,1
GaPt,211,BB,O,2.91025,"SUNCAT alloys, DACAPO/RPBE",1,2,2.005,2.2,1.81,0.3900000000000001,0.1950000000000001,132.5,135.0,130.0,5.0,2.5,11.5,13.0,10.0,3.0,1.5,5.0,6.0,4.0,2.0,1.0,7.479066,8.95883,5.999302,2.9595280000000006,1.4797640000000003,9.5,10.0,9.0,1.0,0.5,0,1,0,0,1,0,0,1
GaPt3,211,AB,O,0.45558,"SUNCAT alloys, DACAPO/RPBE",1,2,2.1025,2.2,1.81,0.3900000000000001,0.16887495373796557,133.75,135.0,130.0,5.0,2.165063509461097,10.75,13.0,10.0,3.0,1.299038105676658,5.5,6.0,4.0,2.0,0.8660254037844386,8.218948000000001,8.95883,5.999302,2.9595280000000006,1.2815132156056763,9.25,10.0,9.0,1.0,0.4330127018922193,0,1,0,1,0,0,0,1
GaPt3,211,BB,O,1.37341,"SUNCAT alloys, DACAPO/RPBE",1,2,2.1025,2.2,1.81,0.3900000000000001,0.16887495373796557,133.75,135.0,130.0,5.0,2.165063509461097,10.75,13.0,10.0,3.0,1.299038105676658,5.5,6.0,4.0,2.0,0.8660254037844386,8.218948000000001,8.95883,5.999302,2.9595280000000006,1.2815132156056763,9.25,10.0,9.0,1.0,0.4330127018922193,0,1,0,0,1,0,0,1
GaRh,211,AA,O,1.83909,"SUNCAT alloys, DACAPO/RPBE",1,2,2.045,2.28,1.81,0.46999999999999975,0.23499999999999988,132.5,135.0,130.0,5.0,2.5,11.0,13.0,9.0,4.0,2.0,4.5,5.0,4.0,1.0,0.5,6.729101,7.4589,5.999302,1.4595979999999997,0.7297989999999999,9.0,10.0,8.0,2.0,1.0,0,1,1,0,0,0,0,1
GaRh,211,BB,O,2.37562,"SUNCAT alloys, DACAPO/RPBE",1,2,2.045,2.28,1.81,0.46999999999999975,0.23499999999999988,132.5,135.0,130.0,5.0,2.5,11.0,13.0,9.0,4.0,2.0,4.5,5.0,4.0,1.0,0.5,6.729101,7.4589,5.999302,1.4595979999999997,0.7297989999999999,9.0,10.0,8.0,2.0,1.0,0,1,0,0,1,0,0,1
GaRh3,211,AB,O,1.97537,"SUNCAT alloys, DACAPO/RPBE",1,2,2.1625,2.28,1.81,0.46999999999999975,0.20351596988934298,133.75,135.0,130.0,5.0,2.165063509461097,10.0,13.0,9.0,4.0,1.7320508075688772,4.75,5.0,4.0,1.0,0.4330127018922193,7.0940005,7.4589,5.999302,1.4595979999999997,0.6320244736564794,8.5,10.0,8.0,2.0,0.8660254037844386,0,1,0,1,0,0,0,1
GaRh3,211,BB,O,2.31692,"SUNCAT alloys, DACAPO/RPBE",1,2,2.1625,2.28,1.81,0.46999999999999975,0.20351596988934298,133.75,135.0,130.0,5.0,2.165063509461097,10.0,13.0,9.0,4.0,1.7320508075688772,4.75,5.0,4.0,1.0,0.4330127018922193,7.0940005,7.4589,5.999302,1.4595979999999997,0.6320244736564794,8.5,10.0,8.0,2.0,0.8660254037844386,0,1,0,0,1,0,0,1
GaRu,211,AA,O,2.65585,"SUNCAT alloys, DACAPO/RPBE",1,2,2.005,2.2,1.81,0.3900000000000001,0.1950000000000001,130.0,130.0,130.0,0.0,0.0,10.5,13.0,8.0,5.0,2.5,4.5,5.0,4.0,1.0,0.5,6.679901,7.3605,5.999302,1.361198,0.680599,8.5,10.0,7.0,3.0,1.5,0,1,1,0,0,0,0,1
GaRu,211,BB,O,2.1008,"SUNCAT alloys, DACAPO/RPBE",1,2,2.005,2.2,1.81,0.3900000000000001,0.1950000000000001,130.0,130.0,130.0,0.0,0.0,10.5,13.0,8.0,5.0,2.5,4.5,5.0,4.0,1.0,0.5,6.679901,7.3605,5.999302,1.361198,0.680599,8.5,10.0,7.0,3.0,1.5,0,1,0,0,1,0,0,1
GaRu3,211,AB,O,2.45957,"SUNCAT alloys, DACAPO/RPBE",1,2,2.1025,2.2,1.81,0.3900000000000001,0.16887495373796557,130.0,130.0,130.0,0.0,0.0,9.25,13.0,8.0,5.0,2.165063509461097,4.75,5.0,4.0,1.0,0.4330127018922193,7.0202005,7.3605,5.999302,1.361198,0.5894160237902851,7.75,10.0,7.0,3.0,1.299038105676658,0,1,0,1,0,0,0,1
GaRu3,211,BB,O,2.78231,"SUNCAT alloys, DACAPO/RPBE",1,2,2.1025,2.2,1.81,0.3900000000000001,0.16887495373796557,130.0,130.0,130.0,0.0,0.0,9.25,13.0,8.0,5.0,2.165063509461097,4.75,5.0,4.0,1.0,0.4330127018922193,7.0202005,7.3605,5.999302,1.361198,0.5894160237902851,7.75,10.0,7.0,3.0,1.299038105676658,0,1,0,0,1,0,0,1
Ge3Sc,111,none,CO,0.616524751001,"SUNCAT alloys, DACAPO/RPBE",1,2,1.8475,2.01,1.36,0.6499999999999997,0.2814582562299424,133.75,160.0,125.0,35.0,15.155444566227676,11.25,14.0,3.0,11.0,4.763139720814412,4.0,4.0,4.0,0.0,0.0,7.56494875,7.899435,6.56149,1.3379450000000004,0.5793471794331856,7.75,10.0,1.0,9.0,3.897114317029974,1,0,0,0,0,1,1,0
Ge3Y,111,none,CO,0.596524751004,"SUNCAT alloys, DACAPO/RPBE",1,2,1.8124999999999998,2.01,1.22,0.7899999999999998,0.3420800344948532,138.75,180.0,125.0,55.0,23.81569860407206,11.25,14.0,3.0,11.0,4.763139720814412,4.25,5.0,4.0,1.0,0.4330127018922193,7.47889125,7.899435,6.21726,1.6821750000000009,0.7284031418055444,7.75,10.0,1.0,9.0,3.897114317029974,1,0,0,0,0,1,1,0
GeCo3,211,AB,O,2.24788,"SUNCAT alloys, DACAPO/RPBE",1,2,1.9124999999999999,2.01,1.88,0.1299999999999999,0.056291651245988464,132.5,135.0,125.0,10.0,4.330127018922194,10.25,14.0,9.0,5.0,2.165063509461097,4.0,4.0,4.0,0.0,0.0,7.88561625,7.899435,7.88101,0.01842500000000058,0.007978259032364392,7.75,10.0,7.0,3.0,1.299038105676658,0,1,0,1,0,0,0,1
GeCo3,211,BB,O,2.94644,"SUNCAT alloys, DACAPO/RPBE",1,2,1.9124999999999999,2.01,1.88,0.1299999999999999,0.056291651245988464,132.5,135.0,125.0,10.0,4.330127018922194,10.25,14.0,9.0,5.0,2.165063509461097,4.0,4.0,4.0,0.0,0.0,7.88561625,7.899435,7.88101,0.01842500000000058,0.007978259032364392,7.75,10.0,7.0,3.0,1.299038105676658,0,1,0,0,1,0,0,1
GeCu3,211,AB,O,2.00962,"SUNCAT alloys, DACAPO/RPBE",1,2,1.9274999999999998,2.01,1.9,0.10999999999999988,0.04763139720814407,132.5,135.0,125.0,10.0,4.330127018922194,11.75,14.0,11.0,3.0,1.299038105676658,4.0,4.0,4.0,0.0,0.0,7.76964375,7.899435,7.72638,0.17305500000000062,0.0749350131259583,10.0,10.0,10.0,0.0,0.0,0,1,0,1,0,0,0,1
GeCu3,211,BB,O,1.94626,"SUNCAT alloys, DACAPO/RPBE",1,2,1.9274999999999998,2.01,1.9,0.10999999999999988,0.04763139720814407,132.5,135.0,125.0,10.0,4.330127018922194,11.75,14.0,11.0,3.0,1.299038105676658,4.0,4.0,4.0,0.0,0.0,7.76964375,7.899435,7.72638,0.17305500000000062,0.0749350131259583,10.0,10.0,10.0,0.0,0.0,0,1,0,0,1,0,0,1
GeFe3,211,AB,O,2.60498,"SUNCAT alloys, DACAPO/RPBE",1,2,1.875,2.01,1.83,0.17999999999999972,0.07794228634059935,136.25,140.0,125.0,15.0,6.49519052838329,9.5,14.0,8.0,6.0,2.598076211353316,4.0,4.0,4.0,0.0,0.0,7.901709825,7.9024681,7.899435,0.0030330999999996777,0.0013133708261091508,7.0,10.0,6.0,4.0,1.7320508075688772,0,1,0,1,0,0,0,1
GeFe3,211,BB,O,3.164,"SUNCAT alloys, DACAPO/RPBE",1,2,1.875,2.01,1.83,0.17999999999999972,0.07794228634059935,136.25,140.0,125.0,15.0,6.49519052838329,9.5,14.0,8.0,6.0,2.598076211353316,4.0,4.0,4.0,0.0,0.0,7.901709825,7.9024681,7.899435,0.0030330999999996777,0.0013133708261091508,7.0,10.0,6.0,4.0,1.7320508075688772,0,1,0,0,1,0,0,1
GeGe3,211,AB,O,2.0588,"SUNCAT alloys, DACAPO/RPBE",1,1,2.01,2.01,2.01,0.0,0.0,125.0,125.0,125.0,0.0,0.0,14.0,14.0,14.0,0.0,0.0,4.0,4.0,4.0,0.0,0.0,7.899435,7.899435,7.899435,0.0,0.0,10.0,10.0,10.0,0.0,0.0,0,1,0,1,0,0,0,1
GeIr3,211,AB,O,1.9334,"SUNCAT alloys, DACAPO/RPBE",1,2,2.1525,2.2,2.01,0.1900000000000004,0.08227241335952183,132.5,135.0,125.0,10.0,4.330127018922194,10.25,14.0,9.0,5.0,2.165063509461097,5.5,6.0,4.0,2.0,0.8660254037844386,8.70012375,8.96702,7.899435,1.0675849999999993,0.46227786534960463,7.75,10.0,7.0,3.0,1.299038105676658,0,1,0,1,0,0,0,1
GeIr3,211,BB,O,2.88392,"SUNCAT alloys, DACAPO/RPBE",1,2,2.1525,2.2,2.01,0.1900000000000004,0.08227241335952183,132.5,135.0,125.0,10.0,4.330127018922194,10.25,14.0,9.0,5.0,2.165063509461097,5.5,6.0,4.0,2.0,0.8660254037844386,8.70012375,8.96702,7.899435,1.0675849999999993,0.46227786534960463,7.75,10.0,7.0,3.0,1.299038105676658,0,1,0,0,1,0,0,1
GeNi,211,AA,O,1.96749,"SUNCAT alloys, DACAPO/RPBE",1,2,1.96,2.01,1.91,0.09999999999999987,0.04999999999999993,130.0,135.0,125.0,10.0,5.0,12.0,14.0,10.0,4.0,2.0,4.0,4.0,4.0,0.0,0.0,7.7696565,7.899435,7.639878,0.25955700000000004,0.12977850000000002,9.0,10.0,8.0,2.0,1.0,0,1,1,0,0,0,0,1
GeNi,211,BB,O,1.66924,"SUNCAT alloys, DACAPO/RPBE",1,2,1.96,2.01,1.91,0.09999999999999987,0.04999999999999993,130.0,135.0,125.0,10.0,5.0,12.0,14.0,10.0,4.0,2.0,4.0,4.0,4.0,0.0,0.0,7.7696565,7.899435,7.639878,0.25955700000000004,0.12977850000000002,9.0,10.0,8.0,2.0,1.0,0,1,0,0,1,0,0,1
GeNi3,211,AB,O,1.85067,"SUNCAT alloys, DACAPO/RPBE",1,2,1.9349999999999998,2.01,1.91,0.09999999999999987,0.04330127018922188,132.5,135.0,125.0,10.0,4.330127018922194,11.0,14.0,10.0,4.0,1.7320508075688772,4.0,4.0,4.0,0.0,0.0,7.704767250000001,7.899435,7.639878,0.25955700000000004,0.11239147786503878,8.5,10.0,8.0,2.0,0.8660254037844386,0,1,0,1,0,0,0,1
GeNi3,211,BB,O,2.54916,"SUNCAT alloys, DACAPO/RPBE",1,2,1.9349999999999998,2.01,1.91,0.09999999999999987,0.04330127018922188,132.5,135.0,125.0,10.0,4.330127018922194,11.0,14.0,10.0,4.0,1.7320508075688772,4.0,4.0,4.0,0.0,0.0,7.704767250000001,7.899435,7.639878,0.25955700000000004,0.11239147786503878,8.5,10.0,8.0,2.0,0.8660254037844386,0,1,0,0,1,0,0,1
GePd,211,AA,O,1.66,"SUNCAT alloys, DACAPO/RPBE",1,2,2.105,2.2,2.01,0.1900000000000004,0.0950000000000002,132.5,140.0,125.0,15.0,7.5,12.0,14.0,10.0,4.0,2.0,4.5,5.0,4.0,1.0,0.5,8.118137,8.336839,7.899435,0.437403999999999,0.2187019999999995,10.0,10.0,10.0,0.0,0.0,0,1,1,0,0,0,0,1
GePd,211,BB,O,1.85307,"SUNCAT alloys, DACAPO/RPBE",1,2,2.105,2.2,2.01,0.1900000000000004,0.0950000000000002,132.5,140.0,125.0,15.0,7.5,12.0,14.0,10.0,4.0,2.0,4.5,5.0,4.0,1.0,0.5,8.118137,8.336839,7.899435,0.437403999999999,0.2187019999999995,10.0,10.0,10.0,0.0,0.0,0,1,0,0,1,0,0,1
GePd3,211,AB,O,1.38403,"SUNCAT alloys, DACAPO/RPBE",1,2,2.1525,2.2,2.01,0.1900000000000004,0.08227241335952183,136.25,140.0,125.0,15.0,6.49519052838329,11.0,14.0,10.0,4.0,1.7320508075688772,4.75,5.0,4.0,1.0,0.4330127018922193,8.227488000000001,8.336839,7.899435,0.437403999999999,0.18940148785846386,10.0,10.0,10.0,0.0,0.0,0,1,0,1,0,0,0,1
GePd3,211,BB,O,1.46245,"SUNCAT alloys, DACAPO/RPBE",1,2,2.1525,2.2,2.01,0.1900000000000004,0.08227241335952183,136.25,140.0,125.0,15.0,6.49519052838329,11.0,14.0,10.0,4.0,1.7320508075688772,4.75,5.0,4.0,1.0,0.4330127018922193,8.227488000000001,8.336839,7.899435,0.437403999999999,0.18940148785846386,10.0,10.0,10.0,0.0,0.0,0,1,0,0,1,0,0,1
GePt,211,AA,O,1.21719,"SUNCAT alloys, DACAPO/RPBE",1,2,2.105,2.2,2.01,0.1900000000000004,0.0950000000000002,130.0,135.0,125.0,10.0,5.0,12.0,14.0,10.0,4.0,2.0,5.0,6.0,4.0,2.0,1.0,8.429132500000001,8.95883,7.899435,1.0593950000000003,0.5296975000000002,9.5,10.0,9.0,1.0,0.5,0,1,1,0,0,0,0,1
GePt,211,BB,O,1.91105,"SUNCAT alloys, DACAPO/RPBE",1,2,2.105,2.2,2.01,0.1900000000000004,0.0950000000000002,130.0,135.0,125.0,10.0,5.0,12.0,14.0,10.0,4.0,2.0,5.0,6.0,4.0,2.0,1.0,8.429132500000001,8.95883,7.899435,1.0593950000000003,0.5296975000000002,9.5,10.0,9.0,1.0,0.5,0,1,0,0,1,0,0,1
GePt3,211,AB,O,1.60521,"SUNCAT alloys, DACAPO/RPBE",1,2,2.1525,2.2,2.01,0.1900000000000004,0.08227241335952183,132.5,135.0,125.0,10.0,4.330127018922194,11.0,14.0,10.0,4.0,1.7320508075688772,5.5,6.0,4.0,2.0,0.8660254037844386,8.69398125,8.95883,7.899435,1.0593950000000003,0.4587314913211078,9.25,10.0,9.0,1.0,0.4330127018922193,0,1,0,1,0,0,0,1
GePt3,211,BB,O,1.30712,"SUNCAT alloys, DACAPO/RPBE",1,2,2.1525,2.2,2.01,0.1900000000000004,0.08227241335952183,132.5,135.0,125.0,10.0,4.330127018922194,11.0,14.0,10.0,4.0,1.7320508075688772,5.5,6.0,4.0,2.0,0.8660254037844386,8.69398125,8.95883,7.899435,1.0593950000000003,0.4587314913211078,9.25,10.0,9.0,1.0,0.4330127018922193,0,1,0,0,1,0,0,1
GeRh,211,AA,O,1.67614,"SUNCAT alloys, DACAPO/RPBE",1,2,2.1449999999999996,2.28,2.01,0.27,0.135,130.0,135.0,125.0,10.0,5.0,11.5,14.0,9.0,5.0,2.5,4.5,5.0,4.0,1.0,0.5,7.6791675,7.899435,7.4589,0.44053500000000057,0.22026750000000028,9.0,10.0,8.0,2.0,1.0,0,1,1,0,0,0,0,1
GeRh,211,BB,O,1.89815,"SUNCAT alloys, DACAPO/RPBE",1,2,2.1449999999999996,2.28,2.01,0.27,0.135,130.0,135.0,125.0,10.0,5.0,11.5,14.0,9.0,5.0,2.5,4.5,5.0,4.0,1.0,0.5,7.6791675,7.899435,7.4589,0.44053500000000057,0.22026750000000028,9.0,10.0,8.0,2.0,1.0,0,1,0,0,1,0,0,1
GeRh3,211,AB,O,1.8058,"SUNCAT alloys, DACAPO/RPBE",1,2,2.2125,2.28,2.01,0.27,0.11691342951089922,132.5,135.0,125.0,10.0,4.330127018922194,10.25,14.0,9.0,5.0,2.165063509461097,4.75,5.0,4.0,1.0,0.4330127018922193,7.56903375,7.899435,7.4589,0.44053500000000057,0.1907572506280891,8.5,10.0,8.0,2.0,0.8660254037844386,0,1,0,1,0,0,0,1
GeRh3,211,BB,O,2.32695,"SUNCAT alloys, DACAPO/RPBE",1,2,2.2125,2.28,2.01,0.27,0.11691342951089922,132.5,135.0,125.0,10.0,4.330127018922194,10.25,14.0,9.0,5.0,2.165063509461097,4.75,5.0,4.0,1.0,0.4330127018922193,7.56903375,7.899435,7.4589,0.44053500000000057,0.1907572506280891,8.5,10.0,8.0,2.0,0.8660254037844386,0,1,0,0,1,0,0,1
GeRu,211,AA,O,2.2608,"SUNCAT alloys, DACAPO/RPBE",1,2,2.105,2.2,2.01,0.1900000000000004,0.0950000000000002,127.5,130.0,125.0,5.0,2.5,11.0,14.0,8.0,6.0,3.0,4.5,5.0,4.0,1.0,0.5,7.6299675,7.899435,7.3605,0.5389350000000004,0.2694675000000002,8.5,10.0,7.0,3.0,1.5,0,1,1,0,0,0,0,1
GeRu,211,BB,O,1.72404,"SUNCAT alloys, DACAPO/RPBE",1,2,2.105,2.2,2.01,0.1900000000000004,0.0950000000000002,127.5,130.0,125.0,5.0,2.5,11.0,14.0,8.0,6.0,3.0,4.5,5.0,4.0,1.0,0.5,7.6299675,7.899435,7.3605,0.5389350000000004,0.2694675000000002,8.5,10.0,7.0,3.0,1.5,0,1,0,0,1,0,0,1
GeRu3,211,AB,O,2.39028,"SUNCAT alloys, DACAPO/RPBE",1,2,2.1525,2.2,2.01,0.1900000000000004,0.08227241335952183,128.75,130.0,125.0,5.0,2.165063509461097,9.5,14.0,8.0,6.0,2.598076211353316,4.75,5.0,4.0,1.0,0.4330127018922193,7.49523375,7.899435,7.3605,0.5389350000000004,0.2333657004942834,7.75,10.0,7.0,3.0,1.299038105676658,0,1,0,1,0,0,0,1
GeRu3,211,BB,O,2.72741,"SUNCAT alloys, DACAPO/RPBE",1,2,2.1525,2.2,2.01,0.1900000000000004,0.08227241335952183,128.75,130.0,125.0,5.0,2.165063509461097,9.5,14.0,8.0,6.0,2.598076211353316,4.75,5.0,4.0,1.0,0.4330127018922193,7.49523375,7.899435,7.3605,0.5389350000000004,0.2333657004942834,7.75,10.0,7.0,3.0,1.299038105676658,0,1,0,0,1,0,0,1
Hf3Al,111,none,CO,2.306524751,"SUNCAT alloys, DACAPO/RPBE",1,2,1.3775000000000002,1.61,1.3,0.31000000000000005,0.13423393758658803,147.5,155.0,125.0,30.0,12.99038105676658,6.25,13.0,4.0,9.0,3.897114317029974,5.25,6.0,3.0,3.0,1.299038105676658,6.6152447500000005,6.82507,5.985769,0.8393009999999999,0.3634279937108415,1.5,2.0,0.0,2.0,0.8660254037844386,1,0,0,0,0,1,1,0
Hf3As,111,none,CO,2.796524751,"SUNCAT alloys, DACAPO/RPBE",1,2,1.52,2.18,1.3,0.8800000000000001,0.38105117766515306,145.0,155.0,115.0,40.0,17.320508075688775,6.75,15.0,4.0,11.0,4.763139720814412,5.5,6.0,4.0,2.0,0.8660254037844386,7.56594,9.78855,6.82507,2.9634800000000006,1.2832244818035543,4.0,10.0,2.0,8.0,3.4641016151377544,1,0,0,0,0,1,1,0
Hf3Au,111,none,CO,2.626524751,"SUNCAT alloys, DACAPO/RPBE",1,2,1.5750000000000002,2.4,1.3,1.0999999999999999,0.4763139720814412,150.0,155.0,135.0,20.0,8.660254037844387,5.75,11.0,4.0,7.0,3.031088913245535,6.0,6.0,6.0,0.0,0.0,7.425191,9.225554,6.82507,2.4004840000000005,1.0394400626890425,4.0,10.0,2.0,8.0,3.4641016151377544,1,0,0,0,0,1,1,0
Hf3Bi,111,none,CO,2.696524751,"SUNCAT alloys, DACAPO/RPBE",1,2,1.4500000000000002,1.9,1.3,0.5999999999999999,0.25980762113533157,156.25,160.0,155.0,5.0,2.165063509461097,6.75,15.0,4.0,11.0,4.763139720814412,6.0,6.0,6.0,0.0,0.0,6.9401815000000004,7.285516,6.82507,0.46044600000000013,0.19937896653546489,4.0,10.0,2.0,8.0,3.4641016151377544,1,0,0,0,0,1,1,0
Hf3Ga,111,none,CO,2.306524751,"SUNCAT alloys, DACAPO/RPBE",1,2,1.4275000000000002,1.81,1.3,0.51,0.22083647796503186,148.75,155.0,130.0,25.0,10.825317547305483,6.25,13.0,4.0,9.0,3.897114317029974,5.5,6.0,4.0,2.0,0.8660254037844386,6.618628,6.82507,5.999302,0.8257680000000001,0.3575680328161342,4.0,10.0,2.0,8.0,3.4641016151377544,1,0,0,0,0,1,1,0
Hf3Ge,111,none,CO,2.396524751,"SUNCAT alloys, DACAPO/RPBE",1,2,1.4775,2.01,1.3,0.7099999999999997,0.3074390183434756,147.5,155.0,125.0,30.0,12.99038105676658,6.5,14.0,4.0,10.0,4.330127018922194,5.5,6.0,4.0,2.0,0.8660254037844386,7.09366125,7.899435,6.82507,1.0743650000000002,0.46521369146843433,4.0,10.0,2.0,8.0,3.4641016151377544,1,0,0,0,0,1,1,0
Hf3Sb,111,none,CO,2.656524751,"SUNCAT alloys, DACAPO/RPBE",1,2,1.4875,2.05,1.3,0.7499999999999998,0.3247595264191644,152.5,155.0,145.0,10.0,4.330127018922194,6.75,15.0,4.0,11.0,4.763139720814412,5.75,6.0,5.0,1.0,0.4330127018922193,7.27089975,8.608389,6.82507,1.7833190000000005,0.7721997785257309,4.0,10.0,2.0,8.0,3.4641016151377544,1,0,0,0,0,1,1,0
Hf3Si,111,none,CO,2.276524751,"SUNCAT alloys, DACAPO/RPBE",1,2,1.4500000000000002,1.9,1.3,0.5999999999999999,0.25980762113533157,143.75,155.0,110.0,45.0,19.48557158514987,6.5,14.0,4.0,10.0,4.330127018922194,5.25,6.0,3.0,3.0,1.299038105676658,7.156722500000001,8.15168,6.82507,1.3266100000000005,0.5744389804572373,1.5,2.0,0.0,2.0,0.8660254037844386,1,0,0,0,0,1,1,0
Hf3Sn,111,none,CO,2.446524751,"SUNCAT alloys, DACAPO/RPBE",1,2,1.465,1.96,1.3,0.6599999999999999,0.28578838324886474,152.5,155.0,145.0,10.0,4.330127018922194,6.5,14.0,4.0,10.0,4.330127018922194,5.75,6.0,5.0,1.0,0.4330127018922193,6.954782,7.343918,6.82507,0.5188480000000002,0.2246677743513743,4.0,10.0,2.0,8.0,3.4641016151377544,1,0,0,0,0,1,1,0
Hf3Zn,111,none,CO,2.436524751,"SUNCAT alloys, DACAPO/RPBE",1,2,1.3875000000000002,1.65,1.3,0.34999999999999987,0.15155444566227672,150.0,155.0,135.0,20.0,8.660254037844387,6.0,12.0,4.0,8.0,3.4641016151377544,5.5,6.0,4.0,2.0,0.8660254037844386,7.467351750000001,9.394197,6.82507,2.569127,1.1124646237742517,4.0,10.0,2.0,8.0,3.4641016151377544,1,0,0,0,0,1,1,0
HfPd3,211,AB,O,3.88834,"SUNCAT alloys, DACAPO/RPBE",1,2,1.975,2.2,1.3,0.9000000000000001,0.38971143170299744,143.75,155.0,140.0,15.0,6.49519052838329,8.5,10.0,4.0,6.0,2.598076211353316,5.25,6.0,5.0,1.0,0.4330127018922193,7.95889675,8.336839,6.82507,1.5117689999999993,0.6546151793268982,8.0,10.0,2.0,8.0,3.4641016151377544,0,1,0,1,0,0,0,1
HfPd3,211,BB,O,2.92132,"SUNCAT alloys, DACAPO/RPBE",1,2,1.975,2.2,1.3,0.9000000000000001,0.38971143170299744,143.75,155.0,140.0,15.0,6.49519052838329,8.5,10.0,4.0,6.0,2.598076211353316,5.25,6.0,5.0,1.0,0.4330127018922193,7.95889675,8.336839,6.82507,1.5117689999999993,0.6546151793268982,8.0,10.0,2.0,8.0,3.4641016151377544,0,1,0,0,1,0,0,1
HfPt3,211,AB,O,3.36012,"SUNCAT alloys, DACAPO/RPBE",1,2,1.975,2.2,1.3,0.9000000000000001,0.38971143170299744,140.0,155.0,135.0,20.0,8.660254037844387,8.5,10.0,4.0,6.0,2.598076211353316,6.0,6.0,6.0,0.0,0.0,8.42539,8.95883,6.82507,2.1337600000000005,0.9239451827895421,7.25,9.0,2.0,7.0,3.031088913245535,0,1,0,1,0,0,0,1
HfPt3,211,BB,O,2.37672,"SUNCAT alloys, DACAPO/RPBE",1,2,1.975,2.2,1.3,0.9000000000000001,0.38971143170299744,140.0,155.0,135.0,20.0,8.660254037844387,8.5,10.0,4.0,6.0,2.598076211353316,6.0,6.0,6.0,0.0,0.0,8.42539,8.95883,6.82507,2.1337600000000005,0.9239451827895421,7.25,9.0,2.0,7.0,3.031088913245535,0,1,0,0,1,0,0,1
HfRh3,211,AB,O,3.60703,"SUNCAT alloys, DACAPO/RPBE",1,2,2.035,2.28,1.3,0.9799999999999998,0.42435244785437487,140.0,155.0,135.0,20.0,8.660254037844387,7.75,9.0,4.0,5.0,2.165063509461097,5.25,6.0,5.0,1.0,0.4330127018922193,7.3004425,7.4589,6.82507,0.6338299999999997,0.27445644084034526,6.5,8.0,2.0,6.0,2.598076211353316,0,1,0,1,0,0,0,1
HfRh3,211,BB,O,3.13489,"SUNCAT alloys, DACAPO/RPBE",1,2,2.035,2.28,1.3,0.9799999999999998,0.42435244785437487,140.0,155.0,135.0,20.0,8.660254037844387,7.75,9.0,4.0,5.0,2.165063509461097,5.25,6.0,5.0,1.0,0.4330127018922193,7.3004425,7.4589,6.82507,0.6338299999999997,0.27445644084034526,6.5,8.0,2.0,6.0,2.598076211353316,0,1,0,0,1,0,0,1
HfRu3,211,AB,O,3.99159,"SUNCAT alloys, DACAPO/RPBE",1,2,1.975,2.2,1.3,0.9000000000000001,0.38971143170299744,136.25,155.0,130.0,25.0,10.825317547305483,7.0,8.0,4.0,4.0,1.7320508075688772,5.25,6.0,5.0,1.0,0.4330127018922193,7.2266425,7.3605,6.82507,0.5354299999999999,0.23184799097415093,5.75,7.0,2.0,5.0,2.165063509461097,0,1,0,1,0,0,0,1
HfRu3,211,BB,O,3.67688,"SUNCAT alloys, DACAPO/RPBE",1,2,1.975,2.2,1.3,0.9000000000000001,0.38971143170299744,136.25,155.0,130.0,25.0,10.825317547305483,7.0,8.0,4.0,4.0,1.7320508075688772,5.25,6.0,5.0,1.0,0.4330127018922193,7.2266425,7.3605,6.82507,0.5354299999999999,0.23184799097415093,5.75,7.0,2.0,5.0,2.165063509461097,0,1,0,0,1,0,0,1
HfZn3,211,AB,O,5.27999,"SUNCAT alloys, DACAPO/RPBE",1,2,1.5624999999999998,1.65,1.3,0.34999999999999987,0.15155444566227672,140.0,155.0,135.0,20.0,8.660254037844387,10.0,12.0,4.0,8.0,3.4641016151377544,4.5,6.0,4.0,2.0,0.8660254037844386,8.75191525,9.394197,6.82507,2.569127,1.1124646237742517,8.0,10.0,2.0,8.0,3.4641016151377544,0,1,0,1,0,0,0,1
HfZn3,211,BB,O,4.42033,"SUNCAT alloys, DACAPO/RPBE",1,2,1.5624999999999998,1.65,1.3,0.34999999999999987,0.15155444566227672,140.0,155.0,135.0,20.0,8.660254037844387,10.0,12.0,4.0,8.0,3.4641016151377544,4.5,6.0,4.0,2.0,0.8660254037844386,8.75191525,9.394197,6.82507,2.569127,1.1124646237742517,8.0,10.0,2.0,8.0,3.4641016151377544,0,1,0,0,1,0,0,1
HgAg3,211,AB,O,0.68913,"SUNCAT alloys, DACAPO/RPBE",1,2,1.9224999999999999,1.93,1.9,0.030000000000000027,0.012990381056766592,157.5,160.0,150.0,10.0,4.330127018922194,11.25,12.0,11.0,1.0,0.4330127018922193,5.25,6.0,5.0,1.0,0.4330127018922193,8.2915515,10.437504,7.576234,2.86127,1.2389662535431505,10.0,10.0,10.0,0.0,0.0,0,1,0,1,0,0,0,1
HgAg3,211,BB,O,0.77697,"SUNCAT alloys, DACAPO/RPBE",1,2,1.9224999999999999,1.93,1.9,0.030000000000000027,0.012990381056766592,157.5,160.0,150.0,10.0,4.330127018922194,11.25,12.0,11.0,1.0,0.4330127018922193,5.25,6.0,5.0,1.0,0.4330127018922193,8.2915515,10.437504,7.576234,2.86127,1.2389662535431505,10.0,10.0,10.0,0.0,0.0,0,1,0,0,1,0,0,1
HgPd,211,AA,O,0.61238,"SUNCAT alloys, DACAPO/RPBE",1,2,2.05,2.2,1.9,0.30000000000000027,0.15000000000000013,145.0,150.0,140.0,10.0,5.0,11.0,12.0,10.0,2.0,1.0,5.5,6.0,5.0,1.0,0.5,9.387171500000001,10.437504,8.336839,2.100665000000001,1.0503325000000006,10.0,10.0,10.0,0.0,0.0,0,1,1,0,0,0,0,1
HgPd,211,BB,O,0.53282,"SUNCAT alloys, DACAPO/RPBE",1,2,2.05,2.2,1.9,0.30000000000000027,0.15000000000000013,145.0,150.0,140.0,10.0,5.0,11.0,12.0,10.0,2.0,1.0,5.5,6.0,5.0,1.0,0.5,9.387171500000001,10.437504,8.336839,2.100665000000001,1.0503325000000006,10.0,10.0,10.0,0.0,0.0,0,1,0,0,1,0,0,1
HgPd3,211,AB,O,0.80432,"SUNCAT alloys, DACAPO/RPBE",1,2,2.125,2.2,1.9,0.30000000000000027,0.1299038105676659,142.5,150.0,140.0,10.0,4.330127018922194,10.5,12.0,10.0,2.0,0.8660254037844386,5.25,6.0,5.0,1.0,0.4330127018922193,8.86200525,10.437504,8.336839,2.100665000000001,0.9096146274204193,10.0,10.0,10.0,0.0,0.0,0,1,0,1,0,0,0,1
HgPd3,211,BB,O,0.81439,"SUNCAT alloys, DACAPO/RPBE",1,2,2.125,2.2,1.9,0.30000000000000027,0.1299038105676659,142.5,150.0,140.0,10.0,4.330127018922194,10.5,12.0,10.0,2.0,0.8660254037844386,5.25,6.0,5.0,1.0,0.4330127018922193,8.86200525,10.437504,8.336839,2.100665000000001,0.9096146274204193,10.0,10.0,10.0,0.0,0.0,0,1,0,0,1,0,0,1
HgPt3,211,AB,O,0.73471,"SUNCAT alloys, DACAPO/RPBE",1,2,2.125,2.2,1.9,0.30000000000000027,0.1299038105676659,138.75,150.0,135.0,15.0,6.49519052838329,10.5,12.0,10.0,2.0,0.8660254037844386,6.0,6.0,6.0,0.0,0.0,9.328498500000002,10.437504,8.95883,1.4786739999999998,0.6402846239577754,9.25,10.0,9.0,1.0,0.4330127018922193,0,1,0,1,0,0,0,1
HgPt3,211,BB,O,1.40985,"SUNCAT alloys, DACAPO/RPBE",1,2,2.125,2.2,1.9,0.30000000000000027,0.1299038105676659,138.75,150.0,135.0,15.0,6.49519052838329,10.5,12.0,10.0,2.0,0.8660254037844386,6.0,6.0,6.0,0.0,0.0,9.328498500000002,10.437504,8.95883,1.4786739999999998,0.6402846239577754,9.25,10.0,9.0,1.0,0.4330127018922193,0,1,0,0,1,0,0,1
In3La,111,none,CO,0.546524751001,"SUNCAT alloys, DACAPO/RPBE",1,2,1.6099999999999999,1.78,1.1,0.6799999999999999,0.2944486372867091,165.0,195.0,155.0,40.0,17.320508075688775,10.5,13.0,3.0,10.0,4.330127018922194,5.25,6.0,5.0,1.0,0.4330127018922193,5.733991850000001,5.7863558,5.5769,0.20945579999999975,0.0906970218849962,7.75,10.0,1.0,9.0,3.897114317029974,1,0,0,0,0,1,1,0
In3Y,111,none,CO,0.796524751001,"SUNCAT alloys, DACAPO/RPBE",1,2,1.64,1.78,1.22,0.56,0.24248711305964285,161.25,180.0,155.0,25.0,10.825317547305483,10.5,13.0,3.0,10.0,4.330127018922194,5.0,5.0,5.0,0.0,0.0,5.89408185,6.21726,5.7863558,0.4309041999999996,0.1865869918987051,7.75,10.0,1.0,9.0,3.897114317029974,1,0,0,0,0,1,1,0
In3Zr,111,none,CO,1.246524751,"SUNCAT alloys, DACAPO/RPBE",1,2,1.6675,1.78,1.33,0.44999999999999996,0.1948557158514987,155.0,155.0,155.0,0.0,0.0,10.75,13.0,4.0,9.0,3.897114317029974,5.0,5.0,5.0,0.0,0.0,5.998298350000001,6.634126,5.7863558,0.8477702000000003,0.36709526488570726,8.0,10.0,2.0,8.0,3.4641016151377544,1,0,0,0,0,1,1,0
InAg3,211,AB,O,1.59793,"SUNCAT alloys, DACAPO/RPBE",1,2,1.8925,1.93,1.78,0.1499999999999999,0.06495190528383286,158.75,160.0,155.0,5.0,2.165063509461097,11.5,13.0,11.0,2.0,0.8660254037844386,5.0,5.0,5.0,0.0,0.0,7.12876445,7.576234,5.7863558,1.7898782000000004,0.7750399954399823,10.0,10.0,10.0,0.0,0.0,0,1,0,1,0,0,0,1
InAg3,211,BB,O,1.5658,"SUNCAT alloys, DACAPO/RPBE",1,2,1.8925,1.93,1.78,0.1499999999999999,0.06495190528383286,158.75,160.0,155.0,5.0,2.165063509461097,11.5,13.0,11.0,2.0,0.8660254037844386,5.0,5.0,5.0,0.0,0.0,7.12876445,7.576234,5.7863558,1.7898782000000004,0.7750399954399823,10.0,10.0,10.0,0.0,0.0,0,1,0,0,1,0,0,1
InAu3,211,AB,O,1.48126,"SUNCAT alloys, DACAPO/RPBE",1,2,2.2449999999999997,2.4,1.78,0.6199999999999999,0.26846787517317594,140.0,155.0,135.0,20.0,8.660254037844387,11.5,13.0,11.0,2.0,0.8660254037844386,5.75,6.0,5.0,1.0,0.4330127018922193,8.36575445,9.225554,5.7863558,3.4391982000000008,1.4892165049248576,10.0,10.0,10.0,0.0,0.0,0,1,0,1,0,0,0,1
InAu3,211,BB,O,0.86443,"SUNCAT alloys, DACAPO/RPBE",1,2,2.2449999999999997,2.4,1.78,0.6199999999999999,0.26846787517317594,140.0,155.0,135.0,20.0,8.660254037844387,11.5,13.0,11.0,2.0,0.8660254037844386,5.75,6.0,5.0,1.0,0.4330127018922193,8.36575445,9.225554,5.7863558,3.4391982000000008,1.4892165049248576,10.0,10.0,10.0,0.0,0.0,0,1,0,0,1,0,0,1
InCu3,211,AB,O,1.74255,"SUNCAT alloys, DACAPO/RPBE",1,2,1.8699999999999999,1.9,1.78,0.11999999999999988,0.05196152422706627,140.0,155.0,135.0,20.0,8.660254037844387,11.5,13.0,11.0,2.0,0.8660254037844386,4.25,5.0,4.0,1.0,0.4330127018922193,7.24137395,7.72638,5.7863558,1.9400241999999999,0.8400551205782912,10.0,10.0,10.0,0.0,0.0,0,1,0,1,0,0,0,1
InCu3,211,BB,O,2.12435,"SUNCAT alloys, DACAPO/RPBE",1,2,1.8699999999999999,1.9,1.78,0.11999999999999988,0.05196152422706627,140.0,155.0,135.0,20.0,8.660254037844387,11.5,13.0,11.0,2.0,0.8660254037844386,4.25,5.0,4.0,1.0,0.4330127018922193,7.24137395,7.72638,5.7863558,1.9400241999999999,0.8400551205782912,10.0,10.0,10.0,0.0,0.0,0,1,0,0,1,0,0,1
InIn3,211,AB,O,2.16227,"SUNCAT alloys, DACAPO/RPBE",1,1,1.78,1.78,1.78,0.0,0.0,155.0,155.0,155.0,0.0,0.0,13.0,13.0,13.0,0.0,0.0,5.0,5.0,5.0,0.0,0.0,5.7863558,5.7863558,5.7863558,0.0,0.0,10.0,10.0,10.0,0.0,0.0,0,1,0,1,0,0,0,1
InNi3,211,AB,O,2.30859,"SUNCAT alloys, DACAPO/RPBE",1,2,1.8775,1.91,1.78,0.1299999999999999,0.056291651245988464,140.0,155.0,135.0,20.0,8.660254037844387,10.75,13.0,10.0,3.0,1.299038105676658,4.25,5.0,4.0,1.0,0.4330127018922193,7.17649745,7.639878,5.7863558,1.8535222000000005,0.8025986558392108,8.5,10.0,8.0,2.0,0.8660254037844386,0,1,0,1,0,0,0,1
InNi3,211,BB,O,2.72977,"SUNCAT alloys, DACAPO/RPBE",1,2,1.8775,1.91,1.78,0.1299999999999999,0.056291651245988464,140.0,155.0,135.0,20.0,8.660254037844387,10.75,13.0,10.0,3.0,1.299038105676658,4.25,5.0,4.0,1.0,0.4330127018922193,7.17649745,7.639878,5.7863558,1.8535222000000005,0.8025986558392108,8.5,10.0,8.0,2.0,0.8660254037844386,0,1,0,0,1,0,0,1
InPd,211,AA,O,1.36704,"SUNCAT alloys, DACAPO/RPBE",1,2,1.9900000000000002,2.2,1.78,0.42000000000000015,0.21000000000000008,147.5,155.0,140.0,15.0,7.5,11.5,13.0,10.0,3.0,1.5,5.0,5.0,5.0,0.0,0.0,7.0615974,8.336839,5.7863558,2.5504831999999995,1.2752415999999998,10.0,10.0,10.0,0.0,0.0,0,1,1,0,0,0,0,1
InPd,211,BB,O,1.85078,"SUNCAT alloys, DACAPO/RPBE",1,2,1.9900000000000002,2.2,1.78,0.42000000000000015,0.21000000000000008,147.5,155.0,140.0,15.0,7.5,11.5,13.0,10.0,3.0,1.5,5.0,5.0,5.0,0.0,0.0,7.0615974,8.336839,5.7863558,2.5504831999999995,1.2752415999999998,10.0,10.0,10.0,0.0,0.0,0,1,0,0,1,0,0,1
InPd3,211,AB,O,0.93445,"SUNCAT alloys, DACAPO/RPBE",1,2,2.095,2.2,1.78,0.42000000000000015,0.1818653347947322,143.75,155.0,140.0,15.0,6.49519052838329,10.75,13.0,10.0,3.0,1.299038105676658,5.0,5.0,5.0,0.0,0.0,7.6992182,8.336839,5.7863558,2.5504831999999995,1.1043916215627134,10.0,10.0,10.0,0.0,0.0,0,1,0,1,0,0,0,1
InPd3,211,BB,O,0.72793,"SUNCAT alloys, DACAPO/RPBE",1,2,2.095,2.2,1.78,0.42000000000000015,0.1818653347947322,143.75,155.0,140.0,15.0,6.49519052838329,10.75,13.0,10.0,3.0,1.299038105676658,5.0,5.0,5.0,0.0,0.0,7.6992182,8.336839,5.7863558,2.5504831999999995,1.1043916215627134,10.0,10.0,10.0,0.0,0.0,0,1,0,0,1,0,0,1
InPt3,211,AB,O,1.01223,"SUNCAT alloys, DACAPO/RPBE",1,2,2.095,2.2,1.78,0.42000000000000015,0.1818653347947322,140.0,155.0,135.0,20.0,8.660254037844387,10.75,13.0,10.0,3.0,1.299038105676658,5.75,6.0,5.0,1.0,0.4330127018922193,8.165711450000002,8.95883,5.7863558,3.172474200000001,1.3737216250253574,9.25,10.0,9.0,1.0,0.4330127018922193,0,1,0,1,0,0,0,1
InPt3,211,BB,O,1.44631,"SUNCAT alloys, DACAPO/RPBE",1,2,2.095,2.2,1.78,0.42000000000000015,0.1818653347947322,140.0,155.0,135.0,20.0,8.660254037844387,10.75,13.0,10.0,3.0,1.299038105676658,5.75,6.0,5.0,1.0,0.4330127018922193,8.165711450000002,8.95883,5.7863558,3.172474200000001,1.3737216250253574,9.25,10.0,9.0,1.0,0.4330127018922193,0,1,0,0,1,0,0,1
InRh,211,AA,O,1.8749,"SUNCAT alloys, DACAPO/RPBE",1,2,2.03,2.28,1.78,0.4999999999999998,0.2499999999999999,145.0,155.0,135.0,20.0,10.0,11.0,13.0,9.0,4.0,2.0,5.0,5.0,5.0,0.0,0.0,6.6226278999999995,7.4589,5.7863558,1.6725442,0.8362721,9.0,10.0,8.0,2.0,1.0,0,1,1,0,0,0,0,1
InRh,211,BB,O,1.76886,"SUNCAT alloys, DACAPO/RPBE",1,2,2.03,2.28,1.78,0.4999999999999998,0.2499999999999999,145.0,155.0,135.0,20.0,10.0,11.0,13.0,9.0,4.0,2.0,5.0,5.0,5.0,0.0,0.0,6.6226278999999995,7.4589,5.7863558,1.6725442,0.8362721,9.0,10.0,8.0,2.0,1.0,0,1,0,0,1,0,0,1
InRh3,211,AB,O,2.06144,"SUNCAT alloys, DACAPO/RPBE",1,2,2.155,2.28,1.78,0.4999999999999998,0.21650635094610957,140.0,155.0,135.0,20.0,8.660254037844387,10.0,13.0,9.0,4.0,1.7320508075688772,5.0,5.0,5.0,0.0,0.0,7.04076395,7.4589,5.7863558,1.6725442,0.7242328830761604,8.5,10.0,8.0,2.0,0.8660254037844386,0,1,0,1,0,0,0,1
InRh3,211,BB,O,2.43307,"SUNCAT alloys, DACAPO/RPBE",1,2,2.155,2.28,1.78,0.4999999999999998,0.21650635094610957,140.0,155.0,135.0,20.0,8.660254037844387,10.0,13.0,9.0,4.0,1.7320508075688772,5.0,5.0,5.0,0.0,0.0,7.04076395,7.4589,5.7863558,1.6725442,0.7242328830761604,8.5,10.0,8.0,2.0,0.8660254037844386,0,1,0,0,1,0,0,1
InRu,211,AA,O,2.59881,"SUNCAT alloys, DACAPO/RPBE",1,2,1.9900000000000002,2.2,1.78,0.42000000000000015,0.21000000000000008,142.5,155.0,130.0,25.0,12.5,10.5,13.0,8.0,5.0,2.5,5.0,5.0,5.0,0.0,0.0,6.5734279,7.3605,5.7863558,1.5741442,0.7870721,8.5,10.0,7.0,3.0,1.5,0,1,1,0,0,0,0,1
InRu,211,BB,O,1.85946,"SUNCAT alloys, DACAPO/RPBE",1,2,1.9900000000000002,2.2,1.78,0.42000000000000015,0.21000000000000008,142.5,155.0,130.0,25.0,12.5,10.5,13.0,8.0,5.0,2.5,5.0,5.0,5.0,0.0,0.0,6.5734279,7.3605,5.7863558,1.5741442,0.7870721,8.5,10.0,7.0,3.0,1.5,0,1,0,0,1,0,0,1
Ir,211,none,CO,2.267,"DACAPO, RPBE @ CAMD/SUNCAT",1,1,2.2,2.2,2.2,0.0,0.0,135.0,135.0,135.0,0.0,0.0,9.0,9.0,9.0,0.0,0.0,6.0,6.0,6.0,0.0,0.0,8.96702,8.96702,8.96702,0.0,0.0,7.0,7.0,7.0,0.0,0.0,0,1,0,0,0,1,1,0
Ir3Al,111,none,CO,1.976524751,"SUNCAT alloys, DACAPO/RPBE",1,2,2.0525,2.2,1.61,0.5900000000000001,0.2554774941164094,132.5,135.0,125.0,10.0,4.330127018922194,10.0,13.0,9.0,4.0,1.7320508075688772,5.25,6.0,3.0,3.0,1.299038105676658,8.22170725,8.96702,5.985769,2.9812509999999994,1.2909195505288804,5.25,7.0,0.0,7.0,3.031088913245535,1,0,0,0,0,1,1,0
Ir3Cr,111,none,CO,1.646524751,"SUNCAT alloys, DACAPO/RPBE",1,2,2.065,2.2,1.66,0.5400000000000003,0.23382685902179856,136.25,140.0,135.0,5.0,2.165063509461097,8.25,9.0,6.0,3.0,1.299038105676658,5.5,6.0,4.0,2.0,0.8660254037844386,8.4168925,8.96702,6.76651,2.2005099999999995,0.9528487806408473,6.5,7.0,5.0,2.0,0.8660254037844386,1,0,0,0,0,1,1,0
Ir3Fe,111,none,CO,1.936524751,"SUNCAT alloys, DACAPO/RPBE",1,2,2.1075,2.2,1.83,0.3700000000000001,0.1602146997001212,136.25,140.0,135.0,5.0,2.165063509461097,8.75,9.0,8.0,1.0,0.4330127018922193,5.5,6.0,4.0,2.0,0.8660254037844386,8.700882025,8.96702,7.9024681,1.0645518999999997,0.4609644945234955,6.75,7.0,6.0,1.0,0.4330127018922193,1,0,0,0,0,1,1,0
Ir3Ga,111,none,CO,1.966524751,"SUNCAT alloys, DACAPO/RPBE",1,2,2.1025,2.2,1.81,0.3900000000000001,0.16887495373796557,133.75,135.0,130.0,5.0,2.165063509461097,10.0,13.0,9.0,4.0,1.7320508075688772,5.5,6.0,4.0,2.0,0.8660254037844386,8.2250905,8.96702,5.999302,2.9677179999999996,1.2850595896341732,7.75,10.0,7.0,3.0,1.299038105676658,1,0,0,0,0,1,1,0
Ir3Hf,111,none,CO,2.226524751,"SUNCAT alloys, DACAPO/RPBE",1,2,1.975,2.2,1.3,0.9000000000000001,0.38971143170299744,140.0,155.0,135.0,20.0,8.660254037844387,7.75,9.0,4.0,5.0,2.165063509461097,6.0,6.0,6.0,0.0,0.0,8.4315325,8.96702,6.82507,2.1419499999999996,0.927491556818039,5.75,7.0,2.0,5.0,2.165063509461097,1,0,0,0,0,1,1,0
Ir3La,111,none,CO,2.696524751,"SUNCAT alloys, DACAPO/RPBE",1,2,1.9250000000000003,2.2,1.1,1.1,0.47631397208144133,150.0,195.0,135.0,60.0,25.98076211353316,7.5,9.0,3.0,6.0,2.598076211353316,6.0,6.0,6.0,0.0,0.0,8.11949,8.96702,5.5769,3.3901199999999996,1.4679650209388502,5.5,7.0,1.0,6.0,2.598076211353316,1,0,0,0,0,1,1,0
Ir3Mo,111,none,CO,1.716524751,"SUNCAT alloys, DACAPO/RPBE",1,2,2.1900000000000004,2.2,2.16,0.040000000000000036,0.01732050807568879,137.5,145.0,135.0,10.0,4.330127018922194,8.25,9.0,6.0,3.0,1.299038105676658,5.75,6.0,5.0,1.0,0.4330127018922193,8.4983725,8.96702,7.09243,1.8745899999999995,0.8117212808401353,6.5,7.0,5.0,2.0,0.8660254037844386,1,0,0,0,0,1,1,0
Ir3Nb,111,none,CO,1.876524751,"SUNCAT alloys, DACAPO/RPBE",1,2,2.0500000000000003,2.2,1.6,0.6000000000000001,0.2598076211353316,137.5,145.0,135.0,10.0,4.330127018922194,8.0,9.0,5.0,4.0,1.7320508075688772,5.75,6.0,5.0,1.0,0.4330127018922193,8.4149775,8.96702,6.75885,2.20817,0.956165657937342,6.25,7.0,4.0,3.0,1.299038105676658,1,0,0,0,0,1,1,0
Ir3Re,111,none,CO,2.306524751,"SUNCAT alloys, DACAPO/RPBE",1,2,2.125,2.2,1.9,0.30000000000000027,0.1299038105676659,135.0,135.0,135.0,0.0,0.0,8.5,9.0,7.0,2.0,0.8660254037844386,6.0,6.0,6.0,0.0,0.0,8.683645,8.96702,7.83352,1.1334999999999997,0.49081989759483047,6.5,7.0,5.0,2.0,0.8660254037844386,1,0,0,0,0,1,1,0
Ir3Ru,111,none,CO,1.886524751,"SUNCAT alloys, DACAPO/RPBE",1,2,2.2,2.2,2.2,0.0,0.0,133.75,135.0,130.0,5.0,2.165063509461097,8.75,9.0,8.0,1.0,0.4330127018922193,5.75,6.0,5.0,1.0,0.4330127018922193,8.56539,8.96702,7.3605,1.6065199999999997,0.6956435658438881,7.0,7.0,7.0,0.0,0.0,1,0,0,0,0,1,1,0
Ir3Sc,111,none,CO,2.256524751,"SUNCAT alloys, DACAPO/RPBE",1,2,1.9900000000000002,2.2,1.36,0.8400000000000001,0.36373066958946426,141.25,160.0,135.0,25.0,10.825317547305483,7.5,9.0,3.0,6.0,2.598076211353316,5.5,6.0,4.0,2.0,0.8660254037844386,8.3656375,8.96702,6.56149,2.4055299999999997,1.0416250447827904,5.5,7.0,1.0,6.0,2.598076211353316,1,0,0,0,0,1,1,0
Ir3Ta,111,none,CO,1.896524751,"SUNCAT alloys, DACAPO/RPBE",1,2,2.0250000000000004,2.2,1.5,0.7000000000000002,0.3031088913245536,137.5,145.0,135.0,10.0,4.330127018922194,8.0,9.0,5.0,4.0,1.7320508075688772,6.0,6.0,6.0,0.0,0.0,8.61265775,8.96702,7.549571,1.4174489999999995,0.6137734212844241,6.0,7.0,3.0,4.0,1.7320508075688772,1,0,0,0,0,1,1,0
Ir3Ti,111,none,CO,2.076524751,"SUNCAT alloys, DACAPO/RPBE",1,2,2.035,2.2,1.54,0.6600000000000001,0.2857883832488648,136.25,140.0,135.0,5.0,2.165063509461097,7.75,9.0,4.0,5.0,2.165063509461097,5.5,6.0,4.0,2.0,0.8660254037844386,8.432295,8.96702,6.82812,2.1388999999999996,0.9261708680772677,5.75,7.0,2.0,5.0,2.165063509461097,1,0,0,0,0,1,1,0
Ir3V,111,none,CO,1.866524751,"SUNCAT alloys, DACAPO/RPBE",1,2,2.0575,2.2,1.63,0.5700000000000003,0.24681724007856512,135.0,135.0,135.0,0.0,0.0,8.0,9.0,5.0,4.0,1.7320508075688772,5.5,6.0,4.0,2.0,0.8660254037844386,8.41181175,8.96702,6.746187,2.220833,0.961648897781403,6.0,7.0,3.0,4.0,1.7320508075688772,1,0,0,0,0,1,1,0
Ir3W,111,none,CO,1.656524751,"SUNCAT alloys, DACAPO/RPBE",1,2,2.075,2.2,1.7,0.5000000000000002,0.21650635094610976,135.0,135.0,135.0,0.0,0.0,8.25,9.0,6.0,3.0,1.299038105676658,6.0,6.0,6.0,0.0,0.0,8.6912725,8.96702,7.86403,1.1029900000000001,0.47760868006009904,6.25,7.0,4.0,3.0,1.299038105676658,1,0,0,0,0,1,1,0
Ir3Y,111,none,CO,2.566524751,"SUNCAT alloys, DACAPO/RPBE",1,2,1.955,2.2,1.22,0.9800000000000002,0.42435244785437504,146.25,180.0,135.0,45.0,19.48557158514987,7.5,9.0,3.0,6.0,2.598076211353316,5.75,6.0,5.0,1.0,0.4330127018922193,8.27958,8.96702,6.21726,2.74976,1.190681007155149,5.5,7.0,1.0,6.0,2.598076211353316,1,0,0,0,0,1,1,0
Ir3Zr,111,none,CO,2.236524751,"SUNCAT alloys, DACAPO/RPBE",1,2,1.9825000000000002,2.2,1.33,0.8700000000000001,0.37672105064623085,140.0,155.0,135.0,20.0,8.660254037844387,7.75,9.0,4.0,5.0,2.165063509461097,5.75,6.0,5.0,1.0,0.4330127018922193,8.3837965,8.96702,6.634126,2.3328939999999996,1.010172734168147,5.75,7.0,2.0,5.0,2.165063509461097,1,0,0,0,0,1,1,0
IrCo3,211,AB,O,2.73425,"SUNCAT alloys, DACAPO/RPBE",1,2,1.96,2.2,1.88,0.3200000000000003,0.13856406460551032,135.0,135.0,135.0,0.0,0.0,9.0,9.0,9.0,0.0,0.0,4.5,6.0,4.0,2.0,0.8660254037844386,8.1525125,8.96702,7.88101,1.08601,0.4702561243819691,7.0,7.0,7.0,0.0,0.0,0,1,0,1,0,0,0,1
IrCo3,211,BB,O,2.80234,"SUNCAT alloys, DACAPO/RPBE",1,2,1.96,2.2,1.88,0.3200000000000003,0.13856406460551032,135.0,135.0,135.0,0.0,0.0,9.0,9.0,9.0,0.0,0.0,4.5,6.0,4.0,2.0,0.8660254037844386,8.1525125,8.96702,7.88101,1.08601,0.4702561243819691,7.0,7.0,7.0,0.0,0.0,0,1,0,0,1,0,0,1
IrIr3,211,AB,O,2.7894,"SUNCAT alloys, DACAPO/RPBE",1,1,2.2,2.2,2.2,0.0,0.0,135.0,135.0,135.0,0.0,0.0,9.0,9.0,9.0,0.0,0.0,6.0,6.0,6.0,0.0,0.0,8.96702,8.96702,8.96702,0.0,0.0,7.0,7.0,7.0,0.0,0.0,0,1,0,1,0,0,0,1
IrNi3,211,AB,O,2.77396,"SUNCAT alloys, DACAPO/RPBE",1,2,1.9825,2.2,1.91,0.29000000000000026,0.1255736835487437,135.0,135.0,135.0,0.0,0.0,9.75,10.0,9.0,1.0,0.4330127018922193,4.5,6.0,4.0,2.0,0.8660254037844386,7.9716635,8.96702,7.639878,1.3271419999999994,0.5746693432146435,7.75,8.0,7.0,1.0,0.4330127018922193,0,1,0,1,0,0,0,1
IrNi3,211,BB,O,2.56694,"SUNCAT alloys, DACAPO/RPBE",1,2,1.9825,2.2,1.91,0.29000000000000026,0.1255736835487437,135.0,135.0,135.0,0.0,0.0,9.75,10.0,9.0,1.0,0.4330127018922193,4.5,6.0,4.0,2.0,0.8660254037844386,7.9716635,8.96702,7.639878,1.3271419999999994,0.5746693432146435,7.75,8.0,7.0,1.0,0.4330127018922193,0,1,0,0,1,0,0,1
IrRe3,211,AB,O,3.55855,"SUNCAT alloys, DACAPO/RPBE",1,2,1.9749999999999999,2.2,1.9,0.30000000000000027,0.1299038105676659,135.0,135.0,135.0,0.0,0.0,7.5,9.0,7.0,2.0,0.8660254037844386,6.0,6.0,6.0,0.0,0.0,8.116895,8.96702,7.83352,1.1334999999999997,0.49081989759483047,5.5,7.0,5.0,2.0,0.8660254037844386,0,1,0,1,0,0,0,1
IrRe3,211,BB,O,4.46732,"SUNCAT alloys, DACAPO/RPBE",1,2,1.9749999999999999,2.2,1.9,0.30000000000000027,0.1299038105676659,135.0,135.0,135.0,0.0,0.0,7.5,9.0,7.0,2.0,0.8660254037844386,6.0,6.0,6.0,0.0,0.0,8.116895,8.96702,7.83352,1.1334999999999997,0.49081989759483047,5.5,7.0,5.0,2.0,0.8660254037844386,0,1,0,0,1,0,0,1
IrRh3,211,AB,O,2.81054,"SUNCAT alloys, DACAPO/RPBE",1,2,2.26,2.28,2.2,0.07999999999999963,0.034641016151377386,135.0,135.0,135.0,0.0,0.0,9.0,9.0,9.0,0.0,0.0,5.25,6.0,5.0,1.0,0.4330127018922193,7.835929999999999,8.96702,7.4589,1.50812,0.6530351159776937,7.75,8.0,7.0,1.0,0.4330127018922193,0,1,0,1,0,0,0,1
IrRh3,211,BB,O,2.50054,"SUNCAT alloys, DACAPO/RPBE",1,2,2.26,2.28,2.2,0.07999999999999963,0.034641016151377386,135.0,135.0,135.0,0.0,0.0,9.0,9.0,9.0,0.0,0.0,5.25,6.0,5.0,1.0,0.4330127018922193,7.835929999999999,8.96702,7.4589,1.50812,0.6530351159776937,7.75,8.0,7.0,1.0,0.4330127018922193,0,1,0,0,1,0,0,1
IrRu3,211,AB,O,2.89751,"SUNCAT alloys, DACAPO/RPBE",1,2,2.2,2.2,2.2,0.0,0.0,131.25,135.0,130.0,5.0,2.165063509461097,8.25,9.0,8.0,1.0,0.4330127018922193,5.25,6.0,5.0,1.0,0.4330127018922193,7.762129999999999,8.96702,7.3605,1.6065199999999997,0.6956435658438881,7.0,7.0,7.0,0.0,0.0,0,1,0,1,0,0,0,1
IrRu3,211,BB,O,2.77802,"SUNCAT alloys, DACAPO/RPBE",1,2,2.2,2.2,2.2,0.0,0.0,131.25,135.0,130.0,5.0,2.165063509461097,8.25,9.0,8.0,1.0,0.4330127018922193,5.25,6.0,5.0,1.0,0.4330127018922193,7.762129999999999,8.96702,7.3605,1.6065199999999997,0.6956435658438881,7.0,7.0,7.0,0.0,0.0,0,1,0,0,1,0,0,1
IrZn3,211,AB,O,2.20745,"SUNCAT alloys, DACAPO/RPBE",1,2,1.7874999999999999,2.2,1.65,0.5500000000000003,0.23815698604072075,135.0,135.0,135.0,0.0,0.0,11.25,12.0,9.0,3.0,1.299038105676658,4.5,6.0,4.0,2.0,0.8660254037844386,9.28740275,9.394197,8.96702,0.42717700000000036,0.18497306695621274,9.25,10.0,7.0,3.0,1.299038105676658,0,1,0,1,0,0,0,1
IrZn3,211,BB,O,2.49833,"SUNCAT alloys, DACAPO/RPBE",1,2,1.7874999999999999,2.2,1.65,0.5500000000000003,0.23815698604072075,135.0,135.0,135.0,0.0,0.0,11.25,12.0,9.0,3.0,1.299038105676658,4.5,6.0,4.0,2.0,0.8660254037844386,9.28740275,9.394197,8.96702,0.42717700000000036,0.18497306695621274,9.25,10.0,7.0,3.0,1.299038105676658,0,1,0,0,1,0,0,1
La3Al,111,none,CO,1.646524751,"SUNCAT alloys, DACAPO/RPBE",1,2,1.2275,1.61,1.1,0.51,0.22083647796503186,177.5,195.0,125.0,70.0,30.31088913245535,5.5,13.0,3.0,10.0,4.330127018922194,5.25,6.0,3.0,3.0,1.299038105676658,5.67911725,5.985769,5.5769,0.40886900000000015,0.1770454704099699,0.75,1.0,0.0,1.0,0.4330127018922193,1,0,0,0,0,1,1,0
La3Bi,111,none,CO,2.046524751,"SUNCAT alloys, DACAPO/RPBE",1,2,1.3,1.9,1.1,0.7999999999999998,0.34641016151377535,186.25,195.0,160.0,35.0,15.155444566227676,6.0,15.0,3.0,12.0,5.196152422706632,6.0,6.0,6.0,0.0,0.0,6.004054,7.285516,5.5769,1.7086160000000001,0.7398524306562763,3.25,10.0,1.0,9.0,3.897114317029974,1,0,0,0,0,1,1,0
La3Cd,111,none,CO,2.056524751,"SUNCAT alloys, DACAPO/RPBE",1,2,1.2475,1.69,1.1,0.5899999999999999,0.25547749411640935,185.0,195.0,155.0,40.0,17.320508075688775,5.25,12.0,3.0,9.0,3.897114317029974,5.75,6.0,5.0,1.0,0.4330127018922193,6.43113,8.99382,5.5769,3.4169199999999993,1.4795697613495618,3.25,10.0,1.0,9.0,3.897114317029974,1,0,0,0,0,1,1,0
La3Ga,111,none,CO,1.686524751,"SUNCAT alloys, DACAPO/RPBE",1,2,1.2775,1.81,1.1,0.71,0.3074390183434757,178.75,195.0,130.0,65.0,28.145825622994256,5.5,13.0,3.0,10.0,4.330127018922194,5.5,6.0,4.0,2.0,0.8660254037844386,5.6825005,5.999302,5.5769,0.42240199999999994,0.1829054313046772,3.25,10.0,1.0,9.0,3.897114317029974,1,0,0,0,0,1,1,0
La3Ge,111,none,CO,-0.0234752490022,"SUNCAT alloys, DACAPO/RPBE",1,2,1.3275000000000001,2.01,1.1,0.9099999999999997,0.3940415587219195,177.5,195.0,125.0,70.0,30.31088913245535,5.75,14.0,3.0,11.0,4.763139720814412,5.5,6.0,4.0,2.0,0.8660254037844386,6.15753375,7.899435,5.5769,2.3225350000000002,1.0056871555892457,3.25,10.0,1.0,9.0,3.897114317029974,1,0,0,0,0,1,1,0
La3In,111,none,CO,0.756524751,"SUNCAT alloys, DACAPO/RPBE",1,2,1.27,1.78,1.1,0.6799999999999999,0.2944486372867091,185.0,195.0,155.0,40.0,17.320508075688775,5.5,13.0,3.0,10.0,4.330127018922194,5.75,6.0,5.0,1.0,0.4330127018922193,5.6292639499999995,5.7863558,5.5769,0.20945579999999975,0.0906970218849962,3.25,10.0,1.0,9.0,3.897114317029974,1,0,0,0,0,1,1,0
La3Pb,111,none,CO,1.916524751,"SUNCAT alloys, DACAPO/RPBE",1,2,1.2750000000000001,1.8,1.1,0.7,0.3031088913245535,191.25,195.0,180.0,15.0,6.49519052838329,5.75,14.0,3.0,11.0,4.763139720814412,6.0,6.0,6.0,0.0,0.0,6.036844974999999,7.4166799,5.5769,1.8397799,0.796648065385997,3.25,10.0,1.0,9.0,3.897114317029974,1,0,0,0,0,1,1,0
La3Sb,111,none,CO,1.926524751,"SUNCAT alloys, DACAPO/RPBE",1,2,1.3375,2.05,1.1,0.9499999999999997,0.4113620667976083,182.5,195.0,145.0,50.0,21.650635094610966,6.0,15.0,3.0,12.0,5.196152422706632,5.75,6.0,5.0,1.0,0.4330127018922193,6.33477225,8.608389,5.5769,3.0314890000000005,1.3126732426465424,3.25,10.0,1.0,9.0,3.897114317029974,1,0,0,0,0,1,1,0
La3Si,111,none,CO,0.616524751001,"SUNCAT alloys, DACAPO/RPBE",1,2,1.3,1.9,1.1,0.7999999999999998,0.34641016151377535,173.75,195.0,110.0,85.0,36.80607966083864,5.75,14.0,3.0,11.0,4.763139720814412,5.25,6.0,3.0,3.0,1.299038105676658,6.220594999999999,8.15168,5.5769,2.5747800000000005,1.1149124445780487,0.75,1.0,0.0,1.0,0.4330127018922193,1,0,0,0,0,1,1,0
La3Sn,111,none,CO,1.806524751,"SUNCAT alloys, DACAPO/RPBE",1,2,1.315,1.96,1.1,0.8599999999999999,0.3723909236273086,182.5,195.0,145.0,50.0,21.650635094610966,5.75,14.0,3.0,11.0,4.763139720814412,5.75,6.0,5.0,1.0,0.4330127018922193,6.0186545,7.343918,5.5769,1.7670180000000002,0.7651412384721857,3.25,10.0,1.0,9.0,3.897114317029974,1,0,0,0,0,1,1,0
La3Tl,111,none,CO,1.906524751,"SUNCAT alloys, DACAPO/RPBE",1,2,1.2750000000000001,1.8,1.1,0.7,0.3031088913245535,193.75,195.0,190.0,5.0,2.165063509461097,5.5,13.0,3.0,10.0,4.330127018922194,6.0,6.0,6.0,0.0,0.0,5.709746825,6.1082873,5.5769,0.5313872999999996,0.23009745052421113,3.25,10.0,1.0,9.0,3.897114317029974,1,0,0,0,0,1,1,0
La3Zn,111,none,CO,0.336524751002,"SUNCAT alloys, DACAPO/RPBE",1,2,1.2375,1.65,1.1,0.5499999999999998,0.23815698604072055,180.0,195.0,135.0,60.0,25.98076211353316,5.25,12.0,3.0,9.0,3.897114317029974,5.5,6.0,4.0,2.0,0.8660254037844386,6.531224249999999,9.394197,5.5769,3.817297,1.652938087895063,3.25,10.0,1.0,9.0,3.897114317029974,1,0,0,0,0,1,1,0
LaAg3,211,BB,O,4.35082,"SUNCAT alloys, DACAPO/RPBE",1,2,1.7225000000000001,1.93,1.1,0.8299999999999998,0.35940054257054194,168.75,195.0,160.0,35.0,15.155444566227676,9.0,11.0,3.0,8.0,3.4641016151377544,5.25,6.0,5.0,1.0,0.4330127018922193,7.0764005,7.576234,5.5769,1.9993340000000002,0.8657370173249784,7.75,10.0,1.0,9.0,3.897114317029974,0,1,0,0,1,0,0,1
LaAs3,211,AB,O,3.63881,"SUNCAT alloys, DACAPO/RPBE",1,2,1.9100000000000001,2.18,1.1,1.08,0.4676537180435969,135.0,195.0,115.0,80.0,34.64101615137755,12.0,15.0,3.0,12.0,5.196152422706632,4.5,6.0,4.0,2.0,0.8660254037844386,8.735637500000001,9.78855,5.5769,4.211650000000001,1.8236979459243658,7.75,10.0,1.0,9.0,3.897114317029974,0,1,0,1,0,0,0,1
LaAs3,211,BB,O,2.45168,"SUNCAT alloys, DACAPO/RPBE",1,2,1.9100000000000001,2.18,1.1,1.08,0.4676537180435969,135.0,195.0,115.0,80.0,34.64101615137755,12.0,15.0,3.0,12.0,5.196152422706632,4.5,6.0,4.0,2.0,0.8660254037844386,8.735637500000001,9.78855,5.5769,4.211650000000001,1.8236979459243658,7.75,10.0,1.0,9.0,3.897114317029974,0,1,0,0,1,0,0,1
LaBi3,211,AB,O,4.15121,"SUNCAT alloys, DACAPO/RPBE",1,2,1.6999999999999997,1.9,1.1,0.7999999999999998,0.3464101615137754,168.75,195.0,160.0,35.0,15.155444566227676,12.0,15.0,3.0,12.0,5.196152422706632,6.0,6.0,6.0,0.0,0.0,6.858362,7.285516,5.5769,1.7086160000000001,0.7398524306562763,7.75,10.0,1.0,9.0,3.897114317029974,0,1,0,1,0,0,0,1
LaBi3,211,BB,O,3.23272,"SUNCAT alloys, DACAPO/RPBE",1,2,1.6999999999999997,1.9,1.1,0.7999999999999998,0.3464101615137754,168.75,195.0,160.0,35.0,15.155444566227676,12.0,15.0,3.0,12.0,5.196152422706632,6.0,6.0,6.0,0.0,0.0,6.858362,7.285516,5.5769,1.7086160000000001,0.7398524306562763,7.75,10.0,1.0,9.0,3.897114317029974,0,1,0,0,1,0,0,1
LaPd3,211,AB,O,3.52457,"SUNCAT alloys, DACAPO/RPBE",1,2,1.9250000000000003,2.2,1.1,1.1,0.47631397208144133,153.75,195.0,140.0,55.0,23.81569860407206,8.25,10.0,3.0,7.0,3.031088913245535,5.25,6.0,5.0,1.0,0.4330127018922193,7.6468542500000005,8.336839,5.5769,2.7599389999999993,1.1950886434477095,7.75,10.0,1.0,9.0,3.897114317029974,0,1,0,1,0,0,0,1
LaPd3,211,BB,O,2.22447,"SUNCAT alloys, DACAPO/RPBE",1,2,1.9250000000000003,2.2,1.1,1.1,0.47631397208144133,153.75,195.0,140.0,55.0,23.81569860407206,8.25,10.0,3.0,7.0,3.031088913245535,5.25,6.0,5.0,1.0,0.4330127018922193,7.6468542500000005,8.336839,5.5769,2.7599389999999993,1.1950886434477095,7.75,10.0,1.0,9.0,3.897114317029974,0,1,0,0,1,0,0,1
LaPt3,211,AB,O,2.99672,"SUNCAT alloys, DACAPO/RPBE",1,2,1.9250000000000003,2.2,1.1,1.1,0.47631397208144133,150.0,195.0,135.0,60.0,25.98076211353316,8.25,10.0,3.0,7.0,3.031088913245535,6.0,6.0,6.0,0.0,0.0,8.113347500000001,8.95883,5.5769,3.3819300000000005,1.4644186469103535,7.0,9.0,1.0,8.0,3.4641016151377544,0,1,0,1,0,0,0,1
LaPt3,211,BB,O,2.0561,"SUNCAT alloys, DACAPO/RPBE",1,2,1.9250000000000003,2.2,1.1,1.1,0.47631397208144133,150.0,195.0,135.0,60.0,25.98076211353316,8.25,10.0,3.0,7.0,3.031088913245535,6.0,6.0,6.0,0.0,0.0,8.113347500000001,8.95883,5.5769,3.3819300000000005,1.4644186469103535,7.0,9.0,1.0,8.0,3.4641016151377544,0,1,0,0,1,0,0,1
LaRh3,211,AB,O,3.79302,"SUNCAT alloys, DACAPO/RPBE",1,2,1.9849999999999999,2.28,1.1,1.1799999999999997,0.5109549882328187,150.0,195.0,135.0,60.0,25.98076211353316,7.5,9.0,3.0,6.0,2.598076211353316,5.25,6.0,5.0,1.0,0.4330127018922193,6.9884,7.4589,5.5769,1.8819999999999997,0.8149299049611566,6.25,8.0,1.0,7.0,3.031088913245535,0,1,0,1,0,0,0,1
LaRh3,211,BB,O,3.3581,"SUNCAT alloys, DACAPO/RPBE",1,2,1.9849999999999999,2.28,1.1,1.1799999999999997,0.5109549882328187,150.0,195.0,135.0,60.0,25.98076211353316,7.5,9.0,3.0,6.0,2.598076211353316,5.25,6.0,5.0,1.0,0.4330127018922193,6.9884,7.4589,5.5769,1.8819999999999997,0.8149299049611566,6.25,8.0,1.0,7.0,3.031088913245535,0,1,0,0,1,0,0,1
LaSb3,211,AB,O,4.10382,"SUNCAT alloys, DACAPO/RPBE",1,2,1.8125,2.05,1.1,0.9499999999999997,0.4113620667976083,157.5,195.0,145.0,50.0,21.650635094610966,12.0,15.0,3.0,12.0,5.196152422706632,5.25,6.0,5.0,1.0,0.4330127018922193,7.850516750000001,8.608389,5.5769,3.0314890000000005,1.3126732426465424,7.75,10.0,1.0,9.0,3.897114317029974,0,1,0,1,0,0,0,1
LaSb3,211,BB,O,3.22397,"SUNCAT alloys, DACAPO/RPBE",1,2,1.8125,2.05,1.1,0.9499999999999997,0.4113620667976083,157.5,195.0,145.0,50.0,21.650635094610966,12.0,15.0,3.0,12.0,5.196152422706632,5.25,6.0,5.0,1.0,0.4330127018922193,7.850516750000001,8.608389,5.5769,3.0314890000000005,1.3126732426465424,7.75,10.0,1.0,9.0,3.897114317029974,0,1,0,0,1,0,0,1
LaZn3,211,AB,O,5.01042,"SUNCAT alloys, DACAPO/RPBE",1,2,1.5124999999999997,1.65,1.1,0.5499999999999998,0.23815698604072055,150.0,195.0,135.0,60.0,25.98076211353316,9.75,12.0,3.0,9.0,3.897114317029974,4.5,6.0,4.0,2.0,0.8660254037844386,8.439872750000001,9.394197,5.5769,3.817297,1.652938087895063,7.75,10.0,1.0,9.0,3.897114317029974,0,1,0,1,0,0,0,1
LaZn3,211,BB,O,3.91243,"SUNCAT alloys, DACAPO/RPBE",1,2,1.5124999999999997,1.65,1.1,0.5499999999999998,0.23815698604072055,150.0,195.0,135.0,60.0,25.98076211353316,9.75,12.0,3.0,9.0,3.897114317029974,4.5,6.0,4.0,2.0,0.8660254037844386,8.439872750000001,9.394197,5.5769,3.817297,1.652938087895063,7.75,10.0,1.0,9.0,3.897114317029974,0,1,0,0,1,0,0,1
Mn3Si,111,none,CO,1.796524751,"SUNCAT alloys, DACAPO/RPBE",1,2,1.6375000000000002,1.9,1.55,0.34999999999999987,0.15155444566227672,132.5,140.0,110.0,30.0,12.99038105676658,8.75,14.0,7.0,7.0,3.031088913245535,3.75,4.0,3.0,1.0,0.4330127018922193,7.6134485000000005,8.15168,7.434038,0.7176420000000006,0.3107481014113363,3.75,5.0,0.0,5.0,2.165063509461097,1,0,0,0,0,1,1,0
Mo3Pt,111,none,CO,1.746524751,"SUNCAT alloys, DACAPO/RPBE",1,2,2.17,2.2,2.16,0.040000000000000036,0.01732050807568879,142.5,145.0,135.0,10.0,4.330127018922194,7.0,10.0,6.0,4.0,1.7320508075688772,5.25,6.0,5.0,1.0,0.4330127018922193,7.55903,8.95883,7.09243,1.8664000000000005,0.8081749068116384,6.0,9.0,5.0,4.0,1.7320508075688772,1,0,0,0,0,1,1,0
MoIr3,211,AB,O,3.46968,"SUNCAT alloys, DACAPO/RPBE",1,2,2.1900000000000004,2.2,2.16,0.040000000000000036,0.01732050807568879,137.5,145.0,135.0,10.0,4.330127018922194,8.25,9.0,6.0,3.0,1.299038105676658,5.75,6.0,5.0,1.0,0.4330127018922193,8.4983725,8.96702,7.09243,1.8745899999999995,0.8117212808401353,6.5,7.0,5.0,2.0,0.8660254037844386,0,1,0,1,0,0,0,1
MoIr3,211,BB,O,2.882,"SUNCAT alloys, DACAPO/RPBE",1,2,2.1900000000000004,2.2,2.16,0.040000000000000036,0.01732050807568879,137.5,145.0,135.0,10.0,4.330127018922194,8.25,9.0,6.0,3.0,1.299038105676658,5.75,6.0,5.0,1.0,0.4330127018922193,8.4983725,8.96702,7.09243,1.8745899999999995,0.8117212808401353,6.5,7.0,5.0,2.0,0.8660254037844386,0,1,0,0,1,0,0,1
MoMo3,211,AB,O,3.98826,"SUNCAT alloys, DACAPO/RPBE",1,1,2.16,2.16,2.16,0.0,0.0,145.0,145.0,145.0,0.0,0.0,6.0,6.0,6.0,0.0,0.0,5.0,5.0,5.0,0.0,0.0,7.09243,7.09243,7.09243,0.0,0.0,5.0,5.0,5.0,0.0,0.0,0,1,0,1,0,0,0,1
MoRh3,211,AB,O,3.46926,"SUNCAT alloys, DACAPO/RPBE",1,2,2.25,2.28,2.16,0.11999999999999966,0.05196152422706617,137.5,145.0,135.0,10.0,4.330127018922194,8.25,9.0,6.0,3.0,1.299038105676658,5.0,5.0,5.0,0.0,0.0,7.3672825,7.4589,7.09243,0.36646999999999963,0.15868616486244144,7.25,8.0,5.0,3.0,1.299038105676658,0,1,0,1,0,0,0,1
MoRh3,211,BB,O,2.7471,"SUNCAT alloys, DACAPO/RPBE",1,2,2.25,2.28,2.16,0.11999999999999966,0.05196152422706617,137.5,145.0,135.0,10.0,4.330127018922194,8.25,9.0,6.0,3.0,1.299038105676658,5.0,5.0,5.0,0.0,0.0,7.3672825,7.4589,7.09243,0.36646999999999963,0.15868616486244144,7.25,8.0,5.0,3.0,1.299038105676658,0,1,0,0,1,0,0,1
MoZn3,211,AB,O,3.70856,"SUNCAT alloys, DACAPO/RPBE",1,2,1.7774999999999999,2.16,1.65,0.5100000000000002,0.22083647796503195,137.5,145.0,135.0,10.0,4.330127018922194,10.5,12.0,6.0,6.0,2.598076211353316,4.25,5.0,4.0,1.0,0.4330127018922193,8.81875525,9.394197,7.09243,2.301767,0.996694347796348,8.75,10.0,5.0,5.0,2.165063509461097,0,1,0,1,0,0,0,1
MoZn3,211,BB,O,2.86946,"SUNCAT alloys, DACAPO/RPBE",1,2,1.7774999999999999,2.16,1.65,0.5100000000000002,0.22083647796503195,137.5,145.0,135.0,10.0,4.330127018922194,10.5,12.0,6.0,6.0,2.598076211353316,4.25,5.0,4.0,1.0,0.4330127018922193,8.81875525,9.394197,7.09243,2.301767,0.996694347796348,8.75,10.0,5.0,5.0,2.165063509461097,0,1,0,0,1,0,0,1
Nb3Al,111,none,CO,2.116524751,"SUNCAT alloys, DACAPO/RPBE",1,2,1.6025000000000003,1.61,1.6,0.010000000000000009,0.004330127018922197,140.0,145.0,125.0,20.0,8.660254037844387,7.0,13.0,5.0,8.0,3.4641016151377544,4.5,5.0,3.0,2.0,0.8660254037844386,6.56557975,6.75885,5.985769,0.7730809999999995,0.33475389259153854,3.0,4.0,0.0,4.0,1.7320508075688772,1,0,0,0,0,1,1,0
Nb3As,111,none,CO,2.406524751,"SUNCAT alloys, DACAPO/RPBE",1,2,1.745,2.18,1.6,0.5800000000000001,0.25114736709748725,137.5,145.0,115.0,30.0,12.99038105676658,7.5,15.0,5.0,10.0,4.330127018922194,4.75,5.0,4.0,1.0,0.4330127018922193,7.516275,9.78855,6.75885,3.029700000000001,1.3118985829228573,5.5,10.0,4.0,6.0,2.598076211353316,1,0,0,0,0,1,1,0
Nb3Ga,111,none,CO,2.126524751,"SUNCAT alloys, DACAPO/RPBE",1,2,1.6525000000000003,1.81,1.6,0.20999999999999996,0.09093266739736605,141.25,145.0,130.0,15.0,6.49519052838329,7.0,13.0,5.0,8.0,3.4641016151377544,4.75,5.0,4.0,1.0,0.4330127018922193,6.568963,6.75885,5.999302,0.7595479999999997,0.3288939316968313,5.5,10.0,4.0,6.0,2.598076211353316,1,0,0,0,0,1,1,0
Nb3Ge,111,none,CO,2.126524751,"SUNCAT alloys, DACAPO/RPBE",1,2,1.7025000000000001,2.01,1.6,0.4099999999999997,0.17753520777580978,140.0,145.0,125.0,20.0,8.660254037844387,7.25,14.0,5.0,9.0,3.897114317029974,4.75,5.0,4.0,1.0,0.4330127018922193,7.04399625,7.899435,6.75885,1.1405850000000006,0.49388779258773724,5.5,10.0,4.0,6.0,2.598076211353316,1,0,0,0,0,1,1,0
Nb3Pt,111,none,CO,2.326524751,"SUNCAT alloys, DACAPO/RPBE",1,2,1.7500000000000002,2.2,1.6,0.6000000000000001,0.2598076211353316,142.5,145.0,135.0,10.0,4.330127018922194,6.25,10.0,5.0,5.0,2.165063509461097,5.25,6.0,5.0,1.0,0.4330127018922193,7.308845,8.95883,6.75885,2.199980000000001,0.9526192839088451,5.25,9.0,4.0,5.0,2.165063509461097,1,0,0,0,0,1,1,0
Nb3Sb,111,none,CO,2.336524751,"SUNCAT alloys, DACAPO/RPBE",1,2,1.7125000000000001,2.05,1.6,0.44999999999999973,0.19485571585149858,145.0,145.0,145.0,0.0,0.0,7.5,15.0,5.0,10.0,4.330127018922194,5.0,5.0,5.0,0.0,0.0,7.221234750000001,8.608389,6.75885,1.849539000000001,0.8008738796450339,5.5,10.0,4.0,6.0,2.598076211353316,1,0,0,0,0,1,1,0
Nb3Si,111,none,CO,2.046524751,"SUNCAT alloys, DACAPO/RPBE",1,2,1.6750000000000003,1.9,1.6,0.2999999999999998,0.12990381056766573,136.25,145.0,110.0,35.0,15.155444566227676,7.25,14.0,5.0,9.0,3.897114317029974,4.5,5.0,3.0,2.0,0.8660254037844386,7.1070575,8.15168,6.75885,1.392830000000001,0.6031130815765402,3.0,4.0,0.0,4.0,1.7320508075688772,1,0,0,0,0,1,1,0
NbNb3,211,AB,O,4.89111,"SUNCAT alloys, DACAPO/RPBE",1,1,1.6,1.6,1.6,0.0,0.0,145.0,145.0,145.0,0.0,0.0,5.0,5.0,5.0,0.0,0.0,5.0,5.0,5.0,0.0,0.0,6.75885,6.75885,6.75885,0.0,0.0,4.0,4.0,4.0,0.0,0.0,0,1,0,1,0,0,0,1
NbPd3,211,AB,O,4.82441,"SUNCAT alloys, DACAPO/RPBE",1,2,2.0500000000000003,2.2,1.6,0.6000000000000001,0.2598076211353316,141.25,145.0,140.0,5.0,2.165063509461097,8.75,10.0,5.0,5.0,2.165063509461097,5.0,5.0,5.0,0.0,0.0,7.94234175,8.336839,6.75885,1.5779889999999996,0.6832892804462012,8.5,10.0,4.0,6.0,2.598076211353316,0,1,0,1,0,0,0,1
NbPd3,211,BB,O,4.30831,"SUNCAT alloys, DACAPO/RPBE",1,2,2.0500000000000003,2.2,1.6,0.6000000000000001,0.2598076211353316,141.25,145.0,140.0,5.0,2.165063509461097,8.75,10.0,5.0,5.0,2.165063509461097,5.0,5.0,5.0,0.0,0.0,7.94234175,8.336839,6.75885,1.5779889999999996,0.6832892804462012,8.5,10.0,4.0,6.0,2.598076211353316,0,1,0,0,1,0,0,1
NbPt3,211,AB,O,4.28125,"SUNCAT alloys, DACAPO/RPBE",1,2,2.0500000000000003,2.2,1.6,0.6000000000000001,0.2598076211353316,137.5,145.0,135.0,10.0,4.330127018922194,8.75,10.0,5.0,5.0,2.165063509461097,5.75,6.0,5.0,1.0,0.4330127018922193,8.408835000000002,8.95883,6.75885,2.199980000000001,0.9526192839088451,7.75,9.0,4.0,5.0,2.165063509461097,0,1,0,1,0,0,0,1
NbPt3,211,BB,O,3.78038,"SUNCAT alloys, DACAPO/RPBE",1,2,2.0500000000000003,2.2,1.6,0.6000000000000001,0.2598076211353316,137.5,145.0,135.0,10.0,4.330127018922194,8.75,10.0,5.0,5.0,2.165063509461097,5.75,6.0,5.0,1.0,0.4330127018922193,8.408835000000002,8.95883,6.75885,2.199980000000001,0.9526192839088451,7.75,9.0,4.0,5.0,2.165063509461097,0,1,0,0,1,0,0,1
NbRh3,211,AB,O,3.90803,"SUNCAT alloys, DACAPO/RPBE",1,2,2.11,2.28,1.6,0.6799999999999997,0.294448637286709,137.5,145.0,135.0,10.0,4.330127018922194,8.0,9.0,5.0,4.0,1.7320508075688772,5.0,5.0,5.0,0.0,0.0,7.2838875,7.4589,6.75885,0.7000500000000001,0.30313054195964817,7.0,8.0,4.0,4.0,1.7320508075688772,0,1,0,1,0,0,0,1
NbRh3,211,BB,O,3.14089,"SUNCAT alloys, DACAPO/RPBE",1,2,2.11,2.28,1.6,0.6799999999999997,0.294448637286709,137.5,145.0,135.0,10.0,4.330127018922194,8.0,9.0,5.0,4.0,1.7320508075688772,5.0,5.0,5.0,0.0,0.0,7.2838875,7.4589,6.75885,0.7000500000000001,0.30313054195964817,7.0,8.0,4.0,4.0,1.7320508075688772,0,1,0,0,1,0,0,1
NbRu3,211,AB,O,3.72905,"SUNCAT alloys, DACAPO/RPBE",1,2,2.0500000000000003,2.2,1.6,0.6000000000000001,0.2598076211353316,133.75,145.0,130.0,15.0,6.49519052838329,7.25,8.0,5.0,3.0,1.299038105676658,5.0,5.0,5.0,0.0,0.0,7.210087499999999,7.3605,6.75885,0.6016500000000002,0.26052209209345384,6.25,7.0,4.0,3.0,1.299038105676658,0,1,0,1,0,0,0,1
NbRu3,211,BB,O,3.57388,"SUNCAT alloys, DACAPO/RPBE",1,2,2.0500000000000003,2.2,1.6,0.6000000000000001,0.2598076211353316,133.75,145.0,130.0,15.0,6.49519052838329,7.25,8.0,5.0,3.0,1.299038105676658,5.0,5.0,5.0,0.0,0.0,7.210087499999999,7.3605,6.75885,0.6016500000000002,0.26052209209345384,6.25,7.0,4.0,3.0,1.299038105676658,0,1,0,0,1,0,0,1
NbZn3,211,AB,O,4.41226,"SUNCAT alloys, DACAPO/RPBE",1,2,1.6374999999999997,1.65,1.6,0.04999999999999982,0.021650635094610887,137.5,145.0,135.0,10.0,4.330127018922194,10.25,12.0,5.0,7.0,3.031088913245535,4.25,5.0,4.0,1.0,0.4330127018922193,8.735360250000001,9.394197,6.75885,2.6353470000000003,1.1411387248935547,8.5,10.0,4.0,6.0,2.598076211353316,0,1,0,1,0,0,0,1
NbZn3,211,BB,O,4.06732,"SUNCAT alloys, DACAPO/RPBE",1,2,1.6374999999999997,1.65,1.6,0.04999999999999982,0.021650635094610887,137.5,145.0,135.0,10.0,4.330127018922194,10.25,12.0,5.0,7.0,3.031088913245535,4.25,5.0,4.0,1.0,0.4330127018922193,8.735360250000001,9.394197,6.75885,2.6353470000000003,1.1411387248935547,8.5,10.0,4.0,6.0,2.598076211353316,0,1,0,0,1,0,0,1
Ni,111,none,CO,1.31,"DACAPO, RPBE @ CAMD/SUNCAT",1,1,1.91,1.91,1.91,0.0,0.0,135.0,135.0,135.0,0.0,0.0,10.0,10.0,10.0,0.0,0.0,4.0,4.0,4.0,0.0,0.0,7.639878,7.639878,7.639878,0.0,0.0,8.0,8.0,8.0,0.0,0.0,1,0,0,0,0,1,1,0
Ni,211,none,CO,1.687,"DACAPO, RPBE @ CAMD/SUNCAT",1,1,1.91,1.91,1.91,0.0,0.0,135.0,135.0,135.0,0.0,0.0,10.0,10.0,10.0,0.0,0.0,4.0,4.0,4.0,0.0,0.0,7.639878,7.639878,7.639878,0.0,0.0,8.0,8.0,8.0,0.0,0.0,0,1,0,0,0,1,1,0
Ni3Al,111,none,CO,2.016524751,"SUNCAT alloys, DACAPO/RPBE",1,2,1.835,1.91,1.61,0.2999999999999998,0.12990381056766573,132.5,135.0,125.0,10.0,4.330127018922194,10.75,13.0,10.0,3.0,1.299038105676658,3.75,4.0,3.0,1.0,0.4330127018922193,7.226350750000001,7.639878,5.985769,1.654109,0.716250207314237,6.0,8.0,0.0,8.0,3.4641016151377544,1,0,0,0,0,1,1,0
Ni3As,111,none,CO,1.546524751,"SUNCAT alloys, DACAPO/RPBE",1,2,1.9775,2.18,1.91,0.27000000000000024,0.11691342951089932,130.0,135.0,115.0,20.0,8.660254037844387,11.25,15.0,10.0,5.0,2.165063509461097,4.0,4.0,4.0,0.0,0.0,8.177046,9.78855,7.639878,2.1486720000000004,0.9304022682001588,8.5,10.0,8.0,2.0,0.8660254037844386,1,0,0,0,0,1,1,0
Ni3Co,111,none,CO,1.506524751,"SUNCAT alloys, DACAPO/RPBE",1,2,1.9024999999999999,1.91,1.88,0.030000000000000027,0.012990381056766592,135.0,135.0,135.0,0.0,0.0,9.75,10.0,9.0,1.0,0.4330127018922193,4.0,4.0,4.0,0.0,0.0,7.7001610000000005,7.88101,7.639878,0.24113199999999946,0.10441321883267439,7.75,8.0,7.0,1.0,0.4330127018922193,1,0,0,0,0,1,1,0
Ni3Ga,111,none,CO,1.946524751,"SUNCAT alloys, DACAPO/RPBE",1,2,1.8849999999999998,1.91,1.81,0.09999999999999987,0.04330127018922188,133.75,135.0,130.0,5.0,2.165063509461097,10.75,13.0,10.0,3.0,1.299038105676658,4.0,4.0,4.0,0.0,0.0,7.2297340000000005,7.639878,5.999302,1.6405760000000003,0.7103902464195296,8.5,10.0,8.0,2.0,0.8660254037844386,1,0,0,0,0,1,1,0
Ni3Ge,111,none,CO,1.876524751,"SUNCAT alloys, DACAPO/RPBE",1,2,1.9349999999999998,2.01,1.91,0.09999999999999987,0.04330127018922188,132.5,135.0,125.0,10.0,4.330127018922194,11.0,14.0,10.0,4.0,1.7320508075688772,4.0,4.0,4.0,0.0,0.0,7.704767250000001,7.899435,7.639878,0.25955700000000004,0.11239147786503878,8.5,10.0,8.0,2.0,0.8660254037844386,1,0,0,0,0,1,1,0
Ni3Hf,111,none,CO,1.676524751,"SUNCAT alloys, DACAPO/RPBE",1,2,1.7574999999999998,1.91,1.3,0.6099999999999999,0.2641377481542537,140.0,155.0,135.0,20.0,8.660254037844387,8.5,10.0,4.0,6.0,2.598076211353316,4.5,6.0,4.0,2.0,0.8660254037844386,7.436176000000001,7.639878,6.82507,0.8148080000000002,0.35282221360339555,6.5,8.0,2.0,6.0,2.598076211353316,1,0,0,0,0,1,1,0
Ni3In,111,none,CO,1.896524751,"SUNCAT alloys, DACAPO/RPBE",1,2,1.8775,1.91,1.78,0.1299999999999999,0.056291651245988464,140.0,155.0,135.0,20.0,8.660254037844387,10.75,13.0,10.0,3.0,1.299038105676658,4.25,5.0,4.0,1.0,0.4330127018922193,7.17649745,7.639878,5.7863558,1.8535222000000005,0.8025986558392108,8.5,10.0,8.0,2.0,0.8660254037844386,1,0,0,0,0,1,1,0
Ni3Pt,111,none,CO,1.546524751,"SUNCAT alloys, DACAPO/RPBE",1,2,1.9825,2.2,1.91,0.29000000000000026,0.1255736835487437,135.0,135.0,135.0,0.0,0.0,10.0,10.0,10.0,0.0,0.0,4.5,6.0,4.0,2.0,0.8660254037844386,7.969616,8.95883,7.639878,1.3189520000000003,0.5711229691861466,8.25,9.0,8.0,1.0,0.4330127018922193,1,0,0,0,0,1,1,0
Ni3Sc,111,none,CO,2.216524751,"SUNCAT alloys, DACAPO/RPBE",1,2,1.7725,1.91,1.36,0.5499999999999998,0.23815698604072055,141.25,160.0,135.0,25.0,10.825317547305483,8.25,10.0,3.0,7.0,3.031088913245535,4.0,4.0,4.0,0.0,0.0,7.370281,7.639878,6.56149,1.0783880000000003,0.46695570156814675,6.25,8.0,1.0,7.0,3.031088913245535,1,0,0,0,0,1,1,0
Ni3Si,111,none,CO,1.896524751,"SUNCAT alloys, DACAPO/RPBE",1,2,1.9074999999999998,1.91,1.9,0.010000000000000009,0.004330127018922197,128.75,135.0,110.0,25.0,10.825317547305483,11.0,14.0,10.0,4.0,1.7320508075688772,3.75,4.0,3.0,1.0,0.4330127018922193,7.7678285,8.15168,7.639878,0.5118020000000003,0.22161676685384177,6.0,8.0,0.0,8.0,3.4641016151377544,1,0,0,0,0,1,1,0
Ni3Sn,111,none,CO,1.776524751,"SUNCAT alloys, DACAPO/RPBE",1,2,1.9224999999999999,1.96,1.91,0.050000000000000044,0.021650635094610987,137.5,145.0,135.0,10.0,4.330127018922194,11.0,14.0,10.0,4.0,1.7320508075688772,4.25,5.0,4.0,1.0,0.4330127018922193,7.565888000000001,7.639878,7.343918,0.29596,0.12815443925202125,8.5,10.0,8.0,2.0,0.8660254037844386,1,0,0,0,0,1,1,0
Ni3Ti,111,none,CO,1.716524751,"SUNCAT alloys, DACAPO/RPBE",1,2,1.8175,1.91,1.54,0.3699999999999999,0.1602146997001211,136.25,140.0,135.0,5.0,2.165063509461097,8.5,10.0,4.0,6.0,2.598076211353316,4.0,4.0,4.0,0.0,0.0,7.4369385,7.639878,6.82812,0.8117580000000002,0.35150152486262426,6.5,8.0,2.0,6.0,2.598076211353316,1,0,0,0,0,1,1,0
Ni3Zn,111,none,CO,1.926524751,"SUNCAT alloys, DACAPO/RPBE",1,2,1.8449999999999998,1.91,1.65,0.26,0.11258330249197704,135.0,135.0,135.0,0.0,0.0,10.5,12.0,10.0,2.0,0.8660254037844386,4.0,4.0,4.0,0.0,0.0,8.07845775,9.394197,7.639878,1.7543189999999997,0.7596424101708562,8.5,10.0,8.0,2.0,0.8660254037844386,1,0,0,0,0,1,1,0
Ni3Zr,111,none,CO,1.666524751,"SUNCAT alloys, DACAPO/RPBE",1,2,1.765,1.91,1.33,0.5799999999999998,0.25114736709748714,140.0,155.0,135.0,20.0,8.660254037844387,8.5,10.0,4.0,6.0,2.598076211353316,4.25,5.0,4.0,1.0,0.4330127018922193,7.388440000000001,7.639878,6.634126,1.0057520000000002,0.4355033909535035,6.5,8.0,2.0,6.0,2.598076211353316,1,0,0,0,0,1,1,0
NiCo3,211,AB,O,2.72348,"SUNCAT alloys, DACAPO/RPBE",1,2,1.8875,1.91,1.88,0.030000000000000027,0.012990381056766592,135.0,135.0,135.0,0.0,0.0,9.25,10.0,9.0,1.0,0.4330127018922193,4.0,4.0,4.0,0.0,0.0,7.820727,7.88101,7.639878,0.24113199999999946,0.10441321883267439,7.25,8.0,7.0,1.0,0.4330127018922193,0,1,0,1,0,0,0,1
NiCo3,211,BB,O,2.84102,"SUNCAT alloys, DACAPO/RPBE",1,2,1.8875,1.91,1.88,0.030000000000000027,0.012990381056766592,135.0,135.0,135.0,0.0,0.0,9.25,10.0,9.0,1.0,0.4330127018922193,4.0,4.0,4.0,0.0,0.0,7.820727,7.88101,7.639878,0.24113199999999946,0.10441321883267439,7.25,8.0,7.0,1.0,0.4330127018922193,0,1,0,0,1,0,0,1
NiCu3,211,AB,O,2.2941,"SUNCAT alloys, DACAPO/RPBE",1,2,1.9024999999999999,1.91,1.9,0.010000000000000009,0.004330127018922198,135.0,135.0,135.0,0.0,0.0,10.75,11.0,10.0,1.0,0.4330127018922193,4.0,4.0,4.0,0.0,0.0,7.7047545,7.72638,7.639878,0.08650199999999941,0.0374564647390805,9.5,10.0,8.0,2.0,0.8660254037844386,0,1,0,1,0,0,0,1
NiCu3,211,BB,O,2.13552,"SUNCAT alloys, DACAPO/RPBE",1,2,1.9024999999999999,1.91,1.9,0.010000000000000009,0.004330127018922198,135.0,135.0,135.0,0.0,0.0,10.75,11.0,10.0,1.0,0.4330127018922193,4.0,4.0,4.0,0.0,0.0,7.7047545,7.72638,7.639878,0.08650199999999941,0.0374564647390805,9.5,10.0,8.0,2.0,0.8660254037844386,0,1,0,0,1,0,0,1
NiFe3,211,AB,O,3.22323,"SUNCAT alloys, DACAPO/RPBE",1,2,1.85,1.91,1.83,0.07999999999999985,0.034641016151377484,138.75,140.0,135.0,5.0,2.165063509461097,8.5,10.0,8.0,2.0,0.8660254037844386,4.0,4.0,4.0,0.0,0.0,7.836820575,7.9024681,7.639878,0.2625900999999997,0.11370484869114794,6.5,8.0,6.0,2.0,0.8660254037844386,0,1,0,1,0,0,0,1
NiFe3,211,BB,O,3.18027,"SUNCAT alloys, DACAPO/RPBE",1,2,1.85,1.91,1.83,0.07999999999999985,0.034641016151377484,138.75,140.0,135.0,5.0,2.165063509461097,8.5,10.0,8.0,2.0,0.8660254037844386,4.0,4.0,4.0,0.0,0.0,7.836820575,7.9024681,7.639878,0.2625900999999997,0.11370484869114794,6.5,8.0,6.0,2.0,0.8660254037844386,0,1,0,0,1,0,0,1
NiIr3,211,AB,O,2.60999,"SUNCAT alloys, DACAPO/RPBE",1,2,2.1275,2.2,1.91,0.29000000000000026,0.1255736835487437,135.0,135.0,135.0,0.0,0.0,9.25,10.0,9.0,1.0,0.4330127018922193,5.5,6.0,4.0,2.0,0.8660254037844386,8.635234500000001,8.96702,7.639878,1.3271419999999994,0.5746693432146435,7.25,8.0,7.0,1.0,0.4330127018922193,0,1,0,1,0,0,0,1
NiNi3,211,AB,O,2.55024,"SUNCAT alloys, DACAPO/RPBE",1,1,1.91,1.91,1.91,0.0,0.0,135.0,135.0,135.0,0.0,0.0,10.0,10.0,10.0,0.0,0.0,4.0,4.0,4.0,0.0,0.0,7.639878,7.639878,7.639878,0.0,0.0,8.0,8.0,8.0,0.0,0.0,0,1,0,1,0,0,0,1
NiPd3,211,AB,O,1.69164,"SUNCAT alloys, DACAPO/RPBE",1,2,2.1275,2.2,1.91,0.29000000000000026,0.1255736835487437,138.75,140.0,135.0,5.0,2.165063509461097,10.0,10.0,10.0,0.0,0.0,4.75,5.0,4.0,1.0,0.4330127018922193,8.16259875,8.336839,7.639878,0.696960999999999,0.30179296572350267,9.5,10.0,8.0,2.0,0.8660254037844386,0,1,0,1,0,0,0,1
NiPd3,211,BB,O,1.2812,"SUNCAT alloys, DACAPO/RPBE",1,2,2.1275,2.2,1.91,0.29000000000000026,0.1255736835487437,138.75,140.0,135.0,5.0,2.165063509461097,10.0,10.0,10.0,0.0,0.0,4.75,5.0,4.0,1.0,0.4330127018922193,8.16259875,8.336839,7.639878,0.696960999999999,0.30179296572350267,9.5,10.0,8.0,2.0,0.8660254037844386,0,1,0,0,1,0,0,1
NiPt3,211,AB,O,1.77981,"SUNCAT alloys, DACAPO/RPBE",1,2,2.1275,2.2,1.91,0.29000000000000026,0.1255736835487437,135.0,135.0,135.0,0.0,0.0,10.0,10.0,10.0,0.0,0.0,5.5,6.0,4.0,2.0,0.8660254037844386,8.629092000000002,8.95883,7.639878,1.3189520000000003,0.5711229691861466,8.75,9.0,8.0,1.0,0.4330127018922193,0,1,0,1,0,0,0,1
NiPt3,211,BB,O,1.2941,"SUNCAT alloys, DACAPO/RPBE",1,2,2.1275,2.2,1.91,0.29000000000000026,0.1255736835487437,135.0,135.0,135.0,0.0,0.0,10.0,10.0,10.0,0.0,0.0,5.5,6.0,4.0,2.0,0.8660254037844386,8.629092000000002,8.95883,7.639878,1.3189520000000003,0.5711229691861466,8.75,9.0,8.0,1.0,0.4330127018922193,0,1,0,0,1,0,0,1
NiRh3,211,AB,O,2.37974,"SUNCAT alloys, DACAPO/RPBE",1,2,2.1875,2.28,1.91,0.3699999999999999,0.1602146997001211,135.0,135.0,135.0,0.0,0.0,9.25,10.0,9.0,1.0,0.4330127018922193,4.75,5.0,4.0,1.0,0.4330127018922193,7.5041445,7.639878,7.4589,0.18097800000000053,0.0783657727630503,8.0,8.0,8.0,0.0,0.0,0,1,0,1,0,0,0,1
NiRu3,211,BB,O,2.9209,"SUNCAT alloys, DACAPO/RPBE",1,2,2.1275,2.2,1.91,0.29000000000000026,0.1255736835487437,131.25,135.0,130.0,5.0,2.165063509461097,8.5,10.0,8.0,2.0,0.8660254037844386,4.75,5.0,4.0,1.0,0.4330127018922193,7.4303444999999995,7.639878,7.3605,0.27937800000000035,0.12097422262924461,7.25,8.0,7.0,1.0,0.4330127018922193,0,1,0,0,1,0,0,1
NiZn3,211,AB,O,2.45742,"SUNCAT alloys, DACAPO/RPBE",1,2,1.7149999999999999,1.91,1.65,0.26,0.11258330249197702,135.0,135.0,135.0,0.0,0.0,11.5,12.0,10.0,2.0,0.8660254037844386,4.0,4.0,4.0,0.0,0.0,8.955617250000001,9.394197,7.639878,1.7543189999999997,0.7596424101708562,9.5,10.0,8.0,2.0,0.8660254037844386,0,1,0,1,0,0,0,1
NiZn3,211,BB,O,2.39661,"SUNCAT alloys, DACAPO/RPBE",1,2,1.7149999999999999,1.91,1.65,0.26,0.11258330249197702,135.0,135.0,135.0,0.0,0.0,11.5,12.0,10.0,2.0,0.8660254037844386,4.0,4.0,4.0,0.0,0.0,8.955617250000001,9.394197,7.639878,1.7543189999999997,0.7596424101708562,9.5,10.0,8.0,2.0,0.8660254037844386,0,1,0,0,1,0,0,1
OsIr3,211,AB,O,3.5984,"SUNCAT alloys, DACAPO/RPBE",1,2,2.2,2.2,2.2,0.0,0.0,133.75,135.0,130.0,5.0,2.165063509461097,8.75,9.0,8.0,1.0,0.4330127018922193,6.0,6.0,6.0,0.0,0.0,8.834822500000001,8.96702,8.43823,0.528789999999999,0.22897278663358622,6.75,7.0,6.0,1.0,0.4330127018922193,0,1,0,1,0,0,0,1
OsIr3,211,BB,O,2.79109,"SUNCAT alloys, DACAPO/RPBE",1,2,2.2,2.2,2.2,0.0,0.0,133.75,135.0,130.0,5.0,2.165063509461097,8.75,9.0,8.0,1.0,0.4330127018922193,6.0,6.0,6.0,0.0,0.0,8.834822500000001,8.96702,8.43823,0.528789999999999,0.22897278663358622,6.75,7.0,6.0,1.0,0.4330127018922193,0,1,0,0,1,0,0,1
OsRh3,211,AB,O,3.8237,"SUNCAT alloys, DACAPO/RPBE",1,2,2.26,2.28,2.2,0.07999999999999963,0.034641016151377386,133.75,135.0,130.0,5.0,2.165063509461097,8.75,9.0,8.0,1.0,0.4330127018922193,5.25,6.0,5.0,1.0,0.4330127018922193,7.7037325,8.43823,7.4589,0.9793300000000009,0.4240623293441076,7.5,8.0,6.0,2.0,0.8660254037844386,0,1,0,1,0,0,0,1
OsRh3,211,BB,O,2.67213,"SUNCAT alloys, DACAPO/RPBE",1,2,2.26,2.28,2.2,0.07999999999999963,0.034641016151377386,133.75,135.0,130.0,5.0,2.165063509461097,8.75,9.0,8.0,1.0,0.4330127018922193,5.25,6.0,5.0,1.0,0.4330127018922193,7.7037325,8.43823,7.4589,0.9793300000000009,0.4240623293441076,7.5,8.0,6.0,2.0,0.8660254037844386,0,1,0,0,1,0,0,1
Pb3Sc,111,none,CO,0.906524751002,"SUNCAT alloys, DACAPO/RPBE",1,2,1.6900000000000002,1.8,1.36,0.43999999999999995,0.19052558883257648,175.0,180.0,160.0,20.0,8.660254037844387,11.25,14.0,3.0,11.0,4.763139720814412,5.5,6.0,4.0,2.0,0.8660254037844386,7.202882425,7.4166799,6.56149,0.8551899000000001,0.37030808922993685,7.75,10.0,1.0,9.0,3.897114317029974,1,0,0,0,0,1,1,0
Pb3Y,111,none,CO,0.776524751001,"SUNCAT alloys, DACAPO/RPBE",1,2,1.655,1.8,1.22,0.5800000000000001,0.25114736709748725,180.0,180.0,180.0,0.0,0.0,11.25,14.0,3.0,11.0,4.763139720814412,5.75,6.0,5.0,1.0,0.4330127018922193,7.116824925,7.4166799,6.21726,1.1994199000000005,0.5193640516022957,7.75,10.0,1.0,9.0,3.897114317029974,1,0,0,0,0,1,1,0
PbAg3,211,AB,O,1.18607,"SUNCAT alloys, DACAPO/RPBE",1,2,1.8975,1.93,1.8,0.1299999999999999,0.056291651245988464,165.0,180.0,160.0,20.0,8.660254037844387,11.75,14.0,11.0,3.0,1.299038105676658,5.25,6.0,5.0,1.0,0.4330127018922193,7.536345475000001,7.576234,7.4166799,0.15955410000000025,0.06908895193898146,10.0,10.0,10.0,0.0,0.0,0,1,0,1,0,0,0,1
PbAg3,211,BB,O,1.23881,"SUNCAT alloys, DACAPO/RPBE",1,2,1.8975,1.93,1.8,0.1299999999999999,0.056291651245988464,165.0,180.0,160.0,20.0,8.660254037844387,11.75,14.0,11.0,3.0,1.299038105676658,5.25,6.0,5.0,1.0,0.4330127018922193,7.536345475000001,7.576234,7.4166799,0.15955410000000025,0.06908895193898146,10.0,10.0,10.0,0.0,0.0,0,1,0,0,1,0,0,1
PbAu3,211,AB,O,1.20593,"SUNCAT alloys, DACAPO/RPBE",1,2,2.25,2.4,1.8,0.5999999999999999,0.25980762113533157,146.25,180.0,135.0,45.0,19.48557158514987,11.75,14.0,11.0,3.0,1.299038105676658,6.0,6.0,6.0,0.0,0.0,8.773335475,9.225554,7.4166799,1.8088741000000006,0.7832654614238568,10.0,10.0,10.0,0.0,0.0,0,1,0,1,0,0,0,1
PbAu3,211,BB,O,1.02176,"SUNCAT alloys, DACAPO/RPBE",1,2,2.25,2.4,1.8,0.5999999999999999,0.25980762113533157,146.25,180.0,135.0,45.0,19.48557158514987,11.75,14.0,11.0,3.0,1.299038105676658,6.0,6.0,6.0,0.0,0.0,8.773335475,9.225554,7.4166799,1.8088741000000006,0.7832654614238568,10.0,10.0,10.0,0.0,0.0,0,1,0,0,1,0,0,1
PbPb3,211,AB,O,1.70266,"SUNCAT alloys, DACAPO/RPBE",1,1,1.8,1.8,1.8,0.0,0.0,180.0,180.0,180.0,0.0,0.0,14.0,14.0,14.0,0.0,0.0,6.0,6.0,6.0,0.0,0.0,7.4166799,7.4166799,7.4166799,0.0,0.0,10.0,10.0,10.0,0.0,0.0,0,1,0,1,0,0,0,1
PbPd3,211,AB,O,0.73281,"SUNCAT alloys, DACAPO/RPBE",1,2,2.1,2.2,1.8,0.40000000000000013,0.17320508075688779,150.0,180.0,140.0,40.0,17.320508075688775,11.0,14.0,10.0,4.0,1.7320508075688772,5.25,6.0,5.0,1.0,0.4330127018922193,8.106799225,8.336839,7.4166799,0.9201590999999993,0.3984405780617125,10.0,10.0,10.0,0.0,0.0,0,1,0,1,0,0,0,1
PbPd3,211,BB,O,0.86586,"SUNCAT alloys, DACAPO/RPBE",1,2,2.1,2.2,1.8,0.40000000000000013,0.17320508075688779,150.0,180.0,140.0,40.0,17.320508075688775,11.0,14.0,10.0,4.0,1.7320508075688772,5.25,6.0,5.0,1.0,0.4330127018922193,8.106799225,8.336839,7.4166799,0.9201590999999993,0.3984405780617125,10.0,10.0,10.0,0.0,0.0,0,1,0,0,1,0,0,1
PbPt3,211,AB,O,0.83514,"SUNCAT alloys, DACAPO/RPBE",1,2,2.1,2.2,1.8,0.40000000000000013,0.17320508075688779,146.25,180.0,135.0,45.0,19.48557158514987,11.0,14.0,10.0,4.0,1.7320508075688772,6.0,6.0,6.0,0.0,0.0,8.573292475,8.95883,7.4166799,1.5421501000000006,0.6677705815243565,9.25,10.0,9.0,1.0,0.4330127018922193,0,1,0,1,0,0,0,1
PbPt3,211,BB,O,1.4785,"SUNCAT alloys, DACAPO/RPBE",1,2,2.1,2.2,1.8,0.40000000000000013,0.17320508075688779,146.25,180.0,135.0,45.0,19.48557158514987,11.0,14.0,10.0,4.0,1.7320508075688772,6.0,6.0,6.0,0.0,0.0,8.573292475,8.95883,7.4166799,1.5421501000000006,0.6677705815243565,9.25,10.0,9.0,1.0,0.4330127018922193,0,1,0,0,1,0,0,1
Pd,111,none,CO,1.39,"DACAPO, RPBE @ CAMD/SUNCAT",1,1,2.2,2.2,2.2,0.0,0.0,140.0,140.0,140.0,0.0,0.0,10.0,10.0,10.0,0.0,0.0,5.0,5.0,5.0,0.0,0.0,8.336839,8.336839,8.336839,0.0,0.0,10.0,10.0,10.0,0.0,0.0,1,0,0,0,0,1,1,0
Pd,211,none,CO,1.717,"DACAPO, RPBE @ CAMD/SUNCAT",1,1,2.2,2.2,2.2,0.0,0.0,140.0,140.0,140.0,0.0,0.0,10.0,10.0,10.0,0.0,0.0,5.0,5.0,5.0,0.0,0.0,8.336839,8.336839,8.336839,0.0,0.0,10.0,10.0,10.0,0.0,0.0,0,1,0,0,0,1,1,0
Pd3Ag,111,none,CO,1.646524751,"SUNCAT alloys, DACAPO/RPBE",1,2,2.1325000000000003,2.2,1.93,0.27000000000000024,0.11691342951089932,145.0,160.0,140.0,20.0,8.660254037844387,10.25,11.0,10.0,1.0,0.4330127018922193,5.0,5.0,5.0,0.0,0.0,8.14668775,8.336839,7.576234,0.7606049999999991,0.32935162612273106,10.0,10.0,10.0,0.0,0.0,1,0,0,0,0,1,1,0
Pd3Al,111,none,CO,1.686524751,"SUNCAT alloys, DACAPO/RPBE",1,2,2.0525,2.2,1.61,0.5900000000000001,0.2554774941164094,136.25,140.0,125.0,15.0,6.49519052838329,10.75,13.0,10.0,3.0,1.299038105676658,4.5,5.0,3.0,2.0,0.8660254037844386,7.7490715,8.336839,5.985769,2.351069999999999,1.0180431730377397,7.5,10.0,0.0,10.0,4.330127018922194,1,0,0,0,0,1,1,0
Pd3Au,111,none,CO,1.696524751,"SUNCAT alloys, DACAPO/RPBE",1,2,2.25,2.4,2.2,0.19999999999999973,0.08660254037844375,138.75,140.0,135.0,5.0,2.165063509461097,10.25,11.0,10.0,1.0,0.4330127018922193,5.25,6.0,5.0,1.0,0.4330127018922193,8.55901775,9.225554,8.336839,0.8887150000000013,0.3848248833621442,10.0,10.0,10.0,0.0,0.0,1,0,0,0,0,1,1,0
Pd3Bi,111,none,CO,0.986524751,"SUNCAT alloys, DACAPO/RPBE",1,2,2.125,2.2,1.9,0.30000000000000027,0.1299038105676659,145.0,160.0,140.0,20.0,8.660254037844387,11.25,15.0,10.0,5.0,2.165063509461097,5.25,6.0,5.0,1.0,0.4330127018922193,8.07400825,8.336839,7.285516,1.0513229999999991,0.4552362127914333,10.0,10.0,10.0,0.0,0.0,1,0,0,0,0,1,1,0
Pd3Cd,111,none,CO,1.586524751,"SUNCAT alloys, DACAPO/RPBE",1,2,2.0725000000000002,2.2,1.69,0.5100000000000002,0.22083647796503195,143.75,155.0,140.0,15.0,6.49519052838329,10.5,12.0,10.0,2.0,0.8660254037844386,5.0,5.0,5.0,0.0,0.0,8.50108425,8.99382,8.336839,0.656981,0.28448111790185215,10.0,10.0,10.0,0.0,0.0,1,0,0,0,0,1,1,0
Pd3Cu,111,none,CO,1.566524751,"SUNCAT alloys, DACAPO/RPBE",1,2,2.125,2.2,1.9,0.30000000000000027,0.1299038105676659,138.75,140.0,135.0,5.0,2.165063509461097,10.25,11.0,10.0,1.0,0.4330127018922193,4.75,5.0,4.0,1.0,0.4330127018922193,8.18422425,8.336839,7.72638,0.6104589999999996,0.2643365009844222,10.0,10.0,10.0,0.0,0.0,1,0,0,0,0,1,1,0
Pd3Fe,111,none,CO,1.436524751,"SUNCAT alloys, DACAPO/RPBE",1,2,2.1075,2.2,1.83,0.3700000000000001,0.1602146997001212,140.0,140.0,140.0,0.0,0.0,9.5,10.0,8.0,2.0,0.8660254037844386,4.75,5.0,4.0,1.0,0.4330127018922193,8.228246275,8.336839,7.9024681,0.43437089999999934,0.18808811703235473,9.0,10.0,6.0,4.0,1.7320508075688772,1,0,0,0,0,1,1,0
Pd3Ga,111,none,CO,1.676524751,"SUNCAT alloys, DACAPO/RPBE",1,2,2.1025,2.2,1.81,0.3900000000000001,0.16887495373796557,137.5,140.0,130.0,10.0,4.330127018922194,10.75,13.0,10.0,3.0,1.299038105676658,4.75,5.0,4.0,1.0,0.4330127018922193,7.75245475,8.336839,5.999302,2.3375369999999993,1.0121832121430323,10.0,10.0,10.0,0.0,0.0,1,0,0,0,0,1,1,0
Pd3In,111,none,CO,1.646524751,"SUNCAT alloys, DACAPO/RPBE",1,2,2.095,2.2,1.78,0.42000000000000015,0.1818653347947322,143.75,155.0,140.0,15.0,6.49519052838329,10.75,13.0,10.0,3.0,1.299038105676658,5.0,5.0,5.0,0.0,0.0,7.6992182,8.336839,5.7863558,2.5504831999999995,1.1043916215627134,10.0,10.0,10.0,0.0,0.0,1,0,0,0,0,1,1,0
Pd3La,111,none,CO,1.396524751,"SUNCAT alloys, DACAPO/RPBE",1,2,1.9250000000000003,2.2,1.1,1.1,0.47631397208144133,153.75,195.0,140.0,55.0,23.81569860407206,8.25,10.0,3.0,7.0,3.031088913245535,5.25,6.0,5.0,1.0,0.4330127018922193,7.6468542500000005,8.336839,5.5769,2.7599389999999993,1.1950886434477095,7.75,10.0,1.0,9.0,3.897114317029974,1,0,0,0,0,1,1,0
Pd3Nb,111,none,CO,1.476524751,"SUNCAT alloys, DACAPO/RPBE",1,2,2.0500000000000003,2.2,1.6,0.6000000000000001,0.2598076211353316,141.25,145.0,140.0,5.0,2.165063509461097,8.75,10.0,5.0,5.0,2.165063509461097,5.0,5.0,5.0,0.0,0.0,7.94234175,8.336839,6.75885,1.5779889999999996,0.6832892804462012,8.5,10.0,4.0,6.0,2.598076211353316,1,0,0,0,0,1,1,0
Pd3Pb,111,none,CO,1.536524751,"SUNCAT alloys, DACAPO/RPBE",1,2,2.1,2.2,1.8,0.40000000000000013,0.17320508075688779,150.0,180.0,140.0,40.0,17.320508075688775,11.0,14.0,10.0,4.0,1.7320508075688772,5.25,6.0,5.0,1.0,0.4330127018922193,8.106799225,8.336839,7.4166799,0.9201590999999993,0.3984405780617125,10.0,10.0,10.0,0.0,0.0,1,0,0,0,0,1,1,0
Pd3Sb,111,none,CO,0.986524751,"SUNCAT alloys, DACAPO/RPBE",1,2,2.1625,2.2,2.05,0.15000000000000036,0.06495190528383306,141.25,145.0,140.0,5.0,2.165063509461097,11.25,15.0,10.0,5.0,2.165063509461097,5.0,5.0,5.0,0.0,0.0,8.4047265,8.608389,8.336839,0.2715500000000013,0.11758459919883271,10.0,10.0,10.0,0.0,0.0,1,0,0,0,0,1,1,0
Pd3Sn,111,none,CO,1.476524751,"SUNCAT alloys, DACAPO/RPBE",1,2,2.14,2.2,1.96,0.2400000000000002,0.10392304845413274,141.25,145.0,140.0,5.0,2.165063509461097,11.0,14.0,10.0,4.0,1.7320508075688772,5.0,5.0,5.0,0.0,0.0,8.08860875,8.336839,7.343918,0.992920999999999,0.4299474049755239,10.0,10.0,10.0,0.0,0.0,1,0,0,0,0,1,1,0
Pd3Ta,111,none,CO,1.586524751,"SUNCAT alloys, DACAPO/RPBE",1,2,2.0250000000000004,2.2,1.5,0.7000000000000002,0.3031088913245536,141.25,145.0,140.0,5.0,2.165063509461097,8.75,10.0,5.0,5.0,2.165063509461097,5.25,6.0,5.0,1.0,0.4330127018922193,8.140022,8.336839,7.549571,0.7872679999999992,0.3408970437932834,8.25,10.0,3.0,7.0,3.031088913245535,1,0,0,0,0,1,1,0
Pd3Ti,111,none,CO,1.066524751,"SUNCAT alloys, DACAPO/RPBE",1,2,2.035,2.2,1.54,0.6600000000000001,0.2857883832488648,140.0,140.0,140.0,0.0,0.0,8.5,10.0,4.0,6.0,2.598076211353316,4.75,5.0,4.0,1.0,0.4330127018922193,7.95965925,8.336839,6.82812,1.5087189999999993,0.6532944905861269,8.0,10.0,2.0,8.0,3.4641016151377544,1,0,0,0,0,1,1,0
Pd3Tl,111,none,CO,1.626524751,"SUNCAT alloys, DACAPO/RPBE",1,2,2.1,2.2,1.8,0.40000000000000013,0.17320508075688779,152.5,190.0,140.0,50.0,21.650635094610966,10.75,13.0,10.0,3.0,1.299038105676658,5.25,6.0,5.0,1.0,0.4330127018922193,7.779701075,8.336839,6.1082873,2.2285516999999997,0.9649911929234984,10.0,10.0,10.0,0.0,0.0,1,0,0,0,0,1,1,0
Pd3V,111,none,CO,1.396524751,"SUNCAT alloys, DACAPO/RPBE",1,2,2.0575,2.2,1.63,0.5700000000000003,0.24681724007856512,138.75,140.0,135.0,5.0,2.165063509461097,8.75,10.0,5.0,5.0,2.165063509461097,4.75,5.0,4.0,1.0,0.4330127018922193,7.939176,8.336839,6.746187,1.5906519999999995,0.6887725202902623,8.25,10.0,3.0,7.0,3.031088913245535,1,0,0,0,0,1,1,0
Pd3Y,111,none,CO,1.636524751,"SUNCAT alloys, DACAPO/RPBE",1,2,1.955,2.2,1.22,0.9800000000000002,0.42435244785437504,150.0,180.0,140.0,40.0,17.320508075688775,8.25,10.0,3.0,7.0,3.031088913245535,5.0,5.0,5.0,0.0,0.0,7.80694425,8.336839,6.21726,2.119579,0.9178046296640082,7.75,10.0,1.0,9.0,3.897114317029974,1,0,0,0,0,1,1,0
Pd3Zn,111,none,CO,1.536524751,"SUNCAT alloys, DACAPO/RPBE",1,2,2.0625,2.2,1.65,0.5500000000000003,0.23815698604072075,138.75,140.0,135.0,5.0,2.165063509461097,10.5,12.0,10.0,2.0,0.8660254037844386,4.75,5.0,4.0,1.0,0.4330127018922193,8.6011785,9.394197,8.336839,1.0573580000000007,0.45784944444735354,10.0,10.0,10.0,0.0,0.0,1,0,0,0,0,1,1,0
Pd3Zr,111,none,CO,0.926524750999,"SUNCAT alloys, DACAPO/RPBE",1,2,1.9825000000000002,2.2,1.33,0.8700000000000001,0.37672105064623085,143.75,155.0,140.0,15.0,6.49519052838329,8.5,10.0,4.0,6.0,2.598076211353316,5.0,5.0,5.0,0.0,0.0,7.9111607500000005,8.336839,6.634126,1.7027129999999993,0.7372963566770061,8.0,10.0,2.0,8.0,3.4641016151377544,1,0,0,0,0,1,1,0
PdAg3,211,AB,O,0.66258,"SUNCAT alloys, DACAPO/RPBE",1,2,1.9975,2.2,1.93,0.27000000000000024,0.11691342951089932,155.0,160.0,140.0,20.0,8.660254037844387,10.75,11.0,10.0,1.0,0.4330127018922193,5.0,5.0,5.0,0.0,0.0,7.766385250000001,8.336839,7.576234,0.7606049999999991,0.3293516261227311,10.0,10.0,10.0,0.0,0.0,0,1,0,1,0,0,0,1
PdAg3,211,BB,O,0.61671,"SUNCAT alloys, DACAPO/RPBE",1,2,1.9975,2.2,1.93,0.27000000000000024,0.11691342951089932,155.0,160.0,140.0,20.0,8.660254037844387,10.75,11.0,10.0,1.0,0.4330127018922193,5.0,5.0,5.0,0.0,0.0,7.766385250000001,8.336839,7.576234,0.7606049999999991,0.3293516261227311,10.0,10.0,10.0,0.0,0.0,0,1,0,0,1,0,0,1
PdAu3,211,AB,O,0.27573,"SUNCAT alloys, DACAPO/RPBE",1,2,2.3499999999999996,2.4,2.2,0.19999999999999973,0.08660254037844375,136.25,140.0,135.0,5.0,2.165063509461097,10.75,11.0,10.0,1.0,0.4330127018922193,5.75,6.0,5.0,1.0,0.4330127018922193,9.00337525,9.225554,8.336839,0.8887150000000013,0.3848248833621442,10.0,10.0,10.0,0.0,0.0,0,1,0,1,0,0,0,1
PdAu3,211,BB,O,0.1255,"SUNCAT alloys, DACAPO/RPBE",1,2,2.3499999999999996,2.4,2.2,0.19999999999999973,0.08660254037844375,136.25,140.0,135.0,5.0,2.165063509461097,10.75,11.0,10.0,1.0,0.4330127018922193,5.75,6.0,5.0,1.0,0.4330127018922193,9.00337525,9.225554,8.336839,0.8887150000000013,0.3848248833621442,10.0,10.0,10.0,0.0,0.0,0,1,0,0,1,0,0,1
PdCd3,211,AB,O,1.58958,"SUNCAT alloys, DACAPO/RPBE",1,2,1.8175000000000001,2.2,1.69,0.5100000000000002,0.22083647796503195,151.25,155.0,140.0,15.0,6.49519052838329,11.5,12.0,10.0,2.0,0.8660254037844386,5.0,5.0,5.0,0.0,0.0,8.829574749999999,8.99382,8.336839,0.656981,0.28448111790185215,10.0,10.0,10.0,0.0,0.0,0,1,0,1,0,0,0,1
PdCd3,211,BB,O,1.7971,"SUNCAT alloys, DACAPO/RPBE",1,2,1.8175000000000001,2.2,1.69,0.5100000000000002,0.22083647796503195,151.25,155.0,140.0,15.0,6.49519052838329,11.5,12.0,10.0,2.0,0.8660254037844386,5.0,5.0,5.0,0.0,0.0,8.829574749999999,8.99382,8.336839,0.656981,0.28448111790185215,10.0,10.0,10.0,0.0,0.0,0,1,0,0,1,0,0,1
PdCo3,211,AB,O,2.51548,"SUNCAT alloys, DACAPO/RPBE",1,2,1.96,2.2,1.88,0.3200000000000003,0.13856406460551032,136.25,140.0,135.0,5.0,2.165063509461097,9.25,10.0,9.0,1.0,0.4330127018922193,4.25,5.0,4.0,1.0,0.4330127018922193,7.99496725,8.336839,7.88101,0.4558289999999996,0.19737974689082827,7.75,10.0,7.0,3.0,1.299038105676658,0,1,0,1,0,0,0,1
PdCo3,211,BB,O,3.03032,"SUNCAT alloys, DACAPO/RPBE",1,2,1.96,2.2,1.88,0.3200000000000003,0.13856406460551032,136.25,140.0,135.0,5.0,2.165063509461097,9.25,10.0,9.0,1.0,0.4330127018922193,4.25,5.0,4.0,1.0,0.4330127018922193,7.99496725,8.336839,7.88101,0.4558289999999996,0.19737974689082827,7.75,10.0,7.0,3.0,1.299038105676658,0,1,0,0,1,0,0,1
PdCu3,211,AB,O,1.46475,"SUNCAT alloys, DACAPO/RPBE",1,2,1.9749999999999999,2.2,1.9,0.30000000000000027,0.1299038105676659,136.25,140.0,135.0,5.0,2.165063509461097,10.75,11.0,10.0,1.0,0.4330127018922193,4.25,5.0,4.0,1.0,0.4330127018922193,7.87899475,8.336839,7.72638,0.6104589999999996,0.2643365009844222,10.0,10.0,10.0,0.0,0.0,0,1,0,1,0,0,0,1
PdCu3,211,BB,O,1.55363,"SUNCAT alloys, DACAPO/RPBE",1,2,1.9749999999999999,2.2,1.9,0.30000000000000027,0.1299038105676659,136.25,140.0,135.0,5.0,2.165063509461097,10.75,11.0,10.0,1.0,0.4330127018922193,4.25,5.0,4.0,1.0,0.4330127018922193,7.87899475,8.336839,7.72638,0.6104589999999996,0.2643365009844222,10.0,10.0,10.0,0.0,0.0,0,1,0,0,1,0,0,1
PdFe3,211,AB,O,3.23826,"SUNCAT alloys, DACAPO/RPBE",1,2,1.9225,2.2,1.83,0.3700000000000001,0.1602146997001212,140.0,140.0,140.0,0.0,0.0,8.5,10.0,8.0,2.0,0.8660254037844386,4.25,5.0,4.0,1.0,0.4330127018922193,8.011060825,8.336839,7.9024681,0.43437089999999934,0.18808811703235473,7.0,10.0,6.0,4.0,1.7320508075688772,0,1,0,1,0,0,0,1
PdFe3,211,BB,O,3.54499,"SUNCAT alloys, DACAPO/RPBE",1,2,1.9225,2.2,1.83,0.3700000000000001,0.1602146997001212,140.0,140.0,140.0,0.0,0.0,8.5,10.0,8.0,2.0,0.8660254037844386,4.25,5.0,4.0,1.0,0.4330127018922193,8.011060825,8.336839,7.9024681,0.43437089999999934,0.18808811703235473,7.0,10.0,6.0,4.0,1.7320508075688772,0,1,0,0,1,0,0,1
PdGa3,211,AB,O,2.44378,"SUNCAT alloys, DACAPO/RPBE",1,2,1.9075,2.2,1.81,0.3900000000000001,0.1688749537379656,132.5,140.0,130.0,10.0,4.330127018922194,12.25,13.0,10.0,3.0,1.299038105676658,4.25,5.0,4.0,1.0,0.4330127018922193,6.5836862499999995,8.336839,5.999302,2.3375369999999993,1.0121832121430323,10.0,10.0,10.0,0.0,0.0,0,1,0,1,0,0,0,1
PdGa3,211,BB,O,2.34603,"SUNCAT alloys, DACAPO/RPBE",1,2,1.9075,2.2,1.81,0.3900000000000001,0.1688749537379656,132.5,140.0,130.0,10.0,4.330127018922194,12.25,13.0,10.0,3.0,1.299038105676658,4.25,5.0,4.0,1.0,0.4330127018922193,6.5836862499999995,8.336839,5.999302,2.3375369999999993,1.0121832121430323,10.0,10.0,10.0,0.0,0.0,0,1,0,0,1,0,0,1
PdIn3,211,AB,O,2.04141,"SUNCAT alloys, DACAPO/RPBE",1,2,1.885,2.2,1.78,0.42000000000000015,0.1818653347947322,151.25,155.0,140.0,15.0,6.49519052838329,12.25,13.0,10.0,3.0,1.299038105676658,5.0,5.0,5.0,0.0,0.0,6.4239766,8.336839,5.7863558,2.5504831999999995,1.1043916215627134,10.0,10.0,10.0,0.0,0.0,0,1,0,1,0,0,0,1
PdIn3,211,BB,O,2.06782,"SUNCAT alloys, DACAPO/RPBE",1,2,1.885,2.2,1.78,0.42000000000000015,0.1818653347947322,151.25,155.0,140.0,15.0,6.49519052838329,12.25,13.0,10.0,3.0,1.299038105676658,5.0,5.0,5.0,0.0,0.0,6.4239766,8.336839,5.7863558,2.5504831999999995,1.1043916215627134,10.0,10.0,10.0,0.0,0.0,0,1,0,0,1,0,0,1
PdNi3,211,AB,O,2.44495,"SUNCAT alloys, DACAPO/RPBE",1,2,1.9825,2.2,1.91,0.29000000000000026,0.1255736835487437,136.25,140.0,135.0,5.0,2.165063509461097,10.0,10.0,10.0,0.0,0.0,4.25,5.0,4.0,1.0,0.4330127018922193,7.81411825,8.336839,7.639878,0.696960999999999,0.30179296572350267,8.5,10.0,8.0,2.0,0.8660254037844386,0,1,0,1,0,0,0,1
PdNi3,211,BB,O,2.67358,"SUNCAT alloys, DACAPO/RPBE",1,2,1.9825,2.2,1.91,0.29000000000000026,0.1255736835487437,136.25,140.0,135.0,5.0,2.165063509461097,10.0,10.0,10.0,0.0,0.0,4.25,5.0,4.0,1.0,0.4330127018922193,7.81411825,8.336839,7.639878,0.696960999999999,0.30179296572350267,8.5,10.0,8.0,2.0,0.8660254037844386,0,1,0,0,1,0,0,1
PdPb3,211,AB,O,1.79159,"SUNCAT alloys, DACAPO/RPBE",1,2,1.9000000000000001,2.2,1.8,0.40000000000000013,0.17320508075688779,170.0,180.0,140.0,40.0,17.320508075688775,13.0,14.0,10.0,4.0,1.7320508075688772,5.75,6.0,5.0,1.0,0.4330127018922193,7.646719675,8.336839,7.4166799,0.9201590999999993,0.3984405780617125,10.0,10.0,10.0,0.0,0.0,0,1,0,1,0,0,0,1
PdPb3,211,BB,O,1.51887,"SUNCAT alloys, DACAPO/RPBE",1,2,1.9000000000000001,2.2,1.8,0.40000000000000013,0.17320508075688779,170.0,180.0,140.0,40.0,17.320508075688775,13.0,14.0,10.0,4.0,1.7320508075688772,5.75,6.0,5.0,1.0,0.4330127018922193,7.646719675,8.336839,7.4166799,0.9201590999999993,0.3984405780617125,10.0,10.0,10.0,0.0,0.0,0,1,0,0,1,0,0,1
PdPd3,211,AB,O,1.17746,"SUNCAT alloys, DACAPO/RPBE",1,1,2.2,2.2,2.2,0.0,0.0,140.0,140.0,140.0,0.0,0.0,10.0,10.0,10.0,0.0,0.0,5.0,5.0,5.0,0.0,0.0,8.336839,8.336839,8.336839,0.0,0.0,10.0,10.0,10.0,0.0,0.0,0,1,0,1,0,0,0,1
PdPt3,211,AB,O,1.17883,"SUNCAT alloys, DACAPO/RPBE",1,2,2.2,2.2,2.2,0.0,0.0,136.25,140.0,135.0,5.0,2.165063509461097,10.0,10.0,10.0,0.0,0.0,5.75,6.0,5.0,1.0,0.4330127018922193,8.80333225,8.95883,8.336839,0.6219910000000013,0.26933000346264396,9.25,10.0,9.0,1.0,0.4330127018922193,0,1,0,1,0,0,0,1
PdPt3,211,BB,O,1.48587,"SUNCAT alloys, DACAPO/RPBE",1,2,2.2,2.2,2.2,0.0,0.0,136.25,140.0,135.0,5.0,2.165063509461097,10.0,10.0,10.0,0.0,0.0,5.75,6.0,5.0,1.0,0.4330127018922193,8.80333225,8.95883,8.336839,0.6219910000000013,0.26933000346264396,9.25,10.0,9.0,1.0,0.4330127018922193,0,1,0,0,1,0,0,1
PdRh3,211,AB,O,2.4592,"SUNCAT alloys, DACAPO/RPBE",1,2,2.26,2.28,2.2,0.07999999999999963,0.034641016151377386,136.25,140.0,135.0,5.0,2.165063509461097,9.25,10.0,9.0,1.0,0.4330127018922193,5.0,5.0,5.0,0.0,0.0,7.678384749999999,8.336839,7.4589,0.8779389999999996,0.38015873848655296,8.5,10.0,8.0,2.0,0.8660254037844386,0,1,0,1,0,0,0,1
PdRh3,211,BB,O,2.71743,"SUNCAT alloys, DACAPO/RPBE",1,2,2.26,2.28,2.2,0.07999999999999963,0.034641016151377386,136.25,140.0,135.0,5.0,2.165063509461097,9.25,10.0,9.0,1.0,0.4330127018922193,5.0,5.0,5.0,0.0,0.0,7.678384749999999,8.336839,7.4589,0.8779389999999996,0.38015873848655296,8.5,10.0,8.0,2.0,0.8660254037844386,0,1,0,0,1,0,0,1
PdSn3,211,AB,O,2.78016,"SUNCAT alloys, DACAPO/RPBE",1,2,2.02,2.2,1.96,0.2400000000000002,0.10392304845413274,143.75,145.0,140.0,5.0,2.165063509461097,13.0,14.0,10.0,4.0,1.7320508075688772,5.0,5.0,5.0,0.0,0.0,7.592148249999999,8.336839,7.343918,0.992920999999999,0.4299474049755239,10.0,10.0,10.0,0.0,0.0,0,1,0,1,0,0,0,1
PdSn3,211,BB,O,2.17355,"SUNCAT alloys, DACAPO/RPBE",1,2,2.02,2.2,1.96,0.2400000000000002,0.10392304845413274,143.75,145.0,140.0,5.0,2.165063509461097,13.0,14.0,10.0,4.0,1.7320508075688772,5.0,5.0,5.0,0.0,0.0,7.592148249999999,8.336839,7.343918,0.992920999999999,0.4299474049755239,10.0,10.0,10.0,0.0,0.0,0,1,0,0,1,0,0,1
PdZn3,211,AB,O,2.22588,"SUNCAT alloys, DACAPO/RPBE",1,2,1.7874999999999999,2.2,1.65,0.5500000000000003,0.23815698604072075,136.25,140.0,135.0,5.0,2.165063509461097,11.5,12.0,10.0,2.0,0.8660254037844386,4.25,5.0,4.0,1.0,0.4330127018922193,9.1298575,9.394197,8.336839,1.0573580000000007,0.45784944444735354,10.0,10.0,10.0,0.0,0.0,0,1,0,1,0,0,0,1
PdZn3,211,BB,O,2.62095,"SUNCAT alloys, DACAPO/RPBE",1,2,1.7874999999999999,2.2,1.65,0.5500000000000003,0.23815698604072075,136.25,140.0,135.0,5.0,2.165063509461097,11.5,12.0,10.0,2.0,0.8660254037844386,4.25,5.0,4.0,1.0,0.4330127018922193,9.1298575,9.394197,8.336839,1.0573580000000007,0.45784944444735354,10.0,10.0,10.0,0.0,0.0,0,1,0,0,1,0,0,1
Pt,111,none,CO,1.24,"DACAPO, RPBE @ CAMD/SUNCAT",1,1,2.2,2.2,2.2,0.0,0.0,135.0,135.0,135.0,0.0,0.0,10.0,10.0,10.0,0.0,0.0,6.0,6.0,6.0,0.0,0.0,8.95883,8.95883,8.95883,0.0,0.0,9.0,9.0,9.0,0.0,0.0,1,0,0,0,0,1,1,0
Pt,211,none,CO,1.827,"DACAPO, RPBE @ CAMD/SUNCAT",1,1,2.2,2.2,2.2,0.0,0.0,135.0,135.0,135.0,0.0,0.0,10.0,10.0,10.0,0.0,0.0,6.0,6.0,6.0,0.0,0.0,8.95883,8.95883,8.95883,0.0,0.0,9.0,9.0,9.0,0.0,0.0,0,1,0,0,0,1,1,0
Pt3Ag,111,none,CO,1.536524751,"SUNCAT alloys, DACAPO/RPBE",1,2,2.1325000000000003,2.2,1.93,0.27000000000000024,0.11691342951089932,141.25,160.0,135.0,25.0,10.825317547305483,10.25,11.0,10.0,1.0,0.4330127018922193,5.75,6.0,5.0,1.0,0.4330127018922193,8.613181,8.95883,7.576234,1.3825960000000004,0.5986816295853751,9.25,10.0,9.0,1.0,0.4330127018922193,1,0,0,0,0,1,1,0
Pt3Al,111,none,CO,1.676524751,"SUNCAT alloys, DACAPO/RPBE",1,2,2.0525,2.2,1.61,0.5900000000000001,0.2554774941164094,132.5,135.0,125.0,10.0,4.330127018922194,10.75,13.0,10.0,3.0,1.299038105676658,5.25,6.0,3.0,3.0,1.299038105676658,8.21556475,8.95883,5.985769,2.9730610000000004,1.2873731765003837,6.75,9.0,0.0,9.0,3.897114317029974,1,0,0,0,0,1,1,0
Pt3Au,111,none,CO,1.526524751,"SUNCAT alloys, DACAPO/RPBE",1,2,2.25,2.4,2.2,0.19999999999999973,0.08660254037844375,135.0,135.0,135.0,0.0,0.0,10.25,11.0,10.0,1.0,0.4330127018922193,6.0,6.0,6.0,0.0,0.0,9.025511000000002,9.225554,8.95883,0.26672399999999996,0.11549487989950029,9.25,10.0,9.0,1.0,0.4330127018922193,1,0,0,0,0,1,1,0
Pt3Bi,111,none,CO,1.316524751,"SUNCAT alloys, DACAPO/RPBE",1,2,2.125,2.2,1.9,0.30000000000000027,0.1299038105676659,141.25,160.0,135.0,25.0,10.825317547305483,11.25,15.0,10.0,5.0,2.165063509461097,6.0,6.0,6.0,0.0,0.0,8.540501500000001,8.95883,7.285516,1.6733140000000004,0.7245662162540772,9.25,10.0,9.0,1.0,0.4330127018922193,1,0,0,0,0,1,1,0
Pt3Cd,111,none,CO,1.656524751,"SUNCAT alloys, DACAPO/RPBE",1,2,2.0725000000000002,2.2,1.69,0.5100000000000002,0.22083647796503195,140.0,155.0,135.0,20.0,8.660254037844387,10.5,12.0,10.0,2.0,0.8660254037844386,5.75,6.0,5.0,1.0,0.4330127018922193,8.9675775,8.99382,8.95883,0.034989999999998744,0.015151114439208212,9.25,10.0,9.0,1.0,0.4330127018922193,1,0,0,0,0,1,1,0
Pt3Co,111,none,CO,1.286524751,"SUNCAT alloys, DACAPO/RPBE",1,2,2.12,2.2,1.88,0.3200000000000003,0.13856406460551032,135.0,135.0,135.0,0.0,0.0,9.75,10.0,9.0,1.0,0.4330127018922193,5.5,6.0,4.0,2.0,0.8660254037844386,8.689375000000002,8.95883,7.88101,1.0778200000000009,0.46670975035347223,8.5,9.0,7.0,2.0,0.8660254037844386,1,0,0,0,0,1,1,0
Pt3Cr,111,none,CO,0.926524751002,"SUNCAT alloys, DACAPO/RPBE",1,2,2.065,2.2,1.66,0.5400000000000003,0.23382685902179856,136.25,140.0,135.0,5.0,2.165063509461097,9.0,10.0,6.0,4.0,1.7320508075688772,5.5,6.0,4.0,2.0,0.8660254037844386,8.41075,8.95883,6.76651,2.1923200000000005,0.9493024066123504,8.0,9.0,5.0,4.0,1.7320508075688772,1,0,0,0,0,1,1,0
Pt3Cu,111,none,CO,1.446524751,"SUNCAT alloys, DACAPO/RPBE",1,2,2.125,2.2,1.9,0.30000000000000027,0.1299038105676659,135.0,135.0,135.0,0.0,0.0,10.25,11.0,10.0,1.0,0.4330127018922193,5.5,6.0,4.0,2.0,0.8660254037844386,8.6507175,8.95883,7.72638,1.232450000000001,0.5336665044470661,9.25,10.0,9.0,1.0,0.4330127018922193,1,0,0,0,0,1,1,0
Pt3Ga,111,none,CO,1.706524751,"SUNCAT alloys, DACAPO/RPBE",1,2,2.1025,2.2,1.81,0.3900000000000001,0.16887495373796557,133.75,135.0,130.0,5.0,2.165063509461097,10.75,13.0,10.0,3.0,1.299038105676658,5.5,6.0,4.0,2.0,0.8660254037844386,8.218948000000001,8.95883,5.999302,2.9595280000000006,1.2815132156056763,9.25,10.0,9.0,1.0,0.4330127018922193,1,0,0,0,0,1,1,0
Pt3Hf,111,none,CO,1.186524751,"SUNCAT alloys, DACAPO/RPBE",1,2,1.975,2.2,1.3,0.9000000000000001,0.38971143170299744,140.0,155.0,135.0,20.0,8.660254037844387,8.5,10.0,4.0,6.0,2.598076211353316,6.0,6.0,6.0,0.0,0.0,8.42539,8.95883,6.82507,2.1337600000000005,0.9239451827895421,7.25,9.0,2.0,7.0,3.031088913245535,1,0,0,0,0,1,1,0
Pt3In,111,none,CO,1.666524751,"SUNCAT alloys, DACAPO/RPBE",1,2,2.095,2.2,1.78,0.42000000000000015,0.1818653347947322,140.0,155.0,135.0,20.0,8.660254037844387,10.75,13.0,10.0,3.0,1.299038105676658,5.75,6.0,5.0,1.0,0.4330127018922193,8.165711450000002,8.95883,5.7863558,3.172474200000001,1.3737216250253574,9.25,10.0,9.0,1.0,0.4330127018922193,1,0,0,0,0,1,1,0
Pt3La,111,none,CO,1.686524751,"SUNCAT alloys, DACAPO/RPBE",1,2,1.9250000000000003,2.2,1.1,1.1,0.47631397208144133,150.0,195.0,135.0,60.0,25.98076211353316,8.25,10.0,3.0,7.0,3.031088913245535,6.0,6.0,6.0,0.0,0.0,8.113347500000001,8.95883,5.5769,3.3819300000000005,1.4644186469103535,7.0,9.0,1.0,8.0,3.4641016151377544,1,0,0,0,0,1,1,0
Pt3Mo,111,none,CO,1.666524751,"SUNCAT alloys, DACAPO/RPBE",1,2,2.1900000000000004,2.2,2.16,0.040000000000000036,0.01732050807568879,137.5,145.0,135.0,10.0,4.330127018922194,9.0,10.0,6.0,4.0,1.7320508075688772,5.75,6.0,5.0,1.0,0.4330127018922193,8.492230000000001,8.95883,7.09243,1.8664000000000005,0.8081749068116384,8.0,9.0,5.0,4.0,1.7320508075688772,1,0,0,0,0,1,1,0
Pt3Nb,111,none,CO,1.326524751,"SUNCAT alloys, DACAPO/RPBE",1,2,2.0500000000000003,2.2,1.6,0.6000000000000001,0.2598076211353316,137.5,145.0,135.0,10.0,4.330127018922194,8.75,10.0,5.0,5.0,2.165063509461097,5.75,6.0,5.0,1.0,0.4330127018922193,8.408835000000002,8.95883,6.75885,2.199980000000001,0.9526192839088451,7.75,9.0,4.0,5.0,2.165063509461097,1,0,0,0,0,1,1,0
Pt3Ni,111,none,CO,1.386524751,"SUNCAT alloys, DACAPO/RPBE",1,2,2.1275,2.2,1.91,0.29000000000000026,0.1255736835487437,135.0,135.0,135.0,0.0,0.0,10.0,10.0,10.0,0.0,0.0,5.5,6.0,4.0,2.0,0.8660254037844386,8.629092000000002,8.95883,7.639878,1.3189520000000003,0.5711229691861466,8.75,9.0,8.0,1.0,0.4330127018922193,1,0,0,0,0,1,1,0
Pt3Pb,111,none,CO,1.376524751,"SUNCAT alloys, DACAPO/RPBE",1,2,2.1,2.2,1.8,0.40000000000000013,0.17320508075688779,146.25,180.0,135.0,45.0,19.48557158514987,11.0,14.0,10.0,4.0,1.7320508075688772,6.0,6.0,6.0,0.0,0.0,8.573292475,8.95883,7.4166799,1.5421501000000006,0.6677705815243565,9.25,10.0,9.0,1.0,0.4330127018922193,1,0,0,0,0,1,1,0
Pt3Sc,111,none,CO,1.686524751,"SUNCAT alloys, DACAPO/RPBE",1,2,1.9900000000000002,2.2,1.36,0.8400000000000001,0.36373066958946426,141.25,160.0,135.0,25.0,10.825317547305483,8.25,10.0,3.0,7.0,3.031088913245535,5.5,6.0,4.0,2.0,0.8660254037844386,8.359495,8.95883,6.56149,2.3973400000000007,1.0380786707542933,7.0,9.0,1.0,8.0,3.4641016151377544,1,0,0,0,0,1,1,0
Pt3Sn,111,none,CO,1.406524751,"SUNCAT alloys, DACAPO/RPBE",1,2,2.14,2.2,1.96,0.2400000000000002,0.10392304845413274,137.5,145.0,135.0,10.0,4.330127018922194,11.0,14.0,10.0,4.0,1.7320508075688772,5.75,6.0,5.0,1.0,0.4330127018922193,8.555102000000002,8.95883,7.343918,1.6149120000000003,0.6992774084381678,9.25,10.0,9.0,1.0,0.4330127018922193,1,0,0,0,0,1,1,0
Pt3Ta,111,none,CO,1.456524751,"SUNCAT alloys, DACAPO/RPBE",1,2,2.0250000000000004,2.2,1.5,0.7000000000000002,0.3031088913245536,137.5,145.0,135.0,10.0,4.330127018922194,8.75,10.0,5.0,5.0,2.165063509461097,6.0,6.0,6.0,0.0,0.0,8.606515250000001,8.95883,7.549571,1.4092590000000005,0.6102270472559274,7.5,9.0,3.0,6.0,2.598076211353316,1,0,0,0,0,1,1,0
Pt3V,111,none,CO,1.316524751,"SUNCAT alloys, DACAPO/RPBE",1,2,2.0575,2.2,1.63,0.5700000000000003,0.24681724007856512,135.0,135.0,135.0,0.0,0.0,8.75,10.0,5.0,5.0,2.165063509461097,5.5,6.0,4.0,2.0,0.8660254037844386,8.40566925,8.95883,6.746187,2.212643000000001,0.9581025237529062,7.5,9.0,3.0,6.0,2.598076211353316,1,0,0,0,0,1,1,0
Pt3W,111,none,CO,1.936524751,"SUNCAT alloys, DACAPO/RPBE",1,2,2.075,2.2,1.7,0.5000000000000002,0.21650635094610976,135.0,135.0,135.0,0.0,0.0,9.0,10.0,6.0,4.0,1.7320508075688772,6.0,6.0,6.0,0.0,0.0,8.685130000000001,8.95883,7.86403,1.094800000000001,0.4740623060316022,7.75,9.0,4.0,5.0,2.165063509461097,1,0,0,0,0,1,1,0
Pt3Y,111,none,CO,1.756524751,"SUNCAT alloys, DACAPO/RPBE",1,2,1.955,2.2,1.22,0.9800000000000002,0.42435244785437504,146.25,180.0,135.0,45.0,19.48557158514987,8.25,10.0,3.0,7.0,3.031088913245535,5.75,6.0,5.0,1.0,0.4330127018922193,8.2734375,8.95883,6.21726,2.741570000000001,1.1871346331266521,7.0,9.0,1.0,8.0,3.4641016151377544,1,0,0,0,0,1,1,0
Pt3Zn,111,none,CO,1.566524751,"SUNCAT alloys, DACAPO/RPBE",1,2,2.0625,2.2,1.65,0.5500000000000003,0.23815698604072075,135.0,135.0,135.0,0.0,0.0,10.5,12.0,10.0,2.0,0.8660254037844386,5.5,6.0,4.0,2.0,0.8660254037844386,9.06767175,9.394197,8.95883,0.4353669999999994,0.1885194409847096,9.25,10.0,9.0,1.0,0.4330127018922193,1,0,0,0,0,1,1,0
Pt3Zr,111,none,CO,1.206524751,"SUNCAT alloys, DACAPO/RPBE",1,2,1.9825000000000002,2.2,1.33,0.8700000000000001,0.37672105064623085,140.0,155.0,135.0,20.0,8.660254037844387,8.5,10.0,4.0,6.0,2.598076211353316,5.75,6.0,5.0,1.0,0.4330127018922193,8.377654000000001,8.95883,6.634126,2.3247040000000005,1.0066263601396501,7.25,9.0,2.0,7.0,3.031088913245535,1,0,0,0,0,1,1,0
PtAg3,211,AB,O,0.98715,"SUNCAT alloys, DACAPO/RPBE",1,2,1.9975,2.2,1.93,0.27000000000000024,0.11691342951089932,153.75,160.0,135.0,25.0,10.825317547305483,10.75,11.0,10.0,1.0,0.4330127018922193,5.25,6.0,5.0,1.0,0.4330127018922193,7.921883000000001,8.95883,7.576234,1.3825960000000004,0.5986816295853751,9.75,10.0,9.0,1.0,0.4330127018922193,0,1,0,1,0,0,0,1
PtAg3,211,BB,O,0.80752,"SUNCAT alloys, DACAPO/RPBE",1,2,1.9975,2.2,1.93,0.27000000000000024,0.11691342951089932,153.75,160.0,135.0,25.0,10.825317547305483,10.75,11.0,10.0,1.0,0.4330127018922193,5.25,6.0,5.0,1.0,0.4330127018922193,7.921883000000001,8.95883,7.576234,1.3825960000000004,0.5986816295853751,9.75,10.0,9.0,1.0,0.4330127018922193,0,1,0,0,1,0,0,1
PtAu3,211,AB,O,0.82022,"SUNCAT alloys, DACAPO/RPBE",1,2,2.3499999999999996,2.4,2.2,0.19999999999999973,0.08660254037844375,135.0,135.0,135.0,0.0,0.0,10.75,11.0,10.0,1.0,0.4330127018922193,6.0,6.0,6.0,0.0,0.0,9.158873,9.225554,8.95883,0.26672399999999996,0.11549487989950029,9.75,10.0,9.0,1.0,0.4330127018922193,0,1,0,1,0,0,0,1
PtAu3,211,BB,O,0.29885,"SUNCAT alloys, DACAPO/RPBE",1,2,2.3499999999999996,2.4,2.2,0.19999999999999973,0.08660254037844375,135.0,135.0,135.0,0.0,0.0,10.75,11.0,10.0,1.0,0.4330127018922193,6.0,6.0,6.0,0.0,0.0,9.158873,9.225554,8.95883,0.26672399999999996,0.11549487989950029,9.75,10.0,9.0,1.0,0.4330127018922193,0,1,0,0,1,0,0,1
PtCd3,211,AB,O,1.45054,"SUNCAT alloys, DACAPO/RPBE",1,2,1.8175000000000001,2.2,1.69,0.5100000000000002,0.22083647796503195,150.0,155.0,135.0,20.0,8.660254037844387,11.5,12.0,10.0,2.0,0.8660254037844386,5.25,6.0,5.0,1.0,0.4330127018922193,8.9850725,8.99382,8.95883,0.034989999999998744,0.015151114439208212,9.75,10.0,9.0,1.0,0.4330127018922193,0,1,0,1,0,0,0,1
PtCd3,211,BB,O,1.93338,"SUNCAT alloys, DACAPO/RPBE",1,2,1.8175000000000001,2.2,1.69,0.5100000000000002,0.22083647796503195,150.0,155.0,135.0,20.0,8.660254037844387,11.5,12.0,10.0,2.0,0.8660254037844386,5.25,6.0,5.0,1.0,0.4330127018922193,8.9850725,8.99382,8.95883,0.034989999999998744,0.015151114439208212,9.75,10.0,9.0,1.0,0.4330127018922193,0,1,0,0,1,0,0,1
PtCo3,211,AB,O,2.03877,"SUNCAT alloys, DACAPO/RPBE",1,2,1.96,2.2,1.88,0.3200000000000003,0.13856406460551032,135.0,135.0,135.0,0.0,0.0,9.25,10.0,9.0,1.0,0.4330127018922193,4.5,6.0,4.0,2.0,0.8660254037844386,8.150465,8.95883,7.88101,1.0778200000000009,0.4667097503534722,7.5,9.0,7.0,2.0,0.8660254037844386,0,1,0,1,0,0,0,1
PtCo3,211,BB,O,2.79786,"SUNCAT alloys, DACAPO/RPBE",1,2,1.96,2.2,1.88,0.3200000000000003,0.13856406460551032,135.0,135.0,135.0,0.0,0.0,9.25,10.0,9.0,1.0,0.4330127018922193,4.5,6.0,4.0,2.0,0.8660254037844386,8.150465,8.95883,7.88101,1.0778200000000009,0.4667097503534722,7.5,9.0,7.0,2.0,0.8660254037844386,0,1,0,0,1,0,0,1
PtCu3,211,AB,O,1.40894,"SUNCAT alloys, DACAPO/RPBE",1,2,1.9749999999999999,2.2,1.9,0.30000000000000027,0.1299038105676659,135.0,135.0,135.0,0.0,0.0,10.75,11.0,10.0,1.0,0.4330127018922193,4.5,6.0,4.0,2.0,0.8660254037844386,8.0344925,8.95883,7.72638,1.232450000000001,0.5336665044470661,9.75,10.0,9.0,1.0,0.4330127018922193,0,1,0,1,0,0,0,1
PtCu3,211,BB,O,1.50204,"SUNCAT alloys, DACAPO/RPBE",1,2,1.9749999999999999,2.2,1.9,0.30000000000000027,0.1299038105676659,135.0,135.0,135.0,0.0,0.0,10.75,11.0,10.0,1.0,0.4330127018922193,4.5,6.0,4.0,2.0,0.8660254037844386,8.0344925,8.95883,7.72638,1.232450000000001,0.5336665044470661,9.75,10.0,9.0,1.0,0.4330127018922193,0,1,0,0,1,0,0,1
PtFe3,211,AB,O,3.05858,"SUNCAT alloys, DACAPO/RPBE",1,2,1.9225,2.2,1.83,0.3700000000000001,0.1602146997001212,138.75,140.0,135.0,5.0,2.165063509461097,8.5,10.0,8.0,2.0,0.8660254037844386,4.5,6.0,4.0,2.0,0.8660254037844386,8.166558575,8.95883,7.9024681,1.0563619000000006,0.4574181204949987,6.75,9.0,6.0,3.0,1.299038105676658,0,1,0,1,0,0,0,1
PtGa3,211,AB,O,2.59863,"SUNCAT alloys, DACAPO/RPBE",1,2,1.9075,2.2,1.81,0.3900000000000001,0.1688749537379656,131.25,135.0,130.0,5.0,2.165063509461097,12.25,13.0,10.0,3.0,1.299038105676658,4.5,6.0,4.0,2.0,0.8660254037844386,6.739184,8.95883,5.999302,2.9595280000000006,1.2815132156056763,9.75,10.0,9.0,1.0,0.4330127018922193,0,1,0,1,0,0,0,1
PtGa3,211,BB,O,2.54873,"SUNCAT alloys, DACAPO/RPBE",1,2,1.9075,2.2,1.81,0.3900000000000001,0.1688749537379656,131.25,135.0,130.0,5.0,2.165063509461097,12.25,13.0,10.0,3.0,1.299038105676658,4.5,6.0,4.0,2.0,0.8660254037844386,6.739184,8.95883,5.999302,2.9595280000000006,1.2815132156056763,9.75,10.0,9.0,1.0,0.4330127018922193,0,1,0,0,1,0,0,1
PtIn3,211,AB,O,2.2732,"SUNCAT alloys, DACAPO/RPBE",1,2,1.885,2.2,1.78,0.42000000000000015,0.1818653347947322,150.0,155.0,135.0,20.0,8.660254037844387,12.25,13.0,10.0,3.0,1.299038105676658,5.25,6.0,5.0,1.0,0.4330127018922193,6.57947435,8.95883,5.7863558,3.172474200000001,1.3737216250253574,9.75,10.0,9.0,1.0,0.4330127018922193,0,1,0,1,0,0,0,1
PtIn3,211,BB,O,2.53255,"SUNCAT alloys, DACAPO/RPBE",1,2,1.885,2.2,1.78,0.42000000000000015,0.1818653347947322,150.0,155.0,135.0,20.0,8.660254037844387,12.25,13.0,10.0,3.0,1.299038105676658,5.25,6.0,5.0,1.0,0.4330127018922193,6.57947435,8.95883,5.7863558,3.172474200000001,1.3737216250253574,9.75,10.0,9.0,1.0,0.4330127018922193,0,1,0,0,1,0,0,1
PtNi3,211,AB,O,2.21564,"SUNCAT alloys, DACAPO/RPBE",1,2,1.9825,2.2,1.91,0.29000000000000026,0.1255736835487437,135.0,135.0,135.0,0.0,0.0,10.0,10.0,10.0,0.0,0.0,4.5,6.0,4.0,2.0,0.8660254037844386,7.969616,8.95883,7.639878,1.3189520000000003,0.5711229691861466,8.25,9.0,8.0,1.0,0.4330127018922193,0,1,0,1,0,0,0,1
PtNi3,211,BB,O,2.40259,"SUNCAT alloys, DACAPO/RPBE",1,2,1.9825,2.2,1.91,0.29000000000000026,0.1255736835487437,135.0,135.0,135.0,0.0,0.0,10.0,10.0,10.0,0.0,0.0,4.5,6.0,4.0,2.0,0.8660254037844386,7.969616,8.95883,7.639878,1.3189520000000003,0.5711229691861466,8.25,9.0,8.0,1.0,0.4330127018922193,0,1,0,0,1,0,0,1
PtPd3,211,AB,O,1.36144,"SUNCAT alloys, DACAPO/RPBE",1,2,2.2,2.2,2.2,0.0,0.0,138.75,140.0,135.0,5.0,2.165063509461097,10.0,10.0,10.0,0.0,0.0,5.25,6.0,5.0,1.0,0.4330127018922193,8.49233675,8.95883,8.336839,0.6219910000000013,0.26933000346264396,9.75,10.0,9.0,1.0,0.4330127018922193,0,1,0,1,0,0,0,1
PtPd3,211,BB,O,1.23762,"SUNCAT alloys, DACAPO/RPBE",1,2,2.2,2.2,2.2,0.0,0.0,138.75,140.0,135.0,5.0,2.165063509461097,10.0,10.0,10.0,0.0,0.0,5.25,6.0,5.0,1.0,0.4330127018922193,8.49233675,8.95883,8.336839,0.6219910000000013,0.26933000346264396,9.75,10.0,9.0,1.0,0.4330127018922193,0,1,0,0,1,0,0,1
PtPt3,211,AB,O,1.41547,"SUNCAT alloys, DACAPO/RPBE",1,1,2.2,2.2,2.2,0.0,0.0,135.0,135.0,135.0,0.0,0.0,10.0,10.0,10.0,0.0,0.0,6.0,6.0,6.0,0.0,0.0,8.95883,8.95883,8.95883,0.0,0.0,9.0,9.0,9.0,0.0,0.0,0,1,0,1,0,0,0,1
PtRe3,211,AB,O,3.55234,"SUNCAT alloys, DACAPO/RPBE",1,2,1.9749999999999999,2.2,1.9,0.30000000000000027,0.1299038105676659,135.0,135.0,135.0,0.0,0.0,7.75,10.0,7.0,3.0,1.299038105676658,6.0,6.0,6.0,0.0,0.0,8.1148475,8.95883,7.83352,1.1253100000000007,0.48727352356633363,6.0,9.0,5.0,4.0,1.7320508075688772,0,1,0,1,0,0,0,1
PtRe3,211,BB,O,4.6756,"SUNCAT alloys, DACAPO/RPBE",1,2,1.9749999999999999,2.2,1.9,0.30000000000000027,0.1299038105676659,135.0,135.0,135.0,0.0,0.0,7.75,10.0,7.0,3.0,1.299038105676658,6.0,6.0,6.0,0.0,0.0,8.1148475,8.95883,7.83352,1.1253100000000007,0.48727352356633363,6.0,9.0,5.0,4.0,1.7320508075688772,0,1,0,0,1,0,0,1
PtRh3,211,AB,O,2.31206,"SUNCAT alloys, DACAPO/RPBE",1,2,2.26,2.28,2.2,0.07999999999999963,0.034641016151377386,135.0,135.0,135.0,0.0,0.0,9.25,10.0,9.0,1.0,0.4330127018922193,5.25,6.0,5.0,1.0,0.4330127018922193,7.8338825,8.95883,7.4589,1.4999300000000009,0.6494887419491969,8.25,9.0,8.0,1.0,0.4330127018922193,0,1,0,1,0,0,0,1
PtRh3,211,BB,O,2.59411,"SUNCAT alloys, DACAPO/RPBE",1,2,2.26,2.28,2.2,0.07999999999999963,0.034641016151377386,135.0,135.0,135.0,0.0,0.0,9.25,10.0,9.0,1.0,0.4330127018922193,5.25,6.0,5.0,1.0,0.4330127018922193,7.8338825,8.95883,7.4589,1.4999300000000009,0.6494887419491969,8.25,9.0,8.0,1.0,0.4330127018922193,0,1,0,0,1,0,0,1
PtRu3,211,AB,O,2.5295,"SUNCAT alloys, DACAPO/RPBE",1,2,2.2,2.2,2.2,0.0,0.0,131.25,135.0,130.0,5.0,2.165063509461097,8.5,10.0,8.0,2.0,0.8660254037844386,5.25,6.0,5.0,1.0,0.4330127018922193,7.760082499999999,8.95883,7.3605,1.5983300000000007,0.6920971918153912,7.5,9.0,7.0,2.0,0.8660254037844386,0,1,0,1,0,0,0,1
PtRu3,211,BB,O,2.96159,"SUNCAT alloys, DACAPO/RPBE",1,2,2.2,2.2,2.2,0.0,0.0,131.25,135.0,130.0,5.0,2.165063509461097,8.5,10.0,8.0,2.0,0.8660254037844386,5.25,6.0,5.0,1.0,0.4330127018922193,7.760082499999999,8.95883,7.3605,1.5983300000000007,0.6920971918153912,7.5,9.0,7.0,2.0,0.8660254037844386,0,1,0,0,1,0,0,1
PtSn3,211,AB,O,3.10654,"SUNCAT alloys, DACAPO/RPBE",1,2,2.02,2.2,1.96,0.2400000000000002,0.10392304845413274,142.5,145.0,135.0,10.0,4.330127018922194,13.0,14.0,10.0,4.0,1.7320508075688772,5.25,6.0,5.0,1.0,0.4330127018922193,7.747646,8.95883,7.343918,1.6149120000000003,0.6992774084381678,9.75,10.0,9.0,1.0,0.4330127018922193,0,1,0,1,0,0,0,1
PtSn3,211,BB,O,2.40803,"SUNCAT alloys, DACAPO/RPBE",1,2,2.02,2.2,1.96,0.2400000000000002,0.10392304845413274,142.5,145.0,135.0,10.0,4.330127018922194,13.0,14.0,10.0,4.0,1.7320508075688772,5.25,6.0,5.0,1.0,0.4330127018922193,7.747646,8.95883,7.343918,1.6149120000000003,0.6992774084381678,9.75,10.0,9.0,1.0,0.4330127018922193,0,1,0,0,1,0,0,1
PtZn3,211,AB,O,2.04445,"SUNCAT alloys, DACAPO/RPBE",1,2,1.7874999999999999,2.2,1.65,0.5500000000000003,0.23815698604072075,135.0,135.0,135.0,0.0,0.0,11.5,12.0,10.0,2.0,0.8660254037844386,4.5,6.0,4.0,2.0,0.8660254037844386,9.28535525,9.394197,8.95883,0.4353669999999994,0.1885194409847096,9.75,10.0,9.0,1.0,0.4330127018922193,0,1,0,1,0,0,0,1
PtZn3,211,BB,O,2.64974,"SUNCAT alloys, DACAPO/RPBE",1,2,1.7874999999999999,2.2,1.65,0.5500000000000003,0.23815698604072075,135.0,135.0,135.0,0.0,0.0,11.5,12.0,10.0,2.0,0.8660254037844386,4.5,6.0,4.0,2.0,0.8660254037844386,9.28535525,9.394197,8.95883,0.4353669999999994,0.1885194409847096,9.75,10.0,9.0,1.0,0.4330127018922193,0,1,0,0,1,0,0,1
Re,211,none,CO,2.187,"DACAPO, RPBE @ CAMD/SUNCAT",1,1,1.9,1.9,1.9,0.0,0.0,135.0,135.0,135.0,0.0,0.0,7.0,7.0,7.0,0.0,0.0,6.0,6.0,6.0,0.0,0.0,7.83352,7.83352,7.83352,0.0,0.0,5.0,5.0,5.0,0.0,0.0,0,1,0,0,0,1,1,0
Re3Ir,111,none,CO,1.726524751,"SUNCAT alloys, DACAPO/RPBE",1,2,1.9749999999999999,2.2,1.9,0.30000000000000027,0.1299038105676659,135.0,135.0,135.0,0.0,0.0,7.5,9.0,7.0,2.0,0.8660254037844386,6.0,6.0,6.0,0.0,0.0,8.116895,8.96702,7.83352,1.1334999999999997,0.49081989759483047,5.5,7.0,5.0,2.0,0.8660254037844386,1,0,0,0,0,1,1,0
Re3Pt,111,none,CO,1.676524751,"SUNCAT alloys, DACAPO/RPBE",1,2,1.9749999999999999,2.2,1.9,0.30000000000000027,0.1299038105676659,135.0,135.0,135.0,0.0,0.0,7.75,10.0,7.0,3.0,1.299038105676658,6.0,6.0,6.0,0.0,0.0,8.1148475,8.95883,7.83352,1.1253100000000007,0.48727352356633363,6.0,9.0,5.0,4.0,1.7320508075688772,1,0,0,0,0,1,1,0
Re3Rh,111,none,CO,1.786524751,"SUNCAT alloys, DACAPO/RPBE",1,2,1.9949999999999997,2.28,1.9,0.3799999999999999,0.1645448267190433,135.0,135.0,135.0,0.0,0.0,7.5,9.0,7.0,2.0,0.8660254037844386,5.75,6.0,5.0,1.0,0.4330127018922193,7.739865,7.83352,7.4589,0.3746200000000002,0.1622152183828633,5.75,8.0,5.0,3.0,1.299038105676658,1,0,0,0,0,1,1,0
ReIr3,211,AB,O,4.18125,"SUNCAT alloys, DACAPO/RPBE",1,2,2.125,2.2,1.9,0.30000000000000027,0.1299038105676659,135.0,135.0,135.0,0.0,0.0,8.5,9.0,7.0,2.0,0.8660254037844386,6.0,6.0,6.0,0.0,0.0,8.683645,8.96702,7.83352,1.1334999999999997,0.49081989759483047,6.5,7.0,5.0,2.0,0.8660254037844386,0,1,0,1,0,0,0,1
ReIr3,211,BB,O,2.81927,"SUNCAT alloys, DACAPO/RPBE",1,2,2.125,2.2,1.9,0.30000000000000027,0.1299038105676659,135.0,135.0,135.0,0.0,0.0,8.5,9.0,7.0,2.0,0.8660254037844386,6.0,6.0,6.0,0.0,0.0,8.683645,8.96702,7.83352,1.1334999999999997,0.49081989759483047,6.5,7.0,5.0,2.0,0.8660254037844386,0,1,0,0,1,0,0,1
ReRe3,211,AB,O,4.16287,"SUNCAT alloys, DACAPO/RPBE",1,1,1.9,1.9,1.9,0.0,0.0,135.0,135.0,135.0,0.0,0.0,7.0,7.0,7.0,0.0,0.0,6.0,6.0,6.0,0.0,0.0,7.83352,7.83352,7.83352,0.0,0.0,5.0,5.0,5.0,0.0,0.0,0,1,0,1,0,0,0,1
ReRh3,211,AB,O,4.46627,"SUNCAT alloys, DACAPO/RPBE",1,2,2.185,2.28,1.9,0.3799999999999999,0.1645448267190433,135.0,135.0,135.0,0.0,0.0,8.5,9.0,7.0,2.0,0.8660254037844386,5.25,6.0,5.0,1.0,0.4330127018922193,7.552555,7.83352,7.4589,0.3746200000000002,0.1622152183828633,7.25,8.0,5.0,3.0,1.299038105676658,0,1,0,1,0,0,0,1
ReRh3,211,BB,O,3.54815,"SUNCAT alloys, DACAPO/RPBE",1,2,2.185,2.28,1.9,0.3799999999999999,0.1645448267190433,135.0,135.0,135.0,0.0,0.0,8.5,9.0,7.0,2.0,0.8660254037844386,5.25,6.0,5.0,1.0,0.4330127018922193,7.552555,7.83352,7.4589,0.3746200000000002,0.1622152183828633,7.25,8.0,5.0,3.0,1.299038105676658,0,1,0,0,1,0,0,1
ReRu3,211,AB,O,4.1548,"SUNCAT alloys, DACAPO/RPBE",1,2,2.125,2.2,1.9,0.30000000000000027,0.1299038105676659,131.25,135.0,130.0,5.0,2.165063509461097,7.75,8.0,7.0,1.0,0.4330127018922193,5.25,6.0,5.0,1.0,0.4330127018922193,7.478755,7.83352,7.3605,0.47302,0.2048236682490576,6.5,7.0,5.0,2.0,0.8660254037844386,0,1,0,1,0,0,0,1
ReRu3,211,BB,O,3.25494,"SUNCAT alloys, DACAPO/RPBE",1,2,2.125,2.2,1.9,0.30000000000000027,0.1299038105676659,131.25,135.0,130.0,5.0,2.165063509461097,7.75,8.0,7.0,1.0,0.4330127018922193,5.25,6.0,5.0,1.0,0.4330127018922193,7.478755,7.83352,7.3605,0.47302,0.2048236682490576,6.5,7.0,5.0,2.0,0.8660254037844386,0,1,0,0,1,0,0,1
Rh,111,none,CO,1.6,"DACAPO, RPBE @ CAMD/SUNCAT",1,1,2.28,2.28,2.28,0.0,0.0,135.0,135.0,135.0,0.0,0.0,9.0,9.0,9.0,0.0,0.0,5.0,5.0,5.0,0.0,0.0,7.4589,7.4589,7.4589,0.0,0.0,8.0,8.0,8.0,0.0,0.0,1,0,0,0,0,1,1,0
Rh,211,none,CO,1.867,"DACAPO, RPBE @ CAMD/SUNCAT",1,1,2.28,2.28,2.28,0.0,0.0,135.0,135.0,135.0,0.0,0.0,9.0,9.0,9.0,0.0,0.0,5.0,5.0,5.0,0.0,0.0,7.4589,7.4589,7.4589,0.0,0.0,8.0,8.0,8.0,0.0,0.0,0,1,0,0,0,1,1,0
Rh3Al,111,none,CO,1.946524751,"SUNCAT alloys, DACAPO/RPBE",1,2,2.1125,2.28,1.61,0.6699999999999997,0.29011851026778684,132.5,135.0,125.0,10.0,4.330127018922194,10.0,13.0,9.0,4.0,1.7320508075688772,4.5,5.0,3.0,2.0,0.8660254037844386,7.09061725,7.4589,5.985769,1.4731309999999995,0.6378844345511867,6.0,8.0,0.0,8.0,3.4641016151377544,1,0,0,0,0,1,1,0
Rh3Fe,111,none,CO,1.896524751,"SUNCAT alloys, DACAPO/RPBE",1,2,2.1675,2.28,1.83,0.44999999999999973,0.19485571585149858,136.25,140.0,135.0,5.0,2.165063509461097,8.75,9.0,8.0,1.0,0.4330127018922193,4.75,5.0,4.0,1.0,0.4330127018922193,7.569792025,7.9024681,7.4589,0.44356810000000024,0.19207062145419823,7.5,8.0,6.0,2.0,0.8660254037844386,1,0,0,0,0,1,1,0
Rh3Ga,111,none,CO,1.986524751,"SUNCAT alloys, DACAPO/RPBE",1,2,2.1625,2.28,1.81,0.46999999999999975,0.20351596988934298,133.75,135.0,130.0,5.0,2.165063509461097,10.0,13.0,9.0,4.0,1.7320508075688772,4.75,5.0,4.0,1.0,0.4330127018922193,7.0940005,7.4589,5.999302,1.4595979999999997,0.6320244736564794,8.5,10.0,8.0,2.0,0.8660254037844386,1,0,0,0,0,1,1,0
Rh3Ge,111,none,CO,2.036524751,"SUNCAT alloys, DACAPO/RPBE",1,2,2.2125,2.28,2.01,0.27,0.11691342951089922,132.5,135.0,125.0,10.0,4.330127018922194,10.25,14.0,9.0,5.0,2.165063509461097,4.75,5.0,4.0,1.0,0.4330127018922193,7.56903375,7.899435,7.4589,0.44053500000000057,0.1907572506280891,8.5,10.0,8.0,2.0,0.8660254037844386,1,0,0,0,0,1,1,0
Rh3Hf,111,none,CO,2.236524751,"SUNCAT alloys, DACAPO/RPBE",1,2,2.035,2.28,1.3,0.9799999999999998,0.42435244785437487,140.0,155.0,135.0,20.0,8.660254037844387,7.75,9.0,4.0,5.0,2.165063509461097,5.25,6.0,5.0,1.0,0.4330127018922193,7.3004425,7.4589,6.82507,0.6338299999999997,0.27445644084034526,6.5,8.0,2.0,6.0,2.598076211353316,1,0,0,0,0,1,1,0
Rh3In,111,none,CO,2.026524751,"SUNCAT alloys, DACAPO/RPBE",1,2,2.155,2.28,1.78,0.4999999999999998,0.21650635094610957,140.0,155.0,135.0,20.0,8.660254037844387,10.0,13.0,9.0,4.0,1.7320508075688772,5.0,5.0,5.0,0.0,0.0,7.04076395,7.4589,5.7863558,1.6725442,0.7242328830761604,8.5,10.0,8.0,2.0,0.8660254037844386,1,0,0,0,0,1,1,0
Rh3La,111,none,CO,2.586524751,"SUNCAT alloys, DACAPO/RPBE",1,2,1.9849999999999999,2.28,1.1,1.1799999999999997,0.5109549882328187,150.0,195.0,135.0,60.0,25.98076211353316,7.5,9.0,3.0,6.0,2.598076211353316,5.25,6.0,5.0,1.0,0.4330127018922193,6.9884,7.4589,5.5769,1.8819999999999997,0.8149299049611566,6.25,8.0,1.0,7.0,3.031088913245535,1,0,0,0,0,1,1,0
Rh3Mo,111,none,CO,1.756524751,"SUNCAT alloys, DACAPO/RPBE",1,2,2.25,2.28,2.16,0.11999999999999966,0.05196152422706617,137.5,145.0,135.0,10.0,4.330127018922194,8.25,9.0,6.0,3.0,1.299038105676658,5.0,5.0,5.0,0.0,0.0,7.3672825,7.4589,7.09243,0.36646999999999963,0.15868616486244144,7.25,8.0,5.0,3.0,1.299038105676658,1,0,0,0,0,1,1,0
Rh3Nb,111,none,CO,2.066524751,"SUNCAT alloys, DACAPO/RPBE",1,2,2.11,2.28,1.6,0.6799999999999997,0.294448637286709,137.5,145.0,135.0,10.0,4.330127018922194,8.0,9.0,5.0,4.0,1.7320508075688772,5.0,5.0,5.0,0.0,0.0,7.2838875,7.4589,6.75885,0.7000500000000001,0.30313054195964817,7.0,8.0,4.0,4.0,1.7320508075688772,1,0,0,0,0,1,1,0
Rh3Re,111,none,CO,2.186524751,"SUNCAT alloys, DACAPO/RPBE",1,2,2.185,2.28,1.9,0.3799999999999999,0.1645448267190433,135.0,135.0,135.0,0.0,0.0,8.5,9.0,7.0,2.0,0.8660254037844386,5.25,6.0,5.0,1.0,0.4330127018922193,7.552555,7.83352,7.4589,0.3746200000000002,0.1622152183828633,7.25,8.0,5.0,3.0,1.299038105676658,1,0,0,0,0,1,1,0
Rh3Sb,111,none,CO,1.896524751,"SUNCAT alloys, DACAPO/RPBE",1,2,2.2225,2.28,2.05,0.22999999999999998,0.09959292143521042,137.5,145.0,135.0,10.0,4.330127018922194,10.5,15.0,9.0,6.0,2.598076211353316,5.0,5.0,5.0,0.0,0.0,7.7462722500000005,8.608389,7.4589,1.1494890000000009,0.4977433376853857,8.5,10.0,8.0,2.0,0.8660254037844386,1,0,0,0,0,1,1,0
Rh3Sc,111,none,CO,2.326524751,"SUNCAT alloys, DACAPO/RPBE",1,2,2.05,2.28,1.36,0.9199999999999997,0.39837168574084164,141.25,160.0,135.0,25.0,10.825317547305483,7.5,9.0,3.0,6.0,2.598076211353316,4.75,5.0,4.0,1.0,0.4330127018922193,7.2345475,7.4589,6.56149,0.8974099999999998,0.38858992880509646,6.25,8.0,1.0,7.0,3.031088913245535,1,0,0,0,0,1,1,0
Rh3Si,111,none,CO,2.076524751,"SUNCAT alloys, DACAPO/RPBE",1,2,2.185,2.28,1.9,0.3799999999999999,0.1645448267190433,128.75,135.0,110.0,25.0,10.825317547305483,10.25,14.0,9.0,5.0,2.165063509461097,4.5,5.0,3.0,2.0,0.8660254037844386,7.632095,8.15168,7.4589,0.6927800000000008,0.2999825396168921,6.0,8.0,0.0,8.0,3.4641016151377544,1,0,0,0,0,1,1,0
Rh3Sn,111,none,CO,1.966524751,"SUNCAT alloys, DACAPO/RPBE",1,2,2.2,2.28,1.96,0.31999999999999984,0.1385640646055101,137.5,145.0,135.0,10.0,4.330127018922194,10.25,14.0,9.0,5.0,2.165063509461097,5.0,5.0,5.0,0.0,0.0,7.4301545,7.4589,7.343918,0.11498199999999947,0.049788666488970935,8.5,10.0,8.0,2.0,0.8660254037844386,1,0,0,0,0,1,1,0
Rh3Ta,111,none,CO,2.246524751,"SUNCAT alloys, DACAPO/RPBE",1,2,2.085,2.28,1.5,0.7799999999999998,0.337749907475931,137.5,145.0,135.0,10.0,4.330127018922194,8.0,9.0,5.0,4.0,1.7320508075688772,5.25,6.0,5.0,1.0,0.4330127018922193,7.48156775,7.549571,7.4589,0.09067100000000039,0.03926169469326959,6.75,8.0,3.0,5.0,2.165063509461097,1,0,0,0,0,1,1,0
Rh3Ti,111,none,CO,2.086524751,"SUNCAT alloys, DACAPO/RPBE",1,2,2.0949999999999998,2.28,1.54,0.7399999999999998,0.3204293994002422,136.25,140.0,135.0,5.0,2.165063509461097,7.75,9.0,4.0,5.0,2.165063509461097,4.75,5.0,4.0,1.0,0.4330127018922193,7.3012049999999995,7.4589,6.82812,0.6307799999999997,0.27313575209957397,6.5,8.0,2.0,6.0,2.598076211353316,1,0,0,0,0,1,1,0
Rh3V,111,none,CO,1.906524751,"SUNCAT alloys, DACAPO/RPBE",1,2,2.1174999999999997,2.28,1.63,0.6499999999999999,0.2814582562299425,135.0,135.0,135.0,0.0,0.0,8.0,9.0,5.0,4.0,1.7320508075688772,4.75,5.0,4.0,1.0,0.4330127018922193,7.28072175,7.4589,6.746187,0.7127129999999999,0.3086137818037093,6.75,8.0,3.0,5.0,2.165063509461097,1,0,0,0,0,1,1,0
Rh3Y,111,none,CO,2.546524751,"SUNCAT alloys, DACAPO/RPBE",1,2,2.015,2.28,1.22,1.0599999999999998,0.4589934640057524,146.25,180.0,135.0,45.0,19.48557158514987,7.5,9.0,3.0,6.0,2.598076211353316,5.0,5.0,5.0,0.0,0.0,7.14849,7.4589,6.21726,1.2416400000000003,0.5376458911774553,6.25,8.0,1.0,7.0,3.031088913245535,1,0,0,0,0,1,1,0
Rh3Zn,111,none,CO,2.036524751,"SUNCAT alloys, DACAPO/RPBE",1,2,2.1225,2.28,1.65,0.6299999999999999,0.27279800219209815,135.0,135.0,135.0,0.0,0.0,9.75,12.0,9.0,3.0,1.299038105676658,4.75,5.0,4.0,1.0,0.4330127018922193,7.9427242499999995,9.394197,7.4589,1.9352970000000003,0.8380081829339066,8.5,10.0,8.0,2.0,0.8660254037844386,1,0,0,0,0,1,1,0
Rh3Zr,111,none,CO,2.236524751,"SUNCAT alloys, DACAPO/RPBE",1,2,2.0425,2.28,1.33,0.9499999999999997,0.4113620667976083,140.0,155.0,135.0,20.0,8.660254037844387,7.75,9.0,4.0,5.0,2.165063509461097,5.0,5.0,5.0,0.0,0.0,7.2527065,7.4589,6.634126,0.8247739999999997,0.35713761819045314,6.5,8.0,2.0,6.0,2.598076211353316,1,0,0,0,0,1,1,0
RhAg3,211,AB,O,2.00319,"SUNCAT alloys, DACAPO/RPBE",1,2,2.0175,2.28,1.93,0.34999999999999987,0.15155444566227672,153.75,160.0,135.0,25.0,10.825317547305483,10.5,11.0,9.0,2.0,0.8660254037844386,5.0,5.0,5.0,0.0,0.0,7.5469005000000005,7.576234,7.4589,0.1173340000000005,0.05080711236382188,9.5,10.0,8.0,2.0,0.8660254037844386,0,1,0,1,0,0,0,1
RhAg3,211,BB,O,1.68192,"SUNCAT alloys, DACAPO/RPBE",1,2,2.0175,2.28,1.93,0.34999999999999987,0.15155444566227672,153.75,160.0,135.0,25.0,10.825317547305483,10.5,11.0,9.0,2.0,0.8660254037844386,5.0,5.0,5.0,0.0,0.0,7.5469005000000005,7.576234,7.4589,0.1173340000000005,0.05080711236382188,9.5,10.0,8.0,2.0,0.8660254037844386,0,1,0,0,1,0,0,1
RhCd3,211,AB,O,1.78956,"SUNCAT alloys, DACAPO/RPBE",1,2,1.8375,2.28,1.69,0.5899999999999999,0.25547749411640935,150.0,155.0,135.0,20.0,8.660254037844387,11.25,12.0,9.0,3.0,1.299038105676658,5.0,5.0,5.0,0.0,0.0,8.61009,8.99382,7.4589,1.5349199999999996,0.6646398563884052,9.5,10.0,8.0,2.0,0.8660254037844386,0,1,0,1,0,0,0,1
RhCd3,211,BB,O,1.70121,"SUNCAT alloys, DACAPO/RPBE",1,2,1.8375,2.28,1.69,0.5899999999999999,0.25547749411640935,150.0,155.0,135.0,20.0,8.660254037844387,11.25,12.0,9.0,3.0,1.299038105676658,5.0,5.0,5.0,0.0,0.0,8.61009,8.99382,7.4589,1.5349199999999996,0.6646398563884052,9.5,10.0,8.0,2.0,0.8660254037844386,0,1,0,0,1,0,0,1
RhCo3,211,AB,O,2.59174,"SUNCAT alloys, DACAPO/RPBE",1,2,1.98,2.28,1.88,0.3999999999999999,0.1732050807568877,135.0,135.0,135.0,0.0,0.0,9.0,9.0,9.0,0.0,0.0,4.25,5.0,4.0,1.0,0.4330127018922193,7.7754825,7.88101,7.4589,0.42211,0.1827789915957247,7.25,8.0,7.0,1.0,0.4330127018922193,0,1,0,1,0,0,0,1
RhCo3,211,BB,O,2.82507,"SUNCAT alloys, DACAPO/RPBE",1,2,1.98,2.28,1.88,0.3999999999999999,0.1732050807568877,135.0,135.0,135.0,0.0,0.0,9.0,9.0,9.0,0.0,0.0,4.25,5.0,4.0,1.0,0.4330127018922193,7.7754825,7.88101,7.4589,0.42211,0.1827789915957247,7.25,8.0,7.0,1.0,0.4330127018922193,0,1,0,0,1,0,0,1
RhCu3,211,AB,O,2.18284,"SUNCAT alloys, DACAPO/RPBE",1,2,1.9949999999999997,2.28,1.9,0.3799999999999999,0.1645448267190433,135.0,135.0,135.0,0.0,0.0,10.5,11.0,9.0,2.0,0.8660254037844386,4.25,5.0,4.0,1.0,0.4330127018922193,7.65951,7.72638,7.4589,0.26747999999999994,0.1158222375021308,9.5,10.0,8.0,2.0,0.8660254037844386,0,1,0,1,0,0,0,1
RhCu3,211,BB,O,2.12946,"SUNCAT alloys, DACAPO/RPBE",1,2,1.9949999999999997,2.28,1.9,0.3799999999999999,0.1645448267190433,135.0,135.0,135.0,0.0,0.0,10.5,11.0,9.0,2.0,0.8660254037844386,4.25,5.0,4.0,1.0,0.4330127018922193,7.65951,7.72638,7.4589,0.26747999999999994,0.1158222375021308,9.5,10.0,8.0,2.0,0.8660254037844386,0,1,0,0,1,0,0,1
RhFe,211,AA,O,3.14048,"SUNCAT alloys, DACAPO/RPBE",1,2,2.0549999999999997,2.28,1.83,0.44999999999999973,0.22499999999999987,137.5,140.0,135.0,5.0,2.5,8.5,9.0,8.0,1.0,0.5,4.5,5.0,4.0,1.0,0.5,7.68068405,7.9024681,7.4589,0.44356810000000024,0.22178405000000012,7.0,8.0,6.0,2.0,1.0,0,1,1,0,0,0,0,1
RhFe3,211,AB,O,3.14639,"SUNCAT alloys, DACAPO/RPBE",1,2,1.9425,2.28,1.83,0.44999999999999973,0.19485571585149858,138.75,140.0,135.0,5.0,2.165063509461097,8.25,9.0,8.0,1.0,0.4330127018922193,4.25,5.0,4.0,1.0,0.4330127018922193,7.791576075,7.9024681,7.4589,0.44356810000000024,0.19207062145419823,6.5,8.0,6.0,2.0,0.8660254037844386,0,1,0,1,0,0,0,1
RhFe3,211,BB,O,3.2356,"SUNCAT alloys, DACAPO/RPBE",1,2,1.9425,2.28,1.83,0.44999999999999973,0.19485571585149858,138.75,140.0,135.0,5.0,2.165063509461097,8.25,9.0,8.0,1.0,0.4330127018922193,4.25,5.0,4.0,1.0,0.4330127018922193,7.791576075,7.9024681,7.4589,0.44356810000000024,0.19207062145419823,6.5,8.0,6.0,2.0,0.8660254037844386,0,1,0,0,1,0,0,1
RhGa3,211,AB,O,2.73403,"SUNCAT alloys, DACAPO/RPBE",1,2,1.9274999999999998,2.28,1.81,0.46999999999999975,0.20351596988934298,131.25,135.0,130.0,5.0,2.165063509461097,12.0,13.0,9.0,4.0,1.7320508075688772,4.25,5.0,4.0,1.0,0.4330127018922193,6.3642015,7.4589,5.999302,1.4595979999999997,0.6320244736564794,9.5,10.0,8.0,2.0,0.8660254037844386,0,1,0,1,0,0,0,1
RhGa3,211,BB,O,2.25956,"SUNCAT alloys, DACAPO/RPBE",1,2,1.9274999999999998,2.28,1.81,0.46999999999999975,0.20351596988934298,131.25,135.0,130.0,5.0,2.165063509461097,12.0,13.0,9.0,4.0,1.7320508075688772,4.25,5.0,4.0,1.0,0.4330127018922193,6.3642015,7.4589,5.999302,1.4595979999999997,0.6320244736564794,9.5,10.0,8.0,2.0,0.8660254037844386,0,1,0,0,1,0,0,1
RhIr3,211,AB,O,2.62347,"SUNCAT alloys, DACAPO/RPBE",1,2,2.22,2.28,2.2,0.07999999999999963,0.034641016151377386,135.0,135.0,135.0,0.0,0.0,9.0,9.0,9.0,0.0,0.0,5.75,6.0,5.0,1.0,0.4330127018922193,8.58999,8.96702,7.4589,1.50812,0.6530351159776937,7.25,8.0,7.0,1.0,0.4330127018922193,0,1,0,1,0,0,0,1
RhIr3,211,BB,O,2.92386,"SUNCAT alloys, DACAPO/RPBE",1,2,2.22,2.28,2.2,0.07999999999999963,0.034641016151377386,135.0,135.0,135.0,0.0,0.0,9.0,9.0,9.0,0.0,0.0,5.75,6.0,5.0,1.0,0.4330127018922193,8.58999,8.96702,7.4589,1.50812,0.6530351159776937,7.25,8.0,7.0,1.0,0.4330127018922193,0,1,0,0,1,0,0,1
RhNi3,211,AB,O,2.44322,"SUNCAT alloys, DACAPO/RPBE",1,2,2.0025,2.28,1.91,0.3699999999999999,0.1602146997001211,135.0,135.0,135.0,0.0,0.0,9.75,10.0,9.0,1.0,0.4330127018922193,4.25,5.0,4.0,1.0,0.4330127018922193,7.5946335000000005,7.639878,7.4589,0.18097800000000053,0.0783657727630503,8.0,8.0,8.0,0.0,0.0,0,1,0,1,0,0,0,1
RhNi3,211,BB,O,2.51798,"SUNCAT alloys, DACAPO/RPBE",1,2,2.0025,2.28,1.91,0.3699999999999999,0.1602146997001211,135.0,135.0,135.0,0.0,0.0,9.75,10.0,9.0,1.0,0.4330127018922193,4.25,5.0,4.0,1.0,0.4330127018922193,7.5946335000000005,7.639878,7.4589,0.18097800000000053,0.0783657727630503,8.0,8.0,8.0,0.0,0.0,0,1,0,0,1,0,0,1
RhPd3,211,AB,O,2.15499,"SUNCAT alloys, DACAPO/RPBE",1,2,2.22,2.28,2.2,0.07999999999999963,0.034641016151377386,138.75,140.0,135.0,5.0,2.165063509461097,9.75,10.0,9.0,1.0,0.4330127018922193,5.0,5.0,5.0,0.0,0.0,8.11735425,8.336839,7.4589,0.8779389999999996,0.38015873848655296,9.5,10.0,8.0,2.0,0.8660254037844386,0,1,0,1,0,0,0,1
RhPd3,211,BB,O,1.79425,"SUNCAT alloys, DACAPO/RPBE",1,2,2.22,2.28,2.2,0.07999999999999963,0.034641016151377386,138.75,140.0,135.0,5.0,2.165063509461097,9.75,10.0,9.0,1.0,0.4330127018922193,5.0,5.0,5.0,0.0,0.0,8.11735425,8.336839,7.4589,0.8779389999999996,0.38015873848655296,9.5,10.0,8.0,2.0,0.8660254037844386,0,1,0,0,1,0,0,1
RhPt3,211,AB,O,2.05808,"SUNCAT alloys, DACAPO/RPBE",1,2,2.22,2.28,2.2,0.07999999999999963,0.034641016151377386,135.0,135.0,135.0,0.0,0.0,9.75,10.0,9.0,1.0,0.4330127018922193,5.75,6.0,5.0,1.0,0.4330127018922193,8.583847500000001,8.95883,7.4589,1.4999300000000009,0.6494887419491969,8.75,9.0,8.0,1.0,0.4330127018922193,0,1,0,1,0,0,0,1
RhPt3,211,BB,O,1.34756,"SUNCAT alloys, DACAPO/RPBE",1,2,2.22,2.28,2.2,0.07999999999999963,0.034641016151377386,135.0,135.0,135.0,0.0,0.0,9.75,10.0,9.0,1.0,0.4330127018922193,5.75,6.0,5.0,1.0,0.4330127018922193,8.583847500000001,8.95883,7.4589,1.4999300000000009,0.6494887419491969,8.75,9.0,8.0,1.0,0.4330127018922193,0,1,0,0,1,0,0,1
RhRe3,211,AB,O,3.69105,"SUNCAT alloys, DACAPO/RPBE",1,2,1.9949999999999997,2.28,1.9,0.3799999999999999,0.1645448267190433,135.0,135.0,135.0,0.0,0.0,7.5,9.0,7.0,2.0,0.8660254037844386,5.75,6.0,5.0,1.0,0.4330127018922193,7.739865,7.83352,7.4589,0.3746200000000002,0.1622152183828633,5.75,8.0,5.0,3.0,1.299038105676658,0,1,0,1,0,0,0,1
RhRe3,211,BB,O,4.50566,"SUNCAT alloys, DACAPO/RPBE",1,2,1.9949999999999997,2.28,1.9,0.3799999999999999,0.1645448267190433,135.0,135.0,135.0,0.0,0.0,7.5,9.0,7.0,2.0,0.8660254037844386,5.75,6.0,5.0,1.0,0.4330127018922193,7.739865,7.83352,7.4589,0.3746200000000002,0.1622152183828633,5.75,8.0,5.0,3.0,1.299038105676658,0,1,0,0,1,0,0,1
RhRh3,211,AB,O,2.51801,"SUNCAT alloys, DACAPO/RPBE",1,1,2.28,2.28,2.28,0.0,0.0,135.0,135.0,135.0,0.0,0.0,9.0,9.0,9.0,0.0,0.0,5.0,5.0,5.0,0.0,0.0,7.4589,7.4589,7.4589,0.0,0.0,8.0,8.0,8.0,0.0,0.0,0,1,0,1,0,0,0,1
RhRu3,211,AB,O,2.58594,"SUNCAT alloys, DACAPO/RPBE",1,2,2.22,2.28,2.2,0.07999999999999963,0.034641016151377386,131.25,135.0,130.0,5.0,2.165063509461097,8.25,9.0,8.0,1.0,0.4330127018922193,5.0,5.0,5.0,0.0,0.0,7.3850999999999996,7.4589,7.3605,0.09839999999999982,0.0426084498661943,7.25,8.0,7.0,1.0,0.4330127018922193,0,1,0,1,0,0,0,1
RhRu3,211,BB,O,2.90129,"SUNCAT alloys, DACAPO/RPBE",1,2,2.22,2.28,2.2,0.07999999999999963,0.034641016151377386,131.25,135.0,130.0,5.0,2.165063509461097,8.25,9.0,8.0,1.0,0.4330127018922193,5.0,5.0,5.0,0.0,0.0,7.3850999999999996,7.4589,7.3605,0.09839999999999982,0.0426084498661943,7.25,8.0,7.0,1.0,0.4330127018922193,0,1,0,0,1,0,0,1
RhZn3,211,AB,O,2.09786,"SUNCAT alloys, DACAPO/RPBE",1,2,1.8074999999999997,2.28,1.65,0.6299999999999999,0.27279800219209815,135.0,135.0,135.0,0.0,0.0,11.25,12.0,9.0,3.0,1.299038105676658,4.25,5.0,4.0,1.0,0.4330127018922193,8.91037275,9.394197,7.4589,1.9352970000000003,0.8380081829339066,9.5,10.0,8.0,2.0,0.8660254037844386,0,1,0,1,0,0,0,1
RhZn3,211,BB,O,2.50035,"SUNCAT alloys, DACAPO/RPBE",1,2,1.8074999999999997,2.28,1.65,0.6299999999999999,0.27279800219209815,135.0,135.0,135.0,0.0,0.0,11.25,12.0,9.0,3.0,1.299038105676658,4.25,5.0,4.0,1.0,0.4330127018922193,8.91037275,9.394197,7.4589,1.9352970000000003,0.8380081829339066,9.5,10.0,8.0,2.0,0.8660254037844386,0,1,0,0,1,0,0,1
Ru,111,none,CO,1.64,"DACAPO, RPBE @ CAMD/SUNCAT",1,1,2.2,2.2,2.2,0.0,0.0,130.0,130.0,130.0,0.0,0.0,8.0,8.0,8.0,0.0,0.0,5.0,5.0,5.0,0.0,0.0,7.3605,7.3605,7.3605,0.0,0.0,7.0,7.0,7.0,0.0,0.0,1,0,0,0,0,1,1,0
Ru,211,none,CO,1.957,"DACAPO, RPBE @ CAMD/SUNCAT",1,1,2.2,2.2,2.2,0.0,0.0,130.0,130.0,130.0,0.0,0.0,8.0,8.0,8.0,0.0,0.0,5.0,5.0,5.0,0.0,0.0,7.3605,7.3605,7.3605,0.0,0.0,7.0,7.0,7.0,0.0,0.0,0,1,0,0,0,1,1,0
Ru3Al,111,none,CO,2.056524751,"SUNCAT alloys, DACAPO/RPBE",1,2,2.0525,2.2,1.61,0.5900000000000001,0.2554774941164094,128.75,130.0,125.0,5.0,2.165063509461097,9.25,13.0,8.0,5.0,2.165063509461097,4.5,5.0,3.0,2.0,0.8660254037844386,7.01681725,7.3605,5.985769,1.3747309999999997,0.5952759846849924,5.25,7.0,0.0,7.0,3.031088913245535,1,0,0,0,0,1,1,0
Ru3Ga,111,none,CO,2.056524751,"SUNCAT alloys, DACAPO/RPBE",1,2,2.1025,2.2,1.81,0.3900000000000001,0.16887495373796557,130.0,130.0,130.0,0.0,0.0,9.25,13.0,8.0,5.0,2.165063509461097,4.75,5.0,4.0,1.0,0.4330127018922193,7.0202005,7.3605,5.999302,1.361198,0.5894160237902851,7.75,10.0,7.0,3.0,1.299038105676658,1,0,0,0,0,1,1,0
Ru3Hf,111,none,CO,2.296524751,"SUNCAT alloys, DACAPO/RPBE",1,2,1.975,2.2,1.3,0.9000000000000001,0.38971143170299744,136.25,155.0,130.0,25.0,10.825317547305483,7.0,8.0,4.0,4.0,1.7320508075688772,5.25,6.0,5.0,1.0,0.4330127018922193,7.2266425,7.3605,6.82507,0.5354299999999999,0.23184799097415093,5.75,7.0,2.0,5.0,2.165063509461097,1,0,0,0,0,1,1,0
Ru3Ir,111,none,CO,2.106524751,"SUNCAT alloys, DACAPO/RPBE",1,2,2.2,2.2,2.2,0.0,0.0,131.25,135.0,130.0,5.0,2.165063509461097,8.25,9.0,8.0,1.0,0.4330127018922193,5.25,6.0,5.0,1.0,0.4330127018922193,7.762129999999999,8.96702,7.3605,1.6065199999999997,0.6956435658438881,7.0,7.0,7.0,0.0,0.0,1,0,0,0,0,1,1,0
Ru3Nb,111,none,CO,2.056524751,"SUNCAT alloys, DACAPO/RPBE",1,2,2.0500000000000003,2.2,1.6,0.6000000000000001,0.2598076211353316,133.75,145.0,130.0,15.0,6.49519052838329,7.25,8.0,5.0,3.0,1.299038105676658,5.0,5.0,5.0,0.0,0.0,7.210087499999999,7.3605,6.75885,0.6016500000000002,0.26052209209345384,6.25,7.0,4.0,3.0,1.299038105676658,1,0,0,0,0,1,1,0
Ru3Sc,111,none,CO,2.246524751,"SUNCAT alloys, DACAPO/RPBE",1,2,1.9900000000000002,2.2,1.36,0.8400000000000001,0.36373066958946426,137.5,160.0,130.0,30.0,12.99038105676658,6.75,8.0,3.0,5.0,2.165063509461097,4.75,5.0,4.0,1.0,0.4330127018922193,7.160747499999999,7.3605,6.56149,0.79901,0.3459814789389022,5.5,7.0,1.0,6.0,2.598076211353316,1,0,0,0,0,1,1,0
Ru3Ta,111,none,CO,2.066524751,"SUNCAT alloys, DACAPO/RPBE",1,2,2.0250000000000004,2.2,1.5,0.7000000000000002,0.3031088913245536,133.75,145.0,130.0,15.0,6.49519052838329,7.25,8.0,5.0,3.0,1.299038105676658,5.25,6.0,5.0,1.0,0.4330127018922193,7.40776775,7.549571,7.3605,0.1890710000000002,0.0818701445594639,6.0,7.0,3.0,4.0,1.7320508075688772,1,0,0,0,0,1,1,0
Ru3Ti,111,none,CO,2.116524751,"SUNCAT alloys, DACAPO/RPBE",1,2,2.035,2.2,1.54,0.6600000000000001,0.2857883832488648,132.5,140.0,130.0,10.0,4.330127018922194,7.0,8.0,4.0,4.0,1.7320508075688772,4.75,5.0,4.0,1.0,0.4330127018922193,7.227404999999999,7.3605,6.82812,0.5323799999999999,0.23052730223337967,5.75,7.0,2.0,5.0,2.165063509461097,1,0,0,0,0,1,1,0
Ru3V,111,none,CO,1.876524751,"SUNCAT alloys, DACAPO/RPBE",1,2,2.0575,2.2,1.63,0.5700000000000003,0.24681724007856512,131.25,135.0,130.0,5.0,2.165063509461097,7.25,8.0,5.0,3.0,1.299038105676658,4.75,5.0,4.0,1.0,0.4330127018922193,7.206921749999999,7.3605,6.746187,0.6143130000000001,0.26600533193751497,6.0,7.0,3.0,4.0,1.7320508075688772,1,0,0,0,0,1,1,0
Ru3W,111,none,CO,1.896524751,"SUNCAT alloys, DACAPO/RPBE",1,2,2.075,2.2,1.7,0.5000000000000002,0.21650635094610976,131.25,135.0,130.0,5.0,2.165063509461097,7.5,8.0,6.0,2.0,0.8660254037844386,5.25,6.0,5.0,1.0,0.4330127018922193,7.4863824999999995,7.86403,7.3605,0.5035299999999996,0.21803488578378902,6.25,7.0,4.0,3.0,1.299038105676658,1,0,0,0,0,1,1,0
Ru3Zr,111,none,CO,2.306524751,"SUNCAT alloys, DACAPO/RPBE",1,2,1.9825000000000002,2.2,1.33,0.8700000000000001,0.37672105064623085,136.25,155.0,130.0,25.0,10.825317547305483,7.0,8.0,4.0,4.0,1.7320508075688772,5.0,5.0,5.0,0.0,0.0,7.1789065,7.3605,6.634126,0.7263739999999999,0.31452916832425887,5.75,7.0,2.0,5.0,2.165063509461097,1,0,0,0,0,1,1,0
RuCo3,211,AB,O,2.85919,"SUNCAT alloys, DACAPO/RPBE",1,2,1.96,2.2,1.88,0.3200000000000003,0.13856406460551032,133.75,135.0,130.0,5.0,2.165063509461097,8.75,9.0,8.0,1.0,0.4330127018922193,4.25,5.0,4.0,1.0,0.4330127018922193,7.7508824999999995,7.88101,7.3605,0.5205099999999998,0.225387441461919,7.0,7.0,7.0,0.0,0.0,0,1,0,1,0,0,0,1
RuCo3,211,BB,O,2.97785,"SUNCAT alloys, DACAPO/RPBE",1,2,1.96,2.2,1.88,0.3200000000000003,0.13856406460551032,133.75,135.0,130.0,5.0,2.165063509461097,8.75,9.0,8.0,1.0,0.4330127018922193,4.25,5.0,4.0,1.0,0.4330127018922193,7.7508824999999995,7.88101,7.3605,0.5205099999999998,0.225387441461919,7.0,7.0,7.0,0.0,0.0,0,1,0,0,1,0,0,1
RuGa3,211,AB,O,2.70581,"SUNCAT alloys, DACAPO/RPBE",1,2,1.9075,2.2,1.81,0.3900000000000001,0.1688749537379656,130.0,130.0,130.0,0.0,0.0,11.75,13.0,8.0,5.0,2.165063509461097,4.25,5.0,4.0,1.0,0.4330127018922193,6.3396015000000006,7.3605,5.999302,1.361198,0.5894160237902851,9.25,10.0,7.0,3.0,1.299038105676658,0,1,0,1,0,0,0,1
RuGa3,211,BB,O,2.41623,"SUNCAT alloys, DACAPO/RPBE",1,2,1.9075,2.2,1.81,0.3900000000000001,0.1688749537379656,130.0,130.0,130.0,0.0,0.0,11.75,13.0,8.0,5.0,2.165063509461097,4.25,5.0,4.0,1.0,0.4330127018922193,6.3396015000000006,7.3605,5.999302,1.361198,0.5894160237902851,9.25,10.0,7.0,3.0,1.299038105676658,0,1,0,0,1,0,0,1
RuIr3,211,AB,O,2.81419,"SUNCAT alloys, DACAPO/RPBE",1,2,2.2,2.2,2.2,0.0,0.0,133.75,135.0,130.0,5.0,2.165063509461097,8.75,9.0,8.0,1.0,0.4330127018922193,5.75,6.0,5.0,1.0,0.4330127018922193,8.56539,8.96702,7.3605,1.6065199999999997,0.6956435658438881,7.0,7.0,7.0,0.0,0.0,0,1,0,1,0,0,0,1
RuIr3,211,BB,O,2.87787,"SUNCAT alloys, DACAPO/RPBE",1,2,2.2,2.2,2.2,0.0,0.0,133.75,135.0,130.0,5.0,2.165063509461097,8.75,9.0,8.0,1.0,0.4330127018922193,5.75,6.0,5.0,1.0,0.4330127018922193,8.56539,8.96702,7.3605,1.6065199999999997,0.6956435658438881,7.0,7.0,7.0,0.0,0.0,0,1,0,0,1,0,0,1
RuNi3,211,AB,O,2.56073,"SUNCAT alloys, DACAPO/RPBE",1,2,1.9825,2.2,1.91,0.29000000000000026,0.1255736835487437,133.75,135.0,130.0,5.0,2.165063509461097,9.5,10.0,8.0,2.0,0.8660254037844386,4.25,5.0,4.0,1.0,0.4330127018922193,7.570033500000001,7.639878,7.3605,0.27937800000000035,0.12097422262924461,7.75,8.0,7.0,1.0,0.4330127018922193,0,1,0,1,0,0,0,1
RuNi3,211,BB,O,3.05914,"SUNCAT alloys, DACAPO/RPBE",1,2,1.9825,2.2,1.91,0.29000000000000026,0.1255736835487437,133.75,135.0,130.0,5.0,2.165063509461097,9.5,10.0,8.0,2.0,0.8660254037844386,4.25,5.0,4.0,1.0,0.4330127018922193,7.570033500000001,7.639878,7.3605,0.27937800000000035,0.12097422262924461,7.75,8.0,7.0,1.0,0.4330127018922193,0,1,0,0,1,0,0,1
RuPd3,211,AB,O,2.38584,"SUNCAT alloys, DACAPO/RPBE",1,2,2.2,2.2,2.2,0.0,0.0,137.5,140.0,130.0,10.0,4.330127018922194,9.5,10.0,8.0,2.0,0.8660254037844386,5.0,5.0,5.0,0.0,0.0,8.09275425,8.336839,7.3605,0.9763389999999994,0.4227671883527473,9.25,10.0,7.0,3.0,1.299038105676658,0,1,0,1,0,0,0,1
RuPd3,211,BB,O,1.85276,"SUNCAT alloys, DACAPO/RPBE",1,2,2.2,2.2,2.2,0.0,0.0,137.5,140.0,130.0,10.0,4.330127018922194,9.5,10.0,8.0,2.0,0.8660254037844386,5.0,5.0,5.0,0.0,0.0,8.09275425,8.336839,7.3605,0.9763389999999994,0.4227671883527473,9.25,10.0,7.0,3.0,1.299038105676658,0,1,0,0,1,0,0,1
RuPt3,211,AB,O,2.26565,"SUNCAT alloys, DACAPO/RPBE",1,2,2.2,2.2,2.2,0.0,0.0,133.75,135.0,130.0,5.0,2.165063509461097,9.5,10.0,8.0,2.0,0.8660254037844386,5.75,6.0,5.0,1.0,0.4330127018922193,8.559247500000001,8.95883,7.3605,1.5983300000000007,0.6920971918153912,8.5,9.0,7.0,2.0,0.8660254037844386,0,1,0,1,0,0,0,1
RuPt3,211,BB,O,1.40966,"SUNCAT alloys, DACAPO/RPBE",1,2,2.2,2.2,2.2,0.0,0.0,133.75,135.0,130.0,5.0,2.165063509461097,9.5,10.0,8.0,2.0,0.8660254037844386,5.75,6.0,5.0,1.0,0.4330127018922193,8.559247500000001,8.95883,7.3605,1.5983300000000007,0.6920971918153912,8.5,9.0,7.0,2.0,0.8660254037844386,0,1,0,0,1,0,0,1
RuRe3,211,AB,O,3.66691,"SUNCAT alloys, DACAPO/RPBE",1,2,1.9749999999999999,2.2,1.9,0.30000000000000027,0.1299038105676659,133.75,135.0,130.0,5.0,2.165063509461097,7.25,8.0,7.0,1.0,0.4330127018922193,5.75,6.0,5.0,1.0,0.4330127018922193,7.7152650000000005,7.83352,7.3605,0.47302,0.2048236682490576,5.5,7.0,5.0,2.0,0.8660254037844386,0,1,0,1,0,0,0,1
RuRe3,211,BB,O,4.37228,"SUNCAT alloys, DACAPO/RPBE",1,2,1.9749999999999999,2.2,1.9,0.30000000000000027,0.1299038105676659,133.75,135.0,130.0,5.0,2.165063509461097,7.25,8.0,7.0,1.0,0.4330127018922193,5.75,6.0,5.0,1.0,0.4330127018922193,7.7152650000000005,7.83352,7.3605,0.47302,0.2048236682490576,5.5,7.0,5.0,2.0,0.8660254037844386,0,1,0,0,1,0,0,1
RuRh3,211,AB,O,2.66552,"SUNCAT alloys, DACAPO/RPBE",1,2,2.26,2.28,2.2,0.07999999999999963,0.034641016151377386,133.75,135.0,130.0,5.0,2.165063509461097,8.75,9.0,8.0,1.0,0.4330127018922193,5.0,5.0,5.0,0.0,0.0,7.4343,7.4589,7.3605,0.09839999999999982,0.0426084498661943,7.75,8.0,7.0,1.0,0.4330127018922193,0,1,0,1,0,0,0,1
RuRh3,211,BB,O,2.54424,"SUNCAT alloys, DACAPO/RPBE",1,2,2.26,2.28,2.2,0.07999999999999963,0.034641016151377386,133.75,135.0,130.0,5.0,2.165063509461097,8.75,9.0,8.0,1.0,0.4330127018922193,5.0,5.0,5.0,0.0,0.0,7.4343,7.4589,7.3605,0.09839999999999982,0.0426084498661943,7.75,8.0,7.0,1.0,0.4330127018922193,0,1,0,0,1,0,0,1
RuRu3,211,AB,O,2.7805,"SUNCAT alloys, DACAPO/RPBE",1,1,2.2,2.2,2.2,0.0,0.0,130.0,130.0,130.0,0.0,0.0,8.0,8.0,8.0,0.0,0.0,5.0,5.0,5.0,0.0,0.0,7.3605,7.3605,7.3605,0.0,0.0,7.0,7.0,7.0,0.0,0.0,0,1,0,1,0,0,0,1
RuZn3,211,AB,O,2.22769,"SUNCAT alloys, DACAPO/RPBE",1,2,1.7874999999999999,2.2,1.65,0.5500000000000003,0.23815698604072075,133.75,135.0,130.0,5.0,2.165063509461097,11.0,12.0,8.0,4.0,1.7320508075688772,4.25,5.0,4.0,1.0,0.4330127018922193,8.885772750000001,9.394197,7.3605,2.033697,0.8806166328001008,9.25,10.0,7.0,3.0,1.299038105676658,0,1,0,1,0,0,0,1
RuZn3,211,BB,O,2.1752,"SUNCAT alloys, DACAPO/RPBE",1,2,1.7874999999999999,2.2,1.65,0.5500000000000003,0.23815698604072075,133.75,135.0,130.0,5.0,2.165063509461097,11.0,12.0,8.0,4.0,1.7320508075688772,4.25,5.0,4.0,1.0,0.4330127018922193,8.885772750000001,9.394197,7.3605,2.033697,0.8806166328001008,9.25,10.0,7.0,3.0,1.299038105676658,0,1,0,0,1,0,0,1
SbAg3,211,AB,O,1.3991,"SUNCAT alloys, DACAPO/RPBE",1,2,1.96,2.05,1.93,0.11999999999999988,0.05196152422706627,156.25,160.0,145.0,15.0,6.49519052838329,12.0,15.0,11.0,4.0,1.7320508075688772,5.0,5.0,5.0,0.0,0.0,7.83427275,8.608389,7.576234,1.0321550000000004,0.4469362253215638,10.0,10.0,10.0,0.0,0.0,0,1,0,1,0,0,0,1
SbAg3,211,BB,O,1.29742,"SUNCAT alloys, DACAPO/RPBE",1,2,1.96,2.05,1.93,0.11999999999999988,0.05196152422706627,156.25,160.0,145.0,15.0,6.49519052838329,12.0,15.0,11.0,4.0,1.7320508075688772,5.0,5.0,5.0,0.0,0.0,7.83427275,8.608389,7.576234,1.0321550000000004,0.4469362253215638,10.0,10.0,10.0,0.0,0.0,0,1,0,0,1,0,0,1
SbAu3,211,AB,O,1.21346,"SUNCAT alloys, DACAPO/RPBE",1,2,2.3125,2.4,2.05,0.3500000000000001,0.1515544456622768,137.5,145.0,135.0,10.0,4.330127018922194,12.0,15.0,11.0,4.0,1.7320508075688772,5.75,6.0,5.0,1.0,0.4330127018922193,9.07126275,9.225554,8.608389,0.617165,0.2672402841633115,10.0,10.0,10.0,0.0,0.0,0,1,0,1,0,0,0,1
SbAu3,211,BB,O,0.8876,"SUNCAT alloys, DACAPO/RPBE",1,2,2.3125,2.4,2.05,0.3500000000000001,0.1515544456622768,137.5,145.0,135.0,10.0,4.330127018922194,12.0,15.0,11.0,4.0,1.7320508075688772,5.75,6.0,5.0,1.0,0.4330127018922193,9.07126275,9.225554,8.608389,0.617165,0.2672402841633115,10.0,10.0,10.0,0.0,0.0,0,1,0,0,1,0,0,1
SbCu3,211,AB,O,1.58968,"SUNCAT alloys, DACAPO/RPBE",1,2,1.9374999999999998,2.05,1.9,0.1499999999999999,0.06495190528383286,137.5,145.0,135.0,10.0,4.330127018922194,12.0,15.0,11.0,4.0,1.7320508075688772,4.25,5.0,4.0,1.0,0.4330127018922193,7.94688225,8.608389,7.72638,0.8820090000000009,0.38192110018325487,10.0,10.0,10.0,0.0,0.0,0,1,0,1,0,0,0,1
SbCu3,211,BB,O,1.78096,"SUNCAT alloys, DACAPO/RPBE",1,2,1.9374999999999998,2.05,1.9,0.1499999999999999,0.06495190528383286,137.5,145.0,135.0,10.0,4.330127018922194,12.0,15.0,11.0,4.0,1.7320508075688772,4.25,5.0,4.0,1.0,0.4330127018922193,7.94688225,8.608389,7.72638,0.8820090000000009,0.38192110018325487,10.0,10.0,10.0,0.0,0.0,0,1,0,0,1,0,0,1
SbIr3,211,AB,O,1.79773,"SUNCAT alloys, DACAPO/RPBE",1,2,2.1625,2.2,2.05,0.15000000000000036,0.06495190528383306,137.5,145.0,135.0,10.0,4.330127018922194,10.5,15.0,9.0,6.0,2.598076211353316,5.75,6.0,5.0,1.0,0.4330127018922193,8.877362250000001,8.96702,8.608389,0.35863099999999903,0.15529177829230809,7.75,10.0,7.0,3.0,1.299038105676658,0,1,0,1,0,0,0,1
SbIr3,211,BB,O,2.86099,"SUNCAT alloys, DACAPO/RPBE",1,2,2.1625,2.2,2.05,0.15000000000000036,0.06495190528383306,137.5,145.0,135.0,10.0,4.330127018922194,10.5,15.0,9.0,6.0,2.598076211353316,5.75,6.0,5.0,1.0,0.4330127018922193,8.877362250000001,8.96702,8.608389,0.35863099999999903,0.15529177829230809,7.75,10.0,7.0,3.0,1.299038105676658,0,1,0,0,1,0,0,1
SbNi3,211,AB,O,1.73957,"SUNCAT alloys, DACAPO/RPBE",1,2,1.9449999999999998,2.05,1.91,0.1399999999999999,0.060621778264910664,137.5,145.0,135.0,10.0,4.330127018922194,11.25,15.0,10.0,5.0,2.165063509461097,4.25,5.0,4.0,1.0,0.4330127018922193,7.882005750000001,8.608389,7.639878,0.9685110000000003,0.41937756492233536,8.5,10.0,8.0,2.0,0.8660254037844386,0,1,0,1,0,0,0,1
SbNi3,211,BB,O,2.50539,"SUNCAT alloys, DACAPO/RPBE",1,2,1.9449999999999998,2.05,1.91,0.1399999999999999,0.060621778264910664,137.5,145.0,135.0,10.0,4.330127018922194,11.25,15.0,10.0,5.0,2.165063509461097,4.25,5.0,4.0,1.0,0.4330127018922193,7.882005750000001,8.608389,7.639878,0.9685110000000003,0.41937756492233536,8.5,10.0,8.0,2.0,0.8660254037844386,0,1,0,0,1,0,0,1
SbPd,211,AA,O,1.88882,"SUNCAT alloys, DACAPO/RPBE",1,2,2.125,2.2,2.05,0.15000000000000036,0.07500000000000018,142.5,145.0,140.0,5.0,2.5,12.5,15.0,10.0,5.0,2.5,5.0,5.0,5.0,0.0,0.0,8.472614,8.608389,8.336839,0.2715500000000013,0.13577500000000065,10.0,10.0,10.0,0.0,0.0,0,1,1,0,0,0,0,1
SbPd,211,BB,O,1.47597,"SUNCAT alloys, DACAPO/RPBE",1,2,2.125,2.2,2.05,0.15000000000000036,0.07500000000000018,142.5,145.0,140.0,5.0,2.5,12.5,15.0,10.0,5.0,2.5,5.0,5.0,5.0,0.0,0.0,8.472614,8.608389,8.336839,0.2715500000000013,0.13577500000000065,10.0,10.0,10.0,0.0,0.0,0,1,0,0,1,0,0,1
SbPd3,211,AB,O,1.08777,"SUNCAT alloys, DACAPO/RPBE",1,2,2.1625,2.2,2.05,0.15000000000000036,0.06495190528383306,141.25,145.0,140.0,5.0,2.165063509461097,11.25,15.0,10.0,5.0,2.165063509461097,5.0,5.0,5.0,0.0,0.0,8.4047265,8.608389,8.336839,0.2715500000000013,0.11758459919883271,10.0,10.0,10.0,0.0,0.0,0,1,0,1,0,0,0,1
SbPd3,211,BB,O,0.95436,"SUNCAT alloys, DACAPO/RPBE",1,2,2.1625,2.2,2.05,0.15000000000000036,0.06495190528383306,141.25,145.0,140.0,5.0,2.165063509461097,11.25,15.0,10.0,5.0,2.165063509461097,5.0,5.0,5.0,0.0,0.0,8.4047265,8.608389,8.336839,0.2715500000000013,0.11758459919883271,10.0,10.0,10.0,0.0,0.0,0,1,0,0,1,0,0,1
SbPt,211,AA,O,1.28517,"SUNCAT alloys, DACAPO/RPBE",1,2,2.125,2.2,2.05,0.15000000000000036,0.07500000000000018,140.0,145.0,135.0,10.0,5.0,12.5,15.0,10.0,5.0,2.5,5.5,6.0,5.0,1.0,0.5,8.7836095,8.95883,8.608389,0.350441,0.1752205,9.5,10.0,9.0,1.0,0.5,0,1,1,0,0,0,0,1
SbPt,211,BB,O,1.38116,"SUNCAT alloys, DACAPO/RPBE",1,2,2.125,2.2,2.05,0.15000000000000036,0.07500000000000018,140.0,145.0,135.0,10.0,5.0,12.5,15.0,10.0,5.0,2.5,5.5,6.0,5.0,1.0,0.5,8.7836095,8.95883,8.608389,0.350441,0.1752205,9.5,10.0,9.0,1.0,0.5,0,1,0,0,1,0,0,1
SbPt3,211,AB,O,1.40267,"SUNCAT alloys, DACAPO/RPBE",1,2,2.1625,2.2,2.05,0.15000000000000036,0.06495190528383306,137.5,145.0,135.0,10.0,4.330127018922194,11.25,15.0,10.0,5.0,2.165063509461097,5.75,6.0,5.0,1.0,0.4330127018922193,8.871219750000002,8.95883,8.608389,0.350441,0.15174540426381122,9.25,10.0,9.0,1.0,0.4330127018922193,0,1,0,1,0,0,0,1
SbPt3,211,BB,O,1.25276,"SUNCAT alloys, DACAPO/RPBE",1,2,2.1625,2.2,2.05,0.15000000000000036,0.06495190528383306,137.5,145.0,135.0,10.0,4.330127018922194,11.25,15.0,10.0,5.0,2.165063509461097,5.75,6.0,5.0,1.0,0.4330127018922193,8.871219750000002,8.95883,8.608389,0.350441,0.15174540426381122,9.25,10.0,9.0,1.0,0.4330127018922193,0,1,0,0,1,0,0,1
SbRh,211,AA,O,1.12511,"SUNCAT alloys, DACAPO/RPBE",1,2,2.165,2.28,2.05,0.22999999999999998,0.11499999999999999,140.0,145.0,135.0,10.0,5.0,12.0,15.0,9.0,6.0,3.0,5.0,5.0,5.0,0.0,0.0,8.033644500000001,8.608389,7.4589,1.1494890000000009,0.5747445000000004,9.0,10.0,8.0,2.0,1.0,0,1,1,0,0,0,0,1
SbRh,211,BB,O,1.72433,"SUNCAT alloys, DACAPO/RPBE",1,2,2.165,2.28,2.05,0.22999999999999998,0.11499999999999999,140.0,145.0,135.0,10.0,5.0,12.0,15.0,9.0,6.0,3.0,5.0,5.0,5.0,0.0,0.0,8.033644500000001,8.608389,7.4589,1.1494890000000009,0.5747445000000004,9.0,10.0,8.0,2.0,1.0,0,1,0,0,1,0,0,1
SbRh3,211,AB,O,1.71094,"SUNCAT alloys, DACAPO/RPBE",1,2,2.2225,2.28,2.05,0.22999999999999998,0.09959292143521042,137.5,145.0,135.0,10.0,4.330127018922194,10.5,15.0,9.0,6.0,2.598076211353316,5.0,5.0,5.0,0.0,0.0,7.7462722500000005,8.608389,7.4589,1.1494890000000009,0.4977433376853857,8.5,10.0,8.0,2.0,0.8660254037844386,0,1,0,1,0,0,0,1
SbRh3,211,BB,O,2.30626,"SUNCAT alloys, DACAPO/RPBE",1,2,2.2225,2.28,2.05,0.22999999999999998,0.09959292143521042,137.5,145.0,135.0,10.0,4.330127018922194,10.5,15.0,9.0,6.0,2.598076211353316,5.0,5.0,5.0,0.0,0.0,7.7462722500000005,8.608389,7.4589,1.1494890000000009,0.4977433376853857,8.5,10.0,8.0,2.0,0.8660254037844386,0,1,0,0,1,0,0,1
SbRu,211,AA,O,2.21787,"SUNCAT alloys, DACAPO/RPBE",1,2,2.125,2.2,2.05,0.15000000000000036,0.07500000000000018,137.5,145.0,130.0,15.0,7.5,11.5,15.0,8.0,7.0,3.5,5.0,5.0,5.0,0.0,0.0,7.9844445,8.608389,7.3605,1.2478890000000007,0.6239445000000003,8.5,10.0,7.0,3.0,1.5,0,1,1,0,0,0,0,1
SbRu,211,BB,O,1.70534,"SUNCAT alloys, DACAPO/RPBE",1,2,2.125,2.2,2.05,0.15000000000000036,0.07500000000000018,137.5,145.0,130.0,15.0,7.5,11.5,15.0,8.0,7.0,3.5,5.0,5.0,5.0,0.0,0.0,7.9844445,8.608389,7.3605,1.2478890000000007,0.6239445000000003,8.5,10.0,7.0,3.0,1.5,0,1,0,0,1,0,0,1
SbRu3,211,AB,O,2.42433,"SUNCAT alloys, DACAPO/RPBE",1,2,2.1625,2.2,2.05,0.15000000000000036,0.06495190528383306,133.75,145.0,130.0,15.0,6.49519052838329,9.75,15.0,8.0,7.0,3.031088913245535,5.0,5.0,5.0,0.0,0.0,7.67247225,8.608389,7.3605,1.2478890000000007,0.54035178755158,7.75,10.0,7.0,3.0,1.299038105676658,0,1,0,1,0,0,0,1
SbRu3,211,BB,O,2.79275,"SUNCAT alloys, DACAPO/RPBE",1,2,2.1625,2.2,2.05,0.15000000000000036,0.06495190528383306,133.75,145.0,130.0,15.0,6.49519052838329,9.75,15.0,8.0,7.0,3.031088913245535,5.0,5.0,5.0,0.0,0.0,7.67247225,8.608389,7.3605,1.2478890000000007,0.54035178755158,7.75,10.0,7.0,3.0,1.299038105676658,0,1,0,0,1,0,0,1
SbSb3,211,AB,O,3.03286,"SUNCAT alloys, DACAPO/RPBE",1,1,2.05,2.05,2.05,0.0,0.0,145.0,145.0,145.0,0.0,0.0,15.0,15.0,15.0,0.0,0.0,5.0,5.0,5.0,0.0,0.0,8.608389,8.608389,8.608389,0.0,0.0,10.0,10.0,10.0,0.0,0.0,0,1,0,1,0,0,0,1
Sc3Al,111,none,CO,2.366524751,"SUNCAT alloys, DACAPO/RPBE",1,2,1.4225,1.61,1.36,0.25,0.10825317547305482,151.25,160.0,125.0,35.0,15.155444566227676,5.5,13.0,3.0,10.0,4.330127018922194,3.75,4.0,3.0,1.0,0.4330127018922193,6.417559750000001,6.56149,5.985769,0.5757209999999997,0.24929450574609027,0.75,1.0,0.0,1.0,0.4330127018922193,1,0,0,0,0,1,1,0
Sc3As,111,none,CO,1.046524751,"SUNCAT alloys, DACAPO/RPBE",1,2,1.565,2.18,1.36,0.8200000000000001,0.3550704155516199,148.75,160.0,115.0,45.0,19.48557158514987,6.0,15.0,3.0,12.0,5.196152422706632,4.0,4.0,4.0,0.0,0.0,7.368255,9.78855,6.56149,3.2270600000000007,1.3973579697683056,3.25,10.0,1.0,9.0,3.897114317029974,1,0,0,0,0,1,1,0
Sc3Bi,111,none,CO,2.856524751,"SUNCAT alloys, DACAPO/RPBE",1,2,1.495,1.9,1.36,0.5399999999999998,0.23382685902179834,160.0,160.0,160.0,0.0,0.0,6.0,15.0,3.0,12.0,5.196152422706632,4.5,6.0,4.0,2.0,0.8660254037844386,6.742496500000001,7.285516,6.56149,0.7240260000000003,0.3135124545002161,3.25,10.0,1.0,9.0,3.897114317029974,1,0,0,0,0,1,1,0
Sc3Cd,111,none,CO,2.776524751,"SUNCAT alloys, DACAPO/RPBE",1,2,1.4425,1.69,1.36,0.32999999999999985,0.14289419162443232,158.75,160.0,155.0,5.0,2.165063509461097,5.25,12.0,3.0,9.0,3.897114317029974,4.25,5.0,4.0,1.0,0.4330127018922193,7.1695725,8.99382,6.56149,2.4323299999999994,1.0532297851935015,3.25,10.0,1.0,9.0,3.897114317029974,1,0,0,0,0,1,1,0
Sc3Ga,111,none,CO,2.426524751,"SUNCAT alloys, DACAPO/RPBE",1,2,1.4725000000000001,1.81,1.36,0.44999999999999996,0.1948557158514987,152.5,160.0,130.0,30.0,12.99038105676658,5.5,13.0,3.0,10.0,4.330127018922194,4.0,4.0,4.0,0.0,0.0,6.420943,6.56149,5.999302,0.5621879999999999,0.24343454485138297,3.25,10.0,1.0,9.0,3.897114317029974,1,0,0,0,0,1,1,0
Sc3Ge,111,none,CO,2.446524751,"SUNCAT alloys, DACAPO/RPBE",1,2,1.5225,2.01,1.36,0.6499999999999997,0.2814582562299424,151.25,160.0,125.0,35.0,15.155444566227676,5.75,14.0,3.0,11.0,4.763139720814412,4.0,4.0,4.0,0.0,0.0,6.89597625,7.899435,6.56149,1.3379450000000004,0.5793471794331856,3.25,10.0,1.0,9.0,3.897114317029974,1,0,0,0,0,1,1,0
Sc3Hg,111,none,CO,1.116524751,"SUNCAT alloys, DACAPO/RPBE",1,2,1.495,1.9,1.36,0.5399999999999998,0.23382685902179834,157.5,160.0,150.0,10.0,4.330127018922194,5.25,12.0,3.0,9.0,3.897114317029974,4.5,6.0,4.0,2.0,0.8660254037844386,7.5304935,10.437504,6.56149,3.8760140000000005,1.6783632947120688,3.25,10.0,1.0,9.0,3.897114317029974,1,0,0,0,0,1,1,0
Sc3In,111,none,CO,1.026524751,"SUNCAT alloys, DACAPO/RPBE",1,2,1.465,1.78,1.36,0.41999999999999993,0.1818653347947321,158.75,160.0,155.0,5.0,2.165063509461097,5.5,13.0,3.0,10.0,4.330127018922194,4.25,5.0,4.0,1.0,0.4330127018922193,6.36770645,6.56149,5.7863558,0.7751342000000001,0.33564295427106394,3.25,10.0,1.0,9.0,3.897114317029974,1,0,0,0,0,1,1,0
Sc3Pb,111,none,CO,2.746524751,"SUNCAT alloys, DACAPO/RPBE",1,2,1.47,1.8,1.36,0.43999999999999995,0.19052558883257648,165.0,180.0,160.0,20.0,8.660254037844387,5.75,14.0,3.0,11.0,4.763139720814412,4.5,6.0,4.0,2.0,0.8660254037844386,6.775287475000001,7.4166799,6.56149,0.8551899000000001,0.3703080892299369,3.25,10.0,1.0,9.0,3.897114317029974,1,0,0,0,0,1,1,0
Sc3Sb,111,none,CO,2.706524751,"SUNCAT alloys, DACAPO/RPBE",1,2,1.5325,2.05,1.36,0.6899999999999997,0.2987787643056312,156.25,160.0,145.0,15.0,6.49519052838329,6.0,15.0,3.0,12.0,5.196152422706632,4.25,5.0,4.0,1.0,0.4330127018922193,7.07321475,8.608389,6.56149,2.0468990000000007,0.8863332664904822,3.25,10.0,1.0,9.0,3.897114317029974,1,0,0,0,0,1,1,0
Sc3Si,111,none,CO,2.296524751,"SUNCAT alloys, DACAPO/RPBE",1,2,1.495,1.9,1.36,0.5399999999999998,0.23382685902179834,147.5,160.0,110.0,50.0,21.650635094610966,5.75,14.0,3.0,11.0,4.763139720814412,3.75,4.0,3.0,1.0,0.4330127018922193,6.959037500000001,8.15168,6.56149,1.5901900000000007,0.6885724684219885,0.75,1.0,0.0,1.0,0.4330127018922193,1,0,0,0,0,1,1,0
Sc3Sn,111,none,CO,2.596524751,"SUNCAT alloys, DACAPO/RPBE",1,2,1.51,1.96,1.36,0.5999999999999999,0.25980762113533157,156.25,160.0,145.0,15.0,6.49519052838329,5.75,14.0,3.0,11.0,4.763139720814412,4.25,5.0,4.0,1.0,0.4330127018922193,6.757097,7.343918,6.56149,0.7824280000000003,0.33880126231612556,3.25,10.0,1.0,9.0,3.897114317029974,1,0,0,0,0,1,1,0
Sc3Zn,111,none,CO,2.596524751,"SUNCAT alloys, DACAPO/RPBE",1,2,1.4325,1.65,1.36,0.2899999999999998,0.12557368354874351,153.75,160.0,135.0,25.0,10.825317547305483,5.25,12.0,3.0,9.0,3.897114317029974,4.0,4.0,4.0,0.0,0.0,7.269666750000001,9.394197,6.56149,2.832707,1.226598111739003,3.25,10.0,1.0,9.0,3.897114317029974,1,0,0,0,0,1,1,0
ScAg3,211,AB,O,5.17372,"SUNCAT alloys, DACAPO/RPBE",1,2,1.7875,1.93,1.36,0.5699999999999998,0.24681724007856495,160.0,160.0,160.0,0.0,0.0,9.0,11.0,3.0,8.0,3.4641016151377544,4.75,5.0,4.0,1.0,0.4330127018922193,7.322548,7.576234,6.56149,1.0147440000000003,0.4393970411689183,7.75,10.0,1.0,9.0,3.897114317029974,0,1,0,1,0,0,0,1
ScAg3,211,BB,O,3.83482,"SUNCAT alloys, DACAPO/RPBE",1,2,1.7875,1.93,1.36,0.5699999999999998,0.24681724007856495,160.0,160.0,160.0,0.0,0.0,9.0,11.0,3.0,8.0,3.4641016151377544,4.75,5.0,4.0,1.0,0.4330127018922193,7.322548,7.576234,6.56149,1.0147440000000003,0.4393970411689183,7.75,10.0,1.0,9.0,3.897114317029974,0,1,0,0,1,0,0,1
ScAu3,211,AB,O,4.48567,"SUNCAT alloys, DACAPO/RPBE",1,2,2.1399999999999997,2.4,1.36,1.0399999999999998,0.450333209967908,141.25,160.0,135.0,25.0,10.825317547305483,9.0,11.0,3.0,8.0,3.4641016151377544,5.5,6.0,4.0,2.0,0.8660254037844386,8.559538,9.225554,6.56149,2.6640640000000007,1.1535735506537936,7.75,10.0,1.0,9.0,3.897114317029974,0,1,0,1,0,0,0,1
ScAu3,211,BB,O,2.79514,"SUNCAT alloys, DACAPO/RPBE",1,2,2.1399999999999997,2.4,1.36,1.0399999999999998,0.450333209967908,141.25,160.0,135.0,25.0,10.825317547305483,9.0,11.0,3.0,8.0,3.4641016151377544,5.5,6.0,4.0,2.0,0.8660254037844386,8.559538,9.225554,6.56149,2.6640640000000007,1.1535735506537936,7.75,10.0,1.0,9.0,3.897114317029974,0,1,0,0,1,0,0,1
ScCu3,211,AB,O,4.94044,"SUNCAT alloys, DACAPO/RPBE",1,2,1.765,1.9,1.36,0.5399999999999998,0.23382685902179834,141.25,160.0,135.0,25.0,10.825317547305483,9.0,11.0,3.0,8.0,3.4641016151377544,4.0,4.0,4.0,0.0,0.0,7.4351575,7.72638,6.56149,1.1648899999999998,0.5044121663072272,7.75,10.0,1.0,9.0,3.897114317029974,0,1,0,1,0,0,0,1
ScCu3,211,BB,O,3.97501,"SUNCAT alloys, DACAPO/RPBE",1,2,1.765,1.9,1.36,0.5399999999999998,0.23382685902179834,141.25,160.0,135.0,25.0,10.825317547305483,9.0,11.0,3.0,8.0,3.4641016151377544,4.0,4.0,4.0,0.0,0.0,7.4351575,7.72638,6.56149,1.1648899999999998,0.5044121663072272,7.75,10.0,1.0,9.0,3.897114317029974,0,1,0,0,1,0,0,1
ScPd3,211,AB,O,3.22704,"SUNCAT alloys, DACAPO/RPBE",1,2,1.9900000000000002,2.2,1.36,0.8400000000000001,0.36373066958946426,145.0,160.0,140.0,20.0,8.660254037844387,8.25,10.0,3.0,7.0,3.031088913245535,4.75,5.0,4.0,1.0,0.4330127018922193,7.89300175,8.336839,6.56149,1.7753489999999994,0.7687486672916495,7.75,10.0,1.0,9.0,3.897114317029974,0,1,0,1,0,0,0,1
ScPd3,211,BB,O,2.18852,"SUNCAT alloys, DACAPO/RPBE",1,2,1.9900000000000002,2.2,1.36,0.8400000000000001,0.36373066958946426,145.0,160.0,140.0,20.0,8.660254037844387,8.25,10.0,3.0,7.0,3.031088913245535,4.75,5.0,4.0,1.0,0.4330127018922193,7.89300175,8.336839,6.56149,1.7753489999999994,0.7687486672916495,7.75,10.0,1.0,9.0,3.897114317029974,0,1,0,0,1,0,0,1
ScPt3,211,AB,O,3.04232,"SUNCAT alloys, DACAPO/RPBE",1,2,1.9900000000000002,2.2,1.36,0.8400000000000001,0.36373066958946426,141.25,160.0,135.0,25.0,10.825317547305483,8.25,10.0,3.0,7.0,3.031088913245535,5.5,6.0,4.0,2.0,0.8660254037844386,8.359495,8.95883,6.56149,2.3973400000000007,1.0380786707542933,7.0,9.0,1.0,8.0,3.4641016151377544,0,1,0,1,0,0,0,1
ScPt3,211,BB,O,2.09068,"SUNCAT alloys, DACAPO/RPBE",1,2,1.9900000000000002,2.2,1.36,0.8400000000000001,0.36373066958946426,141.25,160.0,135.0,25.0,10.825317547305483,8.25,10.0,3.0,7.0,3.031088913245535,5.5,6.0,4.0,2.0,0.8660254037844386,8.359495,8.95883,6.56149,2.3973400000000007,1.0380786707542933,7.0,9.0,1.0,8.0,3.4641016151377544,0,1,0,0,1,0,0,1
ScRh3,211,AB,O,3.63958,"SUNCAT alloys, DACAPO/RPBE",1,2,2.05,2.28,1.36,0.9199999999999997,0.39837168574084164,141.25,160.0,135.0,25.0,10.825317547305483,7.5,9.0,3.0,6.0,2.598076211353316,4.75,5.0,4.0,1.0,0.4330127018922193,7.2345475,7.4589,6.56149,0.8974099999999998,0.38858992880509646,6.25,8.0,1.0,7.0,3.031088913245535,0,1,0,1,0,0,0,1
ScRh3,211,BB,O,3.10844,"SUNCAT alloys, DACAPO/RPBE",1,2,2.05,2.28,1.36,0.9199999999999997,0.39837168574084164,141.25,160.0,135.0,25.0,10.825317547305483,7.5,9.0,3.0,6.0,2.598076211353316,4.75,5.0,4.0,1.0,0.4330127018922193,7.2345475,7.4589,6.56149,0.8974099999999998,0.38858992880509646,6.25,8.0,1.0,7.0,3.031088913245535,0,1,0,0,1,0,0,1
ScRu3,211,AB,O,3.96942,"SUNCAT alloys, DACAPO/RPBE",1,2,1.9900000000000002,2.2,1.36,0.8400000000000001,0.36373066958946426,137.5,160.0,130.0,30.0,12.99038105676658,6.75,8.0,3.0,5.0,2.165063509461097,4.75,5.0,4.0,1.0,0.4330127018922193,7.160747499999999,7.3605,6.56149,0.79901,0.3459814789389022,5.5,7.0,1.0,6.0,2.598076211353316,0,1,0,1,0,0,0,1
ScRu3,211,BB,O,3.49044,"SUNCAT alloys, DACAPO/RPBE",1,2,1.9900000000000002,2.2,1.36,0.8400000000000001,0.36373066958946426,137.5,160.0,130.0,30.0,12.99038105676658,6.75,8.0,3.0,5.0,2.165063509461097,4.75,5.0,4.0,1.0,0.4330127018922193,7.160747499999999,7.3605,6.56149,0.79901,0.3459814789389022,5.5,7.0,1.0,6.0,2.598076211353316,0,1,0,0,1,0,0,1
ScZn3,211,AB,O,4.8323,"SUNCAT alloys, DACAPO/RPBE",1,2,1.5775,1.65,1.36,0.2899999999999998,0.12557368354874351,141.25,160.0,135.0,25.0,10.825317547305483,9.75,12.0,3.0,9.0,3.897114317029974,4.0,4.0,4.0,0.0,0.0,8.68602025,9.394197,6.56149,2.832707,1.226598111739003,7.75,10.0,1.0,9.0,3.897114317029974,0,1,0,1,0,0,0,1
ScZn3,211,BB,O,4.16006,"SUNCAT alloys, DACAPO/RPBE",1,2,1.5775,1.65,1.36,0.2899999999999998,0.12557368354874351,141.25,160.0,135.0,25.0,10.825317547305483,9.75,12.0,3.0,9.0,3.897114317029974,4.0,4.0,4.0,0.0,0.0,8.68602025,9.394197,6.56149,2.832707,1.226598111739003,7.75,10.0,1.0,9.0,3.897114317029974,0,1,0,0,1,0,0,1
SiCu3,211,AB,O,3.05118,"SUNCAT alloys, DACAPO/RPBE",1,2,1.9,1.9,1.9,0.0,0.0,128.75,135.0,110.0,25.0,10.825317547305483,11.75,14.0,11.0,3.0,1.299038105676658,3.75,4.0,3.0,1.0,0.4330127018922193,7.832705000000001,8.15168,7.72638,0.4253000000000009,0.18416030211476125,7.5,10.0,0.0,10.0,4.330127018922194,0,1,0,1,0,0,0,1
SiCu3,211,BB,O,2.64587,"SUNCAT alloys, DACAPO/RPBE",1,2,1.9,1.9,1.9,0.0,0.0,128.75,135.0,110.0,25.0,10.825317547305483,11.75,14.0,11.0,3.0,1.299038105676658,3.75,4.0,3.0,1.0,0.4330127018922193,7.832705000000001,8.15168,7.72638,0.4253000000000009,0.18416030211476125,7.5,10.0,0.0,10.0,4.330127018922194,0,1,0,0,1,0,0,1
SiFe3,211,BB,O,3.17636,"SUNCAT alloys, DACAPO/RPBE",1,2,1.8475000000000001,1.9,1.83,0.06999999999999984,0.030310889132455283,132.5,140.0,110.0,30.0,12.99038105676658,9.5,14.0,8.0,6.0,2.598076211353316,3.75,4.0,3.0,1.0,0.4330127018922193,7.964771075,8.15168,7.9024681,0.2492119000000006,0.10791191816269383,4.5,6.0,0.0,6.0,2.598076211353316,0,1,0,0,1,0,0,1
SiNi3,211,AB,O,2.68889,"SUNCAT alloys, DACAPO/RPBE",1,2,1.9074999999999998,1.91,1.9,0.010000000000000009,0.004330127018922197,128.75,135.0,110.0,25.0,10.825317547305483,11.0,14.0,10.0,4.0,1.7320508075688772,3.75,4.0,3.0,1.0,0.4330127018922193,7.7678285,8.15168,7.639878,0.5118020000000003,0.22161676685384177,6.0,8.0,0.0,8.0,3.4641016151377544,0,1,0,1,0,0,0,1
SiNi3,211,BB,O,2.54685,"SUNCAT alloys, DACAPO/RPBE",1,2,1.9074999999999998,1.91,1.9,0.010000000000000009,0.004330127018922197,128.75,135.0,110.0,25.0,10.825317547305483,11.0,14.0,10.0,4.0,1.7320508075688772,3.75,4.0,3.0,1.0,0.4330127018922193,7.7678285,8.15168,7.639878,0.5118020000000003,0.22161676685384177,6.0,8.0,0.0,8.0,3.4641016151377544,0,1,0,0,1,0,0,1
SiPd3,211,AB,O,2.68112,"SUNCAT alloys, DACAPO/RPBE",1,2,2.125,2.2,1.9,0.30000000000000027,0.1299038105676659,132.5,140.0,110.0,30.0,12.99038105676658,11.0,14.0,10.0,4.0,1.7320508075688772,4.5,5.0,3.0,2.0,0.8660254037844386,8.29054925,8.336839,8.15168,0.18515899999999874,0.08017619886966089,7.5,10.0,0.0,10.0,4.330127018922194,0,1,0,1,0,0,0,1
SiPd3,211,BB,O,2.67515,"SUNCAT alloys, DACAPO/RPBE",1,2,2.125,2.2,1.9,0.30000000000000027,0.1299038105676659,132.5,140.0,110.0,30.0,12.99038105676658,11.0,14.0,10.0,4.0,1.7320508075688772,4.5,5.0,3.0,2.0,0.8660254037844386,8.29054925,8.336839,8.15168,0.18515899999999874,0.08017619886966089,7.5,10.0,0.0,10.0,4.330127018922194,0,1,0,0,1,0,0,1
Sn3La,111,none,CO,0.506524751,"SUNCAT alloys, DACAPO/RPBE",1,2,1.745,1.96,1.1,0.8599999999999999,0.3723909236273086,157.5,195.0,145.0,50.0,21.650635094610966,11.25,14.0,3.0,11.0,4.763139720814412,5.25,6.0,5.0,1.0,0.4330127018922193,6.9021635,7.343918,5.5769,1.7670180000000002,0.7651412384721857,7.75,10.0,1.0,9.0,3.897114317029974,1,0,0,0,0,1,1,0
Sn3Sc,111,none,CO,0.736524751,"SUNCAT alloys, DACAPO/RPBE",1,2,1.81,1.96,1.36,0.5999999999999999,0.25980762113533157,148.75,160.0,145.0,15.0,6.49519052838329,11.25,14.0,3.0,11.0,4.763139720814412,4.75,5.0,4.0,1.0,0.4330127018922193,7.148311,7.343918,6.56149,0.7824280000000003,0.33880126231612556,7.75,10.0,1.0,9.0,3.897114317029974,1,0,0,0,0,1,1,0
Sn3Y,111,none,CO,0.646524751,"SUNCAT alloys, DACAPO/RPBE",1,2,1.775,1.96,1.22,0.74,0.3204293994002423,153.75,180.0,145.0,35.0,15.155444566227676,11.25,14.0,3.0,11.0,4.763139720814412,5.0,5.0,5.0,0.0,0.0,7.0622535,7.343918,6.21726,1.1266580000000008,0.4878572246884844,7.75,10.0,1.0,9.0,3.897114317029974,1,0,0,0,0,1,1,0
Sn3Zr,111,none,CO,1.046524751,"SUNCAT alloys, DACAPO/RPBE",1,2,1.8025,1.96,1.33,0.6299999999999999,0.27279800219209815,147.5,155.0,145.0,10.0,4.330127018922194,11.5,14.0,4.0,10.0,4.330127018922194,5.0,5.0,5.0,0.0,0.0,7.16647,7.343918,6.634126,0.7097920000000002,0.30734895170148224,8.0,10.0,2.0,8.0,3.4641016151377544,1,0,0,0,0,1,1,0
SnAg3,211,AB,O,1.53742,"SUNCAT alloys, DACAPO/RPBE",1,2,1.9375,1.96,1.93,0.030000000000000027,0.012990381056766592,156.25,160.0,145.0,15.0,6.49519052838329,11.75,14.0,11.0,3.0,1.299038105676658,5.0,5.0,5.0,0.0,0.0,7.518155,7.576234,7.343918,0.23231599999999997,0.10059577885279282,10.0,10.0,10.0,0.0,0.0,0,1,0,1,0,0,0,1
SnAg3,211,BB,O,1.43152,"SUNCAT alloys, DACAPO/RPBE",1,2,1.9375,1.96,1.93,0.030000000000000027,0.012990381056766592,156.25,160.0,145.0,15.0,6.49519052838329,11.75,14.0,11.0,3.0,1.299038105676658,5.0,5.0,5.0,0.0,0.0,7.518155,7.576234,7.343918,0.23231599999999997,0.10059577885279282,10.0,10.0,10.0,0.0,0.0,0,1,0,0,1,0,0,1
SnAu3,211,AB,O,1.47143,"SUNCAT alloys, DACAPO/RPBE",1,2,2.29,2.4,1.96,0.43999999999999995,0.19052558883257648,137.5,145.0,135.0,10.0,4.330127018922194,11.75,14.0,11.0,3.0,1.299038105676658,5.75,6.0,5.0,1.0,0.4330127018922193,8.755145,9.225554,7.343918,1.8816360000000003,0.8147722883376681,10.0,10.0,10.0,0.0,0.0,0,1,0,1,0,0,0,1
SnAu3,211,BB,O,0.84863,"SUNCAT alloys, DACAPO/RPBE",1,2,2.29,2.4,1.96,0.43999999999999995,0.19052558883257648,137.5,145.0,135.0,10.0,4.330127018922194,11.75,14.0,11.0,3.0,1.299038105676658,5.75,6.0,5.0,1.0,0.4330127018922193,8.755145,9.225554,7.343918,1.8816360000000003,0.8147722883376681,10.0,10.0,10.0,0.0,0.0,0,1,0,0,1,0,0,1
SnCu3,211,AB,O,1.82972,"SUNCAT alloys, DACAPO/RPBE",1,2,1.9149999999999998,1.96,1.9,0.06000000000000005,0.025980762113533184,137.5,145.0,135.0,10.0,4.330127018922194,11.75,14.0,11.0,3.0,1.299038105676658,4.25,5.0,4.0,1.0,0.4330127018922193,7.6307645,7.72638,7.343918,0.3824619999999994,0.16561090399110173,10.0,10.0,10.0,0.0,0.0,0,1,0,1,0,0,0,1
SnCu3,211,BB,O,1.83859,"SUNCAT alloys, DACAPO/RPBE",1,2,1.9149999999999998,1.96,1.9,0.06000000000000005,0.025980762113533184,137.5,145.0,135.0,10.0,4.330127018922194,11.75,14.0,11.0,3.0,1.299038105676658,4.25,5.0,4.0,1.0,0.4330127018922193,7.6307645,7.72638,7.343918,0.3824619999999994,0.16561090399110173,10.0,10.0,10.0,0.0,0.0,0,1,0,0,1,0,0,1
SnIr3,211,AB,O,1.8884,"SUNCAT alloys, DACAPO/RPBE",1,2,2.14,2.2,1.96,0.2400000000000002,0.10392304845413274,137.5,145.0,135.0,10.0,4.330127018922194,10.25,14.0,9.0,5.0,2.165063509461097,5.75,6.0,5.0,1.0,0.4330127018922193,8.5612445,8.96702,7.343918,1.6231019999999994,0.7028237824666648,7.75,10.0,7.0,3.0,1.299038105676658,0,1,0,1,0,0,0,1
SnIr3,211,BB,O,2.9121,"SUNCAT alloys, DACAPO/RPBE",1,2,2.14,2.2,1.96,0.2400000000000002,0.10392304845413274,137.5,145.0,135.0,10.0,4.330127018922194,10.25,14.0,9.0,5.0,2.165063509461097,5.75,6.0,5.0,1.0,0.4330127018922193,8.5612445,8.96702,7.343918,1.6231019999999994,0.7028237824666648,7.75,10.0,7.0,3.0,1.299038105676658,0,1,0,0,1,0,0,1
SnNi3,211,AB,O,1.98301,"SUNCAT alloys, DACAPO/RPBE",1,2,1.9224999999999999,1.96,1.91,0.050000000000000044,0.021650635094610987,137.5,145.0,135.0,10.0,4.330127018922194,11.0,14.0,10.0,4.0,1.7320508075688772,4.25,5.0,4.0,1.0,0.4330127018922193,7.565888000000001,7.639878,7.343918,0.29596,0.12815443925202125,8.5,10.0,8.0,2.0,0.8660254037844386,0,1,0,1,0,0,0,1
SnNi3,211,BB,O,2.55512,"SUNCAT alloys, DACAPO/RPBE",1,2,1.9224999999999999,1.96,1.91,0.050000000000000044,0.021650635094610987,137.5,145.0,135.0,10.0,4.330127018922194,11.0,14.0,10.0,4.0,1.7320508075688772,4.25,5.0,4.0,1.0,0.4330127018922193,7.565888000000001,7.639878,7.343918,0.29596,0.12815443925202125,8.5,10.0,8.0,2.0,0.8660254037844386,0,1,0,0,1,0,0,1
SnPd,211,AA,O,1.33771,"SUNCAT alloys, DACAPO/RPBE",1,2,2.08,2.2,1.96,0.2400000000000002,0.1200000000000001,142.5,145.0,140.0,5.0,2.5,12.0,14.0,10.0,4.0,2.0,5.0,5.0,5.0,0.0,0.0,7.8403785,8.336839,7.343918,0.992920999999999,0.4964604999999995,10.0,10.0,10.0,0.0,0.0,0,1,1,0,0,0,0,1
SnPd,211,BB,O,1.49716,"SUNCAT alloys, DACAPO/RPBE",1,2,2.08,2.2,1.96,0.2400000000000002,0.1200000000000001,142.5,145.0,140.0,5.0,2.5,12.0,14.0,10.0,4.0,2.0,5.0,5.0,5.0,0.0,0.0,7.8403785,8.336839,7.343918,0.992920999999999,0.4964604999999995,10.0,10.0,10.0,0.0,0.0,0,1,0,0,1,0,0,1
SnPd3,211,AB,O,0.9649,"SUNCAT alloys, DACAPO/RPBE",1,2,2.14,2.2,1.96,0.2400000000000002,0.10392304845413274,141.25,145.0,140.0,5.0,2.165063509461097,11.0,14.0,10.0,4.0,1.7320508075688772,5.0,5.0,5.0,0.0,0.0,8.08860875,8.336839,7.343918,0.992920999999999,0.4299474049755239,10.0,10.0,10.0,0.0,0.0,0,1,0,1,0,0,0,1
SnPd3,211,BB,O,1.0198,"SUNCAT alloys, DACAPO/RPBE",1,2,2.14,2.2,1.96,0.2400000000000002,0.10392304845413274,141.25,145.0,140.0,5.0,2.165063509461097,11.0,14.0,10.0,4.0,1.7320508075688772,5.0,5.0,5.0,0.0,0.0,8.08860875,8.336839,7.343918,0.992920999999999,0.4299474049755239,10.0,10.0,10.0,0.0,0.0,0,1,0,0,1,0,0,1
SnPt,211,AA,O,1.47768,"SUNCAT alloys, DACAPO/RPBE",1,2,2.08,2.2,1.96,0.2400000000000002,0.1200000000000001,140.0,145.0,135.0,10.0,5.0,12.0,14.0,10.0,4.0,2.0,5.5,6.0,5.0,1.0,0.5,8.151374,8.95883,7.343918,1.6149120000000003,0.8074560000000002,9.5,10.0,9.0,1.0,0.5,0,1,1,0,0,0,0,1
SnPt,211,BB,O,1.51618,"SUNCAT alloys, DACAPO/RPBE",1,2,2.08,2.2,1.96,0.2400000000000002,0.1200000000000001,140.0,145.0,135.0,10.0,5.0,12.0,14.0,10.0,4.0,2.0,5.5,6.0,5.0,1.0,0.5,8.151374,8.95883,7.343918,1.6149120000000003,0.8074560000000002,9.5,10.0,9.0,1.0,0.5,0,1,0,0,1,0,0,1
SnPt3,211,AB,O,1.08843,"SUNCAT alloys, DACAPO/RPBE",1,2,2.14,2.2,1.96,0.2400000000000002,0.10392304845413274,137.5,145.0,135.0,10.0,4.330127018922194,11.0,14.0,10.0,4.0,1.7320508075688772,5.75,6.0,5.0,1.0,0.4330127018922193,8.555102000000002,8.95883,7.343918,1.6149120000000003,0.6992774084381678,9.25,10.0,9.0,1.0,0.4330127018922193,0,1,0,1,0,0,0,1
SnPt3,211,BB,O,1.37772,"SUNCAT alloys, DACAPO/RPBE",1,2,2.14,2.2,1.96,0.2400000000000002,0.10392304845413274,137.5,145.0,135.0,10.0,4.330127018922194,11.0,14.0,10.0,4.0,1.7320508075688772,5.75,6.0,5.0,1.0,0.4330127018922193,8.555102000000002,8.95883,7.343918,1.6149120000000003,0.6992774084381678,9.25,10.0,9.0,1.0,0.4330127018922193,0,1,0,0,1,0,0,1
SnRh,211,AA,O,1.86706,"SUNCAT alloys, DACAPO/RPBE",1,2,2.12,2.28,1.96,0.31999999999999984,0.15999999999999992,140.0,145.0,135.0,10.0,5.0,11.5,14.0,9.0,5.0,2.5,5.0,5.0,5.0,0.0,0.0,7.401409,7.4589,7.343918,0.11498199999999947,0.05749099999999974,9.0,10.0,8.0,2.0,1.0,0,1,1,0,0,0,0,1
SnRh,211,BB,O,1.70942,"SUNCAT alloys, DACAPO/RPBE",1,2,2.12,2.28,1.96,0.31999999999999984,0.15999999999999992,140.0,145.0,135.0,10.0,5.0,11.5,14.0,9.0,5.0,2.5,5.0,5.0,5.0,0.0,0.0,7.401409,7.4589,7.343918,0.11498199999999947,0.05749099999999974,9.0,10.0,8.0,2.0,1.0,0,1,0,0,1,0,0,1
SnRh3,211,AB,O,1.84367,"SUNCAT alloys, DACAPO/RPBE",1,2,2.2,2.28,1.96,0.31999999999999984,0.1385640646055101,137.5,145.0,135.0,10.0,4.330127018922194,10.25,14.0,9.0,5.0,2.165063509461097,5.0,5.0,5.0,0.0,0.0,7.4301545,7.4589,7.343918,0.11498199999999947,0.049788666488970935,8.5,10.0,8.0,2.0,0.8660254037844386,0,1,0,1,0,0,0,1
SnRh3,211,BB,O,2.31472,"SUNCAT alloys, DACAPO/RPBE",1,2,2.2,2.28,1.96,0.31999999999999984,0.1385640646055101,137.5,145.0,135.0,10.0,4.330127018922194,10.25,14.0,9.0,5.0,2.165063509461097,5.0,5.0,5.0,0.0,0.0,7.4301545,7.4589,7.343918,0.11498199999999947,0.049788666488970935,8.5,10.0,8.0,2.0,0.8660254037844386,0,1,0,0,1,0,0,1
SnRu,211,AA,O,2.34338,"SUNCAT alloys, DACAPO/RPBE",1,2,2.08,2.2,1.96,0.2400000000000002,0.1200000000000001,137.5,145.0,130.0,15.0,7.5,11.0,14.0,8.0,6.0,3.0,5.0,5.0,5.0,0.0,0.0,7.352209,7.3605,7.343918,0.016581999999999653,0.008290999999999826,8.5,10.0,7.0,3.0,1.5,0,1,1,0,0,0,0,1
SnRu,211,BB,O,1.57695,"SUNCAT alloys, DACAPO/RPBE",1,2,2.08,2.2,1.96,0.2400000000000002,0.1200000000000001,137.5,145.0,130.0,15.0,7.5,11.0,14.0,8.0,6.0,3.0,5.0,5.0,5.0,0.0,0.0,7.352209,7.3605,7.343918,0.016581999999999653,0.008290999999999826,8.5,10.0,7.0,3.0,1.5,0,1,0,0,1,0,0,1
SnSn3,211,AB,O,2.15815,"SUNCAT alloys, DACAPO/RPBE",1,1,1.96,1.96,1.96,0.0,0.0,145.0,145.0,145.0,0.0,0.0,14.0,14.0,14.0,0.0,0.0,5.0,5.0,5.0,0.0,0.0,7.343918,7.343918,7.343918,0.0,0.0,10.0,10.0,10.0,0.0,0.0,0,1,0,1,0,0,0,1
Ta3Al,111,none,CO,2.216524751,"SUNCAT alloys, DACAPO/RPBE",1,2,1.5275,1.61,1.5,0.1100000000000001,0.04763139720814417,140.0,145.0,125.0,20.0,8.660254037844387,7.0,13.0,5.0,8.0,3.4641016151377544,5.25,6.0,3.0,3.0,1.299038105676658,7.1586205000000005,7.549571,5.985769,1.563802,0.6771461292444563,2.25,3.0,0.0,3.0,1.299038105676658,1,0,0,0,0,1,1,0
Ta3Ge,111,none,CO,2.29652475099,"SUNCAT alloys, DACAPO/RPBE",1,2,1.6275,2.01,1.5,0.5099999999999998,0.22083647796503175,140.0,145.0,125.0,20.0,8.660254037844387,7.25,14.0,5.0,9.0,3.897114317029974,5.5,6.0,4.0,2.0,0.8660254037844386,7.637037,7.899435,7.549571,0.3498640000000002,0.1514955559348195,4.75,10.0,3.0,7.0,3.031088913245535,1,0,0,0,0,1,1,0
Ta3Pt,111,none,CO,2.616524751,"SUNCAT alloys, DACAPO/RPBE",1,2,1.675,2.2,1.5,0.7000000000000002,0.3031088913245536,142.5,145.0,135.0,10.0,4.330127018922194,6.25,10.0,5.0,5.0,2.165063509461097,6.0,6.0,6.0,0.0,0.0,7.90188575,8.95883,7.549571,1.4092590000000005,0.6102270472559274,4.5,9.0,3.0,6.0,2.598076211353316,1,0,0,0,0,1,1,0
Ta3Si,111,none,CO,2.246524751,"SUNCAT alloys, DACAPO/RPBE",1,2,1.6,1.9,1.5,0.3999999999999999,0.1732050807568877,136.25,145.0,110.0,35.0,15.155444566227676,7.25,14.0,5.0,9.0,3.897114317029974,5.25,6.0,3.0,3.0,1.299038105676658,7.70009825,8.15168,7.549571,0.6021090000000004,0.26072084492362246,2.25,3.0,0.0,3.0,1.299038105676658,1,0,0,0,0,1,1,0
TaPd3,211,AB,O,5.06844,"SUNCAT alloys, DACAPO/RPBE",1,2,2.0250000000000004,2.2,1.5,0.7000000000000002,0.3031088913245536,141.25,145.0,140.0,5.0,2.165063509461097,8.75,10.0,5.0,5.0,2.165063509461097,5.25,6.0,5.0,1.0,0.4330127018922193,8.140022,8.336839,7.549571,0.7872679999999992,0.3408970437932834,8.25,10.0,3.0,7.0,3.031088913245535,0,1,0,1,0,0,0,1
TaPd3,211,BB,O,4.49478,"SUNCAT alloys, DACAPO/RPBE",1,2,2.0250000000000004,2.2,1.5,0.7000000000000002,0.3031088913245536,141.25,145.0,140.0,5.0,2.165063509461097,8.75,10.0,5.0,5.0,2.165063509461097,5.25,6.0,5.0,1.0,0.4330127018922193,8.140022,8.336839,7.549571,0.7872679999999992,0.3408970437932834,8.25,10.0,3.0,7.0,3.031088913245535,0,1,0,0,1,0,0,1
TaPt3,211,AB,O,4.48095,"SUNCAT alloys, DACAPO/RPBE",1,2,2.0250000000000004,2.2,1.5,0.7000000000000002,0.3031088913245536,137.5,145.0,135.0,10.0,4.330127018922194,8.75,10.0,5.0,5.0,2.165063509461097,6.0,6.0,6.0,0.0,0.0,8.606515250000001,8.95883,7.549571,1.4092590000000005,0.6102270472559274,7.5,9.0,3.0,6.0,2.598076211353316,0,1,0,1,0,0,0,1
TaPt3,211,BB,O,3.8671,"SUNCAT alloys, DACAPO/RPBE",1,2,2.0250000000000004,2.2,1.5,0.7000000000000002,0.3031088913245536,137.5,145.0,135.0,10.0,4.330127018922194,8.75,10.0,5.0,5.0,2.165063509461097,6.0,6.0,6.0,0.0,0.0,8.606515250000001,8.95883,7.549571,1.4092590000000005,0.6102270472559274,7.5,9.0,3.0,6.0,2.598076211353316,0,1,0,0,1,0,0,1
TaRh3,211,AB,O,3.98904,"SUNCAT alloys, DACAPO/RPBE",1,2,2.085,2.28,1.5,0.7799999999999998,0.337749907475931,137.5,145.0,135.0,10.0,4.330127018922194,8.0,9.0,5.0,4.0,1.7320508075688772,5.25,6.0,5.0,1.0,0.4330127018922193,7.48156775,7.549571,7.4589,0.09067100000000039,0.03926169469326959,6.75,8.0,3.0,5.0,2.165063509461097,0,1,0,1,0,0,0,1
TaRh3,211,BB,O,3.24235,"SUNCAT alloys, DACAPO/RPBE",1,2,2.085,2.28,1.5,0.7799999999999998,0.337749907475931,137.5,145.0,135.0,10.0,4.330127018922194,8.0,9.0,5.0,4.0,1.7320508075688772,5.25,6.0,5.0,1.0,0.4330127018922193,7.48156775,7.549571,7.4589,0.09067100000000039,0.03926169469326959,6.75,8.0,3.0,5.0,2.165063509461097,0,1,0,0,1,0,0,1
TaRu3,211,AB,O,3.83994,"SUNCAT alloys, DACAPO/RPBE",1,2,2.0250000000000004,2.2,1.5,0.7000000000000002,0.3031088913245536,133.75,145.0,130.0,15.0,6.49519052838329,7.25,8.0,5.0,3.0,1.299038105676658,5.25,6.0,5.0,1.0,0.4330127018922193,7.40776775,7.549571,7.3605,0.1890710000000002,0.0818701445594639,6.0,7.0,3.0,4.0,1.7320508075688772,0,1,0,1,0,0,0,1
Ti3Al,111,none,CO,2.296524751,"SUNCAT alloys, DACAPO/RPBE",1,2,1.5575,1.61,1.54,0.07000000000000006,0.03031088913245538,136.25,140.0,125.0,15.0,6.49519052838329,6.25,13.0,4.0,9.0,3.897114317029974,3.75,4.0,3.0,1.0,0.4330127018922193,6.617532250000001,6.82812,5.985769,0.8423509999999998,0.36474868245161274,1.5,2.0,0.0,2.0,0.8660254037844386,1,0,0,0,0,1,1,0
Ti3As,111,none,CO,2.466524751,"SUNCAT alloys, DACAPO/RPBE",1,2,1.7000000000000002,2.18,1.54,0.6400000000000001,0.2771281292110204,133.75,140.0,115.0,25.0,10.825317547305483,6.75,15.0,4.0,11.0,4.763139720814412,4.0,4.0,4.0,0.0,0.0,7.568227500000001,9.78855,6.82812,2.9604300000000006,1.281903793062783,4.0,10.0,2.0,8.0,3.4641016151377544,1,0,0,0,0,1,1,0
Ti3Au,111,none,CO,2.526524751,"SUNCAT alloys, DACAPO/RPBE",1,2,1.755,2.4,1.54,0.8599999999999999,0.3723909236273086,138.75,140.0,135.0,5.0,2.165063509461097,5.75,11.0,4.0,7.0,3.031088913245535,4.5,6.0,4.0,2.0,0.8660254037844386,7.427478500000001,9.225554,6.82812,2.3974340000000005,1.0381193739482713,4.0,10.0,2.0,8.0,3.4641016151377544,1,0,0,0,0,1,1,0
Ti3Bi,111,none,CO,2.476524751,"SUNCAT alloys, DACAPO/RPBE",1,2,1.63,1.9,1.54,0.3599999999999999,0.1558845726811989,145.0,160.0,140.0,20.0,8.660254037844387,6.75,15.0,4.0,11.0,4.763139720814412,4.5,6.0,4.0,2.0,0.8660254037844386,6.942469000000001,7.285516,6.82812,0.45739600000000014,0.1980582777946936,4.0,10.0,2.0,8.0,3.4641016151377544,1,0,0,0,0,1,1,0
Ti3Ga,111,none,CO,2.246524751,"SUNCAT alloys, DACAPO/RPBE",1,2,1.6075,1.81,1.54,0.27,0.11691342951089922,137.5,140.0,130.0,10.0,4.330127018922194,6.25,13.0,4.0,9.0,3.897114317029974,4.0,4.0,4.0,0.0,0.0,6.620915500000001,6.82812,5.999302,0.828818,0.35888872155690543,4.0,10.0,2.0,8.0,3.4641016151377544,1,0,0,0,0,1,1,0
Ti3Ge,111,none,CO,2.276524751,"SUNCAT alloys, DACAPO/RPBE",1,2,1.6575,2.01,1.54,0.46999999999999975,0.20351596988934298,136.25,140.0,125.0,15.0,6.49519052838329,6.5,14.0,4.0,10.0,4.330127018922194,4.0,4.0,4.0,0.0,0.0,7.095948750000001,7.899435,6.82812,1.0713150000000002,0.46389300272766304,4.0,10.0,2.0,8.0,3.4641016151377544,1,0,0,0,0,1,1,0
Ti3In,111,none,CO,1.736524751,"SUNCAT alloys, DACAPO/RPBE",1,2,1.6,1.78,1.54,0.24,0.10392304845413264,143.75,155.0,140.0,15.0,6.49519052838329,6.25,13.0,4.0,9.0,3.897114317029974,4.25,5.0,4.0,1.0,0.4330127018922193,6.56767895,6.82812,5.7863558,1.0417642000000003,0.45109713097658644,4.0,10.0,2.0,8.0,3.4641016151377544,1,0,0,0,0,1,1,0
Ti3Pb,111,none,CO,2.356524751,"SUNCAT alloys, DACAPO/RPBE",1,2,1.605,1.8,1.54,0.26,0.11258330249197702,150.0,180.0,140.0,40.0,17.320508075688775,6.5,14.0,4.0,10.0,4.330127018922194,4.5,6.0,4.0,2.0,0.8660254037844386,6.975259975,7.4166799,6.82812,0.5885598999999999,0.25485391252441436,4.0,10.0,2.0,8.0,3.4641016151377544,1,0,0,0,0,1,1,0
Ti3Pd,111,none,CO,2.656524751,"SUNCAT alloys, DACAPO/RPBE",1,2,1.705,2.2,1.54,0.6600000000000001,0.2857883832488648,140.0,140.0,140.0,0.0,0.0,5.5,10.0,4.0,6.0,2.598076211353316,4.25,5.0,4.0,1.0,0.4330127018922193,7.20529975,8.336839,6.82812,1.5087189999999993,0.6532944905861269,4.0,10.0,2.0,8.0,3.4641016151377544,1,0,0,0,0,1,1,0
Ti3Pt,111,none,CO,2.516524751,"SUNCAT alloys, DACAPO/RPBE",1,2,1.705,2.2,1.54,0.6600000000000001,0.2857883832488648,138.75,140.0,135.0,5.0,2.165063509461097,5.5,10.0,4.0,6.0,2.598076211353316,4.5,6.0,4.0,2.0,0.8660254037844386,7.3607975,8.95883,6.82812,2.1307100000000005,0.9226244940487709,3.75,9.0,2.0,7.0,3.031088913245535,1,0,0,0,0,1,1,0
Ti3Sb,111,none,CO,2.406524751,"SUNCAT alloys, DACAPO/RPBE",1,2,1.6675,2.05,1.54,0.5099999999999998,0.22083647796503175,141.25,145.0,140.0,5.0,2.165063509461097,6.75,15.0,4.0,11.0,4.763139720814412,4.25,5.0,4.0,1.0,0.4330127018922193,7.273187250000001,8.608389,6.82812,1.7802690000000005,0.7708790897849597,4.0,10.0,2.0,8.0,3.4641016151377544,1,0,0,0,0,1,1,0
Ti3Si,111,none,CO,2.076524751,"SUNCAT alloys, DACAPO/RPBE",1,2,1.63,1.9,1.54,0.3599999999999999,0.1558845726811989,132.5,140.0,110.0,30.0,12.99038105676658,6.5,14.0,4.0,10.0,4.330127018922194,3.75,4.0,3.0,1.0,0.4330127018922193,7.15901,8.15168,6.82812,1.3235600000000005,0.573118291716466,1.5,2.0,0.0,2.0,0.8660254037844386,1,0,0,0,0,1,1,0
Ti3Sn,111,none,CO,2.286524751,"SUNCAT alloys, DACAPO/RPBE",1,2,1.645,1.96,1.54,0.41999999999999993,0.1818653347947321,141.25,145.0,140.0,5.0,2.165063509461097,6.5,14.0,4.0,10.0,4.330127018922194,4.25,5.0,4.0,1.0,0.4330127018922193,6.957069500000001,7.343918,6.82812,0.5157980000000002,0.22334708561060304,4.0,10.0,2.0,8.0,3.4641016151377544,1,0,0,0,0,1,1,0
Ti3Zn,111,none,CO,2.376524751,"SUNCAT alloys, DACAPO/RPBE",1,2,1.5675,1.65,1.54,0.10999999999999988,0.04763139720814407,138.75,140.0,135.0,5.0,2.165063509461097,6.0,12.0,4.0,8.0,3.4641016151377544,4.0,4.0,4.0,0.0,0.0,7.46963925,9.394197,6.82812,2.566077,1.1111439350334804,4.0,10.0,2.0,8.0,3.4641016151377544,1,0,0,0,0,1,1,0
TiNi3,211,AB,O,4.13268,"SUNCAT alloys, DACAPO/RPBE",1,2,1.8175,1.91,1.54,0.3699999999999999,0.1602146997001211,136.25,140.0,135.0,5.0,2.165063509461097,8.5,10.0,4.0,6.0,2.598076211353316,4.0,4.0,4.0,0.0,0.0,7.4369385,7.639878,6.82812,0.8117580000000002,0.35150152486262426,6.5,8.0,2.0,6.0,2.598076211353316,0,1,0,1,0,0,0,1
TiNi3,211,BB,O,3.49475,"SUNCAT alloys, DACAPO/RPBE",1,2,1.8175,1.91,1.54,0.3699999999999999,0.1602146997001211,136.25,140.0,135.0,5.0,2.165063509461097,8.5,10.0,4.0,6.0,2.598076211353316,4.0,4.0,4.0,0.0,0.0,7.4369385,7.639878,6.82812,0.8117580000000002,0.35150152486262426,6.5,8.0,2.0,6.0,2.598076211353316,0,1,0,0,1,0,0,1
TiPd3,211,AB,O,3.98338,"SUNCAT alloys, DACAPO/RPBE",1,2,2.035,2.2,1.54,0.6600000000000001,0.2857883832488648,140.0,140.0,140.0,0.0,0.0,8.5,10.0,4.0,6.0,2.598076211353316,4.75,5.0,4.0,1.0,0.4330127018922193,7.95965925,8.336839,6.82812,1.5087189999999993,0.6532944905861269,8.0,10.0,2.0,8.0,3.4641016151377544,0,1,0,1,0,0,0,1
TiPd3,211,BB,O,3.20419,"SUNCAT alloys, DACAPO/RPBE",1,2,2.035,2.2,1.54,0.6600000000000001,0.2857883832488648,140.0,140.0,140.0,0.0,0.0,8.5,10.0,4.0,6.0,2.598076211353316,4.75,5.0,4.0,1.0,0.4330127018922193,7.95965925,8.336839,6.82812,1.5087189999999993,0.6532944905861269,8.0,10.0,2.0,8.0,3.4641016151377544,0,1,0,0,1,0,0,1
TiPt3,211,AB,O,3.60601,"SUNCAT alloys, DACAPO/RPBE",1,2,2.035,2.2,1.54,0.6600000000000001,0.2857883832488648,136.25,140.0,135.0,5.0,2.165063509461097,8.5,10.0,4.0,6.0,2.598076211353316,5.5,6.0,4.0,2.0,0.8660254037844386,8.4261525,8.95883,6.82812,2.1307100000000005,0.9226244940487709,7.25,9.0,2.0,7.0,3.031088913245535,0,1,0,1,0,0,0,1
TiPt3,211,BB,O,2.70208,"SUNCAT alloys, DACAPO/RPBE",1,2,2.035,2.2,1.54,0.6600000000000001,0.2857883832488648,136.25,140.0,135.0,5.0,2.165063509461097,8.5,10.0,4.0,6.0,2.598076211353316,5.5,6.0,4.0,2.0,0.8660254037844386,8.4261525,8.95883,6.82812,2.1307100000000005,0.9226244940487709,7.25,9.0,2.0,7.0,3.031088913245535,0,1,0,0,1,0,0,1
TiRh3,211,AB,O,3.55524,"SUNCAT alloys, DACAPO/RPBE",1,2,2.0949999999999998,2.28,1.54,0.7399999999999998,0.3204293994002422,136.25,140.0,135.0,5.0,2.165063509461097,7.75,9.0,4.0,5.0,2.165063509461097,4.75,5.0,4.0,1.0,0.4330127018922193,7.3012049999999995,7.4589,6.82812,0.6307799999999997,0.27313575209957397,6.5,8.0,2.0,6.0,2.598076211353316,0,1,0,1,0,0,0,1
TiRh3,211,BB,O,3.17597,"SUNCAT alloys, DACAPO/RPBE",1,2,2.0949999999999998,2.28,1.54,0.7399999999999998,0.3204293994002422,136.25,140.0,135.0,5.0,2.165063509461097,7.75,9.0,4.0,5.0,2.165063509461097,4.75,5.0,4.0,1.0,0.4330127018922193,7.3012049999999995,7.4589,6.82812,0.6307799999999997,0.27313575209957397,6.5,8.0,2.0,6.0,2.598076211353316,0,1,0,0,1,0,0,1
TiRu3,211,AB,O,3.74203,"SUNCAT alloys, DACAPO/RPBE",1,2,2.035,2.2,1.54,0.6600000000000001,0.2857883832488648,132.5,140.0,130.0,10.0,4.330127018922194,7.0,8.0,4.0,4.0,1.7320508075688772,4.75,5.0,4.0,1.0,0.4330127018922193,7.227404999999999,7.3605,6.82812,0.5323799999999999,0.23052730223337967,5.75,7.0,2.0,5.0,2.165063509461097,0,1,0,1,0,0,0,1
TiRu3,211,BB,O,3.59421,"SUNCAT alloys, DACAPO/RPBE",1,2,2.035,2.2,1.54,0.6600000000000001,0.2857883832488648,132.5,140.0,130.0,10.0,4.330127018922194,7.0,8.0,4.0,4.0,1.7320508075688772,4.75,5.0,4.0,1.0,0.4330127018922193,7.227404999999999,7.3605,6.82812,0.5323799999999999,0.23052730223337967,5.75,7.0,2.0,5.0,2.165063509461097,0,1,0,0,1,0,0,1
TiZn3,211,AB,O,4.93999,"SUNCAT alloys, DACAPO/RPBE",1,2,1.6224999999999998,1.65,1.54,0.10999999999999988,0.04763139720814407,136.25,140.0,135.0,5.0,2.165063509461097,10.0,12.0,4.0,8.0,3.4641016151377544,4.0,4.0,4.0,0.0,0.0,8.75267775,9.394197,6.82812,2.566077,1.1111439350334804,8.0,10.0,2.0,8.0,3.4641016151377544,0,1,0,1,0,0,0,1
TiZn3,211,BB,O,4.21378,"SUNCAT alloys, DACAPO/RPBE",1,2,1.6224999999999998,1.65,1.54,0.10999999999999988,0.04763139720814407,136.25,140.0,135.0,5.0,2.165063509461097,10.0,12.0,4.0,8.0,3.4641016151377544,4.0,4.0,4.0,0.0,0.0,8.75267775,9.394197,6.82812,2.566077,1.1111439350334804,8.0,10.0,2.0,8.0,3.4641016151377544,0,1,0,0,1,0,0,1
Tl3Bi,111,none,CO,-0.103475248997,"SUNCAT alloys, DACAPO/RPBE",1,2,1.8250000000000002,1.9,1.8,0.09999999999999987,0.04330127018922188,182.5,190.0,160.0,30.0,12.99038105676658,13.5,15.0,13.0,2.0,0.8660254037844386,6.0,6.0,6.0,0.0,0.0,6.402594475,7.285516,6.1082873,1.1772287000000006,0.5097549801320652,10.0,10.0,10.0,0.0,0.0,1,0,0,0,0,1,1,0
Tl3La,111,none,CO,0.646524751,"SUNCAT alloys, DACAPO/RPBE",1,2,1.625,1.8,1.1,0.7,0.3031088913245535,191.25,195.0,190.0,5.0,2.165063509461097,10.5,13.0,3.0,10.0,4.330127018922194,6.0,6.0,6.0,0.0,0.0,5.975440474999999,6.1082873,5.5769,0.5313872999999996,0.23009745052421113,7.75,10.0,1.0,9.0,3.897114317029974,1,0,0,0,0,1,1,0
Tl3Sc,111,none,CO,0.966524750999,"SUNCAT alloys, DACAPO/RPBE",1,2,1.6900000000000002,1.8,1.36,0.43999999999999995,0.19052558883257648,182.5,190.0,160.0,30.0,12.99038105676658,10.5,13.0,3.0,10.0,4.330127018922194,5.5,6.0,4.0,2.0,0.8660254037844386,6.221587974999999,6.56149,6.1082873,0.4532027000000003,0.19624252563184905,7.75,10.0,1.0,9.0,3.897114317029974,1,0,0,0,0,1,1,0
Tl3Y,111,none,CO,0.856524751002,"SUNCAT alloys, DACAPO/RPBE",1,2,1.655,1.8,1.22,0.5800000000000001,0.25114736709748725,187.5,190.0,180.0,10.0,4.330127018922194,10.5,13.0,3.0,10.0,4.330127018922194,5.75,6.0,5.0,1.0,0.4330127018922193,6.1355304749999995,6.21726,6.1082873,0.10897269999999981,0.047186563259490166,7.75,10.0,1.0,9.0,3.897114317029974,1,0,0,0,0,1,1,0
TlPd3,211,AB,O,0.64336,"SUNCAT alloys, DACAPO/RPBE",1,2,2.1,2.2,1.8,0.40000000000000013,0.17320508075688779,152.5,190.0,140.0,50.0,21.650635094610966,10.75,13.0,10.0,3.0,1.299038105676658,5.25,6.0,5.0,1.0,0.4330127018922193,7.779701075,8.336839,6.1082873,2.2285516999999997,0.9649911929234984,10.0,10.0,10.0,0.0,0.0,0,1,0,1,0,0,0,1
TlPt3,211,AB,O,0.75462,"SUNCAT alloys, DACAPO/RPBE",1,2,2.1,2.2,1.8,0.40000000000000013,0.17320508075688779,148.75,190.0,135.0,55.0,23.81569860407206,10.75,13.0,10.0,3.0,1.299038105676658,6.0,6.0,6.0,0.0,0.0,8.246194325000001,8.95883,6.1082873,2.850542700000001,1.2343211963861425,9.25,10.0,9.0,1.0,0.4330127018922193,0,1,0,1,0,0,0,1
TlPt3,211,BB,O,1.42797,"SUNCAT alloys, DACAPO/RPBE",1,2,2.1,2.2,1.8,0.40000000000000013,0.17320508075688779,148.75,190.0,135.0,55.0,23.81569860407206,10.75,13.0,10.0,3.0,1.299038105676658,6.0,6.0,6.0,0.0,0.0,8.246194325000001,8.95883,6.1082873,2.850542700000001,1.2343211963861425,9.25,10.0,9.0,1.0,0.4330127018922193,0,1,0,0,1,0,0,1
TlTl3,211,AB,O,1.8907,"SUNCAT alloys, DACAPO/RPBE",1,1,1.8,1.8,1.8,0.0,0.0,190.0,190.0,190.0,0.0,0.0,13.0,13.0,13.0,0.0,0.0,6.0,6.0,6.0,0.0,0.0,6.1082873,6.1082873,6.1082873,0.0,0.0,10.0,10.0,10.0,0.0,0.0,0,1,0,1,0,0,0,1
V3Al,111,none,CO,1.996524751,"SUNCAT alloys, DACAPO/RPBE",1,2,1.625,1.63,1.61,0.019999999999999796,0.008660254037844298,132.5,135.0,125.0,10.0,4.330127018922194,7.0,13.0,5.0,8.0,3.4641016151377544,3.75,4.0,3.0,1.0,0.4330127018922193,6.5560825000000005,6.746187,5.985769,0.7604179999999996,0.32927065274747747,2.25,3.0,0.0,3.0,1.299038105676658,1,0,0,0,0,1,1,0
V3As,111,none,CO,1.986524751,"SUNCAT alloys, DACAPO/RPBE",1,2,1.7675,2.18,1.63,0.5500000000000003,0.23815698604072075,130.0,135.0,115.0,20.0,8.660254037844387,7.5,15.0,5.0,10.0,4.330127018922194,4.0,4.0,4.0,0.0,0.0,7.50677775,9.78855,6.746187,3.042363000000001,1.3173818227669183,4.75,10.0,3.0,7.0,3.031088913245535,1,0,0,0,0,1,1,0
V3Ga,111,none,CO,1.866524751,"SUNCAT alloys, DACAPO/RPBE",1,2,1.6749999999999998,1.81,1.63,0.18000000000000016,0.07794228634059955,133.75,135.0,130.0,5.0,2.165063509461097,7.0,13.0,5.0,8.0,3.4641016151377544,4.0,4.0,4.0,0.0,0.0,6.55946575,6.746187,5.999302,0.7468849999999998,0.32341069185277016,4.75,10.0,3.0,7.0,3.031088913245535,1,0,0,0,0,1,1,0
V3Ge,111,none,CO,1.836524751,"SUNCAT alloys, DACAPO/RPBE",1,2,1.7249999999999999,2.01,1.63,0.3799999999999999,0.1645448267190433,132.5,135.0,125.0,10.0,4.330127018922194,7.25,14.0,5.0,9.0,3.897114317029974,4.0,4.0,4.0,0.0,0.0,7.034499,7.899435,6.746187,1.1532480000000005,0.4993710324317983,4.75,10.0,3.0,7.0,3.031088913245535,1,0,0,0,0,1,1,0
V3Ir,111,none,CO,1.986524751,"SUNCAT alloys, DACAPO/RPBE",1,2,1.7725,2.2,1.63,0.5700000000000003,0.24681724007856512,135.0,135.0,135.0,0.0,0.0,6.0,9.0,5.0,4.0,1.7320508075688772,4.5,6.0,4.0,2.0,0.8660254037844386,7.301395250000001,8.96702,6.746187,2.220833,0.9616488977814031,4.0,7.0,3.0,4.0,1.7320508075688772,1,0,0,0,0,1,1,0
V3Sb,111,none,CO,1.796524751,"SUNCAT alloys, DACAPO/RPBE",1,2,1.7349999999999999,2.05,1.63,0.41999999999999993,0.1818653347947321,137.5,145.0,135.0,10.0,4.330127018922194,7.5,15.0,5.0,10.0,4.330127018922194,4.25,5.0,4.0,1.0,0.4330127018922193,7.2117375,8.608389,6.746187,1.8622020000000008,0.8063571194890949,4.75,10.0,3.0,7.0,3.031088913245535,1,0,0,0,0,1,1,0
V3Si,111,none,CO,1.786524751,"SUNCAT alloys, DACAPO/RPBE",1,2,1.6974999999999998,1.9,1.63,0.27,0.11691342951089922,128.75,135.0,110.0,25.0,10.825317547305483,7.25,14.0,5.0,9.0,3.897114317029974,3.75,4.0,3.0,1.0,0.4330127018922193,7.097560250000001,8.15168,6.746187,1.4054930000000008,0.6085963214206014,2.25,3.0,0.0,3.0,1.299038105676658,1,0,0,0,0,1,1,0
VIr3,211,AB,O,3.98162,"SUNCAT alloys, DACAPO/RPBE",1,2,2.0575,2.2,1.63,0.5700000000000003,0.24681724007856512,135.0,135.0,135.0,0.0,0.0,8.0,9.0,5.0,4.0,1.7320508075688772,5.5,6.0,4.0,2.0,0.8660254037844386,8.41181175,8.96702,6.746187,2.220833,0.961648897781403,6.0,7.0,3.0,4.0,1.7320508075688772,0,1,0,1,0,0,0,1
VIr3,211,BB,O,2.83267,"SUNCAT alloys, DACAPO/RPBE",1,2,2.0575,2.2,1.63,0.5700000000000003,0.24681724007856512,135.0,135.0,135.0,0.0,0.0,8.0,9.0,5.0,4.0,1.7320508075688772,5.5,6.0,4.0,2.0,0.8660254037844386,8.41181175,8.96702,6.746187,2.220833,0.961648897781403,6.0,7.0,3.0,4.0,1.7320508075688772,0,1,0,0,1,0,0,1
VPd3,211,AB,O,4.47326,"SUNCAT alloys, DACAPO/RPBE",1,2,2.0575,2.2,1.63,0.5700000000000003,0.24681724007856512,138.75,140.0,135.0,5.0,2.165063509461097,8.75,10.0,5.0,5.0,2.165063509461097,4.75,5.0,4.0,1.0,0.4330127018922193,7.939176,8.336839,6.746187,1.5906519999999995,0.6887725202902623,8.25,10.0,3.0,7.0,3.031088913245535,0,1,0,1,0,0,0,1
VPd3,211,BB,O,3.82708,"SUNCAT alloys, DACAPO/RPBE",1,2,2.0575,2.2,1.63,0.5700000000000003,0.24681724007856512,138.75,140.0,135.0,5.0,2.165063509461097,8.75,10.0,5.0,5.0,2.165063509461097,4.75,5.0,4.0,1.0,0.4330127018922193,7.939176,8.336839,6.746187,1.5906519999999995,0.6887725202902623,8.25,10.0,3.0,7.0,3.031088913245535,0,1,0,0,1,0,0,1
VPt3,211,AB,O,4.00784,"SUNCAT alloys, DACAPO/RPBE",1,2,2.0575,2.2,1.63,0.5700000000000003,0.24681724007856512,135.0,135.0,135.0,0.0,0.0,8.75,10.0,5.0,5.0,2.165063509461097,5.5,6.0,4.0,2.0,0.8660254037844386,8.40566925,8.95883,6.746187,2.212643000000001,0.9581025237529062,7.5,9.0,3.0,6.0,2.598076211353316,0,1,0,1,0,0,0,1
VPt3,211,BB,O,3.50314,"SUNCAT alloys, DACAPO/RPBE",1,2,2.0575,2.2,1.63,0.5700000000000003,0.24681724007856512,135.0,135.0,135.0,0.0,0.0,8.75,10.0,5.0,5.0,2.165063509461097,5.5,6.0,4.0,2.0,0.8660254037844386,8.40566925,8.95883,6.746187,2.212643000000001,0.9581025237529062,7.5,9.0,3.0,6.0,2.598076211353316,0,1,0,0,1,0,0,1
VRh3,211,AB,O,3.93373,"SUNCAT alloys, DACAPO/RPBE",1,2,2.1174999999999997,2.28,1.63,0.6499999999999999,0.2814582562299425,135.0,135.0,135.0,0.0,0.0,8.0,9.0,5.0,4.0,1.7320508075688772,4.75,5.0,4.0,1.0,0.4330127018922193,7.28072175,7.4589,6.746187,0.7127129999999999,0.3086137818037093,6.75,8.0,3.0,5.0,2.165063509461097,0,1,0,1,0,0,0,1
VRh3,211,BB,O,3.1175,"SUNCAT alloys, DACAPO/RPBE",1,2,2.1174999999999997,2.28,1.63,0.6499999999999999,0.2814582562299425,135.0,135.0,135.0,0.0,0.0,8.0,9.0,5.0,4.0,1.7320508075688772,4.75,5.0,4.0,1.0,0.4330127018922193,7.28072175,7.4589,6.746187,0.7127129999999999,0.3086137818037093,6.75,8.0,3.0,5.0,2.165063509461097,0,1,0,0,1,0,0,1
VRu3,211,AB,O,3.73636,"SUNCAT alloys, DACAPO/RPBE",1,2,2.0575,2.2,1.63,0.5700000000000003,0.24681724007856512,131.25,135.0,130.0,5.0,2.165063509461097,7.25,8.0,5.0,3.0,1.299038105676658,4.75,5.0,4.0,1.0,0.4330127018922193,7.206921749999999,7.3605,6.746187,0.6143130000000001,0.26600533193751497,6.0,7.0,3.0,4.0,1.7320508075688772,0,1,0,1,0,0,0,1
VRu3,211,BB,O,3.52507,"SUNCAT alloys, DACAPO/RPBE",1,2,2.0575,2.2,1.63,0.5700000000000003,0.24681724007856512,131.25,135.0,130.0,5.0,2.165063509461097,7.25,8.0,5.0,3.0,1.299038105676658,4.75,5.0,4.0,1.0,0.4330127018922193,7.206921749999999,7.3605,6.746187,0.6143130000000001,0.26600533193751497,6.0,7.0,3.0,4.0,1.7320508075688772,0,1,0,0,1,0,0,1
VV3,211,AB,O,5.22631,"SUNCAT alloys, DACAPO/RPBE",1,1,1.63,1.63,1.63,0.0,0.0,135.0,135.0,135.0,0.0,0.0,5.0,5.0,5.0,0.0,0.0,4.0,4.0,4.0,0.0,0.0,6.746187,6.746187,6.746187,0.0,0.0,3.0,3.0,3.0,0.0,0.0,0,1,0,1,0,0,0,1
WIr3,211,AB,O,4.31128,"SUNCAT alloys, DACAPO/RPBE",1,2,2.075,2.2,1.7,0.5000000000000002,0.21650635094610976,135.0,135.0,135.0,0.0,0.0,8.25,9.0,6.0,3.0,1.299038105676658,6.0,6.0,6.0,0.0,0.0,8.6912725,8.96702,7.86403,1.1029900000000001,0.47760868006009904,6.25,7.0,4.0,3.0,1.299038105676658,0,1,0,1,0,0,0,1
WIr3,211,BB,O,2.92523,"SUNCAT alloys, DACAPO/RPBE",1,2,2.075,2.2,1.7,0.5000000000000002,0.21650635094610976,135.0,135.0,135.0,0.0,0.0,8.25,9.0,6.0,3.0,1.299038105676658,6.0,6.0,6.0,0.0,0.0,8.6912725,8.96702,7.86403,1.1029900000000001,0.47760868006009904,6.25,7.0,4.0,3.0,1.299038105676658,0,1,0,0,1,0,0,1
WRh3,211,AB,O,4.55427,"SUNCAT alloys, DACAPO/RPBE",1,2,2.135,2.28,1.7,0.5799999999999998,0.25114736709748714,135.0,135.0,135.0,0.0,0.0,8.25,9.0,6.0,3.0,1.299038105676658,5.25,6.0,5.0,1.0,0.4330127018922193,7.5601825,7.86403,7.4589,0.40512999999999977,0.17542643591759471,7.0,8.0,4.0,4.0,1.7320508075688772,0,1,0,1,0,0,0,1
WRh3,211,BB,O,3.7118,"SUNCAT alloys, DACAPO/RPBE",1,2,2.135,2.28,1.7,0.5799999999999998,0.25114736709748714,135.0,135.0,135.0,0.0,0.0,8.25,9.0,6.0,3.0,1.299038105676658,5.25,6.0,5.0,1.0,0.4330127018922193,7.5601825,7.86403,7.4589,0.40512999999999977,0.17542643591759471,7.0,8.0,4.0,4.0,1.7320508075688772,0,1,0,0,1,0,0,1
WW3,211,AB,O,4.61113,"SUNCAT alloys, DACAPO/RPBE",1,1,1.7,1.7,1.7,0.0,0.0,135.0,135.0,135.0,0.0,0.0,6.0,6.0,6.0,0.0,0.0,6.0,6.0,6.0,0.0,0.0,7.86403,7.86403,7.86403,0.0,0.0,4.0,4.0,4.0,0.0,0.0,0,1,0,1,0,0,0,1
Y3Al,111,none,CO,2.226524751,"SUNCAT alloys, DACAPO/RPBE",1,2,1.3175000000000001,1.61,1.22,0.3900000000000001,0.16887495373796557,166.25,180.0,125.0,55.0,23.81569860407206,5.5,13.0,3.0,10.0,4.330127018922194,4.5,5.0,3.0,2.0,0.8660254037844386,6.15938725,6.21726,5.985769,0.23149099999999923,0.1002385433737314,0.75,1.0,0.0,1.0,0.4330127018922193,1,0,0,0,0,1,1,0
Y3Cd,111,none,CO,-0.00347524899814,"SUNCAT alloys, DACAPO/RPBE",1,2,1.3375,1.69,1.22,0.47,0.20351596988934306,173.75,180.0,155.0,25.0,10.825317547305483,5.25,12.0,3.0,9.0,3.897114317029974,5.0,5.0,5.0,0.0,0.0,6.9113999999999995,8.99382,6.21726,2.77656,1.2022857475658604,3.25,10.0,1.0,9.0,3.897114317029974,1,0,0,0,0,1,1,0
Y3Ga,111,none,CO,2.296524751,"SUNCAT alloys, DACAPO/RPBE",1,2,1.3675000000000002,1.81,1.22,0.5900000000000001,0.2554774941164094,167.5,180.0,130.0,50.0,21.650635094610966,5.5,13.0,3.0,10.0,4.330127018922194,4.75,5.0,4.0,1.0,0.4330127018922193,6.1627705,6.21726,5.999302,0.21795799999999943,0.09437858247902409,3.25,10.0,1.0,9.0,3.897114317029974,1,0,0,0,0,1,1,0
Y3In,111,none,CO,0.936524750997,"SUNCAT alloys, DACAPO/RPBE",1,2,1.36,1.78,1.22,0.56,0.24248711305964285,173.75,180.0,155.0,25.0,10.825317547305483,5.5,13.0,3.0,10.0,4.330127018922194,5.0,5.0,5.0,0.0,0.0,6.109533949999999,6.21726,5.7863558,0.4309041999999996,0.1865869918987051,3.25,10.0,1.0,9.0,3.897114317029974,1,0,0,0,0,1,1,0
Y3Pb,111,none,CO,2.536524751,"SUNCAT alloys, DACAPO/RPBE",1,2,1.365,1.8,1.22,0.5800000000000001,0.25114736709748725,180.0,180.0,180.0,0.0,0.0,5.75,14.0,3.0,11.0,4.763139720814412,5.25,6.0,5.0,1.0,0.4330127018922193,6.517114975,7.4166799,6.21726,1.1994199000000005,0.5193640516022958,3.25,10.0,1.0,9.0,3.897114317029974,1,0,0,0,0,1,1,0
Y3Sb,111,none,CO,2.516524751,"SUNCAT alloys, DACAPO/RPBE",1,2,1.4275,2.05,1.22,0.8299999999999998,0.35940054257054194,171.25,180.0,145.0,35.0,15.155444566227676,6.0,15.0,3.0,12.0,5.196152422706632,5.0,5.0,5.0,0.0,0.0,6.815042249999999,8.608389,6.21726,2.391129000000001,1.035389228862841,3.25,10.0,1.0,9.0,3.897114317029974,1,0,0,0,0,1,1,0
Y3Si,111,none,CO,0.976524751,"SUNCAT alloys, DACAPO/RPBE",1,2,1.3900000000000001,1.9,1.22,0.6799999999999999,0.2944486372867091,162.5,180.0,110.0,70.0,30.31088913245535,5.75,14.0,3.0,11.0,4.763139720814412,4.5,5.0,3.0,2.0,0.8660254037844386,6.700865,8.15168,6.21726,1.9344200000000011,0.8376284307943475,0.75,1.0,0.0,1.0,0.4330127018922193,1,0,0,0,0,1,1,0
Y3Sn,111,none,CO,2.406524751,"SUNCAT alloys, DACAPO/RPBE",1,2,1.405,1.96,1.22,0.74,0.3204293994002423,171.25,180.0,145.0,35.0,15.155444566227676,5.75,14.0,3.0,11.0,4.763139720814412,5.0,5.0,5.0,0.0,0.0,6.498924499999999,7.343918,6.21726,1.1266580000000008,0.4878572246884844,3.25,10.0,1.0,9.0,3.897114317029974,1,0,0,0,0,1,1,0
Y3Tl,111,none,CO,2.526524751,"SUNCAT alloys, DACAPO/RPBE",1,2,1.365,1.8,1.22,0.5800000000000001,0.25114736709748725,182.5,190.0,180.0,10.0,4.330127018922194,5.5,13.0,3.0,10.0,4.330127018922194,5.25,6.0,5.0,1.0,0.4330127018922193,6.190016825,6.21726,6.1082873,0.10897269999999981,0.047186563259490166,3.25,10.0,1.0,9.0,3.897114317029974,1,0,0,0,0,1,1,0
YAg3,211,AB,O,5.13406,"SUNCAT alloys, DACAPO/RPBE",1,2,1.7525,1.93,1.22,0.71,0.3074390183434757,165.0,180.0,160.0,20.0,8.660254037844387,9.0,11.0,3.0,8.0,3.4641016151377544,5.0,5.0,5.0,0.0,0.0,7.2364905,7.576234,6.21726,1.3589740000000008,0.5884530035412772,7.75,10.0,1.0,9.0,3.897114317029974,0,1,0,1,0,0,0,1
YAg3,211,BB,O,3.63584,"SUNCAT alloys, DACAPO/RPBE",1,2,1.7525,1.93,1.22,0.71,0.3074390183434757,165.0,180.0,160.0,20.0,8.660254037844387,9.0,11.0,3.0,8.0,3.4641016151377544,5.0,5.0,5.0,0.0,0.0,7.2364905,7.576234,6.21726,1.3589740000000008,0.5884530035412772,7.75,10.0,1.0,9.0,3.897114317029974,0,1,0,0,1,0,0,1
YAu3,211,AB,O,4.25148,"SUNCAT alloys, DACAPO/RPBE",1,2,2.105,2.4,1.22,1.18,0.5109549882328188,146.25,180.0,135.0,45.0,19.48557158514987,9.0,11.0,3.0,8.0,3.4641016151377544,5.75,6.0,5.0,1.0,0.4330127018922193,8.4734805,9.225554,6.21726,3.008294000000001,1.3026295130261525,7.75,10.0,1.0,9.0,3.897114317029974,0,1,0,1,0,0,0,1
YAu3,211,BB,O,2.4701,"SUNCAT alloys, DACAPO/RPBE",1,2,2.105,2.4,1.22,1.18,0.5109549882328188,146.25,180.0,135.0,45.0,19.48557158514987,9.0,11.0,3.0,8.0,3.4641016151377544,5.75,6.0,5.0,1.0,0.4330127018922193,8.4734805,9.225554,6.21726,3.008294000000001,1.3026295130261525,7.75,10.0,1.0,9.0,3.897114317029974,0,1,0,0,1,0,0,1
YGa3,211,AB,O,3.90413,"SUNCAT alloys, DACAPO/RPBE",1,2,1.6624999999999999,1.81,1.22,0.5900000000000001,0.2554774941164094,142.5,180.0,130.0,50.0,21.650635094610966,10.5,13.0,3.0,10.0,4.330127018922194,4.25,5.0,4.0,1.0,0.4330127018922193,6.0537915,6.21726,5.999302,0.21795799999999943,0.09437858247902409,7.75,10.0,1.0,9.0,3.897114317029974,0,1,0,1,0,0,0,1
YGa3,211,BB,O,3.47241,"SUNCAT alloys, DACAPO/RPBE",1,2,1.6624999999999999,1.81,1.22,0.5900000000000001,0.2554774941164094,142.5,180.0,130.0,50.0,21.650635094610966,10.5,13.0,3.0,10.0,4.330127018922194,4.25,5.0,4.0,1.0,0.4330127018922193,6.0537915,6.21726,5.999302,0.21795799999999943,0.09437858247902409,7.75,10.0,1.0,9.0,3.897114317029974,0,1,0,0,1,0,0,1
YPd3,211,AB,O,3.21977,"SUNCAT alloys, DACAPO/RPBE",1,2,1.955,2.2,1.22,0.9800000000000002,0.42435244785437504,150.0,180.0,140.0,40.0,17.320508075688775,8.25,10.0,3.0,7.0,3.031088913245535,5.0,5.0,5.0,0.0,0.0,7.80694425,8.336839,6.21726,2.119579,0.9178046296640082,7.75,10.0,1.0,9.0,3.897114317029974,0,1,0,1,0,0,0,1
YPd3,211,BB,O,2.01162,"SUNCAT alloys, DACAPO/RPBE",1,2,1.955,2.2,1.22,0.9800000000000002,0.42435244785437504,150.0,180.0,140.0,40.0,17.320508075688775,8.25,10.0,3.0,7.0,3.031088913245535,5.0,5.0,5.0,0.0,0.0,7.80694425,8.336839,6.21726,2.119579,0.9178046296640082,7.75,10.0,1.0,9.0,3.897114317029974,0,1,0,0,1,0,0,1
YPt3,211,AB,O,2.98376,"SUNCAT alloys, DACAPO/RPBE",1,2,1.955,2.2,1.22,0.9800000000000002,0.42435244785437504,146.25,180.0,135.0,45.0,19.48557158514987,8.25,10.0,3.0,7.0,3.031088913245535,5.75,6.0,5.0,1.0,0.4330127018922193,8.2734375,8.95883,6.21726,2.741570000000001,1.1871346331266521,7.0,9.0,1.0,8.0,3.4641016151377544,0,1,0,1,0,0,0,1
YPt3,211,BB,O,2.02714,"SUNCAT alloys, DACAPO/RPBE",1,2,1.955,2.2,1.22,0.9800000000000002,0.42435244785437504,146.25,180.0,135.0,45.0,19.48557158514987,8.25,10.0,3.0,7.0,3.031088913245535,5.75,6.0,5.0,1.0,0.4330127018922193,8.2734375,8.95883,6.21726,2.741570000000001,1.1871346331266521,7.0,9.0,1.0,8.0,3.4641016151377544,0,1,0,0,1,0,0,1
YRh3,211,AB,O,3.73962,"SUNCAT alloys, DACAPO/RPBE",1,2,2.015,2.28,1.22,1.0599999999999998,0.4589934640057524,146.25,180.0,135.0,45.0,19.48557158514987,7.5,9.0,3.0,6.0,2.598076211353316,5.0,5.0,5.0,0.0,0.0,7.14849,7.4589,6.21726,1.2416400000000003,0.5376458911774553,6.25,8.0,1.0,7.0,3.031088913245535,0,1,0,1,0,0,0,1
YRh3,211,BB,O,3.35066,"SUNCAT alloys, DACAPO/RPBE",1,2,2.015,2.28,1.22,1.0599999999999998,0.4589934640057524,146.25,180.0,135.0,45.0,19.48557158514987,7.5,9.0,3.0,6.0,2.598076211353316,5.0,5.0,5.0,0.0,0.0,7.14849,7.4589,6.21726,1.2416400000000003,0.5376458911774553,6.25,8.0,1.0,7.0,3.031088913245535,0,1,0,0,1,0,0,1
YZn3,211,AB,O,4.81934,"SUNCAT alloys, DACAPO/RPBE",1,2,1.5424999999999998,1.65,1.22,0.42999999999999994,0.18619546181365426,146.25,180.0,135.0,45.0,19.48557158514987,9.75,12.0,3.0,9.0,3.897114317029974,4.25,5.0,4.0,1.0,0.4330127018922193,8.59996275,9.394197,6.21726,3.1769370000000006,1.3756540741113619,7.75,10.0,1.0,9.0,3.897114317029974,0,1,0,1,0,0,0,1
YZn3,211,BB,O,4.04004,"SUNCAT alloys, DACAPO/RPBE",1,2,1.5424999999999998,1.65,1.22,0.42999999999999994,0.18619546181365426,146.25,180.0,135.0,45.0,19.48557158514987,9.75,12.0,3.0,9.0,3.897114317029974,4.25,5.0,4.0,1.0,0.4330127018922193,8.59996275,9.394197,6.21726,3.1769370000000006,1.3756540741113619,7.75,10.0,1.0,9.0,3.897114317029974,0,1,0,0,1,0,0,1
Zn3Au,111,none,CO,-0.123475249001,"SUNCAT alloys, DACAPO/RPBE",1,2,1.8375,2.4,1.65,0.75,0.3247595264191645,135.0,135.0,135.0,0.0,0.0,11.75,12.0,11.0,1.0,0.4330127018922193,4.5,6.0,4.0,2.0,0.8660254037844386,9.352036250000001,9.394197,9.225554,0.16864299999999943,0.0730245610852093,10.0,10.0,10.0,0.0,0.0,1,0,0,0,0,1,1,0
Zn3Cu,111,none,CO,0.156524751002,"SUNCAT alloys, DACAPO/RPBE",1,2,1.7125,1.9,1.65,0.25,0.10825317547305482,135.0,135.0,135.0,0.0,0.0,11.75,12.0,11.0,1.0,0.4330127018922193,4.0,4.0,4.0,0.0,0.0,8.97724275,9.394197,7.72638,1.6678170000000003,0.7221859454317757,10.0,10.0,10.0,0.0,0.0,1,0,0,0,0,1,1,0
Zn3Hf,111,none,CO,1.476524751,"SUNCAT alloys, DACAPO/RPBE",1,2,1.5624999999999998,1.65,1.3,0.34999999999999987,0.15155444566227672,140.0,155.0,135.0,20.0,8.660254037844387,10.0,12.0,4.0,8.0,3.4641016151377544,4.5,6.0,4.0,2.0,0.8660254037844386,8.75191525,9.394197,6.82507,2.569127,1.1124646237742517,8.0,10.0,2.0,8.0,3.4641016151377544,1,0,0,0,0,1,1,0
Zn3Ir,111,none,CO,1.846524751,"SUNCAT alloys, DACAPO/RPBE",1,2,1.7874999999999999,2.2,1.65,0.5500000000000003,0.23815698604072075,135.0,135.0,135.0,0.0,0.0,11.25,12.0,9.0,3.0,1.299038105676658,4.5,6.0,4.0,2.0,0.8660254037844386,9.28740275,9.394197,8.96702,0.42717700000000036,0.18497306695621274,9.25,10.0,7.0,3.0,1.299038105676658,1,0,0,0,0,1,1,0
Zn3Mo,111,none,CO,2.436524751,"SUNCAT alloys, DACAPO/RPBE",1,2,1.7774999999999999,2.16,1.65,0.5100000000000002,0.22083647796503195,137.5,145.0,135.0,10.0,4.330127018922194,10.5,12.0,6.0,6.0,2.598076211353316,4.25,5.0,4.0,1.0,0.4330127018922193,8.81875525,9.394197,7.09243,2.301767,0.996694347796348,8.75,10.0,5.0,5.0,2.165063509461097,1,0,0,0,0,1,1,0
Zn3Nb,111,none,CO,1.986524751,"SUNCAT alloys, DACAPO/RPBE",1,2,1.6374999999999997,1.65,1.6,0.04999999999999982,0.021650635094610887,137.5,145.0,135.0,10.0,4.330127018922194,10.25,12.0,5.0,7.0,3.031088913245535,4.25,5.0,4.0,1.0,0.4330127018922193,8.735360250000001,9.394197,6.75885,2.6353470000000003,1.1411387248935547,8.5,10.0,4.0,6.0,2.598076211353316,1,0,0,0,0,1,1,0
Zn3Ni,111,none,CO,1.116524751,"SUNCAT alloys, DACAPO/RPBE",1,2,1.7149999999999999,1.91,1.65,0.26,0.11258330249197702,135.0,135.0,135.0,0.0,0.0,11.5,12.0,10.0,2.0,0.8660254037844386,4.0,4.0,4.0,0.0,0.0,8.955617250000001,9.394197,7.639878,1.7543189999999997,0.7596424101708562,9.5,10.0,8.0,2.0,0.8660254037844386,1,0,0,0,0,1,1,0
Zn3Pd,111,none,CO,0.356524750999,"SUNCAT alloys, DACAPO/RPBE",1,2,1.7874999999999999,2.2,1.65,0.5500000000000003,0.23815698604072075,136.25,140.0,135.0,5.0,2.165063509461097,11.5,12.0,10.0,2.0,0.8660254037844386,4.25,5.0,4.0,1.0,0.4330127018922193,9.1298575,9.394197,8.336839,1.0573580000000007,0.45784944444735354,10.0,10.0,10.0,0.0,0.0,1,0,0,0,0,1,1,0
Zn3Rh,111,none,CO,1.406524751,"SUNCAT alloys, DACAPO/RPBE",1,2,1.8074999999999997,2.28,1.65,0.6299999999999999,0.27279800219209815,135.0,135.0,135.0,0.0,0.0,11.25,12.0,9.0,3.0,1.299038105676658,4.25,5.0,4.0,1.0,0.4330127018922193,8.91037275,9.394197,7.4589,1.9352970000000003,0.8380081829339066,9.5,10.0,8.0,2.0,0.8660254037844386,1,0,0,0,0,1,1,0
Zn3Ru,111,none,CO,1.956524751,"SUNCAT alloys, DACAPO/RPBE",1,2,1.7874999999999999,2.2,1.65,0.5500000000000003,0.23815698604072075,133.75,135.0,130.0,5.0,2.165063509461097,11.0,12.0,8.0,4.0,1.7320508075688772,4.25,5.0,4.0,1.0,0.4330127018922193,8.885772750000001,9.394197,7.3605,2.033697,0.8806166328001008,9.25,10.0,7.0,3.0,1.299038105676658,1,0,0,0,0,1,1,0
Zn3Sc,111,none,CO,0.836524751002,"SUNCAT alloys, DACAPO/RPBE",1,2,1.5775,1.65,1.36,0.2899999999999998,0.12557368354874351,141.25,160.0,135.0,25.0,10.825317547305483,9.75,12.0,3.0,9.0,3.897114317029974,4.0,4.0,4.0,0.0,0.0,8.68602025,9.394197,6.56149,2.832707,1.226598111739003,7.75,10.0,1.0,9.0,3.897114317029974,1,0,0,0,0,1,1,0
Zn3Ta,111,none,CO,2.266524751,"SUNCAT alloys, DACAPO/RPBE",1,2,1.6124999999999998,1.65,1.5,0.1499999999999999,0.06495190528383286,137.5,145.0,135.0,10.0,4.330127018922194,10.25,12.0,5.0,7.0,3.031088913245535,4.5,6.0,4.0,2.0,0.8660254037844386,8.9330405,9.394197,7.549571,1.8446259999999999,0.7987464882406369,8.25,10.0,3.0,7.0,3.031088913245535,1,0,0,0,0,1,1,0
Zn3Ti,111,none,CO,1.436524751,"SUNCAT alloys, DACAPO/RPBE",1,2,1.6224999999999998,1.65,1.54,0.10999999999999988,0.04763139720814407,136.25,140.0,135.0,5.0,2.165063509461097,10.0,12.0,4.0,8.0,3.4641016151377544,4.0,4.0,4.0,0.0,0.0,8.75267775,9.394197,6.82812,2.566077,1.1111439350334804,8.0,10.0,2.0,8.0,3.4641016151377544,1,0,0,0,0,1,1,0
Zn3Zr,111,none,CO,1.326524751,"SUNCAT alloys, DACAPO/RPBE",1,2,1.5699999999999998,1.65,1.33,0.31999999999999984,0.1385640646055101,140.0,155.0,135.0,20.0,8.660254037844387,10.0,12.0,4.0,8.0,3.4641016151377544,4.25,5.0,4.0,1.0,0.4330127018922193,8.704179250000001,9.394197,6.634126,2.760071,1.1951458011243596,8.0,10.0,2.0,8.0,3.4641016151377544,1,0,0,0,0,1,1,0
ZnAg3,211,AB,O,1.64145,"SUNCAT alloys, DACAPO/RPBE",1,2,1.8599999999999999,1.93,1.65,0.28,0.12124355652982143,153.75,160.0,135.0,25.0,10.825317547305483,11.25,12.0,11.0,1.0,0.4330127018922193,4.75,5.0,4.0,1.0,0.4330127018922193,8.030724750000001,9.394197,7.576234,1.8179629999999998,0.7872010705700846,10.0,10.0,10.0,0.0,0.0,0,1,0,1,0,0,0,1
ZnAg3,211,BB,O,1.47952,"SUNCAT alloys, DACAPO/RPBE",1,2,1.8599999999999999,1.93,1.65,0.28,0.12124355652982143,153.75,160.0,135.0,25.0,10.825317547305483,11.25,12.0,11.0,1.0,0.4330127018922193,4.75,5.0,4.0,1.0,0.4330127018922193,8.030724750000001,9.394197,7.576234,1.8179629999999998,0.7872010705700846,10.0,10.0,10.0,0.0,0.0,0,1,0,0,1,0,0,1
ZnAu3,211,AB,O,1.48235,"SUNCAT alloys, DACAPO/RPBE",1,2,2.2125,2.4,1.65,0.75,0.3247595264191645,135.0,135.0,135.0,0.0,0.0,11.25,12.0,11.0,1.0,0.4330127018922193,5.5,6.0,4.0,2.0,0.8660254037844386,9.26771475,9.394197,9.225554,0.16864299999999943,0.0730245610852093,10.0,10.0,10.0,0.0,0.0,0,1,0,1,0,0,0,1
ZnAu3,211,BB,O,0.93453,"SUNCAT alloys, DACAPO/RPBE",1,2,2.2125,2.4,1.65,0.75,0.3247595264191645,135.0,135.0,135.0,0.0,0.0,11.25,12.0,11.0,1.0,0.4330127018922193,5.5,6.0,4.0,2.0,0.8660254037844386,9.26771475,9.394197,9.225554,0.16864299999999943,0.0730245610852093,10.0,10.0,10.0,0.0,0.0,0,1,0,0,1,0,0,1
ZnCo3,211,BB,O,3.05251,"SUNCAT alloys, DACAPO/RPBE",1,2,1.8224999999999998,1.88,1.65,0.22999999999999998,0.09959292143521044,135.0,135.0,135.0,0.0,0.0,9.75,12.0,9.0,3.0,1.299038105676658,4.0,4.0,4.0,0.0,0.0,8.25930675,9.394197,7.88101,1.5131870000000003,0.6552291913381818,7.75,10.0,7.0,3.0,1.299038105676658,0,1,0,0,1,0,0,1
ZnCu3,211,AB,O,2.01938,"SUNCAT alloys, DACAPO/RPBE",1,2,1.8375,1.9,1.65,0.25,0.10825317547305482,135.0,135.0,135.0,0.0,0.0,11.25,12.0,11.0,1.0,0.4330127018922193,4.0,4.0,4.0,0.0,0.0,8.14333425,9.394197,7.72638,1.6678170000000003,0.7221859454317757,10.0,10.0,10.0,0.0,0.0,0,1,0,1,0,0,0,1
ZnCu3,211,BB,O,1.98623,"SUNCAT alloys, DACAPO/RPBE",1,2,1.8375,1.9,1.65,0.25,0.10825317547305482,135.0,135.0,135.0,0.0,0.0,11.25,12.0,11.0,1.0,0.4330127018922193,4.0,4.0,4.0,0.0,0.0,8.14333425,9.394197,7.72638,1.6678170000000003,0.7221859454317757,10.0,10.0,10.0,0.0,0.0,0,1,0,0,1,0,0,1
ZnFe3,211,AB,O,3.12583,"SUNCAT alloys, DACAPO/RPBE",1,2,1.7850000000000001,1.83,1.65,0.18000000000000016,0.07794228634059955,138.75,140.0,135.0,5.0,2.165063509461097,9.0,12.0,8.0,4.0,1.7320508075688772,4.0,4.0,4.0,0.0,0.0,8.275400325,9.394197,7.9024681,1.4917289,0.6459375614797083,7.0,10.0,6.0,4.0,1.7320508075688772,0,1,0,1,0,0,0,1
ZnFe3,211,BB,O,3.4725,"SUNCAT alloys, DACAPO/RPBE",1,2,1.7850000000000001,1.83,1.65,0.18000000000000016,0.07794228634059955,138.75,140.0,135.0,5.0,2.165063509461097,9.0,12.0,8.0,4.0,1.7320508075688772,4.0,4.0,4.0,0.0,0.0,8.275400325,9.394197,7.9024681,1.4917289,0.6459375614797083,7.0,10.0,6.0,4.0,1.7320508075688772,0,1,0,0,1,0,0,1
ZnIr,211,AA,O,2.8227,"SUNCAT alloys, DACAPO/RPBE",1,2,1.925,2.2,1.65,0.5500000000000003,0.27500000000000013,135.0,135.0,135.0,0.0,0.0,10.5,12.0,9.0,3.0,1.5,5.0,6.0,4.0,2.0,1.0,9.1806085,9.394197,8.96702,0.42717700000000036,0.21358850000000018,8.5,10.0,7.0,3.0,1.5,0,1,1,0,0,0,0,1
ZnIr,211,BB,O,2.10703,"SUNCAT alloys, DACAPO/RPBE",1,2,1.925,2.2,1.65,0.5500000000000003,0.27500000000000013,135.0,135.0,135.0,0.0,0.0,10.5,12.0,9.0,3.0,1.5,5.0,6.0,4.0,2.0,1.0,9.1806085,9.394197,8.96702,0.42717700000000036,0.21358850000000018,8.5,10.0,7.0,3.0,1.5,0,1,0,0,1,0,0,1
ZnNi,211,AA,O,2.63305,"SUNCAT alloys, DACAPO/RPBE",1,2,1.7799999999999998,1.91,1.65,0.26,0.13,135.0,135.0,135.0,0.0,0.0,11.0,12.0,10.0,2.0,1.0,4.0,4.0,4.0,0.0,0.0,8.5170375,9.394197,7.639878,1.7543189999999997,0.8771594999999999,9.0,10.0,8.0,2.0,1.0,0,1,1,0,0,0,0,1
ZnNi,211,BB,O,2.31814,"SUNCAT alloys, DACAPO/RPBE",1,2,1.7799999999999998,1.91,1.65,0.26,0.13,135.0,135.0,135.0,0.0,0.0,11.0,12.0,10.0,2.0,1.0,4.0,4.0,4.0,0.0,0.0,8.5170375,9.394197,7.639878,1.7543189999999997,0.8771594999999999,9.0,10.0,8.0,2.0,1.0,0,1,0,0,1,0,0,1
ZnNi3,211,AB,O,2.47987,"SUNCAT alloys, DACAPO/RPBE",1,2,1.8449999999999998,1.91,1.65,0.26,0.11258330249197704,135.0,135.0,135.0,0.0,0.0,10.5,12.0,10.0,2.0,0.8660254037844386,4.0,4.0,4.0,0.0,0.0,8.07845775,9.394197,7.639878,1.7543189999999997,0.7596424101708562,8.5,10.0,8.0,2.0,0.8660254037844386,0,1,0,1,0,0,0,1
ZnNi3,211,BB,O,2.81572,"SUNCAT alloys, DACAPO/RPBE",1,2,1.8449999999999998,1.91,1.65,0.26,0.11258330249197704,135.0,135.0,135.0,0.0,0.0,10.5,12.0,10.0,2.0,0.8660254037844386,4.0,4.0,4.0,0.0,0.0,8.07845775,9.394197,7.639878,1.7543189999999997,0.7596424101708562,8.5,10.0,8.0,2.0,0.8660254037844386,0,1,0,0,1,0,0,1
ZnPd,211,AA,O,1.54158,"SUNCAT alloys, DACAPO/RPBE",1,2,1.925,2.2,1.65,0.5500000000000003,0.27500000000000013,137.5,140.0,135.0,5.0,2.5,11.0,12.0,10.0,2.0,1.0,4.5,5.0,4.0,1.0,0.5,8.865518,9.394197,8.336839,1.0573580000000007,0.5286790000000003,10.0,10.0,10.0,0.0,0.0,0,1,1,0,0,0,0,1
ZnPd,211,BB,O,2.09714,"SUNCAT alloys, DACAPO/RPBE",1,2,1.925,2.2,1.65,0.5500000000000003,0.27500000000000013,137.5,140.0,135.0,5.0,2.5,11.0,12.0,10.0,2.0,1.0,4.5,5.0,4.0,1.0,0.5,8.865518,9.394197,8.336839,1.0573580000000007,0.5286790000000003,10.0,10.0,10.0,0.0,0.0,0,1,0,0,1,0,0,1
ZnPd3,211,AB,O,1.25758,"SUNCAT alloys, DACAPO/RPBE",1,2,2.0625,2.2,1.65,0.5500000000000003,0.23815698604072075,138.75,140.0,135.0,5.0,2.165063509461097,10.5,12.0,10.0,2.0,0.8660254037844386,4.75,5.0,4.0,1.0,0.4330127018922193,8.6011785,9.394197,8.336839,1.0573580000000007,0.45784944444735354,10.0,10.0,10.0,0.0,0.0,0,1,0,1,0,0,0,1
ZnPd3,211,BB,O,1.1306,"SUNCAT alloys, DACAPO/RPBE",1,2,2.0625,2.2,1.65,0.5500000000000003,0.23815698604072075,138.75,140.0,135.0,5.0,2.165063509461097,10.5,12.0,10.0,2.0,0.8660254037844386,4.75,5.0,4.0,1.0,0.4330127018922193,8.6011785,9.394197,8.336839,1.0573580000000007,0.45784944444735354,10.0,10.0,10.0,0.0,0.0,0,1,0,0,1,0,0,1
ZnPt,211,AA,O,1.31172,"SUNCAT alloys, DACAPO/RPBE",1,2,1.925,2.2,1.65,0.5500000000000003,0.27500000000000013,135.0,135.0,135.0,0.0,0.0,11.0,12.0,10.0,2.0,1.0,5.0,6.0,4.0,2.0,1.0,9.1765135,9.394197,8.95883,0.4353669999999994,0.2176834999999997,9.5,10.0,9.0,1.0,0.5,0,1,1,0,0,0,0,1
ZnPt,211,BB,O,1.80869,"SUNCAT alloys, DACAPO/RPBE",1,2,1.925,2.2,1.65,0.5500000000000003,0.27500000000000013,135.0,135.0,135.0,0.0,0.0,11.0,12.0,10.0,2.0,1.0,5.0,6.0,4.0,2.0,1.0,9.1765135,9.394197,8.95883,0.4353669999999994,0.2176834999999997,9.5,10.0,9.0,1.0,0.5,0,1,0,0,1,0,0,1
ZnPt3,211,AB,O,1.42908,"SUNCAT alloys, DACAPO/RPBE",1,2,2.0625,2.2,1.65,0.5500000000000003,0.23815698604072075,135.0,135.0,135.0,0.0,0.0,10.5,12.0,10.0,2.0,0.8660254037844386,5.5,6.0,4.0,2.0,0.8660254037844386,9.06767175,9.394197,8.95883,0.4353669999999994,0.1885194409847096,9.25,10.0,9.0,1.0,0.4330127018922193,0,1,0,1,0,0,0,1
ZnPt3,211,BB,O,1.3496,"SUNCAT alloys, DACAPO/RPBE",1,2,2.0625,2.2,1.65,0.5500000000000003,0.23815698604072075,135.0,135.0,135.0,0.0,0.0,10.5,12.0,10.0,2.0,0.8660254037844386,5.5,6.0,4.0,2.0,0.8660254037844386,9.06767175,9.394197,8.95883,0.4353669999999994,0.1885194409847096,9.25,10.0,9.0,1.0,0.4330127018922193,0,1,0,0,1,0,0,1
ZnRh,211,AA,O,2.46592,"SUNCAT alloys, DACAPO/RPBE",1,2,1.9649999999999999,2.28,1.65,0.6299999999999999,0.31499999999999995,135.0,135.0,135.0,0.0,0.0,10.5,12.0,9.0,3.0,1.5,4.5,5.0,4.0,1.0,0.5,8.426548499999999,9.394197,7.4589,1.9352970000000003,0.9676485000000001,9.0,10.0,8.0,2.0,1.0,0,1,1,0,0,0,0,1
ZnRh,211,BB,O,2.02922,"SUNCAT alloys, DACAPO/RPBE",1,2,1.9649999999999999,2.28,1.65,0.6299999999999999,0.31499999999999995,135.0,135.0,135.0,0.0,0.0,10.5,12.0,9.0,3.0,1.5,4.5,5.0,4.0,1.0,0.5,8.426548499999999,9.394197,7.4589,1.9352970000000003,0.9676485000000001,9.0,10.0,8.0,2.0,1.0,0,1,0,0,1,0,0,1
ZnRh3,211,AB,O,2.12295,"SUNCAT alloys, DACAPO/RPBE",1,2,2.1225,2.28,1.65,0.6299999999999999,0.27279800219209815,135.0,135.0,135.0,0.0,0.0,9.75,12.0,9.0,3.0,1.299038105676658,4.75,5.0,4.0,1.0,0.4330127018922193,7.9427242499999995,9.394197,7.4589,1.9352970000000003,0.8380081829339066,8.5,10.0,8.0,2.0,0.8660254037844386,0,1,0,1,0,0,0,1
ZnRh3,211,BB,O,2.46456,"SUNCAT alloys, DACAPO/RPBE",1,2,2.1225,2.28,1.65,0.6299999999999999,0.27279800219209815,135.0,135.0,135.0,0.0,0.0,9.75,12.0,9.0,3.0,1.299038105676658,4.75,5.0,4.0,1.0,0.4330127018922193,7.9427242499999995,9.394197,7.4589,1.9352970000000003,0.8380081829339066,8.5,10.0,8.0,2.0,0.8660254037844386,0,1,0,0,1,0,0,1
ZnRu,211,AA,O,3.01662,"SUNCAT alloys, DACAPO/RPBE",1,2,1.925,2.2,1.65,0.5500000000000003,0.27500000000000013,132.5,135.0,130.0,5.0,2.5,10.0,12.0,8.0,4.0,2.0,4.5,5.0,4.0,1.0,0.5,8.3773485,9.394197,7.3605,2.033697,1.0168485,8.5,10.0,7.0,3.0,1.5,0,1,1,0,0,0,0,1
ZnRu,211,BB,O,2.48217,"SUNCAT alloys, DACAPO/RPBE",1,2,1.925,2.2,1.65,0.5500000000000003,0.27500000000000013,132.5,135.0,130.0,5.0,2.5,10.0,12.0,8.0,4.0,2.0,4.5,5.0,4.0,1.0,0.5,8.3773485,9.394197,7.3605,2.033697,1.0168485,8.5,10.0,7.0,3.0,1.5,0,1,0,0,1,0,0,1
ZnZn3,211,AB,O,2.43451,"SUNCAT alloys, DACAPO/RPBE",1,1,1.65,1.65,1.65,0.0,0.0,135.0,135.0,135.0,0.0,0.0,12.0,12.0,12.0,0.0,0.0,4.0,4.0,4.0,0.0,0.0,9.394197,9.394197,9.394197,0.0,0.0,10.0,10.0,10.0,0.0,0.0,0,1,0,1,0,0,0,1
Zr3Al,111,none,CO,2.306524751,"SUNCAT alloys, DACAPO/RPBE",1,2,1.4000000000000001,1.61,1.33,0.28,0.12124355652982143,147.5,155.0,125.0,30.0,12.99038105676658,6.25,13.0,4.0,9.0,3.897114317029974,4.5,5.0,3.0,2.0,0.8660254037844386,6.47203675,6.634126,5.985769,0.6483569999999999,0.28074681636073356,1.5,2.0,0.0,2.0,0.8660254037844386,1,0,0,0,0,1,1,0
Zr3As,111,none,CO,2.766524751,"SUNCAT alloys, DACAPO/RPBE",1,2,1.5425,2.18,1.33,0.8500000000000001,0.3680607966083865,145.0,155.0,115.0,40.0,17.320508075688775,6.75,15.0,4.0,11.0,4.763139720814412,4.75,5.0,4.0,1.0,0.4330127018922193,7.422732,9.78855,6.634126,3.1544240000000006,1.3659056591536625,4.0,10.0,2.0,8.0,3.4641016151377544,1,0,0,0,0,1,1,0
Zr3Au,111,none,CO,2.536524751,"SUNCAT alloys, DACAPO/RPBE",1,2,1.5975000000000001,2.4,1.33,1.0699999999999998,0.46332359102467463,150.0,155.0,135.0,20.0,8.660254037844387,5.75,11.0,4.0,7.0,3.031088913245535,5.25,6.0,5.0,1.0,0.4330127018922193,7.281983,9.225554,6.634126,2.5914280000000005,1.1221212400391505,4.0,10.0,2.0,8.0,3.4641016151377544,1,0,0,0,0,1,1,0
Zr3Bi,111,none,CO,2.706524751,"SUNCAT alloys, DACAPO/RPBE",1,2,1.4725000000000001,1.9,1.33,0.5699999999999998,0.24681724007856495,156.25,160.0,155.0,5.0,2.165063509461097,6.75,15.0,4.0,11.0,4.763139720814412,5.25,6.0,5.0,1.0,0.4330127018922193,6.7969735,7.285516,6.634126,0.6513900000000001,0.2820601438855728,4.0,10.0,2.0,8.0,3.4641016151377544,1,0,0,0,0,1,1,0
Zr3Cd,111,none,CO,2.556524751,"SUNCAT alloys, DACAPO/RPBE",1,2,1.42,1.69,1.33,0.3599999999999999,0.1558845726811989,155.0,155.0,155.0,0.0,0.0,6.0,12.0,4.0,8.0,3.4641016151377544,5.0,5.0,5.0,0.0,0.0,7.2240495,8.99382,6.634126,2.3596939999999993,1.0217774745788584,4.0,10.0,2.0,8.0,3.4641016151377544,1,0,0,0,0,1,1,0
Zr3Ga,111,none,CO,2.366524751,"SUNCAT alloys, DACAPO/RPBE",1,2,1.4500000000000002,1.81,1.33,0.48,0.20784609690826528,148.75,155.0,130.0,25.0,10.825317547305483,6.25,13.0,4.0,9.0,3.897114317029974,4.75,5.0,4.0,1.0,0.4330127018922193,6.47542,6.634126,5.999302,0.634824,0.27488685546602626,4.0,10.0,2.0,8.0,3.4641016151377544,1,0,0,0,0,1,1,0
Zr3Ge,111,none,CO,2.356524751,"SUNCAT alloys, DACAPO/RPBE",1,2,1.5,2.01,1.33,0.6799999999999997,0.294448637286709,147.5,155.0,125.0,30.0,12.99038105676658,6.5,14.0,4.0,10.0,4.330127018922194,4.75,5.0,4.0,1.0,0.4330127018922193,6.95045325,7.899435,6.634126,1.2653090000000002,0.5478948688185422,4.0,10.0,2.0,8.0,3.4641016151377544,1,0,0,0,0,1,1,0
Zr3Pb,111,none,CO,2.536524751,"SUNCAT alloys, DACAPO/RPBE",1,2,1.4475,1.8,1.33,0.47,0.20351596988934306,161.25,180.0,155.0,25.0,10.825317547305483,6.5,14.0,4.0,10.0,4.330127018922194,5.25,6.0,5.0,1.0,0.4330127018922193,6.829764474999999,7.4166799,6.634126,0.7825538999999999,0.3388557786152936,4.0,10.0,2.0,8.0,3.4641016151377544,1,0,0,0,0,1,1,0
Zr3Sb,111,none,CO,2.656524751,"SUNCAT alloys, DACAPO/RPBE",1,2,1.51,2.05,1.33,0.7199999999999998,0.3117691453623978,152.5,155.0,145.0,10.0,4.330127018922194,6.75,15.0,4.0,11.0,4.763139720814412,5.0,5.0,5.0,0.0,0.0,7.12769175,8.608389,6.634126,1.9742630000000005,0.8548809558758389,4.0,10.0,2.0,8.0,3.4641016151377544,1,0,0,0,0,1,1,0
Zr3Si,111,none,CO,2.246524751,"SUNCAT alloys, DACAPO/RPBE",1,2,1.4725000000000001,1.9,1.33,0.5699999999999998,0.24681724007856495,143.75,155.0,110.0,45.0,19.48557158514987,6.5,14.0,4.0,10.0,4.330127018922194,4.5,5.0,3.0,2.0,0.8660254037844386,7.013514499999999,8.15168,6.634126,1.5175540000000005,0.6571201578073452,1.5,2.0,0.0,2.0,0.8660254037844386,1,0,0,0,0,1,1,0
Zr3Sn,111,none,CO,2.406524751,"SUNCAT alloys, DACAPO/RPBE",1,2,1.4875,1.96,1.33,0.6299999999999999,0.27279800219209815,152.5,155.0,145.0,10.0,4.330127018922194,6.5,14.0,4.0,10.0,4.330127018922194,5.0,5.0,5.0,0.0,0.0,6.811574,7.343918,6.634126,0.7097920000000002,0.30734895170148224,4.0,10.0,2.0,8.0,3.4641016151377544,1,0,0,0,0,1,1,0
Zr3Zn,111,none,CO,2.386524751,"SUNCAT alloys, DACAPO/RPBE",1,2,1.4100000000000001,1.65,1.33,0.31999999999999984,0.1385640646055101,150.0,155.0,135.0,20.0,8.660254037844387,6.0,12.0,4.0,8.0,3.4641016151377544,4.75,5.0,4.0,1.0,0.4330127018922193,7.324143749999999,9.394197,6.634126,2.760071,1.1951458011243596,4.0,10.0,2.0,8.0,3.4641016151377544,1,0,0,0,0,1,1,0
ZrPd3,211,AB,O,3.91758,"SUNCAT alloys, DACAPO/RPBE",1,2,1.9825000000000002,2.2,1.33,0.8700000000000001,0.37672105064623085,143.75,155.0,140.0,15.0,6.49519052838329,8.5,10.0,4.0,6.0,2.598076211353316,5.0,5.0,5.0,0.0,0.0,7.9111607500000005,8.336839,6.634126,1.7027129999999993,0.7372963566770061,8.0,10.0,2.0,8.0,3.4641016151377544,0,1,0,1,0,0,0,1
ZrPd3,211,BB,O,3.01305,"SUNCAT alloys, DACAPO/RPBE",1,2,1.9825000000000002,2.2,1.33,0.8700000000000001,0.37672105064623085,143.75,155.0,140.0,15.0,6.49519052838329,8.5,10.0,4.0,6.0,2.598076211353316,5.0,5.0,5.0,0.0,0.0,7.9111607500000005,8.336839,6.634126,1.7027129999999993,0.7372963566770061,8.0,10.0,2.0,8.0,3.4641016151377544,0,1,0,0,1,0,0,1
ZrPt3,211,AB,O,3.40413,"SUNCAT alloys, DACAPO/RPBE",1,2,1.9825000000000002,2.2,1.33,0.8700000000000001,0.37672105064623085,140.0,155.0,135.0,20.0,8.660254037844387,8.5,10.0,4.0,6.0,2.598076211353316,5.75,6.0,5.0,1.0,0.4330127018922193,8.377654000000001,8.95883,6.634126,2.3247040000000005,1.0066263601396501,7.25,9.0,2.0,7.0,3.031088913245535,0,1,0,1,0,0,0,1
ZrPt3,211,BB,O,2.39405,"SUNCAT alloys, DACAPO/RPBE",1,2,1.9825000000000002,2.2,1.33,0.8700000000000001,0.37672105064623085,140.0,155.0,135.0,20.0,8.660254037844387,8.5,10.0,4.0,6.0,2.598076211353316,5.75,6.0,5.0,1.0,0.4330127018922193,8.377654000000001,8.95883,6.634126,2.3247040000000005,1.0066263601396501,7.25,9.0,2.0,7.0,3.031088913245535,0,1,0,0,1,0,0,1
ZrRh3,211,AB,O,3.71428,"SUNCAT alloys, DACAPO/RPBE",1,2,2.0425,2.28,1.33,0.9499999999999997,0.4113620667976083,140.0,155.0,135.0,20.0,8.660254037844387,7.75,9.0,4.0,5.0,2.165063509461097,5.0,5.0,5.0,0.0,0.0,7.2527065,7.4589,6.634126,0.8247739999999997,0.35713761819045314,6.5,8.0,2.0,6.0,2.598076211353316,0,1,0,1,0,0,0,1
ZrRh3,211,BB,O,3.11984,"SUNCAT alloys, DACAPO/RPBE",1,2,2.0425,2.28,1.33,0.9499999999999997,0.4113620667976083,140.0,155.0,135.0,20.0,8.660254037844387,7.75,9.0,4.0,5.0,2.165063509461097,5.0,5.0,5.0,0.0,0.0,7.2527065,7.4589,6.634126,0.8247739999999997,0.35713761819045314,6.5,8.0,2.0,6.0,2.598076211353316,0,1,0,0,1,0,0,1
ZrRu3,211,AB,O,4.01444,"SUNCAT alloys, DACAPO/RPBE",1,2,1.9825000000000002,2.2,1.33,0.8700000000000001,0.37672105064623085,136.25,155.0,130.0,25.0,10.825317547305483,7.0,8.0,4.0,4.0,1.7320508075688772,5.0,5.0,5.0,0.0,0.0,7.1789065,7.3605,6.634126,0.7263739999999999,0.31452916832425887,5.75,7.0,2.0,5.0,2.165063509461097,0,1,0,1,0,0,0,1
ZrRu3,211,BB,O,3.64541,"SUNCAT alloys, DACAPO/RPBE",1,2,1.9825000000000002,2.2,1.33,0.8700000000000001,0.37672105064623085,136.25,155.0,130.0,25.0,10.825317547305483,7.0,8.0,4.0,4.0,1.7320508075688772,5.0,5.0,5.0,0.0,0.0,7.1789065,7.3605,6.634126,0.7263739999999999,0.31452916832425887,5.75,7.0,2.0,5.0,2.165063509461097,0,1,0,0,1,0,0,1
ZrZn3,211,AB,O,4.99729,"SUNCAT alloys, DACAPO/RPBE",1,2,1.5699999999999998,1.65,1.33,0.31999999999999984,0.1385640646055101,140.0,155.0,135.0,20.0,8.660254037844387,10.0,12.0,4.0,8.0,3.4641016151377544,4.25,5.0,4.0,1.0,0.4330127018922193,8.704179250000001,9.394197,6.634126,2.760071,1.1951458011243596,8.0,10.0,2.0,8.0,3.4641016151377544,0,1,0,1,0,0,0,1
ZrZn3,211,BB,O,4.2323,"SUNCAT alloys, DACAPO/RPBE",1,2,1.5699999999999998,1.65,1.33,0.31999999999999984,0.1385640646055101,140.0,155.0,135.0,20.0,8.660254037844387,10.0,12.0,4.0,8.0,3.4641016151377544,4.25,5.0,4.0,1.0,0.4330127018922193,8.704179250000001,9.394197,6.634126,2.760071,1.1951458011243596,8.0,10.0,2.0,8.0,3.4641016151377544,0,1,0,0,1,0,0,1
