comp,structure,facet,energy_eV,n_raw,site_spread,n_elements,en_wmean,en_max,en_min,en_range,en_wstd,radius_wmean,radius_max,radius_min,radius_range,radius_wstd,group_wmean,group_max,group_min,group_range,group_wstd,period_wmean,period_max,period_min,period_range,period_wstd,ie1_wmean,ie1_max,ie1_min,ie1_range,ie1_wstd,d_el_wmean,d_el_max,d_el_min,d_el_range,d_el_wstd,structure_A1,structure_L10,structure_L12,facet_101,facet_111
Ag,A1,111,0.3381553230438214,4,0.506712022703141,1,1.93,1.93,1.93,0.0,0.0,160.0,160.0,160.0,0.0,0.0,11.0,11.0,11.0,0.0,0.0,5.0,5.0,5.0,0.0,0.0,7.576234,7.576234,7.576234,0.0,0.0,10.0,10.0,10.0,0.0,0.0,1,0,0,0,1
Al,A1,111,0.3025029679320425,3,0.2515159095198669,1,1.61,1.61,1.61,0.0,0.0,125.0,125.0,125.0,0.0,0.0,13.0,13.0,13.0,0.0,0.0,3.0,3.0,3.0,0.0,0.0,5.985769,5.985769,5.985769,0.0,0.0,0.0,0.0,0.0,0.0,0.0,1,0,0,0,1
Au,A1,111,0.322403197239538,4,0.2118449772024178,1,2.4,2.4,2.4,0.0,0.0,135.0,135.0,135.0,0.0,0.0,11.0,11.0,11.0,0.0,0.0,6.0,6.0,6.0,0.0,0.0,9.225554,9.225554,9.225554,0.0,0.0,10.0,10.0,10.0,0.0,0.0,1,0,0,0,1
Bi,A1,111,0.9373754384442066,2,0.0828898209001636,1,1.9,1.9,1.9,0.0,0.0,160.0,160.0,160.0,0.0,0.0,15.0,15.0,15.0,0.0,0.0,6.0,6.0,6.0,0.0,0.0,7.285516,7.285516,7.285516,0.0,0.0,10.0,10.0,10.0,0.0,0.0,1,0,0,0,1
Cd,A1,111,0.8254392339413528,4,0.1405767301985179,1,1.69,1.69,1.69,0.0,0.0,155.0,155.0,155.0,0.0,0.0,12.0,12.0,12.0,0.0,0.0,5.0,5.0,5.0,0.0,0.0,8.99382,8.99382,8.99382,0.0,0.0,10.0,10.0,10.0,0.0,0.0,1,0,0,0,1
Co,A1,111,-0.4487178968547312,3,0.3404242081960547,1,1.88,1.88,1.88,0.0,0.0,135.0,135.0,135.0,0.0,0.0,9.0,9.0,9.0,0.0,0.0,4.0,4.0,4.0,0.0,0.0,7.88101,7.88101,7.88101,0.0,0.0,7.0,7.0,7.0,0.0,0.0,1,0,0,0,1
Cr,A1,111,-0.8785783046577933,3,1.0041067313977692,1,1.66,1.66,1.66,0.0,0.0,140.0,140.0,140.0,0.0,0.0,6.0,6.0,6.0,0.0,0.0,4.0,4.0,4.0,0.0,0.0,6.76651,6.76651,6.76651,0.0,0.0,5.0,5.0,5.0,0.0,0.0,1,0,0,0,1
Cu,A1,111,-0.0535604389505977,4,0.5744970764935715,1,1.9,1.9,1.9,0.0,0.0,135.0,135.0,135.0,0.0,0.0,11.0,11.0,11.0,0.0,0.0,4.0,4.0,4.0,0.0,0.0,7.72638,7.72638,7.72638,0.0,0.0,10.0,10.0,10.0,0.0,0.0,1,0,0,0,1
Fe,A1,111,-0.9568485850604418,3,0.5738191049022134,1,1.83,1.83,1.83,0.0,0.0,140.0,140.0,140.0,0.0,0.0,8.0,8.0,8.0,0.0,0.0,4.0,4.0,4.0,0.0,0.0,7.9024681,7.9024681,7.9024681,0.0,0.0,6.0,6.0,6.0,0.0,0.0,1,0,0,0,1
Ga,A1,111,0.6488109577412899,4,0.1746421174029819,1,1.81,1.81,1.81,0.0,0.0,130.0,130.0,130.0,0.0,0.0,13.0,13.0,13.0,0.0,0.0,4.0,4.0,4.0,0.0,0.0,5.999302,5.999302,5.999302,0.0,0.0,10.0,10.0,10.0,0.0,0.0,1,0,0,0,1
Hf,A1,111,-0.996874897958122,4,1.2807693610011484,1,1.3,1.3,1.3,0.0,0.0,155.0,155.0,155.0,0.0,0.0,4.0,4.0,4.0,0.0,0.0,6.0,6.0,6.0,0.0,0.0,6.82507,6.82507,6.82507,0.0,0.0,2.0,2.0,2.0,0.0,0.0,1,0,0,0,1
In,A1,111,0.8628978808419845,3,0.1317865007986256,1,1.78,1.78,1.78,0.0,0.0,155.0,155.0,155.0,0.0,0.0,13.0,13.0,13.0,0.0,0.0,5.0,5.0,5.0,0.0,0.0,5.7863558,5.7863558,5.7863558,0.0,0.0,10.0,10.0,10.0,0.0,0.0,1,0,0,0,1
Ir,A1,111,-0.3241198273562702,4,0.2126275765986065,1,2.2,2.2,2.2,0.0,0.0,135.0,135.0,135.0,0.0,0.0,9.0,9.0,9.0,0.0,0.0,6.0,6.0,6.0,0.0,0.0,8.96702,8.96702,8.96702,0.0,0.0,7.0,7.0,7.0,0.0,0.0,1,0,0,0,1
La,A1,111,-0.6875738460575747,4,1.0748085734994677,1,1.1,1.1,1.1,0.0,0.0,195.0,195.0,195.0,0.0,0.0,3.0,3.0,3.0,0.0,0.0,6.0,6.0,6.0,0.0,0.0,5.5769,5.5769,5.5769,0.0,0.0,1.0,1.0,1.0,0.0,0.0,1,0,0,0,1
Mo,A1,111,-0.989086999957152,3,1.1391164206979738,1,2.16,2.16,2.16,0.0,0.0,145.0,145.0,145.0,0.0,0.0,6.0,6.0,6.0,0.0,0.0,5.0,5.0,5.0,0.0,0.0,7.09243,7.09243,7.09243,0.0,0.0,5.0,5.0,5.0,0.0,0.0,1,0,0,0,1
Nb,A1,111,-0.9435531028566118,3,1.0655679956980748,1,1.6,1.6,1.6,0.0,0.0,145.0,145.0,145.0,0.0,0.0,5.0,5.0,5.0,0.0,0.0,5.0,5.0,5.0,0.0,0.0,6.75885,6.75885,6.75885,0.0,0.0,4.0,4.0,4.0,0.0,0.0,1,0,0,0,1
Os,A1,111,-0.258513452957203,4,0.1934836877990164,1,2.2,2.2,2.2,0.0,0.0,130.0,130.0,130.0,0.0,0.0,8.0,8.0,8.0,0.0,0.0,6.0,6.0,6.0,0.0,0.0,8.43823,8.43823,8.43823,0.0,0.0,6.0,6.0,6.0,0.0,0.0,1,0,0,0,1
Pb,A1,111,0.7541599663427689,3,0.0789155983002274,1,1.8,1.8,1.8,0.0,0.0,180.0,180.0,180.0,0.0,0.0,14.0,14.0,14.0,0.0,0.0,6.0,6.0,6.0,0.0,0.0,7.4166799,7.4166799,7.4166799,0.0,0.0,10.0,10.0,10.0,0.0,0.0,1,0,0,0,1
Pd,A1,111,-0.2897280394563211,4,0.4222300635992724,1,2.2,2.2,2.2,0.0,0.0,140.0,140.0,140.0,0.0,0.0,10.0,10.0,10.0,0.0,0.0,5.0,5.0,5.0,0.0,0.0,8.336839,8.336839,8.336839,0.0,0.0,10.0,10.0,10.0,0.0,0.0,1,0,0,0,1
Pt,A1,111,-0.3123140323577615,4,0.118025567899167,1,2.2,2.2,2.2,0.0,0.0,135.0,135.0,135.0,0.0,0.0,10.0,10.0,10.0,0.0,0.0,6.0,6.0,6.0,0.0,0.0,8.95883,8.95883,8.95883,0.0,0.0,9.0,9.0,9.0,0.0,0.0,1,0,0,0,1
Re,A1,111,-0.5119850445580312,4,0.5686116623000999,1,1.9,1.9,1.9,0.0,0.0,135.0,135.0,135.0,0.0,0.0,7.0,7.0,7.0,0.0,0.0,6.0,6.0,6.0,0.0,0.0,7.83352,7.83352,7.83352,0.0,0.0,5.0,5.0,5.0,0.0,0.0,1,0,0,0,1
Rh,A1,111,-0.2842750142580996,4,0.2489897406994714,1,2.28,2.28,2.28,0.0,0.0,135.0,135.0,135.0,0.0,0.0,9.0,9.0,9.0,0.0,0.0,5.0,5.0,5.0,0.0,0.0,7.4589,7.4589,7.4589,0.0,0.0,8.0,8.0,8.0,0.0,0.0,1,0,0,0,1
Ru,A1,111,-0.4111656428567301,4,0.5069687620998593,1,2.2,2.2,2.2,0.0,0.0,130.0,130.0,130.0,0.0,0.0,8.0,8.0,8.0,0.0,0.0,5.0,5.0,5.0,0.0,0.0,7.3605,7.3605,7.3605,0.0,0.0,7.0,7.0,7.0,0.0,0.0,1,0,0,0,1
Sc,A1,111,-1.0030774607575663,3,1.1788266734001809,1,1.36,1.36,1.36,0.0,0.0,160.0,160.0,160.0,0.0,0.0,3.0,3.0,3.0,0.0,0.0,4.0,4.0,4.0,0.0,0.0,6.56149,6.56149,6.56149,0.0,0.0,1.0,1.0,1.0,0.0,0.0,1,0,0,0,1
Sn,A1,111,0.4576520744422225,4,0.4181733906007139,1,1.96,1.96,1.96,0.0,0.0,145.0,145.0,145.0,0.0,0.0,14.0,14.0,14.0,0.0,0.0,5.0,5.0,5.0,0.0,0.0,7.343918,7.343918,7.343918,0.0,0.0,10.0,10.0,10.0,0.0,0.0,1,0,0,0,1
Ta,A1,111,-1.0196725954583314,3,1.0936221161973665,1,1.5,1.5,1.5,0.0,0.0,145.0,145.0,145.0,0.0,0.0,5.0,5.0,5.0,0.0,0.0,6.0,6.0,6.0,0.0,0.0,7.549571,7.549571,7.549571,0.0,0.0,3.0,3.0,3.0,0.0,0.0,1,0,0,0,1
Tc,A1,111,-0.5594789777596532,4,0.7405930507011362,1,2.1,2.1,2.1,0.0,0.0,135.0,135.0,135.0,0.0,0.0,7.0,7.0,7.0,0.0,0.0,5.0,5.0,5.0,0.0,0.0,7.11938,7.11938,7.11938,0.0,0.0,5.0,5.0,5.0,0.0,0.0,1,0,0,0,1
Ti,A1,111,-1.0104374598585937,3,1.254298126899812,1,1.54,1.54,1.54,0.0,0.0,140.0,140.0,140.0,0.0,0.0,4.0,4.0,4.0,0.0,0.0,4.0,4.0,4.0,0.0,0.0,6.82812,6.82812,6.82812,0.0,0.0,2.0,2.0,2.0,0.0,0.0,1,0,0,0,1
Tl,A1,111,0.952849191839988,3,0.0565487931999086,1,1.8,1.8,1.8,0.0,0.0,190.0,190.0,190.0,0.0,0.0,13.0,13.0,13.0,0.0,0.0,6.0,6.0,6.0,0.0,0.0,6.1082873,6.1082873,6.1082873,0.0,0.0,10.0,10.0,10.0,0.0,0.0,1,0,0,0,1
V,A1,111,-0.9956605899596696,3,1.1666382864023035,1,1.63,1.63,1.63,0.0,0.0,135.0,135.0,135.0,0.0,0.0,5.0,5.0,5.0,0.0,0.0,4.0,4.0,4.0,0.0,0.0,6.746187,6.746187,6.746187,0.0,0.0,3.0,3.0,3.0,0.0,0.0,1,0,0,0,1
W,A1,111,-0.8795113830592243,3,0.8520982268018997,1,1.7,1.7,1.7,0.0,0.0,135.0,135.0,135.0,0.0,0.0,6.0,6.0,6.0,0.0,0.0,6.0,6.0,6.0,0.0,0.0,7.86403,7.86403,7.86403,0.0,0.0,4.0,4.0,4.0,0.0,0.0,1,0,0,0,1
Y,A1,111,-0.9701319580571806,3,1.187510506299077,1,1.22,1.22,1.22,0.0,0.0,180.0,180.0,180.0,0.0,0.0,3.0,3.0,3.0,0.0,0.0,5.0,5.0,5.0,0.0,0.0,6.21726,6.21726,6.21726,0.0,0.0,1.0,1.0,1.0,0.0,0.0,1,0,0,0,1
Zn,A1,111,0.5527372213337287,4,0.2206263629050227,1,1.65,1.65,1.65,0.0,0.0,135.0,135.0,135.0,0.0,0.0,12.0,12.0,12.0,0.0,0.0,4.0,4.0,4.0,0.0,0.0,9.394197,9.394197,9.394197,0.0,0.0,10.0,10.0,10.0,0.0,0.0,1,0,0,0,1
Zr,A1,111,-0.9923391684578462,3,1.3013821204003762,1,1.33,1.33,1.33,0.0,0.0,155.0,155.0,155.0,0.0,0.0,4.0,4.0,4.0,0.0,0.0,5.0,5.0,5.0,0.0,0.0,6.634126,6.634126,6.634126,0.0,0.0,2.0,2.0,2.0,0.0,0.0,1,0,0,0,1
AgAl,L10,101,0.3565099457419194,7,0.6309617865008477,2,1.77,1.93,1.61,0.31999999999999984,0.15999999999999992,142.5,160.0,125.0,35.0,17.5,12.0,13.0,11.0,2.0,1.0,4.0,5.0,3.0,2.0,1.0,6.7810015,7.576234,5.985769,1.590465,0.7952325,5.0,10.0,0.0,10.0,5.0,0,1,0,1,0
AgAu,L10,101,0.319611853440648,8,0.6510029706987552,2,2.165,2.4,1.93,0.47,0.235,147.5,160.0,135.0,25.0,12.5,11.0,11.0,11.0,0.0,0.0,5.5,6.0,5.0,1.0,0.5,8.400894000000001,9.225554,7.576234,1.6493200000000003,0.8246600000000002,10.0,10.0,10.0,0.0,0.0,0,1,0,1,0
AgBi,L10,101,0.5529278370459281,4,0.1261741527996491,2,1.915,1.93,1.9,0.030000000000000027,0.015000000000000013,160.0,160.0,160.0,0.0,0.0,13.0,15.0,11.0,4.0,2.0,5.5,6.0,5.0,1.0,0.5,7.430875,7.576234,7.285516,0.29071800000000003,0.14535900000000002,10.0,10.0,10.0,0.0,0.0,0,1,0,1,0
AgCd,L10,101,0.5179861071456173,9,0.4534744467964628,2,1.81,1.93,1.69,0.24,0.12,157.5,160.0,155.0,5.0,2.5,11.5,12.0,11.0,1.0,0.5,5.0,5.0,5.0,0.0,0.0,8.285027,8.99382,7.576234,1.4175859999999991,0.7087929999999995,10.0,10.0,10.0,0.0,0.0,0,1,0,1,0
AgCo,L10,101,-0.2369697921594422,6,1.0278395480054314,2,1.9049999999999998,1.93,1.88,0.050000000000000044,0.025000000000000022,147.5,160.0,135.0,25.0,12.5,10.0,11.0,9.0,2.0,1.0,4.5,5.0,4.0,1.0,0.5,7.728622,7.88101,7.576234,0.3047759999999995,0.15238799999999975,8.5,10.0,7.0,3.0,1.5,0,1,0,1,0
AgCu,L10,101,0.0519798657487911,8,0.7857234028997482,2,1.915,1.93,1.9,0.030000000000000027,0.015000000000000013,147.5,160.0,135.0,25.0,12.5,11.0,11.0,11.0,0.0,0.0,4.5,5.0,4.0,1.0,0.5,7.651307,7.72638,7.576234,0.15014599999999945,0.07507299999999972,10.0,10.0,10.0,0.0,0.0,0,1,0,1,0
AgFe,L10,101,-0.307076657357328,7,0.5805113366004662,2,1.88,1.93,1.83,0.09999999999999987,0.04999999999999993,150.0,160.0,140.0,20.0,10.0,9.5,11.0,8.0,3.0,1.5,4.5,5.0,4.0,1.0,0.5,7.73935105,7.9024681,7.576234,0.32623409999999975,0.16311704999999987,8.0,10.0,6.0,4.0,2.0,0,1,0,1,0
AgGa,L10,101,0.5760452682452808,9,0.3342427341995062,2,1.87,1.93,1.81,0.11999999999999988,0.05999999999999994,145.0,160.0,130.0,30.0,15.0,12.0,13.0,11.0,2.0,1.0,4.5,5.0,4.0,1.0,0.5,6.787768,7.576234,5.999302,1.5769320000000002,0.7884660000000001,10.0,10.0,10.0,0.0,0.0,0,1,0,1,0
AgHf,L10,101,-0.7885401892626476,5,0.8520563212005072,2,1.615,1.93,1.3,0.6299999999999999,0.31499999999999995,157.5,160.0,155.0,5.0,2.5,7.5,11.0,4.0,7.0,3.5,5.5,6.0,5.0,1.0,0.5,7.200652,7.576234,6.82507,0.7511640000000002,0.3755820000000001,6.0,10.0,2.0,8.0,4.0,0,1,0,1,0
AgHg,L10,101,0.8759339024409485,4,0.2708883739032899,2,1.915,1.93,1.9,0.030000000000000027,0.015000000000000013,155.0,160.0,150.0,10.0,5.0,11.5,12.0,11.0,1.0,0.5,5.5,6.0,5.0,1.0,0.5,9.006869,10.437504,7.576234,2.86127,1.430635,10.0,10.0,10.0,0.0,0.0,0,1,0,1,0
AgIn,L10,101,0.6587715486394075,10,0.2249725652000052,2,1.855,1.93,1.78,0.1499999999999999,0.07499999999999996,157.5,160.0,155.0,5.0,2.5,12.0,13.0,11.0,2.0,1.0,5.0,5.0,5.0,0.0,0.0,6.6812949,7.576234,5.7863558,1.7898782000000004,0.8949391000000002,10.0,10.0,10.0,0.0,0.0,0,1,0,1,0
AgIr,L10,101,-0.3156479711605868,5,0.3953487539038178,2,2.065,2.2,1.93,0.27000000000000024,0.13500000000000012,147.5,160.0,135.0,25.0,12.5,10.0,11.0,9.0,2.0,1.0,5.5,6.0,5.0,1.0,0.5,8.271627,8.96702,7.576234,1.3907859999999994,0.6953929999999997,8.5,10.0,7.0,3.0,1.5,0,1,0,1,0
AgLa,L10,101,-0.557652413556724,5,1.0048856573012015,2,1.5150000000000001,1.93,1.1,0.8299999999999998,0.4149999999999999,177.5,195.0,160.0,35.0,17.5,7.0,11.0,3.0,8.0,4.0,5.5,6.0,5.0,1.0,0.5,6.576567000000001,7.576234,5.5769,1.9993340000000002,0.9996670000000001,5.5,10.0,1.0,9.0,4.5,0,1,0,1,0
AgMn,L10,101,2.436977796141065,4,1.3120246286998736,2,1.74,1.93,1.55,0.3799999999999999,0.18999999999999995,150.0,160.0,140.0,20.0,10.0,9.0,11.0,7.0,4.0,2.0,4.5,5.0,4.0,1.0,0.5,7.505136,7.576234,7.434038,0.1421960000000002,0.0710980000000001,7.5,10.0,5.0,5.0,2.5,0,1,0,1,0
AgMo,L10,101,-0.6168012543630255,5,1.1569737552053994,2,2.045,2.16,1.93,0.2300000000000002,0.1150000000000001,152.5,160.0,145.0,15.0,7.5,8.5,11.0,6.0,5.0,2.5,5.0,5.0,5.0,0.0,0.0,7.334332,7.576234,7.09243,0.4838040000000001,0.24190200000000006,7.5,10.0,5.0,5.0,2.5,0,1,0,1,0
AgNb,L10,101,-0.65941591425414,3,0.5258217611990403,2,1.7650000000000001,1.93,1.6,0.32999999999999985,0.16499999999999992,152.5,160.0,145.0,15.0,7.5,8.0,11.0,5.0,6.0,3.0,5.0,5.0,5.0,0.0,0.0,7.167542,7.576234,6.75885,0.8173840000000006,0.4086920000000003,7.0,10.0,4.0,6.0,3.0,0,1,0,1,0
AgNi,L10,101,-0.291363443763629,4,0.3704631271029939,2,1.92,1.93,1.91,0.020000000000000018,0.010000000000000009,147.5,160.0,135.0,25.0,12.5,10.5,11.0,10.0,1.0,0.5,4.5,5.0,4.0,1.0,0.5,7.608056,7.639878,7.576234,0.06364400000000003,0.03182200000000002,9.0,10.0,8.0,2.0,1.0,0,1,0,1,0
AgOs,L10,101,0.2189407537453291,4,0.1508554222964448,2,2.065,2.2,1.93,0.27000000000000024,0.13500000000000012,145.0,160.0,130.0,30.0,15.0,9.5,11.0,8.0,3.0,1.5,5.5,6.0,5.0,1.0,0.5,8.007232,8.43823,7.576234,0.8619960000000004,0.4309980000000002,8.0,10.0,6.0,4.0,2.0,0,1,0,1,0
AgPb,L10,101,0.6026781380433306,7,0.4128274421018432,2,1.865,1.93,1.8,0.1299999999999999,0.06499999999999995,170.0,180.0,160.0,20.0,10.0,12.5,14.0,11.0,3.0,1.5,5.5,6.0,5.0,1.0,0.5,7.496456950000001,7.576234,7.4166799,0.15955410000000025,0.07977705000000013,10.0,10.0,10.0,0.0,0.0,0,1,0,1,0
AgPd,L10,101,-0.1992359022615062,4,0.3129462889046408,2,2.065,2.2,1.93,0.27000000000000024,0.13500000000000012,150.0,160.0,140.0,20.0,10.0,10.5,11.0,10.0,1.0,0.5,5.0,5.0,5.0,0.0,0.0,7.9565365,8.336839,7.576234,0.7606049999999991,0.38030249999999954,10.0,10.0,10.0,0.0,0.0,0,1,0,1,0
AgPt,L10,101,-0.340017534158477,2,0.2082128017063951,2,2.065,2.2,1.93,0.27000000000000024,0.13500000000000012,147.5,160.0,135.0,25.0,12.5,10.5,11.0,10.0,1.0,0.5,5.5,6.0,5.0,1.0,0.5,8.267532000000001,8.95883,7.576234,1.3825960000000004,0.6912980000000002,9.5,10.0,9.0,1.0,0.5,0,1,0,1,0
AgRe,L10,101,-0.6132330256577632,6,1.5639993220975157,2,1.915,1.93,1.9,0.030000000000000027,0.015000000000000013,147.5,160.0,135.0,25.0,12.5,9.0,11.0,7.0,4.0,2.0,5.5,6.0,5.0,1.0,0.5,7.704877,7.83352,7.576234,0.2572859999999997,0.12864299999999984,7.5,10.0,5.0,5.0,2.5,0,1,0,1,0
AgRh,L10,101,-0.2951587514607752,6,0.8755178403007449,2,2.105,2.28,1.93,0.34999999999999987,0.17499999999999993,147.5,160.0,135.0,25.0,12.5,10.0,11.0,9.0,2.0,1.0,5.0,5.0,5.0,0.0,0.0,7.517567,7.576234,7.4589,0.1173340000000005,0.05866700000000025,9.0,10.0,8.0,2.0,1.0,0,1,0,1,0
AgRu,L10,101,-0.2220487019576182,4,0.1194030082042445,2,2.065,2.2,1.93,0.27000000000000024,0.13500000000000012,145.0,160.0,130.0,30.0,15.0,9.5,11.0,8.0,3.0,1.5,5.0,5.0,5.0,0.0,0.0,7.468367000000001,7.576234,7.3605,0.21573400000000031,0.10786700000000016,8.5,10.0,7.0,3.0,1.5,0,1,0,1,0
AgSc,L10,101,-0.7761592817577991,3,0.9586856255991734,2,1.645,1.93,1.36,0.5699999999999998,0.2849999999999999,160.0,160.0,160.0,0.0,0.0,7.0,11.0,3.0,8.0,4.0,4.5,5.0,4.0,1.0,0.5,7.068862,7.576234,6.56149,1.0147440000000003,0.5073720000000002,5.5,10.0,1.0,9.0,4.5,0,1,0,1,0
AgSn,L10,101,0.6815708787480901,7,0.2663314195960993,2,1.9449999999999998,1.96,1.93,0.030000000000000027,0.015000000000000013,152.5,160.0,145.0,15.0,7.5,12.5,14.0,11.0,3.0,1.5,5.0,5.0,5.0,0.0,0.0,7.460076000000001,7.576234,7.343918,0.23231599999999997,0.116158,10.0,10.0,10.0,0.0,0.0,0,1,0,1,0
AgTa,L10,101,-0.7509863026561732,3,0.6306006913946476,2,1.7149999999999999,1.93,1.5,0.42999999999999994,0.21499999999999997,152.5,160.0,145.0,15.0,7.5,8.0,11.0,5.0,6.0,3.0,5.5,6.0,5.0,1.0,0.5,7.5629025,7.576234,7.549571,0.026663000000000103,0.013331500000000052,6.5,10.0,3.0,7.0,3.5,0,1,0,1,0
AgTc,L10,101,-0.4841148731565852,2,0.5880649445971358,2,2.015,2.1,1.93,0.17000000000000015,0.08500000000000008,147.5,160.0,135.0,25.0,12.5,9.0,11.0,7.0,4.0,2.0,5.0,5.0,5.0,0.0,0.0,7.3478069999999995,7.576234,7.11938,0.45685400000000076,0.22842700000000038,7.5,10.0,5.0,5.0,2.5,0,1,0,1,0
AgTi,L10,101,-0.6904830151533758,5,0.7119138846974238,2,1.7349999999999999,1.93,1.54,0.3899999999999999,0.19499999999999995,150.0,160.0,140.0,20.0,10.0,7.5,11.0,4.0,7.0,3.5,4.5,5.0,4.0,1.0,0.5,7.202177000000001,7.576234,6.82812,0.7481140000000002,0.3740570000000001,6.0,10.0,2.0,8.0,4.0,0,1,0,1,0
AgTl,L10,101,0.5993133143429361,4,0.5418706272976124,2,1.865,1.93,1.8,0.1299999999999999,0.06499999999999995,175.0,190.0,160.0,30.0,15.0,12.0,13.0,11.0,2.0,1.0,5.5,6.0,5.0,1.0,0.5,6.84226065,7.576234,6.1082873,1.4679467000000006,0.7339733500000003,10.0,10.0,10.0,0.0,0.0,0,1,0,1,0
AgV,L10,101,-0.6302911619559097,5,0.5524701415997697,2,1.7799999999999998,1.93,1.63,0.30000000000000004,0.15000000000000002,147.5,160.0,135.0,25.0,12.5,8.0,11.0,5.0,6.0,3.0,4.5,5.0,4.0,1.0,0.5,7.1612105,7.576234,6.746187,0.8300470000000004,0.4150235000000002,6.5,10.0,3.0,7.0,3.5,0,1,0,1,0
AgW,L10,101,-0.7226739462630292,3,0.5993745400046464,2,1.815,1.93,1.7,0.22999999999999998,0.11499999999999999,147.5,160.0,135.0,25.0,12.5,8.5,11.0,6.0,5.0,2.5,5.5,6.0,5.0,1.0,0.5,7.7201319999999996,7.86403,7.576234,0.2877959999999993,0.14389799999999964,7.0,10.0,4.0,6.0,3.0,0,1,0,1,0
AgY,L10,101,-0.8020107766596709,4,1.24779215700255,2,1.575,1.93,1.22,0.71,0.355,170.0,180.0,160.0,20.0,10.0,7.0,11.0,3.0,8.0,4.0,5.0,5.0,5.0,0.0,0.0,6.8967469999999995,7.576234,6.21726,1.3589740000000008,0.6794870000000004,5.5,10.0,1.0,9.0,4.5,0,1,0,1,0
AgZn,L10,101,0.4393295612399299,7,0.2632263284976943,2,1.79,1.93,1.65,0.28,0.14,147.5,160.0,135.0,25.0,12.5,11.5,12.0,11.0,1.0,0.5,4.5,5.0,4.0,1.0,0.5,8.4852155,9.394197,7.576234,1.8179629999999998,0.9089814999999999,10.0,10.0,10.0,0.0,0.0,0,1,0,1,0
AgZr,L10,101,-0.7236569574588145,6,0.8551524325011997,2,1.63,1.93,1.33,0.5999999999999999,0.29999999999999993,157.5,160.0,155.0,5.0,2.5,7.5,11.0,4.0,7.0,3.5,5.0,5.0,5.0,0.0,0.0,7.105180000000001,7.576234,6.634126,0.9421080000000002,0.4710540000000001,6.0,10.0,2.0,8.0,4.0,0,1,0,1,0
AlAu,L10,101,0.2635778996418878,3,0.4857263313006115,2,2.005,2.4,1.61,0.7899999999999998,0.3949999999999999,130.0,135.0,125.0,10.0,5.0,12.0,13.0,11.0,2.0,1.0,4.5,6.0,3.0,3.0,1.5,7.6056615,9.225554,5.985769,3.2397850000000004,1.6198925000000002,5.0,10.0,0.0,10.0,5.0,0,1,0,1,0
AlBi,L10,101,-0.007878648058039,3,0.2169667038997431,2,1.755,1.9,1.61,0.2899999999999998,0.1449999999999999,142.5,160.0,125.0,35.0,17.5,14.0,15.0,13.0,2.0,1.0,4.5,6.0,3.0,3.0,1.5,6.6356425,7.285516,5.985769,1.299747,0.6498735,5.0,10.0,0.0,10.0,5.0,0,1,0,1,0
AlCd,L10,101,0.3112805440423756,2,0.0053557444989564,2,1.65,1.69,1.61,0.07999999999999985,0.039999999999999925,140.0,155.0,125.0,30.0,15.0,12.5,13.0,12.0,1.0,0.5,4.0,5.0,3.0,2.0,1.0,7.4897945,8.99382,5.985769,3.008050999999999,1.5040254999999996,5.0,10.0,0.0,10.0,5.0,0,1,0,1,0
AlCo,L10,101,-0.5014731510591162,3,0.9765726205987448,2,1.745,1.88,1.61,0.2699999999999998,0.1349999999999999,130.0,135.0,125.0,10.0,5.0,11.0,13.0,9.0,4.0,2.0,3.5,4.0,3.0,1.0,0.5,6.9333895000000005,7.88101,5.985769,1.8952409999999995,0.9476204999999998,3.5,7.0,0.0,7.0,3.5,0,1,0,1,0
AlCr,L10,101,-0.5565228689583535,3,0.5884480807999353,2,1.635,1.66,1.61,0.04999999999999982,0.02499999999999991,132.5,140.0,125.0,15.0,7.5,9.5,13.0,6.0,7.0,3.5,3.5,4.0,3.0,1.0,0.5,6.376139500000001,6.76651,5.985769,0.7807409999999999,0.39037049999999995,2.5,5.0,0.0,5.0,2.5,0,1,0,1,0
AlCu,L10,101,0.3316152029447323,8,0.443668824598717,2,1.755,1.9,1.61,0.2899999999999998,0.1449999999999999,130.0,135.0,125.0,10.0,5.0,12.0,13.0,11.0,2.0,1.0,3.5,4.0,3.0,1.0,0.5,6.8560745,7.72638,5.985769,1.7406109999999995,0.8703054999999997,5.0,10.0,0.0,10.0,5.0,0,1,0,1,0
AlFe,L10,101,-0.4489709627586933,6,1.249956278497848,2,1.7200000000000002,1.83,1.61,0.21999999999999997,0.10999999999999999,132.5,140.0,125.0,15.0,7.5,10.5,13.0,8.0,5.0,2.5,3.5,4.0,3.0,1.0,0.5,6.944118550000001,7.9024681,5.985769,1.9166990999999998,0.9583495499999999,3.0,6.0,0.0,6.0,3.0,0,1,0,1,0
AlGa,L10,101,0.2968157887380869,3,0.373842644803517,2,1.71,1.81,1.61,0.19999999999999996,0.09999999999999998,127.5,130.0,125.0,5.0,2.5,13.0,13.0,13.0,0.0,0.0,3.5,4.0,3.0,1.0,0.5,5.992535500000001,5.999302,5.985769,0.013532999999999795,0.006766499999999898,5.0,10.0,0.0,10.0,5.0,0,1,0,1,0
AlHf,L10,101,-0.7161285199590282,4,0.7320279954001307,2,1.455,1.61,1.3,0.31000000000000005,0.15500000000000003,140.0,155.0,125.0,30.0,15.0,8.5,13.0,4.0,9.0,4.5,4.5,6.0,3.0,3.0,1.5,6.405419500000001,6.82507,5.985769,0.8393009999999999,0.4196504999999999,1.0,2.0,0.0,2.0,1.0,0,1,0,1,0
AlHg,L10,101,0.3256716925634748,1,0.0,2,1.755,1.9,1.61,0.2899999999999998,0.1449999999999999,137.5,150.0,125.0,25.0,12.5,12.5,13.0,12.0,1.0,0.5,4.5,6.0,3.0,3.0,1.5,8.211636500000001,10.437504,5.985769,4.451735,2.2258675,5.0,10.0,0.0,10.0,5.0,0,1,0,1,0
AlIn,L10,101,0.2940169618423454,1,0.0,2,1.695,1.78,1.61,0.16999999999999993,0.08499999999999996,140.0,155.0,125.0,30.0,15.0,13.0,13.0,13.0,0.0,0.0,4.0,5.0,3.0,2.0,1.0,5.8860624,5.985769,5.7863558,0.1994132000000004,0.0997066000000002,5.0,10.0,0.0,10.0,5.0,0,1,0,1,0
AlIr,L10,101,-0.4380794703565414,4,1.3299472706985398,2,1.9050000000000002,2.2,1.61,0.5900000000000001,0.29500000000000004,130.0,135.0,125.0,10.0,5.0,11.0,13.0,9.0,4.0,2.0,4.5,6.0,3.0,3.0,1.5,7.4763945,8.96702,5.985769,2.9812509999999994,1.4906254999999997,3.5,7.0,0.0,7.0,3.5,0,1,0,1,0
AlLa,L10,101,-0.6369331886080261,3,0.3924244825411733,2,1.355,1.61,1.1,0.51,0.255,160.0,195.0,125.0,70.0,35.0,8.0,13.0,3.0,10.0,5.0,4.5,6.0,3.0,3.0,1.5,5.7813345,5.985769,5.5769,0.40886900000000015,0.20443450000000007,0.5,1.0,0.0,1.0,0.5,0,1,0,1,0
AlMn,L10,101,-0.4175079362603071,4,1.1834950585034676,2,1.58,1.61,1.55,0.06000000000000005,0.030000000000000027,132.5,140.0,125.0,15.0,7.5,10.0,13.0,7.0,6.0,3.0,3.5,4.0,3.0,1.0,0.5,6.7099035,7.434038,5.985769,1.4482689999999998,0.7241344999999999,2.5,5.0,0.0,5.0,2.5,0,1,0,1,0
AlMo,L10,101,-0.5090157383574194,3,0.5651886063005804,2,1.8850000000000002,2.16,1.61,0.55,0.275,135.0,145.0,125.0,20.0,10.0,9.5,13.0,6.0,7.0,3.5,4.0,5.0,3.0,2.0,1.0,6.539099500000001,7.09243,5.985769,1.106661,0.5533305,2.5,5.0,0.0,5.0,2.5,0,1,0,1,0
AlNb,L10,101,-0.5882064437582528,5,0.6008998740999232,2,1.605,1.61,1.6,0.010000000000000009,0.0050000000000000044,135.0,145.0,125.0,20.0,10.0,9.0,13.0,5.0,8.0,4.0,4.0,5.0,3.0,2.0,1.0,6.3723095,6.75885,5.985769,0.7730809999999995,0.38654049999999973,2.0,4.0,0.0,4.0,2.0,0,1,0,1,0
AlNi,L10,101,-0.1591562549574234,6,0.7687845885993738,2,1.76,1.91,1.61,0.2999999999999998,0.1499999999999999,130.0,135.0,125.0,10.0,5.0,11.5,13.0,10.0,3.0,1.5,3.5,4.0,3.0,1.0,0.5,6.8128235,7.639878,5.985769,1.654109,0.8270545,4.0,8.0,0.0,8.0,4.0,0,1,0,1,0
AlOs,L10,101,-0.4702253664572424,4,1.4307730670007004,2,1.9050000000000002,2.2,1.61,0.5900000000000001,0.29500000000000004,127.5,130.0,125.0,5.0,2.5,10.5,13.0,8.0,5.0,2.5,4.5,6.0,3.0,3.0,1.5,7.211999500000001,8.43823,5.985769,2.4524610000000004,1.2262305000000002,3.0,6.0,0.0,6.0,3.0,0,1,0,1,0
AlPb,L10,101,0.3172568442433032,1,0.0,2,1.705,1.8,1.61,0.18999999999999995,0.09499999999999997,152.5,180.0,125.0,55.0,27.5,13.5,14.0,13.0,1.0,0.5,4.5,6.0,3.0,3.0,1.5,6.70122445,7.4166799,5.985769,1.4309108999999998,0.7154554499999999,5.0,10.0,0.0,10.0,5.0,0,1,0,1,0
AlPd,L10,101,0.1806880787417242,8,0.2788992694004264,2,1.9050000000000002,2.2,1.61,0.5900000000000001,0.29500000000000004,132.5,140.0,125.0,15.0,7.5,11.5,13.0,10.0,3.0,1.5,4.0,5.0,3.0,2.0,1.0,7.1613039999999994,8.336839,5.985769,2.351069999999999,1.1755349999999996,5.0,10.0,0.0,10.0,5.0,0,1,0,1,0
AlPt,L10,101,0.1566234193424236,4,0.3030795771992416,2,1.9050000000000002,2.2,1.61,0.5900000000000001,0.29500000000000004,130.0,135.0,125.0,10.0,5.0,11.5,13.0,10.0,3.0,1.5,4.5,6.0,3.0,3.0,1.5,7.4722995,8.95883,5.985769,2.9730610000000004,1.4865305000000002,4.5,9.0,0.0,9.0,4.5,0,1,0,1,0
AlRe,L10,101,-0.303342983356714,5,0.4218554990002303,2,1.755,1.9,1.61,0.2899999999999998,0.1449999999999999,130.0,135.0,125.0,10.0,5.0,10.0,13.0,7.0,6.0,3.0,4.5,6.0,3.0,3.0,1.5,6.909644500000001,7.83352,5.985769,1.8477509999999997,0.9238754999999998,2.5,5.0,0.0,5.0,2.5,0,1,0,1,0
AlRh,L10,101,-0.2053098912574285,4,0.9278053307007212,2,1.9449999999999998,2.28,1.61,0.6699999999999997,0.33499999999999985,130.0,135.0,125.0,10.0,5.0,11.0,13.0,9.0,4.0,2.0,4.0,5.0,3.0,2.0,1.0,6.7223345000000005,7.4589,5.985769,1.4731309999999995,0.7365654999999998,4.0,8.0,0.0,8.0,4.0,0,1,0,1,0
AlRu,L10,101,-0.4789350501586966,5,1.269153365497914,2,1.9050000000000002,2.2,1.61,0.5900000000000001,0.29500000000000004,127.5,130.0,125.0,5.0,2.5,10.5,13.0,8.0,5.0,2.5,4.0,5.0,3.0,2.0,1.0,6.6731345,7.3605,5.985769,1.3747309999999997,0.6873654999999999,3.5,7.0,0.0,7.0,3.5,0,1,0,1,0
AlSc,L10,101,-0.7062105147278714,5,1.3105516764808272,2,1.485,1.61,1.36,0.25,0.125,142.5,160.0,125.0,35.0,17.5,8.0,13.0,3.0,10.0,5.0,3.5,4.0,3.0,1.0,0.5,6.2736295,6.56149,5.985769,0.5757209999999997,0.28786049999999985,0.5,1.0,0.0,1.0,0.5,0,1,0,1,0
AlSn,L10,101,0.2672231366405242,3,0.2701104005009256,2,1.7850000000000001,1.96,1.61,0.34999999999999987,0.17499999999999993,135.0,145.0,125.0,20.0,10.0,13.5,14.0,13.0,1.0,0.5,4.0,5.0,3.0,2.0,1.0,6.6648435,7.343918,5.985769,1.358149,0.6790745,5.0,10.0,0.0,10.0,5.0,0,1,0,1,0
AlTa,L10,101,-0.6545292938580758,4,0.6585584835011105,2,1.5550000000000002,1.61,1.5,0.1100000000000001,0.05500000000000005,135.0,145.0,125.0,20.0,10.0,9.0,13.0,5.0,8.0,4.0,4.5,6.0,3.0,3.0,1.5,6.767670000000001,7.549571,5.985769,1.563802,0.781901,1.5,3.0,0.0,3.0,1.5,0,1,0,1,0
AlTc,L10,101,-0.5566971579582685,6,1.2965361811002367,2,1.855,2.1,1.61,0.49,0.245,130.0,135.0,125.0,10.0,5.0,10.0,13.0,7.0,6.0,3.0,4.0,5.0,3.0,2.0,1.0,6.5525745,7.11938,5.985769,1.1336109999999993,0.5668054999999996,2.5,5.0,0.0,5.0,2.5,0,1,0,1,0
AlTi,L10,101,-0.740299303758519,4,0.746087845400325,2,1.5750000000000002,1.61,1.54,0.07000000000000006,0.03500000000000003,132.5,140.0,125.0,15.0,7.5,8.5,13.0,4.0,9.0,4.5,3.5,4.0,3.0,1.0,0.5,6.4069445,6.82812,5.985769,0.8423509999999998,0.4211755,1.0,2.0,0.0,2.0,1.0,0,1,0,1,0
AlV,L10,101,-0.6535091391587855,5,0.6455495371992583,2,1.62,1.63,1.61,0.019999999999999796,0.009999999999999898,130.0,135.0,125.0,10.0,5.0,9.0,13.0,5.0,8.0,4.0,3.5,4.0,3.0,1.0,0.5,6.365978,6.746187,5.985769,0.7604179999999996,0.3802089999999998,1.5,3.0,0.0,3.0,1.5,0,1,0,1,0
AlW,L10,101,-0.7872179881587442,4,0.7443913515999157,2,1.655,1.7,1.61,0.08999999999999986,0.04499999999999993,130.0,135.0,125.0,10.0,5.0,9.5,13.0,6.0,7.0,3.5,4.5,6.0,3.0,3.0,1.5,6.9248995,7.86403,5.985769,1.8782609999999993,0.9391304999999996,2.0,4.0,0.0,4.0,2.0,0,1,0,1,0
AlY,L10,101,-0.7685483937375182,6,1.3938385114797711,2,1.415,1.61,1.22,0.3900000000000001,0.19500000000000006,152.5,180.0,125.0,55.0,27.5,8.0,13.0,3.0,10.0,5.0,4.0,5.0,3.0,2.0,1.0,6.1015145,6.21726,5.985769,0.23149099999999923,0.11574549999999961,0.5,1.0,0.0,1.0,0.5,0,1,0,1,0
AlZn,L10,101,0.4380779736393663,5,0.3260506111037102,2,1.63,1.65,1.61,0.039999999999999813,0.019999999999999907,130.0,135.0,125.0,10.0,5.0,12.5,13.0,12.0,1.0,0.5,3.5,4.0,3.0,1.0,0.5,7.689983,9.394197,5.985769,3.408428,1.704214,5.0,10.0,0.0,10.0,5.0,0,1,0,1,0
AlZr,L10,101,-0.6815838041574978,6,1.2133645863195852,2,1.4700000000000002,1.61,1.33,0.28,0.14,140.0,155.0,125.0,30.0,15.0,8.5,13.0,4.0,9.0,4.5,4.0,5.0,3.0,2.0,1.0,6.3099475,6.634126,5.985769,0.6483569999999999,0.3241784999999999,1.0,2.0,0.0,2.0,1.0,0,1,0,1,0
AuBi,L10,101,0.4926344853420517,1,0.0,2,2.15,2.4,1.9,0.5,0.25,147.5,160.0,135.0,25.0,12.5,13.0,15.0,11.0,4.0,2.0,6.0,6.0,6.0,0.0,0.0,8.255535,9.225554,7.285516,1.9400380000000004,0.9700190000000002,10.0,10.0,10.0,0.0,0.0,0,1,0,1,0
AuCd,L10,101,0.5153372149443669,3,0.4760637049985234,2,2.045,2.4,1.69,0.71,0.355,145.0,155.0,135.0,20.0,10.0,11.5,12.0,11.0,1.0,0.5,5.5,6.0,5.0,1.0,0.5,9.109687000000001,9.225554,8.99382,0.23173400000000122,0.11586700000000061,10.0,10.0,10.0,0.0,0.0,0,1,0,1,0
AuCo,L10,101,-0.0711847080592349,6,0.5280099647061434,2,2.1399999999999997,2.4,1.88,0.52,0.26,135.0,135.0,135.0,0.0,0.0,10.0,11.0,9.0,2.0,1.0,5.0,6.0,4.0,2.0,1.0,8.553282,9.225554,7.88101,1.3445440000000008,0.6722720000000004,8.5,10.0,7.0,3.0,1.5,0,1,0,1,0
AuCu,L10,101,0.164787242641097,5,0.2385545830984483,2,2.15,2.4,1.9,0.5,0.25,135.0,135.0,135.0,0.0,0.0,11.0,11.0,11.0,0.0,0.0,5.0,6.0,4.0,2.0,1.0,8.475967,9.225554,7.72638,1.499174000000001,0.7495870000000004,10.0,10.0,10.0,0.0,0.0,0,1,0,1,0
AuFe,L10,101,-0.1319357552556255,6,0.6375344242005667,2,2.115,2.4,1.83,0.5699999999999998,0.2849999999999999,137.5,140.0,135.0,5.0,2.5,9.5,11.0,8.0,3.0,1.5,5.0,6.0,4.0,2.0,1.0,8.564011050000001,9.225554,7.9024681,1.3230859000000006,0.6615429500000003,8.0,10.0,6.0,4.0,2.0,0,1,0,1,0
AuHf,L10,101,-0.7750506899601248,4,0.8817125119021512,2,1.85,2.4,1.3,1.0999999999999999,0.5499999999999999,145.0,155.0,135.0,20.0,10.0,7.5,11.0,4.0,7.0,3.5,6.0,6.0,6.0,0.0,0.0,8.025312,9.225554,6.82507,2.4004840000000005,1.2002420000000003,6.0,10.0,2.0,8.0,4.0,0,1,0,1,0
AuHg,L10,101,0.5184404011424988,2,1.1836997146019712e-05,2,2.15,2.4,1.9,0.5,0.25,142.5,150.0,135.0,15.0,7.5,11.5,12.0,11.0,1.0,0.5,6.0,6.0,6.0,0.0,0.0,9.831529,10.437504,9.225554,1.2119499999999999,0.6059749999999999,10.0,10.0,10.0,0.0,0.0,0,1,0,1,0
AuIn,L10,101,0.5106184889419012,4,0.3504626237991033,2,2.09,2.4,1.78,0.6199999999999999,0.30999999999999994,145.0,155.0,135.0,20.0,10.0,12.0,13.0,11.0,2.0,1.0,5.5,6.0,5.0,1.0,0.5,7.505954900000001,9.225554,5.7863558,3.4391982000000008,1.7195991000000004,10.0,10.0,10.0,0.0,0.0,0,1,0,1,0
AuIr,L10,101,-0.2504065013590377,2,0.0129205092016491,2,2.3,2.4,2.2,0.19999999999999973,0.09999999999999987,135.0,135.0,135.0,0.0,0.0,10.0,11.0,9.0,2.0,1.0,6.0,6.0,6.0,0.0,0.0,9.096287,9.225554,8.96702,0.25853400000000093,0.12926700000000046,8.5,10.0,7.0,3.0,1.5,0,1,0,1,0
AuLa,L10,101,-0.4661164475573685,3,0.7819188433022646,2,1.75,2.4,1.1,1.2999999999999998,0.6499999999999999,165.0,195.0,135.0,60.0,30.0,7.0,11.0,3.0,8.0,4.0,6.0,6.0,6.0,0.0,0.0,7.4012270000000004,9.225554,5.5769,3.6486540000000005,1.8243270000000003,5.5,10.0,1.0,9.0,4.5,0,1,0,1,0
AuMn,L10,101,2.7355318480413477,1,0.0,2,1.975,2.4,1.55,0.8499999999999999,0.42499999999999993,137.5,140.0,135.0,5.0,2.5,9.0,11.0,7.0,4.0,2.0,5.0,6.0,4.0,2.0,1.0,8.329796,9.225554,7.434038,1.7915160000000006,0.8957580000000003,7.5,10.0,5.0,5.0,2.5,0,1,0,1,0
AuMo,L10,101,-0.5152569414594552,4,0.7431487438007025,2,2.2800000000000002,2.4,2.16,0.23999999999999977,0.11999999999999988,140.0,145.0,135.0,10.0,5.0,8.5,11.0,6.0,5.0,2.5,5.5,6.0,5.0,1.0,0.5,8.158992000000001,9.225554,7.09243,2.1331240000000005,1.0665620000000002,7.5,10.0,5.0,5.0,2.5,0,1,0,1,0
AuNb,L10,101,-0.6223029880593174,5,0.8396437124029035,2,2.0,2.4,1.6,0.7999999999999998,0.3999999999999999,140.0,145.0,135.0,10.0,5.0,8.0,11.0,5.0,6.0,3.0,5.5,6.0,5.0,1.0,0.5,7.992202000000001,9.225554,6.75885,2.466704000000001,1.2333520000000004,7.0,10.0,4.0,6.0,3.0,0,1,0,1,0
AuNi,L10,101,-0.1759625497570311,5,0.3895230686975992,2,2.155,2.4,1.91,0.49,0.245,135.0,135.0,135.0,0.0,0.0,10.5,11.0,10.0,1.0,0.5,5.0,6.0,4.0,2.0,1.0,8.432716000000001,9.225554,7.639878,1.5856760000000003,0.7928380000000002,9.0,10.0,8.0,2.0,1.0,0,1,0,1,0
AuPb,L10,101,0.5020889446432477,6,0.5629651640992961,2,2.1,2.4,1.8,0.5999999999999999,0.29999999999999993,157.5,180.0,135.0,45.0,22.5,12.5,14.0,11.0,3.0,1.5,6.0,6.0,6.0,0.0,0.0,8.32111695,9.225554,7.4166799,1.8088741000000006,0.9044370500000003,10.0,10.0,10.0,0.0,0.0,0,1,0,1,0
AuPd,L10,101,-0.1260632664588854,5,0.2417555942993203,2,2.3,2.4,2.2,0.19999999999999973,0.09999999999999987,137.5,140.0,135.0,5.0,2.5,10.5,11.0,10.0,1.0,0.5,5.5,6.0,5.0,1.0,0.5,8.7811965,9.225554,8.336839,0.8887150000000013,0.4443575000000006,10.0,10.0,10.0,0.0,0.0,0,1,0,1,0
AuPt,L10,101,-0.2475212783601534,6,0.2701120332021673,2,2.3,2.4,2.2,0.19999999999999973,0.09999999999999987,135.0,135.0,135.0,0.0,0.0,10.5,11.0,10.0,1.0,0.5,6.0,6.0,6.0,0.0,0.0,9.092192,9.225554,8.95883,0.26672399999999996,0.13336199999999998,9.5,10.0,9.0,1.0,0.5,0,1,0,1,0
AuRe,L10,101,0.915233807544638,1,0.0,2,2.15,2.4,1.9,0.5,0.25,135.0,135.0,135.0,0.0,0.0,9.0,11.0,7.0,4.0,2.0,6.0,6.0,6.0,0.0,0.0,8.529537000000001,9.225554,7.83352,1.3920340000000007,0.6960170000000003,7.5,10.0,5.0,5.0,2.5,0,1,0,1,0
AuRh,L10,101,-0.2423990074593973,5,0.3432706550011062,2,2.34,2.4,2.28,0.1200000000000001,0.06000000000000005,135.0,135.0,135.0,0.0,0.0,10.0,11.0,9.0,2.0,1.0,5.5,6.0,5.0,1.0,0.5,8.342227000000001,9.225554,7.4589,1.7666540000000008,0.8833270000000004,9.0,10.0,8.0,2.0,1.0,0,1,0,1,0
AuSc,L10,101,-0.6233578373566786,3,0.9672159861984256,2,1.88,2.4,1.36,1.0399999999999998,0.5199999999999999,147.5,160.0,135.0,25.0,12.5,7.0,11.0,3.0,8.0,4.0,5.0,6.0,4.0,2.0,1.0,7.893522000000001,9.225554,6.56149,2.6640640000000007,1.3320320000000003,5.5,10.0,1.0,9.0,4.5,0,1,0,1,0
AuSn,L10,101,0.5387188687427908,5,0.3080192595989501,2,2.1799999999999997,2.4,1.96,0.43999999999999995,0.21999999999999997,140.0,145.0,135.0,10.0,5.0,12.5,14.0,11.0,3.0,1.5,5.5,6.0,5.0,1.0,0.5,8.284736,9.225554,7.343918,1.8816360000000003,0.9408180000000002,10.0,10.0,10.0,0.0,0.0,0,1,0,1,0
AuTa,L10,101,-0.7162545086602847,3,0.7969969432015205,2,1.95,2.4,1.5,0.8999999999999999,0.44999999999999996,140.0,145.0,135.0,10.0,5.0,8.0,11.0,5.0,6.0,3.0,6.0,6.0,6.0,0.0,0.0,8.387562500000001,9.225554,7.549571,1.6759830000000004,0.8379915000000002,6.5,10.0,3.0,7.0,3.5,0,1,0,1,0
AuTi,L10,101,-0.6281077205594272,5,0.9854820358013968,2,1.97,2.4,1.54,0.8599999999999999,0.42999999999999994,137.5,140.0,135.0,5.0,2.5,7.5,11.0,4.0,7.0,3.5,5.0,6.0,4.0,2.0,1.0,8.026837,9.225554,6.82812,2.3974340000000005,1.1987170000000003,6.0,10.0,2.0,8.0,4.0,0,1,0,1,0
AuTl,L10,101,0.2780317704428228,4,1.1955400413971802,2,2.1,2.4,1.8,0.5999999999999999,0.29999999999999993,162.5,190.0,135.0,55.0,27.5,12.0,13.0,11.0,2.0,1.0,6.0,6.0,6.0,0.0,0.0,7.66692065,9.225554,6.1082873,3.117266700000001,1.5586333500000005,10.0,10.0,10.0,0.0,0.0,0,1,0,1,0
AuV,L10,101,-0.5488374218575416,4,0.7657169131998671,2,2.0149999999999997,2.4,1.63,0.77,0.385,135.0,135.0,135.0,0.0,0.0,8.0,11.0,5.0,6.0,3.0,5.0,6.0,4.0,2.0,1.0,7.985870500000001,9.225554,6.746187,2.4793670000000008,1.2396835000000004,6.5,10.0,3.0,7.0,3.5,0,1,0,1,0
AuW,L10,101,-0.6580915362564781,5,0.6998705343976326,2,2.05,2.4,1.7,0.7,0.35,135.0,135.0,135.0,0.0,0.0,8.5,11.0,6.0,5.0,2.5,6.0,6.0,6.0,0.0,0.0,8.544792000000001,9.225554,7.86403,1.361524000000001,0.6807620000000005,7.0,10.0,4.0,6.0,3.0,0,1,0,1,0
AuY,L10,101,-0.6962519645594227,5,1.116925809201348,2,1.81,2.4,1.22,1.18,0.59,157.5,180.0,135.0,45.0,22.5,7.0,11.0,3.0,8.0,4.0,5.5,6.0,5.0,1.0,0.5,7.721407,9.225554,6.21726,3.008294000000001,1.5041470000000006,5.5,10.0,1.0,9.0,4.5,0,1,0,1,0
AuZn,L10,101,0.524432211947925,7,0.1020886767000774,2,2.025,2.4,1.65,0.75,0.375,135.0,135.0,135.0,0.0,0.0,11.5,12.0,11.0,1.0,0.5,5.0,6.0,4.0,2.0,1.0,9.3098755,9.394197,9.225554,0.16864299999999943,0.08432149999999972,10.0,10.0,10.0,0.0,0.0,0,1,0,1,0
AuZr,L10,101,-0.6872889428586575,3,0.8624189604015555,2,1.865,2.4,1.33,1.0699999999999998,0.5349999999999999,145.0,155.0,135.0,20.0,10.0,7.5,11.0,4.0,7.0,3.5,5.5,6.0,5.0,1.0,0.5,7.92984,9.225554,6.634126,2.5914280000000005,1.2957140000000003,6.0,10.0,2.0,8.0,4.0,0,1,0,1,0
BiCu,L10,101,0.1744655155426073,1,0.0,2,1.9,1.9,1.9,0.0,0.0,147.5,160.0,135.0,25.0,12.5,13.0,15.0,11.0,4.0,2.0,5.0,6.0,4.0,2.0,1.0,7.505948,7.72638,7.285516,0.4408639999999995,0.22043199999999974,10.0,10.0,10.0,0.0,0.0,0,1,0,1,0
BiGa,L10,101,0.8939351852395987,1,0.0,2,1.855,1.9,1.81,0.08999999999999986,0.04499999999999993,145.0,160.0,130.0,30.0,15.0,14.0,15.0,13.0,2.0,1.0,5.0,6.0,4.0,2.0,1.0,6.642409000000001,7.285516,5.999302,1.2862140000000002,0.6431070000000001,10.0,10.0,10.0,0.0,0.0,0,1,0,1,0
BiHf,L10,101,-0.2824438241577525,2,0.2218960460995731,2,1.6,1.9,1.3,0.5999999999999999,0.29999999999999993,157.5,160.0,155.0,5.0,2.5,9.5,15.0,4.0,11.0,5.5,6.0,6.0,6.0,0.0,0.0,7.055293000000001,7.285516,6.82507,0.46044600000000013,0.23022300000000007,6.0,10.0,2.0,8.0,4.0,0,1,0,1,0
BiHg,L10,101,0.4630864599394328,3,0.3939592046008329,2,1.9,1.9,1.9,0.0,0.0,155.0,160.0,150.0,10.0,5.0,13.5,15.0,12.0,3.0,1.5,6.0,6.0,6.0,0.0,0.0,8.86151,10.437504,7.285516,3.1519880000000002,1.5759940000000001,10.0,10.0,10.0,0.0,0.0,0,1,0,1,0
BiIn,L10,101,0.8237215154413491,2,0.0653714040017803,2,1.8399999999999999,1.9,1.78,0.11999999999999988,0.05999999999999994,157.5,160.0,155.0,5.0,2.5,14.0,15.0,13.0,2.0,1.0,5.5,6.0,5.0,1.0,0.5,6.5359359,7.285516,5.7863558,1.4991602000000004,0.7495801000000002,10.0,10.0,10.0,0.0,0.0,0,1,0,1,0
BiIr,L10,101,-0.4837907855607852,3,0.2644130170010612,2,2.05,2.2,1.9,0.30000000000000027,0.15000000000000013,147.5,160.0,135.0,25.0,12.5,12.0,15.0,9.0,6.0,3.0,6.0,6.0,6.0,0.0,0.0,8.126268,8.96702,7.285516,1.6815039999999994,0.8407519999999997,8.5,10.0,7.0,3.0,1.5,0,1,0,1,0
BiLa,L10,101,-0.3376018435583034,1,0.0,2,1.5,1.9,1.1,0.7999999999999998,0.3999999999999999,177.5,195.0,160.0,35.0,17.5,9.0,15.0,3.0,12.0,6.0,6.0,6.0,6.0,0.0,0.0,6.431208,7.285516,5.5769,1.7086160000000001,0.8543080000000001,5.5,10.0,1.0,9.0,4.5,0,1,0,1,0
BiMn,L10,101,0.4562210277445331,2,0.0138014777985517,2,1.725,1.9,1.55,0.34999999999999987,0.17499999999999993,150.0,160.0,140.0,20.0,10.0,11.0,15.0,7.0,8.0,4.0,5.0,6.0,4.0,2.0,1.0,7.359777,7.434038,7.285516,0.14852199999999982,0.07426099999999991,7.5,10.0,5.0,5.0,2.5,0,1,0,1,0
BiMo,L10,101,-0.620225126755912,2,0.3190000055001292,2,2.0300000000000002,2.16,1.9,0.26000000000000023,0.13000000000000012,152.5,160.0,145.0,15.0,7.5,10.5,15.0,6.0,9.0,4.5,5.5,6.0,5.0,1.0,0.5,7.188973000000001,7.285516,7.09243,0.1930860000000001,0.09654300000000005,7.5,10.0,5.0,5.0,2.5,0,1,0,1,0
BiNb,L10,101,-0.4183871360573619,2,0.228296843899443,2,1.75,1.9,1.6,0.2999999999999998,0.1499999999999999,152.5,160.0,145.0,15.0,7.5,10.0,15.0,5.0,10.0,5.0,5.5,6.0,5.0,1.0,0.5,7.022183,7.285516,6.75885,0.5266660000000005,0.26333300000000026,7.0,10.0,4.0,6.0,3.0,0,1,0,1,0
BiOs,L10,101,-0.4789867517601749,2,0.3313512526001432,2,2.05,2.2,1.9,0.30000000000000027,0.15000000000000013,145.0,160.0,130.0,30.0,15.0,11.5,15.0,8.0,7.0,3.5,6.0,6.0,6.0,0.0,0.0,7.861873000000001,8.43823,7.285516,1.1527140000000005,0.5763570000000002,8.0,10.0,6.0,4.0,2.0,0,1,0,1,0
BiPb,L10,101,0.759293666041259,3,0.1989837887995236,2,1.85,1.9,1.8,0.09999999999999987,0.04999999999999993,170.0,180.0,160.0,20.0,10.0,14.5,15.0,14.0,1.0,0.5,6.0,6.0,6.0,0.0,0.0,7.35109795,7.4166799,7.285516,0.13116389999999978,0.06558194999999989,10.0,10.0,10.0,0.0,0.0,0,1,0,1,0
BiPd,L10,101,0.3205782656414442,4,0.7270323936027125,2,2.05,2.2,1.9,0.30000000000000027,0.15000000000000013,150.0,160.0,140.0,20.0,10.0,12.5,15.0,10.0,5.0,2.5,5.5,6.0,5.0,1.0,0.5,7.811177499999999,8.336839,7.285516,1.0513229999999991,0.5256614999999996,10.0,10.0,10.0,0.0,0.0,0,1,0,1,0
BiPt,L10,101,-0.0095305151580475,3,0.1439629148007952,2,2.05,2.2,1.9,0.30000000000000027,0.15000000000000013,147.5,160.0,135.0,25.0,12.5,12.5,15.0,10.0,5.0,2.5,6.0,6.0,6.0,0.0,0.0,8.122173,8.95883,7.285516,1.6733140000000004,0.8366570000000002,9.5,10.0,9.0,1.0,0.5,0,1,0,1,0
BiRe,L10,101,-0.8045950418554355,4,0.1713577033988258,2,1.9,1.9,1.9,0.0,0.0,147.5,160.0,135.0,25.0,12.5,11.0,15.0,7.0,8.0,4.0,6.0,6.0,6.0,0.0,0.0,7.559518000000001,7.83352,7.285516,0.5480039999999997,0.27400199999999986,7.5,10.0,5.0,5.0,2.5,0,1,0,1,0
BiRh,L10,101,0.0104566545424233,3,0.0464488799007085,2,2.09,2.28,1.9,0.3799999999999999,0.18999999999999995,147.5,160.0,135.0,25.0,12.5,12.0,15.0,9.0,6.0,3.0,5.5,6.0,5.0,1.0,0.5,7.3722080000000005,7.4589,7.285516,0.17338399999999954,0.08669199999999977,9.0,10.0,8.0,2.0,1.0,0,1,0,1,0
BiRu,L10,101,-0.0931523222561452,2,0.0830577152009937,2,2.05,2.2,1.9,0.30000000000000027,0.15000000000000013,145.0,160.0,130.0,30.0,15.0,11.5,15.0,8.0,7.0,3.5,5.5,6.0,5.0,1.0,0.5,7.323008,7.3605,7.285516,0.07498399999999972,0.03749199999999986,8.5,10.0,7.0,3.0,1.5,0,1,0,1,0
BiSc,L10,101,-0.3085979097586175,1,0.0,2,1.63,1.9,1.36,0.5399999999999998,0.2699999999999999,160.0,160.0,160.0,0.0,0.0,9.0,15.0,3.0,12.0,6.0,5.0,6.0,4.0,2.0,1.0,6.923503,7.285516,6.56149,0.7240260000000003,0.36201300000000014,5.5,10.0,1.0,9.0,4.5,0,1,0,1,0
BiSn,L10,101,0.9018761473426196,1,0.0,2,1.93,1.96,1.9,0.06000000000000005,0.030000000000000027,152.5,160.0,145.0,15.0,7.5,14.5,15.0,14.0,1.0,0.5,5.5,6.0,5.0,1.0,0.5,7.314717,7.343918,7.285516,0.058402000000000065,0.029201000000000032,10.0,10.0,10.0,0.0,0.0,0,1,0,1,0
BiTc,L10,101,-0.3105365848559529,2,0.0631678262980131,2,2.0,2.1,1.9,0.20000000000000018,0.10000000000000009,147.5,160.0,135.0,25.0,12.5,11.0,15.0,7.0,8.0,4.0,5.5,6.0,5.0,1.0,0.5,7.202448,7.285516,7.11938,0.16613600000000073,0.08306800000000036,7.5,10.0,5.0,5.0,2.5,0,1,0,1,0
BiTi,L10,101,-0.1464761581582649,2,0.3301344954998058,2,1.72,1.9,1.54,0.3599999999999999,0.17999999999999994,150.0,160.0,140.0,20.0,10.0,9.5,15.0,4.0,11.0,5.5,5.0,6.0,4.0,2.0,1.0,7.056818,7.285516,6.82812,0.45739600000000014,0.22869800000000007,6.0,10.0,2.0,8.0,4.0,0,1,0,1,0
BiTl,L10,101,0.4887998571403216,3,0.3399839281009917,2,1.85,1.9,1.8,0.09999999999999987,0.04999999999999993,175.0,190.0,160.0,30.0,15.0,14.0,15.0,13.0,2.0,1.0,6.0,6.0,6.0,0.0,0.0,6.69690165,7.285516,6.1082873,1.1772287000000006,0.5886143500000003,10.0,10.0,10.0,0.0,0.0,0,1,0,1,0
BiV,L10,101,-0.4717083869572605,2,0.4106203267983801,2,1.765,1.9,1.63,0.27,0.135,147.5,160.0,135.0,25.0,12.5,10.0,15.0,5.0,10.0,5.0,5.0,6.0,4.0,2.0,1.0,7.0158515,7.285516,6.746187,0.5393290000000004,0.2696645000000002,6.5,10.0,3.0,7.0,3.5,0,1,0,1,0
BiW,L10,101,-0.8800546583579205,1,0.0,2,1.7999999999999998,1.9,1.7,0.19999999999999996,0.09999999999999998,147.5,160.0,135.0,25.0,12.5,10.5,15.0,6.0,9.0,4.5,6.0,6.0,6.0,0.0,0.0,7.574773,7.86403,7.285516,0.5785139999999993,0.28925699999999965,7.0,10.0,4.0,6.0,3.0,0,1,0,1,0
BiY,L10,101,-0.2975915852611877,2,0.7390708458005975,2,1.56,1.9,1.22,0.6799999999999999,0.33999999999999997,170.0,180.0,160.0,20.0,10.0,9.0,15.0,3.0,12.0,6.0,5.5,6.0,5.0,1.0,0.5,6.751388,7.285516,6.21726,1.0682560000000008,0.5341280000000004,5.5,10.0,1.0,9.0,4.5,0,1,0,1,0
BiZr,L10,101,-0.1473950866556777,2,0.281788301999768,2,1.615,1.9,1.33,0.5699999999999998,0.2849999999999999,157.5,160.0,155.0,5.0,2.5,9.5,15.0,4.0,11.0,5.5,5.5,6.0,5.0,1.0,0.5,6.959821,7.285516,6.634126,0.6513900000000001,0.32569500000000007,6.0,10.0,2.0,8.0,4.0,0,1,0,1,0
CdCu,L10,101,0.1719347208427564,4,0.8227404089047923,2,1.795,1.9,1.69,0.20999999999999996,0.10499999999999998,145.0,155.0,135.0,20.0,10.0,11.5,12.0,11.0,1.0,0.5,4.5,5.0,4.0,1.0,0.5,8.3601,8.99382,7.72638,1.2674399999999997,0.6337199999999998,10.0,10.0,10.0,0.0,0.0,0,1,0,1,0
CdFe,L10,101,-0.354356572856858,5,1.390959546999511,2,1.76,1.83,1.69,0.14000000000000012,0.07000000000000006,147.5,155.0,140.0,15.0,7.5,10.0,12.0,8.0,4.0,2.0,4.5,5.0,4.0,1.0,0.5,8.44814405,8.99382,7.9024681,1.0913518999999994,0.5456759499999997,8.0,10.0,6.0,4.0,2.0,0,1,0,1,0
CdGa,L10,101,0.6277596868394824,7,0.2873915341042448,2,1.75,1.81,1.69,0.1200000000000001,0.06000000000000005,142.5,155.0,130.0,25.0,12.5,12.5,13.0,12.0,1.0,0.5,4.5,5.0,4.0,1.0,0.5,7.496561,8.99382,5.999302,2.9945179999999993,1.4972589999999997,10.0,10.0,10.0,0.0,0.0,0,1,0,1,0
CdHf,L10,101,-0.8495894732577369,3,0.9097360195009968,2,1.495,1.69,1.3,0.3899999999999999,0.19499999999999995,155.0,155.0,155.0,0.0,0.0,8.0,12.0,4.0,8.0,4.0,5.5,6.0,5.0,1.0,0.5,7.909445,8.99382,6.82507,2.1687499999999993,1.0843749999999996,6.0,10.0,2.0,8.0,4.0,0,1,0,1,0
CdHg,L10,101,0.8832392065424131,3,0.1712631437985692,2,1.795,1.9,1.69,0.20999999999999996,0.10499999999999998,152.5,155.0,150.0,5.0,2.5,12.0,12.0,12.0,0.0,0.0,5.5,6.0,5.0,1.0,0.5,9.715662,10.437504,8.99382,1.443684000000001,0.7218420000000005,10.0,10.0,10.0,0.0,0.0,0,1,0,1,0
CdIn,L10,101,0.691230239744101,8,0.1977406366968352,2,1.7349999999999999,1.78,1.69,0.09000000000000008,0.04500000000000004,155.0,155.0,155.0,0.0,0.0,12.5,13.0,12.0,1.0,0.5,5.0,5.0,5.0,0.0,0.0,7.390087899999999,8.99382,5.7863558,3.2074641999999995,1.6037320999999998,10.0,10.0,10.0,0.0,0.0,0,1,0,1,0
CdIr,L10,101,-0.4416690599564106,3,0.1716504979012825,2,1.945,2.2,1.69,0.5100000000000002,0.2550000000000001,145.0,155.0,135.0,20.0,10.0,10.5,12.0,9.0,3.0,1.5,5.5,6.0,5.0,1.0,0.5,8.980419999999999,8.99382,8.96702,0.026799999999999713,0.013399999999999856,8.5,10.0,7.0,3.0,1.5,0,1,0,1,0
CdLa,L10,101,-0.5019433636580004,4,0.9041482977991108,2,1.395,1.69,1.1,0.5899999999999999,0.29499999999999993,175.0,195.0,155.0,40.0,20.0,7.5,12.0,3.0,9.0,4.5,5.5,6.0,5.0,1.0,0.5,7.28536,8.99382,5.5769,3.4169199999999993,1.7084599999999996,5.5,10.0,1.0,9.0,4.5,0,1,0,1,0
CdMn,L10,101,0.579831324143953,3,0.6070705995989556,2,1.62,1.69,1.55,0.1399999999999999,0.06999999999999995,147.5,155.0,140.0,15.0,7.5,9.5,12.0,7.0,5.0,2.5,4.5,5.0,4.0,1.0,0.5,8.213929,8.99382,7.434038,1.5597819999999993,0.7798909999999997,7.5,10.0,5.0,5.0,2.5,0,1,0,1,0
CdMo,L10,101,-0.6520467993604768,2,0.7237019923013577,2,1.925,2.16,1.69,0.4700000000000002,0.2350000000000001,150.0,155.0,145.0,10.0,5.0,9.0,12.0,6.0,6.0,3.0,5.0,5.0,5.0,0.0,0.0,8.043125,8.99382,7.09243,1.9013899999999992,0.9506949999999996,7.5,10.0,5.0,5.0,2.5,0,1,0,1,0
CdNb,L10,101,-0.7326810686599572,5,0.8678933466035232,2,1.645,1.69,1.6,0.08999999999999986,0.04499999999999993,150.0,155.0,145.0,10.0,5.0,8.5,12.0,5.0,7.0,3.5,5.0,5.0,5.0,0.0,0.0,7.876334999999999,8.99382,6.75885,2.2349699999999997,1.1174849999999998,7.0,10.0,4.0,6.0,3.0,0,1,0,1,0
CdNi,L10,101,-0.3147166614571404,2,0.3341279021988157,2,1.7999999999999998,1.91,1.69,0.21999999999999997,0.10999999999999999,145.0,155.0,135.0,20.0,10.0,11.0,12.0,10.0,2.0,1.0,4.5,5.0,4.0,1.0,0.5,8.316849,8.99382,7.639878,1.353941999999999,0.6769709999999995,9.0,10.0,8.0,2.0,1.0,0,1,0,1,0
CdPb,L10,101,0.6613563580404218,5,0.0915203194999776,2,1.745,1.8,1.69,0.1100000000000001,0.05500000000000005,167.5,180.0,155.0,25.0,12.5,13.0,14.0,12.0,2.0,1.0,5.5,6.0,5.0,1.0,0.5,8.205249949999999,8.99382,7.4166799,1.5771400999999994,0.7885700499999997,10.0,10.0,10.0,0.0,0.0,0,1,0,1,0
CdPd,L10,101,-0.0091910530563552,2,0.2781682354980148,2,1.945,2.2,1.69,0.5100000000000002,0.2550000000000001,147.5,155.0,140.0,15.0,7.5,11.0,12.0,10.0,2.0,1.0,5.0,5.0,5.0,0.0,0.0,8.665329499999999,8.99382,8.336839,0.656981,0.3284905,10.0,10.0,10.0,0.0,0.0,0,1,0,1,0
CdPt,L10,101,-0.2506792955600474,2,0.0112811595026869,2,1.945,2.2,1.69,0.5100000000000002,0.2550000000000001,145.0,155.0,135.0,20.0,10.0,11.0,12.0,10.0,2.0,1.0,5.5,6.0,5.0,1.0,0.5,8.976325,8.99382,8.95883,0.034989999999998744,0.017494999999999372,9.5,10.0,9.0,1.0,0.5,0,1,0,1,0
CdRe,L10,101,-0.6615913283557973,1,0.0,2,1.795,1.9,1.69,0.20999999999999996,0.10499999999999998,145.0,155.0,135.0,20.0,10.0,9.5,12.0,7.0,5.0,2.5,5.5,6.0,5.0,1.0,0.5,8.41367,8.99382,7.83352,1.1602999999999994,0.5801499999999997,7.5,10.0,5.0,5.0,2.5,0,1,0,1,0
CdRh,L10,101,-0.4932215709586387,3,1.0040192468004534,2,1.9849999999999999,2.28,1.69,0.5899999999999999,0.29499999999999993,145.0,155.0,135.0,20.0,10.0,10.5,12.0,9.0,3.0,1.5,5.0,5.0,5.0,0.0,0.0,8.22636,8.99382,7.4589,1.5349199999999996,0.7674599999999998,9.0,10.0,8.0,2.0,1.0,0,1,0,1,0
CdRu,L10,101,-0.2779519050554597,2,0.5915768458980892,2,1.945,2.2,1.69,0.5100000000000002,0.2550000000000001,142.5,155.0,130.0,25.0,12.5,10.0,12.0,8.0,4.0,2.0,5.0,5.0,5.0,0.0,0.0,8.17716,8.99382,7.3605,1.6333199999999994,0.8166599999999997,8.5,10.0,7.0,3.0,1.5,0,1,0,1,0
CdSc,L10,101,-0.7526811636589343,3,0.9337714267021512,2,1.525,1.69,1.36,0.32999999999999985,0.16499999999999992,157.5,160.0,155.0,5.0,2.5,7.5,12.0,3.0,9.0,4.5,4.5,5.0,4.0,1.0,0.5,7.777654999999999,8.99382,6.56149,2.4323299999999994,1.2161649999999997,5.5,10.0,1.0,9.0,4.5,0,1,0,1,0
CdSn,L10,101,0.5711483075438366,5,0.2215353590981976,2,1.825,1.96,1.69,0.27,0.135,150.0,155.0,145.0,10.0,5.0,13.0,14.0,12.0,2.0,1.0,5.0,5.0,5.0,0.0,0.0,8.168869,8.99382,7.343918,1.649901999999999,0.8249509999999995,10.0,10.0,10.0,0.0,0.0,0,1,0,1,0
CdTa,L10,101,-0.8513863769576062,3,0.9690347951000148,2,1.595,1.69,1.5,0.18999999999999995,0.09499999999999997,150.0,155.0,145.0,10.0,5.0,8.5,12.0,5.0,7.0,3.5,5.5,6.0,5.0,1.0,0.5,8.2716955,8.99382,7.549571,1.4442489999999992,0.7221244999999996,6.5,10.0,3.0,7.0,3.5,0,1,0,1,0
CdTi,L10,101,-0.7743505410571458,3,0.8495638944987149,2,1.615,1.69,1.54,0.1499999999999999,0.07499999999999996,147.5,155.0,140.0,15.0,7.5,8.0,12.0,4.0,8.0,4.0,4.5,5.0,4.0,1.0,0.5,7.91097,8.99382,6.82812,2.1656999999999993,1.0828499999999996,6.0,10.0,2.0,8.0,4.0,0,1,0,1,0
CdTl,L10,101,0.7361237169434673,7,0.3941090031985368,2,1.745,1.8,1.69,0.1100000000000001,0.05500000000000005,172.5,190.0,155.0,35.0,17.5,12.5,13.0,12.0,1.0,0.5,5.5,6.0,5.0,1.0,0.5,7.55105365,8.99382,6.1082873,2.8855326999999997,1.4427663499999999,10.0,10.0,10.0,0.0,0.0,0,1,0,1,0
CdV,L10,101,-0.6743833998579873,5,0.8819258491021174,2,1.66,1.69,1.63,0.06000000000000005,0.030000000000000027,145.0,155.0,135.0,20.0,10.0,8.5,12.0,5.0,7.0,3.5,4.5,5.0,4.0,1.0,0.5,7.870003499999999,8.99382,6.746187,2.2476329999999995,1.1238164999999998,6.5,10.0,3.0,7.0,3.5,0,1,0,1,0
CdW,L10,101,-0.818570536458509,3,0.7484893860018929,2,1.6949999999999998,1.7,1.69,0.010000000000000009,0.0050000000000000044,145.0,155.0,135.0,20.0,10.0,9.0,12.0,6.0,6.0,3.0,5.5,6.0,5.0,1.0,0.5,8.428925,8.99382,7.86403,1.1297899999999998,0.5648949999999999,7.0,10.0,4.0,6.0,3.0,0,1,0,1,0
CdY,L10,101,-0.7315892118594718,3,1.1129310420001275,2,1.455,1.69,1.22,0.47,0.235,167.5,180.0,155.0,25.0,12.5,7.5,12.0,3.0,9.0,4.5,5.0,5.0,5.0,0.0,0.0,7.6055399999999995,8.99382,6.21726,2.77656,1.38828,5.5,10.0,1.0,9.0,4.5,0,1,0,1,0
CdZn,L10,101,0.5824954546415313,5,0.0822494009989895,2,1.67,1.69,1.65,0.040000000000000036,0.020000000000000018,145.0,155.0,135.0,20.0,10.0,12.0,12.0,12.0,0.0,0.0,4.5,5.0,4.0,1.0,0.5,9.194008499999999,9.394197,8.99382,0.40037700000000065,0.20018850000000032,10.0,10.0,10.0,0.0,0.0,0,1,0,1,0
CdZr,L10,101,-0.7891495881585513,4,0.849341713499598,2,1.51,1.69,1.33,0.3599999999999999,0.17999999999999994,155.0,155.0,155.0,0.0,0.0,8.0,12.0,4.0,8.0,4.0,5.0,5.0,5.0,0.0,0.0,7.813973,8.99382,6.634126,2.3596939999999993,1.1798469999999996,6.0,10.0,2.0,8.0,4.0,0,1,0,1,0
CoCr,L10,101,-0.8218424332580696,2,0.344420063898724,2,1.77,1.88,1.66,0.21999999999999997,0.10999999999999999,137.5,140.0,135.0,5.0,2.5,7.5,9.0,6.0,3.0,1.5,4.0,4.0,4.0,0.0,0.0,7.32376,7.88101,6.76651,1.1144999999999996,0.5572499999999998,6.0,7.0,5.0,2.0,1.0,0,1,0,1,0
CoCu,L10,101,-0.3274339017579848,4,0.2070308753027347,2,1.89,1.9,1.88,0.020000000000000018,0.010000000000000009,135.0,135.0,135.0,0.0,0.0,10.0,11.0,9.0,2.0,1.0,4.0,4.0,4.0,0.0,0.0,7.803694999999999,7.88101,7.72638,0.15463000000000005,0.07731500000000002,8.5,10.0,7.0,3.0,1.5,0,1,0,1,0
CoGa,L10,101,-0.2063212023558378,3,1.0972598700027447,2,1.845,1.88,1.81,0.06999999999999984,0.03499999999999992,132.5,135.0,130.0,5.0,2.5,11.0,13.0,9.0,4.0,2.0,4.0,4.0,4.0,0.0,0.0,6.940156,7.88101,5.999302,1.8817079999999997,0.9408539999999999,8.5,10.0,7.0,3.0,1.5,0,1,0,1,0
CoHf,L10,101,-0.7001018311557061,5,1.012205111401272,2,1.5899999999999999,1.88,1.3,0.5799999999999998,0.2899999999999999,145.0,155.0,135.0,20.0,10.0,6.5,9.0,4.0,5.0,2.5,5.0,6.0,4.0,2.0,1.0,7.35304,7.88101,6.82507,1.0559399999999997,0.5279699999999998,4.5,7.0,2.0,5.0,2.5,0,1,0,1,0
CoHg,L10,101,-0.2214588952546989,3,1.2597156412957702,2,1.89,1.9,1.88,0.020000000000000018,0.010000000000000009,142.5,150.0,135.0,15.0,7.5,10.5,12.0,9.0,3.0,1.5,5.0,6.0,4.0,2.0,1.0,9.159257,10.437504,7.88101,2.5564940000000007,1.2782470000000004,8.5,10.0,7.0,3.0,1.5,0,1,0,1,0
CoIn,L10,101,-0.2371152370605784,3,1.2660222877020717,2,1.83,1.88,1.78,0.09999999999999987,0.04999999999999993,145.0,155.0,135.0,20.0,10.0,11.0,13.0,9.0,4.0,2.0,4.5,5.0,4.0,1.0,0.5,6.8336828999999994,7.88101,5.7863558,2.0946542,1.0473271,8.5,10.0,7.0,3.0,1.5,0,1,0,1,0
CoIr,L10,101,-0.2903481870589246,8,0.2052077124972129,2,2.04,2.2,1.88,0.3200000000000003,0.16000000000000014,135.0,135.0,135.0,0.0,0.0,9.0,9.0,9.0,0.0,0.0,5.0,6.0,4.0,2.0,1.0,8.424015,8.96702,7.88101,1.08601,0.543005,7.0,7.0,7.0,0.0,0.0,0,1,0,1,0
CoLa,L10,101,-0.6657599762538382,3,1.3194040837988723,2,1.49,1.88,1.1,0.7799999999999998,0.3899999999999999,165.0,195.0,135.0,60.0,30.0,6.0,9.0,3.0,6.0,3.0,5.0,6.0,4.0,2.0,1.0,6.728955,7.88101,5.5769,2.3041099999999997,1.1520549999999998,4.0,7.0,1.0,6.0,3.0,0,1,0,1,0
CoMo,L10,101,-0.7002693172607621,6,0.8913333688033163,2,2.02,2.16,1.88,0.28000000000000025,0.14000000000000012,140.0,145.0,135.0,10.0,5.0,7.5,9.0,6.0,3.0,1.5,4.5,5.0,4.0,1.0,0.5,7.48672,7.88101,7.09243,0.7885799999999996,0.3942899999999998,6.0,7.0,5.0,2.0,1.0,0,1,0,1,0
CoNi,L10,101,-0.3152359908626465,4,0.1579537838988471,2,1.895,1.91,1.88,0.030000000000000027,0.015000000000000013,135.0,135.0,135.0,0.0,0.0,9.5,10.0,9.0,1.0,0.5,4.0,4.0,4.0,0.0,0.0,7.760444,7.88101,7.639878,0.24113199999999946,0.12056599999999973,7.5,8.0,7.0,1.0,0.5,0,1,0,1,0
CoOs,L10,101,-0.3730498411595988,8,0.2373194583997246,2,2.04,2.2,1.88,0.3200000000000003,0.16000000000000014,132.5,135.0,130.0,5.0,2.5,8.5,9.0,8.0,1.0,0.5,5.0,6.0,4.0,2.0,1.0,8.15962,8.43823,7.88101,0.5572200000000009,0.27861000000000047,6.5,7.0,6.0,1.0,0.5,0,1,0,1,0
CoPb,L10,101,-0.2179570622601829,3,1.404913136597315,2,1.8399999999999999,1.88,1.8,0.07999999999999985,0.039999999999999925,157.5,180.0,135.0,45.0,22.5,11.5,14.0,9.0,5.0,2.5,5.0,6.0,4.0,2.0,1.0,7.64884495,7.88101,7.4166799,0.46433009999999975,0.23216504999999987,8.5,10.0,7.0,3.0,1.5,0,1,0,1,0
CoPd,L10,101,-0.2472205925577952,6,0.2330464547994779,2,2.04,2.2,1.88,0.3200000000000003,0.16000000000000014,137.5,140.0,135.0,5.0,2.5,9.5,10.0,9.0,1.0,0.5,4.5,5.0,4.0,1.0,0.5,8.1089245,8.336839,7.88101,0.4558289999999996,0.2279144999999998,8.5,10.0,7.0,3.0,1.5,0,1,0,1,0
CoPt,L10,101,-0.2265422538611972,6,0.2299567383015528,2,2.04,2.2,1.88,0.3200000000000003,0.16000000000000014,135.0,135.0,135.0,0.0,0.0,9.5,10.0,9.0,1.0,0.5,5.0,6.0,4.0,2.0,1.0,8.419920000000001,8.95883,7.88101,1.0778200000000009,0.5389100000000004,8.0,9.0,7.0,2.0,1.0,0,1,0,1,0
CoRe,L10,101,-0.5378762682584863,6,0.4484217009958229,2,1.89,1.9,1.88,0.020000000000000018,0.010000000000000009,135.0,135.0,135.0,0.0,0.0,8.0,9.0,7.0,2.0,1.0,5.0,6.0,4.0,2.0,1.0,7.857265,7.88101,7.83352,0.04748999999999981,0.023744999999999905,6.0,7.0,5.0,2.0,1.0,0,1,0,1,0
CoRh,L10,101,-0.3271718561581735,7,0.4048940991997369,2,2.08,2.28,1.88,0.3999999999999999,0.19999999999999996,135.0,135.0,135.0,0.0,0.0,9.0,9.0,9.0,0.0,0.0,4.5,5.0,4.0,1.0,0.5,7.669955,7.88101,7.4589,0.42211,0.211055,7.5,8.0,7.0,1.0,0.5,0,1,0,1,0
CoRu,L10,101,-0.4108924406600351,6,0.1886608782006078,2,2.04,2.2,1.88,0.3200000000000003,0.16000000000000014,132.5,135.0,130.0,5.0,2.5,8.5,9.0,8.0,1.0,0.5,4.5,5.0,4.0,1.0,0.5,7.620755,7.88101,7.3605,0.5205099999999998,0.2602549999999999,7.0,7.0,7.0,0.0,0.0,0,1,0,1,0
CoSc,L10,101,-0.801564782158465,5,1.6081985009004711,2,1.62,1.88,1.36,0.5199999999999998,0.2599999999999999,147.5,160.0,135.0,25.0,12.5,6.0,9.0,3.0,6.0,3.0,4.0,4.0,4.0,0.0,0.0,7.2212499999999995,7.88101,6.56149,1.3195199999999998,0.6597599999999999,4.0,7.0,1.0,6.0,3.0,0,1,0,1,0
CoSn,L10,101,0.0906295548420814,4,1.1137015323984087,2,1.92,1.96,1.88,0.08000000000000007,0.040000000000000036,140.0,145.0,135.0,10.0,5.0,11.5,14.0,9.0,5.0,2.5,4.5,5.0,4.0,1.0,0.5,7.612464,7.88101,7.343918,0.5370919999999995,0.26854599999999973,8.5,10.0,7.0,3.0,1.5,0,1,0,1,0
CoTi,L10,101,-0.6703603328560064,5,1.091358673198556,2,1.71,1.88,1.54,0.33999999999999986,0.16999999999999993,137.5,140.0,135.0,5.0,2.5,6.5,9.0,4.0,5.0,2.5,4.0,4.0,4.0,0.0,0.0,7.354565,7.88101,6.82812,1.0528899999999997,0.5264449999999998,4.5,7.0,2.0,5.0,2.5,0,1,0,1,0
CoTl,L10,101,-0.3015377800611247,4,1.6197219776004204,2,1.8399999999999999,1.88,1.8,0.07999999999999985,0.039999999999999925,162.5,190.0,135.0,55.0,27.5,11.0,13.0,9.0,4.0,2.0,5.0,6.0,4.0,2.0,1.0,6.99464865,7.88101,6.1082873,1.7727227,0.88636135,8.5,10.0,7.0,3.0,1.5,0,1,0,1,0
CoV,L10,101,-0.7558862565628885,4,0.1602271588999428,2,1.755,1.88,1.63,0.25,0.125,135.0,135.0,135.0,0.0,0.0,7.0,9.0,5.0,4.0,2.0,4.0,4.0,4.0,0.0,0.0,7.3135984999999994,7.88101,6.746187,1.134823,0.5674115,5.0,7.0,3.0,4.0,2.0,0,1,0,1,0
CoW,L10,101,-0.6961881538581736,6,0.7654468402033672,2,1.79,1.88,1.7,0.17999999999999994,0.08999999999999998,135.0,135.0,135.0,0.0,0.0,7.5,9.0,6.0,3.0,1.5,5.0,6.0,4.0,2.0,1.0,7.87252,7.88101,7.86403,0.016980000000000217,0.008490000000000109,5.5,7.0,4.0,3.0,1.5,0,1,0,1,0
CoY,L10,101,-0.7642674988591978,5,1.470030522399611,2,1.5499999999999998,1.88,1.22,0.6599999999999999,0.32999999999999996,157.5,180.0,135.0,45.0,22.5,6.0,9.0,3.0,6.0,3.0,4.5,5.0,4.0,1.0,0.5,7.049135,7.88101,6.21726,1.6637500000000003,0.8318750000000001,4.0,7.0,1.0,6.0,3.0,0,1,0,1,0
CoZn,L10,101,-0.2861415791548722,4,0.4258136669013765,2,1.765,1.88,1.65,0.22999999999999998,0.11499999999999999,135.0,135.0,135.0,0.0,0.0,10.5,12.0,9.0,3.0,1.5,4.0,4.0,4.0,0.0,0.0,8.6376035,9.394197,7.88101,1.5131870000000003,0.7565935000000001,8.5,10.0,7.0,3.0,1.5,0,1,0,1,0
CoZr,L10,101,-0.6983764933602004,4,1.0235039583021717,2,1.605,1.88,1.33,0.5499999999999998,0.2749999999999999,145.0,155.0,135.0,20.0,10.0,6.5,9.0,4.0,5.0,2.5,4.5,5.0,4.0,1.0,0.5,7.257568,7.88101,6.634126,1.2468839999999997,0.6234419999999998,4.5,7.0,2.0,5.0,2.5,0,1,0,1,0
CrCu,L10,101,-0.632293103458295,5,0.3033106017974205,2,1.7799999999999998,1.9,1.66,0.24,0.12,137.5,140.0,135.0,5.0,2.5,8.5,11.0,6.0,5.0,2.5,4.0,4.0,4.0,0.0,0.0,7.246445,7.72638,6.76651,0.9598699999999996,0.4799349999999998,7.5,10.0,5.0,5.0,2.5,0,1,0,1,0
CrFe,L10,101,-0.6638087840537708,5,0.9071810065943282,2,1.745,1.83,1.66,0.17000000000000015,0.08500000000000008,140.0,140.0,140.0,0.0,0.0,7.0,8.0,6.0,2.0,1.0,4.0,4.0,4.0,0.0,0.0,7.33448905,7.9024681,6.76651,1.1359580999999999,0.5679790499999999,5.5,6.0,5.0,1.0,0.5,0,1,0,1,0
CrGa,L10,101,-0.3052468277591913,3,0.5895218420992023,2,1.7349999999999999,1.81,1.66,0.15000000000000013,0.07500000000000007,135.0,140.0,130.0,10.0,5.0,9.5,13.0,6.0,7.0,3.5,4.0,4.0,4.0,0.0,0.0,6.382906,6.76651,5.999302,0.7672080000000001,0.38360400000000006,7.5,10.0,5.0,5.0,2.5,0,1,0,1,0
CrHf,L10,101,-0.9850956340551136,3,1.572729958599666,2,1.48,1.66,1.3,0.3599999999999999,0.17999999999999994,147.5,155.0,140.0,15.0,7.5,5.0,6.0,4.0,2.0,1.0,5.0,6.0,4.0,2.0,1.0,6.79579,6.82507,6.76651,0.058559999999999945,0.029279999999999973,3.5,5.0,2.0,3.0,1.5,0,1,0,1,0
CrIr,L10,101,-0.5588404625586634,7,0.8665542743983679,2,1.9300000000000002,2.2,1.66,0.5400000000000003,0.27000000000000013,137.5,140.0,135.0,5.0,2.5,7.5,9.0,6.0,3.0,1.5,5.0,6.0,4.0,2.0,1.0,7.866765,8.96702,6.76651,2.2005099999999995,1.1002549999999998,6.0,7.0,5.0,2.0,1.0,0,1,0,1,0
CrLa,L10,101,-0.7592103991582633,3,1.6356403651006983,2,1.38,1.66,1.1,0.5599999999999998,0.2799999999999999,167.5,195.0,140.0,55.0,27.5,4.5,6.0,3.0,3.0,1.5,5.0,6.0,4.0,2.0,1.0,6.171705,6.76651,5.5769,1.18961,0.594805,3.0,5.0,1.0,4.0,2.0,0,1,0,1,0
CrMn,L10,101,-2.308307951257092,7,0.7056962196002132,2,1.605,1.66,1.55,0.10999999999999988,0.05499999999999994,140.0,140.0,140.0,0.0,0.0,6.5,7.0,6.0,1.0,0.5,4.0,4.0,4.0,0.0,0.0,7.100274000000001,7.434038,6.76651,0.6675279999999999,0.33376399999999995,5.0,5.0,5.0,0.0,0.0,0,1,0,1,0
CrMo,L10,101,-0.7782740143584022,5,0.1270694073973572,2,1.9100000000000001,2.16,1.66,0.5000000000000002,0.2500000000000001,142.5,145.0,140.0,5.0,2.5,6.0,6.0,6.0,0.0,0.0,4.5,5.0,4.0,1.0,0.5,6.92947,7.09243,6.76651,0.32592,0.16296,5.0,5.0,5.0,0.0,0.0,0,1,0,1,0
CrNb,L10,101,-0.8770520181596737,5,1.3140608566027367,2,1.63,1.66,1.6,0.05999999999999983,0.029999999999999916,142.5,145.0,140.0,5.0,2.5,5.5,6.0,5.0,1.0,0.5,4.5,5.0,4.0,1.0,0.5,6.76268,6.76651,6.75885,0.007660000000000444,0.003830000000000222,4.5,5.0,4.0,1.0,0.5,0,1,0,1,0
CrOs,L10,101,-0.6130424099564777,7,0.9834681212996657,2,1.9300000000000002,2.2,1.66,0.5400000000000003,0.27000000000000013,135.0,140.0,130.0,10.0,5.0,7.0,8.0,6.0,2.0,1.0,5.0,6.0,4.0,2.0,1.0,7.6023700000000005,8.43823,6.76651,1.6717200000000005,0.8358600000000003,5.5,6.0,5.0,1.0,0.5,0,1,0,1,0
CrPb,L10,101,-1.0139933075579108,3,2.2404199023003457,2,1.73,1.8,1.66,0.14000000000000012,0.07000000000000006,160.0,180.0,140.0,40.0,20.0,10.0,14.0,6.0,8.0,4.0,5.0,6.0,4.0,2.0,1.0,7.09159495,7.4166799,6.76651,0.6501698999999999,0.32508494999999993,7.5,10.0,5.0,5.0,2.5,0,1,0,1,0
CrPd,L10,101,-0.5999023047579328,4,0.3591857772007643,2,1.9300000000000002,2.2,1.66,0.5400000000000003,0.27000000000000013,140.0,140.0,140.0,0.0,0.0,8.0,10.0,6.0,4.0,2.0,4.5,5.0,4.0,1.0,0.5,7.5516745,8.336839,6.76651,1.5703289999999992,0.7851644999999996,7.5,10.0,5.0,5.0,2.5,0,1,0,1,0
CrPt,L10,101,-0.4320631693580878,5,0.4407314917989424,2,1.9300000000000002,2.2,1.66,0.5400000000000003,0.27000000000000013,137.5,140.0,135.0,5.0,2.5,8.0,10.0,6.0,4.0,2.0,5.0,6.0,4.0,2.0,1.0,7.8626700000000005,8.95883,6.76651,2.1923200000000005,1.0961600000000002,7.0,9.0,5.0,4.0,2.0,0,1,0,1,0
CrRe,L10,101,-0.6340068763592797,5,0.8474797746021068,2,1.7799999999999998,1.9,1.66,0.24,0.12,137.5,140.0,135.0,5.0,2.5,6.5,7.0,6.0,1.0,0.5,5.0,6.0,4.0,2.0,1.0,7.300015,7.83352,6.76651,1.0670099999999998,0.5335049999999999,5.0,5.0,5.0,0.0,0.0,0,1,0,1,0
CrRh,L10,101,-0.6004727913559407,4,0.1974822645970562,2,1.9699999999999998,2.28,1.66,0.6199999999999999,0.30999999999999994,137.5,140.0,135.0,5.0,2.5,7.5,9.0,6.0,3.0,1.5,4.5,5.0,4.0,1.0,0.5,7.112705,7.4589,6.76651,0.6923899999999996,0.3461949999999998,6.5,8.0,5.0,3.0,1.5,0,1,0,1,0
CrRu,L10,101,-0.61795828245792,6,0.9061996279997402,2,1.9300000000000002,2.2,1.66,0.5400000000000003,0.27000000000000013,135.0,140.0,130.0,10.0,5.0,7.0,8.0,6.0,2.0,1.0,4.5,5.0,4.0,1.0,0.5,7.063505,7.3605,6.76651,0.5939899999999998,0.2969949999999999,6.0,7.0,5.0,2.0,1.0,0,1,0,1,0
CrSc,L10,101,-0.9091928802581322,1,0.0,2,1.51,1.66,1.36,0.2999999999999998,0.1499999999999999,150.0,160.0,140.0,20.0,10.0,4.5,6.0,3.0,3.0,1.5,4.0,4.0,4.0,0.0,0.0,6.664,6.76651,6.56149,0.2050200000000002,0.1025100000000001,3.0,5.0,1.0,4.0,2.0,0,1,0,1,0
CrSn,L10,101,-0.4243003057590329,3,1.38957680060048,2,1.81,1.96,1.66,0.30000000000000004,0.15000000000000002,142.5,145.0,140.0,5.0,2.5,10.0,14.0,6.0,8.0,4.0,4.5,5.0,4.0,1.0,0.5,7.055214,7.343918,6.76651,0.5774080000000001,0.28870400000000007,7.5,10.0,5.0,5.0,2.5,0,1,0,1,0
CrTa,L10,101,-0.9064487482564516,6,1.2653437717017368,2,1.58,1.66,1.5,0.15999999999999992,0.07999999999999996,142.5,145.0,140.0,5.0,2.5,5.5,6.0,5.0,1.0,0.5,5.0,6.0,4.0,2.0,1.0,7.1580405,7.549571,6.76651,0.783061,0.3915305,4.0,5.0,3.0,2.0,1.0,0,1,0,1,0
CrTc,L10,101,-0.5766187480612359,8,0.7315805042017018,2,1.88,2.1,1.66,0.44000000000000017,0.22000000000000008,137.5,140.0,135.0,5.0,2.5,6.5,7.0,6.0,1.0,0.5,4.5,5.0,4.0,1.0,0.5,6.942945,7.11938,6.76651,0.35286999999999935,0.17643499999999968,5.0,5.0,5.0,0.0,0.0,0,1,0,1,0
CrTi,L10,101,-0.941223808359581,5,1.506024924598023,2,1.6,1.66,1.54,0.11999999999999988,0.05999999999999994,140.0,140.0,140.0,0.0,0.0,5.0,6.0,4.0,2.0,1.0,4.0,4.0,4.0,0.0,0.0,6.797315,6.82812,6.76651,0.06160999999999994,0.03080499999999997,3.5,5.0,2.0,3.0,1.5,0,1,0,1,0
CrTl,L10,101,-0.1442355728567861,2,1.401216333899356,2,1.73,1.8,1.66,0.14000000000000012,0.07000000000000006,165.0,190.0,140.0,50.0,25.0,9.5,13.0,6.0,7.0,3.5,5.0,6.0,4.0,2.0,1.0,6.43739865,6.76651,6.1082873,0.6582227000000005,0.32911135000000025,7.5,10.0,5.0,5.0,2.5,0,1,0,1,0
CrV,L10,101,-0.8788667453581809,5,1.0407441386996652,2,1.645,1.66,1.63,0.030000000000000027,0.015000000000000013,137.5,140.0,135.0,5.0,2.5,5.5,6.0,5.0,1.0,0.5,4.0,4.0,4.0,0.0,0.0,6.7563485,6.76651,6.746187,0.020323000000000313,0.010161500000000157,4.0,5.0,3.0,2.0,1.0,0,1,0,1,0
CrW,L10,101,-0.7321943930573696,4,0.8998214157982147,2,1.68,1.7,1.66,0.040000000000000036,0.020000000000000018,137.5,140.0,135.0,5.0,2.5,6.0,6.0,6.0,0.0,0.0,5.0,6.0,4.0,2.0,1.0,7.31527,7.86403,6.76651,1.0975199999999994,0.5487599999999997,4.5,5.0,4.0,1.0,0.5,0,1,0,1,0
CrZn,L10,101,-0.6304055857608262,3,0.7156276944006095,2,1.6549999999999998,1.66,1.65,0.010000000000000009,0.0050000000000000044,137.5,140.0,135.0,5.0,2.5,9.0,12.0,6.0,6.0,3.0,4.0,4.0,4.0,0.0,0.0,8.080353500000001,9.394197,6.76651,2.627687,1.3138435,7.5,10.0,5.0,5.0,2.5,0,1,0,1,0
CrZr,L10,101,-0.959658568556705,5,1.574389308800164,2,1.495,1.66,1.33,0.32999999999999985,0.16499999999999992,147.5,155.0,140.0,15.0,7.5,5.0,6.0,4.0,2.0,1.0,4.5,5.0,4.0,1.0,0.5,6.700318,6.76651,6.634126,0.13238400000000006,0.06619200000000003,3.5,5.0,2.0,3.0,1.5,0,1,0,1,0
CuFe,L10,101,-0.4068556317569971,4,0.3192191931011621,2,1.865,1.9,1.83,0.06999999999999984,0.03499999999999992,137.5,140.0,135.0,5.0,2.5,9.5,11.0,8.0,3.0,1.5,4.0,4.0,4.0,0.0,0.0,7.8144240499999995,7.9024681,7.72638,0.1760881000000003,0.08804405000000015,8.0,10.0,6.0,4.0,2.0,0,1,0,1,0
CuGa,L10,101,0.40488185414236,5,0.3005227955000009,2,1.855,1.9,1.81,0.08999999999999986,0.04499999999999993,132.5,135.0,130.0,5.0,2.5,12.0,13.0,11.0,2.0,1.0,4.0,4.0,4.0,0.0,0.0,6.8628409999999995,7.72638,5.999302,1.7270779999999997,0.8635389999999998,10.0,10.0,10.0,0.0,0.0,0,1,0,1,0
CuHf,L10,101,-0.900437073351867,3,0.9718243701936444,2,1.6,1.9,1.3,0.5999999999999999,0.29999999999999993,145.0,155.0,135.0,20.0,10.0,7.5,11.0,4.0,7.0,3.5,5.0,6.0,4.0,2.0,1.0,7.2757249999999996,7.72638,6.82507,0.9013099999999996,0.4506549999999998,6.0,10.0,2.0,8.0,4.0,0,1,0,1,0
CuHg,L10,101,0.1518510867399811,5,0.9580369062023236,2,1.9,1.9,1.9,0.0,0.0,142.5,150.0,135.0,15.0,7.5,11.5,12.0,11.0,1.0,0.5,5.0,6.0,4.0,2.0,1.0,9.081942,10.437504,7.72638,2.7111240000000008,1.3555620000000004,10.0,10.0,10.0,0.0,0.0,0,1,0,1,0
CuIn,L10,101,0.5264374187400165,4,0.4854026519024046,2,1.8399999999999999,1.9,1.78,0.11999999999999988,0.05999999999999994,145.0,155.0,135.0,20.0,10.0,12.0,13.0,11.0,2.0,1.0,4.5,5.0,4.0,1.0,0.5,6.7563679,7.72638,5.7863558,1.9400241999999999,0.9700120999999999,10.0,10.0,10.0,0.0,0.0,0,1,0,1,0
CuIr,L10,101,-0.3816852377558177,3,0.3161890695046168,2,2.05,2.2,1.9,0.30000000000000027,0.15000000000000013,135.0,135.0,135.0,0.0,0.0,10.0,11.0,9.0,2.0,1.0,5.0,6.0,4.0,2.0,1.0,8.3467,8.96702,7.72638,1.24064,0.62032,8.5,10.0,7.0,3.0,1.5,0,1,0,1,0
CuLa,L10,101,-0.4418257975548556,4,0.8313393423013622,2,1.5,1.9,1.1,0.7999999999999998,0.3999999999999999,165.0,195.0,135.0,60.0,30.0,7.0,11.0,3.0,8.0,4.0,5.0,6.0,4.0,2.0,1.0,6.65164,7.72638,5.5769,2.1494799999999996,1.0747399999999998,5.5,10.0,1.0,9.0,4.5,0,1,0,1,0
CuMn,L10,101,1.2319306414438245,6,0.91270804679516,2,1.725,1.9,1.55,0.34999999999999987,0.17499999999999993,137.5,140.0,135.0,5.0,2.5,9.0,11.0,7.0,4.0,2.0,4.0,4.0,4.0,0.0,0.0,7.580209,7.72638,7.434038,0.29234199999999966,0.14617099999999983,7.5,10.0,5.0,5.0,2.5,0,1,0,1,0
CuMo,L10,101,-0.6376167385596716,5,0.3405643469013739,2,2.0300000000000002,2.16,1.9,0.26000000000000023,0.13000000000000012,140.0,145.0,135.0,10.0,5.0,8.5,11.0,6.0,5.0,2.5,4.5,5.0,4.0,1.0,0.5,7.409405,7.72638,7.09243,0.6339499999999996,0.3169749999999998,7.5,10.0,5.0,5.0,2.5,0,1,0,1,0
CuNb,L10,101,-0.6933164005594961,6,0.8668055716043455,2,1.75,1.9,1.6,0.2999999999999998,0.1499999999999999,140.0,145.0,135.0,10.0,5.0,8.0,11.0,5.0,6.0,3.0,4.5,5.0,4.0,1.0,0.5,7.242615,7.72638,6.75885,0.96753,0.483765,7.0,10.0,4.0,6.0,3.0,0,1,0,1,0
CuNi,L10,101,-0.3379883811566913,5,0.2167973129980964,2,1.9049999999999998,1.91,1.9,0.010000000000000009,0.0050000000000000044,135.0,135.0,135.0,0.0,0.0,10.5,11.0,10.0,1.0,0.5,4.0,4.0,4.0,0.0,0.0,7.683129,7.72638,7.639878,0.08650199999999941,0.043250999999999706,9.0,10.0,8.0,2.0,1.0,0,1,0,1,0
CuOs,L10,101,-0.3346941711560873,4,0.3349344476009719,2,2.05,2.2,1.9,0.30000000000000027,0.15000000000000013,132.5,135.0,130.0,5.0,2.5,9.5,11.0,8.0,3.0,1.5,5.0,6.0,4.0,2.0,1.0,8.082305,8.43823,7.72638,0.711850000000001,0.3559250000000005,8.0,10.0,6.0,4.0,2.0,0,1,0,1,0
CuPb,L10,101,0.2622999170426112,3,0.0909008523012744,2,1.85,1.9,1.8,0.09999999999999987,0.04999999999999993,157.5,180.0,135.0,45.0,22.5,12.5,14.0,11.0,3.0,1.5,5.0,6.0,4.0,2.0,1.0,7.57152995,7.72638,7.4166799,0.3097000999999997,0.15485004999999985,10.0,10.0,10.0,0.0,0.0,0,1,0,1,0
CuPd,L10,101,-0.2265848396554872,6,0.7646358049023547,2,2.05,2.2,1.9,0.30000000000000027,0.15000000000000013,137.5,140.0,135.0,5.0,2.5,10.5,11.0,10.0,1.0,0.5,4.5,5.0,4.0,1.0,0.5,8.0316095,8.336839,7.72638,0.6104589999999996,0.3052294999999998,10.0,10.0,10.0,0.0,0.0,0,1,0,1,0
CuPt,L10,101,-0.3097967072598919,9,0.25706716789864,2,2.05,2.2,1.9,0.30000000000000027,0.15000000000000013,135.0,135.0,135.0,0.0,0.0,10.5,11.0,10.0,1.0,0.5,5.0,6.0,4.0,2.0,1.0,8.342605,8.95883,7.72638,1.232450000000001,0.6162250000000005,9.5,10.0,9.0,1.0,0.5,0,1,0,1,0
CuRe,L10,101,-0.6352791446615527,5,0.4040267363016028,2,1.9,1.9,1.9,0.0,0.0,135.0,135.0,135.0,0.0,0.0,9.0,11.0,7.0,4.0,2.0,5.0,6.0,4.0,2.0,1.0,7.7799499999999995,7.83352,7.72638,0.10714000000000024,0.05357000000000012,7.5,10.0,5.0,5.0,2.5,0,1,0,1,0
CuRh,L10,101,-0.3218690376588426,5,0.2056186043992056,2,2.09,2.28,1.9,0.3799999999999999,0.18999999999999995,135.0,135.0,135.0,0.0,0.0,10.0,11.0,9.0,2.0,1.0,4.5,5.0,4.0,1.0,0.5,7.592639999999999,7.72638,7.4589,0.26747999999999994,0.13373999999999997,9.0,10.0,8.0,2.0,1.0,0,1,0,1,0
CuRu,L10,101,-0.2778132629527761,6,0.2025872562007862,2,2.05,2.2,1.9,0.30000000000000027,0.15000000000000013,132.5,135.0,130.0,5.0,2.5,9.5,11.0,8.0,3.0,1.5,4.5,5.0,4.0,1.0,0.5,7.54344,7.72638,7.3605,0.36587999999999976,0.18293999999999988,8.5,10.0,7.0,3.0,1.5,0,1,0,1,0
CuSc,L10,101,-0.7085063392578093,4,0.5319716700978461,2,1.63,1.9,1.36,0.5399999999999998,0.2699999999999999,147.5,160.0,135.0,25.0,12.5,7.0,11.0,3.0,8.0,4.0,4.0,4.0,4.0,0.0,0.0,7.143935,7.72638,6.56149,1.1648899999999998,0.5824449999999999,5.5,10.0,1.0,9.0,4.5,0,1,0,1,0
CuSn,L10,101,0.338114233841253,4,0.2248193651030305,2,1.93,1.96,1.9,0.06000000000000005,0.030000000000000027,140.0,145.0,135.0,10.0,5.0,12.5,14.0,11.0,3.0,1.5,4.5,5.0,4.0,1.0,0.5,7.5351490000000005,7.72638,7.343918,0.3824619999999994,0.1912309999999997,10.0,10.0,10.0,0.0,0.0,0,1,0,1,0
CuTa,L10,101,-0.7544451416533491,5,0.786634848198446,2,1.7,1.9,1.5,0.3999999999999999,0.19999999999999996,140.0,145.0,135.0,10.0,5.0,8.0,11.0,5.0,6.0,3.0,5.0,6.0,4.0,2.0,1.0,7.6379755,7.72638,7.549571,0.17680899999999955,0.08840449999999977,6.5,10.0,3.0,7.0,3.5,0,1,0,1,0
CuTc,L10,101,-0.4819174178546461,5,0.2462241116954828,2,2.0,2.1,1.9,0.20000000000000018,0.10000000000000009,135.0,135.0,135.0,0.0,0.0,9.0,11.0,7.0,4.0,2.0,4.5,5.0,4.0,1.0,0.5,7.422879999999999,7.72638,7.11938,0.6070000000000002,0.3035000000000001,7.5,10.0,5.0,5.0,2.5,0,1,0,1,0
CuTi,L10,101,-0.7582701098571931,5,0.6351520674943458,2,1.72,1.9,1.54,0.3599999999999999,0.17999999999999994,137.5,140.0,135.0,5.0,2.5,7.5,11.0,4.0,7.0,3.5,4.0,4.0,4.0,0.0,0.0,7.27725,7.72638,6.82812,0.8982599999999996,0.4491299999999998,6.0,10.0,2.0,8.0,4.0,0,1,0,1,0
CuTl,L10,101,0.1130993550405321,3,0.1939049200009321,2,1.85,1.9,1.8,0.09999999999999987,0.04999999999999993,162.5,190.0,135.0,55.0,27.5,12.0,13.0,11.0,2.0,1.0,5.0,6.0,4.0,2.0,1.0,6.91733365,7.72638,6.1082873,1.6180927,0.80904635,10.0,10.0,10.0,0.0,0.0,0,1,0,1,0
CuV,L10,101,-0.6598280306634194,6,0.8224628528041649,2,1.765,1.9,1.63,0.27,0.135,135.0,135.0,135.0,0.0,0.0,8.0,11.0,5.0,6.0,3.0,4.0,4.0,4.0,0.0,0.0,7.2362835,7.72638,6.746187,0.9801929999999999,0.49009649999999993,6.5,10.0,3.0,7.0,3.5,0,1,0,1,0
CuW,L10,101,-0.7465658133578188,3,0.4838522833015304,2,1.7999999999999998,1.9,1.7,0.19999999999999996,0.09999999999999998,135.0,135.0,135.0,0.0,0.0,8.5,11.0,6.0,5.0,2.5,5.0,6.0,4.0,2.0,1.0,7.795204999999999,7.86403,7.72638,0.13764999999999983,0.06882499999999991,7.0,10.0,4.0,6.0,3.0,0,1,0,1,0
CuY,L10,101,-0.7041307486569792,5,1.0066103147983083,2,1.56,1.9,1.22,0.6799999999999999,0.33999999999999997,157.5,180.0,135.0,45.0,22.5,7.0,11.0,3.0,8.0,4.0,4.5,5.0,4.0,1.0,0.5,6.971819999999999,7.72638,6.21726,1.5091200000000002,0.7545600000000001,5.5,10.0,1.0,9.0,4.5,0,1,0,1,0
CuZn,L10,101,0.1591721735394742,7,0.6813099215942202,2,1.775,1.9,1.65,0.25,0.125,135.0,135.0,135.0,0.0,0.0,11.5,12.0,11.0,1.0,0.5,4.0,4.0,4.0,0.0,0.0,8.5602885,9.394197,7.72638,1.6678170000000003,0.8339085000000002,10.0,10.0,10.0,0.0,0.0,0,1,0,1,0
CuZr,L10,101,-0.800465306157065,4,0.9601936805047444,2,1.615,1.9,1.33,0.5699999999999998,0.2849999999999999,145.0,155.0,135.0,20.0,10.0,7.5,11.0,4.0,7.0,3.5,4.5,5.0,4.0,1.0,0.5,7.180253,7.72638,6.634126,1.0922539999999996,0.5461269999999998,6.0,10.0,2.0,8.0,4.0,0,1,0,1,0
FeGa,L10,101,-0.0747986519554331,4,0.3248703173012472,2,1.82,1.83,1.81,0.020000000000000018,0.010000000000000009,135.0,140.0,130.0,10.0,5.0,10.5,13.0,8.0,5.0,2.5,4.0,4.0,4.0,0.0,0.0,6.95088505,7.9024681,5.999302,1.9031661,0.95158305,8.0,10.0,6.0,4.0,2.0,0,1,0,1,0
FeHf,L10,101,-0.8501132923547345,4,1.3510305148010957,2,1.565,1.83,1.3,0.53,0.265,147.5,155.0,140.0,15.0,7.5,6.0,8.0,4.0,4.0,2.0,5.0,6.0,4.0,2.0,1.0,7.36376905,7.9024681,6.82507,1.0773981,0.53869905,4.0,6.0,2.0,4.0,2.0,0,1,0,1,0
FeHg,L10,101,-0.2929968070556867,3,0.7267741574978572,2,1.865,1.9,1.83,0.06999999999999984,0.03499999999999992,145.0,150.0,140.0,10.0,5.0,10.0,12.0,8.0,4.0,2.0,5.0,6.0,4.0,2.0,1.0,9.16998605,10.437504,7.9024681,2.5350359000000005,1.2675179500000002,8.0,10.0,6.0,4.0,2.0,0,1,0,1,0
FeIn,L10,101,-0.1507682098590237,3,0.7080838825022511,2,1.8050000000000002,1.83,1.78,0.050000000000000044,0.025000000000000022,147.5,155.0,140.0,15.0,7.5,10.5,13.0,8.0,5.0,2.5,4.5,5.0,4.0,1.0,0.5,6.84441195,7.9024681,5.7863558,2.1161123,1.05805615,8.0,10.0,6.0,4.0,2.0,0,1,0,1,0
FeIr,L10,101,-0.1688999712632437,7,0.2288119553995784,2,2.015,2.2,1.83,0.3700000000000001,0.18500000000000005,137.5,140.0,135.0,5.0,2.5,8.5,9.0,8.0,1.0,0.5,5.0,6.0,4.0,2.0,1.0,8.434744049999999,8.96702,7.9024681,1.0645518999999997,0.5322759499999998,6.5,7.0,6.0,1.0,0.5,0,1,0,1,0
FeLa,L10,101,-0.5849809423588965,5,1.235884183399321,2,1.465,1.83,1.1,0.73,0.365,167.5,195.0,140.0,55.0,27.5,5.5,8.0,3.0,5.0,2.5,5.0,6.0,4.0,2.0,1.0,6.73968405,7.9024681,5.5769,2.3255681,1.16278405,3.5,6.0,1.0,5.0,2.5,0,1,0,1,0
FeNb,L10,101,-0.47461565125829,2,0.3245934414990188,2,1.715,1.83,1.6,0.22999999999999998,0.11499999999999999,142.5,145.0,140.0,5.0,2.5,6.5,8.0,5.0,3.0,1.5,4.5,5.0,4.0,1.0,0.5,7.3306590499999995,7.9024681,6.75885,1.1436181000000003,0.5718090500000002,5.0,6.0,4.0,2.0,1.0,0,1,0,1,0
FeNi,L10,101,-0.1414612362559353,7,0.6978532184948563,2,1.87,1.91,1.83,0.07999999999999985,0.039999999999999925,137.5,140.0,135.0,5.0,2.5,9.0,10.0,8.0,2.0,1.0,4.0,4.0,4.0,0.0,0.0,7.77117305,7.9024681,7.639878,0.2625900999999997,0.13129504999999986,7.0,8.0,6.0,2.0,1.0,0,1,0,1,0
FeOs,L10,101,-0.3823339571599433,7,0.2428773835999891,2,2.015,2.2,1.83,0.3700000000000001,0.18500000000000005,135.0,140.0,130.0,10.0,5.0,8.0,8.0,8.0,0.0,0.0,5.0,6.0,4.0,2.0,1.0,8.17034905,8.43823,7.9024681,0.5357619000000007,0.26788095000000034,6.0,6.0,6.0,0.0,0.0,0,1,0,1,0
FePb,L10,101,0.1574377200386436,2,0.0235400239034788,2,1.815,1.83,1.8,0.030000000000000027,0.015000000000000013,160.0,180.0,140.0,40.0,20.0,11.0,14.0,8.0,6.0,3.0,5.0,6.0,4.0,2.0,1.0,7.659574,7.9024681,7.4166799,0.4857882,0.2428941,8.0,10.0,6.0,4.0,2.0,0,1,0,1,0
FePd,L10,101,0.0371892540433975,5,0.0956040679011493,2,2.015,2.2,1.83,0.3700000000000001,0.18500000000000005,140.0,140.0,140.0,0.0,0.0,9.0,10.0,8.0,2.0,1.0,4.5,5.0,4.0,1.0,0.5,8.119653549999999,8.336839,7.9024681,0.43437089999999934,0.21718544999999967,8.0,10.0,6.0,4.0,2.0,0,1,0,1,0
FePt,L10,101,0.0790905675467286,7,0.6539509158974397,2,2.015,2.2,1.83,0.3700000000000001,0.18500000000000005,137.5,140.0,135.0,5.0,2.5,9.0,10.0,8.0,2.0,1.0,5.0,6.0,4.0,2.0,1.0,8.43064905,8.95883,7.9024681,1.0563619000000006,0.5281809500000003,7.5,9.0,6.0,3.0,1.5,0,1,0,1,0
FeRh,L10,101,1.257930846645678,4,0.5337457161949715,2,2.0549999999999997,2.28,1.83,0.44999999999999973,0.22499999999999987,137.5,140.0,135.0,5.0,2.5,8.5,9.0,8.0,1.0,0.5,4.5,5.0,4.0,1.0,0.5,7.68068405,7.9024681,7.4589,0.44356810000000024,0.22178405000000012,7.0,8.0,6.0,2.0,1.0,0,1,0,1,0
FeRu,L10,101,-0.3861679051614999,9,0.6760175796007388,2,2.015,2.2,1.83,0.3700000000000001,0.18500000000000005,135.0,140.0,130.0,10.0,5.0,8.0,8.0,8.0,0.0,0.0,4.5,5.0,4.0,1.0,0.5,7.63148405,7.9024681,7.3605,0.5419681000000001,0.27098405000000003,6.5,7.0,6.0,1.0,0.5,0,1,0,1,0
FeSc,L10,101,-0.7481535975593658,4,0.0757400298025459,2,1.5950000000000002,1.83,1.36,0.47,0.235,150.0,160.0,140.0,20.0,10.0,5.5,8.0,3.0,5.0,2.5,4.0,4.0,4.0,0.0,0.0,7.23197905,7.9024681,6.56149,1.3409781,0.67048905,3.5,6.0,1.0,5.0,2.5,0,1,0,1,0
FeSn,L10,101,0.0202134323417624,2,0.1376787178014638,2,1.895,1.96,1.83,0.1299999999999999,0.06499999999999995,142.5,145.0,140.0,5.0,2.5,11.0,14.0,8.0,6.0,3.0,4.5,5.0,4.0,1.0,0.5,7.62319305,7.9024681,7.343918,0.5585500999999997,0.27927504999999986,8.0,10.0,6.0,4.0,2.0,0,1,0,1,0
FeTa,L10,101,-0.7314279843585325,5,0.7894906828987587,2,1.665,1.83,1.5,0.33000000000000007,0.16500000000000004,142.5,145.0,140.0,5.0,2.5,6.5,8.0,5.0,3.0,1.5,5.0,6.0,4.0,2.0,1.0,7.72601955,7.9024681,7.549571,0.35289709999999985,0.17644854999999993,4.5,6.0,3.0,3.0,1.5,0,1,0,1,0
FeTc,L10,101,-0.5427003023641817,5,0.2143451592055498,2,1.965,2.1,1.83,0.27,0.135,137.5,140.0,135.0,5.0,2.5,7.5,8.0,7.0,1.0,0.5,4.5,5.0,4.0,1.0,0.5,7.51092405,7.9024681,7.11938,0.7830881000000005,0.39154405000000025,5.5,6.0,5.0,1.0,0.5,0,1,0,1,0
FeTi,L10,101,-0.7972667440544399,5,1.399725694398512,2,1.685,1.83,1.54,0.29000000000000004,0.14500000000000002,140.0,140.0,140.0,0.0,0.0,6.0,8.0,4.0,4.0,2.0,4.0,4.0,4.0,0.0,0.0,7.36529405,7.9024681,6.82812,1.0743481,0.53717405,4.0,6.0,2.0,4.0,2.0,0,1,0,1,0
FeTl,L10,101,-0.3600207584595125,1,0.0,2,1.815,1.83,1.8,0.030000000000000027,0.015000000000000013,165.0,190.0,140.0,50.0,25.0,10.5,13.0,8.0,5.0,2.5,5.0,6.0,4.0,2.0,1.0,7.0053777,7.9024681,6.1082873,1.7941808000000004,0.8970904000000002,8.0,10.0,6.0,4.0,2.0,0,1,0,1,0
FeV,L10,101,-0.9640035462607272,4,0.1293780211999546,2,1.73,1.83,1.63,0.20000000000000018,0.10000000000000009,137.5,140.0,135.0,5.0,2.5,6.5,8.0,5.0,3.0,1.5,4.0,4.0,4.0,0.0,0.0,7.32432755,7.9024681,6.746187,1.1562811000000002,0.5781405500000001,4.5,6.0,3.0,3.0,1.5,0,1,0,1,0
FeW,L10,101,-0.70616888136189,5,0.1864005646057194,2,1.7650000000000001,1.83,1.7,0.13000000000000012,0.06500000000000006,137.5,140.0,135.0,5.0,2.5,7.0,8.0,6.0,2.0,1.0,5.0,6.0,4.0,2.0,1.0,7.88324905,7.9024681,7.86403,0.038438100000000475,0.019219050000000237,5.0,6.0,4.0,2.0,1.0,0,1,0,1,0
FeY,L10,101,-0.7977594061548814,6,1.3845362998981727,2,1.525,1.83,1.22,0.6100000000000001,0.30500000000000005,160.0,180.0,140.0,40.0,20.0,5.5,8.0,3.0,5.0,2.5,4.5,5.0,4.0,1.0,0.5,7.05986405,7.9024681,6.21726,1.6852081000000005,0.8426040500000003,3.5,6.0,1.0,5.0,2.5,0,1,0,1,0
FeZn,L10,101,-0.38484094195789,4,0.5693858261947753,2,1.74,1.83,1.65,0.18000000000000016,0.09000000000000008,137.5,140.0,135.0,5.0,2.5,10.0,12.0,8.0,4.0,2.0,4.0,4.0,4.0,0.0,0.0,8.64833255,9.394197,7.9024681,1.4917289,0.74586445,8.0,10.0,6.0,4.0,2.0,0,1,0,1,0
FeZr,L10,101,-0.7780525137595475,5,1.268470495899237,2,1.58,1.83,1.33,0.5,0.25,147.5,155.0,140.0,15.0,7.5,6.0,8.0,4.0,4.0,2.0,4.5,5.0,4.0,1.0,0.5,7.26829705,7.9024681,6.634126,1.2683421,0.63417105,4.0,6.0,2.0,4.0,2.0,0,1,0,1,0
GaHf,L10,101,-0.5681539668575795,4,0.8936627993025468,2,1.5550000000000002,1.81,1.3,0.51,0.255,142.5,155.0,130.0,25.0,12.5,8.5,13.0,4.0,9.0,4.5,5.0,6.0,4.0,2.0,1.0,6.412186,6.82507,5.999302,0.8257680000000001,0.41288400000000003,6.0,10.0,2.0,8.0,4.0,0,1,0,1,0
GaHg,L10,101,0.5618039183473513,3,0.5148914924939163,2,1.855,1.9,1.81,0.08999999999999986,0.04499999999999993,140.0,150.0,130.0,20.0,10.0,12.5,13.0,12.0,1.0,0.5,5.0,6.0,4.0,2.0,1.0,8.218403,10.437504,5.999302,4.438202,2.219101,10.0,10.0,10.0,0.0,0.0,0,1,0,1,0
GaIn,L10,101,0.6473242637448777,5,0.1673742288985522,2,1.795,1.81,1.78,0.030000000000000027,0.015000000000000013,142.5,155.0,130.0,25.0,12.5,13.0,13.0,13.0,0.0,0.0,4.5,5.0,4.0,1.0,0.5,5.8928289,5.999302,5.7863558,0.2129462000000002,0.1064731000000001,10.0,10.0,10.0,0.0,0.0,0,1,0,1,0
GaIr,L10,101,-0.3816259169534248,3,1.2787085068994202,2,2.005,2.2,1.81,0.3900000000000001,0.1950000000000001,132.5,135.0,130.0,5.0,2.5,11.0,13.0,9.0,4.0,2.0,5.0,6.0,4.0,2.0,1.0,7.483161,8.96702,5.999302,2.9677179999999996,1.4838589999999998,8.5,10.0,7.0,3.0,1.5,0,1,0,1,0
GaLa,L10,101,-0.4901132145596136,4,1.048151621602301,2,1.455,1.81,1.1,0.71,0.355,162.5,195.0,130.0,65.0,32.5,8.0,13.0,3.0,10.0,5.0,5.0,6.0,4.0,2.0,1.0,5.788101,5.999302,5.5769,0.42240199999999994,0.21120099999999997,5.5,10.0,1.0,9.0,4.5,0,1,0,1,0
GaMn,L10,101,-0.1297021087584369,3,0.4310247828980209,2,1.6800000000000002,1.81,1.55,0.26,0.13,135.0,140.0,130.0,10.0,5.0,10.0,13.0,7.0,6.0,3.0,4.0,4.0,4.0,0.0,0.0,6.716670000000001,7.434038,5.999302,1.434736,0.717368,7.5,10.0,5.0,5.0,2.5,0,1,0,1,0
GaMo,L10,101,-0.3720148561614849,3,0.4676390605018241,2,1.985,2.16,1.81,0.3500000000000001,0.17500000000000004,137.5,145.0,130.0,15.0,7.5,9.5,13.0,6.0,7.0,3.5,4.5,5.0,4.0,1.0,0.5,6.545866,7.09243,5.999302,1.093128,0.546564,7.5,10.0,5.0,5.0,2.5,0,1,0,1,0
GaNb,L10,101,-0.4787592646598284,5,0.8620337832981022,2,1.705,1.81,1.6,0.20999999999999996,0.10499999999999998,137.5,145.0,130.0,15.0,7.5,9.0,13.0,5.0,8.0,4.0,4.5,5.0,4.0,1.0,0.5,6.3790759999999995,6.75885,5.999302,0.7595479999999997,0.37977399999999983,7.0,10.0,4.0,6.0,3.0,0,1,0,1,0
GaNi,L10,101,0.084107394236554,3,0.6094247924993397,2,1.8599999999999999,1.91,1.81,0.09999999999999987,0.04999999999999993,132.5,135.0,130.0,5.0,2.5,11.5,13.0,10.0,3.0,1.5,4.0,4.0,4.0,0.0,0.0,6.81959,7.639878,5.999302,1.6405760000000003,0.8202880000000002,9.0,10.0,8.0,2.0,1.0,0,1,0,1,0
GaOs,L10,101,-0.5129443819596133,3,1.5356118623021755,2,2.005,2.2,1.81,0.3900000000000001,0.1950000000000001,130.0,130.0,130.0,0.0,0.0,10.5,13.0,8.0,5.0,2.5,5.0,6.0,4.0,2.0,1.0,7.2187660000000005,8.43823,5.999302,2.4389280000000007,1.2194640000000003,8.0,10.0,6.0,4.0,2.0,0,1,0,1,0
GaPb,L10,101,0.638584511442815,7,0.1631496616028016,2,1.8050000000000002,1.81,1.8,0.010000000000000009,0.0050000000000000044,155.0,180.0,130.0,50.0,25.0,13.5,14.0,13.0,1.0,0.5,5.0,6.0,4.0,2.0,1.0,6.70799095,7.4166799,5.999302,1.4173779,0.70868895,10.0,10.0,10.0,0.0,0.0,0,1,0,1,0
GaPd,L10,101,0.4121928725371901,3,0.2016966277005849,2,2.005,2.2,1.81,0.3900000000000001,0.1950000000000001,135.0,140.0,130.0,10.0,5.0,11.5,13.0,10.0,3.0,1.5,4.5,5.0,4.0,1.0,0.5,7.1680705,8.336839,5.999302,2.3375369999999993,1.1687684999999997,10.0,10.0,10.0,0.0,0.0,0,1,0,1,0
GaPt,L10,101,0.1413113015451301,4,0.5638036828968325,2,2.005,2.2,1.81,0.3900000000000001,0.1950000000000001,132.5,135.0,130.0,5.0,2.5,11.5,13.0,10.0,3.0,1.5,5.0,6.0,4.0,2.0,1.0,7.479066,8.95883,5.999302,2.9595280000000006,1.4797640000000003,9.5,10.0,9.0,1.0,0.5,0,1,0,1,0
GaRe,L10,101,-0.1763226924585694,2,0.0098965081997448,2,1.855,1.9,1.81,0.08999999999999986,0.04499999999999993,132.5,135.0,130.0,5.0,2.5,10.0,13.0,7.0,6.0,3.0,5.0,6.0,4.0,2.0,1.0,6.916411,7.83352,5.999302,1.834218,0.917109,7.5,10.0,5.0,5.0,2.5,0,1,0,1,0
GaRh,L10,101,-0.0179595133585905,2,0.0569532903973595,2,2.045,2.28,1.81,0.46999999999999975,0.23499999999999988,132.5,135.0,130.0,5.0,2.5,11.0,13.0,9.0,4.0,2.0,4.5,5.0,4.0,1.0,0.5,6.729101,7.4589,5.999302,1.4595979999999997,0.7297989999999999,9.0,10.0,8.0,2.0,1.0,0,1,0,1,0
GaSc,L10,101,-0.4939034881526538,5,0.8550053548970027,2,1.585,1.81,1.36,0.44999999999999996,0.22499999999999998,145.0,160.0,130.0,30.0,15.0,8.0,13.0,3.0,10.0,5.0,4.0,4.0,4.0,0.0,0.0,6.280396,6.56149,5.999302,0.5621879999999999,0.28109399999999996,5.5,10.0,1.0,9.0,4.5,0,1,0,1,0
GaSn,L10,101,0.59604359444441,5,0.2284988883984624,2,1.885,1.96,1.81,0.1499999999999999,0.07499999999999996,137.5,145.0,130.0,15.0,7.5,13.5,14.0,13.0,1.0,0.5,4.5,5.0,4.0,1.0,0.5,6.67161,7.343918,5.999302,1.3446160000000003,0.6723080000000001,10.0,10.0,10.0,0.0,0.0,0,1,0,1,0
GaTa,L10,101,-0.5493334853590284,3,0.5079910938002286,2,1.655,1.81,1.5,0.31000000000000005,0.15500000000000003,137.5,145.0,130.0,15.0,7.5,9.0,13.0,5.0,8.0,4.0,5.0,6.0,4.0,2.0,1.0,6.7744365,7.549571,5.999302,1.5502690000000001,0.7751345000000001,6.5,10.0,3.0,7.0,3.5,0,1,0,1,0
GaTc,L10,101,-0.4427433654554704,4,1.3846787514994503,2,1.955,2.1,1.81,0.29000000000000004,0.14500000000000002,132.5,135.0,130.0,5.0,2.5,10.0,13.0,7.0,6.0,3.0,4.5,5.0,4.0,1.0,0.5,6.559341,7.11938,5.999302,1.1200779999999995,0.5600389999999997,7.5,10.0,5.0,5.0,2.5,0,1,0,1,0
GaTi,L10,101,-0.4976953945578941,4,0.8534187952027423,2,1.675,1.81,1.54,0.27,0.135,135.0,140.0,130.0,10.0,5.0,8.5,13.0,4.0,9.0,4.5,4.0,4.0,4.0,0.0,0.0,6.413711,6.82812,5.999302,0.828818,0.414409,6.0,10.0,2.0,8.0,4.0,0,1,0,1,0
GaTl,L10,101,0.5097405136412192,5,0.7288539235014468,2,1.8050000000000002,1.81,1.8,0.010000000000000009,0.0050000000000000044,160.0,190.0,130.0,60.0,30.0,13.0,13.0,13.0,0.0,0.0,5.0,6.0,4.0,2.0,1.0,6.05379465,6.1082873,5.999302,0.10898529999999962,0.05449264999999981,10.0,10.0,10.0,0.0,0.0,0,1,0,1,0
GaV,L10,101,-0.4727357527580977,3,0.7025610600030632,2,1.72,1.81,1.63,0.18000000000000016,0.09000000000000008,132.5,135.0,130.0,5.0,2.5,9.0,13.0,5.0,8.0,4.0,4.0,4.0,4.0,0.0,0.0,6.3727445,6.746187,5.999302,0.7468849999999998,0.3734424999999999,6.5,10.0,3.0,7.0,3.5,0,1,0,1,0
GaW,L10,101,-0.5119821873585977,3,1.6871613109033206,2,1.755,1.81,1.7,0.1100000000000001,0.05500000000000005,132.5,135.0,130.0,5.0,2.5,9.5,13.0,6.0,7.0,3.5,5.0,6.0,4.0,2.0,1.0,6.931666,7.86403,5.999302,1.8647279999999995,0.9323639999999997,7.0,10.0,4.0,6.0,3.0,0,1,0,1,0
GaY,L10,101,-0.4915380026641003,3,1.057874385100149,2,1.5150000000000001,1.81,1.22,0.5900000000000001,0.29500000000000004,155.0,180.0,130.0,50.0,25.0,8.0,13.0,3.0,10.0,5.0,4.5,5.0,4.0,1.0,0.5,6.108281,6.21726,5.999302,0.21795799999999943,0.10897899999999971,5.5,10.0,1.0,9.0,4.5,0,1,0,1,0
GaZn,L10,101,0.5877169109380986,5,0.1985292226017918,2,1.73,1.81,1.65,0.16000000000000014,0.08000000000000007,132.5,135.0,130.0,5.0,2.5,12.5,13.0,12.0,1.0,0.5,4.0,4.0,4.0,0.0,0.0,7.6967495,9.394197,5.999302,3.394895,1.6974475,10.0,10.0,10.0,0.0,0.0,0,1,0,1,0
GaZr,L10,101,-0.5045243634585574,4,0.7981398213014472,2,1.57,1.81,1.33,0.48,0.24,142.5,155.0,130.0,25.0,12.5,8.5,13.0,4.0,9.0,4.5,4.5,5.0,4.0,1.0,0.5,6.316714,6.634126,5.999302,0.634824,0.317412,6.0,10.0,2.0,8.0,4.0,0,1,0,1,0
HfHg,L10,101,-0.7465794190565873,2,0.789408640597685,2,1.6,1.9,1.3,0.5999999999999999,0.29999999999999993,152.5,155.0,150.0,5.0,2.5,8.0,12.0,4.0,8.0,4.0,6.0,6.0,6.0,0.0,0.0,8.631287,10.437504,6.82507,3.6124340000000004,1.8062170000000002,6.0,10.0,2.0,8.0,4.0,0,1,0,1,0
HfIn,L10,101,-0.6485404764598286,4,0.7879814035004529,2,1.54,1.78,1.3,0.48,0.24,155.0,155.0,155.0,0.0,0.0,8.5,13.0,4.0,9.0,4.5,5.5,6.0,5.0,1.0,0.5,6.3057129,6.82507,5.7863558,1.0387142000000003,0.5193571000000001,6.0,10.0,2.0,8.0,4.0,0,1,0,1,0
HfIr,L10,101,-0.4705539439591746,5,0.7377214332991571,2,1.75,2.2,1.3,0.9000000000000001,0.45000000000000007,145.0,155.0,135.0,20.0,10.0,6.5,9.0,4.0,5.0,2.5,6.0,6.0,6.0,0.0,0.0,7.896045,8.96702,6.82507,2.1419499999999996,1.0709749999999998,4.5,7.0,2.0,5.0,2.5,0,1,0,1,0
HfLa,L10,101,-0.8974375624556785,6,0.2330536657973425,2,1.2000000000000002,1.3,1.1,0.19999999999999996,0.09999999999999998,175.0,195.0,155.0,40.0,20.0,3.5,4.0,3.0,1.0,0.5,6.0,6.0,6.0,0.0,0.0,6.200985,6.82507,5.5769,1.24817,0.624085,1.5,2.0,1.0,1.0,0.5,0,1,0,1,0
HfMo,L10,101,-0.8695185465576003,4,0.0830328166994149,2,1.73,2.16,1.3,0.8600000000000001,0.43000000000000005,150.0,155.0,145.0,10.0,5.0,5.0,6.0,4.0,2.0,1.0,5.5,6.0,5.0,1.0,0.5,6.95875,7.09243,6.82507,0.26736000000000004,0.13368000000000002,3.5,5.0,2.0,3.0,1.5,0,1,0,1,0
HfNb,L10,101,-0.9404942711580304,5,0.2573120704000757,2,1.4500000000000002,1.6,1.3,0.30000000000000004,0.15000000000000002,150.0,155.0,145.0,10.0,5.0,4.5,5.0,4.0,1.0,0.5,5.5,6.0,5.0,1.0,0.5,6.7919599999999996,6.82507,6.75885,0.06622000000000039,0.033110000000000195,3.0,4.0,2.0,2.0,1.0,0,1,0,1,0
HfNi,L10,101,-0.7641575647566867,3,0.7862959303965908,2,1.605,1.91,1.3,0.6099999999999999,0.30499999999999994,145.0,155.0,135.0,20.0,10.0,7.0,10.0,4.0,6.0,3.0,5.0,6.0,4.0,2.0,1.0,7.232474,7.639878,6.82507,0.8148080000000002,0.4074040000000001,5.0,8.0,2.0,6.0,3.0,0,1,0,1,0
HfOs,L10,101,-0.9600706849587084,4,1.7264693793986226,2,1.75,2.2,1.3,0.9000000000000001,0.45000000000000007,142.5,155.0,130.0,25.0,12.5,6.0,8.0,4.0,4.0,2.0,6.0,6.0,6.0,0.0,0.0,7.6316500000000005,8.43823,6.82507,1.6131600000000006,0.8065800000000003,4.0,6.0,2.0,4.0,2.0,0,1,0,1,0
HfPb,L10,101,-0.5425050606599768,4,0.5343059986007574,2,1.55,1.8,1.3,0.5,0.25,167.5,180.0,155.0,25.0,12.5,9.0,14.0,4.0,10.0,5.0,6.0,6.0,6.0,0.0,0.0,7.12087495,7.4166799,6.82507,0.5916098999999999,0.29580494999999996,6.0,10.0,2.0,8.0,4.0,0,1,0,1,0
HfPd,L10,101,-0.8281139769560184,3,0.9430128208005044,2,1.75,2.2,1.3,0.9000000000000001,0.45000000000000007,147.5,155.0,140.0,15.0,7.5,7.0,10.0,4.0,6.0,3.0,5.5,6.0,5.0,1.0,0.5,7.5809545,8.336839,6.82507,1.5117689999999993,0.7558844999999996,6.0,10.0,2.0,8.0,4.0,0,1,0,1,0
HfPt,L10,101,-0.7392532981602642,3,1.006898347302922,2,1.75,2.2,1.3,0.9000000000000001,0.45000000000000007,145.0,155.0,135.0,20.0,10.0,7.0,10.0,4.0,6.0,3.0,6.0,6.0,6.0,0.0,0.0,7.8919500000000005,8.95883,6.82507,2.1337600000000005,1.0668800000000003,5.5,9.0,2.0,7.0,3.5,0,1,0,1,0
HfRe,L10,101,-0.9952181328580708,5,1.808708712200314,2,1.6,1.9,1.3,0.5999999999999999,0.29999999999999993,145.0,155.0,135.0,20.0,10.0,5.5,7.0,4.0,3.0,1.5,6.0,6.0,6.0,0.0,0.0,7.329295,7.83352,6.82507,1.0084499999999998,0.5042249999999999,3.5,5.0,2.0,3.0,1.5,0,1,0,1,0
HfRh,L10,101,-0.4928969390557256,3,0.3716152569977566,2,1.79,2.28,1.3,0.9799999999999998,0.4899999999999999,145.0,155.0,135.0,20.0,10.0,6.5,9.0,4.0,5.0,2.5,5.5,6.0,5.0,1.0,0.5,7.141985,7.4589,6.82507,0.6338299999999997,0.31691499999999984,5.0,8.0,2.0,6.0,3.0,0,1,0,1,0
HfRu,L10,101,-0.8050686559572284,2,0.2615042561010341,2,1.75,2.2,1.3,0.9000000000000001,0.45000000000000007,142.5,155.0,130.0,25.0,12.5,6.0,8.0,4.0,4.0,2.0,5.5,6.0,5.0,1.0,0.5,7.092785,7.3605,6.82507,0.5354299999999999,0.2677149999999999,4.5,7.0,2.0,5.0,2.5,0,1,0,1,0
HfSc,L10,101,-0.9922797115568472,7,1.380322344997694,2,1.33,1.36,1.3,0.06000000000000005,0.030000000000000027,157.5,160.0,155.0,5.0,2.5,3.5,4.0,3.0,1.0,0.5,5.0,6.0,4.0,2.0,1.0,6.69328,6.82507,6.56149,0.26358000000000015,0.13179000000000007,1.5,2.0,1.0,1.0,0.5,0,1,0,1,0
HfSn,L10,101,-0.3699671995591131,2,0.4612973114017222,2,1.63,1.96,1.3,0.6599999999999999,0.32999999999999996,150.0,155.0,145.0,10.0,5.0,9.0,14.0,4.0,10.0,5.0,5.5,6.0,5.0,1.0,0.5,7.084494,7.343918,6.82507,0.5188480000000002,0.2594240000000001,6.0,10.0,2.0,8.0,4.0,0,1,0,1,0
HfTa,L10,101,-0.9892985684591338,4,0.0855717749000177,2,1.4,1.5,1.3,0.19999999999999996,0.09999999999999998,150.0,155.0,145.0,10.0,5.0,4.5,5.0,4.0,1.0,0.5,6.0,6.0,6.0,0.0,0.0,7.1873205,7.549571,6.82507,0.7245010000000001,0.36225050000000003,2.5,3.0,2.0,1.0,0.5,0,1,0,1,0
HfTc,L10,101,-0.8825617791580669,5,1.5745954349986278,2,1.7000000000000002,2.1,1.3,0.8,0.4,145.0,155.0,135.0,20.0,10.0,5.5,7.0,4.0,3.0,1.5,5.5,6.0,5.0,1.0,0.5,6.972225,7.11938,6.82507,0.2943099999999994,0.1471549999999997,3.5,5.0,2.0,3.0,1.5,0,1,0,1,0
HfTi,L10,101,-1.0341502761575327,6,1.257965269000124,2,1.42,1.54,1.3,0.24,0.12,147.5,155.0,140.0,15.0,7.5,4.0,4.0,4.0,0.0,0.0,5.0,6.0,4.0,2.0,1.0,6.826595,6.82812,6.82507,0.003049999999999997,0.0015249999999999986,2.0,2.0,2.0,0.0,0.0,0,1,0,1,0
HfTl,L10,101,-0.5947250668604909,3,1.923169860900089,2,1.55,1.8,1.3,0.5,0.25,172.5,190.0,155.0,35.0,17.5,8.5,13.0,4.0,9.0,4.5,6.0,6.0,6.0,0.0,0.0,6.46667865,6.82507,6.1082873,0.7167827000000004,0.3583913500000002,6.0,10.0,2.0,8.0,4.0,0,1,0,1,0
HfV,L10,101,-1.0123649782571815,5,0.9558921048010234,2,1.4649999999999999,1.63,1.3,0.32999999999999985,0.16499999999999992,145.0,155.0,135.0,20.0,10.0,4.5,5.0,4.0,1.0,0.5,5.0,6.0,4.0,2.0,1.0,6.7856285,6.82507,6.746187,0.07888300000000026,0.03944150000000013,2.5,3.0,2.0,1.0,0.5,0,1,0,1,0
HfW,L10,101,-0.8887315522578945,6,1.0287452788979865,2,1.5,1.7,1.3,0.3999999999999999,0.19999999999999996,145.0,155.0,135.0,20.0,10.0,5.0,6.0,4.0,2.0,1.0,6.0,6.0,6.0,0.0,0.0,7.34455,7.86403,6.82507,1.0389599999999994,0.5194799999999997,3.0,4.0,2.0,2.0,1.0,0,1,0,1,0
HfY,L10,101,-0.9793830122571024,7,1.4642115039969212,2,1.26,1.3,1.22,0.08000000000000007,0.040000000000000036,167.5,180.0,155.0,25.0,12.5,3.5,4.0,3.0,1.0,0.5,5.5,6.0,5.0,1.0,0.5,6.521165,6.82507,6.21726,0.6078100000000006,0.3039050000000003,1.5,2.0,1.0,1.0,0.5,0,1,0,1,0
HfZn,L10,101,-0.7604056591580672,5,1.349329531098192,2,1.475,1.65,1.3,0.34999999999999987,0.17499999999999993,145.0,155.0,135.0,20.0,10.0,8.0,12.0,4.0,8.0,4.0,5.0,6.0,4.0,2.0,1.0,8.109633500000001,9.394197,6.82507,2.569127,1.2845635,6.0,10.0,2.0,8.0,4.0,0,1,0,1,0
HfZr,L10,101,-0.9995041979591122,8,1.3440292978011712,2,1.315,1.33,1.3,0.030000000000000027,0.015000000000000013,155.0,155.0,155.0,0.0,0.0,4.0,4.0,4.0,0.0,0.0,5.5,6.0,5.0,1.0,0.5,6.729598,6.82507,6.634126,0.190944,0.095472,2.0,2.0,2.0,0.0,0.0,0,1,0,1,0
HgIn,L10,101,0.7328914126419761,4,0.3732691648983746,2,1.8399999999999999,1.9,1.78,0.11999999999999988,0.05999999999999994,152.5,155.0,150.0,5.0,2.5,12.5,13.0,12.0,1.0,0.5,5.5,6.0,5.0,1.0,0.5,8.1119299,10.437504,5.7863558,4.651148200000001,2.3255741000000003,10.0,10.0,10.0,0.0,0.0,0,1,0,1,0
HgLa,L10,101,-0.4621769194590968,2,0.6959621634014184,2,1.5,1.9,1.1,0.7999999999999998,0.3999999999999999,172.5,195.0,150.0,45.0,22.5,7.5,12.0,3.0,9.0,4.5,6.0,6.0,6.0,0.0,0.0,8.007202,10.437504,5.5769,4.860604,2.430302,5.5,10.0,1.0,9.0,4.5,0,1,0,1,0
HgMn,L10,101,1.6984137623412892,2,0.4454802863983786,2,1.725,1.9,1.55,0.34999999999999987,0.17499999999999993,145.0,150.0,140.0,10.0,5.0,9.5,12.0,7.0,5.0,2.5,5.0,6.0,4.0,2.0,1.0,8.935771,10.437504,7.434038,3.0034660000000004,1.5017330000000002,7.5,10.0,5.0,5.0,2.5,0,1,0,1,0
HgMo,L10,101,0.3753417199414173,1,0.0,2,2.0300000000000002,2.16,1.9,0.26000000000000023,0.13000000000000012,147.5,150.0,145.0,5.0,2.5,9.0,12.0,6.0,6.0,3.0,5.5,6.0,5.0,1.0,0.5,8.764967,10.437504,7.09243,3.3450740000000003,1.6725370000000002,7.5,10.0,5.0,5.0,2.5,0,1,0,1,0
HgNb,L10,101,-0.6444970009569886,4,0.9907712485983212,2,1.75,1.9,1.6,0.2999999999999998,0.1499999999999999,147.5,150.0,145.0,5.0,2.5,8.5,12.0,5.0,7.0,3.5,5.5,6.0,5.0,1.0,0.5,8.598177,10.437504,6.75885,3.6786540000000008,1.8393270000000004,7.0,10.0,4.0,6.0,3.0,0,1,0,1,0
HgNi,L10,101,-0.1462435008643012,3,1.2450195890996838,2,1.9049999999999998,1.91,1.9,0.010000000000000009,0.0050000000000000044,142.5,150.0,135.0,15.0,7.5,11.0,12.0,10.0,2.0,1.0,5.0,6.0,4.0,2.0,1.0,9.038691,10.437504,7.639878,2.797626,1.398813,9.0,10.0,8.0,2.0,1.0,0,1,0,1,0
HgPb,L10,101,0.8996727054409632,2,0.078493549801351,2,1.85,1.9,1.8,0.09999999999999987,0.04999999999999993,165.0,180.0,150.0,30.0,15.0,13.0,14.0,12.0,2.0,1.0,6.0,6.0,6.0,0.0,0.0,8.927091950000001,10.437504,7.4166799,3.0208241000000005,1.5104120500000002,10.0,10.0,10.0,0.0,0.0,0,1,0,1,0
HgPd,L10,101,0.1363034544420145,3,0.2731207958968298,2,2.05,2.2,1.9,0.30000000000000027,0.15000000000000013,145.0,150.0,140.0,10.0,5.0,11.0,12.0,10.0,2.0,1.0,5.5,6.0,5.0,1.0,0.5,9.387171500000001,10.437504,8.336839,2.100665000000001,1.0503325000000006,10.0,10.0,10.0,0.0,0.0,0,1,0,1,0
HgPt,L10,101,-0.1537735711562788,2,0.0271202258008997,2,2.05,2.2,1.9,0.30000000000000027,0.15000000000000013,142.5,150.0,135.0,15.0,7.5,11.0,12.0,10.0,2.0,1.0,6.0,6.0,6.0,0.0,0.0,9.698167000000002,10.437504,8.95883,1.4786739999999998,0.7393369999999999,9.5,10.0,9.0,1.0,0.5,0,1,0,1,0
HgRh,L10,101,-0.2955233840611697,3,1.4254397719014378,2,2.09,2.28,1.9,0.3799999999999999,0.18999999999999995,142.5,150.0,135.0,15.0,7.5,10.5,12.0,9.0,3.0,1.5,5.5,6.0,5.0,1.0,0.5,8.948202,10.437504,7.4589,2.9786040000000007,1.4893020000000003,9.0,10.0,8.0,2.0,1.0,0,1,0,1,0
HgSc,L10,101,-0.6605302204579573,3,0.9771388894987468,2,1.63,1.9,1.36,0.5399999999999998,0.2699999999999999,155.0,160.0,150.0,10.0,5.0,7.5,12.0,3.0,9.0,4.5,5.0,6.0,4.0,2.0,1.0,8.499497,10.437504,6.56149,3.8760140000000005,1.9380070000000003,5.5,10.0,1.0,9.0,4.5,0,1,0,1,0
HgTa,L10,101,-0.7547314054563401,2,0.6854429226987122,2,1.7,1.9,1.5,0.3999999999999999,0.19999999999999996,147.5,150.0,145.0,5.0,2.5,8.5,12.0,5.0,7.0,3.5,6.0,6.0,6.0,0.0,0.0,8.9935375,10.437504,7.549571,2.8879330000000003,1.4439665000000002,6.5,10.0,3.0,7.0,3.5,0,1,0,1,0
HgTi,L10,101,-0.6626992398550726,4,0.9477112744971236,2,1.72,1.9,1.54,0.3599999999999999,0.17999999999999994,145.0,150.0,140.0,10.0,5.0,8.0,12.0,4.0,8.0,4.0,5.0,6.0,4.0,2.0,1.0,8.632812000000001,10.437504,6.82812,3.6093840000000004,1.8046920000000002,6.0,10.0,2.0,8.0,4.0,0,1,0,1,0
HgTl,L10,101,0.8336789771429096,6,0.3091259466018528,2,1.85,1.9,1.8,0.09999999999999987,0.04999999999999993,170.0,190.0,150.0,40.0,20.0,12.5,13.0,12.0,1.0,0.5,6.0,6.0,6.0,0.0,0.0,8.27289565,10.437504,6.1082873,4.329216700000001,2.1646083500000004,10.0,10.0,10.0,0.0,0.0,0,1,0,1,0
HgY,L10,101,-0.672301320860214,3,1.096021616001963,2,1.56,1.9,1.22,0.6799999999999999,0.33999999999999997,165.0,180.0,150.0,30.0,15.0,7.5,12.0,3.0,9.0,4.5,5.5,6.0,5.0,1.0,0.5,8.327382,10.437504,6.21726,4.220244000000001,2.1101220000000005,5.5,10.0,1.0,9.0,4.5,0,1,0,1,0
HgZr,L10,101,-0.6831250569584597,3,0.9265544234003756,2,1.615,1.9,1.33,0.5699999999999998,0.2849999999999999,152.5,155.0,150.0,5.0,2.5,8.0,12.0,4.0,8.0,4.0,5.5,6.0,5.0,1.0,0.5,8.535815,10.437504,6.634126,3.8033780000000004,1.9016890000000002,6.0,10.0,2.0,8.0,4.0,0,1,0,1,0
InIr,L10,101,-0.4235794762598459,2,0.1857268107014533,2,1.9900000000000002,2.2,1.78,0.42000000000000015,0.21000000000000008,145.0,155.0,135.0,20.0,10.0,11.0,13.0,9.0,4.0,2.0,5.5,6.0,5.0,1.0,0.5,7.3766879,8.96702,5.7863558,3.1806642,1.5903321,8.5,10.0,7.0,3.0,1.5,0,1,0,1,0
InLa,L10,101,-0.340624620060197,6,0.8317456082004355,2,1.44,1.78,1.1,0.6799999999999999,0.33999999999999997,175.0,195.0,155.0,40.0,20.0,8.0,13.0,3.0,10.0,5.0,5.5,6.0,5.0,1.0,0.5,5.6816279000000005,5.7863558,5.5769,0.20945579999999975,0.10472789999999987,5.5,10.0,1.0,9.0,4.5,0,1,0,1,0
InMn,L10,101,0.3467976586407815,2,0.463511365600425,2,1.665,1.78,1.55,0.22999999999999998,0.11499999999999999,147.5,155.0,140.0,15.0,7.5,10.0,13.0,7.0,6.0,3.0,4.5,5.0,4.0,1.0,0.5,6.6101969,7.434038,5.7863558,1.6476822000000002,0.8238411000000001,7.5,10.0,5.0,5.0,2.5,0,1,0,1,0
InMo,L10,101,-0.3793102281588005,3,1.2276474335012608,2,1.9700000000000002,2.16,1.78,0.3800000000000001,0.19000000000000006,150.0,155.0,145.0,10.0,5.0,9.5,13.0,6.0,7.0,3.5,5.0,5.0,5.0,0.0,0.0,6.4393929,7.09243,5.7863558,1.3060742000000003,0.6530371000000001,7.5,10.0,5.0,5.0,2.5,0,1,0,1,0
InNb,L10,101,-0.5868456024608975,4,1.820252597499348,2,1.69,1.78,1.6,0.17999999999999994,0.08999999999999998,150.0,155.0,145.0,10.0,5.0,9.0,13.0,5.0,8.0,4.0,5.0,5.0,5.0,0.0,0.0,6.2726029,6.75885,5.7863558,0.9724941999999999,0.48624709999999993,7.0,10.0,4.0,6.0,3.0,0,1,0,1,0
InNi,L10,101,-0.0499871760611938,6,1.0540770364023049,2,1.845,1.91,1.78,0.1299999999999999,0.06499999999999995,145.0,155.0,135.0,20.0,10.0,11.5,13.0,10.0,3.0,1.5,4.5,5.0,4.0,1.0,0.5,6.7131169,7.639878,5.7863558,1.8535222000000005,0.9267611000000002,9.0,10.0,8.0,2.0,1.0,0,1,0,1,0
InOs,L10,101,-0.6411939471608719,3,1.8265544820023931,2,1.9900000000000002,2.2,1.78,0.42000000000000015,0.21000000000000008,142.5,155.0,130.0,25.0,12.5,10.5,13.0,8.0,5.0,2.5,5.5,6.0,5.0,1.0,0.5,7.1122929,8.43823,5.7863558,2.651874200000001,1.3259371000000004,8.0,10.0,6.0,4.0,2.0,0,1,0,1,0
InPb,L10,101,0.7697382115411813,10,0.122939535700425,2,1.79,1.8,1.78,0.020000000000000018,0.010000000000000009,167.5,180.0,155.0,25.0,12.5,13.5,14.0,13.0,1.0,0.5,5.5,6.0,5.0,1.0,0.5,6.6015178500000005,7.4166799,5.7863558,1.6303241000000002,0.8151620500000002,10.0,10.0,10.0,0.0,0.0,0,1,0,1,0
InPd,L10,101,0.3145411481428084,2,0.1563132094997854,2,1.9900000000000002,2.2,1.78,0.42000000000000015,0.21000000000000008,147.5,155.0,140.0,15.0,7.5,11.5,13.0,10.0,3.0,1.5,5.0,5.0,5.0,0.0,0.0,7.0615974,8.336839,5.7863558,2.5504831999999995,1.2752415999999998,10.0,10.0,10.0,0.0,0.0,0,1,0,1,0
InPt,L10,101,0.0569184598398635,3,0.7272268189008173,2,1.9900000000000002,2.2,1.78,0.42000000000000015,0.21000000000000008,145.0,155.0,135.0,20.0,10.0,11.5,13.0,10.0,3.0,1.5,5.5,6.0,5.0,1.0,0.5,7.372592900000001,8.95883,5.7863558,3.172474200000001,1.5862371000000004,9.5,10.0,9.0,1.0,0.5,0,1,0,1,0
InRh,L10,101,-0.1436580112558374,2,0.0766450804003398,2,2.03,2.28,1.78,0.4999999999999998,0.2499999999999999,145.0,155.0,135.0,20.0,10.0,11.0,13.0,9.0,4.0,2.0,5.0,5.0,5.0,0.0,0.0,6.6226278999999995,7.4589,5.7863558,1.6725442,0.8362721,9.0,10.0,8.0,2.0,1.0,0,1,0,1,0
InRu,L10,101,-0.3646925449565685,3,0.137161973700131,2,1.9900000000000002,2.2,1.78,0.42000000000000015,0.21000000000000008,142.5,155.0,130.0,25.0,12.5,10.5,13.0,8.0,5.0,2.5,5.0,5.0,5.0,0.0,0.0,6.5734279,7.3605,5.7863558,1.5741442,0.7870721,8.5,10.0,7.0,3.0,1.5,0,1,0,1,0
InSc,L10,101,-0.5583373240578737,4,0.9836800979974214,2,1.57,1.78,1.36,0.41999999999999993,0.20999999999999996,157.5,160.0,155.0,5.0,2.5,8.0,13.0,3.0,10.0,5.0,4.5,5.0,4.0,1.0,0.5,6.1739229,6.56149,5.7863558,0.7751342000000001,0.38756710000000005,5.5,10.0,1.0,9.0,4.5,0,1,0,1,0
InSn,L10,101,0.5754111068427221,6,0.3600980388000607,2,1.87,1.96,1.78,0.17999999999999994,0.08999999999999998,150.0,155.0,145.0,10.0,5.0,13.5,14.0,13.0,1.0,0.5,5.0,5.0,5.0,0.0,0.0,6.565136900000001,7.343918,5.7863558,1.5575622000000005,0.7787811000000002,10.0,10.0,10.0,0.0,0.0,0,1,0,1,0
InTa,L10,101,-0.6713051120559328,2,0.6255207342001086,2,1.6400000000000001,1.78,1.5,0.28,0.14,150.0,155.0,145.0,10.0,5.0,9.0,13.0,5.0,8.0,4.0,5.5,6.0,5.0,1.0,0.5,6.6679634,7.549571,5.7863558,1.7632152000000003,0.8816076000000002,6.5,10.0,3.0,7.0,3.5,0,1,0,1,0
InTc,L10,101,-0.4849242757581748,4,1.5974293235994992,2,1.94,2.1,1.78,0.32000000000000006,0.16000000000000003,145.0,155.0,135.0,20.0,10.0,10.0,13.0,7.0,6.0,3.0,5.0,5.0,5.0,0.0,0.0,6.452867899999999,7.11938,5.7863558,1.3330241999999997,0.6665120999999998,7.5,10.0,5.0,5.0,2.5,0,1,0,1,0
InTi,L10,101,-0.5968573509589703,5,1.6216241895017447,2,1.6600000000000001,1.78,1.54,0.24,0.12,147.5,155.0,140.0,15.0,7.5,8.5,13.0,4.0,9.0,4.5,4.5,5.0,4.0,1.0,0.5,6.3072379000000005,6.82812,5.7863558,1.0417642000000003,0.5208821000000001,6.0,10.0,2.0,8.0,4.0,0,1,0,1,0
InTl,L10,101,0.6213757601445025,7,0.5684391420982138,2,1.79,1.8,1.78,0.020000000000000018,0.010000000000000009,172.5,190.0,155.0,35.0,17.5,13.0,13.0,13.0,0.0,0.0,5.5,6.0,5.0,1.0,0.5,5.94732155,6.1082873,5.7863558,0.3219314999999998,0.1609657499999999,10.0,10.0,10.0,0.0,0.0,0,1,0,1,0
InV,L10,101,-0.5328899181613167,2,0.8233284469024511,2,1.705,1.78,1.63,0.15000000000000013,0.07500000000000007,145.0,155.0,135.0,20.0,10.0,9.0,13.0,5.0,8.0,4.0,4.5,5.0,4.0,1.0,0.5,6.2662714,6.746187,5.7863558,0.9598312,0.4799156,6.5,10.0,3.0,7.0,3.5,0,1,0,1,0
InW,L10,101,-0.5536571020556664,2,0.4370072056990466,2,1.74,1.78,1.7,0.08000000000000007,0.040000000000000036,145.0,155.0,135.0,20.0,10.0,9.5,13.0,6.0,7.0,3.5,5.5,6.0,5.0,1.0,0.5,6.825192899999999,7.86403,5.7863558,2.0776741999999997,1.0388370999999998,7.0,10.0,4.0,6.0,3.0,0,1,0,1,0
InY,L10,101,-0.5240675793565686,5,1.0535134886995363,2,1.5,1.78,1.22,0.56,0.28,167.5,180.0,155.0,25.0,12.5,8.0,13.0,3.0,10.0,5.0,5.0,5.0,5.0,0.0,0.0,6.001807899999999,6.21726,5.7863558,0.4309041999999996,0.2154520999999998,5.5,10.0,1.0,9.0,4.5,0,1,0,1,0
InZn,L10,101,0.5212371872412689,7,0.3844908675018814,2,1.7149999999999999,1.78,1.65,0.13000000000000012,0.06500000000000006,145.0,155.0,135.0,20.0,10.0,12.5,13.0,12.0,1.0,0.5,4.5,5.0,4.0,1.0,0.5,7.5902764000000005,9.394197,5.7863558,3.6078412,1.8039206,10.0,10.0,10.0,0.0,0.0,0,1,0,1,0
InZr,L10,101,-0.5973389923592265,3,0.903857952402177,2,1.5550000000000002,1.78,1.33,0.44999999999999996,0.22499999999999998,155.0,155.0,155.0,0.0,0.0,8.5,13.0,4.0,9.0,4.5,5.0,5.0,5.0,0.0,0.0,6.2102409000000005,6.634126,5.7863558,0.8477702000000003,0.4238851000000001,6.0,10.0,2.0,8.0,4.0,0,1,0,1,0
IrLa,L10,101,-0.8481957061585206,4,1.9103188767003303,2,1.6500000000000001,2.2,1.1,1.1,0.55,165.0,195.0,135.0,60.0,30.0,6.0,9.0,3.0,6.0,3.0,6.0,6.0,6.0,0.0,0.0,7.27196,8.96702,5.5769,3.3901199999999996,1.6950599999999998,4.0,7.0,1.0,6.0,3.0,0,1,0,1,0
IrMn,L10,101,0.1877977330450733,4,0.7512805937985831,2,1.875,2.2,1.55,0.6500000000000001,0.32500000000000007,137.5,140.0,135.0,5.0,2.5,8.0,9.0,7.0,2.0,1.0,5.0,6.0,4.0,2.0,1.0,8.200529,8.96702,7.434038,1.5329819999999996,0.7664909999999998,6.0,7.0,5.0,2.0,1.0,0,1,0,1,0
IrMo,L10,101,-0.6051530134563734,6,0.3467628279977361,2,2.18,2.2,2.16,0.040000000000000036,0.020000000000000018,140.0,145.0,135.0,10.0,5.0,7.5,9.0,6.0,3.0,1.5,5.5,6.0,5.0,1.0,0.5,8.029725,8.96702,7.09243,1.8745899999999995,0.9372949999999998,6.0,7.0,5.0,2.0,1.0,0,1,0,1,0
IrNb,L10,101,-0.7355022089568308,5,0.3341250449993822,2,1.9000000000000001,2.2,1.6,0.6000000000000001,0.30000000000000004,140.0,145.0,135.0,10.0,5.0,7.0,9.0,5.0,4.0,2.0,5.5,6.0,5.0,1.0,0.5,7.862935,8.96702,6.75885,2.20817,1.104085,5.5,7.0,4.0,3.0,1.5,0,1,0,1,0
IrNi,L10,101,-0.2969021848611817,8,0.2148331954012974,2,2.055,2.2,1.91,0.29000000000000026,0.14500000000000013,135.0,135.0,135.0,0.0,0.0,9.5,10.0,9.0,1.0,0.5,5.0,6.0,4.0,2.0,1.0,8.303449,8.96702,7.639878,1.3271419999999994,0.6635709999999997,7.5,8.0,7.0,1.0,0.5,0,1,0,1,0
IrOs,L10,101,-0.2034812862575279,7,0.2441077463008696,2,2.2,2.2,2.2,0.0,0.0,132.5,135.0,130.0,5.0,2.5,8.5,9.0,8.0,1.0,0.5,6.0,6.0,6.0,0.0,0.0,8.702625000000001,8.96702,8.43823,0.528789999999999,0.2643949999999995,6.5,7.0,6.0,1.0,0.5,0,1,0,1,0
IrPb,L10,101,-0.3865613817569908,2,1.601172385497193,2,2.0,2.2,1.8,0.40000000000000013,0.20000000000000007,157.5,180.0,135.0,45.0,22.5,11.5,14.0,9.0,5.0,2.5,6.0,6.0,6.0,0.0,0.0,8.19184995,8.96702,7.4166799,1.5503400999999997,0.7751700499999998,8.5,10.0,7.0,3.0,1.5,0,1,0,1,0
IrPd,L10,101,-0.3615801067562358,6,0.4026288874993042,2,2.2,2.2,2.2,0.0,0.0,137.5,140.0,135.0,5.0,2.5,9.5,10.0,9.0,1.0,0.5,5.5,6.0,5.0,1.0,0.5,8.6519295,8.96702,8.336839,0.6301810000000003,0.31509050000000016,8.5,10.0,7.0,3.0,1.5,0,1,0,1,0
IrPt,L10,101,-0.3870200295559414,10,0.2870360173001245,2,2.2,2.2,2.2,0.0,0.0,135.0,135.0,135.0,0.0,0.0,9.5,10.0,9.0,1.0,0.5,6.0,6.0,6.0,0.0,0.0,8.962925,8.96702,8.95883,0.008189999999999031,0.004094999999999516,8.0,9.0,7.0,2.0,1.0,0,1,0,1,0
IrRe,L10,101,-0.3876562317591094,6,0.3524901441014663,2,2.05,2.2,1.9,0.30000000000000027,0.15000000000000013,135.0,135.0,135.0,0.0,0.0,8.0,9.0,7.0,2.0,1.0,6.0,6.0,6.0,0.0,0.0,8.400269999999999,8.96702,7.83352,1.1334999999999997,0.5667499999999999,6.0,7.0,5.0,2.0,1.0,0,1,0,1,0
IrRh,L10,101,-0.2461151300585413,7,0.239051326901972,2,2.24,2.28,2.2,0.07999999999999963,0.039999999999999813,135.0,135.0,135.0,0.0,0.0,9.0,9.0,9.0,0.0,0.0,5.5,6.0,5.0,1.0,0.5,8.212959999999999,8.96702,7.4589,1.50812,0.75406,7.5,8.0,7.0,1.0,0.5,0,1,0,1,0
IrRu,L10,101,-0.2916324282586799,6,0.1780412273983529,2,2.2,2.2,2.2,0.0,0.0,132.5,135.0,130.0,5.0,2.5,8.5,9.0,8.0,1.0,0.5,5.5,6.0,5.0,1.0,0.5,8.16376,8.96702,7.3605,1.6065199999999997,0.8032599999999999,7.0,7.0,7.0,0.0,0.0,0,1,0,1,0
IrSc,L10,101,-0.7752222577573491,2,0.3426811203971738,2,1.7800000000000002,2.2,1.36,0.8400000000000001,0.42000000000000004,147.5,160.0,135.0,25.0,12.5,6.0,9.0,3.0,6.0,3.0,5.0,6.0,4.0,2.0,1.0,7.764255,8.96702,6.56149,2.4055299999999997,1.2027649999999999,4.0,7.0,1.0,6.0,3.0,0,1,0,1,0
IrSn,L10,101,-0.1763399716573701,2,0.3468594284022401,2,2.08,2.2,1.96,0.2400000000000002,0.1200000000000001,140.0,145.0,135.0,10.0,5.0,11.5,14.0,9.0,5.0,2.5,5.5,6.0,5.0,1.0,0.5,8.155469,8.96702,7.343918,1.6231019999999994,0.8115509999999997,8.5,10.0,7.0,3.0,1.5,0,1,0,1,0
IrTa,L10,101,-0.6516986297565097,4,0.2899590641973191,2,1.85,2.2,1.5,0.7000000000000002,0.3500000000000001,140.0,145.0,135.0,10.0,5.0,7.0,9.0,5.0,4.0,2.0,6.0,6.0,6.0,0.0,0.0,8.2582955,8.96702,7.549571,1.4174489999999995,0.7087244999999998,5.0,7.0,3.0,4.0,2.0,0,1,0,1,0
IrTc,L10,101,-0.4564697398591022,7,0.6065233787012403,2,2.1500000000000004,2.2,2.1,0.10000000000000009,0.050000000000000044,135.0,135.0,135.0,0.0,0.0,8.0,9.0,7.0,2.0,1.0,5.5,6.0,5.0,1.0,0.5,8.043199999999999,8.96702,7.11938,1.8476400000000002,0.9238200000000001,6.0,7.0,5.0,2.0,1.0,0,1,0,1,0
IrTi,L10,101,-0.5217167879590932,3,0.9706406748991868,2,1.87,2.2,1.54,0.6600000000000001,0.33000000000000007,137.5,140.0,135.0,5.0,2.5,6.5,9.0,4.0,5.0,2.5,5.0,6.0,4.0,2.0,1.0,7.89757,8.96702,6.82812,2.1388999999999996,1.0694499999999998,4.5,7.0,2.0,5.0,2.5,0,1,0,1,0
IrTl,L10,101,-0.2954856962596466,1,0.0,2,2.0,2.2,1.8,0.40000000000000013,0.20000000000000007,162.5,190.0,135.0,55.0,27.5,11.0,13.0,9.0,4.0,2.0,6.0,6.0,6.0,0.0,0.0,7.537653649999999,8.96702,6.1082873,2.8587327,1.42936635,8.5,10.0,7.0,3.0,1.5,0,1,0,1,0
IrV,L10,101,-0.684479775659355,4,0.3009637560026021,2,1.915,2.2,1.63,0.5700000000000003,0.28500000000000014,135.0,135.0,135.0,0.0,0.0,7.0,9.0,5.0,4.0,2.0,5.0,6.0,4.0,2.0,1.0,7.8566035,8.96702,6.746187,2.220833,1.1104165,5.0,7.0,3.0,4.0,2.0,0,1,0,1,0
IrW,L10,101,-0.5593578870602585,5,0.3441577461999259,2,1.9500000000000002,2.2,1.7,0.5000000000000002,0.2500000000000001,135.0,135.0,135.0,0.0,0.0,7.5,9.0,6.0,3.0,1.5,6.0,6.0,6.0,0.0,0.0,8.415524999999999,8.96702,7.86403,1.1029900000000001,0.5514950000000001,5.5,7.0,4.0,3.0,1.5,0,1,0,1,0
IrY,L10,101,-0.7626078765560749,4,1.7951675111980876,2,1.71,2.2,1.22,0.9800000000000002,0.4900000000000001,157.5,180.0,135.0,45.0,22.5,6.0,9.0,3.0,6.0,3.0,5.5,6.0,5.0,1.0,0.5,7.59214,8.96702,6.21726,2.74976,1.37488,4.0,7.0,1.0,6.0,3.0,0,1,0,1,0
IrZn,L10,101,-0.4592371375537993,4,1.518696041595831,2,1.925,2.2,1.65,0.5500000000000003,0.27500000000000013,135.0,135.0,135.0,0.0,0.0,10.5,12.0,9.0,3.0,1.5,5.0,6.0,4.0,2.0,1.0,9.1806085,9.394197,8.96702,0.42717700000000036,0.21358850000000018,8.5,10.0,7.0,3.0,1.5,0,1,0,1,0
IrZr,L10,101,-0.503276449358026,3,0.8148937342994031,2,1.7650000000000001,2.2,1.33,0.8700000000000001,0.43500000000000005,145.0,155.0,135.0,20.0,10.0,6.5,9.0,4.0,5.0,2.5,5.5,6.0,5.0,1.0,0.5,7.800573,8.96702,6.634126,2.3328939999999996,1.1664469999999998,4.5,7.0,2.0,5.0,2.5,0,1,0,1,0
LaMn,L10,101,-0.3887037339581809,4,0.3908837739982118,2,1.3250000000000002,1.55,1.1,0.44999999999999996,0.22499999999999998,167.5,195.0,140.0,55.0,27.5,5.0,7.0,3.0,4.0,2.0,5.0,6.0,4.0,2.0,1.0,6.505469,7.434038,5.5769,1.857138,0.928569,3.0,5.0,1.0,4.0,2.0,0,1,0,1,0
LaMo,L10,101,-0.8722224056573111,5,0.6286931733993697,2,1.6300000000000001,2.16,1.1,1.06,0.53,170.0,195.0,145.0,50.0,25.0,4.5,6.0,3.0,3.0,1.5,5.5,6.0,5.0,1.0,0.5,6.334665,7.09243,5.5769,1.51553,0.757765,3.0,5.0,1.0,4.0,2.0,0,1,0,1,0
LaNb,L10,101,-0.8446183615587586,8,1.1671089073024632,2,1.35,1.6,1.1,0.5,0.25,170.0,195.0,145.0,50.0,25.0,4.0,5.0,3.0,2.0,1.0,5.5,6.0,5.0,1.0,0.5,6.167875,6.75885,5.5769,1.1819499999999996,0.5909749999999998,2.5,4.0,1.0,3.0,1.5,0,1,0,1,0
LaNi,L10,101,-0.4328118905604867,5,0.3052872367043164,2,1.505,1.91,1.1,0.8099999999999998,0.4049999999999999,165.0,195.0,135.0,60.0,30.0,6.5,10.0,3.0,7.0,3.5,5.0,6.0,4.0,2.0,1.0,6.608389000000001,7.639878,5.5769,2.062978,1.031489,4.5,8.0,1.0,7.0,3.5,0,1,0,1,0
LaOs,L10,101,-0.9485461197573102,1,0.0,2,1.6500000000000001,2.2,1.1,1.1,0.55,162.5,195.0,130.0,65.0,32.5,5.5,8.0,3.0,5.0,2.5,6.0,6.0,6.0,0.0,0.0,7.0075650000000005,8.43823,5.5769,2.8613300000000006,1.4306650000000003,3.5,6.0,1.0,5.0,2.5,0,1,0,1,0
LaPb,L10,101,-0.451336992557998,3,0.8560531293005624,2,1.4500000000000002,1.8,1.1,0.7,0.35,187.5,195.0,180.0,15.0,7.5,8.5,14.0,3.0,11.0,5.5,6.0,6.0,6.0,0.0,0.0,6.49678995,7.4166799,5.5769,1.8397799,0.91988995,5.5,10.0,1.0,9.0,4.5,0,1,0,1,0
LaPd,L10,101,-0.3075248287559304,6,0.6804252794972854,2,1.6500000000000001,2.2,1.1,1.1,0.55,167.5,195.0,140.0,55.0,27.5,6.5,10.0,3.0,7.0,3.5,5.5,6.0,5.0,1.0,0.5,6.9568695,8.336839,5.5769,2.7599389999999993,1.3799694999999996,5.5,10.0,1.0,9.0,4.5,0,1,0,1,0
LaPt,L10,101,-0.2077416366582554,2,0.3816685027995845,2,1.6500000000000001,2.2,1.1,1.1,0.55,165.0,195.0,135.0,60.0,30.0,6.5,10.0,3.0,7.0,3.5,6.0,6.0,6.0,0.0,0.0,7.2678650000000005,8.95883,5.5769,3.3819300000000005,1.6909650000000003,5.0,9.0,1.0,8.0,4.0,0,1,0,1,0
LaRe,L10,101,-0.850289350054453,3,1.933683523297077,2,1.5,1.9,1.1,0.7999999999999998,0.3999999999999999,165.0,195.0,135.0,60.0,30.0,5.0,7.0,3.0,4.0,2.0,6.0,6.0,6.0,0.0,0.0,6.70521,7.83352,5.5769,2.25662,1.12831,3.0,5.0,1.0,4.0,2.0,0,1,0,1,0
LaRh,L10,101,-0.7462173715602773,4,1.5245832243999755,2,1.69,2.28,1.1,1.1799999999999997,0.5899999999999999,165.0,195.0,135.0,60.0,30.0,6.0,9.0,3.0,6.0,3.0,5.5,6.0,5.0,1.0,0.5,6.5179,7.4589,5.5769,1.8819999999999997,0.9409999999999998,4.5,8.0,1.0,7.0,3.5,0,1,0,1,0
LaRu,L10,101,-0.8112963893572385,5,1.775190273699991,2,1.6500000000000001,2.2,1.1,1.1,0.55,162.5,195.0,130.0,65.0,32.5,5.5,8.0,3.0,5.0,2.5,5.5,6.0,5.0,1.0,0.5,6.4687,7.3605,5.5769,1.7835999999999999,0.8917999999999999,4.0,7.0,1.0,6.0,3.0,0,1,0,1,0
LaSc,L10,101,-0.8400835844595065,5,0.1405386342012207,2,1.23,1.36,1.1,0.26,0.13,177.5,195.0,160.0,35.0,17.5,3.0,3.0,3.0,0.0,0.0,5.0,6.0,4.0,2.0,1.0,6.069195000000001,6.56149,5.5769,0.9845899999999999,0.4922949999999999,1.0,1.0,1.0,0.0,0.0,0,1,0,1,0
LaSn,L10,101,-0.3927925164561827,3,0.8610092747003364,2,1.53,1.96,1.1,0.8599999999999999,0.42999999999999994,170.0,195.0,145.0,50.0,25.0,8.5,14.0,3.0,11.0,5.5,5.5,6.0,5.0,1.0,0.5,6.460409,7.343918,5.5769,1.7670180000000002,0.8835090000000001,5.5,10.0,1.0,9.0,4.5,0,1,0,1,0
LaTa,L10,101,-0.8865168177571547,7,1.278813542900025,2,1.3,1.5,1.1,0.3999999999999999,0.19999999999999996,170.0,195.0,145.0,50.0,25.0,4.0,5.0,3.0,2.0,1.0,6.0,6.0,6.0,0.0,0.0,6.5632355,7.549571,5.5769,1.972671,0.9863355,2.0,3.0,1.0,2.0,1.0,0,1,0,1,0
LaTc,L10,101,-0.7351876453567172,4,0.9323787480971076,2,1.6,2.1,1.1,1.0,0.5,165.0,195.0,135.0,60.0,30.0,5.0,7.0,3.0,4.0,2.0,5.5,6.0,5.0,1.0,0.5,6.34814,7.11938,5.5769,1.5424799999999994,0.7712399999999997,3.0,5.0,1.0,4.0,2.0,0,1,0,1,0
LaTi,L10,101,-0.8972936142590413,3,0.1659558354986074,2,1.32,1.54,1.1,0.43999999999999995,0.21999999999999997,167.5,195.0,140.0,55.0,27.5,3.5,4.0,3.0,1.0,0.5,5.0,6.0,4.0,2.0,1.0,6.20251,6.82812,5.5769,1.25122,0.62561,1.5,2.0,1.0,1.0,0.5,0,1,0,1,0
LaTl,L10,101,-0.4132384700596674,3,0.848729321402061,2,1.4500000000000002,1.8,1.1,0.7,0.35,192.5,195.0,190.0,5.0,2.5,8.0,13.0,3.0,10.0,5.0,6.0,6.0,6.0,0.0,0.0,5.8425936499999995,6.1082873,5.5769,0.5313872999999996,0.2656936499999998,5.5,10.0,1.0,9.0,4.5,0,1,0,1,0
LaV,L10,101,0.069056505742111,1,0.0,2,1.365,1.63,1.1,0.5299999999999998,0.2649999999999999,165.0,195.0,135.0,60.0,30.0,4.0,5.0,3.0,2.0,1.0,5.0,6.0,4.0,2.0,1.0,6.1615435000000005,6.746187,5.5769,1.1692869999999997,0.5846434999999999,2.0,3.0,1.0,2.0,1.0,0,1,0,1,0
LaW,L10,101,-0.856283337557187,3,0.6951686793981935,2,1.4,1.7,1.1,0.5999999999999999,0.29999999999999993,165.0,195.0,135.0,60.0,30.0,4.5,6.0,3.0,3.0,1.5,6.0,6.0,6.0,0.0,0.0,6.720465,7.86403,5.5769,2.2871299999999994,1.1435649999999997,2.5,4.0,1.0,3.0,1.5,0,1,0,1,0
LaY,L10,101,-0.8467770406577699,5,0.5050589310994837,2,1.1600000000000001,1.22,1.1,0.11999999999999988,0.05999999999999994,187.5,195.0,180.0,15.0,7.5,3.0,3.0,3.0,0.0,0.0,5.5,6.0,5.0,1.0,0.5,5.89708,6.21726,5.5769,0.6403599999999994,0.3201799999999997,1.0,1.0,1.0,0.0,0.0,0,1,0,1,0
LaZn,L10,101,-0.4459039676575855,4,0.2202213214986841,2,1.375,1.65,1.1,0.5499999999999998,0.2749999999999999,165.0,195.0,135.0,60.0,30.0,7.5,12.0,3.0,9.0,4.5,5.0,6.0,4.0,2.0,1.0,7.4855485,9.394197,5.5769,3.817297,1.9086485,5.5,10.0,1.0,9.0,4.5,0,1,0,1,0
LaZr,L10,101,-0.8797745171604845,5,0.2542963687992596,2,1.215,1.33,1.1,0.22999999999999998,0.11499999999999999,175.0,195.0,155.0,40.0,20.0,3.5,4.0,3.0,1.0,0.5,5.5,6.0,5.0,1.0,0.5,6.105513,6.634126,5.5769,1.057226,0.528613,1.5,2.0,1.0,1.0,0.5,0,1,0,1,0
MnMo,L10,101,-0.6508342600563708,4,0.0909873844975663,2,1.855,2.16,1.55,0.6100000000000001,0.30500000000000005,142.5,145.0,140.0,5.0,2.5,6.5,7.0,6.0,1.0,0.5,4.5,5.0,4.0,1.0,0.5,7.263234000000001,7.434038,7.09243,0.3416079999999999,0.17080399999999996,5.0,5.0,5.0,0.0,0.0,0,1,0,1,0
MnNb,L10,101,-0.7620614719589582,2,0.1817875546985305,2,1.5750000000000002,1.6,1.55,0.050000000000000044,0.025000000000000022,142.5,145.0,140.0,5.0,2.5,6.0,7.0,5.0,2.0,1.0,4.5,5.0,4.0,1.0,0.5,7.096444,7.434038,6.75885,0.6751880000000003,0.33759400000000017,4.5,5.0,4.0,1.0,0.5,0,1,0,1,0
MnPb,L10,101,2.739388517443359,1,0.0,2,1.675,1.8,1.55,0.25,0.125,160.0,180.0,140.0,40.0,20.0,10.5,14.0,7.0,7.0,3.5,5.0,6.0,4.0,2.0,1.0,7.42535895,7.434038,7.4166799,0.017358100000000043,0.008679050000000021,7.5,10.0,5.0,5.0,2.5,0,1,0,1,0
MnRe,L10,101,-0.6035985630578296,6,0.8816287007939536,2,1.725,1.9,1.55,0.34999999999999987,0.17499999999999993,137.5,140.0,135.0,5.0,2.5,7.0,7.0,7.0,0.0,0.0,5.0,6.0,4.0,2.0,1.0,7.6337790000000005,7.83352,7.434038,0.3994819999999999,0.19974099999999995,5.0,5.0,5.0,0.0,0.0,0,1,0,1,0
MnRh,L10,101,1.3509743232434914,4,0.1309441724006319,2,1.915,2.28,1.55,0.7299999999999998,0.3649999999999999,137.5,140.0,135.0,5.0,2.5,8.0,9.0,7.0,2.0,1.0,4.5,5.0,4.0,1.0,0.5,7.4464690000000004,7.4589,7.434038,0.024861999999999718,0.012430999999999859,6.5,8.0,5.0,3.0,1.5,0,1,0,1,0
MnRu,L10,101,-0.2137226987606197,6,0.8232341594994068,2,1.875,2.2,1.55,0.6500000000000001,0.32500000000000007,135.0,140.0,130.0,10.0,5.0,7.5,8.0,7.0,1.0,0.5,4.5,5.0,4.0,1.0,0.5,7.397269,7.434038,7.3605,0.0735380000000001,0.03676900000000005,6.0,7.0,5.0,2.0,1.0,0,1,0,1,0
MnSc,L10,101,-0.7527115043585297,2,0.0989658982980472,2,1.455,1.55,1.36,0.18999999999999995,0.09499999999999997,150.0,160.0,140.0,20.0,10.0,5.0,7.0,3.0,4.0,2.0,4.0,4.0,4.0,0.0,0.0,6.997764,7.434038,6.56149,0.8725480000000001,0.43627400000000005,3.0,5.0,1.0,4.0,2.0,0,1,0,1,0
MnSn,L10,101,0.7874445229399782,3,0.9485574124009872,2,1.755,1.96,1.55,0.4099999999999999,0.20499999999999996,142.5,145.0,140.0,5.0,2.5,10.5,14.0,7.0,7.0,3.5,4.5,5.0,4.0,1.0,0.5,7.388978,7.434038,7.343918,0.09011999999999976,0.04505999999999988,7.5,10.0,5.0,5.0,2.5,0,1,0,1,0
MnTa,L10,101,-0.8384575682566435,3,0.3314905748993624,2,1.525,1.55,1.5,0.050000000000000044,0.025000000000000022,142.5,145.0,140.0,5.0,2.5,6.0,7.0,5.0,2.0,1.0,5.0,6.0,4.0,2.0,1.0,7.491804500000001,7.549571,7.434038,0.11553300000000011,0.057766500000000054,4.0,5.0,3.0,2.0,1.0,0,1,0,1,0
MnTi,L10,101,-0.8175842598566021,5,1.3926265163972855,2,1.545,1.55,1.54,0.010000000000000009,0.0050000000000000044,140.0,140.0,140.0,0.0,0.0,5.5,7.0,4.0,3.0,1.5,4.0,4.0,4.0,0.0,0.0,7.131079,7.434038,6.82812,0.605918,0.302959,3.5,5.0,2.0,3.0,1.5,0,1,0,1,0
MnTl,L10,101,1.574204135341489,1,0.0,2,1.675,1.8,1.55,0.25,0.125,165.0,190.0,140.0,50.0,25.0,10.0,13.0,7.0,6.0,3.0,5.0,6.0,4.0,2.0,1.0,6.77116265,7.434038,6.1082873,1.3257507000000004,0.6628753500000002,7.5,10.0,5.0,5.0,2.5,0,1,0,1,0
MnV,L10,101,-1.3852587621576902,5,1.0874606424986268,2,1.5899999999999999,1.63,1.55,0.07999999999999985,0.039999999999999925,137.5,140.0,135.0,5.0,2.5,6.0,7.0,5.0,2.0,1.0,4.0,4.0,4.0,0.0,0.0,7.0901125,7.434038,6.746187,0.6878510000000002,0.3439255000000001,4.0,5.0,3.0,2.0,1.0,0,1,0,1,0
MnW,L10,101,-0.6618876602578609,4,0.7119081702985568,2,1.625,1.7,1.55,0.1499999999999999,0.07499999999999996,137.5,140.0,135.0,5.0,2.5,6.5,7.0,6.0,1.0,0.5,5.0,6.0,4.0,2.0,1.0,7.649034,7.86403,7.434038,0.4299919999999995,0.21499599999999974,4.5,5.0,4.0,1.0,0.5,0,1,0,1,0
MnY,L10,101,-0.5304935476587787,5,1.281172089500615,2,1.385,1.55,1.22,0.33000000000000007,0.16500000000000004,160.0,180.0,140.0,40.0,20.0,5.0,7.0,3.0,4.0,2.0,4.5,5.0,4.0,1.0,0.5,6.825649,7.434038,6.21726,1.2167780000000006,0.6083890000000003,3.0,5.0,1.0,4.0,2.0,0,1,0,1,0
MnZn,L10,101,-0.1883271305623282,5,0.6466377204997116,2,1.6,1.65,1.55,0.09999999999999987,0.04999999999999993,137.5,140.0,135.0,5.0,2.5,9.5,12.0,7.0,5.0,2.5,4.0,4.0,4.0,0.0,0.0,8.4141175,9.394197,7.434038,1.960159,0.9800795,7.5,10.0,5.0,5.0,2.5,0,1,0,1,0
MnZr,L10,101,-0.7553742743611735,5,1.228896163902391,2,1.44,1.55,1.33,0.21999999999999997,0.10999999999999999,147.5,155.0,140.0,15.0,7.5,5.5,7.0,4.0,3.0,1.5,4.5,5.0,4.0,1.0,0.5,7.034082,7.434038,6.634126,0.799912,0.399956,3.5,5.0,2.0,3.0,1.5,0,1,0,1,0
MoNb,L10,101,-0.8513363079573253,7,1.0045619777993124,2,1.8800000000000001,2.16,1.6,0.56,0.28,145.0,145.0,145.0,0.0,0.0,5.5,6.0,5.0,1.0,0.5,5.0,5.0,5.0,0.0,0.0,6.92564,7.09243,6.75885,0.33358000000000043,0.16679000000000022,4.5,5.0,4.0,1.0,0.5,0,1,0,1,0
MoNi,L10,101,-0.6066137204606719,5,0.1757478520012227,2,2.035,2.16,1.91,0.2500000000000002,0.1250000000000001,140.0,145.0,135.0,10.0,5.0,8.0,10.0,6.0,4.0,2.0,4.5,5.0,4.0,1.0,0.5,7.366154,7.639878,7.09243,0.5474480000000002,0.2737240000000001,6.5,8.0,5.0,3.0,1.5,0,1,0,1,0
MoOs,L10,101,-0.644105837257456,6,0.2956840672995895,2,2.18,2.2,2.16,0.040000000000000036,0.020000000000000018,137.5,145.0,130.0,15.0,7.5,7.0,8.0,6.0,2.0,1.0,5.5,6.0,5.0,1.0,0.5,7.7653300000000005,8.43823,7.09243,1.3458000000000006,0.6729000000000003,5.5,6.0,5.0,1.0,0.5,0,1,0,1,0
MoPd,L10,101,-0.6042444252588837,6,0.5860587852985191,2,2.18,2.2,2.16,0.040000000000000036,0.020000000000000018,142.5,145.0,140.0,5.0,2.5,8.0,10.0,6.0,4.0,2.0,5.0,5.0,5.0,0.0,0.0,7.7146345,8.336839,7.09243,1.2444089999999992,0.6222044999999996,7.5,10.0,5.0,5.0,2.5,0,1,0,1,0
MoPt,L10,101,-0.4702611494567179,4,0.3978351941004803,2,2.18,2.2,2.16,0.040000000000000036,0.020000000000000018,140.0,145.0,135.0,10.0,5.0,8.0,10.0,6.0,4.0,2.0,5.5,6.0,5.0,1.0,0.5,8.02563,8.95883,7.09243,1.8664000000000005,0.9332000000000003,7.0,9.0,5.0,4.0,2.0,0,1,0,1,0
MoRe,L10,101,-0.7670182975589057,7,1.0833034233000944,2,2.0300000000000002,2.16,1.9,0.26000000000000023,0.13000000000000012,140.0,145.0,135.0,10.0,5.0,6.5,7.0,6.0,1.0,0.5,5.5,6.0,5.0,1.0,0.5,7.462975,7.83352,7.09243,0.7410899999999998,0.3705449999999999,5.0,5.0,5.0,0.0,0.0,0,1,0,1,0
MoRh,L10,101,-0.6385340343576615,5,0.2167456114002561,2,2.2199999999999998,2.28,2.16,0.11999999999999966,0.05999999999999983,140.0,145.0,135.0,10.0,5.0,7.5,9.0,6.0,3.0,1.5,5.0,5.0,5.0,0.0,0.0,7.275665,7.4589,7.09243,0.36646999999999963,0.18323499999999981,6.5,8.0,5.0,3.0,1.5,0,1,0,1,0
MoRu,L10,101,-0.6656460966578095,5,0.2333034663970465,2,2.18,2.2,2.16,0.040000000000000036,0.020000000000000018,137.5,145.0,130.0,15.0,7.5,7.0,8.0,6.0,2.0,1.0,5.0,5.0,5.0,0.0,0.0,7.226465,7.3605,7.09243,0.2680699999999998,0.1340349999999999,6.0,7.0,5.0,2.0,1.0,0,1,0,1,0
MoSc,L10,101,-0.8803568407556384,5,0.3843669195994152,2,1.7600000000000002,2.16,1.36,0.8,0.4,152.5,160.0,145.0,15.0,7.5,4.5,6.0,3.0,3.0,1.5,4.5,5.0,4.0,1.0,0.5,6.82696,7.09243,6.56149,0.5309400000000002,0.2654700000000001,3.0,5.0,1.0,4.0,2.0,0,1,0,1,0
MoSn,L10,101,-0.3026130379575704,1,0.0,2,2.06,2.16,1.96,0.20000000000000018,0.10000000000000009,145.0,145.0,145.0,0.0,0.0,10.0,14.0,6.0,8.0,4.0,5.0,5.0,5.0,0.0,0.0,7.218174,7.343918,7.09243,0.25148800000000016,0.12574400000000008,7.5,10.0,5.0,5.0,2.5,0,1,0,1,0
MoTa,L10,101,-0.8092143102576017,2,0.046832696400088,2,1.83,2.16,1.5,0.6600000000000001,0.33000000000000007,145.0,145.0,145.0,0.0,0.0,5.5,6.0,5.0,1.0,0.5,5.5,6.0,5.0,1.0,0.5,7.3210005,7.549571,7.09243,0.457141,0.2285705,4.0,5.0,3.0,2.0,1.0,0,1,0,1,0
MoTc,L10,101,-0.7153773497584268,4,0.0512100557025405,2,2.13,2.16,2.1,0.06000000000000005,0.030000000000000027,140.0,145.0,135.0,10.0,5.0,6.5,7.0,6.0,1.0,0.5,5.0,5.0,5.0,0.0,0.0,7.105905,7.11938,7.09243,0.026949999999999363,0.013474999999999682,5.0,5.0,5.0,0.0,0.0,0,1,0,1,0
MoTi,L10,101,-0.8623505237546567,5,0.2570898893973208,2,1.85,2.16,1.54,0.6200000000000001,0.31000000000000005,142.5,145.0,140.0,5.0,2.5,5.0,6.0,4.0,2.0,1.0,4.5,5.0,4.0,1.0,0.5,6.960275,7.09243,6.82812,0.26431000000000004,0.13215500000000002,3.5,5.0,2.0,3.0,1.5,0,1,0,1,0
MoV,L10,101,-0.8654654109586488,4,0.1130703749986423,2,1.895,2.16,1.63,0.5300000000000002,0.2650000000000001,140.0,145.0,135.0,10.0,5.0,5.5,6.0,5.0,1.0,0.5,4.5,5.0,4.0,1.0,0.5,6.9193085,7.09243,6.746187,0.3462430000000003,0.17312150000000015,4.0,5.0,3.0,2.0,1.0,0,1,0,1,0
MoW,L10,101,-0.7665932557565327,7,0.917891679400782,2,1.9300000000000002,2.16,1.7,0.4600000000000002,0.2300000000000001,140.0,145.0,135.0,10.0,5.0,6.0,6.0,6.0,0.0,0.0,5.5,6.0,5.0,1.0,0.5,7.47823,7.86403,7.09243,0.7715999999999994,0.3857999999999997,4.5,5.0,4.0,1.0,0.5,0,1,0,1,0
MoY,L10,101,-0.8349214488580117,5,0.9376675526000326,2,1.69,2.16,1.22,0.9400000000000002,0.4700000000000001,162.5,180.0,145.0,35.0,17.5,4.5,6.0,3.0,3.0,1.5,5.0,5.0,5.0,0.0,0.0,6.654845,7.09243,6.21726,0.8751700000000007,0.43758500000000033,3.0,5.0,1.0,4.0,2.0,0,1,0,1,0
MoZn,L10,101,-0.6216231116549977,5,0.7204909128995496,2,1.905,2.16,1.65,0.5100000000000002,0.2550000000000001,140.0,145.0,135.0,10.0,5.0,9.0,12.0,6.0,6.0,3.0,4.5,5.0,4.0,1.0,0.5,8.2433135,9.394197,7.09243,2.301767,1.1508835,7.5,10.0,5.0,5.0,2.5,0,1,0,1,0
MoZr,L10,101,-0.8716874299597919,5,1.5186360405023152,2,1.745,2.16,1.33,0.8300000000000001,0.41500000000000004,150.0,155.0,145.0,10.0,5.0,5.0,6.0,4.0,2.0,1.0,5.0,5.0,5.0,0.0,0.0,6.863278,7.09243,6.634126,0.45830400000000004,0.22915200000000002,3.5,5.0,2.0,3.0,1.5,0,1,0,1,0
NbNi,L10,101,-0.7151740806575333,5,0.2342422591027571,2,1.755,1.91,1.6,0.30999999999999983,0.15499999999999992,140.0,145.0,135.0,10.0,5.0,7.5,10.0,5.0,5.0,2.5,4.5,5.0,4.0,1.0,0.5,7.199364,7.639878,6.75885,0.8810280000000006,0.4405140000000003,6.0,8.0,4.0,4.0,2.0,0,1,0,1,0
NbOs,L10,101,-0.6599582371554504,3,0.8833477799998946,2,1.9000000000000001,2.2,1.6,0.6000000000000001,0.30000000000000004,137.5,145.0,130.0,15.0,7.5,6.5,8.0,5.0,3.0,1.5,5.5,6.0,5.0,1.0,0.5,7.59854,8.43823,6.75885,1.679380000000001,0.8396900000000005,5.0,6.0,4.0,2.0,1.0,0,1,0,1,0
NbPb,L10,101,-0.1336544262585164,3,1.3809076618999825,2,1.7000000000000002,1.8,1.6,0.19999999999999996,0.09999999999999998,162.5,180.0,145.0,35.0,17.5,9.5,14.0,5.0,9.0,4.5,5.5,6.0,5.0,1.0,0.5,7.08776495,7.4166799,6.75885,0.6578299000000003,0.32891495000000015,7.0,10.0,4.0,6.0,3.0,0,1,0,1,0
NbPd,L10,101,-0.6374099320591711,7,0.8158476293028798,2,1.9000000000000001,2.2,1.6,0.6000000000000001,0.30000000000000004,142.5,145.0,140.0,5.0,2.5,7.5,10.0,5.0,5.0,2.5,5.0,5.0,5.0,0.0,0.0,7.5478445,8.336839,6.75885,1.5779889999999996,0.7889944999999998,7.0,10.0,4.0,6.0,3.0,0,1,0,1,0
NbPt,L10,101,-0.5907364221556861,4,0.4664801276994694,2,1.9000000000000001,2.2,1.6,0.6000000000000001,0.30000000000000004,140.0,145.0,135.0,10.0,5.0,7.5,10.0,5.0,5.0,2.5,5.5,6.0,5.0,1.0,0.5,7.858840000000001,8.95883,6.75885,2.199980000000001,1.0999900000000005,6.5,9.0,4.0,5.0,2.5,0,1,0,1,0
NbRe,L10,101,-0.8832238321583361,4,1.383538322399545,2,1.75,1.9,1.6,0.2999999999999998,0.1499999999999999,140.0,145.0,135.0,10.0,5.0,6.0,7.0,5.0,2.0,1.0,5.5,6.0,5.0,1.0,0.5,7.2961849999999995,7.83352,6.75885,1.0746700000000002,0.5373350000000001,4.5,5.0,4.0,1.0,0.5,0,1,0,1,0
NbRh,L10,101,-0.7299510865586569,5,0.2929558538999117,2,1.94,2.28,1.6,0.6799999999999997,0.33999999999999986,140.0,145.0,135.0,10.0,5.0,7.0,9.0,5.0,4.0,2.0,5.0,5.0,5.0,0.0,0.0,7.108874999999999,7.4589,6.75885,0.7000500000000001,0.35002500000000003,6.0,8.0,4.0,4.0,2.0,0,1,0,1,0
NbRu,L10,101,-0.6286197026556408,2,0.2389166305983963,2,1.9000000000000001,2.2,1.6,0.6000000000000001,0.30000000000000004,137.5,145.0,130.0,15.0,7.5,6.5,8.0,5.0,3.0,1.5,5.0,5.0,5.0,0.0,0.0,7.059675,7.3605,6.75885,0.6016500000000002,0.3008250000000001,5.5,7.0,4.0,3.0,1.5,0,1,0,1,0
NbSc,L10,101,-0.9421714448571664,6,1.3976915073981218,2,1.48,1.6,1.36,0.24,0.12,152.5,160.0,145.0,15.0,7.5,4.0,5.0,3.0,2.0,1.0,4.5,5.0,4.0,1.0,0.5,6.66017,6.75885,6.56149,0.19735999999999976,0.09867999999999988,2.5,4.0,1.0,3.0,1.5,0,1,0,1,0
NbSn,L10,101,-0.1079143619562899,3,1.0371372696972685,2,1.78,1.96,1.6,0.3599999999999999,0.17999999999999994,145.0,145.0,145.0,0.0,0.0,9.5,14.0,5.0,9.0,4.5,5.0,5.0,5.0,0.0,0.0,7.0513840000000005,7.343918,6.75885,0.5850680000000006,0.2925340000000003,7.0,10.0,4.0,6.0,3.0,0,1,0,1,0
NbTa,L10,101,-0.9725415261554816,4,0.1314905769977485,2,1.55,1.6,1.5,0.10000000000000009,0.050000000000000044,145.0,145.0,145.0,0.0,0.0,5.0,5.0,5.0,0.0,0.0,5.5,6.0,5.0,1.0,0.5,7.1542105,7.549571,6.75885,0.7907210000000005,0.3953605000000003,3.5,4.0,3.0,1.0,0.5,0,1,0,1,0
NbTc,L10,101,-0.8001642121552948,4,1.1965012834989466,2,1.85,2.1,1.6,0.5,0.25,140.0,145.0,135.0,10.0,5.0,6.0,7.0,5.0,2.0,1.0,5.0,5.0,5.0,0.0,0.0,6.939114999999999,7.11938,6.75885,0.3605299999999998,0.1802649999999999,4.5,5.0,4.0,1.0,0.5,0,1,0,1,0
NbTi,L10,101,-0.9596631944577608,4,0.1164668997989792,2,1.57,1.6,1.54,0.06000000000000005,0.030000000000000027,142.5,145.0,140.0,5.0,2.5,4.5,5.0,4.0,1.0,0.5,4.5,5.0,4.0,1.0,0.5,6.793485,6.82812,6.75885,0.06927000000000039,0.03463500000000019,3.0,4.0,2.0,2.0,1.0,0,1,0,1,0
NbTl,L10,101,-0.5816905418568865,2,0.700777353700687,2,1.7000000000000002,1.8,1.6,0.19999999999999996,0.09999999999999998,167.5,190.0,145.0,45.0,22.5,9.0,13.0,5.0,8.0,4.0,5.5,6.0,5.0,1.0,0.5,6.43356865,6.75885,6.1082873,0.6505627,0.32528135,7.0,10.0,4.0,6.0,3.0,0,1,0,1,0
NbV,L10,101,-0.9187873421569464,4,0.1082936885977687,2,1.615,1.63,1.6,0.029999999999999805,0.014999999999999902,140.0,145.0,135.0,10.0,5.0,5.0,5.0,5.0,0.0,0.0,4.5,5.0,4.0,1.0,0.5,6.7525185,6.75885,6.746187,0.012662999999999869,0.006331499999999934,3.5,4.0,3.0,1.0,0.5,0,1,0,1,0
NbW,L10,101,-1.3500004278602944,4,0.552431365402299,2,1.65,1.7,1.6,0.09999999999999987,0.04999999999999993,140.0,145.0,135.0,10.0,5.0,5.5,6.0,5.0,1.0,0.5,5.5,6.0,5.0,1.0,0.5,7.311439999999999,7.86403,6.75885,1.1051799999999998,0.5525899999999999,4.0,4.0,4.0,0.0,0.0,0,1,0,1,0
NbY,L10,101,-0.9171841834567828,5,0.5171520781987056,2,1.4100000000000001,1.6,1.22,0.3800000000000001,0.19000000000000006,162.5,180.0,145.0,35.0,17.5,4.0,5.0,3.0,2.0,1.0,5.0,5.0,5.0,0.0,0.0,6.488054999999999,6.75885,6.21726,0.5415900000000002,0.2707950000000001,2.5,4.0,1.0,3.0,1.5,0,1,0,1,0
NbZn,L10,101,-0.7527215725631038,4,0.8001223067039973,2,1.625,1.65,1.6,0.04999999999999982,0.02499999999999991,140.0,145.0,135.0,10.0,5.0,8.5,12.0,5.0,7.0,3.5,4.5,5.0,4.0,1.0,0.5,8.0765235,9.394197,6.75885,2.6353470000000003,1.3176735000000002,7.0,10.0,4.0,6.0,3.0,0,1,0,1,0
NbZr,L10,101,-0.9376193884554312,4,0.1242342532968905,2,1.465,1.6,1.33,0.27,0.135,150.0,155.0,145.0,10.0,5.0,4.5,5.0,4.0,1.0,0.5,5.0,5.0,5.0,0.0,0.0,6.696488,6.75885,6.634126,0.12472399999999961,0.062361999999999806,3.0,4.0,2.0,2.0,1.0,0,1,0,1,0
NiOs,L10,101,-0.3470011997623885,8,0.6590205328029697,2,2.055,2.2,1.91,0.29000000000000026,0.14500000000000013,132.5,135.0,130.0,5.0,2.5,9.0,10.0,8.0,2.0,1.0,5.0,6.0,4.0,2.0,1.0,8.039054,8.43823,7.639878,0.7983520000000004,0.3991760000000002,7.0,8.0,6.0,2.0,1.0,0,1,0,1,0
NiPb,L10,101,-0.1360548784568607,2,0.2288667862012516,2,1.855,1.91,1.8,0.10999999999999988,0.05499999999999994,157.5,180.0,135.0,45.0,22.5,12.0,14.0,10.0,4.0,2.0,5.0,6.0,4.0,2.0,1.0,7.528278950000001,7.639878,7.4166799,0.2231981000000003,0.11159905000000014,9.0,10.0,8.0,2.0,1.0,0,1,0,1,0
NiPd,L10,101,-0.2947020083583709,3,0.0827740364984492,2,2.055,2.2,1.91,0.29000000000000026,0.14500000000000013,137.5,140.0,135.0,5.0,2.5,10.0,10.0,10.0,0.0,0.0,4.5,5.0,4.0,1.0,0.5,7.9883585,8.336839,7.639878,0.696960999999999,0.3484804999999995,9.0,10.0,8.0,2.0,1.0,0,1,0,1,0
NiPt,L10,101,-0.2844645415525235,4,0.1099923592992127,2,2.055,2.2,1.91,0.29000000000000026,0.14500000000000013,135.0,135.0,135.0,0.0,0.0,10.0,10.0,10.0,0.0,0.0,5.0,6.0,4.0,2.0,1.0,8.299354000000001,8.95883,7.639878,1.3189520000000003,0.6594760000000002,8.5,9.0,8.0,1.0,0.5,0,1,0,1,0
NiRe,L10,101,-0.5273061422549006,5,0.18484039989562,2,1.9049999999999998,1.91,1.9,0.010000000000000009,0.0050000000000000044,135.0,135.0,135.0,0.0,0.0,8.5,10.0,7.0,3.0,1.5,5.0,6.0,4.0,2.0,1.0,7.736699,7.83352,7.639878,0.19364199999999965,0.09682099999999982,6.5,8.0,5.0,3.0,1.5,0,1,0,1,0
NiRh,L10,101,-0.2919482163551663,3,0.0169943254950339,2,2.0949999999999998,2.28,1.91,0.3699999999999999,0.18499999999999994,135.0,135.0,135.0,0.0,0.0,9.5,10.0,9.0,1.0,0.5,4.5,5.0,4.0,1.0,0.5,7.549389,7.639878,7.4589,0.18097800000000053,0.09048900000000026,8.0,8.0,8.0,0.0,0.0,0,1,0,1,0
NiRu,L10,101,-0.3931489856540509,5,0.2405796543971519,2,2.055,2.2,1.91,0.29000000000000026,0.14500000000000013,132.5,135.0,130.0,5.0,2.5,9.0,10.0,8.0,2.0,1.0,4.5,5.0,4.0,1.0,0.5,7.500189000000001,7.639878,7.3605,0.27937800000000035,0.13968900000000017,7.5,8.0,7.0,1.0,0.5,0,1,0,1,0
NiSn,L10,101,0.1859514407415474,2,0.1518977542946231,2,1.935,1.96,1.91,0.050000000000000044,0.025000000000000022,140.0,145.0,135.0,10.0,5.0,12.0,14.0,10.0,4.0,2.0,4.5,5.0,4.0,1.0,0.5,7.491898000000001,7.639878,7.343918,0.29596,0.14798,9.0,10.0,8.0,2.0,1.0,0,1,0,1,0
NiTa,L10,101,-0.7533702920618168,4,0.3221829211033764,2,1.705,1.91,1.5,0.4099999999999999,0.20499999999999996,140.0,145.0,135.0,10.0,5.0,7.5,10.0,5.0,5.0,2.5,5.0,6.0,4.0,2.0,1.0,7.5947245,7.639878,7.549571,0.09030700000000014,0.04515350000000007,5.5,8.0,3.0,5.0,2.5,0,1,0,1,0
NiTi,L10,101,-0.6018371701638614,4,0.7958657659037272,2,1.725,1.91,1.54,0.3699999999999999,0.18499999999999994,137.5,140.0,135.0,5.0,2.5,7.0,10.0,4.0,6.0,3.0,4.0,4.0,4.0,0.0,0.0,7.233999000000001,7.639878,6.82812,0.8117580000000002,0.4058790000000001,5.0,8.0,2.0,6.0,3.0,0,1,0,1,0
NiTl,L10,101,-0.1792096842609396,2,0.3281687452035839,2,1.855,1.91,1.8,0.10999999999999988,0.05499999999999994,162.5,190.0,135.0,55.0,27.5,11.5,13.0,10.0,3.0,1.5,5.0,6.0,4.0,2.0,1.0,6.87408265,7.639878,6.1082873,1.5315907000000006,0.7657953500000003,9.0,10.0,8.0,2.0,1.0,0,1,0,1,0
NiV,L10,101,-0.7307859318597991,5,0.9891884984026548,2,1.77,1.91,1.63,0.28,0.14,135.0,135.0,135.0,0.0,0.0,7.5,10.0,5.0,5.0,2.5,4.0,4.0,4.0,0.0,0.0,7.1930325,7.639878,6.746187,0.8936910000000005,0.44684550000000023,5.5,8.0,3.0,5.0,2.5,0,1,0,1,0
NiW,L10,101,-0.6159996070627756,4,0.2249571907013887,2,1.805,1.91,1.7,0.20999999999999996,0.10499999999999998,135.0,135.0,135.0,0.0,0.0,8.0,10.0,6.0,4.0,2.0,5.0,6.0,4.0,2.0,1.0,7.751954,7.86403,7.639878,0.22415199999999924,0.11207599999999962,6.0,8.0,4.0,4.0,2.0,0,1,0,1,0
NiY,L10,101,-0.5896553138581737,3,0.1854254446006962,2,1.565,1.91,1.22,0.69,0.345,157.5,180.0,135.0,45.0,22.5,6.5,10.0,3.0,7.0,3.5,4.5,5.0,4.0,1.0,0.5,6.9285689999999995,7.639878,6.21726,1.4226180000000008,0.7113090000000004,4.5,8.0,1.0,7.0,3.5,0,1,0,1,0
NiZn,L10,101,-0.3478827125718169,2,0.3270820586039917,2,1.7799999999999998,1.91,1.65,0.26,0.13,135.0,135.0,135.0,0.0,0.0,11.0,12.0,10.0,2.0,1.0,4.0,4.0,4.0,0.0,0.0,8.5170375,9.394197,7.639878,1.7543189999999997,0.8771594999999999,9.0,10.0,8.0,2.0,1.0,0,1,0,1,0
NiZr,L10,101,-0.7126098158541652,4,0.7090530158020556,2,1.62,1.91,1.33,0.5799999999999998,0.2899999999999999,145.0,155.0,135.0,20.0,10.0,7.0,10.0,4.0,6.0,3.0,4.5,5.0,4.0,1.0,0.5,7.137002000000001,7.639878,6.634126,1.0057520000000002,0.5028760000000001,5.0,8.0,2.0,6.0,3.0,0,1,0,1,0
OsPb,L10,101,-0.550632964960613,4,0.1602055259027111,2,2.0,2.2,1.8,0.40000000000000013,0.20000000000000007,155.0,180.0,130.0,50.0,25.0,11.0,14.0,8.0,6.0,3.0,6.0,6.0,6.0,0.0,0.0,7.9274549500000004,8.43823,7.4166799,1.0215501000000007,0.5107750500000003,8.0,10.0,6.0,4.0,2.0,0,1,0,1,0
OsPd,L10,101,-0.365895288056862,4,0.2145316932001151,2,2.2,2.2,2.2,0.0,0.0,135.0,140.0,130.0,10.0,5.0,9.0,10.0,8.0,2.0,1.0,5.5,6.0,5.0,1.0,0.5,8.387534500000001,8.43823,8.336839,0.10139100000000134,0.05069550000000067,8.0,10.0,6.0,4.0,2.0,0,1,0,1,0
OsPt,L10,101,-0.3084410360597474,5,0.2806344031996559,2,2.2,2.2,2.2,0.0,0.0,132.5,135.0,130.0,5.0,2.5,9.0,10.0,8.0,2.0,1.0,6.0,6.0,6.0,0.0,0.0,8.698530000000002,8.95883,8.43823,0.5206,0.2603,7.5,9.0,6.0,3.0,1.5,0,1,0,1,0
OsRe,L10,101,-0.4547781441569611,5,0.1084019898989936,2,2.05,2.2,1.9,0.30000000000000027,0.15000000000000013,132.5,135.0,130.0,5.0,2.5,7.5,8.0,7.0,1.0,0.5,6.0,6.0,6.0,0.0,0.0,8.135875,8.43823,7.83352,0.6047100000000007,0.3023550000000004,5.5,6.0,5.0,1.0,0.5,0,1,0,1,0
OsRh,L10,101,-0.325144744157086,7,0.375621453000349,2,2.24,2.28,2.2,0.07999999999999963,0.039999999999999813,132.5,135.0,130.0,5.0,2.5,8.5,9.0,8.0,1.0,0.5,5.5,6.0,5.0,1.0,0.5,7.948565,8.43823,7.4589,0.9793300000000009,0.48966500000000046,7.0,8.0,6.0,2.0,1.0,0,1,0,1,0
OsRu,L10,101,-0.3685326153599533,7,0.2102673972003685,2,2.2,2.2,2.2,0.0,0.0,130.0,130.0,130.0,0.0,0.0,8.0,8.0,8.0,0.0,0.0,5.5,6.0,5.0,1.0,0.5,7.899365,8.43823,7.3605,1.0777300000000007,0.5388650000000004,6.5,7.0,6.0,1.0,0.5,0,1,0,1,0
OsSc,L10,101,-0.9887059044585556,3,0.7546700437014806,2,1.7800000000000002,2.2,1.36,0.8400000000000001,0.42000000000000004,145.0,160.0,130.0,30.0,15.0,5.5,8.0,3.0,5.0,2.5,5.0,6.0,4.0,2.0,1.0,7.49986,8.43823,6.56149,1.8767400000000007,0.9383700000000004,3.5,6.0,1.0,5.0,2.5,0,1,0,1,0
OsSn,L10,101,-0.4719058055588618,4,0.4846308009982749,2,2.08,2.2,1.96,0.2400000000000002,0.1200000000000001,137.5,145.0,130.0,15.0,7.5,11.0,14.0,8.0,6.0,3.0,5.5,6.0,5.0,1.0,0.5,7.891074000000001,8.43823,7.343918,1.0943120000000004,0.5471560000000002,8.0,10.0,6.0,4.0,2.0,0,1,0,1,0
OsTa,L10,101,-0.5921112774549044,3,0.6645655325992266,2,1.85,2.2,1.5,0.7000000000000002,0.3500000000000001,137.5,145.0,130.0,15.0,7.5,6.5,8.0,5.0,3.0,1.5,6.0,6.0,6.0,0.0,0.0,7.9939005000000005,8.43823,7.549571,0.8886590000000005,0.44432950000000027,4.5,6.0,3.0,3.0,1.5,0,1,0,1,0
OsTc,L10,101,-0.5086146426610583,7,0.7077543526029331,2,2.1500000000000004,2.2,2.1,0.10000000000000009,0.050000000000000044,132.5,135.0,130.0,5.0,2.5,7.5,8.0,7.0,1.0,0.5,5.5,6.0,5.0,1.0,0.5,7.778805,8.43823,7.11938,1.3188500000000012,0.6594250000000006,5.5,6.0,5.0,1.0,0.5,0,1,0,1,0
OsTi,L10,101,-0.9127955314570216,4,1.7252417377967504,2,1.87,2.2,1.54,0.6600000000000001,0.33000000000000007,135.0,140.0,130.0,10.0,5.0,6.0,8.0,4.0,4.0,2.0,5.0,6.0,4.0,2.0,1.0,7.6331750000000005,8.43823,6.82812,1.6101100000000006,0.8050550000000003,4.0,6.0,2.0,4.0,2.0,0,1,0,1,0
OsV,L10,101,-0.6761930929560265,2,0.3242467683994618,2,1.915,2.2,1.63,0.5700000000000003,0.28500000000000014,132.5,135.0,130.0,5.0,2.5,6.5,8.0,5.0,3.0,1.5,5.0,6.0,4.0,2.0,1.0,7.5922085,8.43823,6.746187,1.6920430000000009,0.8460215000000004,4.5,6.0,3.0,3.0,1.5,0,1,0,1,0
OsW,L10,101,-0.6412320430563057,7,0.8554206006992899,2,1.9500000000000002,2.2,1.7,0.5000000000000002,0.2500000000000001,132.5,135.0,130.0,5.0,2.5,7.0,8.0,6.0,2.0,1.0,6.0,6.0,6.0,0.0,0.0,8.15113,8.43823,7.86403,0.5742000000000012,0.2871000000000006,5.0,6.0,4.0,2.0,1.0,0,1,0,1,0
OsY,L10,101,-1.025804408657649,4,2.182934357198974,2,1.71,2.2,1.22,0.9800000000000002,0.4900000000000001,155.0,180.0,130.0,50.0,25.0,5.5,8.0,3.0,5.0,2.5,5.5,6.0,5.0,1.0,0.5,7.327745,8.43823,6.21726,2.220970000000001,1.1104850000000006,3.5,6.0,1.0,5.0,2.5,0,1,0,1,0
OsZn,L10,101,-0.3316856804585484,6,0.5520259157055989,2,1.925,2.2,1.65,0.5500000000000003,0.27500000000000013,132.5,135.0,130.0,5.0,2.5,10.0,12.0,8.0,4.0,2.0,5.0,6.0,4.0,2.0,1.0,8.916213500000001,9.394197,8.43823,0.9559669999999993,0.4779834999999997,8.0,10.0,6.0,4.0,2.0,0,1,0,1,0
OsZr,L10,101,-0.9844546699596036,6,1.759811215903028,2,1.7650000000000001,2.2,1.33,0.8700000000000001,0.43500000000000005,142.5,155.0,130.0,25.0,12.5,6.0,8.0,4.0,4.0,2.0,5.5,6.0,5.0,1.0,0.5,7.5361780000000005,8.43823,6.634126,1.8041040000000006,0.9020520000000003,4.0,6.0,2.0,4.0,2.0,0,1,0,1,0
PbPd,L10,101,0.1459305699400204,3,0.2517616283003008,2,2.0,2.2,1.8,0.40000000000000013,0.20000000000000007,160.0,180.0,140.0,40.0,20.0,12.0,14.0,10.0,4.0,2.0,5.5,6.0,5.0,1.0,0.5,7.87675945,8.336839,7.4166799,0.9201590999999993,0.46007954999999967,10.0,10.0,10.0,0.0,0.0,0,1,0,1,0
PbPt,L10,101,-0.2109260487586368,3,0.1119549803006521,2,2.0,2.2,1.8,0.40000000000000013,0.20000000000000007,157.5,180.0,135.0,45.0,22.5,12.0,14.0,10.0,4.0,2.0,6.0,6.0,6.0,0.0,0.0,8.18775495,8.95883,7.4166799,1.5421501000000006,0.7710750500000003,9.5,10.0,9.0,1.0,0.5,0,1,0,1,0
PbRh,L10,101,0.0338445668394626,2,0.0382477769016986,2,2.04,2.28,1.8,0.47999999999999976,0.23999999999999988,157.5,180.0,135.0,45.0,22.5,11.5,14.0,9.0,5.0,2.5,5.5,6.0,5.0,1.0,0.5,7.43778995,7.4589,7.4166799,0.04222009999999976,0.02111004999999988,9.0,10.0,8.0,2.0,1.0,0,1,0,1,0
PbRu,L10,101,-0.2176846762585853,2,0.0914456241989682,2,2.0,2.2,1.8,0.40000000000000013,0.20000000000000007,155.0,180.0,130.0,50.0,25.0,11.0,14.0,8.0,6.0,3.0,5.5,6.0,5.0,1.0,0.5,7.38858995,7.4166799,7.3605,0.05617990000000006,0.02808995000000003,8.5,10.0,7.0,3.0,1.5,0,1,0,1,0
PbSc,L10,101,-0.4584220206588441,3,0.7304879672010429,2,1.58,1.8,1.36,0.43999999999999995,0.21999999999999997,170.0,180.0,160.0,20.0,10.0,8.5,14.0,3.0,11.0,5.5,5.0,6.0,4.0,2.0,1.0,6.9890849500000005,7.4166799,6.56149,0.8551899000000001,0.42759495000000003,5.5,10.0,1.0,9.0,4.5,0,1,0,1,0
PbSn,L10,101,0.5554386313424686,3,0.2023022169996693,2,1.88,1.96,1.8,0.15999999999999992,0.07999999999999996,162.5,180.0,145.0,35.0,17.5,14.0,14.0,14.0,0.0,0.0,5.5,6.0,5.0,1.0,0.5,7.38029895,7.4166799,7.343918,0.07276189999999971,0.036380949999999856,10.0,10.0,10.0,0.0,0.0,0,1,0,1,0
PbTa,L10,101,-0.3629775474573478,2,0.0246326970991503,2,1.65,1.8,1.5,0.30000000000000004,0.15000000000000002,162.5,180.0,145.0,35.0,17.5,9.5,14.0,5.0,9.0,4.5,6.0,6.0,6.0,0.0,0.0,7.48312545,7.549571,7.4166799,0.13289110000000015,0.06644555000000008,6.5,10.0,3.0,7.0,3.5,0,1,0,1,0
PbTc,L10,101,-0.4321194968569841,3,1.7183327673992608,2,1.9500000000000002,2.1,1.8,0.30000000000000004,0.15000000000000002,157.5,180.0,135.0,45.0,22.5,10.5,14.0,7.0,7.0,3.5,5.5,6.0,5.0,1.0,0.5,7.26802995,7.4166799,7.11938,0.2972999000000005,0.14864995000000025,7.5,10.0,5.0,5.0,2.5,0,1,0,1,0
PbTi,L10,101,-0.3925134637565577,3,0.5638451802988129,2,1.67,1.8,1.54,0.26,0.13,160.0,180.0,140.0,40.0,20.0,9.0,14.0,4.0,10.0,5.0,5.0,6.0,4.0,2.0,1.0,7.12239995,7.4166799,6.82812,0.5885598999999999,0.29427994999999996,6.0,10.0,2.0,8.0,4.0,0,1,0,1,0
PbTl,L10,101,0.7083804865442573,5,0.1656999123988498,2,1.8,1.8,1.8,0.0,0.0,185.0,190.0,180.0,10.0,5.0,13.5,14.0,13.0,1.0,0.5,6.0,6.0,6.0,0.0,0.0,6.7624835999999995,7.4166799,6.1082873,1.3083926000000003,0.6541963000000002,10.0,10.0,10.0,0.0,0.0,0,1,0,1,0
PbV,L10,101,0.2872547969427899,1,0.0,2,1.7149999999999999,1.8,1.63,0.17000000000000015,0.08500000000000008,157.5,180.0,135.0,45.0,22.5,9.5,14.0,5.0,9.0,4.5,5.0,6.0,4.0,2.0,1.0,7.0814334500000005,7.4166799,6.746187,0.6704929000000002,0.3352464500000001,6.5,10.0,3.0,7.0,3.5,0,1,0,1,0
PbW,L10,101,-0.4731749443589876,1,0.0,2,1.75,1.8,1.7,0.10000000000000009,0.050000000000000044,157.5,180.0,135.0,45.0,22.5,10.0,14.0,6.0,8.0,4.0,6.0,6.0,6.0,0.0,0.0,7.64035495,7.86403,7.4166799,0.44735009999999953,0.22367504999999976,7.0,10.0,4.0,6.0,3.0,0,1,0,1,0
PbY,L10,101,-0.515090407759061,4,1.032379631400545,2,1.51,1.8,1.22,0.5800000000000001,0.29000000000000004,180.0,180.0,180.0,0.0,0.0,8.5,14.0,3.0,11.0,5.5,5.5,6.0,5.0,1.0,0.5,6.81696995,7.4166799,6.21726,1.1994199000000005,0.5997099500000003,5.5,10.0,1.0,9.0,4.5,0,1,0,1,0
PbZn,L10,101,0.4746536110406225,3,0.1145521708021988,2,1.725,1.8,1.65,0.15000000000000013,0.07500000000000007,157.5,180.0,135.0,45.0,22.5,13.0,14.0,12.0,2.0,1.0,5.0,6.0,4.0,2.0,1.0,8.40543845,9.394197,7.4166799,1.9775171,0.98875855,10.0,10.0,10.0,0.0,0.0,0,1,0,1,0
PbZr,L10,101,-0.4794373722570242,2,0.5968180304007547,2,1.565,1.8,1.33,0.47,0.235,167.5,180.0,155.0,25.0,12.5,9.0,14.0,4.0,10.0,5.0,5.5,6.0,5.0,1.0,0.5,7.02540295,7.4166799,6.634126,0.7825538999999999,0.39127694999999996,6.0,10.0,2.0,8.0,4.0,0,1,0,1,0
PdPt,L10,101,-0.306656241459649,7,0.477934487600578,2,2.2,2.2,2.2,0.0,0.0,137.5,140.0,135.0,5.0,2.5,10.0,10.0,10.0,0.0,0.0,5.5,6.0,5.0,1.0,0.5,8.6478345,8.95883,8.336839,0.6219910000000013,0.31099550000000065,9.5,10.0,9.0,1.0,0.5,0,1,0,1,0
PdRe,L10,101,-0.5346972982578961,3,0.3007372212014161,2,2.05,2.2,1.9,0.30000000000000027,0.15000000000000013,137.5,140.0,135.0,5.0,2.5,8.5,10.0,7.0,3.0,1.5,5.5,6.0,5.0,1.0,0.5,8.085179499999999,8.336839,7.83352,0.5033189999999994,0.2516594999999997,7.5,10.0,5.0,5.0,2.5,0,1,0,1,0
PdRh,L10,101,-0.3482116981603838,5,0.2890580953026074,2,2.24,2.28,2.2,0.07999999999999963,0.039999999999999813,137.5,140.0,135.0,5.0,2.5,9.5,10.0,9.0,1.0,0.5,5.0,5.0,5.0,0.0,0.0,7.8978695,8.336839,7.4589,0.8779389999999996,0.4389694999999998,9.0,10.0,8.0,2.0,1.0,0,1,0,1,0
PdRu,L10,101,-0.4009121213557307,4,0.2496902977982245,2,2.2,2.2,2.2,0.0,0.0,135.0,140.0,130.0,10.0,5.0,9.0,10.0,8.0,2.0,1.0,5.0,5.0,5.0,0.0,0.0,7.8486695,8.336839,7.3605,0.9763389999999994,0.4881694999999997,8.5,10.0,7.0,3.0,1.5,0,1,0,1,0
PdSc,L10,101,-0.4248483430555723,4,0.8148686997992627,2,1.7800000000000002,2.2,1.36,0.8400000000000001,0.42000000000000004,150.0,160.0,140.0,20.0,10.0,6.5,10.0,3.0,7.0,3.5,4.5,5.0,4.0,1.0,0.5,7.4491645,8.336839,6.56149,1.7753489999999994,0.8876744999999997,5.5,10.0,1.0,9.0,4.5,0,1,0,1,0
PdSn,L10,101,0.4071767261421257,2,0.1511210052995011,2,2.08,2.2,1.96,0.2400000000000002,0.1200000000000001,142.5,145.0,140.0,5.0,2.5,12.0,14.0,10.0,4.0,2.0,5.0,5.0,5.0,0.0,0.0,7.8403785,8.336839,7.343918,0.992920999999999,0.4964604999999995,10.0,10.0,10.0,0.0,0.0,0,1,0,1,0
PdTa,L10,101,-0.6868651255562952,4,0.4400962418985727,2,1.85,2.2,1.5,0.7000000000000002,0.3500000000000001,142.5,145.0,140.0,5.0,2.5,7.5,10.0,5.0,5.0,2.5,5.5,6.0,5.0,1.0,0.5,7.943205,8.336839,7.549571,0.7872679999999992,0.3936339999999996,6.5,10.0,3.0,7.0,3.5,0,1,0,1,0
PdTc,L10,101,-0.5313112497560439,5,0.3003040160001546,2,2.1500000000000004,2.2,2.1,0.10000000000000009,0.050000000000000044,137.5,140.0,135.0,5.0,2.5,8.5,10.0,7.0,3.0,1.5,5.0,5.0,5.0,0.0,0.0,7.7281094999999995,8.336839,7.11938,1.2174589999999998,0.6087294999999999,7.5,10.0,5.0,5.0,2.5,0,1,0,1,0
PdTi,L10,101,-0.6002902030586199,3,0.4699299869025708,2,1.87,2.2,1.54,0.6600000000000001,0.33000000000000007,140.0,140.0,140.0,0.0,0.0,7.0,10.0,4.0,6.0,3.0,4.5,5.0,4.0,1.0,0.5,7.5824795,8.336839,6.82812,1.5087189999999993,0.7543594999999996,6.0,10.0,2.0,8.0,4.0,0,1,0,1,0
PdTl,L10,101,0.1442301306424553,4,0.2669043552014045,2,2.0,2.2,1.8,0.40000000000000013,0.20000000000000007,165.0,190.0,140.0,50.0,25.0,11.5,13.0,10.0,3.0,1.5,5.5,6.0,5.0,1.0,0.5,7.222563149999999,8.336839,6.1082873,2.2285516999999997,1.1142758499999998,10.0,10.0,10.0,0.0,0.0,0,1,0,1,0
PdV,L10,101,-0.5959200548595334,5,0.3292380165985378,2,1.915,2.2,1.63,0.5700000000000003,0.28500000000000014,137.5,140.0,135.0,5.0,2.5,7.5,10.0,5.0,5.0,2.5,4.5,5.0,4.0,1.0,0.5,7.541513,8.336839,6.746187,1.5906519999999995,0.7953259999999998,6.5,10.0,3.0,7.0,3.5,0,1,0,1,0
PdW,L10,101,-0.6570209042574504,3,0.386405324399675,2,1.9500000000000002,2.2,1.7,0.5000000000000002,0.2500000000000001,137.5,140.0,135.0,5.0,2.5,8.0,10.0,6.0,4.0,2.0,5.5,6.0,5.0,1.0,0.5,8.100434499999999,8.336839,7.86403,0.4728089999999998,0.2364044999999999,7.0,10.0,4.0,6.0,3.0,0,1,0,1,0
PdY,L10,101,-0.5593933978588836,3,0.7878186794987414,2,1.71,2.2,1.22,0.9800000000000002,0.4900000000000001,160.0,180.0,140.0,40.0,20.0,6.5,10.0,3.0,7.0,3.5,5.0,5.0,5.0,0.0,0.0,7.2770494999999995,8.336839,6.21726,2.119579,1.0597895,5.5,10.0,1.0,9.0,4.5,0,1,0,1,0
PdZn,L10,101,0.0239496913427785,3,0.2401171967940172,2,1.925,2.2,1.65,0.5500000000000003,0.27500000000000013,137.5,140.0,135.0,5.0,2.5,11.0,12.0,10.0,2.0,1.0,4.5,5.0,4.0,1.0,0.5,8.865518,9.394197,8.336839,1.0573580000000007,0.5286790000000003,10.0,10.0,10.0,0.0,0.0,0,1,0,1,0
PdZr,L10,101,-0.7327033820574513,4,0.7974947754992172,2,1.7650000000000001,2.2,1.33,0.8700000000000001,0.43500000000000005,147.5,155.0,140.0,15.0,7.5,7.0,10.0,4.0,6.0,3.0,5.0,5.0,5.0,0.0,0.0,7.4854825,8.336839,6.634126,1.7027129999999993,0.8513564999999996,6.0,10.0,2.0,8.0,4.0,0,1,0,1,0
PtRe,L10,101,-0.407946808357309,4,0.4028205918002641,2,2.05,2.2,1.9,0.30000000000000027,0.15000000000000013,135.0,135.0,135.0,0.0,0.0,8.5,10.0,7.0,3.0,1.5,6.0,6.0,6.0,0.0,0.0,8.396175,8.95883,7.83352,1.1253100000000007,0.5626550000000003,7.0,9.0,5.0,4.0,2.0,0,1,0,1,0
PtRh,L10,101,-0.2918899839596349,7,0.1297456470019824,2,2.24,2.28,2.2,0.07999999999999963,0.039999999999999813,135.0,135.0,135.0,0.0,0.0,9.5,10.0,9.0,1.0,0.5,5.5,6.0,5.0,1.0,0.5,8.208865,8.95883,7.4589,1.4999300000000009,0.7499650000000004,8.5,9.0,8.0,1.0,0.5,0,1,0,1,0
PtRu,L10,101,-0.2627947560604013,6,0.2309402938044513,2,2.2,2.2,2.2,0.0,0.0,132.5,135.0,130.0,5.0,2.5,9.0,10.0,8.0,2.0,1.0,5.5,6.0,5.0,1.0,0.5,8.159665,8.95883,7.3605,1.5983300000000007,0.7991650000000003,8.0,9.0,7.0,2.0,1.0,0,1,0,1,0
PtSc,L10,101,-0.3141585560578903,4,0.8486857831994712,2,1.7800000000000002,2.2,1.36,0.8400000000000001,0.42000000000000004,147.5,160.0,135.0,25.0,12.5,6.5,10.0,3.0,7.0,3.5,5.0,6.0,4.0,2.0,1.0,7.760160000000001,8.95883,6.56149,2.3973400000000007,1.1986700000000003,5.0,9.0,1.0,8.0,4.0,0,1,0,1,0
PtSn,L10,101,0.090479347943102,3,0.7355422096989059,2,2.08,2.2,1.96,0.2400000000000002,0.1200000000000001,140.0,145.0,135.0,10.0,5.0,12.0,14.0,10.0,4.0,2.0,5.5,6.0,5.0,1.0,0.5,8.151374,8.95883,7.343918,1.6149120000000003,0.8074560000000002,9.5,10.0,9.0,1.0,0.5,0,1,0,1,0
PtTa,L10,101,-0.6402336573582659,4,0.5720305005997943,2,1.85,2.2,1.5,0.7000000000000002,0.3500000000000001,140.0,145.0,135.0,10.0,5.0,7.5,10.0,5.0,5.0,2.5,6.0,6.0,6.0,0.0,0.0,8.2542005,8.95883,7.549571,1.4092590000000005,0.7046295000000002,6.0,9.0,3.0,6.0,3.0,0,1,0,1,0
PtTc,L10,101,-0.317942435055528,7,0.3842773941978521,2,2.1500000000000004,2.2,2.1,0.10000000000000009,0.050000000000000044,135.0,135.0,135.0,0.0,0.0,8.5,10.0,7.0,3.0,1.5,5.5,6.0,5.0,1.0,0.5,8.039105,8.95883,7.11938,1.8394500000000011,0.9197250000000006,7.0,9.0,5.0,4.0,2.0,0,1,0,1,0
PtTi,L10,101,-0.4675625965601,3,0.4753832843016425,2,1.87,2.2,1.54,0.6600000000000001,0.33000000000000007,137.5,140.0,135.0,5.0,2.5,7.0,10.0,4.0,6.0,3.0,5.0,6.0,4.0,2.0,1.0,7.8934750000000005,8.95883,6.82812,2.1307100000000005,1.0653550000000003,5.5,9.0,2.0,7.0,3.5,0,1,0,1,0
PtTl,L10,101,-0.1294923090599411,1,0.0,2,2.0,2.2,1.8,0.40000000000000013,0.20000000000000007,162.5,190.0,135.0,55.0,27.5,11.5,13.0,10.0,3.0,1.5,6.0,6.0,6.0,0.0,0.0,7.53355865,8.95883,6.1082873,2.850542700000001,1.4252713500000005,9.5,10.0,9.0,1.0,0.5,0,1,0,1,0
PtV,L10,101,-0.5279507798577185,5,0.4876658227003645,2,1.915,2.2,1.63,0.5700000000000003,0.28500000000000014,135.0,135.0,135.0,0.0,0.0,7.5,10.0,5.0,5.0,2.5,5.0,6.0,4.0,2.0,1.0,7.852508500000001,8.95883,6.746187,2.212643000000001,1.1063215000000004,6.0,9.0,3.0,6.0,3.0,0,1,0,1,0
PtW,L10,101,-0.5967384371606101,4,0.5998797193024075,2,1.9500000000000002,2.2,1.7,0.5000000000000002,0.2500000000000001,135.0,135.0,135.0,0.0,0.0,8.0,10.0,6.0,4.0,2.0,6.0,6.0,6.0,0.0,0.0,8.41143,8.95883,7.86403,1.094800000000001,0.5474000000000006,6.5,9.0,4.0,5.0,2.5,0,1,0,1,0
PtY,L10,101,-0.4012551207588046,3,0.4473024967010133,2,1.71,2.2,1.22,0.9800000000000002,0.4900000000000001,157.5,180.0,135.0,45.0,22.5,6.5,10.0,3.0,7.0,3.5,5.5,6.0,5.0,1.0,0.5,7.588045,8.95883,6.21726,2.741570000000001,1.3707850000000006,5.0,9.0,1.0,8.0,4.0,0,1,0,1,0
PtZn,L10,101,-0.184417262854339,2,0.0209816096976283,2,1.925,2.2,1.65,0.5500000000000003,0.27500000000000013,135.0,135.0,135.0,0.0,0.0,11.0,12.0,10.0,2.0,1.0,5.0,6.0,4.0,2.0,1.0,9.1765135,9.394197,8.95883,0.4353669999999994,0.2176834999999997,9.5,10.0,9.0,1.0,0.5,0,1,0,1,0
PtZr,L10,101,-0.6218896471573032,4,0.7975622597004985,2,1.7650000000000001,2.2,1.33,0.8700000000000001,0.43500000000000005,145.0,155.0,135.0,20.0,10.0,7.0,10.0,4.0,6.0,3.0,5.5,6.0,5.0,1.0,0.5,7.7964780000000005,8.95883,6.634126,2.3247040000000005,1.1623520000000003,5.5,9.0,2.0,7.0,3.5,0,1,0,1,0
ReRh,L10,101,-0.5128989389586138,6,0.4497124729023198,2,2.09,2.28,1.9,0.3799999999999999,0.18999999999999995,135.0,135.0,135.0,0.0,0.0,8.0,9.0,7.0,2.0,1.0,5.5,6.0,5.0,1.0,0.5,7.64621,7.83352,7.4589,0.3746200000000002,0.1873100000000001,6.5,8.0,5.0,3.0,1.5,0,1,0,1,0
ReRu,L10,101,-0.5409469367577628,8,0.2900691342001664,2,2.05,2.2,1.9,0.30000000000000027,0.15000000000000013,132.5,135.0,130.0,5.0,2.5,7.5,8.0,7.0,1.0,0.5,5.5,6.0,5.0,1.0,0.5,7.59701,7.83352,7.3605,0.47302,0.23651,6.0,7.0,5.0,2.0,1.0,0,1,0,1,0
ReSc,L10,101,-0.7408489736580748,5,0.1993127743990044,2,1.63,1.9,1.36,0.5399999999999998,0.2699999999999999,147.5,160.0,135.0,25.0,12.5,5.0,7.0,3.0,4.0,2.0,5.0,6.0,4.0,2.0,1.0,7.197505,7.83352,6.56149,1.27203,0.636015,3.0,5.0,1.0,4.0,2.0,0,1,0,1,0
ReSn,L10,101,-0.4978314514582678,3,1.498083554299228,2,1.93,1.96,1.9,0.06000000000000005,0.030000000000000027,140.0,145.0,135.0,10.0,5.0,10.5,14.0,7.0,7.0,3.5,5.5,6.0,5.0,1.0,0.5,7.588719,7.83352,7.343918,0.48960199999999965,0.24480099999999982,7.5,10.0,5.0,5.0,2.5,0,1,0,1,0
ReTa,L10,101,-0.8680319886579753,4,1.2614940411986026,2,1.7,1.9,1.5,0.3999999999999999,0.19999999999999996,140.0,145.0,135.0,10.0,5.0,6.0,7.0,5.0,2.0,1.0,6.0,6.0,6.0,0.0,0.0,7.6915455,7.83352,7.549571,0.2839489999999998,0.1419744999999999,4.0,5.0,3.0,2.0,1.0,0,1,0,1,0
ReTc,L10,101,-0.5787217798560675,7,0.805272060999414,2,2.0,2.1,1.9,0.20000000000000018,0.10000000000000009,135.0,135.0,135.0,0.0,0.0,7.0,7.0,7.0,0.0,0.0,5.5,6.0,5.0,1.0,0.5,7.47645,7.83352,7.11938,0.7141400000000004,0.3570700000000002,5.0,5.0,5.0,0.0,0.0,0,1,0,1,0
ReTi,L10,101,-0.9373894522604758,3,1.72327625950129,2,1.72,1.9,1.54,0.3599999999999999,0.17999999999999994,137.5,140.0,135.0,5.0,2.5,5.5,7.0,4.0,3.0,1.5,5.0,6.0,4.0,2.0,1.0,7.33082,7.83352,6.82812,1.0053999999999998,0.5026999999999999,3.5,5.0,2.0,3.0,1.5,0,1,0,1,0
ReV,L10,101,-0.8003759167577016,4,0.2883057005019509,2,1.765,1.9,1.63,0.27,0.135,135.0,135.0,135.0,0.0,0.0,6.0,7.0,5.0,2.0,1.0,5.0,6.0,4.0,2.0,1.0,7.2898534999999995,7.83352,6.746187,1.087333,0.5436665,4.0,5.0,3.0,2.0,1.0,0,1,0,1,0
ReW,L10,101,-0.8024086071590943,5,0.9452648348997172,2,1.7999999999999998,1.9,1.7,0.19999999999999996,0.09999999999999998,135.0,135.0,135.0,0.0,0.0,6.5,7.0,6.0,1.0,0.5,6.0,6.0,6.0,0.0,0.0,7.848775,7.86403,7.83352,0.030509999999999593,0.015254999999999797,4.5,5.0,4.0,1.0,0.5,0,1,0,1,0
ReY,L10,101,0.3694837892444695,2,0.169230589599465,2,1.56,1.9,1.22,0.6799999999999999,0.33999999999999997,157.5,180.0,135.0,45.0,22.5,5.0,7.0,3.0,4.0,2.0,5.5,6.0,5.0,1.0,0.5,7.02539,7.83352,6.21726,1.6162600000000005,0.8081300000000002,3.0,5.0,1.0,4.0,2.0,0,1,0,1,0
ReZn,L10,101,-0.6297775470584099,4,0.4340872882021358,2,1.775,1.9,1.65,0.25,0.125,135.0,135.0,135.0,0.0,0.0,9.5,12.0,7.0,5.0,2.5,5.0,6.0,4.0,2.0,1.0,8.6138585,9.394197,7.83352,1.560677,0.7803385,7.5,10.0,5.0,5.0,2.5,0,1,0,1,0
ReZr,L10,101,-1.009977451459207,4,1.8529827220991135,2,1.615,1.9,1.33,0.5699999999999998,0.2849999999999999,145.0,155.0,135.0,20.0,10.0,5.5,7.0,4.0,3.0,1.5,5.5,6.0,5.0,1.0,0.5,7.233823,7.83352,6.634126,1.1993939999999998,0.5996969999999999,3.5,5.0,2.0,3.0,1.5,0,1,0,1,0
RhRu,L10,101,-0.3754184560557121,5,0.2807018873972993,2,2.24,2.28,2.2,0.07999999999999963,0.039999999999999813,132.5,135.0,130.0,5.0,2.5,8.5,9.0,8.0,1.0,0.5,5.0,5.0,5.0,0.0,0.0,7.4097,7.4589,7.3605,0.09839999999999982,0.04919999999999991,7.5,8.0,7.0,1.0,0.5,0,1,0,1,0
RhSc,L10,101,-0.6155066728597092,4,1.4470370390990863,2,1.8199999999999998,2.28,1.36,0.9199999999999997,0.45999999999999985,147.5,160.0,135.0,25.0,12.5,6.0,9.0,3.0,6.0,3.0,4.5,5.0,4.0,1.0,0.5,7.0101949999999995,7.4589,6.56149,0.8974099999999998,0.4487049999999999,4.5,8.0,1.0,7.0,3.5,0,1,0,1,0
RhSn,L10,101,0.2075902052393132,2,0.0983404446997155,2,2.12,2.28,1.96,0.31999999999999984,0.15999999999999992,140.0,145.0,135.0,10.0,5.0,11.5,14.0,9.0,5.0,2.5,5.0,5.0,5.0,0.0,0.0,7.401409,7.4589,7.343918,0.11498199999999947,0.05749099999999974,9.0,10.0,8.0,2.0,1.0,0,1,0,1,0
RhTa,L10,101,-0.6896970142579164,5,0.2543203146997257,2,1.89,2.28,1.5,0.7799999999999998,0.3899999999999999,140.0,145.0,135.0,10.0,5.0,7.0,9.0,5.0,4.0,2.0,5.5,6.0,5.0,1.0,0.5,7.5042355,7.549571,7.4589,0.09067100000000039,0.045335500000000195,5.5,8.0,3.0,5.0,2.5,0,1,0,1,0
RhTc,L10,101,-0.5373319044583411,5,0.3862020554006449,2,2.19,2.28,2.1,0.17999999999999972,0.08999999999999986,135.0,135.0,135.0,0.0,0.0,8.0,9.0,7.0,2.0,1.0,5.0,5.0,5.0,0.0,0.0,7.28914,7.4589,7.11938,0.33952000000000027,0.16976000000000013,6.5,8.0,5.0,3.0,1.5,0,1,0,1,0
RhTi,L10,101,-0.5065067128589078,2,0.241797227798088,2,1.91,2.28,1.54,0.7399999999999998,0.3699999999999999,137.5,140.0,135.0,5.0,2.5,6.5,9.0,4.0,5.0,2.5,4.5,5.0,4.0,1.0,0.5,7.14351,7.4589,6.82812,0.6307799999999997,0.31538999999999984,5.0,8.0,2.0,6.0,3.0,0,1,0,1,0
RhTl,L10,101,-0.1167323469589689,4,0.0472732487978646,2,2.04,2.28,1.8,0.47999999999999976,0.23999999999999988,162.5,190.0,135.0,55.0,27.5,11.0,13.0,9.0,4.0,2.0,5.5,6.0,5.0,1.0,0.5,6.78359365,7.4589,6.1082873,1.3506127,0.67530635,9.0,10.0,8.0,2.0,1.0,0,1,0,1,0
RhV,L10,101,-0.6771317496558993,4,0.2550980160995095,2,1.9549999999999998,2.28,1.63,0.6499999999999999,0.32499999999999996,135.0,135.0,135.0,0.0,0.0,7.0,9.0,5.0,4.0,2.0,4.5,5.0,4.0,1.0,0.5,7.1025434999999995,7.4589,6.746187,0.7127129999999999,0.35635649999999996,5.5,8.0,3.0,5.0,2.5,0,1,0,1,0
RhW,L10,101,-0.6240996196601998,6,0.3946967691008467,2,1.9899999999999998,2.28,1.7,0.5799999999999998,0.2899999999999999,135.0,135.0,135.0,0.0,0.0,7.5,9.0,6.0,3.0,1.5,5.5,6.0,5.0,1.0,0.5,7.661465,7.86403,7.4589,0.40512999999999977,0.20256499999999988,6.0,8.0,4.0,4.0,2.0,0,1,0,1,0
RhY,L10,101,-0.672236965960991,3,0.5210507893025351,2,1.75,2.28,1.22,1.0599999999999998,0.5299999999999999,157.5,180.0,135.0,45.0,22.5,6.0,9.0,3.0,6.0,3.0,5.0,5.0,5.0,0.0,0.0,6.83808,7.4589,6.21726,1.2416400000000003,0.6208200000000001,4.5,8.0,1.0,7.0,3.5,0,1,0,1,0
RhZn,L10,101,-0.3876823546588355,5,1.32406852330314,2,1.9649999999999999,2.28,1.65,0.6299999999999999,0.31499999999999995,135.0,135.0,135.0,0.0,0.0,10.5,12.0,9.0,3.0,1.5,4.5,5.0,4.0,1.0,0.5,8.426548499999999,9.394197,7.4589,1.9352970000000003,0.9676485000000001,9.0,10.0,8.0,2.0,1.0,0,1,0,1,0
RhZr,L10,101,-0.5173599731560614,5,0.730701576499996,2,1.805,2.28,1.33,0.9499999999999997,0.47499999999999987,145.0,155.0,135.0,20.0,10.0,6.5,9.0,4.0,5.0,2.5,5.0,5.0,5.0,0.0,0.0,7.046513,7.4589,6.634126,0.8247739999999997,0.41238699999999984,5.0,8.0,2.0,6.0,3.0,0,1,0,1,0
RuSc,L10,101,-0.8256713470572947,4,1.7517469861995778,2,1.7800000000000002,2.2,1.36,0.8400000000000001,0.42000000000000004,145.0,160.0,130.0,30.0,15.0,5.5,8.0,3.0,5.0,2.5,4.5,5.0,4.0,1.0,0.5,6.9609950000000005,7.3605,6.56149,0.79901,0.399505,4.0,7.0,1.0,6.0,3.0,0,1,0,1,0
RuSn,L10,101,-0.1516723080557938,2,0.2110256425003172,2,2.08,2.2,1.96,0.2400000000000002,0.1200000000000001,137.5,145.0,130.0,15.0,7.5,11.0,14.0,8.0,6.0,3.0,5.0,5.0,5.0,0.0,0.0,7.352209,7.3605,7.343918,0.016581999999999653,0.008290999999999826,8.5,10.0,7.0,3.0,1.5,0,1,0,1,0
RuTa,L10,101,-0.5788449113560716,2,0.2084204245002183,2,1.85,2.2,1.5,0.7000000000000002,0.3500000000000001,137.5,145.0,130.0,15.0,7.5,6.5,8.0,5.0,3.0,1.5,5.5,6.0,5.0,1.0,0.5,7.4550355,7.549571,7.3605,0.1890710000000002,0.0945355000000001,5.0,7.0,3.0,4.0,2.0,0,1,0,1,0
RuTc,L10,101,-0.5539392841555753,5,0.2486323191988049,2,2.1500000000000004,2.2,2.1,0.10000000000000009,0.050000000000000044,132.5,135.0,130.0,5.0,2.5,7.5,8.0,7.0,1.0,0.5,5.0,5.0,5.0,0.0,0.0,7.23994,7.3605,7.11938,0.24112000000000045,0.12056000000000022,6.0,7.0,5.0,2.0,1.0,0,1,0,1,0
RuTi,L10,101,-0.7697258303587375,3,1.4178582720996928,2,1.87,2.2,1.54,0.6600000000000001,0.33000000000000007,135.0,140.0,130.0,10.0,5.0,6.0,8.0,4.0,4.0,2.0,4.5,5.0,4.0,1.0,0.5,7.09431,7.3605,6.82812,0.5323799999999999,0.2661899999999999,4.5,7.0,2.0,5.0,2.5,0,1,0,1,0
RuTl,L10,101,-0.3148982974553007,2,0.0162698223975894,2,2.0,2.2,1.8,0.40000000000000013,0.20000000000000007,160.0,190.0,130.0,60.0,30.0,10.5,13.0,8.0,5.0,2.5,5.5,6.0,5.0,1.0,0.5,6.7343936499999995,7.3605,6.1082873,1.2522127000000003,0.6261063500000001,8.5,10.0,7.0,3.0,1.5,0,1,0,1,0
RuV,L10,101,-0.6000750970588058,6,0.848486323699035,2,1.915,2.2,1.63,0.5700000000000003,0.28500000000000014,132.5,135.0,130.0,5.0,2.5,6.5,8.0,5.0,3.0,1.5,4.5,5.0,4.0,1.0,0.5,7.0533435,7.3605,6.746187,0.6143130000000001,0.30715650000000005,5.0,7.0,3.0,4.0,2.0,0,1,0,1,0
RuW,L10,101,-0.6813141393567719,6,0.2874207862987532,2,1.9500000000000002,2.2,1.7,0.5000000000000002,0.2500000000000001,132.5,135.0,130.0,5.0,2.5,7.0,8.0,6.0,2.0,1.0,5.5,6.0,5.0,1.0,0.5,7.612265,7.86403,7.3605,0.5035299999999996,0.2517649999999998,5.5,7.0,4.0,3.0,1.5,0,1,0,1,0
RuY,L10,101,-0.8822797332568086,4,0.7294935272002476,2,1.71,2.2,1.22,0.9800000000000002,0.4900000000000001,155.0,180.0,130.0,50.0,25.0,5.5,8.0,3.0,5.0,2.5,5.0,5.0,5.0,0.0,0.0,6.78888,7.3605,6.21726,1.1432400000000005,0.5716200000000002,4.0,7.0,1.0,6.0,3.0,0,1,0,1,0
RuZn,L10,101,-0.4848710774594735,3,1.419850145401142,2,1.925,2.2,1.65,0.5500000000000003,0.27500000000000013,132.5,135.0,130.0,5.0,2.5,10.0,12.0,8.0,4.0,2.0,4.5,5.0,4.0,1.0,0.5,8.3773485,9.394197,7.3605,2.033697,1.0168485,8.5,10.0,7.0,3.0,1.5,0,1,0,1,0
RuZr,L10,101,-0.8398800433596705,4,1.4550427643007424,2,1.7650000000000001,2.2,1.33,0.8700000000000001,0.43500000000000005,142.5,155.0,130.0,25.0,12.5,6.0,8.0,4.0,4.0,2.0,5.0,5.0,5.0,0.0,0.0,6.997313,7.3605,6.634126,0.7263739999999999,0.3631869999999999,4.5,7.0,2.0,5.0,2.5,0,1,0,1,0
ScSn,L10,101,-0.3893600725559452,3,0.7755292020992783,2,1.6600000000000001,1.96,1.36,0.5999999999999999,0.29999999999999993,152.5,160.0,145.0,15.0,7.5,8.5,14.0,3.0,11.0,5.5,4.5,5.0,4.0,1.0,0.5,6.952704000000001,7.343918,6.56149,0.7824280000000003,0.39121400000000023,5.5,10.0,1.0,9.0,4.5,0,1,0,1,0
ScTa,L10,101,-1.00175090585887,4,0.1148936737008625,2,1.4300000000000002,1.5,1.36,0.1399999999999999,0.06999999999999995,152.5,160.0,145.0,15.0,7.5,4.0,5.0,3.0,2.0,1.0,5.0,6.0,4.0,2.0,1.0,7.0555305,7.549571,6.56149,0.9880810000000002,0.4940405000000001,2.0,3.0,1.0,2.0,1.0,0,1,0,1,0
ScTc,L10,101,-0.8403143370587429,2,0.0124734263008576,2,1.73,2.1,1.36,0.74,0.37,147.5,160.0,135.0,25.0,12.5,5.0,7.0,3.0,4.0,2.0,4.5,5.0,4.0,1.0,0.5,6.840434999999999,7.11938,6.56149,0.5578899999999996,0.2789449999999998,3.0,5.0,1.0,4.0,2.0,0,1,0,1,0
ScTi,L10,101,-0.9865953895559584,5,0.1658291664971329,2,1.4500000000000002,1.54,1.36,0.17999999999999994,0.08999999999999998,150.0,160.0,140.0,20.0,10.0,3.5,4.0,3.0,1.0,0.5,4.0,4.0,4.0,0.0,0.0,6.694805000000001,6.82812,6.56149,0.26663000000000014,0.13331500000000007,1.5,2.0,1.0,1.0,0.5,0,1,0,1,0
ScTl,L10,101,-0.5010432111548369,3,0.96633515369831,2,1.58,1.8,1.36,0.43999999999999995,0.21999999999999997,175.0,190.0,160.0,30.0,15.0,8.0,13.0,3.0,10.0,5.0,5.0,6.0,4.0,2.0,1.0,6.33488865,6.56149,6.1082873,0.4532027000000003,0.22660135000000015,5.5,10.0,1.0,9.0,4.5,0,1,0,1,0
ScV,L10,101,-0.915210133559384,6,0.4342105557007016,2,1.495,1.63,1.36,0.2699999999999998,0.1349999999999999,147.5,160.0,135.0,25.0,12.5,4.0,5.0,3.0,2.0,1.0,4.0,4.0,4.0,0.0,0.0,6.6538385,6.746187,6.56149,0.1846969999999999,0.09234849999999994,2.0,3.0,1.0,2.0,1.0,0,1,0,1,0
ScW,L10,101,-0.9728735050584588,6,1.422797410403291,2,1.53,1.7,1.36,0.33999999999999986,0.16999999999999993,147.5,160.0,135.0,25.0,12.5,4.5,6.0,3.0,3.0,1.5,5.0,6.0,4.0,2.0,1.0,7.212759999999999,7.86403,6.56149,1.3025399999999996,0.6512699999999998,2.5,4.0,1.0,3.0,1.5,0,1,0,1,0
ScY,L10,101,-0.9876037073581472,4,0.1485332026986725,2,1.29,1.36,1.22,0.14000000000000012,0.07000000000000006,170.0,180.0,160.0,20.0,10.0,3.0,3.0,3.0,0.0,0.0,4.5,5.0,4.0,1.0,0.5,6.389374999999999,6.56149,6.21726,0.3442300000000005,0.17211500000000024,1.0,1.0,1.0,0.0,0.0,0,1,0,1,0
ScZn,L10,101,-0.7132581270625167,4,1.1502160802047,2,1.505,1.65,1.36,0.2899999999999998,0.1449999999999999,147.5,160.0,135.0,25.0,12.5,7.5,12.0,3.0,9.0,4.5,4.0,4.0,4.0,0.0,0.0,7.9778435000000005,9.394197,6.56149,2.832707,1.4163535,5.5,10.0,1.0,9.0,4.5,0,1,0,1,0
ScZr,L10,101,-0.9718579761583612,7,0.3998552312004904,2,1.3450000000000002,1.36,1.33,0.030000000000000027,0.015000000000000013,157.5,160.0,155.0,5.0,2.5,3.5,4.0,3.0,1.0,0.5,4.5,5.0,4.0,1.0,0.5,6.597808000000001,6.634126,6.56149,0.07263600000000014,0.03631800000000007,1.5,2.0,1.0,1.0,0.5,0,1,0,1,0
SnTa,L10,101,-0.0428441878566161,2,0.0704180273969541,2,1.73,1.96,1.5,0.45999999999999996,0.22999999999999998,145.0,145.0,145.0,0.0,0.0,9.5,14.0,5.0,9.0,4.5,5.5,6.0,5.0,1.0,0.5,7.4467445,7.549571,7.343918,0.20565299999999986,0.10282649999999993,6.5,10.0,3.0,7.0,3.5,0,1,0,1,0
SnTc,L10,101,-0.2451225948561557,4,1.2520848888998444,2,2.0300000000000002,2.1,1.96,0.14000000000000012,0.07000000000000006,140.0,145.0,135.0,10.0,5.0,10.5,14.0,7.0,7.0,3.5,5.0,5.0,5.0,0.0,0.0,7.231649,7.343918,7.11938,0.2245380000000008,0.1122690000000004,7.5,10.0,5.0,5.0,2.5,0,1,0,1,0
SnTi,L10,101,-0.2679096798592297,4,0.5322010620002402,2,1.75,1.96,1.54,0.41999999999999993,0.20999999999999996,142.5,145.0,140.0,5.0,2.5,9.0,14.0,4.0,10.0,5.0,4.5,5.0,4.0,1.0,0.5,7.086019,7.343918,6.82812,0.5157980000000002,0.2578990000000001,6.0,10.0,2.0,8.0,4.0,0,1,0,1,0
SnTl,L10,101,0.5398356238447661,4,0.2499449963979714,2,1.88,1.96,1.8,0.15999999999999992,0.07999999999999996,167.5,190.0,145.0,45.0,22.5,13.5,14.0,13.0,1.0,0.5,5.5,6.0,5.0,1.0,0.5,6.72610265,7.343918,6.1082873,1.2356307000000006,0.6178153500000003,10.0,10.0,10.0,0.0,0.0,0,1,0,1,0
SnV,L10,101,-0.1292659103591802,2,0.3905233592013246,2,1.795,1.96,1.63,0.33000000000000007,0.16500000000000004,140.0,145.0,135.0,10.0,5.0,9.5,14.0,5.0,9.0,4.5,4.5,5.0,4.0,1.0,0.5,7.045052500000001,7.343918,6.746187,0.5977310000000005,0.29886550000000023,6.5,10.0,3.0,7.0,3.5,0,1,0,1,0
SnW,L10,101,-0.4668319708571005,2,1.4707986998000706,2,1.83,1.96,1.7,0.26,0.13,140.0,145.0,135.0,10.0,5.0,10.0,14.0,6.0,8.0,4.0,5.5,6.0,5.0,1.0,0.5,7.603974,7.86403,7.343918,0.5201119999999992,0.2600559999999996,7.0,10.0,4.0,6.0,3.0,0,1,0,1,0
SnY,L10,101,-0.4270528733604521,3,0.9915063641019516,2,1.5899999999999999,1.96,1.22,0.74,0.37,162.5,180.0,145.0,35.0,17.5,8.5,14.0,3.0,11.0,5.5,5.0,5.0,5.0,0.0,0.0,6.780589,7.343918,6.21726,1.1266580000000008,0.5633290000000004,5.5,10.0,1.0,9.0,4.5,0,1,0,1,0
SnZn,L10,101,0.5590407383433842,3,0.0357739899991429,2,1.805,1.96,1.65,0.31000000000000005,0.15500000000000003,140.0,145.0,135.0,10.0,5.0,13.0,14.0,12.0,2.0,1.0,4.5,5.0,4.0,1.0,0.5,8.3690575,9.394197,7.343918,2.0502789999999997,1.0251394999999999,10.0,10.0,10.0,0.0,0.0,0,1,0,1,0
SnZr,L10,101,-0.3299923160584228,3,0.5367433222018008,2,1.645,1.96,1.33,0.6299999999999999,0.31499999999999995,150.0,155.0,145.0,10.0,5.0,9.0,14.0,4.0,10.0,5.0,5.0,5.0,5.0,0.0,0.0,6.989022,7.343918,6.634126,0.7097920000000002,0.3548960000000001,6.0,10.0,2.0,8.0,4.0,0,1,0,1,0
TaTc,L10,101,-0.7731275253563297,6,1.1065907894990232,2,1.8,2.1,1.5,0.6000000000000001,0.30000000000000004,140.0,145.0,135.0,10.0,5.0,6.0,7.0,5.0,2.0,1.0,5.5,6.0,5.0,1.0,0.5,7.3344755,7.549571,7.11938,0.43019100000000066,0.21509550000000033,4.0,5.0,3.0,2.0,1.0,0,1,0,1,0
TaTi,L10,101,-1.010037860759411,5,0.4251498452031228,2,1.52,1.54,1.5,0.040000000000000036,0.020000000000000018,142.5,145.0,140.0,5.0,2.5,4.5,5.0,4.0,1.0,0.5,5.0,6.0,4.0,2.0,1.0,7.1888455,7.549571,6.82812,0.7214510000000001,0.36072550000000003,2.5,3.0,2.0,1.0,0.5,0,1,0,1,0
TaTl,L10,101,-0.6807001144579488,2,0.5698659709996718,2,1.65,1.8,1.5,0.30000000000000004,0.15000000000000002,167.5,190.0,145.0,45.0,22.5,9.0,13.0,5.0,8.0,4.0,6.0,6.0,6.0,0.0,0.0,6.8289291500000004,7.549571,6.1082873,1.4412837000000005,0.7206418500000003,6.5,10.0,3.0,7.0,3.5,0,1,0,1,0
TaV,L10,101,-0.9063755496563032,5,1.1220433181006229,2,1.565,1.63,1.5,0.1299999999999999,0.06499999999999995,140.0,145.0,135.0,10.0,5.0,5.0,5.0,5.0,0.0,0.0,5.0,6.0,4.0,2.0,1.0,7.147879,7.549571,6.746187,0.8033840000000003,0.40169200000000016,3.0,3.0,3.0,0.0,0.0,0,1,0,1,0
TaW,L10,101,-0.91359146445663,5,0.1404095161997247,2,1.6,1.7,1.5,0.19999999999999996,0.09999999999999998,140.0,145.0,135.0,10.0,5.0,5.5,6.0,5.0,1.0,0.5,6.0,6.0,6.0,0.0,0.0,7.7068005,7.86403,7.549571,0.3144589999999994,0.1572294999999997,3.5,4.0,3.0,1.0,0.5,0,1,0,1,0
TaY,L10,101,-0.9710515668584492,5,0.1684766980979475,2,1.3599999999999999,1.5,1.22,0.28,0.14,162.5,180.0,145.0,35.0,17.5,4.0,5.0,3.0,2.0,1.0,5.5,6.0,5.0,1.0,0.5,6.8834155,7.549571,6.21726,1.3323110000000007,0.6661555000000003,2.0,3.0,1.0,2.0,1.0,0,1,0,1,0
TaZn,L10,101,-0.8231181028595245,4,0.8454336146023707,2,1.575,1.65,1.5,0.1499999999999999,0.07499999999999996,140.0,145.0,135.0,10.0,5.0,8.5,12.0,5.0,7.0,3.5,5.0,6.0,4.0,2.0,1.0,8.471884,9.394197,7.549571,1.8446259999999999,0.9223129999999999,6.5,10.0,3.0,7.0,3.5,0,1,0,1,0
TaZr,L10,101,-0.9901263387573352,5,0.2787008983978012,2,1.415,1.5,1.33,0.16999999999999993,0.08499999999999996,150.0,155.0,145.0,10.0,5.0,4.5,5.0,4.0,1.0,0.5,5.5,6.0,5.0,1.0,0.5,7.0918485,7.549571,6.634126,0.9154450000000001,0.45772250000000003,2.5,3.0,2.0,1.0,0.5,0,1,0,1,0
TcTi,L10,101,-0.8280957453598319,4,1.4427372322024894,2,1.82,2.1,1.54,0.56,0.28,137.5,140.0,135.0,5.0,2.5,5.5,7.0,4.0,3.0,1.5,4.5,5.0,4.0,1.0,0.5,6.97375,7.11938,6.82812,0.2912599999999994,0.1456299999999997,3.5,5.0,2.0,3.0,1.5,0,1,0,1,0
TcTl,L10,101,-0.391304053758148,2,1.7299484909017335,2,1.9500000000000002,2.1,1.8,0.30000000000000004,0.15000000000000002,162.5,190.0,135.0,55.0,27.5,10.0,13.0,7.0,6.0,3.0,5.5,6.0,5.0,1.0,0.5,6.61383365,7.11938,6.1082873,1.0110926999999998,0.5055463499999999,7.5,10.0,5.0,5.0,2.5,0,1,0,1,0
TcV,L10,101,-0.7158123235558094,4,1.1137090154006728,2,1.865,2.1,1.63,0.4700000000000002,0.2350000000000001,135.0,135.0,135.0,0.0,0.0,6.0,7.0,5.0,2.0,1.0,4.5,5.0,4.0,1.0,0.5,6.932783499999999,7.11938,6.746187,0.37319299999999966,0.18659649999999983,4.0,5.0,3.0,2.0,1.0,0,1,0,1,0
TcW,L10,101,-0.559483467556646,7,0.6019763563999732,2,1.9,2.1,1.7,0.40000000000000013,0.20000000000000007,135.0,135.0,135.0,0.0,0.0,6.5,7.0,6.0,1.0,0.5,5.5,6.0,5.0,1.0,0.5,7.491705,7.86403,7.11938,0.74465,0.372325,4.5,5.0,4.0,1.0,0.5,0,1,0,1,0
TcY,L10,101,-0.8660009309596433,3,1.797044960600033,2,1.6600000000000001,2.1,1.22,0.8800000000000001,0.44000000000000006,157.5,180.0,135.0,45.0,22.5,5.0,7.0,3.0,4.0,2.0,5.0,5.0,5.0,0.0,0.0,6.66832,7.11938,6.21726,0.90212,0.45106,3.0,5.0,1.0,4.0,2.0,0,1,0,1,0
TcZn,L10,101,-0.4135171146544678,4,0.6222495176989469,2,1.875,2.1,1.65,0.4500000000000002,0.2250000000000001,135.0,135.0,135.0,0.0,0.0,9.5,12.0,7.0,5.0,2.5,4.5,5.0,4.0,1.0,0.5,8.256788499999999,9.394197,7.11938,2.2748170000000005,1.1374085000000003,7.5,10.0,5.0,5.0,2.5,0,1,0,1,0
TcZr,L10,101,-0.9086985855601312,6,1.6157391835004091,2,1.715,2.1,1.33,0.77,0.385,145.0,155.0,135.0,20.0,10.0,5.5,7.0,4.0,3.0,1.5,5.0,5.0,5.0,0.0,0.0,6.876753,7.11938,6.634126,0.4852539999999994,0.2426269999999997,3.5,5.0,2.0,3.0,1.5,0,1,0,1,0
TiTl,L10,101,-0.5016681205551947,3,0.8694835798996792,2,1.67,1.8,1.54,0.26,0.13,165.0,190.0,140.0,50.0,25.0,8.5,13.0,4.0,9.0,4.5,5.0,6.0,4.0,2.0,1.0,6.4682036499999995,6.82812,6.1082873,0.7198327000000004,0.3599163500000002,6.0,10.0,2.0,8.0,4.0,0,1,0,1,0
TiV,L10,101,-0.9599188454585316,5,0.3683026791986776,2,1.585,1.63,1.54,0.08999999999999986,0.04499999999999993,137.5,140.0,135.0,5.0,2.5,4.5,5.0,4.0,1.0,0.5,4.0,4.0,4.0,0.0,0.0,6.7871535000000005,6.82812,6.746187,0.08193300000000026,0.04096650000000013,2.5,3.0,2.0,1.0,0.5,0,1,0,1,0
TiW,L10,101,-0.9260783602576056,4,0.1044469512999057,2,1.62,1.7,1.54,0.15999999999999992,0.07999999999999996,137.5,140.0,135.0,5.0,2.5,5.0,6.0,4.0,2.0,1.0,5.0,6.0,4.0,2.0,1.0,7.346075,7.86403,6.82812,1.0359099999999994,0.5179549999999997,3.0,4.0,2.0,2.0,1.0,0,1,0,1,0
TiY,L10,101,-0.9631374078589658,4,0.1064614099996106,2,1.38,1.54,1.22,0.32000000000000006,0.16000000000000003,160.0,180.0,140.0,40.0,20.0,3.5,4.0,3.0,1.0,0.5,4.5,5.0,4.0,1.0,0.5,6.52269,6.82812,6.21726,0.6108600000000006,0.3054300000000003,1.5,2.0,1.0,1.0,0.5,0,1,0,1,0
TiZn,L10,101,-0.7977060718539803,5,0.873967063598684,2,1.595,1.65,1.54,0.10999999999999988,0.05499999999999994,137.5,140.0,135.0,5.0,2.5,8.0,12.0,4.0,8.0,4.0,4.0,4.0,4.0,0.0,0.0,8.1111585,9.394197,6.82812,2.566077,1.2830385,6.0,10.0,2.0,8.0,4.0,0,1,0,1,0
TiZr,L10,101,-1.0243551302582716,4,0.131309893400612,2,1.435,1.54,1.33,0.20999999999999996,0.10499999999999998,147.5,155.0,140.0,15.0,7.5,4.0,4.0,4.0,0.0,0.0,4.5,5.0,4.0,1.0,0.5,6.731123,6.82812,6.634126,0.193994,0.096997,2.0,2.0,2.0,0.0,0.0,0,1,0,1,0
TlW,L10,101,-0.0685220742588796,1,0.0,2,1.75,1.8,1.7,0.10000000000000009,0.050000000000000044,162.5,190.0,135.0,55.0,27.5,9.5,13.0,6.0,7.0,3.5,6.0,6.0,6.0,0.0,0.0,6.98615865,7.86403,6.1082873,1.7557426999999999,0.8778713499999999,7.0,10.0,4.0,6.0,3.0,0,1,0,1,0
TlY,L10,101,-0.5402051545561051,4,0.9836041782000392,2,1.51,1.8,1.22,0.5800000000000001,0.29000000000000004,185.0,190.0,180.0,10.0,5.0,8.0,13.0,3.0,10.0,5.0,5.5,6.0,5.0,1.0,0.5,6.16277365,6.21726,6.1082873,0.10897269999999981,0.054486349999999906,5.5,10.0,1.0,9.0,4.5,0,1,0,1,0
TlZn,L10,101,0.5333062523432375,3,0.0611052032982115,2,1.725,1.8,1.65,0.15000000000000013,0.07500000000000007,162.5,190.0,135.0,55.0,27.5,12.5,13.0,12.0,1.0,0.5,5.0,6.0,4.0,2.0,1.0,7.7512421499999995,9.394197,6.1082873,3.2859097000000004,1.6429548500000002,10.0,10.0,10.0,0.0,0.0,0,1,0,1,0
TlZr,L10,101,-0.5605906987575224,3,0.688658355797088,2,1.565,1.8,1.33,0.47,0.235,172.5,190.0,155.0,35.0,17.5,8.5,13.0,4.0,9.0,4.5,5.5,6.0,5.0,1.0,0.5,6.3712066499999995,6.634126,6.1082873,0.5258387000000004,0.2629193500000002,6.0,10.0,2.0,8.0,4.0,0,1,0,1,0
VW,L10,101,-0.9020726135595112,5,0.1535474445008731,2,1.665,1.7,1.63,0.07000000000000006,0.03500000000000003,135.0,135.0,135.0,0.0,0.0,5.5,6.0,5.0,1.0,0.5,5.0,6.0,4.0,2.0,1.0,7.305108499999999,7.86403,6.746187,1.1178429999999997,0.5589214999999998,3.5,4.0,3.0,1.0,0.5,0,1,0,1,0
VZn,L10,101,-0.6942655335578536,4,0.6838856152025983,2,1.64,1.65,1.63,0.020000000000000018,0.010000000000000009,135.0,135.0,135.0,0.0,0.0,8.5,12.0,5.0,7.0,3.5,4.0,4.0,4.0,0.0,0.0,8.070192,9.394197,6.746187,2.64801,1.324005,6.5,10.0,3.0,7.0,3.5,0,1,0,1,0
VZr,L10,101,-0.9766520777584162,3,0.1740351674998237,2,1.48,1.63,1.33,0.2999999999999998,0.1499999999999999,145.0,155.0,135.0,20.0,10.0,4.5,5.0,4.0,1.0,0.5,4.5,5.0,4.0,1.0,0.5,6.6901565000000005,6.746187,6.634126,0.11206099999999974,0.05603049999999987,2.5,3.0,2.0,1.0,0.5,0,1,0,1,0
WY,L10,101,-0.932389088359713,6,1.1744574775002548,2,1.46,1.7,1.22,0.48,0.24,157.5,180.0,135.0,45.0,22.5,4.5,6.0,3.0,3.0,1.5,5.5,6.0,5.0,1.0,0.5,7.040645,7.86403,6.21726,1.64677,0.823385,2.5,4.0,1.0,3.0,1.5,0,1,0,1,0
WZn,L10,101,-0.7703786314586694,4,0.6371862545056501,2,1.6749999999999998,1.7,1.65,0.050000000000000044,0.025000000000000022,135.0,135.0,135.0,0.0,0.0,9.0,12.0,6.0,6.0,3.0,5.0,6.0,4.0,2.0,1.0,8.629113499999999,9.394197,7.86403,1.5301670000000005,0.7650835000000002,7.0,10.0,4.0,6.0,3.0,0,1,0,1,0
WZr,L10,101,-0.9184333220573252,6,1.0970276207990537,2,1.5150000000000001,1.7,1.33,0.3699999999999999,0.18499999999999994,145.0,155.0,135.0,20.0,10.0,5.0,6.0,4.0,2.0,1.0,5.5,6.0,5.0,1.0,0.5,7.249078,7.86403,6.634126,1.2299039999999994,0.6149519999999997,3.0,4.0,2.0,2.0,1.0,0,1,0,1,0
YZn,L10,101,-0.6480782911521317,5,0.8962100568969618,2,1.435,1.65,1.22,0.42999999999999994,0.21499999999999997,157.5,180.0,135.0,45.0,22.5,7.5,12.0,3.0,9.0,4.5,4.5,5.0,4.0,1.0,0.5,7.8057285,9.394197,6.21726,3.1769370000000006,1.5884685000000003,5.5,10.0,1.0,9.0,4.5,0,1,0,1,0
YZr,L10,101,-0.9500130853566304,7,1.0066156209995825,2,1.275,1.33,1.22,0.1100000000000001,0.05500000000000005,167.5,180.0,155.0,25.0,12.5,3.5,4.0,3.0,1.0,0.5,5.0,5.0,5.0,0.0,0.0,6.425693,6.634126,6.21726,0.4168660000000006,0.2084330000000003,1.5,2.0,1.0,1.0,0.5,0,1,0,1,0
ZnZr,L10,101,-0.7499974409647336,4,1.276464248105185,2,1.49,1.65,1.33,0.31999999999999984,0.15999999999999992,145.0,155.0,135.0,20.0,10.0,8.0,12.0,4.0,8.0,4.0,4.5,5.0,4.0,1.0,0.5,8.0141615,9.394197,6.634126,2.760071,1.3800355,6.0,10.0,2.0,8.0,4.0,0,1,0,1,0
Ag3Al,L12,111,0.247755024146528,8,0.6682971656991867,2,1.85,1.93,1.61,0.31999999999999984,0.1385640646055101,151.25,160.0,125.0,35.0,15.155444566227676,11.5,13.0,11.0,2.0,0.8660254037844386,4.5,5.0,3.0,2.0,0.8660254037844386,7.178617750000001,7.576234,5.985769,1.590465,0.6886915469150087,7.5,10.0,0.0,10.0,4.330127018922194,0,0,1,0,1
Ag3Au,L12,111,0.3406195860452783,7,0.5658876667948789,2,2.0475,2.4,1.93,0.47,0.20351596988934306,153.75,160.0,135.0,25.0,10.825317547305483,11.0,11.0,11.0,0.0,0.0,5.25,6.0,5.0,1.0,0.4330127018922193,7.988564,9.225554,7.576234,1.6493200000000003,0.7141765094848753,10.0,10.0,10.0,0.0,0.0,0,0,1,0,1
Ag3Bi,L12,111,0.4380253196441401,4,0.4527093986980617,2,1.9224999999999999,1.93,1.9,0.030000000000000027,0.012990381056766592,160.0,160.0,160.0,0.0,0.0,12.0,15.0,11.0,4.0,1.7320508075688772,5.25,6.0,5.0,1.0,0.4330127018922193,7.503554500000001,7.576234,7.285516,0.29071800000000003,0.12588458666870225,10.0,10.0,10.0,0.0,0.0,0,0,1,0,1
Ag3Co,L12,111,-0.0883542749570267,6,0.6544886128976941,2,1.9175,1.93,1.88,0.050000000000000044,0.021650635094610987,153.75,160.0,135.0,25.0,10.825317547305483,10.5,11.0,9.0,2.0,0.8660254037844386,4.75,5.0,4.0,1.0,0.4330127018922193,7.6524280000000005,7.88101,7.576234,0.3047759999999995,0.13197187923190282,9.25,10.0,7.0,3.0,1.299038105676658,0,0,1,0,1
Ag3Cr,L12,111,-0.3059894264578986,5,1.0643104215996573,2,1.8625,1.93,1.66,0.27,0.11691342951089922,155.0,160.0,140.0,20.0,8.660254037844387,9.75,11.0,6.0,5.0,2.165063509461097,4.75,5.0,4.0,1.0,0.4330127018922193,7.3738030000000006,7.576234,6.76651,0.8097240000000001,0.35062077702697547,8.75,10.0,5.0,5.0,2.165063509461097,0,0,1,0,1
Ag3Cu,L12,111,0.17736107893964,9,0.6692445299995597,2,1.9224999999999999,1.93,1.9,0.030000000000000027,0.012990381056766592,153.75,160.0,135.0,25.0,10.825317547305483,11.0,11.0,11.0,0.0,0.0,4.75,5.0,4.0,1.0,0.4330127018922193,7.6137705,7.72638,7.576234,0.15014599999999945,0.06501512513830893,10.0,10.0,10.0,0.0,0.0,0,0,1,0,1
Ag3Fe,L12,111,-0.0167537769584384,5,0.2981607112960773,2,1.905,1.93,1.83,0.09999999999999987,0.04330127018922188,155.0,160.0,140.0,20.0,8.660254037844387,10.25,11.0,8.0,3.0,1.299038105676658,4.75,5.0,4.0,1.0,0.4330127018922193,7.6577925250000005,7.9024681,7.576234,0.32623409999999975,0.14126350909037635,9.0,10.0,6.0,4.0,1.7320508075688772,0,0,1,0,1
Ag3Ga,L12,111,0.3677878398457608,7,0.5361492977026501,2,1.9,1.93,1.81,0.11999999999999988,0.05196152422706627,152.5,160.0,130.0,30.0,12.99038105676658,11.5,13.0,11.0,2.0,0.8660254037844386,4.75,5.0,4.0,1.0,0.4330127018922193,7.1820010000000005,7.576234,5.999302,1.5769320000000002,0.6828315860203013,10.0,10.0,10.0,0.0,0.0,0,0,1,0,1
Ag3Hf,L12,111,-0.297241238759824,2,0.0483365336040151,2,1.7725,1.93,1.3,0.6299999999999999,0.27279800219209815,158.75,160.0,155.0,5.0,2.165063509461097,9.25,11.0,4.0,7.0,3.031088913245535,5.25,6.0,5.0,1.0,0.4330127018922193,7.3884430000000005,7.576234,6.82507,0.7511640000000002,0.3252635532041671,8.0,10.0,2.0,8.0,3.4641016151377544,0,0,1,0,1
Ag3Hg,L12,111,0.8014798826416438,3,0.3135321498994017,2,1.9224999999999999,1.93,1.9,0.030000000000000027,0.012990381056766592,157.5,160.0,150.0,10.0,4.330127018922194,11.25,12.0,11.0,1.0,0.4330127018922193,5.25,6.0,5.0,1.0,0.4330127018922193,8.2915515,10.437504,7.576234,2.86127,1.2389662535431505,10.0,10.0,10.0,0.0,0.0,0,0,1,0,1
Ag3Ir,L12,111,-0.5486835413603046,3,0.9084143626023432,2,1.9975,2.2,1.93,0.27000000000000024,0.11691342951089932,153.75,160.0,135.0,25.0,10.825317547305483,10.5,11.0,9.0,2.0,0.8660254037844386,5.25,6.0,5.0,1.0,0.4330127018922193,7.923930500000001,8.96702,7.576234,1.3907859999999994,0.6022280036138719,9.25,10.0,7.0,3.0,1.299038105676658,0,0,1,0,1
Ag3La,L12,111,0.0406928558377615,8,0.5162449866984389,2,1.7225000000000001,1.93,1.1,0.8299999999999998,0.35940054257054194,168.75,195.0,160.0,35.0,15.155444566227676,9.0,11.0,3.0,8.0,3.4641016151377544,5.25,6.0,5.0,1.0,0.4330127018922193,7.0764005,7.576234,5.5769,1.9993340000000002,0.8657370173249784,7.75,10.0,1.0,9.0,3.897114317029974,0,0,1,0,1
Ag3Mo,L12,111,-0.4323369158582579,5,1.2832521277014166,2,1.9875,2.16,1.93,0.2300000000000002,0.09959292143521054,156.25,160.0,145.0,15.0,6.49519052838329,9.75,11.0,6.0,5.0,2.165063509461097,5.0,5.0,5.0,0.0,0.0,7.4552830000000005,7.576234,7.09243,0.4838040000000001,0.20949327722626332,8.75,10.0,5.0,5.0,2.165063509461097,0,0,1,0,1
Ag3Nb,L12,111,-0.3711555207619028,6,1.2118282316005209,2,1.8475000000000001,1.93,1.6,0.32999999999999985,0.14289419162443232,156.25,160.0,145.0,15.0,6.49519052838329,9.5,11.0,5.0,6.0,2.598076211353316,5.0,5.0,5.0,0.0,0.0,7.371888,7.576234,6.75885,0.8173840000000006,0.35393765432347,8.5,10.0,4.0,6.0,2.598076211353316,0,0,1,0,1
Ag3Ni,L12,111,-0.0399177395583763,5,0.5249337177010602,2,1.925,1.93,1.91,0.020000000000000018,0.008660254037844395,153.75,160.0,135.0,25.0,10.825317547305483,10.75,11.0,10.0,1.0,0.4330127018922193,4.75,5.0,4.0,1.0,0.4330127018922193,7.592145,7.639878,7.576234,0.06364400000000003,0.02755866039922842,9.5,10.0,8.0,2.0,0.8660254037844386,0,0,1,0,1
Ag3Os,L12,111,-0.6063403820580504,5,0.9474837872039644,2,1.9975,2.2,1.93,0.27000000000000024,0.11691342951089932,152.5,160.0,130.0,30.0,12.99038105676658,10.25,11.0,8.0,3.0,1.299038105676658,5.25,6.0,5.0,1.0,0.4330127018922193,7.791733000000001,8.43823,7.576234,0.8619960000000004,0.3732552169802857,9.0,10.0,6.0,4.0,1.7320508075688772,0,0,1,0,1
Ag3Pb,L12,111,0.3461151970487037,5,0.7355883329946664,2,1.8975,1.93,1.8,0.1299999999999999,0.056291651245988464,165.0,180.0,160.0,20.0,8.660254037844387,11.75,14.0,11.0,3.0,1.299038105676658,5.25,6.0,5.0,1.0,0.4330127018922193,7.536345475000001,7.576234,7.4166799,0.15955410000000025,0.06908895193898146,10.0,10.0,10.0,0.0,0.0,0,0,1,0,1
Ag3Pd,L12,111,0.1306173636412779,7,0.5288963755010627,2,1.9975,2.2,1.93,0.27000000000000024,0.11691342951089932,155.0,160.0,140.0,20.0,8.660254037844387,10.75,11.0,10.0,1.0,0.4330127018922193,5.0,5.0,5.0,0.0,0.0,7.766385250000001,8.336839,7.576234,0.7606049999999991,0.3293516261227311,10.0,10.0,10.0,0.0,0.0,0,0,1,0,1
Ag3Pt,L12,111,-0.2271203596528437,4,0.9466132950983592,2,1.9975,2.2,1.93,0.27000000000000024,0.11691342951089932,153.75,160.0,135.0,25.0,10.825317547305483,10.75,11.0,10.0,1.0,0.4330127018922193,5.25,6.0,5.0,1.0,0.4330127018922193,7.921883000000001,8.95883,7.576234,1.3825960000000004,0.5986816295853751,9.75,10.0,9.0,1.0,0.4330127018922193,0,0,1,0,1
Ag3Re,L12,111,-0.6347889315574946,5,1.5192692493001232,2,1.9224999999999999,1.93,1.9,0.030000000000000027,0.012990381056766592,153.75,160.0,135.0,25.0,10.825317547305483,10.0,11.0,7.0,4.0,1.7320508075688772,5.25,6.0,5.0,1.0,0.4330127018922193,7.6405555000000005,7.83352,7.576234,0.2572859999999997,0.1114081060190414,8.75,10.0,5.0,5.0,2.165063509461097,0,0,1,0,1
Ag3Rh,L12,111,-0.2688362274556937,5,0.9646141698030988,2,2.0175,2.28,1.93,0.34999999999999987,0.15155444566227672,153.75,160.0,135.0,25.0,10.825317547305483,10.5,11.0,9.0,2.0,0.8660254037844386,5.0,5.0,5.0,0.0,0.0,7.5469005000000005,7.576234,7.4589,0.1173340000000005,0.05080711236382188,9.5,10.0,8.0,2.0,0.8660254037844386,0,0,1,0,1
Ag3Ru,L12,111,-0.3949160929541619,5,1.14040732869762,2,1.9975,2.2,1.93,0.27000000000000024,0.11691342951089932,152.5,160.0,130.0,30.0,12.99038105676658,10.25,11.0,8.0,3.0,1.299038105676658,5.0,5.0,5.0,0.0,0.0,7.5223005,7.576234,7.3605,0.21573400000000031,0.09341556223001618,9.25,10.0,7.0,3.0,1.299038105676658,0,0,1,0,1
Ag3Sc,L12,111,-0.0923675459625599,4,0.405076959701546,2,1.7875,1.93,1.36,0.5699999999999998,0.24681724007856495,160.0,160.0,160.0,0.0,0.0,9.0,11.0,3.0,8.0,3.4641016151377544,4.75,5.0,4.0,1.0,0.4330127018922193,7.322548,7.576234,6.56149,1.0147440000000003,0.4393970411689183,7.75,10.0,1.0,9.0,3.897114317029974,0,0,1,0,1
Ag3Sn,L12,111,0.3734438620458888,4,0.4596760571948834,2,1.9375,1.96,1.93,0.030000000000000027,0.012990381056766592,156.25,160.0,145.0,15.0,6.49519052838329,11.75,14.0,11.0,3.0,1.299038105676658,5.0,5.0,5.0,0.0,0.0,7.518155,7.576234,7.343918,0.23231599999999997,0.10059577885279282,10.0,10.0,10.0,0.0,0.0,0,0,1,0,1
Ag3Ta,L12,111,-0.4795935656574954,3,0.0235607046051882,2,1.8225,1.93,1.5,0.42999999999999994,0.1861954618136543,156.25,160.0,145.0,15.0,6.49519052838329,9.5,11.0,5.0,6.0,2.598076211353316,5.25,6.0,5.0,1.0,0.4330127018922193,7.5695682500000006,7.576234,7.549571,0.026663000000000103,0.01154541767055229,8.25,10.0,3.0,7.0,3.031088913245535,0,0,1,0,1
Ag3Tc,L12,111,-0.4454118497587558,5,1.246377165101876,2,1.9725000000000001,2.1,1.93,0.17000000000000015,0.07361215932167735,153.75,160.0,135.0,25.0,10.825317547305483,10.0,11.0,7.0,4.0,1.7320508075688772,5.0,5.0,5.0,0.0,0.0,7.4620205,7.576234,7.11938,0.45685400000000076,0.1978235849102683,8.75,10.0,5.0,5.0,2.165063509461097,0,0,1,0,1
Ag3Ti,L12,111,-0.2201225441594658,3,0.2425526158040156,2,1.8325,1.93,1.54,0.3899999999999999,0.1688749537379655,155.0,160.0,140.0,20.0,8.660254037844387,9.25,11.0,4.0,7.0,3.031088913245535,4.75,5.0,4.0,1.0,0.4330127018922193,7.389205500000001,7.576234,6.82812,0.7481140000000002,0.3239428644633958,8.0,10.0,2.0,8.0,3.4641016151377544,0,0,1,0,1
Ag3Tl,L12,111,0.7931348314459967,2,0.37657602840045,2,1.8975,1.93,1.8,0.1299999999999999,0.056291651245988464,167.5,190.0,160.0,30.0,12.99038105676658,11.5,13.0,11.0,2.0,0.8660254037844386,5.25,6.0,5.0,1.0,0.4330127018922193,7.209247325000001,7.576234,6.1082873,1.4679467000000006,0.6356395668007674,10.0,10.0,10.0,0.0,0.0,0,0,1,0,1
Ag3V,L12,111,-0.2819521144546968,4,0.6012638264000998,2,1.855,1.93,1.63,0.30000000000000004,0.1299038105676658,153.75,160.0,135.0,25.0,10.825317547305483,9.5,11.0,5.0,6.0,2.598076211353316,4.75,5.0,4.0,1.0,0.4330127018922193,7.36872225,7.576234,6.746187,0.8300470000000004,0.3594208941675312,8.25,10.0,3.0,7.0,3.031088913245535,0,0,1,0,1
Ag3W,L12,111,-0.5802978632554812,5,0.8496467531949747,2,1.8725,1.93,1.7,0.22999999999999998,0.09959292143521044,153.75,160.0,135.0,25.0,10.825317547305483,9.75,11.0,6.0,5.0,2.165063509461097,5.25,6.0,5.0,1.0,0.4330127018922193,7.648183,7.86403,7.576234,0.2877959999999993,0.12461932355377284,8.5,10.0,4.0,6.0,2.598076211353316,0,0,1,0,1
Ag3Y,L12,111,-0.0326275376564524,5,0.5521204752003541,2,1.7525,1.93,1.22,0.71,0.3074390183434757,165.0,180.0,160.0,20.0,8.660254037844387,9.0,11.0,3.0,8.0,3.4641016151377544,5.0,5.0,5.0,0.0,0.0,7.2364905,7.576234,6.21726,1.3589740000000008,0.5884530035412772,7.75,10.0,1.0,9.0,3.897114317029974,0,0,1,0,1
Ag3Zn,L12,111,0.3950823544446677,5,0.4709476927018841,2,1.8599999999999999,1.93,1.65,0.28,0.12124355652982143,153.75,160.0,135.0,25.0,10.825317547305483,11.25,12.0,11.0,1.0,0.4330127018922193,4.75,5.0,4.0,1.0,0.4330127018922193,8.030724750000001,9.394197,7.576234,1.8179629999999998,0.7872010705700846,10.0,10.0,10.0,0.0,0.0,0,0,1,0,1
Ag3Zr,L12,111,-0.2488920518580641,5,0.574199111899361,2,1.78,1.93,1.33,0.5999999999999999,0.25980762113533157,158.75,160.0,155.0,5.0,2.165063509461097,9.25,11.0,4.0,7.0,3.031088913245535,5.0,5.0,5.0,0.0,0.0,7.340707,7.576234,6.634126,0.9421080000000002,0.40794473055427505,8.0,10.0,2.0,8.0,3.4641016151377544,0,0,1,0,1
AgAl3,L12,111,0.3362416824411696,4,0.7386365521997504,2,1.69,1.93,1.61,0.31999999999999984,0.1385640646055101,133.75,160.0,125.0,35.0,15.155444566227676,12.5,13.0,11.0,2.0,0.8660254037844386,3.5,5.0,3.0,2.0,0.8660254037844386,6.38338525,7.576234,5.985769,1.590465,0.6886915469150087,2.5,10.0,0.0,10.0,4.330127018922194,0,0,1,0,1
AgAu3,L12,111,0.3214871259451968,8,0.7374135364989343,2,2.2824999999999998,2.4,1.93,0.47,0.20351596988934306,141.25,160.0,135.0,25.0,10.825317547305483,11.0,11.0,11.0,0.0,0.0,5.75,6.0,5.0,1.0,0.4330127018922193,8.813224,9.225554,7.576234,1.6493200000000003,0.7141765094848753,10.0,10.0,10.0,0.0,0.0,0,0,1,0,1
AgBi3,L12,111,0.5619426963394574,3,0.5853032613013056,2,1.9074999999999998,1.93,1.9,0.030000000000000027,0.012990381056766592,160.0,160.0,160.0,0.0,0.0,14.0,15.0,11.0,4.0,1.7320508075688772,5.75,6.0,5.0,1.0,0.4330127018922193,7.3581955,7.576234,7.285516,0.29071800000000003,0.12588458666870225,10.0,10.0,10.0,0.0,0.0,0,0,1,0,1
AgCd3,L12,111,0.776154927943054,5,0.2070010788011131,2,1.75,1.93,1.69,0.24,0.10392304845413264,156.25,160.0,155.0,5.0,2.165063509461097,11.75,12.0,11.0,1.0,0.4330127018922193,5.0,5.0,5.0,0.0,0.0,8.6394235,8.99382,7.576234,1.4175859999999991,0.6138327440245832,10.0,10.0,10.0,0.0,0.0,0,0,1,0,1
AgCo3,L12,111,-0.3658450830543813,5,1.199770867395273,2,1.8924999999999998,1.93,1.88,0.050000000000000044,0.021650635094610987,141.25,160.0,135.0,25.0,10.825317547305483,9.5,11.0,9.0,2.0,0.8660254037844386,4.25,5.0,4.0,1.0,0.4330127018922193,7.804816,7.88101,7.576234,0.3047759999999995,0.13197187923190282,7.75,10.0,7.0,3.0,1.299038105676658,0,0,1,0,1
AgCr3,L12,111,-0.8646380488562215,4,1.435549481298949,2,1.7274999999999998,1.93,1.66,0.27,0.11691342951089922,145.0,160.0,140.0,20.0,8.660254037844387,7.25,11.0,6.0,5.0,2.165063509461097,4.25,5.0,4.0,1.0,0.4330127018922193,6.968941,7.576234,6.76651,0.8097240000000001,0.35062077702697547,6.25,10.0,5.0,5.0,2.165063509461097,0,0,1,0,1
AgCu3,L12,111,-0.0537509186605973,9,0.9009638857023674,2,1.9074999999999998,1.93,1.9,0.030000000000000027,0.012990381056766592,141.25,160.0,135.0,25.0,10.825317547305483,11.0,11.0,11.0,0.0,0.0,4.25,5.0,4.0,1.0,0.4330127018922193,7.6888435,7.72638,7.576234,0.15014599999999945,0.06501512513830893,10.0,10.0,10.0,0.0,0.0,0,0,1,0,1
AgFe3,L12,111,0.8750464030463547,2,0.0322231765967444,2,1.855,1.93,1.83,0.09999999999999987,0.04330127018922188,145.0,160.0,140.0,20.0,8.660254037844387,8.75,11.0,8.0,3.0,1.299038105676658,4.25,5.0,4.0,1.0,0.4330127018922193,7.820909575,7.9024681,7.576234,0.32623409999999975,0.14126350909037635,7.0,10.0,6.0,4.0,1.7320508075688772,0,0,1,0,1
AgGa3,L12,111,0.6736503251386523,8,0.1223814301993115,2,1.8399999999999999,1.93,1.81,0.11999999999999988,0.05196152422706627,137.5,160.0,130.0,30.0,12.99038105676658,12.5,13.0,11.0,2.0,0.8660254037844386,4.25,5.0,4.0,1.0,0.4330127018922193,6.393535,7.576234,5.999302,1.5769320000000002,0.6828315860203013,10.0,10.0,10.0,0.0,0.0,0,0,1,0,1
AgHf3,L12,111,-1.0657516725577525,3,1.6059765553000034,2,1.4575,1.93,1.3,0.6299999999999999,0.27279800219209815,156.25,160.0,155.0,5.0,2.165063509461097,5.75,11.0,4.0,7.0,3.031088913245535,5.75,6.0,5.0,1.0,0.4330127018922193,7.012861,7.576234,6.82507,0.7511640000000002,0.3252635532041671,4.0,10.0,2.0,8.0,3.4641016151377544,0,0,1,0,1
AgHg3,L12,111,0.9169062191404294,1,0.0,2,1.9074999999999998,1.93,1.9,0.030000000000000027,0.012990381056766592,152.5,160.0,150.0,10.0,4.330127018922194,11.75,12.0,11.0,1.0,0.4330127018922193,5.75,6.0,5.0,1.0,0.4330127018922193,9.722186500000001,10.437504,7.576234,2.86127,1.2389662535431505,10.0,10.0,10.0,0.0,0.0,0,0,1,0,1
AgIn3,L12,111,0.6964427164430447,8,0.1627382254009717,2,1.8175,1.93,1.78,0.1499999999999999,0.06495190528383286,156.25,160.0,155.0,5.0,2.165063509461097,12.5,13.0,11.0,2.0,0.8660254037844386,5.0,5.0,5.0,0.0,0.0,6.23382535,7.576234,5.7863558,1.7898782000000004,0.7750399954399823,10.0,10.0,10.0,0.0,0.0,0,0,1,0,1
AgIr3,L12,111,-0.345902403953886,5,1.2622071154983132,2,2.1325000000000003,2.2,1.93,0.27000000000000024,0.11691342951089932,141.25,160.0,135.0,25.0,10.825317547305483,9.5,11.0,9.0,2.0,0.8660254037844386,5.75,6.0,5.0,1.0,0.4330127018922193,8.6193235,8.96702,7.576234,1.3907859999999994,0.602228003613872,7.75,10.0,7.0,3.0,1.299038105676658,0,0,1,0,1
AgLa3,L12,111,-0.7339733372600392,3,0.3652769094005634,2,1.3075,1.93,1.1,0.8299999999999998,0.35940054257054194,186.25,195.0,160.0,35.0,15.155444566227676,5.0,11.0,3.0,8.0,3.4641016151377544,5.75,6.0,5.0,1.0,0.4330127018922193,6.0767335,7.576234,5.5769,1.9993340000000002,0.8657370173249784,3.25,10.0,1.0,9.0,3.897114317029974,0,0,1,0,1
AgMo3,L12,111,-0.9597363930579093,3,1.6264997891012172,2,2.1025,2.16,1.93,0.2300000000000002,0.09959292143521054,148.75,160.0,145.0,15.0,6.49519052838329,7.25,11.0,6.0,5.0,2.165063509461097,5.0,5.0,5.0,0.0,0.0,7.213381,7.576234,7.09243,0.4838040000000001,0.20949327722626332,6.25,10.0,5.0,5.0,2.165063509461097,0,0,1,0,1
AgNb3,L12,111,-1.039290914660313,2,0.0556959884015668,2,1.6825,1.93,1.6,0.32999999999999985,0.14289419162443232,148.75,160.0,145.0,15.0,6.49519052838329,6.5,11.0,5.0,6.0,2.598076211353316,5.0,5.0,5.0,0.0,0.0,6.963196,7.576234,6.75885,0.8173840000000006,0.35393765432347,5.5,10.0,4.0,6.0,2.598076211353316,0,0,1,0,1
AgNi3,L12,111,-0.3702986341586154,4,1.224894866005343,2,1.9149999999999998,1.93,1.91,0.020000000000000018,0.008660254037844395,141.25,160.0,135.0,25.0,10.825317547305483,10.25,11.0,10.0,1.0,0.4330127018922193,4.25,5.0,4.0,1.0,0.4330127018922193,7.623967,7.639878,7.576234,0.06364400000000003,0.02755866039922842,8.5,10.0,8.0,2.0,0.8660254037844386,0,0,1,0,1
AgOs3,L12,111,-0.38174877635808,5,1.2811738583041006,2,2.1325000000000003,2.2,1.93,0.27000000000000024,0.11691342951089932,137.5,160.0,130.0,30.0,12.99038105676658,8.75,11.0,8.0,3.0,1.299038105676658,5.75,6.0,5.0,1.0,0.4330127018922193,8.222731000000001,8.43823,7.576234,0.8619960000000004,0.3732552169802857,7.0,10.0,6.0,4.0,1.7320508075688772,0,0,1,0,1
AgPb3,L12,111,0.6533934907429568,5,0.2681903652992332,2,1.8325,1.93,1.8,0.1299999999999999,0.056291651245988464,175.0,180.0,160.0,20.0,8.660254037844387,13.25,14.0,11.0,3.0,1.299038105676658,5.75,6.0,5.0,1.0,0.4330127018922193,7.456568425,7.576234,7.4166799,0.15955410000000025,0.06908895193898146,10.0,10.0,10.0,0.0,0.0,0,0,1,0,1
AgPd3,L12,111,-0.2910649347604419,7,0.497450764196401,2,2.1325000000000003,2.2,1.93,0.27000000000000024,0.11691342951089932,145.0,160.0,140.0,20.0,8.660254037844387,10.25,11.0,10.0,1.0,0.4330127018922193,5.0,5.0,5.0,0.0,0.0,8.14668775,8.336839,7.576234,0.7606049999999991,0.32935162612273106,10.0,10.0,10.0,0.0,0.0,0,0,1,0,1
AgPt3,L12,111,-0.3025258254556036,5,0.0959052978942054,2,2.1325000000000003,2.2,1.93,0.27000000000000024,0.11691342951089932,141.25,160.0,135.0,25.0,10.825317547305483,10.25,11.0,10.0,1.0,0.4330127018922193,5.75,6.0,5.0,1.0,0.4330127018922193,8.613181,8.95883,7.576234,1.3825960000000004,0.5986816295853751,9.25,10.0,9.0,1.0,0.4330127018922193,0,0,1,0,1
AgRe3,L12,111,-0.6690813977611185,2,0.3793273714036331,2,1.9074999999999998,1.93,1.9,0.030000000000000027,0.012990381056766592,141.25,160.0,135.0,25.0,10.825317547305483,8.0,11.0,7.0,4.0,1.7320508075688772,5.75,6.0,5.0,1.0,0.4330127018922193,7.7691985,7.83352,7.576234,0.2572859999999997,0.1114081060190414,6.25,10.0,5.0,5.0,2.165063509461097,0,0,1,0,1
AgRh3,L12,111,-0.450878344657184,2,0.096277413496864,2,2.1925,2.28,1.93,0.34999999999999987,0.15155444566227672,141.25,160.0,135.0,25.0,10.825317547305483,9.5,11.0,9.0,2.0,0.8660254037844386,5.0,5.0,5.0,0.0,0.0,7.4882335,7.576234,7.4589,0.1173340000000005,0.05080711236382188,8.5,10.0,8.0,2.0,0.8660254037844386,0,0,1,0,1
AgRu3,L12,111,-0.4305786523536596,2,0.021634682896547,2,2.1325000000000003,2.2,1.93,0.27000000000000024,0.11691342951089932,137.5,160.0,130.0,30.0,12.99038105676658,8.75,11.0,8.0,3.0,1.299038105676658,5.0,5.0,5.0,0.0,0.0,7.4144334999999995,7.576234,7.3605,0.21573400000000031,0.09341556223001618,7.75,10.0,7.0,3.0,1.299038105676658,0,0,1,0,1
AgSc3,L12,111,-1.1699184827584477,2,0.024177042501833,2,1.5025,1.93,1.36,0.5699999999999998,0.24681724007856495,160.0,160.0,160.0,0.0,0.0,5.0,11.0,3.0,8.0,3.4641016151377544,4.25,5.0,4.0,1.0,0.4330127018922193,6.815176,7.576234,6.56149,1.0147440000000003,0.4393970411689183,3.25,10.0,1.0,9.0,3.897114317029974,0,0,1,0,1
AgSn3,L12,111,0.6960582195397649,7,0.3615209220006363,2,1.9525,1.96,1.93,0.030000000000000027,0.012990381056766592,148.75,160.0,145.0,15.0,6.49519052838329,13.25,14.0,11.0,3.0,1.299038105676658,5.0,5.0,5.0,0.0,0.0,7.401997,7.576234,7.343918,0.23231599999999997,0.10059577885279282,10.0,10.0,10.0,0.0,0.0,0,0,1,0,1
AgTa3,L12,111,-1.0373963221563542,3,0.1768090959994879,2,1.6075,1.93,1.5,0.42999999999999994,0.1861954618136543,148.75,160.0,145.0,15.0,6.49519052838329,6.5,11.0,5.0,6.0,2.598076211353316,5.75,6.0,5.0,1.0,0.4330127018922193,7.55623675,7.576234,7.549571,0.026663000000000103,0.01154541767055229,4.75,10.0,3.0,7.0,3.031088913245535,0,0,1,0,1
AgTc3,L12,111,-0.6613775828581936,2,0.2099620855005923,2,2.0575,2.1,1.93,0.17000000000000015,0.07361215932167735,141.25,160.0,135.0,25.0,10.825317547305483,8.0,11.0,7.0,4.0,1.7320508075688772,5.0,5.0,5.0,0.0,0.0,7.2335935,7.576234,7.11938,0.45685400000000076,0.1978235849102683,6.25,10.0,5.0,5.0,2.165063509461097,0,0,1,0,1
AgTi3,L12,111,-1.1141933780590705,2,0.0214409377986157,2,1.6375,1.93,1.54,0.3899999999999999,0.1688749537379655,145.0,160.0,140.0,20.0,8.660254037844387,5.75,11.0,4.0,7.0,3.031088913245535,4.25,5.0,4.0,1.0,0.4330127018922193,7.0151485000000005,7.576234,6.82812,0.7481140000000002,0.3239428644633958,4.0,10.0,2.0,8.0,3.4641016151377544,0,0,1,0,1
AgTl3,L12,111,0.6428769712411224,6,0.3236071647988865,2,1.8325,1.93,1.8,0.1299999999999999,0.056291651245988464,182.5,190.0,160.0,30.0,12.99038105676658,12.5,13.0,11.0,2.0,0.8660254037844386,5.75,6.0,5.0,1.0,0.4330127018922193,6.4752739749999995,7.576234,6.1082873,1.4679467000000006,0.6356395668007674,10.0,10.0,10.0,0.0,0.0,0,0,1,0,1
AgV3,L12,111,-1.023126536357239,2,0.0050375074024486,2,1.7049999999999998,1.93,1.63,0.30000000000000004,0.1299038105676658,141.25,160.0,135.0,25.0,10.825317547305483,6.5,11.0,5.0,6.0,2.598076211353316,4.25,5.0,4.0,1.0,0.4330127018922193,6.95369875,7.576234,6.746187,0.8300470000000004,0.3594208941675312,4.75,10.0,3.0,7.0,3.031088913245535,0,0,1,0,1
AgW3,L12,111,-1.0488953087578636,3,1.7885901115987508,2,1.7574999999999998,1.93,1.7,0.22999999999999998,0.09959292143521044,141.25,160.0,135.0,25.0,10.825317547305483,7.25,11.0,6.0,5.0,2.165063509461097,5.75,6.0,5.0,1.0,0.4330127018922193,7.792081,7.86403,7.576234,0.2877959999999993,0.12461932355377284,5.5,10.0,4.0,6.0,2.598076211353316,0,0,1,0,1
AgY3,L12,111,-1.0834441061587938,4,1.5415078887999698,2,1.3975,1.93,1.22,0.71,0.3074390183434757,175.0,180.0,160.0,20.0,8.660254037844387,5.0,11.0,3.0,8.0,3.4641016151377544,5.0,5.0,5.0,0.0,0.0,6.5570034999999995,7.576234,6.21726,1.3589740000000008,0.5884530035412772,3.25,10.0,1.0,9.0,3.897114317029974,0,0,1,0,1
AgZn3,L12,111,0.5287924280355867,3,0.1180555004102643,2,1.7199999999999998,1.93,1.65,0.28,0.12124355652982141,141.25,160.0,135.0,25.0,10.825317547305483,11.75,12.0,11.0,1.0,0.4330127018922193,4.25,5.0,4.0,1.0,0.4330127018922193,8.93970625,9.394197,7.576234,1.8179629999999998,0.7872010705700846,10.0,10.0,10.0,0.0,0.0,0,0,1,0,1
AgZr3,L12,111,-1.0387228770586887,3,1.5666207308022422,2,1.48,1.93,1.33,0.5999999999999999,0.25980762113533157,156.25,160.0,155.0,5.0,2.165063509461097,5.75,11.0,4.0,7.0,3.031088913245535,5.0,5.0,5.0,0.0,0.0,6.869653,7.576234,6.634126,0.9421080000000002,0.40794473055427505,4.0,10.0,2.0,8.0,3.4641016151377544,0,0,1,0,1
Al3Au,L12,111,0.3352901004118678,3,0.4310092724599599,2,1.8075,2.4,1.61,0.7899999999999998,0.3420800344948532,127.5,135.0,125.0,10.0,4.330127018922194,12.5,13.0,11.0,2.0,0.8660254037844386,3.75,6.0,3.0,3.0,1.299038105676658,6.795715250000001,9.225554,5.985769,3.2397850000000004,1.4028680563998839,2.5,10.0,0.0,10.0,4.330127018922194,0,0,1,0,1
Al3Bi,L12,111,0.3132471107410595,1,0.0,2,1.6825,1.9,1.61,0.2899999999999998,0.12557368354874351,133.75,160.0,125.0,35.0,15.155444566227676,13.5,15.0,13.0,2.0,0.8660254037844386,3.75,6.0,3.0,3.0,1.299038105676658,6.31070575,7.285516,5.985769,1.299747,0.5628069602463064,2.5,10.0,0.0,10.0,4.330127018922194,0,0,1,0,1
Al3Cd,L12,111,0.3015158749713293,3,0.0835782689200641,2,1.63,1.69,1.61,0.07999999999999985,0.03464101615137748,132.5,155.0,125.0,30.0,12.99038105676658,12.75,13.0,12.0,1.0,0.4330127018922193,3.5,5.0,3.0,2.0,0.8660254037844386,6.73778175,8.99382,5.985769,3.008050999999999,1.302524290939592,2.5,10.0,0.0,10.0,4.330127018922194,0,0,1,0,1
Al3Co,L12,111,0.125612237742672,3,0.5408393157995306,2,1.6775,1.88,1.61,0.2699999999999998,0.11691342951089913,127.5,135.0,125.0,10.0,4.330127018922194,12.0,13.0,9.0,4.0,1.7320508075688772,3.25,4.0,3.0,1.0,0.4330127018922193,6.45957925,7.88101,5.985769,1.8952409999999995,0.8206634261469115,1.75,7.0,0.0,7.0,3.031088913245535,0,0,1,0,1
Al3Cr,L12,111,0.0508349467718574,6,0.3142491699500169,2,1.6225,1.66,1.61,0.04999999999999982,0.02165063509461089,128.75,140.0,125.0,15.0,6.49519052838329,11.25,13.0,6.0,7.0,3.031088913245535,3.25,4.0,3.0,1.0,0.4330127018922193,6.18095425,6.76651,5.985769,0.7807409999999999,0.3380707698880332,1.25,5.0,0.0,5.0,2.165063509461097,0,0,1,0,1
Al3Cu,L12,111,0.3458673013419968,6,0.4177162392988975,2,1.6825,1.9,1.61,0.2899999999999998,0.12557368354874351,127.5,135.0,125.0,10.0,4.330127018922194,12.5,13.0,11.0,2.0,0.8660254037844386,3.25,4.0,3.0,1.0,0.4330127018922193,6.42092175,7.72638,5.985769,1.7406109999999995,0.7537066720533175,2.5,10.0,0.0,10.0,4.330127018922194,0,0,1,0,1
Al3Fe,L12,111,0.1905376472432465,4,0.5202106377983,2,1.665,1.83,1.61,0.21999999999999997,0.09526279441628824,128.75,140.0,125.0,15.0,6.49519052838329,11.75,13.0,8.0,5.0,2.165063509461097,3.25,4.0,3.0,1.0,0.4330127018922193,6.464943775,7.9024681,5.985769,1.9166990999999998,0.829955056005385,1.5,6.0,0.0,6.0,2.598076211353316,0,0,1,0,1
Al3Ga,L12,111,0.2957257006428619,3,0.0896178355978918,2,1.6600000000000001,1.81,1.61,0.19999999999999996,0.08660254037844385,126.25,130.0,125.0,5.0,2.165063509461097,13.0,13.0,13.0,0.0,0.0,3.25,4.0,3.0,1.0,0.4330127018922193,5.98915225,5.999302,5.985769,0.013532999999999795,0.005859960894707315,2.5,10.0,0.0,10.0,4.330127018922194,0,0,1,0,1
Al3Hf,L12,111,-0.1796038411584675,6,1.0915375880804277,2,1.5325,1.61,1.3,0.31000000000000005,0.13423393758658803,132.5,155.0,125.0,30.0,12.99038105676658,10.75,13.0,4.0,9.0,3.897114317029974,3.75,6.0,3.0,3.0,1.299038105676658,6.19559425,6.82507,5.985769,0.8393009999999999,0.3634279937108415,0.5,2.0,0.0,2.0,0.8660254037844386,0,0,1,0,1
Al3Hg,L12,111,0.3198962123824742,5,0.1147509499896841,2,1.6825,1.9,1.61,0.2899999999999998,0.12557368354874351,131.25,150.0,125.0,25.0,10.825317547305483,12.75,13.0,12.0,1.0,0.4330127018922193,3.75,6.0,3.0,3.0,1.299038105676658,7.09870275,10.437504,5.985769,4.451735,1.927657800458159,2.5,10.0,0.0,10.0,4.330127018922194,0,0,1,0,1
Al3In,L12,111,0.2749036857922249,3,0.1038665324995236,2,1.6525,1.78,1.61,0.16999999999999993,0.07361215932167725,132.5,155.0,125.0,30.0,12.99038105676658,13.0,13.0,13.0,0.0,0.0,3.5,5.0,3.0,2.0,0.8660254037844386,5.9359157,5.985769,5.7863558,0.1994132000000004,0.08634844852497368,2.5,10.0,0.0,10.0,4.330127018922194,0,0,1,0,1
Al3Ir,L12,111,-0.0184463250070336,3,0.5108286968697939,2,1.7575,2.2,1.61,0.5900000000000001,0.2554774941164094,127.5,135.0,125.0,10.0,4.330127018922194,12.0,13.0,9.0,4.0,1.7320508075688772,3.75,6.0,3.0,3.0,1.299038105676658,6.7310817499999995,8.96702,5.985769,2.9812509999999994,1.2909195505288804,1.75,7.0,0.0,7.0,3.031088913245535,0,0,1,0,1
Al3La,L12,111,-0.271641040867479,5,1.241383468010099,2,1.4825,1.61,1.1,0.51,0.22083647796503186,142.5,195.0,125.0,70.0,30.31088913245535,10.5,13.0,3.0,10.0,4.330127018922194,3.75,6.0,3.0,3.0,1.299038105676658,5.8835517500000005,5.985769,5.5769,0.40886900000000015,0.1770454704099699,0.25,1.0,0.0,1.0,0.4330127018922193,0,0,1,0,1
Al3Mn,L12,111,0.1516074088713424,3,0.1423234289104584,2,1.595,1.61,1.55,0.06000000000000005,0.025980762113533184,128.75,140.0,125.0,15.0,6.49519052838329,11.5,13.0,7.0,6.0,2.598076211353316,3.25,4.0,3.0,1.0,0.4330127018922193,6.34783625,7.434038,5.985769,1.4482689999999998,0.6271188727567425,1.25,5.0,0.0,5.0,2.165063509461097,0,0,1,0,1
Al3Mo,L12,111,0.1472798464319851,4,0.0501127566403738,2,1.7475,2.16,1.61,0.55,0.23815698604072066,130.0,145.0,125.0,20.0,8.660254037844387,11.25,13.0,6.0,7.0,3.031088913245535,3.5,5.0,3.0,2.0,0.8660254037844386,6.26243425,7.09243,5.985769,1.106661,0.4791982696887453,1.25,5.0,0.0,5.0,2.165063509461097,0,0,1,0,1
Al3Nb,L12,111,0.0357829697914269,5,0.3722362207900005,2,1.6075,1.61,1.6,0.010000000000000009,0.004330127018922197,130.0,145.0,125.0,20.0,8.660254037844387,11.0,13.0,5.0,8.0,3.4641016151377544,3.5,5.0,3.0,2.0,0.8660254037844386,6.17903925,6.75885,5.985769,0.7730809999999995,0.33475389259153854,1.0,4.0,0.0,4.0,1.7320508075688772,0,0,1,0,1
Al3Ni,L12,111,0.526165168842482,1,0.0,2,1.685,1.91,1.61,0.2999999999999998,0.12990381056766573,127.5,135.0,125.0,10.0,4.330127018922194,12.25,13.0,10.0,3.0,1.299038105676658,3.25,4.0,3.0,1.0,0.4330127018922193,6.39929625,7.639878,5.985769,1.654109,0.716250207314237,2.0,8.0,0.0,8.0,3.4641016151377544,0,0,1,0,1
Al3Os,L12,111,-0.2302932070169561,3,0.618049576649355,2,1.7575,2.2,1.61,0.5900000000000001,0.2554774941164094,126.25,130.0,125.0,5.0,2.165063509461097,11.75,13.0,8.0,5.0,2.165063509461097,3.75,6.0,3.0,3.0,1.299038105676658,6.59888425,8.43823,5.985769,2.4524610000000004,1.0619467638952942,1.5,6.0,0.0,6.0,2.598076211353316,0,0,1,0,1
Al3Pb,L12,111,0.1938590688223769,5,0.318335911630129,2,1.6575,1.8,1.61,0.18999999999999995,0.08227241335952165,138.75,180.0,125.0,55.0,23.81569860407206,13.25,14.0,13.0,1.0,0.4330127018922193,3.75,6.0,3.0,3.0,1.299038105676658,6.343496725,7.4166799,5.985769,1.4309108999999998,0.6196025949760271,2.5,10.0,0.0,10.0,4.330127018922194,0,0,1,0,1
Al3Pd,L12,111,0.3953969180611523,5,0.411456260470004,2,1.7575,2.2,1.61,0.5900000000000001,0.2554774941164094,128.75,140.0,125.0,15.0,6.49519052838329,12.25,13.0,10.0,3.0,1.299038105676658,3.5,5.0,3.0,2.0,0.8660254037844386,6.5735364999999994,8.336839,5.985769,2.351069999999999,1.0180431730377397,2.5,10.0,0.0,10.0,4.330127018922194,0,0,1,0,1
Al3Pt,L12,111,0.4502826874804952,4,0.034144300250773,2,1.7575,2.2,1.61,0.5900000000000001,0.2554774941164094,127.5,135.0,125.0,10.0,4.330127018922194,12.25,13.0,10.0,3.0,1.299038105676658,3.75,6.0,3.0,3.0,1.299038105676658,6.72903425,8.95883,5.985769,2.9730610000000004,1.2873731765003837,2.25,9.0,0.0,9.0,3.897114317029974,0,0,1,0,1
Al3Re,L12,111,-0.0857998062992635,3,0.538225662370678,2,1.6825,1.9,1.61,0.2899999999999998,0.12557368354874351,127.5,135.0,125.0,10.0,4.330127018922194,11.5,13.0,7.0,6.0,2.598076211353316,3.75,6.0,3.0,3.0,1.299038105676658,6.44770675,7.83352,5.985769,1.8477509999999997,0.80009965293405,1.25,5.0,0.0,5.0,2.165063509461097,0,0,1,0,1
Al3Rh,L12,111,0.4143990355724156,2,0.1669272819299294,2,1.7774999999999999,2.28,1.61,0.6699999999999997,0.2901185102677868,127.5,135.0,125.0,10.0,4.330127018922194,12.0,13.0,9.0,4.0,1.7320508075688772,3.5,5.0,3.0,2.0,0.8660254037844386,6.35405175,7.4589,5.985769,1.4731309999999995,0.6378844345511867,2.0,8.0,0.0,8.0,3.4641016151377544,0,0,1,0,1
Al3Ru,L12,111,0.0368318325827488,3,0.4330867255594057,2,1.7575,2.2,1.61,0.5900000000000001,0.2554774941164094,126.25,130.0,125.0,5.0,2.165063509461097,11.75,13.0,8.0,5.0,2.165063509461097,3.5,5.0,3.0,2.0,0.8660254037844386,6.3294517500000005,7.3605,5.985769,1.3747309999999997,0.5952759846849924,1.75,7.0,0.0,7.0,3.031088913245535,0,0,1,0,1
Al3Sc,L12,111,-0.2349613199175735,2,0.0680891410493131,2,1.5475,1.61,1.36,0.25,0.10825317547305482,133.75,160.0,125.0,35.0,15.155444566227676,10.5,13.0,3.0,10.0,4.330127018922194,3.25,4.0,3.0,1.0,0.4330127018922193,6.12969925,6.56149,5.985769,0.5757209999999997,0.24929450574609027,0.25,1.0,0.0,1.0,0.4330127018922193,0,0,1,0,1
Al3Sn,L12,111,0.3015822707511972,3,0.1231496075606628,2,1.6975,1.96,1.61,0.34999999999999987,0.15155444566227672,130.0,145.0,125.0,20.0,8.660254037844387,13.25,14.0,13.0,1.0,0.4330127018922193,3.5,5.0,3.0,2.0,0.8660254037844386,6.325306250000001,7.343918,5.985769,1.358149,0.5880957680622158,2.5,10.0,0.0,10.0,4.330127018922194,0,0,1,0,1
Al3Ta,L12,111,-0.0070063871180252,5,0.9898505513692726,2,1.5825,1.61,1.5,0.1100000000000001,0.04763139720814417,130.0,145.0,125.0,20.0,8.660254037844387,11.0,13.0,5.0,8.0,3.4641016151377544,3.75,6.0,3.0,3.0,1.299038105676658,6.3767195,7.549571,5.985769,1.563802,0.6771461292444563,0.75,3.0,0.0,3.0,1.299038105676658,0,0,1,0,1
Al3Tc,L12,111,0.1655575969225822,2,0.3468708572099785,2,1.7325,2.1,1.61,0.49,0.21217622392718746,127.5,135.0,125.0,10.0,4.330127018922194,11.5,13.0,7.0,6.0,2.598076211353316,3.5,5.0,3.0,2.0,0.8660254037844386,6.26917175,7.11938,5.985769,1.1336109999999993,0.4908679620047403,1.25,5.0,0.0,5.0,2.165063509461097,0,0,1,0,1
Al3Ti,L12,111,-0.1583022256381525,6,1.0460239634694517,2,1.5925,1.61,1.54,0.07000000000000006,0.03031088913245538,128.75,140.0,125.0,15.0,6.49519052838329,10.75,13.0,4.0,9.0,3.897114317029974,3.25,4.0,3.0,1.0,0.4330127018922193,6.19635675,6.82812,5.985769,0.8423509999999998,0.36474868245161274,0.5,2.0,0.0,2.0,0.8660254037844386,0,0,1,0,1
Al3Tl,L12,111,0.3856005477519204,3,0.0230417835200569,2,1.6575,1.8,1.61,0.18999999999999995,0.08227241335952165,141.25,190.0,125.0,65.0,28.145825622994256,13.0,13.0,13.0,0.0,0.0,3.75,6.0,3.0,3.0,1.299038105676658,6.016398575,6.1082873,5.985769,0.12251829999999941,0.05305198011424124,2.5,10.0,0.0,10.0,4.330127018922194,0,0,1,0,1
Al3V,L12,111,-0.0197225389074162,2,0.0637513743395175,2,1.615,1.63,1.61,0.019999999999999796,0.008660254037844298,127.5,135.0,125.0,10.0,4.330127018922194,11.0,13.0,5.0,8.0,3.4641016151377544,3.25,4.0,3.0,1.0,0.4330127018922193,6.1758735,6.746187,5.985769,0.7604179999999996,0.32927065274747747,0.75,3.0,0.0,3.0,1.299038105676658,0,0,1,0,1
Al3W,L12,111,-0.0194730105185669,3,0.7644702236402736,2,1.6325,1.7,1.61,0.08999999999999986,0.03897114317029968,127.5,135.0,125.0,10.0,4.330127018922194,11.25,13.0,6.0,7.0,3.031088913245535,3.75,6.0,3.0,3.0,1.299038105676658,6.45533425,7.86403,5.985769,1.8782609999999993,0.8133108704687815,1.0,4.0,0.0,4.0,1.7320508075688772,0,0,1,0,1
Al3Y,L12,111,-0.2886036651679831,7,1.2040495853998436,2,1.5125,1.61,1.22,0.3900000000000001,0.16887495373796557,138.75,180.0,125.0,55.0,23.81569860407206,10.5,13.0,3.0,10.0,4.330127018922194,3.5,5.0,3.0,2.0,0.8660254037844386,6.04364175,6.21726,5.985769,0.23149099999999923,0.1002385433737314,0.25,1.0,0.0,1.0,0.4330127018922193,0,0,1,0,1
Al3Zn,L12,111,0.3741389768411238,5,0.4216508692989009,2,1.62,1.65,1.61,0.039999999999999813,0.017320508075688693,127.5,135.0,125.0,10.0,4.330127018922194,12.75,13.0,12.0,1.0,0.4330127018922193,3.25,4.0,3.0,1.0,0.4330127018922193,6.837876,9.394197,5.985769,3.408428,1.4758926174850933,2.5,10.0,0.0,10.0,4.330127018922194,0,0,1,0,1
Al3Zr,L12,111,-0.1806929767880944,6,1.0512412020998454,2,1.54,1.61,1.33,0.28,0.12124355652982143,132.5,155.0,125.0,30.0,12.99038105676658,10.75,13.0,4.0,9.0,3.897114317029974,3.5,5.0,3.0,2.0,0.8660254037844386,6.1478582500000005,6.634126,5.985769,0.6483569999999999,0.28074681636073356,0.5,2.0,0.0,2.0,0.8660254037844386,0,0,1,0,1
AlAu3,L12,111,0.3127471015423282,4,0.1871262921995367,2,2.2024999999999997,2.4,1.61,0.7899999999999998,0.3420800344948532,132.5,135.0,125.0,10.0,4.330127018922194,11.5,13.0,11.0,2.0,0.8660254037844386,5.25,6.0,3.0,3.0,1.299038105676658,8.41560775,9.225554,5.985769,3.2397850000000004,1.4028680563998839,7.5,10.0,0.0,10.0,4.330127018922194,0,0,1,0,1
AlCd3,L12,111,0.320634321141398,3,0.6064806568010681,2,1.6700000000000002,1.69,1.61,0.07999999999999985,0.03464101615137748,147.5,155.0,125.0,30.0,12.99038105676658,12.25,13.0,12.0,1.0,0.4330127018922193,4.5,5.0,3.0,2.0,0.8660254037844386,8.241807249999999,8.99382,5.985769,3.008050999999999,1.3025242909395918,7.5,10.0,0.0,10.0,4.330127018922194,0,0,1,0,1
AlCo3,L12,111,-0.5420023303513233,1,0.0,2,1.8125,1.88,1.61,0.2699999999999998,0.11691342951089913,132.5,135.0,125.0,10.0,4.330127018922194,10.0,13.0,9.0,4.0,1.7320508075688772,3.75,4.0,3.0,1.0,0.4330127018922193,7.40719975,7.88101,5.985769,1.8952409999999995,0.8206634261469115,5.25,7.0,0.0,7.0,3.031088913245535,0,0,1,0,1
AlCr3,L12,111,-0.9366599151571506,2,0.2339583083012257,2,1.6475,1.66,1.61,0.04999999999999982,0.02165063509461089,136.25,140.0,125.0,15.0,6.49519052838329,7.75,13.0,6.0,7.0,3.031088913245535,3.75,4.0,3.0,1.0,0.4330127018922193,6.5713247500000005,6.76651,5.985769,0.7807409999999999,0.3380707698880332,3.75,5.0,0.0,5.0,2.165063509461097,0,0,1,0,1
AlCu3,L12,111,-0.0413019826582683,5,0.5553537319065072,2,1.8275,1.9,1.61,0.2899999999999998,0.12557368354874351,132.5,135.0,125.0,10.0,4.330127018922194,11.5,13.0,11.0,2.0,0.8660254037844386,3.75,4.0,3.0,1.0,0.4330127018922193,7.29122725,7.72638,5.985769,1.7406109999999995,0.7537066720533175,7.5,10.0,0.0,10.0,4.330127018922194,0,0,1,0,1
AlFe3,L12,111,-0.53569146625793,3,1.7095515178989444,2,1.7750000000000001,1.83,1.61,0.21999999999999997,0.09526279441628824,136.25,140.0,125.0,15.0,6.49519052838329,9.25,13.0,8.0,5.0,2.165063509461097,3.75,4.0,3.0,1.0,0.4330127018922193,7.423293325,7.9024681,5.985769,1.9166990999999998,0.829955056005385,4.5,6.0,0.0,6.0,2.598076211353316,0,0,1,0,1
AlGa3,L12,111,0.3208846659408948,6,0.6271351856048568,2,1.76,1.81,1.61,0.19999999999999996,0.08660254037844385,128.75,130.0,125.0,5.0,2.165063509461097,13.0,13.0,13.0,0.0,0.0,3.75,4.0,3.0,1.0,0.4330127018922193,5.99591875,5.999302,5.985769,0.013532999999999795,0.005859960894707315,7.5,10.0,0.0,10.0,4.330127018922194,0,0,1,0,1
AlHf3,L12,111,-1.038593486958206,4,1.5650168918982672,2,1.3775000000000002,1.61,1.3,0.31000000000000005,0.13423393758658803,147.5,155.0,125.0,30.0,12.99038105676658,6.25,13.0,4.0,9.0,3.897114317029974,5.25,6.0,3.0,3.0,1.299038105676658,6.6152447500000005,6.82507,5.985769,0.8393009999999999,0.3634279937108415,1.5,2.0,0.0,2.0,0.8660254037844386,0,0,1,0,1
AlHg3,L12,111,0.2341642985402643,2,0.922334890201455,2,1.8275,1.9,1.61,0.2899999999999998,0.12557368354874351,143.75,150.0,125.0,25.0,10.825317547305483,12.25,13.0,12.0,1.0,0.4330127018922193,5.25,6.0,3.0,3.0,1.299038105676658,9.32457025,10.437504,5.985769,4.451735,1.927657800458159,7.5,10.0,0.0,10.0,4.330127018922194,0,0,1,0,1
AlIn3,L12,111,0.2552061813412649,5,0.6023971805007022,2,1.7375,1.78,1.61,0.16999999999999993,0.07361215932167725,147.5,155.0,125.0,30.0,12.99038105676658,13.0,13.0,13.0,0.0,0.0,4.5,5.0,3.0,2.0,0.8660254037844386,5.8362091000000005,5.985769,5.7863558,0.1994132000000004,0.08634844852497368,7.5,10.0,0.0,10.0,4.330127018922194,0,0,1,0,1
AlIr3,L12,111,-0.2943101644550268,6,1.1742003299987118,2,2.0525,2.2,1.61,0.5900000000000001,0.2554774941164094,132.5,135.0,125.0,10.0,4.330127018922194,10.0,13.0,9.0,4.0,1.7320508075688772,5.25,6.0,3.0,3.0,1.299038105676658,8.22170725,8.96702,5.985769,2.9812509999999994,1.2909195505288804,5.25,7.0,0.0,7.0,3.031088913245535,0,0,1,0,1
AlLa3,L12,111,-0.679119677256466,4,0.730901988399637,2,1.2275,1.61,1.1,0.51,0.22083647796503186,177.5,195.0,125.0,70.0,30.31088913245535,5.5,13.0,3.0,10.0,4.330127018922194,5.25,6.0,3.0,3.0,1.299038105676658,5.67911725,5.985769,5.5769,0.40886900000000015,0.1770454704099699,0.75,1.0,0.0,1.0,0.4330127018922193,0,0,1,0,1
AlMo3,L12,111,-0.8961292390585811,3,1.8299293738018605,2,2.0225,2.16,1.61,0.55,0.23815698604072066,140.0,145.0,125.0,20.0,8.660254037844387,7.75,13.0,6.0,7.0,3.031088913245535,4.5,5.0,3.0,2.0,0.8660254037844386,6.8157647500000005,7.09243,5.985769,1.106661,0.4791982696887453,3.75,5.0,0.0,5.0,2.165063509461097,0,0,1,0,1
AlNb3,L12,111,-0.9920329042570016,4,1.8129887906998192,2,1.6025000000000003,1.61,1.6,0.010000000000000009,0.004330127018922197,140.0,145.0,125.0,20.0,8.660254037844387,7.0,13.0,5.0,8.0,3.4641016151377544,4.5,5.0,3.0,2.0,0.8660254037844386,6.56557975,6.75885,5.985769,0.7730809999999995,0.33475389259153854,3.0,4.0,0.0,4.0,1.7320508075688772,0,0,1,0,1
AlNi3,L12,111,-0.5874389467562366,3,1.450824727602594,2,1.835,1.91,1.61,0.2999999999999998,0.12990381056766573,132.5,135.0,125.0,10.0,4.330127018922194,10.75,13.0,10.0,3.0,1.299038105676658,3.75,4.0,3.0,1.0,0.4330127018922193,7.226350750000001,7.639878,5.985769,1.654109,0.716250207314237,6.0,8.0,0.0,8.0,3.4641016151377544,0,0,1,0,1
AlOs3,L12,111,-0.3214234512588234,4,1.1696409266005503,2,2.0525,2.2,1.61,0.5900000000000001,0.2554774941164094,128.75,130.0,125.0,5.0,2.165063509461097,9.25,13.0,8.0,5.0,2.165063509461097,5.25,6.0,3.0,3.0,1.299038105676658,7.825114750000001,8.43823,5.985769,2.4524610000000004,1.0619467638952942,4.5,6.0,0.0,6.0,2.598076211353316,0,0,1,0,1
AlPb3,L12,111,0.1969010294424436,6,0.7253450155985774,2,1.7525000000000002,1.8,1.61,0.18999999999999995,0.08227241335952165,166.25,180.0,125.0,55.0,23.81569860407206,13.75,14.0,13.0,1.0,0.4330127018922193,5.25,6.0,3.0,3.0,1.299038105676658,7.058952175000001,7.4166799,5.985769,1.4309108999999998,0.6196025949760271,7.5,10.0,0.0,10.0,4.330127018922194,0,0,1,0,1
AlPd3,L12,111,-0.2357480010605002,3,1.008676475201355,2,2.0525,2.2,1.61,0.5900000000000001,0.2554774941164094,136.25,140.0,125.0,15.0,6.49519052838329,10.75,13.0,10.0,3.0,1.299038105676658,4.5,5.0,3.0,2.0,0.8660254037844386,7.7490715,8.336839,5.985769,2.351069999999999,1.0180431730377397,7.5,10.0,0.0,10.0,4.330127018922194,0,0,1,0,1
AlPt3,L12,111,-0.2789783184552732,5,1.2477222238994727,2,2.0525,2.2,1.61,0.5900000000000001,0.2554774941164094,132.5,135.0,125.0,10.0,4.330127018922194,10.75,13.0,10.0,3.0,1.299038105676658,5.25,6.0,3.0,3.0,1.299038105676658,8.21556475,8.95883,5.985769,2.9730610000000004,1.2873731765003837,6.75,9.0,0.0,9.0,3.897114317029974,0,0,1,0,1
AlRe3,L12,111,-0.5452315053580321,4,0.5323454183999274,2,1.8275,1.9,1.61,0.2899999999999998,0.12557368354874351,132.5,135.0,125.0,10.0,4.330127018922194,8.5,13.0,7.0,6.0,2.598076211353316,5.25,6.0,3.0,3.0,1.299038105676658,7.37158225,7.83352,5.985769,1.8477509999999997,0.80009965293405,3.75,5.0,0.0,5.0,2.165063509461097,0,0,1,0,1
AlRh3,L12,111,-0.3471613387582408,4,1.0909862854023231,2,2.1125,2.28,1.61,0.6699999999999997,0.29011851026778684,132.5,135.0,125.0,10.0,4.330127018922194,10.0,13.0,9.0,4.0,1.7320508075688772,4.5,5.0,3.0,2.0,0.8660254037844386,7.09061725,7.4589,5.985769,1.4731309999999995,0.6378844345511867,6.0,8.0,0.0,8.0,3.4641016151377544,0,0,1,0,1
AlRu3,L12,111,-0.4449715695581915,3,0.2021548673983488,2,2.0525,2.2,1.61,0.5900000000000001,0.2554774941164094,128.75,130.0,125.0,5.0,2.165063509461097,9.25,13.0,8.0,5.0,2.165063509461097,4.5,5.0,3.0,2.0,0.8660254037844386,7.01681725,7.3605,5.985769,1.3747309999999997,0.5952759846849924,5.25,7.0,0.0,7.0,3.031088913245535,0,0,1,0,1
AlSc3,L12,111,-1.1436588169571849,3,0.7234222591996513,2,1.4225,1.61,1.36,0.25,0.10825317547305482,151.25,160.0,125.0,35.0,15.155444566227676,5.5,13.0,3.0,10.0,4.330127018922194,3.75,4.0,3.0,1.0,0.4330127018922193,6.417559750000001,6.56149,5.985769,0.5757209999999997,0.24929450574609027,0.75,1.0,0.0,1.0,0.4330127018922193,0,0,1,0,1
AlSn3,L12,111,0.2678951217431233,6,0.737905246198352,2,1.8725,1.96,1.61,0.34999999999999987,0.15155444566227672,140.0,145.0,125.0,20.0,8.660254037844387,13.75,14.0,13.0,1.0,0.4330127018922193,4.5,5.0,3.0,2.0,0.8660254037844386,7.00438075,7.343918,5.985769,1.358149,0.5880957680622158,7.5,10.0,0.0,10.0,4.330127018922194,0,0,1,0,1
AlTa3,L12,111,-1.0317385311600162,2,0.050470586400479,2,1.5275,1.61,1.5,0.1100000000000001,0.04763139720814417,140.0,145.0,125.0,20.0,8.660254037844387,7.0,13.0,5.0,8.0,3.4641016151377544,5.25,6.0,3.0,3.0,1.299038105676658,7.1586205000000005,7.549571,5.985769,1.563802,0.6771461292444563,2.25,3.0,0.0,3.0,1.299038105676658,0,0,1,0,1
AlTc3,L12,111,-0.5548239262561481,3,0.3393908559992269,2,1.9775000000000003,2.1,1.61,0.49,0.21217622392718746,132.5,135.0,125.0,10.0,4.330127018922194,8.5,13.0,7.0,6.0,2.598076211353316,4.5,5.0,3.0,2.0,0.8660254037844386,6.83597725,7.11938,5.985769,1.1336109999999993,0.4908679620047403,3.75,5.0,0.0,5.0,2.165063509461097,0,0,1,0,1
AlTi3,L12,111,-1.0808609295590657,3,0.493503617000897,2,1.5575,1.61,1.54,0.07000000000000006,0.03031088913245538,136.25,140.0,125.0,15.0,6.49519052838329,6.25,13.0,4.0,9.0,3.897114317029974,3.75,4.0,3.0,1.0,0.4330127018922193,6.617532250000001,6.82812,5.985769,0.8423509999999998,0.36474868245161274,1.5,2.0,0.0,2.0,0.8660254037844386,0,0,1,0,1
AlTl3,L12,111,0.1521261939424505,4,0.894006070902833,2,1.7525000000000002,1.8,1.61,0.18999999999999995,0.08227241335952165,173.75,190.0,125.0,65.0,28.145825622994256,13.0,13.0,13.0,0.0,0.0,5.25,6.0,3.0,3.0,1.299038105676658,6.077657725,6.1082873,5.985769,0.12251829999999941,0.05305198011424124,7.5,10.0,0.0,10.0,4.330127018922194,0,0,1,0,1
AlV3,L12,111,-1.0439829736596664,3,0.4062405184995441,2,1.625,1.63,1.61,0.019999999999999796,0.008660254037844298,132.5,135.0,125.0,10.0,4.330127018922194,7.0,13.0,5.0,8.0,3.4641016151377544,3.75,4.0,3.0,1.0,0.4330127018922193,6.5560825000000005,6.746187,5.985769,0.7604179999999996,0.32927065274747747,2.25,3.0,0.0,3.0,1.299038105676658,0,0,1,0,1
AlW3,L12,111,-0.925317393956874,3,0.4430803784016461,2,1.6775,1.7,1.61,0.08999999999999986,0.03897114317029968,132.5,135.0,125.0,10.0,4.330127018922194,7.75,13.0,6.0,7.0,3.031088913245535,5.25,6.0,3.0,3.0,1.299038105676658,7.39446475,7.86403,5.985769,1.8782609999999993,0.8133108704687815,3.0,4.0,0.0,4.0,1.7320508075688772,0,0,1,0,1
AlY3,L12,111,-1.0991291560576144,3,0.7156615725998563,2,1.3175000000000001,1.61,1.22,0.3900000000000001,0.16887495373796557,166.25,180.0,125.0,55.0,23.81569860407206,5.5,13.0,3.0,10.0,4.330127018922194,4.5,5.0,3.0,2.0,0.8660254037844386,6.15938725,6.21726,5.985769,0.23149099999999923,0.1002385433737314,0.75,1.0,0.0,1.0,0.4330127018922193,0,0,1,0,1
AlZn3,L12,111,0.4581315390396696,4,0.3595920431034756,2,1.64,1.65,1.61,0.039999999999999813,0.017320508075688693,132.5,135.0,125.0,10.0,4.330127018922194,12.25,13.0,12.0,1.0,0.4330127018922193,3.75,4.0,3.0,1.0,0.4330127018922193,8.54209,9.394197,5.985769,3.408428,1.4758926174850933,7.5,10.0,0.0,10.0,4.330127018922194,0,0,1,0,1
AlZr3,L12,111,-1.041334897859059,4,1.5394426809016295,2,1.4000000000000001,1.61,1.33,0.28,0.12124355652982143,147.5,155.0,125.0,30.0,12.99038105676658,6.25,13.0,4.0,9.0,3.897114317029974,4.5,5.0,3.0,2.0,0.8660254037844386,6.47203675,6.634126,5.985769,0.6483569999999999,0.28074681636073356,1.5,2.0,0.0,2.0,0.8660254037844386,0,0,1,0,1
Au3Bi,L12,111,0.3253033864430392,4,0.0733931839968136,2,2.275,2.4,1.9,0.5,0.21650635094610965,141.25,160.0,135.0,25.0,10.825317547305483,12.0,15.0,11.0,4.0,1.7320508075688772,6.0,6.0,6.0,0.0,0.0,8.7405445,9.225554,7.285516,1.9400380000000004,0.8400610961535775,10.0,10.0,10.0,0.0,0.0,0,0,1,0,1
Au3Cd,L12,111,0.3967598002427905,5,0.1681470322000677,2,2.2224999999999997,2.4,1.69,0.71,0.3074390183434757,140.0,155.0,135.0,20.0,8.660254037844387,11.25,12.0,11.0,1.0,0.4330127018922193,5.75,6.0,5.0,1.0,0.4330127018922193,9.1676205,9.225554,8.99382,0.23173400000000122,0.10034376546029207,10.0,10.0,10.0,0.0,0.0,0,0,1,0,1
Au3Co,L12,111,0.1451081058412739,7,0.4070571320989984,2,2.2699999999999996,2.4,1.88,0.52,0.22516660498395408,135.0,135.0,135.0,0.0,0.0,10.5,11.0,9.0,2.0,0.8660254037844386,5.5,6.0,4.0,2.0,0.8660254037844386,8.889418,9.225554,7.88101,1.3445440000000008,0.5822046302529725,9.25,10.0,7.0,3.0,1.299038105676658,0,0,1,0,1
Au3Cr,L12,111,-0.056515187056874,4,0.5569666865994805,2,2.215,2.4,1.66,0.74,0.3204293994002423,136.25,140.0,135.0,5.0,2.165063509461097,9.75,11.0,6.0,5.0,2.165063509461097,5.5,6.0,4.0,2.0,0.8660254037844386,8.610793000000001,9.225554,6.76651,2.4590440000000005,1.0647972865118507,8.75,10.0,5.0,5.0,2.165063509461097,0,0,1,0,1
Au3Cu,L12,111,0.28385745554354,7,0.4093521401991893,2,2.275,2.4,1.9,0.5,0.21650635094610965,135.0,135.0,135.0,0.0,0.0,11.0,11.0,11.0,0.0,0.0,5.5,6.0,4.0,2.0,0.8660254037844386,8.8507605,9.225554,7.72638,1.499174000000001,0.6491613843465665,10.0,10.0,10.0,0.0,0.0,0,0,1,0,1
Au3Fe,L12,111,0.2186829259417493,5,0.3219233244017232,2,2.2575,2.4,1.83,0.5699999999999998,0.24681724007856495,136.25,140.0,135.0,5.0,2.165063509461097,10.25,11.0,8.0,3.0,1.299038105676658,5.5,6.0,4.0,2.0,0.8660254037844386,8.894782525,9.225554,7.9024681,1.3230859000000006,0.572913000394499,9.0,10.0,6.0,4.0,1.7320508075688772,0,0,1,0,1
Au3Ga,L12,111,0.4808360374418328,2,0.0778841507999459,2,2.2525,2.4,1.81,0.5899999999999999,0.25547749411640935,133.75,135.0,130.0,5.0,2.165063509461097,11.5,13.0,11.0,2.0,0.8660254037844386,5.5,6.0,4.0,2.0,0.8660254037844386,8.418991,9.225554,5.999302,3.2262520000000006,1.3970080955051767,10.0,10.0,10.0,0.0,0.0,0,0,1,0,1
Au3Hf,L12,111,-0.0853173484601654,5,0.647384673000488,2,2.125,2.4,1.3,1.0999999999999999,0.4763139720814412,140.0,155.0,135.0,20.0,8.660254037844387,9.25,11.0,4.0,7.0,3.031088913245535,6.0,6.0,6.0,0.0,0.0,8.625433000000001,9.225554,6.82507,2.4004840000000005,1.0394400626890425,8.0,10.0,2.0,8.0,3.4641016151377544,0,0,1,0,1
Au3Hg,L12,111,0.3797920057450312,2,0.2180220973968971,2,2.275,2.4,1.9,0.5,0.21650635094610965,138.75,150.0,135.0,15.0,6.49519052838329,11.25,12.0,11.0,1.0,0.4330127018922193,6.0,6.0,6.0,0.0,0.0,9.5285415,10.437504,9.225554,1.2119499999999999,0.5247897440582752,10.0,10.0,10.0,0.0,0.0,0,0,1,0,1
Au3In,L12,111,0.3515584262432014,4,0.3407140095005161,2,2.2449999999999997,2.4,1.78,0.6199999999999999,0.26846787517317594,140.0,155.0,135.0,20.0,8.660254037844387,11.5,13.0,11.0,2.0,0.8660254037844386,5.75,6.0,5.0,1.0,0.4330127018922193,8.36575445,9.225554,5.7863558,3.4391982000000008,1.4892165049248576,10.0,10.0,10.0,0.0,0.0,0,0,1,0,1
Au3Ir,L12,111,-0.4685147228583162,4,1.1008755826005654,2,2.3499999999999996,2.4,2.2,0.19999999999999973,0.08660254037844375,135.0,135.0,135.0,0.0,0.0,10.5,11.0,9.0,2.0,0.8660254037844386,6.0,6.0,6.0,0.0,0.0,9.1609205,9.225554,8.96702,0.25853400000000093,0.11194850587100343,9.25,10.0,7.0,3.0,1.299038105676658,0,0,1,0,1
Au3La,L12,111,0.2112327210425348,5,0.532337935299438,2,2.0749999999999997,2.4,1.1,1.2999999999999998,0.562916512459885,150.0,195.0,135.0,60.0,25.98076211353316,9.0,11.0,3.0,8.0,3.4641016151377544,6.0,6.0,6.0,0.0,0.0,8.3133905,9.225554,5.5769,3.6486540000000005,1.5799135268098539,7.75,10.0,1.0,9.0,3.897114317029974,0,0,1,0,1
Au3Mn,L12,111,0.3329738673428721,5,0.2280218727973988,2,2.1875,2.4,1.55,0.8499999999999999,0.36806079660838636,136.25,140.0,135.0,5.0,2.165063509461097,10.0,11.0,7.0,4.0,1.7320508075688772,5.5,6.0,4.0,2.0,0.8660254037844386,8.777675,9.225554,7.434038,1.7915160000000006,0.7757491836431414,8.75,10.0,5.0,5.0,2.165063509461097,0,0,1,0,1
Au3Mo,L12,111,-0.1919620271573592,5,0.9531877014997008,2,2.34,2.4,2.16,0.23999999999999977,0.10392304845413254,137.5,145.0,135.0,10.0,4.330127018922194,9.75,11.0,6.0,5.0,2.165063509461097,5.75,6.0,5.0,1.0,0.4330127018922193,8.692273,9.225554,7.09243,2.1331240000000005,0.9236697867111386,8.75,10.0,5.0,5.0,2.165063509461097,0,0,1,0,1
Au3Nb,L12,111,-0.0929682372616014,5,0.6137286810007936,2,2.1999999999999997,2.4,1.6,0.7999999999999998,0.3464101615137754,137.5,145.0,135.0,10.0,4.330127018922194,9.5,11.0,5.0,6.0,2.598076211353316,5.75,6.0,5.0,1.0,0.4330127018922193,8.608878,9.225554,6.75885,2.466704000000001,1.0681141638083453,8.5,10.0,4.0,6.0,2.598076211353316,0,0,1,0,1
Au3Ni,L12,111,0.1123545795426537,2,0.0063723618004587,2,2.2775,2.4,1.91,0.49,0.21217622392718746,135.0,135.0,135.0,0.0,0.0,10.75,11.0,10.0,1.0,0.4330127018922193,5.5,6.0,4.0,2.0,0.8660254037844386,8.829135,9.225554,7.639878,1.5856760000000003,0.6866178490856469,9.5,10.0,8.0,2.0,0.8660254037844386,0,0,1,0,1
Au3Os,L12,111,-0.4786587185580799,2,0.8166733588004718,2,2.3499999999999996,2.4,2.2,0.19999999999999973,0.08660254037844375,133.75,135.0,130.0,5.0,2.165063509461097,10.25,11.0,8.0,3.0,1.299038105676658,6.0,6.0,6.0,0.0,0.0,9.028723,9.225554,8.43823,0.7873239999999999,0.34092129250458963,9.0,10.0,6.0,4.0,1.7320508075688772,0,0,1,0,1
Au3Pb,L12,111,0.3179325028441155,3,0.2338381700974423,2,2.25,2.4,1.8,0.5999999999999999,0.25980762113533157,146.25,180.0,135.0,45.0,19.48557158514987,11.75,14.0,11.0,3.0,1.299038105676658,6.0,6.0,6.0,0.0,0.0,8.773335475,9.225554,7.4166799,1.8088741000000006,0.7832654614238568,10.0,10.0,10.0,0.0,0.0,0,0,1,0,1
Au3Pd,L12,111,0.1715285908403814,8,0.3411195951994159,2,2.3499999999999996,2.4,2.2,0.19999999999999973,0.08660254037844375,136.25,140.0,135.0,5.0,2.165063509461097,10.75,11.0,10.0,1.0,0.4330127018922193,5.75,6.0,5.0,1.0,0.4330127018922193,9.00337525,9.225554,8.336839,0.8887150000000013,0.3848248833621442,10.0,10.0,10.0,0.0,0.0,0,0,1,0,1
Au3Pt,L12,111,-0.2301619120580369,5,0.7989802447991678,2,2.3499999999999996,2.4,2.2,0.19999999999999973,0.08660254037844375,135.0,135.0,135.0,0.0,0.0,10.75,11.0,10.0,1.0,0.4330127018922193,6.0,6.0,6.0,0.0,0.0,9.158873,9.225554,8.95883,0.26672399999999996,0.11549487989950029,9.75,10.0,9.0,1.0,0.4330127018922193,0,0,1,0,1
Au3Re,L12,111,-0.4346142366548235,7,1.2096007076979731,2,2.275,2.4,1.9,0.5,0.21650635094610965,135.0,135.0,135.0,0.0,0.0,10.0,11.0,7.0,4.0,1.7320508075688772,6.0,6.0,6.0,0.0,0.0,8.8775455,9.225554,7.83352,1.3920340000000007,0.6027684034658339,8.75,10.0,5.0,5.0,2.165063509461097,0,0,1,0,1
Au3Rh,L12,111,-0.0826730822545585,6,0.6407343467981264,2,2.3699999999999997,2.4,2.28,0.1200000000000001,0.05196152422706637,135.0,135.0,135.0,0.0,0.0,10.5,11.0,9.0,2.0,0.8660254037844386,5.75,6.0,5.0,1.0,0.4330127018922193,8.7838905,9.225554,7.4589,1.7666540000000008,0.7649836218486973,9.5,10.0,8.0,2.0,0.8660254037844386,0,0,1,0,1
Au3Ru,L12,111,-0.1720043818595229,7,0.803897886100458,2,2.3499999999999996,2.4,2.2,0.19999999999999973,0.08660254037844375,133.75,135.0,130.0,5.0,2.165063509461097,10.25,11.0,8.0,3.0,1.299038105676658,5.75,6.0,5.0,1.0,0.4330127018922193,8.7592905,9.225554,7.3605,1.8650540000000007,0.8075920717148916,9.25,10.0,7.0,3.0,1.299038105676658,0,0,1,0,1
Au3Sc,L12,111,0.1856849051410165,6,0.5031028406992846,2,2.1399999999999997,2.4,1.36,1.0399999999999998,0.450333209967908,141.25,160.0,135.0,25.0,10.825317547305483,9.0,11.0,3.0,8.0,3.4641016151377544,5.5,6.0,4.0,2.0,0.8660254037844386,8.559538,9.225554,6.56149,2.6640640000000007,1.1535735506537936,7.75,10.0,1.0,9.0,3.897114317029974,0,0,1,0,1
Au3Sn,L12,111,0.367990836742166,4,0.4421644432986795,2,2.29,2.4,1.96,0.43999999999999995,0.19052558883257648,137.5,145.0,135.0,10.0,4.330127018922194,11.75,14.0,11.0,3.0,1.299038105676658,5.75,6.0,5.0,1.0,0.4330127018922193,8.755145,9.225554,7.343918,1.8816360000000003,0.8147722883376681,10.0,10.0,10.0,0.0,0.0,0,0,1,0,1
Au3Ta,L12,111,-0.3479194479577643,4,0.8884840648024692,2,2.175,2.4,1.5,0.8999999999999999,0.3897114317029974,137.5,145.0,135.0,10.0,4.330127018922194,9.5,11.0,5.0,6.0,2.598076211353316,6.0,6.0,6.0,0.0,0.0,8.80655825,9.225554,7.549571,1.6759830000000004,0.7257219271554276,8.25,10.0,3.0,7.0,3.031088913245535,0,0,1,0,1
Au3Tc,L12,111,-0.2132515336588483,6,0.9121140222996472,2,2.3249999999999997,2.4,2.1,0.2999999999999998,0.12990381056766573,135.0,135.0,135.0,0.0,0.0,10.0,11.0,7.0,4.0,1.7320508075688772,5.75,6.0,5.0,1.0,0.4330127018922193,8.6990105,9.225554,7.11938,2.106174000000001,0.9120000943951436,8.75,10.0,5.0,5.0,2.165063509461097,0,0,1,0,1
Au3Ti,L12,111,0.0824590646416538,6,0.4137031045029289,2,2.1849999999999996,2.4,1.54,0.8599999999999999,0.3723909236273085,136.25,140.0,135.0,5.0,2.165063509461097,9.25,11.0,4.0,7.0,3.031088913245535,5.5,6.0,4.0,2.0,0.8660254037844386,8.6261955,9.225554,6.82812,2.3974340000000005,1.0381193739482713,8.0,10.0,2.0,8.0,3.4641016151377544,0,0,1,0,1
Au3Tl,L12,111,0.4777263205442352,1,0.0,2,2.25,2.4,1.8,0.5999999999999999,0.25980762113533157,148.75,190.0,135.0,55.0,23.81569860407206,11.5,13.0,11.0,2.0,0.8660254037844386,6.0,6.0,6.0,0.0,0.0,8.446237325,9.225554,6.1082873,3.117266700000001,1.3498160762856426,10.0,10.0,10.0,0.0,0.0,0,0,1,0,1
Au3V,L12,111,-0.0111679601604635,4,0.5084830756022711,2,2.2074999999999996,2.4,1.63,0.77,0.3334197804570089,135.0,135.0,135.0,0.0,0.0,9.5,11.0,5.0,6.0,2.598076211353316,5.5,6.0,4.0,2.0,0.8660254037844386,8.60571225,9.225554,6.746187,2.4793670000000008,1.0735974036524065,8.25,10.0,3.0,7.0,3.031088913245535,0,0,1,0,1
Au3W,L12,111,-0.3924270675588275,4,0.8980594786007714,2,2.2249999999999996,2.4,1.7,0.7,0.3031088913245535,135.0,135.0,135.0,0.0,0.0,9.75,11.0,6.0,5.0,2.165063509461097,6.0,6.0,6.0,0.0,0.0,8.885173,9.225554,7.86403,1.361524000000001,0.5895571859311025,8.5,10.0,4.0,6.0,2.598076211353316,0,0,1,0,1
Au3Y,L12,111,0.2148967339426519,8,0.4351720699996804,2,2.105,2.4,1.22,1.18,0.5109549882328188,146.25,180.0,135.0,45.0,19.48557158514987,9.0,11.0,3.0,8.0,3.4641016151377544,5.75,6.0,5.0,1.0,0.4330127018922193,8.4734805,9.225554,6.21726,3.008294000000001,1.3026295130261525,7.75,10.0,1.0,9.0,3.897114317029974,0,0,1,0,1
Au3Zn,L12,111,0.4564876993399878,4,0.13145547430031,2,2.2125,2.4,1.65,0.75,0.3247595264191645,135.0,135.0,135.0,0.0,0.0,11.25,12.0,11.0,1.0,0.4330127018922193,5.5,6.0,4.0,2.0,0.8660254037844386,9.26771475,9.394197,9.225554,0.16864299999999943,0.0730245610852093,10.0,10.0,10.0,0.0,0.0,0,0,1,0,1
Au3Zr,L12,111,0.068916911340267,7,0.6982983966991014,2,2.1325,2.4,1.33,1.0699999999999998,0.46332359102467463,140.0,155.0,135.0,20.0,8.660254037844387,9.25,11.0,4.0,7.0,3.031088913245535,5.75,6.0,5.0,1.0,0.4330127018922193,8.577697,9.225554,6.634126,2.5914280000000005,1.1221212400391505,8.0,10.0,2.0,8.0,3.4641016151377544,0,0,1,0,1
AuBi3,L12,111,0.3279457478429606,3,0.8480684929018025,2,2.025,2.4,1.9,0.5,0.21650635094610965,153.75,160.0,135.0,25.0,10.825317547305483,14.0,15.0,11.0,4.0,1.7320508075688772,6.0,6.0,6.0,0.0,0.0,7.7705255,9.225554,7.285516,1.9400380000000004,0.8400610961535776,10.0,10.0,10.0,0.0,0.0,0,0,1,0,1
AuCd3,L12,111,0.6808788932439995,8,0.1336444940970977,2,1.8675000000000002,2.4,1.69,0.71,0.3074390183434757,150.0,155.0,135.0,20.0,8.660254037844387,11.75,12.0,11.0,1.0,0.4330127018922193,5.25,6.0,5.0,1.0,0.4330127018922193,9.0517535,9.225554,8.99382,0.23173400000000122,0.10034376546029207,10.0,10.0,10.0,0.0,0.0,0,0,1,0,1
AuCo3,L12,111,-0.3105032508601368,4,0.775916148100805,2,2.01,2.4,1.88,0.52,0.22516660498395405,135.0,135.0,135.0,0.0,0.0,9.5,11.0,9.0,2.0,0.8660254037844386,4.5,6.0,4.0,2.0,0.8660254037844386,8.217146,9.225554,7.88101,1.3445440000000008,0.5822046302529725,7.75,10.0,7.0,3.0,1.299038105676658,0,0,1,0,1
AuCr3,L12,111,-0.8698846757569925,3,1.1017011760013702,2,1.8449999999999998,2.4,1.66,0.74,0.3204293994002423,138.75,140.0,135.0,5.0,2.165063509461097,7.25,11.0,6.0,5.0,2.165063509461097,4.5,6.0,4.0,2.0,0.8660254037844386,7.381271,9.225554,6.76651,2.4590440000000005,1.0647972865118507,6.25,10.0,5.0,5.0,2.165063509461097,0,0,1,0,1
AuCu3,L12,111,-0.0507439246566434,7,0.543401539696788,2,2.025,2.4,1.9,0.5,0.21650635094610965,135.0,135.0,135.0,0.0,0.0,11.0,11.0,11.0,0.0,0.0,4.5,6.0,4.0,2.0,0.8660254037844386,8.1011735,9.225554,7.72638,1.499174000000001,0.6491613843465665,10.0,10.0,10.0,0.0,0.0,0,0,1,0,1
AuFe3,L12,111,1.0180645386363096,1,0.0,2,1.9725000000000001,2.4,1.83,0.5699999999999998,0.24681724007856495,138.75,140.0,135.0,5.0,2.165063509461097,8.75,11.0,8.0,3.0,1.299038105676658,4.5,6.0,4.0,2.0,0.8660254037844386,8.233239575,9.225554,7.9024681,1.3230859000000006,0.572913000394499,7.0,10.0,6.0,4.0,1.7320508075688772,0,0,1,0,1
AuGa3,L12,111,0.6293537297397336,6,0.1102703235010267,2,1.9575,2.4,1.81,0.5899999999999999,0.25547749411640935,131.25,135.0,130.0,5.0,2.165063509461097,12.5,13.0,11.0,2.0,0.8660254037844386,4.5,6.0,4.0,2.0,0.8660254037844386,6.805865000000001,9.225554,5.999302,3.2262520000000006,1.3970080955051767,10.0,10.0,10.0,0.0,0.0,0,0,1,0,1
AuHf3,L12,111,-1.08070840976049,3,1.449815049301833,2,1.5750000000000002,2.4,1.3,1.0999999999999999,0.4763139720814412,150.0,155.0,135.0,20.0,8.660254037844387,5.75,11.0,4.0,7.0,3.031088913245535,6.0,6.0,6.0,0.0,0.0,7.425191,9.225554,6.82507,2.4004840000000005,1.0394400626890425,4.0,10.0,2.0,8.0,3.4641016151377544,0,0,1,0,1
AuIn3,L12,111,0.5299479594441721,5,0.3747558588984248,2,1.935,2.4,1.78,0.6199999999999999,0.26846787517317594,150.0,155.0,135.0,20.0,8.660254037844387,12.5,13.0,11.0,2.0,0.8660254037844386,5.25,6.0,5.0,1.0,0.4330127018922193,6.646155350000001,9.225554,5.7863558,3.4391982000000008,1.4892165049248576,10.0,10.0,10.0,0.0,0.0,0,0,1,0,1
AuIr3,L12,111,-0.3477080153597569,4,0.7093369665999489,2,2.25,2.4,2.2,0.19999999999999973,0.08660254037844375,135.0,135.0,135.0,0.0,0.0,9.5,11.0,9.0,2.0,0.8660254037844386,6.0,6.0,6.0,0.0,0.0,9.031653500000001,9.225554,8.96702,0.25853400000000093,0.11194850587100343,7.75,10.0,7.0,3.0,1.299038105676658,0,0,1,0,1
AuLa3,L12,111,-0.7790389264582416,3,1.1178017437014205,2,1.425,2.4,1.1,1.2999999999999998,0.562916512459885,180.0,195.0,135.0,60.0,25.98076211353316,5.0,11.0,3.0,8.0,3.4641016151377544,6.0,6.0,6.0,0.0,0.0,6.4890635,9.225554,5.5769,3.6486540000000005,1.5799135268098539,3.25,10.0,1.0,9.0,3.897114317029974,0,0,1,0,1
AuMo3,L12,111,-0.9662132467592244,3,1.312361913798668,2,2.22,2.4,2.16,0.23999999999999977,0.10392304845413254,142.5,145.0,135.0,10.0,4.330127018922194,7.25,11.0,6.0,5.0,2.165063509461097,5.25,6.0,5.0,1.0,0.4330127018922193,7.625711000000001,9.225554,7.09243,2.1331240000000005,0.9236697867111386,6.25,10.0,5.0,5.0,2.165063509461097,0,0,1,0,1
AuNb3,L12,111,-1.041499798756348,3,1.4622533726978872,2,1.8000000000000003,2.4,1.6,0.7999999999999998,0.3464101615137754,142.5,145.0,135.0,10.0,4.330127018922194,6.5,11.0,5.0,6.0,2.598076211353316,5.25,6.0,5.0,1.0,0.4330127018922193,7.375526000000001,9.225554,6.75885,2.466704000000001,1.0681141638083453,5.5,10.0,4.0,6.0,2.598076211353316,0,0,1,0,1
AuNi3,L12,111,-0.374049859455198,3,0.4736146803988958,2,2.0324999999999998,2.4,1.91,0.49,0.21217622392718746,135.0,135.0,135.0,0.0,0.0,10.25,11.0,10.0,1.0,0.4330127018922193,4.5,6.0,4.0,2.0,0.8660254037844386,8.036297000000001,9.225554,7.639878,1.5856760000000003,0.6866178490856469,8.5,10.0,8.0,2.0,0.8660254037844386,0,0,1,0,1
AuPb3,L12,111,0.3562046340421432,3,0.5728792237023299,2,1.9500000000000002,2.4,1.8,0.5999999999999999,0.25980762113533157,168.75,180.0,135.0,45.0,19.48557158514987,13.25,14.0,11.0,3.0,1.299038105676658,6.0,6.0,6.0,0.0,0.0,7.868898425000001,9.225554,7.4166799,1.8088741000000006,0.7832654614238568,10.0,10.0,10.0,0.0,0.0,0,0,1,0,1
AuPd3,L12,111,-0.3154678318560115,8,0.670525914098107,2,2.25,2.4,2.2,0.19999999999999973,0.08660254037844375,138.75,140.0,135.0,5.0,2.165063509461097,10.25,11.0,10.0,1.0,0.4330127018922193,5.25,6.0,5.0,1.0,0.4330127018922193,8.55901775,9.225554,8.336839,0.8887150000000013,0.3848248833621442,10.0,10.0,10.0,0.0,0.0,0,0,1,0,1
AuPt3,L12,111,-0.2847493086582915,6,0.7305973568982154,2,2.25,2.4,2.2,0.19999999999999973,0.08660254037844375,135.0,135.0,135.0,0.0,0.0,10.25,11.0,10.0,1.0,0.4330127018922193,6.0,6.0,6.0,0.0,0.0,9.025511000000002,9.225554,8.95883,0.26672399999999996,0.11549487989950029,9.25,10.0,9.0,1.0,0.4330127018922193,0,0,1,0,1
AuRe3,L12,111,-0.6697868529581399,2,0.3264352440019138,2,2.025,2.4,1.9,0.5,0.21650635094610965,135.0,135.0,135.0,0.0,0.0,8.0,11.0,7.0,4.0,1.7320508075688772,6.0,6.0,6.0,0.0,0.0,8.1815285,9.225554,7.83352,1.3920340000000007,0.6027684034658339,6.25,10.0,5.0,5.0,2.165063509461097,0,0,1,0,1
AuRh3,L12,111,-0.4236683213593721,3,0.2997007396006665,2,2.31,2.4,2.28,0.1200000000000001,0.05196152422706637,135.0,135.0,135.0,0.0,0.0,9.5,11.0,9.0,2.0,0.8660254037844386,5.25,6.0,5.0,1.0,0.4330127018922193,7.9005635000000005,9.225554,7.4589,1.7666540000000008,0.7649836218486973,8.5,10.0,8.0,2.0,0.8660254037844386,0,0,1,0,1
AuRu3,L12,111,-0.3908508482554396,3,0.5108779494985356,2,2.25,2.4,2.2,0.19999999999999973,0.08660254037844375,131.25,135.0,130.0,5.0,2.165063509461097,8.75,11.0,8.0,3.0,1.299038105676658,5.25,6.0,5.0,1.0,0.4330127018922193,7.8267635,9.225554,7.3605,1.8650540000000007,0.8075920717148916,7.75,10.0,7.0,3.0,1.299038105676658,0,0,1,0,1
AuSc3,L12,111,-1.1755339598593937,2,0.019220488902647,2,1.62,2.4,1.36,1.0399999999999998,0.450333209967908,153.75,160.0,135.0,25.0,10.825317547305483,5.0,11.0,3.0,8.0,3.4641016151377544,4.5,6.0,4.0,2.0,0.8660254037844386,7.227506,9.225554,6.56149,2.6640640000000007,1.1535735506537936,3.25,10.0,1.0,9.0,3.897114317029974,0,0,1,0,1
AuSn3,L12,111,0.4230548407404342,3,0.5199295441998402,2,2.07,2.4,1.96,0.43999999999999995,0.19052558883257648,142.5,145.0,135.0,10.0,4.330127018922194,13.25,14.0,11.0,3.0,1.299038105676658,5.25,6.0,5.0,1.0,0.4330127018922193,7.8143270000000005,9.225554,7.343918,1.8816360000000003,0.8147722883376681,10.0,10.0,10.0,0.0,0.0,0,0,1,0,1
AuTa3,L12,111,-1.1318215928576765,2,0.0221255762007785,2,1.725,2.4,1.5,0.8999999999999999,0.3897114317029974,142.5,145.0,135.0,10.0,4.330127018922194,6.5,11.0,5.0,6.0,2.598076211353316,6.0,6.0,6.0,0.0,0.0,7.968566750000001,9.225554,7.549571,1.6759830000000004,0.7257219271554276,4.75,10.0,3.0,7.0,3.031088913245535,0,0,1,0,1
AuTc3,L12,111,-0.6456265454571337,2,0.1593299995984125,2,2.1750000000000003,2.4,2.1,0.2999999999999998,0.12990381056766573,135.0,135.0,135.0,0.0,0.0,8.0,11.0,7.0,4.0,1.7320508075688772,5.25,6.0,5.0,1.0,0.4330127018922193,7.6459235,9.225554,7.11938,2.106174000000001,0.9120000943951436,6.25,10.0,5.0,5.0,2.165063509461097,0,0,1,0,1
AuTi3,L12,111,-1.1019900248565762,2,0.0024158267005987,2,1.755,2.4,1.54,0.8599999999999999,0.3723909236273086,138.75,140.0,135.0,5.0,2.165063509461097,5.75,11.0,4.0,7.0,3.031088913245535,4.5,6.0,4.0,2.0,0.8660254037844386,7.427478500000001,9.225554,6.82812,2.3974340000000005,1.0381193739482713,4.0,10.0,2.0,8.0,3.4641016151377544,0,0,1,0,1
AuTl3,L12,111,0.5369757075432346,3,0.2947122125988244,2,1.9500000000000002,2.4,1.8,0.5999999999999999,0.25980762113533157,176.25,190.0,135.0,55.0,23.81569860407206,12.5,13.0,11.0,2.0,0.8660254037844386,6.0,6.0,6.0,0.0,0.0,6.887603974999999,9.225554,6.1082873,3.117266700000001,1.3498160762856428,10.0,10.0,10.0,0.0,0.0,0,0,1,0,1
AuV3,L12,111,-1.020260497359203,2,0.0157723984011681,2,1.8224999999999998,2.4,1.63,0.77,0.3334197804570089,135.0,135.0,135.0,0.0,0.0,6.5,11.0,5.0,6.0,2.598076211353316,4.5,6.0,4.0,2.0,0.8660254037844386,7.36602875,9.225554,6.746187,2.4793670000000008,1.0735974036524065,4.75,10.0,3.0,7.0,3.031088913245535,0,0,1,0,1
AuW3,L12,111,-1.0323465695609857,2,0.108361172802688,2,1.875,2.4,1.7,0.7,0.3031088913245535,135.0,135.0,135.0,0.0,0.0,7.25,11.0,6.0,5.0,2.165063509461097,6.0,6.0,6.0,0.0,0.0,8.204411,9.225554,7.86403,1.361524000000001,0.5895571859311025,5.5,10.0,4.0,6.0,2.598076211353316,0,0,1,0,1
AuY3,L12,111,-1.0823610930574148,4,1.3821465962009825,2,1.5150000000000001,2.4,1.22,1.18,0.5109549882328187,168.75,180.0,135.0,45.0,19.48557158514987,5.0,11.0,3.0,8.0,3.4641016151377544,5.25,6.0,5.0,1.0,0.4330127018922193,6.969333499999999,9.225554,6.21726,3.008294000000001,1.3026295130261525,3.25,10.0,1.0,9.0,3.897114317029974,0,0,1,0,1
AuZn3,L12,111,0.4518051643399587,3,0.2711040241993032,2,1.8375,2.4,1.65,0.75,0.3247595264191645,135.0,135.0,135.0,0.0,0.0,11.75,12.0,11.0,1.0,0.4330127018922193,4.5,6.0,4.0,2.0,0.8660254037844386,9.352036250000001,9.394197,9.225554,0.16864299999999943,0.0730245610852093,10.0,10.0,10.0,0.0,0.0,0,0,1,0,1
AuZr3,L12,111,-1.0465269659570993,2,0.0457469621978816,2,1.5975000000000001,2.4,1.33,1.0699999999999998,0.46332359102467463,150.0,155.0,135.0,20.0,8.660254037844387,5.75,11.0,4.0,7.0,3.031088913245535,5.25,6.0,5.0,1.0,0.4330127018922193,7.281983,9.225554,6.634126,2.5914280000000005,1.1221212400391505,4.0,10.0,2.0,8.0,3.4641016151377544,0,0,1,0,1
Bi3Cd,L12,111,0.9762737035426028,2,0.2446317015019303,2,1.8474999999999997,1.9,1.69,0.20999999999999996,0.09093266739736605,158.75,160.0,155.0,5.0,2.165063509461097,14.25,15.0,12.0,3.0,1.299038105676658,5.75,6.0,5.0,1.0,0.4330127018922193,7.712592,8.99382,7.285516,1.7083039999999992,0.7397173306932855,10.0,10.0,10.0,0.0,0.0,0,0,1,0,1
Bi3Cu,L12,111,1.0283198289480708,1,0.0,2,1.9,1.9,1.9,0.0,0.0,153.75,160.0,135.0,25.0,10.825317547305483,14.0,15.0,11.0,4.0,1.7320508075688772,5.5,6.0,4.0,2.0,0.8660254037844386,7.395732,7.72638,7.285516,0.4408639999999995,0.19089971180701115,10.0,10.0,10.0,0.0,0.0,0,0,1,0,1
Bi3Hf,L12,111,-0.2518574123596124,3,1.4774256240998511,2,1.7499999999999998,1.9,1.3,0.5999999999999999,0.25980762113533157,158.75,160.0,155.0,5.0,2.165063509461097,12.25,15.0,4.0,11.0,4.763139720814412,6.0,6.0,6.0,0.0,0.0,7.1704045,7.285516,6.82507,0.46044600000000013,0.19937896653546489,8.0,10.0,2.0,8.0,3.4641016151377544,0,0,1,0,1
Bi3Nb,L12,111,1.0322041179433938,2,0.2274203652013966,2,1.8249999999999997,1.9,1.6,0.2999999999999998,0.12990381056766573,156.25,160.0,145.0,15.0,6.49519052838329,12.5,15.0,5.0,10.0,4.330127018922194,5.75,6.0,5.0,1.0,0.4330127018922193,7.1538495,7.285516,6.75885,0.5266660000000005,0.22805306765476782,8.5,10.0,4.0,6.0,2.598076211353316,0,0,1,0,1
Bi3Pd,L12,111,0.4174933780423373,3,0.8298559137001575,2,1.9749999999999999,2.2,1.9,0.30000000000000027,0.1299038105676659,155.0,160.0,140.0,20.0,8.660254037844387,13.75,15.0,10.0,5.0,2.165063509461097,5.75,6.0,5.0,1.0,0.4330127018922193,7.54834675,8.336839,7.285516,1.0513229999999991,0.45523621279143334,10.0,10.0,10.0,0.0,0.0,0,0,1,0,1
Bi3Pt,L12,111,0.9924398505436614,2,0.2821419138999772,2,1.9749999999999999,2.2,1.9,0.30000000000000027,0.1299038105676659,153.75,160.0,135.0,25.0,10.825317547305483,13.75,15.0,10.0,5.0,2.165063509461097,6.0,6.0,6.0,0.0,0.0,7.703844500000001,8.95883,7.285516,1.6733140000000004,0.7245662162540772,9.75,10.0,9.0,1.0,0.4330127018922193,0,0,1,0,1
Bi3Re,L12,111,1.1227773452419854,2,0.1519527212985849,2,1.9,1.9,1.9,0.0,0.0,153.75,160.0,135.0,25.0,10.825317547305483,13.0,15.0,7.0,8.0,3.4641016151377544,6.0,6.0,6.0,0.0,0.0,7.422517,7.83352,7.285516,0.5480039999999997,0.23729269268774364,8.75,10.0,5.0,5.0,2.165063509461097,0,0,1,0,1
Bi3Rh,L12,111,0.0856407558394778,3,1.164109124300012,2,1.9949999999999997,2.28,1.9,0.3799999999999999,0.1645448267190433,153.75,160.0,135.0,25.0,10.825317547305483,13.5,15.0,9.0,6.0,2.598076211353316,5.75,6.0,5.0,1.0,0.4330127018922193,7.328862,7.4589,7.285516,0.17338399999999954,0.07507747430488035,9.5,10.0,8.0,2.0,0.8660254037844386,0,0,1,0,1
Bi3Ru,L12,111,-0.2991963766607739,2,1.474231279800733,2,1.9749999999999999,2.2,1.9,0.30000000000000027,0.1299038105676659,152.5,160.0,130.0,30.0,12.99038105676658,13.25,15.0,8.0,7.0,3.031088913245535,5.75,6.0,5.0,1.0,0.4330127018922193,7.304262,7.3605,7.285516,0.07498399999999972,0.03246902443868605,9.25,10.0,7.0,3.0,1.299038105676658,0,0,1,0,1
Bi3W,L12,111,-0.9786668086589714,3,2.2329351390981174,2,1.8499999999999999,1.9,1.7,0.19999999999999996,0.08660254037844385,153.75,160.0,135.0,25.0,10.825317547305483,12.75,15.0,6.0,9.0,3.897114317029974,6.0,6.0,6.0,0.0,0.0,7.4301445,7.86403,7.285516,0.5785139999999993,0.2505039102224751,8.5,10.0,4.0,6.0,2.598076211353316,0,0,1,0,1
BiCd3,L12,111,0.6993060342402089,3,0.0669820459006587,2,1.7425000000000002,1.9,1.69,0.20999999999999996,0.09093266739736605,156.25,160.0,155.0,5.0,2.165063509461097,12.75,15.0,12.0,3.0,1.299038105676658,5.25,6.0,5.0,1.0,0.4330127018922193,8.566744,8.99382,7.285516,1.7083039999999992,0.7397173306932855,10.0,10.0,10.0,0.0,0.0,0,0,1,0,1
BiCu3,L12,111,0.1002547654434522,3,0.4175554200992337,2,1.9,1.9,1.9,0.0,0.0,141.25,160.0,135.0,25.0,10.825317547305483,12.0,15.0,11.0,4.0,1.7320508075688772,4.5,6.0,4.0,2.0,0.8660254037844386,7.616164,7.72638,7.285516,0.4408639999999995,0.19089971180701115,10.0,10.0,10.0,0.0,0.0,0,0,1,0,1
BiPd3,L12,111,-0.2103037244587255,2,0.1845231152001361,2,2.125,2.2,1.9,0.30000000000000027,0.1299038105676659,145.0,160.0,140.0,20.0,8.660254037844387,11.25,15.0,10.0,5.0,2.165063509461097,5.25,6.0,5.0,1.0,0.4330127018922193,8.07400825,8.336839,7.285516,1.0513229999999991,0.4552362127914333,10.0,10.0,10.0,0.0,0.0,0,0,1,0,1
BiPt3,L12,111,-0.2801820139565905,2,0.1438408717003767,2,2.125,2.2,1.9,0.30000000000000027,0.1299038105676659,141.25,160.0,135.0,25.0,10.825317547305483,11.25,15.0,10.0,5.0,2.165063509461097,6.0,6.0,6.0,0.0,0.0,8.540501500000001,8.95883,7.285516,1.6733140000000004,0.7245662162540772,9.25,10.0,9.0,1.0,0.4330127018922193,0,0,1,0,1
BiRh3,L12,111,-0.426395854457013,2,0.0472722964004788,2,2.185,2.28,1.9,0.3799999999999999,0.1645448267190433,141.25,160.0,135.0,25.0,10.825317547305483,10.5,15.0,9.0,6.0,2.598076211353316,5.25,6.0,5.0,1.0,0.4330127018922193,7.415554,7.4589,7.285516,0.17338399999999954,0.07507747430488035,8.5,10.0,8.0,2.0,0.8660254037844386,0,0,1,0,1
BiRu3,L12,111,-0.48740731455743,2,0.0249282127006154,2,2.125,2.2,1.9,0.30000000000000027,0.1299038105676659,137.5,160.0,130.0,30.0,12.99038105676658,9.75,15.0,8.0,7.0,3.031088913245535,5.25,6.0,5.0,1.0,0.4330127018922193,7.341754,7.3605,7.285516,0.07498399999999972,0.03246902443868605,7.75,10.0,7.0,3.0,1.299038105676658,0,0,1,0,1
Cd3Co,L12,111,-0.012274511055665,2,0.1181481551975593,2,1.7375,1.88,1.69,0.18999999999999995,0.08227241335952165,150.0,155.0,135.0,20.0,8.660254037844387,11.25,12.0,9.0,3.0,1.299038105676658,4.75,5.0,4.0,1.0,0.4330127018922193,8.7156175,8.99382,7.88101,1.1128099999999996,0.4818608647926804,9.25,10.0,7.0,3.0,1.299038105676658,0,0,1,0,1
Cd3Cr,L12,111,-0.248391090258309,7,1.273825151998608,2,1.6825,1.69,1.66,0.030000000000000027,0.012990381056766592,151.25,155.0,140.0,15.0,6.49519052838329,10.5,12.0,6.0,6.0,2.598076211353316,4.75,5.0,4.0,1.0,0.4330127018922193,8.436992499999999,8.99382,6.76651,2.2273099999999992,0.9644535210515587,8.75,10.0,5.0,5.0,2.165063509461097,0,0,1,0,1
Cd3Cu,L12,111,0.4914009933427508,9,0.4999653681989002,2,1.7425000000000002,1.9,1.69,0.20999999999999996,0.09093266739736605,150.0,155.0,135.0,20.0,8.660254037844387,11.75,12.0,11.0,1.0,0.4330127018922193,4.75,5.0,4.0,1.0,0.4330127018922193,8.67696,8.99382,7.72638,1.2674399999999997,0.5488176188862743,10.0,10.0,10.0,0.0,0.0,0,0,1,0,1
Cd3Fe,L12,111,0.1128394863417554,5,0.889792932299315,2,1.725,1.83,1.69,0.14000000000000012,0.06062177826491076,151.25,155.0,140.0,15.0,6.49519052838329,11.0,12.0,8.0,4.0,1.7320508075688772,4.75,5.0,4.0,1.0,0.4330127018922193,8.720982025,8.99382,7.9024681,1.0913518999999994,0.4725692349342069,9.0,10.0,6.0,4.0,1.7320508075688772,0,0,1,0,1
Cd3Ga,L12,111,0.7090460769441336,5,0.1753651238977909,2,1.7200000000000002,1.81,1.69,0.1200000000000001,0.05196152422706637,148.75,155.0,130.0,25.0,10.825317547305483,12.25,13.0,12.0,1.0,0.4330127018922193,4.75,5.0,4.0,1.0,0.4330127018922193,8.2451905,8.99382,5.999302,2.9945179999999993,1.2966643300448846,10.0,10.0,10.0,0.0,0.0,0,0,1,0,1
Cd3Hf,L12,111,-0.3676385853604813,5,1.245172517203173,2,1.5925,1.69,1.3,0.3899999999999999,0.1688749537379655,155.0,155.0,155.0,0.0,0.0,10.0,12.0,4.0,8.0,3.4641016151377544,5.25,6.0,5.0,1.0,0.4330127018922193,8.451632499999999,8.99382,6.82507,2.1687499999999993,0.9390962972287503,8.0,10.0,2.0,8.0,3.4641016151377544,0,0,1,0,1
Cd3In,L12,111,0.7558789094410088,7,0.097019196000474,2,1.7125000000000001,1.78,1.69,0.09000000000000008,0.038971143170299774,155.0,155.0,155.0,0.0,0.0,12.25,13.0,12.0,1.0,0.4330127018922193,5.0,5.0,5.0,0.0,0.0,8.19195395,8.99382,5.7863558,3.2074641999999995,1.3888727394645655,10.0,10.0,10.0,0.0,0.0,0,0,1,0,1
Cd3Ir,L12,111,-0.5294110788590558,5,1.4166111743979857,2,1.8175000000000001,2.2,1.69,0.5100000000000002,0.22083647796503195,150.0,155.0,135.0,20.0,8.660254037844387,11.25,12.0,9.0,3.0,1.299038105676658,5.25,6.0,5.0,1.0,0.4330127018922193,8.987119999999999,8.99382,8.96702,0.026799999999999713,0.011604740410711353,9.25,10.0,7.0,3.0,1.299038105676658,0,0,1,0,1
Cd3La,L12,111,-0.0010255970582591,5,0.658399705102056,2,1.5425,1.69,1.1,0.5899999999999999,0.25547749411640935,165.0,195.0,155.0,40.0,17.320508075688775,9.75,12.0,3.0,9.0,3.897114317029974,5.25,6.0,5.0,1.0,0.4330127018922193,8.13959,8.99382,5.5769,3.4169199999999993,1.4795697613495618,7.75,10.0,1.0,9.0,3.897114317029974,0,0,1,0,1
Cd3Mn,L12,111,0.2023007204416274,5,0.7681047121004667,2,1.655,1.69,1.55,0.1399999999999999,0.060621778264910664,151.25,155.0,140.0,15.0,6.49519052838329,10.75,12.0,7.0,5.0,2.165063509461097,4.75,5.0,4.0,1.0,0.4330127018922193,8.6038745,8.99382,7.434038,1.5597819999999993,0.6754054181828494,8.75,10.0,5.0,5.0,2.165063509461097,0,0,1,0,1
Cd3Mo,L12,111,-0.4066235187592326,5,1.4410399221997068,2,1.8075,2.16,1.69,0.4700000000000002,0.20351596988934317,152.5,155.0,145.0,10.0,4.330127018922194,10.5,12.0,6.0,6.0,2.598076211353316,5.0,5.0,5.0,0.0,0.0,8.5184725,8.99382,7.09243,1.9013899999999992,0.8233260212508465,8.75,10.0,5.0,5.0,2.165063509461097,0,0,1,0,1
Cd3Nb,L12,111,-0.3962951658567988,4,1.4825615006993758,2,1.6675,1.69,1.6,0.08999999999999986,0.03897114317029968,152.5,155.0,145.0,10.0,4.330127018922194,10.25,12.0,5.0,7.0,3.031088913245535,5.0,5.0,5.0,0.0,0.0,8.4350775,8.99382,6.75885,2.2349699999999997,0.9677703983480533,8.5,10.0,4.0,6.0,2.598076211353316,0,0,1,0,1
Cd3Ni,L12,111,0.0988853526405648,5,0.90960254770107,2,1.745,1.91,1.69,0.21999999999999997,0.09526279441628824,150.0,155.0,135.0,20.0,8.660254037844387,11.5,12.0,10.0,2.0,0.8660254037844386,4.75,5.0,4.0,1.0,0.4330127018922193,8.6553345,8.99382,7.639878,1.353941999999999,0.5862740836253548,9.5,10.0,8.0,2.0,0.8660254037844386,0,0,1,0,1
Cd3Os,L12,111,-0.757736902759433,2,1.6205521970005066,2,1.8175000000000001,2.2,1.69,0.5100000000000002,0.22083647796503195,148.75,155.0,130.0,25.0,10.825317547305483,11.0,12.0,8.0,4.0,1.7320508075688772,5.25,6.0,5.0,1.0,0.4330127018922193,8.8549225,8.99382,8.43823,0.5555899999999987,0.24057752704429755,9.0,10.0,6.0,4.0,1.7320508075688772,0,0,1,0,1
Cd3Pb,L12,111,0.6501279886406621,4,0.1846560427002259,2,1.7175,1.8,1.69,0.1100000000000001,0.04763139720814417,161.25,180.0,155.0,25.0,10.825317547305483,12.5,14.0,12.0,2.0,0.8660254037844386,5.25,6.0,5.0,1.0,0.4330127018922193,8.599534975,8.99382,7.4166799,1.5771400999999994,0.6829216959635647,10.0,10.0,10.0,0.0,0.0,0,0,1,0,1
Cd3Pd,L12,111,0.3924137340409572,5,0.6048878383990086,2,1.8175000000000001,2.2,1.69,0.5100000000000002,0.22083647796503195,151.25,155.0,140.0,15.0,6.49519052838329,11.5,12.0,10.0,2.0,0.8660254037844386,5.0,5.0,5.0,0.0,0.0,8.829574749999999,8.99382,8.336839,0.656981,0.28448111790185215,10.0,10.0,10.0,0.0,0.0,0,0,1,0,1
Cd3Pt,L12,111,0.6438431113429317,2,0.15536230770158,2,1.8175000000000001,2.2,1.69,0.5100000000000002,0.22083647796503195,150.0,155.0,135.0,20.0,8.660254037844387,11.5,12.0,10.0,2.0,0.8660254037844386,5.25,6.0,5.0,1.0,0.4330127018922193,8.9850725,8.99382,8.95883,0.034989999999998744,0.015151114439208212,9.75,10.0,9.0,1.0,0.4330127018922193,0,0,1,0,1
Cd3Re,L12,111,-0.7768923564571821,4,1.9083587046989123,2,1.7425000000000002,1.9,1.69,0.20999999999999996,0.09093266739736605,150.0,155.0,135.0,20.0,8.660254037844387,10.75,12.0,7.0,5.0,2.165063509461097,5.25,6.0,5.0,1.0,0.4330127018922193,8.703745,8.99382,7.83352,1.1602999999999994,0.5024246380055418,8.75,10.0,5.0,5.0,2.165063509461097,0,0,1,0,1
Cd3Rh,L12,111,-0.121809446859487,3,0.8393090124009177,2,1.8375,2.28,1.69,0.5899999999999999,0.25547749411640935,150.0,155.0,135.0,20.0,8.660254037844387,11.25,12.0,9.0,3.0,1.299038105676658,5.0,5.0,5.0,0.0,0.0,8.61009,8.99382,7.4589,1.5349199999999996,0.6646398563884052,9.5,10.0,8.0,2.0,0.8660254037844386,0,0,1,0,1
Cd3Ru,L12,111,-0.4270342335575776,3,1.399816852499498,2,1.8175000000000001,2.2,1.69,0.5100000000000002,0.22083647796503195,148.75,155.0,130.0,25.0,10.825317547305483,11.0,12.0,8.0,4.0,1.7320508075688772,5.0,5.0,5.0,0.0,0.0,8.58549,8.99382,7.3605,1.6333199999999994,0.7072483062545994,9.25,10.0,7.0,3.0,1.299038105676658,0,0,1,0,1
Cd3Sc,L12,111,-0.0961502003583234,5,0.9192395952995868,2,1.6075000000000002,1.69,1.36,0.32999999999999985,0.14289419162443232,156.25,160.0,155.0,5.0,2.165063509461097,9.75,12.0,3.0,9.0,3.897114317029974,4.75,5.0,4.0,1.0,0.4330127018922193,8.3857375,8.99382,6.56149,2.4323299999999994,1.0532297851935015,7.75,10.0,1.0,9.0,3.897114317029974,0,0,1,0,1
Cd3Sn,L12,111,0.6956241979433173,4,0.1627701988982153,2,1.7575,1.96,1.69,0.27,0.11691342951089922,152.5,155.0,145.0,10.0,4.330127018922194,12.5,14.0,12.0,2.0,0.8660254037844386,5.0,5.0,5.0,0.0,0.0,8.5813445,8.99382,7.343918,1.649901999999999,0.714428522877376,10.0,10.0,10.0,0.0,0.0,0,0,1,0,1
Cd3Ta,L12,111,-0.481345570557977,5,1.4482746128014696,2,1.6425,1.69,1.5,0.18999999999999995,0.08227241335952165,152.5,155.0,145.0,10.0,4.330127018922194,10.25,12.0,5.0,7.0,3.031088913245535,5.25,6.0,5.0,1.0,0.4330127018922193,8.63275775,8.99382,7.549571,1.4442489999999992,0.6253781616951355,8.25,10.0,3.0,7.0,3.031088913245535,0,0,1,0,1
Cd3Tc,L12,111,-0.4756434251603139,1,0.0,2,1.7925,2.1,1.69,0.41000000000000014,0.17753520777580997,150.0,155.0,135.0,20.0,8.660254037844387,10.75,12.0,7.0,5.0,2.165063509461097,5.0,5.0,5.0,0.0,0.0,8.52521,8.99382,7.11938,1.8744399999999999,0.8116563289348516,8.75,10.0,5.0,5.0,2.165063509461097,0,0,1,0,1
Cd3Ti,L12,111,-0.2204783329570716,5,1.124973167799908,2,1.6525,1.69,1.54,0.1499999999999999,0.06495190528383286,151.25,155.0,140.0,15.0,6.49519052838329,10.0,12.0,4.0,8.0,3.4641016151377544,4.75,5.0,4.0,1.0,0.4330127018922193,8.452395,8.99382,6.82812,2.1656999999999993,0.9377756084879791,8.0,10.0,2.0,8.0,3.4641016151377544,0,0,1,0,1
Cd3Tl,L12,111,0.7074218294447121,7,0.5638937525982328,2,1.7175,1.8,1.69,0.1100000000000001,0.04763139720814417,163.75,190.0,155.0,35.0,15.155444566227676,12.25,13.0,12.0,1.0,0.4330127018922193,5.25,6.0,5.0,1.0,0.4330127018922193,8.272436825,8.99382,6.1082873,2.8855326999999997,1.2494723108253507,10.0,10.0,10.0,0.0,0.0,0,0,1,0,1
Cd3V,L12,111,-0.2440442077558771,8,1.255234470598225,2,1.675,1.69,1.63,0.06000000000000005,0.025980762113533184,150.0,155.0,135.0,20.0,8.660254037844387,10.25,12.0,5.0,7.0,3.031088913245535,4.75,5.0,4.0,1.0,0.4330127018922193,8.43191175,8.99382,6.746187,2.2476329999999995,0.9732536381921144,8.25,10.0,3.0,7.0,3.031088913245535,0,0,1,0,1
Cd3W,L12,111,-0.6197230767565713,2,1.6804840453987708,2,1.6925000000000001,1.7,1.69,0.010000000000000009,0.004330127018922197,150.0,155.0,135.0,20.0,8.660254037844387,10.5,12.0,6.0,6.0,2.598076211353316,5.25,6.0,5.0,1.0,0.4330127018922193,8.7113725,8.99382,7.86403,1.1297899999999998,0.4892134204708104,8.5,10.0,4.0,6.0,2.598076211353316,0,0,1,0,1
Cd3Y,L12,111,-0.0996884966579898,5,0.842627168600302,2,1.5725,1.69,1.22,0.47,0.20351596988934306,161.25,180.0,155.0,25.0,10.825317547305483,9.75,12.0,3.0,9.0,3.897114317029974,5.0,5.0,5.0,0.0,0.0,8.299679999999999,8.99382,6.21726,2.77656,1.2022857475658606,7.75,10.0,1.0,9.0,3.897114317029974,0,0,1,0,1
Cd3Zn,L12,111,0.5908048588471786,5,0.3177077367945458,2,1.6800000000000002,1.69,1.65,0.040000000000000036,0.01732050807568879,150.0,155.0,135.0,20.0,8.660254037844387,12.0,12.0,12.0,0.0,0.0,4.75,5.0,4.0,1.0,0.4330127018922193,9.09391425,9.394197,8.99382,0.40037700000000065,0.17336832654550138,10.0,10.0,10.0,0.0,0.0,0,0,1,0,1
Cd3Zr,L12,111,-0.3179024342561831,5,1.1357740463972732,2,1.6,1.69,1.33,0.3599999999999999,0.1558845726811989,155.0,155.0,155.0,0.0,0.0,10.0,12.0,4.0,8.0,3.4641016151377544,5.0,5.0,5.0,0.0,0.0,8.4038965,8.99382,6.634126,2.3596939999999993,1.0217774745788584,8.0,10.0,2.0,8.0,3.4641016151377544,0,0,1,0,1
CdCo3,L12,111,-0.4686789434553873,2,0.129434076596226,2,1.8325,1.88,1.69,0.18999999999999995,0.08227241335952165,140.0,155.0,135.0,20.0,8.660254037844387,9.75,12.0,9.0,3.0,1.299038105676658,4.25,5.0,4.0,1.0,0.4330127018922193,8.159212499999999,8.99382,7.88101,1.1128099999999996,0.4818608647926804,7.75,10.0,7.0,3.0,1.299038105676658,0,0,1,0,1
CdCr3,L12,111,-0.8233479031577815,3,1.892231333800737,2,1.6675,1.69,1.66,0.030000000000000027,0.012990381056766592,143.75,155.0,140.0,15.0,6.49519052838329,7.5,12.0,6.0,6.0,2.598076211353316,4.25,5.0,4.0,1.0,0.4330127018922193,7.3233375,8.99382,6.76651,2.2273099999999992,0.9644535210515587,6.25,10.0,5.0,5.0,2.165063509461097,0,0,1,0,1
CdCu3,L12,111,0.0317273850387493,5,0.9280106407022686,2,1.8474999999999997,1.9,1.69,0.20999999999999996,0.09093266739736605,140.0,155.0,135.0,20.0,8.660254037844387,11.25,12.0,11.0,1.0,0.4330127018922193,4.25,5.0,4.0,1.0,0.4330127018922193,8.04324,8.99382,7.72638,1.2674399999999997,0.5488176188862743,10.0,10.0,10.0,0.0,0.0,0,0,1,0,1
CdFe3,L12,111,0.7984746574448138,1,0.0,2,1.795,1.83,1.69,0.14000000000000012,0.06062177826491076,143.75,155.0,140.0,15.0,6.49519052838329,9.0,12.0,8.0,4.0,1.7320508075688772,4.25,5.0,4.0,1.0,0.4330127018922193,8.175306075,8.99382,7.9024681,1.0913518999999994,0.4725692349342069,7.0,10.0,6.0,4.0,1.7320508075688772,0,0,1,0,1
CdGa3,L12,111,0.6196447079428538,6,0.2690867083001649,2,1.7799999999999998,1.81,1.69,0.1200000000000001,0.05196152422706637,136.25,155.0,130.0,25.0,10.825317547305483,12.75,13.0,12.0,1.0,0.4330127018922193,4.25,5.0,4.0,1.0,0.4330127018922193,6.7479315,8.99382,5.999302,2.9945179999999993,1.2966643300448846,10.0,10.0,10.0,0.0,0.0,0,0,1,0,1
CdHf3,L12,111,-1.0935788499582202,3,1.912930489201244,2,1.3975,1.69,1.3,0.3899999999999999,0.1688749537379655,155.0,155.0,155.0,0.0,0.0,6.0,12.0,4.0,8.0,3.4641016151377544,5.75,6.0,5.0,1.0,0.4330127018922193,7.3672575,8.99382,6.82507,2.1687499999999993,0.9390962972287503,4.0,10.0,2.0,8.0,3.4641016151377544,0,0,1,0,1
CdHg3,L12,111,0.978912799645542,5,0.6187388409998675,2,1.8474999999999997,1.9,1.69,0.20999999999999996,0.09093266739736605,151.25,155.0,150.0,5.0,2.165063509461097,12.0,12.0,12.0,0.0,0.0,5.75,6.0,5.0,1.0,0.4330127018922193,10.076583,10.437504,8.99382,1.443684000000001,0.6251335095185673,10.0,10.0,10.0,0.0,0.0,0,0,1,0,1
CdIn3,L12,111,0.6948066319392012,7,0.1525690592025057,2,1.7574999999999998,1.78,1.69,0.09000000000000008,0.038971143170299774,155.0,155.0,155.0,0.0,0.0,12.75,13.0,12.0,1.0,0.4330127018922193,5.0,5.0,5.0,0.0,0.0,6.58822185,8.99382,5.7863558,3.2074641999999995,1.3888727394645655,10.0,10.0,10.0,0.0,0.0,0,0,1,0,1
CdIr3,L12,111,-0.4309713125576024,4,1.694743899101013,2,2.0725000000000002,2.2,1.69,0.5100000000000002,0.22083647796503195,140.0,155.0,135.0,20.0,8.660254037844387,9.75,12.0,9.0,3.0,1.299038105676658,5.75,6.0,5.0,1.0,0.4330127018922193,8.97372,8.99382,8.96702,0.026799999999999713,0.011604740410711353,7.75,10.0,7.0,3.0,1.299038105676658,0,0,1,0,1
CdLa3,L12,111,-0.7159930071602219,4,1.2382879009019234,2,1.2475,1.69,1.1,0.5899999999999999,0.25547749411640935,185.0,195.0,155.0,40.0,17.320508075688775,5.25,12.0,3.0,9.0,3.897114317029974,5.75,6.0,5.0,1.0,0.4330127018922193,6.43113,8.99382,5.5769,3.4169199999999993,1.4795697613495618,3.25,10.0,1.0,9.0,3.897114317029974,0,0,1,0,1
CdMo3,L12,111,-0.9257277415553916,4,2.0812791577991447,2,2.0425,2.16,1.69,0.4700000000000002,0.20351596988934317,147.5,155.0,145.0,10.0,4.330127018922194,7.5,12.0,6.0,6.0,2.598076211353316,5.0,5.0,5.0,0.0,0.0,7.5677775,8.99382,7.09243,1.9013899999999992,0.8233260212508465,6.25,10.0,5.0,5.0,2.165063509461097,0,0,1,0,1
CdNb3,L12,111,-1.0646543735592502,3,2.1134899532007694,2,1.6225,1.69,1.6,0.08999999999999986,0.03897114317029968,147.5,155.0,145.0,10.0,4.330127018922194,6.75,12.0,5.0,7.0,3.031088913245535,5.0,5.0,5.0,0.0,0.0,7.3175925,8.99382,6.75885,2.2349699999999997,0.9677703983480533,5.5,10.0,4.0,6.0,2.598076211353316,0,0,1,0,1
CdNi3,L12,111,-0.4951126261648539,2,0.0918456316067022,2,1.855,1.91,1.69,0.21999999999999997,0.09526279441628824,140.0,155.0,135.0,20.0,8.660254037844387,10.5,12.0,10.0,2.0,0.8660254037844386,4.25,5.0,4.0,1.0,0.4330127018922193,7.9783635,8.99382,7.639878,1.353941999999999,0.5862740836253548,8.5,10.0,8.0,2.0,0.8660254037844386,0,0,1,0,1
CdOs3,L12,111,-0.464302536655822,5,0.2976193408976542,2,2.0725000000000002,2.2,1.69,0.5100000000000002,0.22083647796503195,136.25,155.0,130.0,25.0,10.825317547305483,9.0,12.0,8.0,4.0,1.7320508075688772,5.75,6.0,5.0,1.0,0.4330127018922193,8.5771275,8.99382,8.43823,0.5555899999999987,0.24057752704429755,7.0,10.0,6.0,4.0,1.7320508075688772,0,0,1,0,1
CdPb3,L12,111,0.6986881997409284,8,0.2611118679997162,2,1.7725,1.8,1.69,0.1100000000000001,0.04763139720814417,173.75,180.0,155.0,25.0,10.825317547305483,13.5,14.0,12.0,2.0,0.8660254037844386,5.75,6.0,5.0,1.0,0.4330127018922193,7.810964925,8.99382,7.4166799,1.5771400999999994,0.6829216959635647,10.0,10.0,10.0,0.0,0.0,0,0,1,0,1
CdPd3,L12,111,-0.2809613479575716,2,0.0145278856980439,2,2.0725000000000002,2.2,1.69,0.5100000000000002,0.22083647796503195,143.75,155.0,140.0,15.0,6.49519052838329,10.5,12.0,10.0,2.0,0.8660254037844386,5.0,5.0,5.0,0.0,0.0,8.50108425,8.99382,8.336839,0.656981,0.28448111790185215,10.0,10.0,10.0,0.0,0.0,0,0,1,0,1
CdPt3,L12,111,-0.3441199223588853,4,0.1239210503008507,2,2.0725000000000002,2.2,1.69,0.5100000000000002,0.22083647796503195,140.0,155.0,135.0,20.0,8.660254037844387,10.5,12.0,10.0,2.0,0.8660254037844386,5.75,6.0,5.0,1.0,0.4330127018922193,8.9675775,8.99382,8.95883,0.034989999999998744,0.015151114439208212,9.25,10.0,9.0,1.0,0.4330127018922193,0,0,1,0,1
CdRe3,L12,111,-0.6061296299585308,3,0.5909946583014971,2,1.8474999999999997,1.9,1.69,0.20999999999999996,0.09093266739736605,140.0,155.0,135.0,20.0,8.660254037844387,8.25,12.0,7.0,5.0,2.165063509461097,5.75,6.0,5.0,1.0,0.4330127018922193,8.123595,8.99382,7.83352,1.1602999999999994,0.5024246380055418,6.25,10.0,5.0,5.0,2.165063509461097,0,0,1,0,1
CdRh3,L12,111,-0.4271346435589009,3,0.4348930172018299,2,2.1325,2.28,1.69,0.5899999999999999,0.25547749411640935,140.0,155.0,135.0,20.0,8.660254037844387,9.75,12.0,9.0,3.0,1.299038105676658,5.0,5.0,5.0,0.0,0.0,7.84263,8.99382,7.4589,1.5349199999999996,0.6646398563884052,8.5,10.0,8.0,2.0,0.8660254037844386,0,0,1,0,1
CdRu3,L12,111,-0.4828685917591144,2,0.0806583513003715,2,2.0725000000000002,2.2,1.69,0.5100000000000002,0.22083647796503195,136.25,155.0,130.0,25.0,10.825317547305483,9.0,12.0,8.0,4.0,1.7320508075688772,5.0,5.0,5.0,0.0,0.0,7.7688299999999995,8.99382,7.3605,1.6333199999999994,0.7072483062545994,7.75,10.0,7.0,3.0,1.299038105676658,0,0,1,0,1
CdSc3,L12,111,-1.1753614396575074,2,0.0150370106985064,2,1.4425,1.69,1.36,0.32999999999999985,0.14289419162443232,158.75,160.0,155.0,5.0,2.165063509461097,5.25,12.0,3.0,9.0,3.897114317029974,4.25,5.0,4.0,1.0,0.4330127018922193,7.1695725,8.99382,6.56149,2.4323299999999994,1.0532297851935015,3.25,10.0,1.0,9.0,3.897114317029974,0,0,1,0,1
CdSn3,L12,111,0.8041487751407033,2,0.0862670257993158,2,1.8925,1.96,1.69,0.27,0.11691342951089922,147.5,155.0,145.0,10.0,4.330127018922194,13.5,14.0,12.0,2.0,0.8660254037844386,5.0,5.0,5.0,0.0,0.0,7.7563935,8.99382,7.343918,1.649901999999999,0.714428522877376,10.0,10.0,10.0,0.0,0.0,0,0,1,0,1
CdTa3,L12,111,-1.0698910682576468,2,0.0149597303970949,2,1.5474999999999999,1.69,1.5,0.18999999999999995,0.08227241335952165,147.5,155.0,145.0,10.0,4.330127018922194,6.75,12.0,5.0,7.0,3.031088913245535,5.75,6.0,5.0,1.0,0.4330127018922193,7.91063325,8.99382,7.549571,1.4442489999999992,0.6253781616951355,4.75,10.0,3.0,7.0,3.031088913245535,0,0,1,0,1
CdTc3,L12,111,-0.6043863326585495,3,1.8264833242028544,2,1.9975,2.1,1.69,0.41000000000000014,0.17753520777580997,140.0,155.0,135.0,20.0,8.660254037844387,8.25,12.0,7.0,5.0,2.165063509461097,5.0,5.0,5.0,0.0,0.0,7.58799,8.99382,7.11938,1.8744399999999999,0.8116563289348516,6.25,10.0,5.0,5.0,2.165063509461097,0,0,1,0,1
CdTi3,L12,111,-1.1196625941583704,2,0.0008220558993343,2,1.5775000000000001,1.69,1.54,0.1499999999999999,0.06495190528383286,143.75,155.0,140.0,15.0,6.49519052838329,6.0,12.0,4.0,8.0,3.4641016151377544,4.25,5.0,4.0,1.0,0.4330127018922193,7.3695450000000005,8.99382,6.82812,2.1656999999999993,0.9377756084879791,4.0,10.0,2.0,8.0,3.4641016151377544,0,0,1,0,1
CdTl3,L12,111,0.7341375579426597,4,0.1508087547990726,2,1.7725,1.8,1.69,0.1100000000000001,0.04763139720814417,181.25,190.0,155.0,35.0,15.155444566227676,12.75,13.0,12.0,1.0,0.4330127018922193,5.75,6.0,5.0,1.0,0.4330127018922193,6.8296704749999995,8.99382,6.1082873,2.8855326999999997,1.2494723108253507,10.0,10.0,10.0,0.0,0.0,0,0,1,0,1
CdV3,L12,111,-1.0439628371559309,2,0.0489664769993396,2,1.645,1.69,1.63,0.06000000000000005,0.025980762113533184,140.0,155.0,135.0,20.0,8.660254037844387,6.75,12.0,5.0,7.0,3.031088913245535,4.25,5.0,4.0,1.0,0.4330127018922193,7.30809525,8.99382,6.746187,2.2476329999999995,0.9732536381921144,4.75,10.0,3.0,7.0,3.031088913245535,0,0,1,0,1
CdW3,L12,111,-1.0379981018586193,3,2.3826199276008992,2,1.6974999999999998,1.7,1.69,0.010000000000000009,0.004330127018922197,140.0,155.0,135.0,20.0,8.660254037844387,7.5,12.0,6.0,6.0,2.598076211353316,5.75,6.0,5.0,1.0,0.4330127018922193,8.1464775,8.99382,7.86403,1.1297899999999998,0.4892134204708104,5.5,10.0,4.0,6.0,2.598076211353316,0,0,1,0,1
CdY3,L12,111,-1.1095851302588642,3,1.6332056266001018,2,1.3375,1.69,1.22,0.47,0.20351596988934306,173.75,180.0,155.0,25.0,10.825317547305483,5.25,12.0,3.0,9.0,3.897114317029974,5.0,5.0,5.0,0.0,0.0,6.9113999999999995,8.99382,6.21726,2.77656,1.2022857475658604,3.25,10.0,1.0,9.0,3.897114317029974,0,0,1,0,1
CdZn3,L12,111,0.5215459004475917,7,0.4479075417984859,2,1.6599999999999997,1.69,1.65,0.040000000000000036,0.01732050807568879,140.0,155.0,135.0,20.0,8.660254037844387,12.0,12.0,12.0,0.0,0.0,4.25,5.0,4.0,1.0,0.4330127018922193,9.29410275,9.394197,8.99382,0.40037700000000065,0.17336832654550138,10.0,10.0,10.0,0.0,0.0,0,0,1,0,1
CdZr3,L12,111,-1.0761065565593242,3,1.8704759684987948,2,1.42,1.69,1.33,0.3599999999999999,0.1558845726811989,155.0,155.0,155.0,0.0,0.0,6.0,12.0,4.0,8.0,3.4641016151377544,5.0,5.0,5.0,0.0,0.0,7.2240495,8.99382,6.634126,2.3596939999999993,1.0217774745788584,4.0,10.0,2.0,8.0,3.4641016151377544,0,0,1,0,1
Co3Cu,L12,111,-0.3832111160581632,6,0.9481538675026968,2,1.8849999999999998,1.9,1.88,0.020000000000000018,0.008660254037844395,135.0,135.0,135.0,0.0,0.0,9.5,11.0,9.0,2.0,0.8660254037844386,4.0,4.0,4.0,0.0,0.0,7.8423525,7.88101,7.72638,0.15463000000000005,0.06695675409359389,7.75,10.0,7.0,3.0,1.299038105676658,0,0,1,0,1
Co3Fe,L12,111,0.3253775374405734,3,0.1721943174052285,2,1.8675,1.88,1.83,0.04999999999999982,0.02165063509461089,136.25,140.0,135.0,5.0,2.165063509461097,8.75,9.0,8.0,1.0,0.4330127018922193,4.0,4.0,4.0,0.0,0.0,7.886374525,7.9024681,7.88101,0.021458100000000258,0.009291629858473543,6.75,7.0,6.0,1.0,0.4330127018922193,0,0,1,0,1
Co3Hf,L12,111,-0.6377591901609492,5,1.314149701698625,2,1.7349999999999999,1.88,1.3,0.5799999999999998,0.25114736709748714,140.0,155.0,135.0,20.0,8.660254037844387,7.75,9.0,4.0,5.0,2.165063509461097,4.5,6.0,4.0,2.0,0.8660254037844386,7.617025,7.88101,6.82507,1.0559399999999997,0.4572354324360699,5.75,7.0,2.0,5.0,2.165063509461097,0,0,1,0,1
Co3Hg,L12,111,-0.3066649490565112,4,1.4547880656973575,2,1.8849999999999998,1.9,1.88,0.020000000000000018,0.008660254037844395,138.75,150.0,135.0,15.0,6.49519052838329,9.75,12.0,9.0,3.0,1.299038105676658,4.5,6.0,4.0,2.0,0.8660254037844386,8.5201335,10.437504,7.88101,2.5564940000000007,1.1069943743112476,7.75,10.0,7.0,3.0,1.299038105676658,0,0,1,0,1
Co3In,L12,111,-0.4410148983579063,2,0.1418439643020974,2,1.855,1.88,1.78,0.09999999999999987,0.04330127018922188,140.0,155.0,135.0,20.0,8.660254037844387,10.0,13.0,9.0,4.0,1.7320508075688772,4.25,5.0,4.0,1.0,0.4330127018922193,7.35734645,7.88101,5.7863558,2.0946542,0.9070118746718852,7.75,10.0,7.0,3.0,1.299038105676658,0,0,1,0,1
Co3Ir,L12,111,-0.2723146586567679,3,0.148532930696092,2,1.96,2.2,1.88,0.3200000000000003,0.13856406460551032,135.0,135.0,135.0,0.0,0.0,9.0,9.0,9.0,0.0,0.0,4.5,6.0,4.0,2.0,0.8660254037844386,8.1525125,8.96702,7.88101,1.08601,0.4702561243819691,7.0,7.0,7.0,0.0,0.0,0,0,1,0,1
Co3La,L12,111,-0.3811193770588659,3,0.0520507514011114,2,1.685,1.88,1.1,0.7799999999999998,0.337749907475931,150.0,195.0,135.0,60.0,25.98076211353316,7.5,9.0,3.0,6.0,2.598076211353316,4.5,6.0,4.0,2.0,0.8660254037844386,7.3049824999999995,7.88101,5.5769,2.3041099999999997,0.9977088965568813,5.5,7.0,1.0,6.0,2.598076211353316,0,0,1,0,1
Co3Mo,L12,111,-0.5248709954530284,3,0.7402312752965372,2,1.95,2.16,1.88,0.28000000000000025,0.12124355652982152,137.5,145.0,135.0,10.0,4.330127018922194,8.25,9.0,6.0,3.0,1.299038105676658,4.25,5.0,4.0,1.0,0.4330127018922193,7.683865,7.88101,7.09243,0.7885799999999996,0.34146515645816616,6.5,7.0,5.0,2.0,0.8660254037844386,0,0,1,0,1
Co3Nb,L12,111,-0.5683234937596069,3,1.054820859601023,2,1.81,1.88,1.6,0.2799999999999998,0.12124355652982133,137.5,145.0,135.0,10.0,4.330127018922194,8.0,9.0,5.0,4.0,1.7320508075688772,4.25,5.0,4.0,1.0,0.4330127018922193,7.60047,7.88101,6.75885,1.12216,0.48590953355537286,6.25,7.0,4.0,3.0,1.299038105676658,0,0,1,0,1
Co3Ni,L12,111,-0.3427804419615938,2,0.5979425409022951,2,1.8875,1.91,1.88,0.030000000000000027,0.012990381056766592,135.0,135.0,135.0,0.0,0.0,9.25,10.0,9.0,1.0,0.4330127018922193,4.0,4.0,4.0,0.0,0.0,7.820727,7.88101,7.639878,0.24113199999999946,0.10441321883267439,7.25,8.0,7.0,1.0,0.4330127018922193,0,0,1,0,1
Co3Os,L12,111,-0.4306489937580124,5,0.2277064929003245,2,1.96,2.2,1.88,0.3200000000000003,0.13856406460551032,133.75,135.0,130.0,5.0,2.165063509461097,8.75,9.0,8.0,1.0,0.4330127018922193,4.5,6.0,4.0,2.0,0.8660254037844386,8.020315,8.43823,7.88101,0.5572200000000009,0.24128333774838287,6.75,7.0,6.0,1.0,0.4330127018922193,0,0,1,0,1
Co3Pb,L12,111,-0.3410001371584883,1,0.0,2,1.8599999999999999,1.88,1.8,0.07999999999999985,0.034641016151377484,146.25,180.0,135.0,45.0,19.48557158514987,10.25,14.0,9.0,5.0,2.165063509461097,4.5,6.0,4.0,2.0,0.8660254037844386,7.764927475,7.88101,7.4166799,0.46433009999999975,0.20106083117088427,7.75,10.0,7.0,3.0,1.299038105676658,0,0,1,0,1
Co3Pd,L12,111,-0.3373044231547908,7,0.6831366218029871,2,1.96,2.2,1.88,0.3200000000000003,0.13856406460551032,136.25,140.0,135.0,5.0,2.165063509461097,9.25,10.0,9.0,1.0,0.4330127018922193,4.25,5.0,4.0,1.0,0.4330127018922193,7.99496725,8.336839,7.88101,0.4558289999999996,0.19737974689082827,7.75,10.0,7.0,3.0,1.299038105676658,0,0,1,0,1
Co3Pt,L12,111,-0.3056619374610534,5,0.2851246897043893,2,1.96,2.2,1.88,0.3200000000000003,0.13856406460551032,135.0,135.0,135.0,0.0,0.0,9.25,10.0,9.0,1.0,0.4330127018922193,4.5,6.0,4.0,2.0,0.8660254037844386,8.150465,8.95883,7.88101,1.0778200000000009,0.4667097503534722,7.5,9.0,7.0,2.0,0.8660254037844386,0,0,1,0,1
Co3Re,L12,111,-0.466742853553086,5,0.3072716267997748,2,1.8849999999999998,1.9,1.88,0.020000000000000018,0.008660254037844395,135.0,135.0,135.0,0.0,0.0,8.5,9.0,7.0,2.0,0.8660254037844386,4.5,6.0,4.0,2.0,0.8660254037844386,7.8691375,7.88101,7.83352,0.04748999999999981,0.020563773212861413,6.5,7.0,5.0,2.0,0.8660254037844386,0,0,1,0,1
Co3Rh,L12,111,-0.2855593915582801,7,0.4521481639021658,2,1.98,2.28,1.88,0.3999999999999999,0.1732050807568877,135.0,135.0,135.0,0.0,0.0,9.0,9.0,9.0,0.0,0.0,4.25,5.0,4.0,1.0,0.4330127018922193,7.7754825,7.88101,7.4589,0.42211,0.1827789915957247,7.25,8.0,7.0,1.0,0.4330127018922193,0,0,1,0,1
Co3Ru,L12,111,-0.3727363660572962,6,0.5960401931006345,2,1.96,2.2,1.88,0.3200000000000003,0.13856406460551032,133.75,135.0,130.0,5.0,2.165063509461097,8.75,9.0,8.0,1.0,0.4330127018922193,4.25,5.0,4.0,1.0,0.4330127018922193,7.7508824999999995,7.88101,7.3605,0.5205099999999998,0.225387441461919,7.0,7.0,7.0,0.0,0.0,0,0,1,0,1
Co3Sc,L12,111,-0.6379649082582262,3,0.1653925599021022,2,1.75,1.88,1.36,0.5199999999999998,0.22516660498395397,141.25,160.0,135.0,25.0,10.825317547305483,7.5,9.0,3.0,6.0,2.598076211353316,4.0,4.0,4.0,0.0,0.0,7.55113,7.88101,6.56149,1.3195199999999998,0.5713689204008211,5.5,7.0,1.0,6.0,2.598076211353316,0,0,1,0,1
Co3Sn,L12,111,0.821398071341747,1,0.0,2,1.9,1.96,1.88,0.08000000000000007,0.03464101615137758,137.5,145.0,135.0,10.0,4.330127018922194,10.25,14.0,9.0,5.0,2.165063509461097,4.25,5.0,4.0,1.0,0.4330127018922193,7.7467369999999995,7.88101,7.343918,0.5370919999999995,0.23256765808469562,7.75,10.0,7.0,3.0,1.299038105676658,0,0,1,0,1
Co3Ta,L12,111,-0.5856761932581946,3,0.9974134112999308,2,1.785,1.88,1.5,0.3799999999999999,0.1645448267190433,137.5,145.0,135.0,10.0,4.330127018922194,8.0,9.0,5.0,4.0,1.7320508075688772,4.5,6.0,4.0,2.0,0.8660254037844386,7.79815025,7.88101,7.549571,0.3314389999999996,0.1435172969024551,6.0,7.0,3.0,4.0,1.7320508075688772,0,0,1,0,1
Co3Tc,L12,111,-0.4409808841582787,4,0.5152802071970655,2,1.935,2.1,1.88,0.2200000000000002,0.09526279441628833,135.0,135.0,135.0,0.0,0.0,8.5,9.0,7.0,2.0,0.8660254037844386,4.25,5.0,4.0,1.0,0.4330127018922193,7.6906025,7.88101,7.11938,0.7616300000000003,0.3297954641421711,6.5,7.0,5.0,2.0,0.8660254037844386,0,0,1,0,1
Co3Ti,L12,111,-0.5997914183598994,5,1.3476443301988184,2,1.795,1.88,1.54,0.33999999999999986,0.1472243186433545,136.25,140.0,135.0,5.0,2.165063509461097,7.75,9.0,4.0,5.0,2.165063509461097,4.0,4.0,4.0,0.0,0.0,7.6177875,7.88101,6.82812,1.0528899999999997,0.45591474369529866,5.75,7.0,2.0,5.0,2.165063509461097,0,0,1,0,1
Co3Tl,L12,111,1.2518493743419017,1,0.0,2,1.8599999999999999,1.88,1.8,0.07999999999999985,0.034641016151377484,148.75,190.0,135.0,55.0,23.81569860407206,10.0,13.0,9.0,4.0,1.7320508075688772,4.5,6.0,4.0,2.0,0.8660254037844386,7.437829325,7.88101,6.1082873,1.7727227,0.7676114460326702,7.75,10.0,7.0,3.0,1.299038105676658,0,0,1,0,1
Co3V,L12,111,-0.5055949953593597,2,0.0159026049004751,2,1.8175,1.88,1.63,0.25,0.10825317547305482,135.0,135.0,135.0,0.0,0.0,8.0,9.0,5.0,4.0,1.7320508075688772,4.0,4.0,4.0,0.0,0.0,7.59730425,7.88101,6.746187,1.134823,0.491392773399434,6.0,7.0,3.0,4.0,1.7320508075688772,0,0,1,0,1
Co3W,L12,111,-0.5425541772628719,3,0.6152763285062974,2,1.835,1.88,1.7,0.17999999999999994,0.07794228634059945,135.0,135.0,135.0,0.0,0.0,8.25,9.0,6.0,3.0,1.299038105676658,4.5,6.0,4.0,2.0,0.8660254037844386,7.876765,7.88101,7.86403,0.016980000000000217,0.007352555678129978,6.25,7.0,4.0,3.0,1.299038105676658,0,0,1,0,1
Co3Y,L12,111,-0.40970847335754,2,0.1131295597006101,2,1.7149999999999999,1.88,1.22,0.6599999999999999,0.28578838324886474,146.25,180.0,135.0,45.0,19.48557158514987,7.5,9.0,3.0,6.0,2.598076211353316,4.25,5.0,4.0,1.0,0.4330127018922193,7.4650725,7.88101,6.21726,1.6637500000000003,0.7204248827731801,5.5,7.0,1.0,6.0,2.598076211353316,0,0,1,0,1
Co3Zn,L12,111,-0.5095173802610304,2,1.5438329656026326,2,1.8224999999999998,1.88,1.65,0.22999999999999998,0.09959292143521044,135.0,135.0,135.0,0.0,0.0,9.75,12.0,9.0,3.0,1.299038105676658,4.0,4.0,4.0,0.0,0.0,8.25930675,9.394197,7.88101,1.5131870000000003,0.6552291913381818,7.75,10.0,7.0,3.0,1.299038105676658,0,0,1,0,1
Co3Zr,L12,111,-0.6151398633582801,5,1.312215924699558,2,1.7425,1.88,1.33,0.5499999999999998,0.23815698604072055,140.0,155.0,135.0,20.0,8.660254037844387,7.75,9.0,4.0,5.0,2.165063509461097,4.25,5.0,4.0,1.0,0.4330127018922193,7.5692889999999995,7.88101,6.634126,1.2468839999999997,0.5399166097861778,5.75,7.0,2.0,5.0,2.165063509461097,0,0,1,0,1
CoCr3,L12,111,-0.8427703004553848,3,0.8376450362993637,2,1.7149999999999999,1.88,1.66,0.21999999999999997,0.09526279441628824,138.75,140.0,135.0,5.0,2.165063509461097,6.75,9.0,6.0,3.0,1.299038105676658,4.0,4.0,4.0,0.0,0.0,7.045135,7.88101,6.76651,1.1144999999999996,0.48259265625887826,5.5,7.0,5.0,2.0,0.8660254037844386,0,0,1,0,1
CoCu3,L12,111,-0.2800658213591021,5,0.47558111109538,2,1.8949999999999998,1.9,1.88,0.020000000000000018,0.008660254037844393,135.0,135.0,135.0,0.0,0.0,10.5,11.0,9.0,2.0,0.8660254037844386,4.0,4.0,4.0,0.0,0.0,7.7650375,7.88101,7.72638,0.15463000000000005,0.06695675409359389,9.25,10.0,7.0,3.0,1.299038105676658,0,0,1,0,1
CoHf3,L12,111,-1.0161517144578909,2,0.234593558099732,2,1.445,1.88,1.3,0.5799999999999998,0.25114736709748714,150.0,155.0,135.0,20.0,8.660254037844387,5.25,9.0,4.0,5.0,2.165063509461097,5.5,6.0,4.0,2.0,0.8660254037844386,7.089055,7.88101,6.82507,1.0559399999999997,0.4572354324360699,3.25,7.0,2.0,5.0,2.165063509461097,0,0,1,0,1
CoHg3,L12,111,0.1898598117413996,3,1.1874264231009874,2,1.8949999999999998,1.9,1.88,0.020000000000000018,0.008660254037844393,146.25,150.0,135.0,15.0,6.49519052838329,11.25,12.0,9.0,3.0,1.299038105676658,5.5,6.0,4.0,2.0,0.8660254037844386,9.7983805,10.437504,7.88101,2.5564940000000007,1.1069943743112476,9.25,10.0,7.0,3.0,1.299038105676658,0,0,1,0,1
CoIn3,L12,111,0.8620600422446216,1,0.0,2,1.805,1.88,1.78,0.09999999999999987,0.04330127018922188,150.0,155.0,135.0,20.0,8.660254037844387,12.0,13.0,9.0,4.0,1.7320508075688772,4.75,5.0,4.0,1.0,0.4330127018922193,6.31001935,7.88101,5.7863558,2.0946542,0.9070118746718852,9.25,10.0,7.0,3.0,1.299038105676658,0,0,1,0,1
CoIr3,L12,111,-0.2132946637566135,4,0.4491105571942171,2,2.12,2.2,1.88,0.3200000000000003,0.13856406460551032,135.0,135.0,135.0,0.0,0.0,9.0,9.0,9.0,0.0,0.0,5.5,6.0,4.0,2.0,0.8660254037844386,8.695517500000001,8.96702,7.88101,1.08601,0.47025612438196907,7.0,7.0,7.0,0.0,0.0,0,0,1,0,1
CoMn3,L12,111,-0.6750926645536026,2,0.1028344047008431,2,1.6325,1.88,1.55,0.32999999999999985,0.14289419162443232,138.75,140.0,135.0,5.0,2.165063509461097,7.5,9.0,7.0,2.0,0.8660254037844386,4.0,4.0,4.0,0.0,0.0,7.545781,7.88101,7.434038,0.4469719999999997,0.19354455339016893,5.5,7.0,5.0,2.0,0.8660254037844386,0,0,1,0,1
CoMo3,L12,111,-0.8436342618578863,2,0.8962806704003015,2,2.09,2.16,1.88,0.28000000000000025,0.12124355652982152,142.5,145.0,135.0,10.0,4.330127018922194,6.75,9.0,6.0,3.0,1.299038105676658,4.75,5.0,4.0,1.0,0.4330127018922193,7.289575,7.88101,7.09243,0.7885799999999996,0.34146515645816616,5.5,7.0,5.0,2.0,0.8660254037844386,0,0,1,0,1
CoNi3,L12,111,-0.3012198151545533,3,0.1420730842000921,2,1.9024999999999999,1.91,1.88,0.030000000000000027,0.012990381056766592,135.0,135.0,135.0,0.0,0.0,9.75,10.0,9.0,1.0,0.4330127018922193,4.0,4.0,4.0,0.0,0.0,7.7001610000000005,7.88101,7.639878,0.24113199999999946,0.10441321883267439,7.75,8.0,7.0,1.0,0.4330127018922193,0,0,1,0,1
CoOs3,L12,111,-0.2617155524557972,3,0.1316077219962608,2,2.12,2.2,1.88,0.3200000000000003,0.13856406460551032,131.25,135.0,130.0,5.0,2.165063509461097,8.25,9.0,8.0,1.0,0.4330127018922193,5.5,6.0,4.0,2.0,0.8660254037844386,8.298925,8.43823,7.88101,0.5572200000000009,0.24128333774838287,6.25,7.0,6.0,1.0,0.4330127018922193,0,0,1,0,1
CoPd3,L12,111,-0.2043123219545748,7,0.4831692775987903,2,2.12,2.2,1.88,0.3200000000000003,0.13856406460551032,138.75,140.0,135.0,5.0,2.165063509461097,9.75,10.0,9.0,1.0,0.4330127018922193,4.75,5.0,4.0,1.0,0.4330127018922193,8.222881749999999,8.336839,7.88101,0.4558289999999996,0.19737974689082827,9.25,10.0,7.0,3.0,1.299038105676658,0,0,1,0,1
CoRe3,L12,111,-0.6620280709603037,6,0.2655571196009987,2,1.8949999999999998,1.9,1.88,0.020000000000000018,0.008660254037844393,135.0,135.0,135.0,0.0,0.0,7.5,9.0,7.0,2.0,0.8660254037844386,5.5,6.0,4.0,2.0,0.8660254037844386,7.8453925,7.88101,7.83352,0.04748999999999981,0.020563773212861413,5.5,7.0,5.0,2.0,0.8660254037844386,0,0,1,0,1
CoTc3,L12,111,-0.7481893806607047,3,0.141692397002771,2,2.045,2.1,1.88,0.2200000000000002,0.09526279441628833,135.0,135.0,135.0,0.0,0.0,7.5,9.0,7.0,2.0,0.8660254037844386,4.75,5.0,4.0,1.0,0.4330127018922193,7.3097875,7.88101,7.11938,0.7616300000000003,0.3297954641421711,5.5,7.0,5.0,2.0,0.8660254037844386,0,0,1,0,1
CoTi3,L12,111,-1.0623380043607256,1,0.0,2,1.625,1.88,1.54,0.33999999999999986,0.1472243186433545,138.75,140.0,135.0,5.0,2.165063509461097,5.25,9.0,4.0,5.0,2.165063509461097,4.0,4.0,4.0,0.0,0.0,7.0913425000000005,7.88101,6.82812,1.0528899999999997,0.45591474369529866,3.25,7.0,2.0,5.0,2.165063509461097,0,0,1,0,1
CoV3,L12,111,-1.0710604774567116,1,0.0,2,1.6925,1.88,1.63,0.25,0.10825317547305482,135.0,135.0,135.0,0.0,0.0,6.0,9.0,5.0,4.0,1.7320508075688772,4.0,4.0,4.0,0.0,0.0,7.02989275,7.88101,6.746187,1.134823,0.491392773399434,4.0,7.0,3.0,4.0,1.7320508075688772,0,0,1,0,1
CoZn3,L12,111,-0.0989090265565835,1,0.0,2,1.7074999999999998,1.88,1.65,0.22999999999999998,0.09959292143521044,135.0,135.0,135.0,0.0,0.0,11.25,12.0,9.0,3.0,1.299038105676658,4.0,4.0,4.0,0.0,0.0,9.015900250000001,9.394197,7.88101,1.5131870000000003,0.6552291913381818,9.25,10.0,7.0,3.0,1.299038105676658,0,0,1,0,1
Cr3Cu,L12,111,-0.9631512857585848,4,1.3005791125033284,2,1.7199999999999998,1.9,1.66,0.24,0.10392304845413264,138.75,140.0,135.0,5.0,2.165063509461097,7.25,11.0,6.0,5.0,2.165063509461097,4.0,4.0,4.0,0.0,0.0,7.0064775,7.72638,6.76651,0.9598699999999996,0.4156359021652844,6.25,10.0,5.0,5.0,2.165063509461097,0,0,1,0,1
Cr3Ga,L12,111,-0.9200387936570849,4,2.069256760296412,2,1.6974999999999998,1.81,1.66,0.15000000000000013,0.06495190528383295,137.5,140.0,130.0,10.0,4.330127018922194,7.75,13.0,6.0,7.0,3.031088913245535,4.0,4.0,4.0,0.0,0.0,6.574708,6.76651,5.999302,0.7672080000000001,0.3322108089933259,6.25,10.0,5.0,5.0,2.165063509461097,0,0,1,0,1
Cr3Hf,L12,111,0.1380157307403635,1,0.0,2,1.5699999999999998,1.66,1.3,0.3599999999999999,0.1558845726811989,143.75,155.0,140.0,15.0,6.49519052838329,5.5,6.0,4.0,2.0,0.8660254037844386,4.5,6.0,4.0,2.0,0.8660254037844386,6.78115,6.82507,6.76651,0.058559999999999945,0.02535722382280834,4.25,5.0,2.0,3.0,1.299038105676658,0,0,1,0,1
Cr3Hg,L12,111,-0.7516616891579986,3,1.6945086565974634,2,1.7199999999999998,1.9,1.66,0.24,0.10392304845413264,142.5,150.0,140.0,10.0,4.330127018922194,7.5,12.0,6.0,6.0,2.598076211353316,4.5,6.0,4.0,2.0,0.8660254037844386,7.6842585,10.437504,6.76651,3.6709940000000003,1.5895870305701258,6.25,10.0,5.0,5.0,2.165063509461097,0,0,1,0,1
Cr3In,L12,111,-0.7614070381596036,3,1.980533090802055,2,1.69,1.78,1.66,0.1200000000000001,0.05196152422706637,143.75,155.0,140.0,15.0,6.49519052838329,7.75,13.0,6.0,7.0,3.031088913245535,4.25,5.0,4.0,1.0,0.4330127018922193,6.52147145,6.76651,5.7863558,0.9801542000000003,0.42441921841300684,6.25,10.0,5.0,5.0,2.165063509461097,0,0,1,0,1
Cr3Ir,L12,111,-0.8275780487592499,5,1.1066269807015487,2,1.795,2.2,1.66,0.5400000000000003,0.23382685902179853,138.75,140.0,135.0,5.0,2.165063509461097,6.75,9.0,6.0,3.0,1.299038105676658,4.5,6.0,4.0,2.0,0.8660254037844386,7.316637500000001,8.96702,6.76651,2.2005099999999995,0.9528487806408473,5.5,7.0,5.0,2.0,0.8660254037844386,0,0,1,0,1
Cr3La,L12,111,-0.647101130357413,4,0.2254623699991498,2,1.52,1.66,1.1,0.5599999999999998,0.24248711305964274,153.75,195.0,140.0,55.0,23.81569860407206,5.25,6.0,3.0,3.0,1.299038105676658,4.5,6.0,4.0,2.0,0.8660254037844386,6.4691075,6.76651,5.5769,1.18961,0.5151162402980031,4.0,5.0,1.0,4.0,1.7320508075688772,0,0,1,0,1
Cr3Mo,L12,111,-1.300261283558001,4,1.436609908902028,2,1.785,2.16,1.66,0.5000000000000002,0.21650635094610976,141.25,145.0,140.0,5.0,2.165063509461097,6.0,6.0,6.0,0.0,0.0,4.25,5.0,4.0,1.0,0.4330127018922193,6.84799,7.09243,6.76651,0.32592,0.14112749980071213,5.0,5.0,5.0,0.0,0.0,0,0,1,0,1
Cr3Nb,L12,111,-1.0583096311592897,2,1.132364596000116,2,1.645,1.66,1.6,0.05999999999999983,0.025980762113533087,141.25,145.0,140.0,5.0,2.165063509461097,5.75,6.0,5.0,1.0,0.4330127018922193,4.25,5.0,4.0,1.0,0.4330127018922193,6.764595,6.76651,6.75885,0.007660000000000444,0.0033168772964945925,4.75,5.0,4.0,1.0,0.4330127018922193,0,0,1,0,1
Cr3Os,L12,111,-0.8185210117580652,5,1.0968416309988245,2,1.795,2.2,1.66,0.5400000000000003,0.23382685902179853,137.5,140.0,130.0,10.0,4.330127018922194,6.5,8.0,6.0,2.0,0.8660254037844386,4.5,6.0,4.0,2.0,0.8660254037844386,7.18444,8.43823,6.76651,1.6717200000000005,0.7238759940072611,5.25,6.0,5.0,1.0,0.4330127018922193,0,0,1,0,1
Cr3Pb,L12,111,-0.57807346865863,2,0.1707840874005342,2,1.6949999999999998,1.8,1.66,0.14000000000000012,0.06062177826491076,150.0,180.0,140.0,40.0,17.320508075688775,8.0,14.0,6.0,8.0,3.4641016151377544,4.5,6.0,4.0,2.0,0.8660254037844386,6.929052475000001,7.4166799,6.76651,0.6501698999999999,0.281531825087994,6.25,10.0,5.0,5.0,2.165063509461097,0,0,1,0,1
Cr3Pd,L12,111,-0.90646834046035,4,1.0943697489019542,2,1.795,2.2,1.66,0.5400000000000003,0.23382685902179853,140.0,140.0,140.0,0.0,0.0,7.0,10.0,6.0,4.0,1.7320508075688772,4.25,5.0,4.0,1.0,0.4330127018922193,7.1590922500000005,8.336839,6.76651,1.5703289999999992,0.6799724031497065,6.25,10.0,5.0,5.0,2.165063509461097,0,0,1,0,1
Cr3Pt,L12,111,-0.877356649557413,6,0.8243577175016981,2,1.795,2.2,1.66,0.5400000000000003,0.23382685902179853,138.75,140.0,135.0,5.0,2.165063509461097,7.0,10.0,6.0,4.0,1.7320508075688772,4.5,6.0,4.0,2.0,0.8660254037844386,7.314590000000001,8.95883,6.76651,2.1923200000000005,0.9493024066123504,6.0,9.0,5.0,4.0,1.7320508075688772,0,0,1,0,1
Cr3Re,L12,111,-0.9411810864575898,5,0.9094668989018828,2,1.7199999999999998,1.9,1.66,0.24,0.10392304845413264,138.75,140.0,135.0,5.0,2.165063509461097,6.25,7.0,6.0,1.0,0.4330127018922193,4.5,6.0,4.0,2.0,0.8660254037844386,7.0332625,7.83352,6.76651,1.0670099999999998,0.46202888304601686,5.0,5.0,5.0,0.0,0.0,0,0,1,0,1
Cr3Rh,L12,111,-0.8606802890562619,6,0.9432434373011348,2,1.815,2.28,1.66,0.6199999999999999,0.26846787517317594,138.75,140.0,135.0,5.0,2.165063509461097,6.75,9.0,6.0,3.0,1.299038105676658,4.25,5.0,4.0,1.0,0.4330127018922193,6.9396075,7.4589,6.76651,0.6923899999999996,0.29981366466315357,5.75,8.0,5.0,3.0,1.299038105676658,0,0,1,0,1
Cr3Ru,L12,111,-0.8355762908604163,6,1.0800671735014475,2,1.795,2.2,1.66,0.5400000000000003,0.23382685902179853,137.5,140.0,130.0,10.0,4.330127018922194,6.5,8.0,6.0,2.0,0.8660254037844386,4.25,5.0,4.0,1.0,0.4330127018922193,6.9150075,7.3605,6.76651,0.5939899999999998,0.2572052147969593,5.5,7.0,5.0,2.0,0.8660254037844386,0,0,1,0,1
Cr3Sc,L12,111,-0.7849714162575481,2,0.2696792361020925,2,1.585,1.66,1.36,0.2999999999999998,0.12990381056766573,145.0,160.0,140.0,20.0,8.660254037844387,5.25,6.0,3.0,3.0,1.299038105676658,4.0,4.0,4.0,0.0,0.0,6.715255,6.76651,6.56149,0.2050200000000002,0.0887762641419429,4.0,5.0,1.0,4.0,1.7320508075688772,0,0,1,0,1
Cr3Sn,L12,111,-0.6839200374588188,2,0.2207441882019338,2,1.7349999999999999,1.96,1.66,0.30000000000000004,0.1299038105676658,141.25,145.0,140.0,5.0,2.165063509461097,8.0,14.0,6.0,8.0,3.4641016151377544,4.25,5.0,4.0,1.0,0.4330127018922193,6.910862,7.343918,6.76651,0.5774080000000001,0.2500249981741826,6.25,10.0,5.0,5.0,2.165063509461097,0,0,1,0,1
Cr3Ta,L12,111,-1.1572455969571536,2,1.0939372239990917,2,1.6199999999999999,1.66,1.5,0.15999999999999992,0.06928203230275505,141.25,145.0,140.0,5.0,2.165063509461097,5.75,6.0,5.0,1.0,0.4330127018922193,4.5,6.0,4.0,2.0,0.8660254037844386,6.96227525,7.549571,6.76651,0.783061,0.3390753593564232,4.5,5.0,3.0,2.0,0.8660254037844386,0,0,1,0,1
Cr3Tc,L12,111,-0.942017292359168,3,1.059479720701347,2,1.77,2.1,1.66,0.44000000000000017,0.19052558883257656,138.75,140.0,135.0,5.0,2.165063509461097,6.25,7.0,6.0,1.0,0.4330127018922193,4.25,5.0,4.0,1.0,0.4330127018922193,6.8547275,7.11938,6.76651,0.35286999999999935,0.15279719211670714,5.0,5.0,5.0,0.0,0.0,0,0,1,0,1
Cr3Ti,L12,111,-0.8945411827580472,2,1.227685937701608,2,1.63,1.66,1.54,0.11999999999999988,0.05196152422706627,140.0,140.0,140.0,0.0,0.0,5.5,6.0,4.0,2.0,0.8660254037844386,4.0,4.0,4.0,0.0,0.0,6.781912500000001,6.82812,6.76651,0.06160999999999994,0.026677912563579605,4.25,5.0,2.0,3.0,1.299038105676658,0,0,1,0,1
Cr3Tl,L12,111,-0.6750760656568389,3,2.130677207500412,2,1.6949999999999998,1.8,1.66,0.14000000000000012,0.06062177826491076,152.5,190.0,140.0,50.0,21.650635094610966,7.75,13.0,6.0,7.0,3.031088913245535,4.5,6.0,4.0,2.0,0.8660254037844386,6.601954325,6.76651,6.1082873,0.6582227000000005,0.2850187897737919,6.25,10.0,5.0,5.0,2.165063509461097,0,0,1,0,1
Cr3W,L12,111,-0.6389513208586948,2,0.6444480204008869,2,1.67,1.7,1.66,0.040000000000000036,0.01732050807568879,138.75,140.0,135.0,5.0,2.165063509461097,6.0,6.0,6.0,0.0,0.0,4.5,6.0,4.0,2.0,0.8660254037844386,7.04089,7.86403,6.76651,1.0975199999999994,0.4752401005807483,4.75,5.0,4.0,1.0,0.4330127018922193,0,0,1,0,1
Cr3Zn,L12,111,-0.9649200256598932,4,1.849054622798576,2,1.6574999999999998,1.66,1.65,0.010000000000000009,0.004330127018922197,138.75,140.0,135.0,5.0,2.165063509461097,7.5,12.0,6.0,6.0,2.598076211353316,4.0,4.0,4.0,0.0,0.0,7.423431750000001,9.394197,6.76651,2.627687,1.13782184759706,6.25,10.0,5.0,5.0,2.165063509461097,0,0,1,0,1
Cr3Zr,L12,111,0.2859297384430022,1,0.0,2,1.5775,1.66,1.33,0.32999999999999985,0.14289419162443232,143.75,155.0,140.0,15.0,6.49519052838329,5.5,6.0,4.0,2.0,0.8660254037844386,4.25,5.0,4.0,1.0,0.4330127018922193,6.733414,6.76651,6.634126,0.13238400000000006,0.05732395352729959,4.25,5.0,2.0,3.0,1.299038105676658,0,0,1,0,1
CrCu3,L12,111,-0.4180159726592762,3,0.4908062885006075,2,1.8399999999999999,1.9,1.66,0.24,0.10392304845413264,136.25,140.0,135.0,5.0,2.165063509461097,9.75,11.0,6.0,5.0,2.165063509461097,4.0,4.0,4.0,0.0,0.0,7.4864125,7.72638,6.76651,0.9598699999999996,0.4156359021652844,8.75,10.0,5.0,5.0,2.165063509461097,0,0,1,0,1
CrGa3,L12,111,0.594557716839546,3,0.5053881888015894,2,1.7725,1.81,1.66,0.15000000000000013,0.06495190528383295,132.5,140.0,130.0,10.0,4.330127018922194,11.25,13.0,6.0,7.0,3.031088913245535,4.0,4.0,4.0,0.0,0.0,6.191104,6.76651,5.999302,0.7672080000000001,0.3322108089933259,8.75,10.0,5.0,5.0,2.165063509461097,0,0,1,0,1
CrHf3,L12,111,-1.0657992924561484,3,0.2381428749977203,2,1.3900000000000001,1.66,1.3,0.3599999999999999,0.1558845726811989,151.25,155.0,140.0,15.0,6.49519052838329,4.5,6.0,4.0,2.0,0.8660254037844386,5.5,6.0,4.0,2.0,0.8660254037844386,6.81043,6.82507,6.76651,0.058559999999999945,0.02535722382280834,2.75,5.0,2.0,3.0,1.299038105676658,0,0,1,0,1
CrHg3,L12,111,-0.1804063048575415,3,1.5921957580976596,2,1.8399999999999999,1.9,1.66,0.24,0.10392304845413264,147.5,150.0,140.0,10.0,4.330127018922194,10.5,12.0,6.0,6.0,2.598076211353316,5.5,6.0,4.0,2.0,0.8660254037844386,9.5197555,10.437504,6.76651,3.6709940000000003,1.5895870305701258,8.75,10.0,5.0,5.0,2.165063509461097,0,0,1,0,1
CrIn3,L12,111,-0.0966771488592428,5,1.2716886501984843,2,1.75,1.78,1.66,0.1200000000000001,0.05196152422706637,151.25,155.0,140.0,15.0,6.49519052838329,11.25,13.0,6.0,7.0,3.031088913245535,4.75,5.0,4.0,1.0,0.4330127018922193,6.03139435,6.76651,5.7863558,0.9801542000000003,0.42441921841300684,8.75,10.0,5.0,5.0,2.165063509461097,0,0,1,0,1
CrIr3,L12,111,-0.3149695913589028,4,0.6580206505022943,2,2.065,2.2,1.66,0.5400000000000003,0.23382685902179856,136.25,140.0,135.0,5.0,2.165063509461097,8.25,9.0,6.0,3.0,1.299038105676658,5.5,6.0,4.0,2.0,0.8660254037844386,8.4168925,8.96702,6.76651,2.2005099999999995,0.9528487806408473,6.5,7.0,5.0,2.0,0.8660254037844386,0,0,1,0,1
CrLa3,L12,111,-0.7116176887566041,5,0.4672843601001659,2,1.24,1.66,1.1,0.5599999999999998,0.24248711305964274,181.25,195.0,140.0,55.0,23.81569860407206,3.75,6.0,3.0,3.0,1.299038105676658,5.5,6.0,4.0,2.0,0.8660254037844386,5.8743025,6.76651,5.5769,1.18961,0.5151162402980031,2.0,5.0,1.0,4.0,1.7320508075688772,0,0,1,0,1
CrMo3,L12,111,-0.8125506980568105,4,0.9428417972994794,2,2.035,2.16,1.66,0.5000000000000002,0.21650635094610976,143.75,145.0,140.0,5.0,2.165063509461097,6.0,6.0,6.0,0.0,0.0,4.75,5.0,4.0,1.0,0.4330127018922193,7.01095,7.09243,6.76651,0.32592,0.14112749980071213,5.0,5.0,5.0,0.0,0.0,0,0,1,0,1
CrNb3,L12,111,0.1918173987405964,1,0.0,2,1.6150000000000002,1.66,1.6,0.05999999999999983,0.025980762113533087,143.75,145.0,140.0,5.0,2.165063509461097,5.25,6.0,5.0,1.0,0.4330127018922193,4.75,5.0,4.0,1.0,0.4330127018922193,6.760765,6.76651,6.75885,0.007660000000000444,0.0033168772964945925,4.25,5.0,4.0,1.0,0.4330127018922193,0,0,1,0,1
CrNi3,L12,111,-0.5695141278547169,1,0.0,2,1.8475,1.91,1.66,0.25,0.10825317547305482,136.25,140.0,135.0,5.0,2.165063509461097,9.0,10.0,6.0,4.0,1.7320508075688772,4.0,4.0,4.0,0.0,0.0,7.421536000000001,7.639878,6.76651,0.8733680000000001,0.37817943742620386,7.25,8.0,5.0,3.0,1.299038105676658,0,0,1,0,1
CrOs3,L12,111,-0.4492223958577312,4,0.8591733225985081,2,2.065,2.2,1.66,0.5400000000000003,0.23382685902179856,132.5,140.0,130.0,10.0,4.330127018922194,7.5,8.0,6.0,2.0,0.8660254037844386,5.5,6.0,4.0,2.0,0.8660254037844386,8.0203,8.43823,6.76651,1.6717200000000005,0.7238759940072611,5.75,6.0,5.0,1.0,0.4330127018922193,0,0,1,0,1
CrPb3,L12,111,-0.1826358695606984,3,1.2230446279027092,2,1.7650000000000001,1.8,1.66,0.14000000000000012,0.06062177826491076,170.0,180.0,140.0,40.0,17.320508075688775,12.0,14.0,6.0,8.0,3.4641016151377544,5.5,6.0,4.0,2.0,0.8660254037844386,7.254137425000001,7.4166799,6.76651,0.6501698999999999,0.281531825087994,8.75,10.0,5.0,5.0,2.165063509461097,0,0,1,0,1
CrPd3,L12,111,-0.225745368460565,5,0.3444123086992476,2,2.065,2.2,1.66,0.5400000000000003,0.23382685902179856,140.0,140.0,140.0,0.0,0.0,9.0,10.0,6.0,4.0,1.7320508075688772,4.75,5.0,4.0,1.0,0.4330127018922193,7.94425675,8.336839,6.76651,1.5703289999999992,0.6799724031497065,8.75,10.0,5.0,5.0,2.165063509461097,0,0,1,0,1
CrPt3,L12,111,-0.2013498185615105,5,0.214654688599694,2,2.065,2.2,1.66,0.5400000000000003,0.23382685902179856,136.25,140.0,135.0,5.0,2.165063509461097,9.0,10.0,6.0,4.0,1.7320508075688772,5.5,6.0,4.0,2.0,0.8660254037844386,8.41075,8.95883,6.76651,2.1923200000000005,0.9493024066123504,8.0,9.0,5.0,4.0,1.7320508075688772,0,0,1,0,1
CrRe3,L12,111,-0.6771724306554177,6,1.0693827595969196,2,1.8399999999999999,1.9,1.66,0.24,0.10392304845413264,136.25,140.0,135.0,5.0,2.165063509461097,6.75,7.0,6.0,1.0,0.4330127018922193,5.5,6.0,4.0,2.0,0.8660254037844386,7.5667675,7.83352,6.76651,1.0670099999999998,0.46202888304601686,5.0,5.0,5.0,0.0,0.0,0,0,1,0,1
CrRh3,L12,111,-0.4214436547581215,3,0.0961242134981148,2,2.125,2.28,1.66,0.6199999999999999,0.26846787517317594,136.25,140.0,135.0,5.0,2.165063509461097,8.25,9.0,6.0,3.0,1.299038105676658,4.75,5.0,4.0,1.0,0.4330127018922193,7.2858025,7.4589,6.76651,0.6923899999999996,0.29981366466315357,7.25,8.0,5.0,3.0,1.299038105676658,0,0,1,0,1
CrRu3,L12,111,-0.510914140558242,3,0.7849503274992458,2,2.065,2.2,1.66,0.5400000000000003,0.23382685902179856,132.5,140.0,130.0,10.0,4.330127018922194,7.5,8.0,6.0,2.0,0.8660254037844386,4.75,5.0,4.0,1.0,0.4330127018922193,7.2120025,7.3605,6.76651,0.5939899999999998,0.2572052147969593,6.5,7.0,5.0,2.0,0.8660254037844386,0,0,1,0,1
CrSc3,L12,111,-1.0741549560579813,3,0.2024092938008834,2,1.435,1.66,1.36,0.2999999999999998,0.12990381056766573,155.0,160.0,140.0,20.0,8.660254037844387,3.75,6.0,3.0,3.0,1.299038105676658,4.0,4.0,4.0,0.0,0.0,6.612745,6.76651,6.56149,0.2050200000000002,0.0887762641419429,2.0,5.0,1.0,4.0,1.7320508075688772,0,0,1,0,1
CrSn3,L12,111,-0.0349400971599322,2,0.9457893344006152,2,1.885,1.96,1.66,0.30000000000000004,0.1299038105676658,143.75,145.0,140.0,5.0,2.165063509461097,12.0,14.0,6.0,8.0,3.4641016151377544,4.75,5.0,4.0,1.0,0.4330127018922193,7.199566,7.343918,6.76651,0.5774080000000001,0.2500249981741826,8.75,10.0,5.0,5.0,2.165063509461097,0,0,1,0,1
CrTa3,L12,111,-1.124859152157086,2,0.0592565979022765,2,1.54,1.66,1.5,0.15999999999999992,0.06928203230275505,143.75,145.0,140.0,5.0,2.165063509461097,5.25,6.0,5.0,1.0,0.4330127018922193,5.5,6.0,4.0,2.0,0.8660254037844386,7.35380575,7.549571,6.76651,0.783061,0.3390753593564232,3.5,5.0,3.0,2.0,0.8660254037844386,0,0,1,0,1
CrTc3,L12,111,-0.6237930834567749,3,0.1892436099988117,2,1.9900000000000002,2.1,1.66,0.44000000000000017,0.19052558883257656,136.25,140.0,135.0,5.0,2.165063509461097,6.75,7.0,6.0,1.0,0.4330127018922193,4.75,5.0,4.0,1.0,0.4330127018922193,7.0311625,7.11938,6.76651,0.35286999999999935,0.15279719211670714,5.0,5.0,5.0,0.0,0.0,0,0,1,0,1
CrTi3,L12,111,-1.0720474343570174,3,0.2009583828003087,2,1.57,1.66,1.54,0.11999999999999988,0.05196152422706627,140.0,140.0,140.0,0.0,0.0,4.5,6.0,4.0,2.0,0.8660254037844386,4.0,4.0,4.0,0.0,0.0,6.812717500000001,6.82812,6.76651,0.06160999999999994,0.026677912563579608,2.75,5.0,2.0,3.0,1.299038105676658,0,0,1,0,1
CrTl3,L12,111,-0.2586869254582495,2,1.272907856200618,2,1.7650000000000001,1.8,1.66,0.14000000000000012,0.06062177826491076,177.5,190.0,140.0,50.0,21.650635094610966,11.25,13.0,6.0,7.0,3.031088913245535,5.5,6.0,4.0,2.0,0.8660254037844386,6.272842975,6.76651,6.1082873,0.6582227000000005,0.2850187897737919,8.75,10.0,5.0,5.0,2.165063509461097,0,0,1,0,1
CrV3,L12,111,-1.033015153158857,2,0.0177735235010914,2,1.6375,1.66,1.63,0.030000000000000027,0.012990381056766592,136.25,140.0,135.0,5.0,2.165063509461097,5.25,6.0,5.0,1.0,0.4330127018922193,4.0,4.0,4.0,0.0,0.0,6.75126775,6.76651,6.746187,0.020323000000000313,0.008800117140555709,3.5,5.0,3.0,2.0,0.8660254037844386,0,0,1,0,1
CrW3,L12,111,-1.2157972840568334,3,1.3901115043008758,2,1.69,1.7,1.66,0.040000000000000036,0.01732050807568879,136.25,140.0,135.0,5.0,2.165063509461097,6.0,6.0,6.0,0.0,0.0,5.5,6.0,4.0,2.0,0.8660254037844386,7.58965,7.86403,6.76651,1.0975199999999994,0.4752401005807483,4.25,5.0,4.0,1.0,0.4330127018922193,0,0,1,0,1
CrY3,L12,111,-1.02772308335895,3,0.8747390505996009,2,1.33,1.66,1.22,0.43999999999999995,0.19052558883257648,170.0,180.0,140.0,40.0,17.320508075688775,3.75,6.0,3.0,3.0,1.299038105676658,4.75,5.0,4.0,1.0,0.4330127018922193,6.3545725,6.76651,6.21726,0.5492500000000007,0.23783222651430178,2.0,5.0,1.0,4.0,1.7320508075688772,0,0,1,0,1
CrZn3,L12,111,-0.3669187081604548,7,1.1874688729003535,2,1.6524999999999999,1.66,1.65,0.010000000000000009,0.004330127018922198,136.25,140.0,135.0,5.0,2.165063509461097,10.5,12.0,6.0,6.0,2.598076211353316,4.0,4.0,4.0,0.0,0.0,8.73727525,9.394197,6.76651,2.627687,1.13782184759706,8.75,10.0,5.0,5.0,2.165063509461097,0,0,1,0,1
CrZr3,L12,111,-1.0105652172596535,5,1.0254302520988858,2,1.4125,1.66,1.33,0.32999999999999985,0.14289419162443232,151.25,155.0,140.0,15.0,6.49519052838329,4.5,6.0,4.0,2.0,0.8660254037844386,4.75,5.0,4.0,1.0,0.4330127018922193,6.667222,6.76651,6.634126,0.13238400000000006,0.05732395352729959,2.75,5.0,2.0,3.0,1.299038105676658,0,0,1,0,1
Cu3Fe,L12,111,-0.2306666832582493,4,0.4823549768989323,2,1.8824999999999998,1.9,1.83,0.06999999999999984,0.030310889132455283,136.25,140.0,135.0,5.0,2.165063509461097,10.25,11.0,8.0,3.0,1.299038105676658,4.0,4.0,4.0,0.0,0.0,7.770402025,7.9024681,7.72638,0.1760881000000003,0.07624838395206744,9.0,10.0,6.0,4.0,1.7320508075688772,0,0,1,0,1
Cu3Ga,L12,111,-0.0548152919572828,5,0.7410258477029856,2,1.8775,1.9,1.81,0.08999999999999986,0.03897114317029968,133.75,135.0,130.0,5.0,2.165063509461097,11.5,13.0,11.0,2.0,0.8660254037844386,4.0,4.0,4.0,0.0,0.0,7.2946105,7.72638,5.999302,1.7270779999999997,0.7478467111586102,10.0,10.0,10.0,0.0,0.0,0,0,1,0,1
Cu3Hf,L12,111,-0.3078211607562195,5,0.5369136654990143,2,1.7499999999999998,1.9,1.3,0.5999999999999999,0.25980762113533157,140.0,155.0,135.0,20.0,8.660254037844387,9.25,11.0,4.0,7.0,3.031088913245535,4.5,6.0,4.0,2.0,0.8660254037844386,7.5010525,7.72638,6.82507,0.9013099999999996,0.39027867834247604,8.0,10.0,2.0,8.0,3.4641016151377544,0,0,1,0,1
Cu3Hg,L12,111,0.0490189950442356,5,0.985442851400876,2,1.9,1.9,1.9,0.0,0.0,138.75,150.0,135.0,15.0,6.49519052838329,11.25,12.0,11.0,1.0,0.4330127018922193,4.5,6.0,4.0,2.0,0.8660254037844386,8.404161,10.437504,7.72638,2.7111240000000008,1.1739511284048414,10.0,10.0,10.0,0.0,0.0,0,0,1,0,1
Cu3In,L12,111,-0.0177097128607499,4,0.870002228904923,2,1.8699999999999999,1.9,1.78,0.11999999999999988,0.05196152422706627,140.0,155.0,135.0,20.0,8.660254037844387,11.5,13.0,11.0,2.0,0.8660254037844386,4.25,5.0,4.0,1.0,0.4330127018922193,7.24137395,7.72638,5.7863558,1.9400241999999999,0.8400551205782912,10.0,10.0,10.0,0.0,0.0,0,0,1,0,1
Cu3Ir,L12,111,-0.4423089356559728,5,0.8239673701973516,2,1.9749999999999999,2.2,1.9,0.30000000000000027,0.1299038105676659,135.0,135.0,135.0,0.0,0.0,10.5,11.0,9.0,2.0,0.8660254037844386,4.5,6.0,4.0,2.0,0.8660254037844386,8.03654,8.96702,7.72638,1.24064,0.537212878475563,9.25,10.0,7.0,3.0,1.299038105676658,0,0,1,0,1
Cu3La,L12,111,-0.3049759384584547,6,0.9036236623942386,2,1.6999999999999997,1.9,1.1,0.7999999999999998,0.3464101615137754,150.0,195.0,135.0,60.0,25.98076211353316,9.0,11.0,3.0,8.0,3.4641016151377544,4.5,6.0,4.0,2.0,0.8660254037844386,7.18901,7.72638,5.5769,2.1494799999999996,0.9307521424632874,7.75,10.0,1.0,9.0,3.897114317029974,0,0,1,0,1
Cu3Mn,L12,111,-0.1645476464609316,3,0.5376334066022537,2,1.8124999999999998,1.9,1.55,0.34999999999999987,0.15155444566227672,136.25,140.0,135.0,5.0,2.165063509461097,10.0,11.0,7.0,4.0,1.7320508075688772,4.0,4.0,4.0,0.0,0.0,7.6532945,7.72638,7.434038,0.29234199999999966,0.12658779929657504,8.75,10.0,5.0,5.0,2.165063509461097,0,0,1,0,1
Cu3Mo,L12,111,-0.4550276725558149,4,0.4097739166973042,2,1.9649999999999999,2.16,1.9,0.26000000000000023,0.11258330249197712,137.5,145.0,135.0,10.0,4.330127018922194,9.75,11.0,6.0,5.0,2.165063509461097,4.25,5.0,4.0,1.0,0.4330127018922193,7.5678925,7.72638,7.09243,0.6339499999999996,0.27450840236457225,8.75,10.0,5.0,5.0,2.165063509461097,0,0,1,0,1
Cu3Nb,L12,111,-0.3839594291630135,5,0.6601587850018404,2,1.8249999999999997,1.9,1.6,0.2999999999999998,0.12990381056766573,137.5,145.0,135.0,10.0,4.330127018922194,9.5,11.0,5.0,6.0,2.598076211353316,4.25,5.0,4.0,1.0,0.4330127018922193,7.4844975,7.72638,6.75885,0.96753,0.41895277946177895,8.5,10.0,4.0,6.0,2.598076211353316,0,0,1,0,1
Cu3Ni,L12,111,-0.1902417235605469,4,0.3323074606014415,2,1.9024999999999999,1.91,1.9,0.010000000000000009,0.004330127018922198,135.0,135.0,135.0,0.0,0.0,10.75,11.0,10.0,1.0,0.4330127018922193,4.0,4.0,4.0,0.0,0.0,7.7047545,7.72638,7.639878,0.08650199999999941,0.0374564647390805,9.5,10.0,8.0,2.0,0.8660254037844386,0,0,1,0,1
Cu3Os,L12,111,-0.5754687950529558,4,0.5630938739996054,2,1.9749999999999999,2.2,1.9,0.30000000000000027,0.1299038105676659,133.75,135.0,130.0,5.0,2.165063509461097,10.25,11.0,8.0,3.0,1.299038105676658,4.5,6.0,4.0,2.0,0.8660254037844386,7.9043425,8.43823,7.72638,0.711850000000001,0.3082400918419767,9.0,10.0,6.0,4.0,1.7320508075688772,0,0,1,0,1
Cu3Pb,L12,111,0.0587923717403384,3,1.1244266272042296,2,1.8749999999999998,1.9,1.8,0.09999999999999987,0.04330127018922188,146.25,180.0,135.0,45.0,19.48557158514987,11.75,14.0,11.0,3.0,1.299038105676658,4.5,6.0,4.0,2.0,0.8660254037844386,7.6489549750000005,7.72638,7.4166799,0.3097000999999997,0.13410407707729038,10.0,10.0,10.0,0.0,0.0,0,0,1,0,1
Cu3Pd,L12,111,-0.0551279507553488,5,0.4017739058981533,2,1.9749999999999999,2.2,1.9,0.30000000000000027,0.1299038105676659,136.25,140.0,135.0,5.0,2.165063509461097,10.75,11.0,10.0,1.0,0.4330127018922193,4.25,5.0,4.0,1.0,0.4330127018922193,7.87899475,8.336839,7.72638,0.6104589999999996,0.2643365009844222,10.0,10.0,10.0,0.0,0.0,0,0,1,0,1
Cu3Pt,L12,111,-0.158058683758071,7,0.4883451548957964,2,1.9749999999999999,2.2,1.9,0.30000000000000027,0.1299038105676659,135.0,135.0,135.0,0.0,0.0,10.75,11.0,10.0,1.0,0.4330127018922193,4.5,6.0,4.0,2.0,0.8660254037844386,8.0344925,8.95883,7.72638,1.232450000000001,0.5336665044470661,9.75,10.0,9.0,1.0,0.4330127018922193,0,0,1,0,1
Cu3Re,L12,111,-0.6107450888584651,5,1.141716468395316,2,1.9,1.9,1.9,0.0,0.0,135.0,135.0,135.0,0.0,0.0,10.0,11.0,7.0,4.0,1.7320508075688772,4.5,6.0,4.0,2.0,0.8660254037844386,7.753165,7.83352,7.72638,0.10714000000000024,0.04639298088073248,8.75,10.0,5.0,5.0,2.165063509461097,0,0,1,0,1
Cu3Rh,L12,111,-0.3278170380644667,5,0.6126237628050148,2,1.9949999999999997,2.28,1.9,0.3799999999999999,0.1645448267190433,135.0,135.0,135.0,0.0,0.0,10.5,11.0,9.0,2.0,0.8660254037844386,4.25,5.0,4.0,1.0,0.4330127018922193,7.65951,7.72638,7.4589,0.26747999999999994,0.1158222375021308,9.5,10.0,8.0,2.0,0.8660254037844386,0,0,1,0,1
Cu3Ru,L12,111,-0.4284463683570436,5,0.7890461849965504,2,1.9749999999999999,2.2,1.9,0.30000000000000027,0.1299038105676659,133.75,135.0,130.0,5.0,2.165063509461097,10.25,11.0,8.0,3.0,1.299038105676658,4.25,5.0,4.0,1.0,0.4330127018922193,7.63491,7.72638,7.3605,0.36587999999999976,0.1584306873683251,9.25,10.0,7.0,3.0,1.299038105676658,0,0,1,0,1
Cu3Sc,L12,111,-0.2619633121566664,4,0.7849048844000208,2,1.765,1.9,1.36,0.5399999999999998,0.23382685902179834,141.25,160.0,135.0,25.0,10.825317547305483,9.0,11.0,3.0,8.0,3.4641016151377544,4.0,4.0,4.0,0.0,0.0,7.4351575,7.72638,6.56149,1.1648899999999998,0.5044121663072272,7.75,10.0,1.0,9.0,3.897114317029974,0,0,1,0,1
Cu3Sn,L12,111,0.0268425335389395,3,0.8040093168019666,2,1.9149999999999998,1.96,1.9,0.06000000000000005,0.025980762113533184,137.5,145.0,135.0,10.0,4.330127018922194,11.75,14.0,11.0,3.0,1.299038105676658,4.25,5.0,4.0,1.0,0.4330127018922193,7.6307645,7.72638,7.343918,0.3824619999999994,0.16561090399110173,10.0,10.0,10.0,0.0,0.0,0,0,1,0,1
Cu3Ta,L12,111,-0.4375084393604709,5,0.4177752879986656,2,1.7999999999999998,1.9,1.5,0.3999999999999999,0.1732050807568877,137.5,145.0,135.0,10.0,4.330127018922194,9.5,11.0,5.0,6.0,2.598076211353316,4.5,6.0,4.0,2.0,0.8660254037844386,7.68217775,7.72638,7.549571,0.17680899999999955,0.07656054280886121,8.25,10.0,3.0,7.0,3.031088913245535,0,0,1,0,1
Cu3Tc,L12,111,-0.4785883771537271,4,0.4697219559020595,2,1.9499999999999997,2.1,1.9,0.20000000000000018,0.08660254037844395,135.0,135.0,135.0,0.0,0.0,10.0,11.0,7.0,4.0,1.7320508075688772,4.25,5.0,4.0,1.0,0.4330127018922193,7.57463,7.72638,7.11938,0.6070000000000002,0.26283871004857723,8.75,10.0,5.0,5.0,2.165063509461097,0,0,1,0,1
Cu3Ti,L12,111,-0.3270285881580719,4,0.6541122794005787,2,1.8099999999999998,1.9,1.54,0.3599999999999999,0.1558845726811989,136.25,140.0,135.0,5.0,2.165063509461097,9.25,11.0,4.0,7.0,3.031088913245535,4.0,4.0,4.0,0.0,0.0,7.501815000000001,7.72638,6.82812,0.8982599999999996,0.38895798960170475,8.0,10.0,2.0,8.0,3.4641016151377544,0,0,1,0,1
Cu3V,L12,111,-0.3820026585590028,4,0.4822059946018271,2,1.8324999999999998,1.9,1.63,0.27,0.11691342951089922,135.0,135.0,135.0,0.0,0.0,9.5,11.0,5.0,6.0,2.598076211353316,4.0,4.0,4.0,0.0,0.0,7.48133175,7.72638,6.746187,0.9801929999999999,0.4244360193058401,8.25,10.0,3.0,7.0,3.031088913245535,0,0,1,0,1
Cu3W,L12,111,-0.5425994841561703,3,0.5006313667981885,2,1.8499999999999999,1.9,1.7,0.19999999999999996,0.08660254037844385,135.0,135.0,135.0,0.0,0.0,9.75,11.0,6.0,5.0,2.165063509461097,4.5,6.0,4.0,2.0,0.8660254037844386,7.7607925,7.86403,7.72638,0.13764999999999983,0.05960419841546392,8.5,10.0,4.0,6.0,2.598076211353316,0,0,1,0,1
Cu3Y,L12,111,-0.1741815647537521,4,0.735582210298162,2,1.7299999999999998,1.9,1.22,0.6799999999999999,0.2944486372867091,146.25,180.0,135.0,45.0,19.48557158514987,9.0,11.0,3.0,8.0,3.4641016151377544,4.25,5.0,4.0,1.0,0.4330127018922193,7.3491,7.72638,6.21726,1.5091200000000002,0.6534681286795861,7.75,10.0,1.0,9.0,3.897114317029974,0,0,1,0,1
Cu3Zn,L12,111,-0.0336309574549602,6,0.5681773686083034,2,1.8375,1.9,1.65,0.25,0.10825317547305482,135.0,135.0,135.0,0.0,0.0,11.25,12.0,11.0,1.0,0.4330127018922193,4.0,4.0,4.0,0.0,0.0,8.14333425,9.394197,7.72638,1.6678170000000003,0.7221859454317757,10.0,10.0,10.0,0.0,0.0,0,0,1,0,1
Cu3Zr,L12,111,-0.2857530006576496,4,0.4375492565013701,2,1.7574999999999998,1.9,1.33,0.5699999999999998,0.24681724007856495,140.0,155.0,135.0,20.0,8.660254037844387,9.25,11.0,4.0,7.0,3.031088913245535,4.25,5.0,4.0,1.0,0.4330127018922193,7.4533165,7.72638,6.634126,1.0922539999999996,0.472959855692584,8.0,10.0,2.0,8.0,3.4641016151377544,0,0,1,0,1
CuFe3,L12,111,0.3254214839480767,3,0.4157249101990601,2,1.8475000000000001,1.9,1.83,0.06999999999999984,0.030310889132455283,138.75,140.0,135.0,5.0,2.165063509461097,8.75,11.0,8.0,3.0,1.299038105676658,4.0,4.0,4.0,0.0,0.0,7.858446075,7.9024681,7.72638,0.1760881000000003,0.07624838395206744,7.0,10.0,6.0,4.0,1.7320508075688772,0,0,1,0,1
CuGa3,L12,111,0.5065819522360755,3,0.3096075881039724,2,1.8325,1.9,1.81,0.08999999999999986,0.03897114317029968,131.25,135.0,130.0,5.0,2.165063509461097,12.5,13.0,11.0,2.0,0.8660254037844386,4.0,4.0,4.0,0.0,0.0,6.4310715,7.72638,5.999302,1.7270779999999997,0.7478467111586102,10.0,10.0,10.0,0.0,0.0,0,0,1,0,1
CuHf3,L12,111,-1.0394257471552637,2,0.021784617601952,2,1.4500000000000002,1.9,1.3,0.5999999999999999,0.25980762113533157,150.0,155.0,135.0,20.0,8.660254037844387,5.75,11.0,4.0,7.0,3.031088913245535,5.5,6.0,4.0,2.0,0.8660254037844386,7.0503975,7.72638,6.82507,0.9013099999999996,0.39027867834247604,4.0,10.0,2.0,8.0,3.4641016151377544,0,0,1,0,1
CuHg3,L12,111,0.5045968818422182,1,0.0,2,1.9,1.9,1.9,0.0,0.0,146.25,150.0,135.0,15.0,6.49519052838329,11.75,12.0,11.0,1.0,0.4330127018922193,5.5,6.0,4.0,2.0,0.8660254037844386,9.759723000000001,10.437504,7.72638,2.7111240000000008,1.1739511284048414,10.0,10.0,10.0,0.0,0.0,0,0,1,0,1
CuIn3,L12,111,0.2898759334430281,5,0.5744576199940639,2,1.81,1.9,1.78,0.11999999999999988,0.05196152422706627,150.0,155.0,135.0,20.0,8.660254037844387,12.5,13.0,11.0,2.0,0.8660254037844386,4.75,5.0,4.0,1.0,0.4330127018922193,6.27136185,7.72638,5.7863558,1.9400241999999999,0.8400551205782912,10.0,10.0,10.0,0.0,0.0,0,0,1,0,1
CuIr3,L12,111,-0.2681845147589854,3,0.0917073977034306,2,2.125,2.2,1.9,0.30000000000000027,0.1299038105676659,135.0,135.0,135.0,0.0,0.0,9.5,11.0,9.0,2.0,0.8660254037844386,5.5,6.0,4.0,2.0,0.8660254037844386,8.65686,8.96702,7.72638,1.24064,0.537212878475563,7.75,10.0,7.0,3.0,1.299038105676658,0,0,1,0,1
CuLa3,L12,111,-0.6943588686580995,2,0.0223185049981111,2,1.3,1.9,1.1,0.7999999999999998,0.34641016151377535,180.0,195.0,135.0,60.0,25.98076211353316,5.0,11.0,3.0,8.0,3.4641016151377544,5.5,6.0,4.0,2.0,0.8660254037844386,6.114269999999999,7.72638,5.5769,2.1494799999999996,0.9307521424632874,3.25,10.0,1.0,9.0,3.897114317029974,0,0,1,0,1
CuMo3,L12,111,-0.9551784862551074,4,1.3722741699966718,2,2.095,2.16,1.9,0.26000000000000023,0.11258330249197712,142.5,145.0,135.0,10.0,4.330127018922194,7.25,11.0,6.0,5.0,2.165063509461097,4.75,5.0,4.0,1.0,0.4330127018922193,7.2509175,7.72638,7.09243,0.6339499999999996,0.27450840236457225,6.25,10.0,5.0,5.0,2.165063509461097,0,0,1,0,1
CuNb3,L12,111,-1.026397208660427,5,1.3764160148020892,2,1.6750000000000003,1.9,1.6,0.2999999999999998,0.12990381056766573,142.5,145.0,135.0,10.0,4.330127018922194,6.5,11.0,5.0,6.0,2.598076211353316,4.75,5.0,4.0,1.0,0.4330127018922193,7.0007325,7.72638,6.75885,0.96753,0.41895277946177895,5.5,10.0,4.0,6.0,2.598076211353316,0,0,1,0,1
CuNi3,L12,111,-0.3829591386592881,3,0.3008972241004812,2,1.9074999999999998,1.91,1.9,0.010000000000000009,0.004330127018922197,135.0,135.0,135.0,0.0,0.0,10.25,11.0,10.0,1.0,0.4330127018922193,4.0,4.0,4.0,0.0,0.0,7.6615035,7.72638,7.639878,0.08650199999999941,0.0374564647390805,8.5,10.0,8.0,2.0,0.8660254037844386,0,0,1,0,1
CuOs3,L12,111,-0.2488992628632047,6,0.9488521117018536,2,2.125,2.2,1.9,0.30000000000000027,0.1299038105676659,131.25,135.0,130.0,5.0,2.165063509461097,8.75,11.0,8.0,3.0,1.299038105676658,5.5,6.0,4.0,2.0,0.8660254037844386,8.260267500000001,8.43823,7.72638,0.711850000000001,0.3082400918419767,7.0,10.0,6.0,4.0,1.7320508075688772,0,0,1,0,1
CuPb3,L12,111,0.2307397458435218,3,0.6857819764991291,2,1.8250000000000002,1.9,1.8,0.09999999999999987,0.04330127018922188,168.75,180.0,135.0,45.0,19.48557158514987,13.25,14.0,11.0,3.0,1.299038105676658,5.5,6.0,4.0,2.0,0.8660254037844386,7.494104925,7.72638,7.4166799,0.3097000999999997,0.13410407707729038,10.0,10.0,10.0,0.0,0.0,0,0,1,0,1
CuPd3,L12,111,-0.2259924477611719,7,0.7395467729002121,2,2.125,2.2,1.9,0.30000000000000027,0.1299038105676659,138.75,140.0,135.0,5.0,2.165063509461097,10.25,11.0,10.0,1.0,0.4330127018922193,4.75,5.0,4.0,1.0,0.4330127018922193,8.18422425,8.336839,7.72638,0.6104589999999996,0.2643365009844222,10.0,10.0,10.0,0.0,0.0,0,0,1,0,1
CuPt3,L12,111,-0.2333588415558267,6,0.9656179976955171,2,2.125,2.2,1.9,0.30000000000000027,0.1299038105676659,135.0,135.0,135.0,0.0,0.0,10.25,11.0,10.0,1.0,0.4330127018922193,5.5,6.0,4.0,2.0,0.8660254037844386,8.6507175,8.95883,7.72638,1.232450000000001,0.5336665044470661,9.25,10.0,9.0,1.0,0.4330127018922193,0,0,1,0,1
CuRe3,L12,111,-0.5808688941606022,4,0.2695469887985382,2,1.9,1.9,1.9,0.0,0.0,135.0,135.0,135.0,0.0,0.0,8.0,11.0,7.0,4.0,1.7320508075688772,5.5,6.0,4.0,2.0,0.8660254037844386,7.806735,7.83352,7.72638,0.10714000000000024,0.04639298088073248,6.25,10.0,5.0,5.0,2.165063509461097,0,0,1,0,1
CuRh3,L12,111,-0.4119789911555642,5,0.2751366152006085,2,2.185,2.28,1.9,0.3799999999999999,0.1645448267190433,135.0,135.0,135.0,0.0,0.0,9.5,11.0,9.0,2.0,0.8660254037844386,4.75,5.0,4.0,1.0,0.4330127018922193,7.52577,7.72638,7.4589,0.26747999999999994,0.1158222375021308,8.5,10.0,8.0,2.0,0.8660254037844386,0,0,1,0,1
CuRu3,L12,111,-0.4645354660596865,5,0.2585907332977513,2,2.125,2.2,1.9,0.30000000000000027,0.1299038105676659,131.25,135.0,130.0,5.0,2.165063509461097,8.75,11.0,8.0,3.0,1.299038105676658,4.75,5.0,4.0,1.0,0.4330127018922193,7.451969999999999,7.72638,7.3605,0.36587999999999976,0.1584306873683251,7.75,10.0,7.0,3.0,1.299038105676658,0,0,1,0,1
CuSc3,L12,111,-1.1997319551582848,4,1.2955134413023188,2,1.495,1.9,1.36,0.5399999999999998,0.23382685902179834,153.75,160.0,135.0,25.0,10.825317547305483,5.0,11.0,3.0,8.0,3.4641016151377544,4.0,4.0,4.0,0.0,0.0,6.8527125,7.72638,6.56149,1.1648899999999998,0.5044121663072272,3.25,10.0,1.0,9.0,3.897114317029974,0,0,1,0,1
CuSn3,L12,111,0.9081010234376948,2,0.0558860599048784,2,1.9449999999999998,1.96,1.9,0.06000000000000005,0.025980762113533184,142.5,145.0,135.0,10.0,4.330127018922194,13.25,14.0,11.0,3.0,1.299038105676658,4.75,5.0,4.0,1.0,0.4330127018922193,7.4395335,7.72638,7.343918,0.3824619999999994,0.16561090399110173,10.0,10.0,10.0,0.0,0.0,0,0,1,0,1
CuTa3,L12,111,-1.0334242763555892,3,0.1903834948025178,2,1.6,1.9,1.5,0.3999999999999999,0.1732050807568877,142.5,145.0,135.0,10.0,4.330127018922194,6.5,11.0,5.0,6.0,2.598076211353316,5.5,6.0,4.0,2.0,0.8660254037844386,7.59377325,7.72638,7.549571,0.17680899999999955,0.07656054280886121,4.75,10.0,3.0,7.0,3.031088913245535,0,0,1,0,1
CuTc3,L12,111,-0.6146530516625432,3,0.2793221341999015,2,2.0500000000000003,2.1,1.9,0.20000000000000018,0.08660254037844395,135.0,135.0,135.0,0.0,0.0,8.0,11.0,7.0,4.0,1.7320508075688772,4.75,5.0,4.0,1.0,0.4330127018922193,7.271129999999999,7.72638,7.11938,0.6070000000000002,0.26283871004857723,6.25,10.0,5.0,5.0,2.165063509461097,0,0,1,0,1
CuTi3,L12,111,-1.078655038657388,5,0.6188925852984539,2,1.63,1.9,1.54,0.3599999999999999,0.1558845726811989,138.75,140.0,135.0,5.0,2.165063509461097,5.75,11.0,4.0,7.0,3.031088913245535,4.0,4.0,4.0,0.0,0.0,7.052685,7.72638,6.82812,0.8982599999999996,0.38895798960170475,4.0,10.0,2.0,8.0,3.4641016151377544,0,0,1,0,1
CuTl3,L12,111,0.2815080247465005,4,0.7205954046003171,2,1.8250000000000002,1.9,1.8,0.09999999999999987,0.04330127018922188,176.25,190.0,135.0,55.0,23.81569860407206,12.5,13.0,11.0,2.0,0.8660254037844386,5.5,6.0,4.0,2.0,0.8660254037844386,6.512810474999999,7.72638,6.1082873,1.6180927,0.7006546919390763,10.0,10.0,10.0,0.0,0.0,0,0,1,0,1
CuV3,L12,111,-1.039755685159406,4,0.4313936332036974,2,1.6974999999999998,1.9,1.63,0.27,0.11691342951089922,135.0,135.0,135.0,0.0,0.0,6.5,11.0,5.0,6.0,2.598076211353316,4.0,4.0,4.0,0.0,0.0,6.99123525,7.72638,6.746187,0.9801929999999999,0.4244360193058401,4.75,10.0,3.0,7.0,3.031088913245535,0,0,1,0,1
CuW3,L12,111,-0.938827165758056,4,1.41036997140327,2,1.75,1.9,1.7,0.19999999999999996,0.08660254037844385,135.0,135.0,135.0,0.0,0.0,7.25,11.0,6.0,5.0,2.165063509461097,5.5,6.0,4.0,2.0,0.8660254037844386,7.8296174999999995,7.86403,7.72638,0.13764999999999983,0.05960419841546392,5.5,10.0,4.0,6.0,2.598076211353316,0,0,1,0,1
CuY3,L12,111,-1.0598673468584536,3,1.2413456442009192,2,1.3900000000000001,1.9,1.22,0.6799999999999999,0.2944486372867091,168.75,180.0,135.0,45.0,19.48557158514987,5.0,11.0,3.0,8.0,3.4641016151377544,4.75,5.0,4.0,1.0,0.4330127018922193,6.594539999999999,7.72638,6.21726,1.5091200000000002,0.6534681286795861,3.25,10.0,1.0,9.0,3.897114317029974,0,0,1,0,1
CuZn3,L12,111,0.4088329470332894,7,0.4534485959011363,2,1.7125,1.9,1.65,0.25,0.10825317547305482,135.0,135.0,135.0,0.0,0.0,11.75,12.0,11.0,1.0,0.4330127018922193,4.0,4.0,4.0,0.0,0.0,8.97724275,9.394197,7.72638,1.6678170000000003,0.7221859454317757,10.0,10.0,10.0,0.0,0.0,0,0,1,0,1
CuZr3,L12,111,-1.0128132858580727,5,1.212094903199613,2,1.4725000000000001,1.9,1.33,0.5699999999999998,0.24681724007856495,150.0,155.0,135.0,20.0,8.660254037844387,5.75,11.0,4.0,7.0,3.031088913245535,4.75,5.0,4.0,1.0,0.4330127018922193,6.907189499999999,7.72638,6.634126,1.0922539999999996,0.472959855692584,4.0,10.0,2.0,8.0,3.4641016151377544,0,0,1,0,1
Fe3Ga,L12,111,-0.40121212685969,2,0.2085895432974212,2,1.8250000000000002,1.83,1.81,0.020000000000000018,0.008660254037844395,137.5,140.0,130.0,10.0,4.330127018922194,9.25,13.0,8.0,5.0,2.165063509461097,4.0,4.0,4.0,0.0,0.0,7.426676575,7.9024681,5.999302,1.9031661,0.8240950951106777,7.0,10.0,6.0,4.0,1.7320508075688772,0,0,1,0,1
Fe3Hf,L12,111,-0.6587663785603297,4,1.2324611274016206,2,1.6975,1.83,1.3,0.53,0.22949673200287624,143.75,155.0,140.0,15.0,6.49519052838329,7.0,8.0,4.0,4.0,1.7320508075688772,4.5,6.0,4.0,2.0,0.8660254037844386,7.633118575,7.9024681,6.82507,1.0773981,0.4665270622945435,5.0,6.0,2.0,4.0,1.7320508075688772,0,0,1,0,1
Fe3In,L12,111,1.7738788211436542,1,0.0,2,1.8175000000000001,1.83,1.78,0.050000000000000044,0.021650635094610987,143.75,155.0,140.0,15.0,6.49519052838329,9.25,13.0,8.0,5.0,2.165063509461097,4.25,5.0,4.0,1.0,0.4330127018922193,7.373440025,7.9024681,5.7863558,2.1161123,0.9163035045303587,7.0,10.0,6.0,4.0,1.7320508075688772,0,0,1,0,1
Fe3La,L12,111,-0.3568645100594665,4,0.2407895901997108,2,1.6475,1.83,1.1,0.73,0.31609927238132013,153.75,195.0,140.0,55.0,23.81569860407206,6.75,8.0,3.0,5.0,2.165063509461097,4.5,6.0,4.0,2.0,0.8660254037844386,7.321076075000001,7.9024681,5.5769,2.3255681,1.0070005264153548,4.75,6.0,1.0,5.0,2.165063509461097,0,0,1,0,1
Fe3Mo,L12,111,-0.5932589175563123,2,0.0348607760024606,2,1.9125,2.16,1.83,0.33000000000000007,0.1428941916244324,141.25,145.0,140.0,5.0,2.165063509461097,7.5,8.0,6.0,2.0,0.8660254037844386,4.25,5.0,4.0,1.0,0.4330127018922193,7.699958575,7.9024681,7.09243,0.8100380999999999,0.3507567863166397,5.75,6.0,5.0,1.0,0.4330127018922193,0,0,1,0,1
Fe3Nb,L12,111,-0.6470126933627114,4,1.0371794474049238,2,1.7725,1.83,1.6,0.22999999999999998,0.09959292143521044,141.25,145.0,140.0,5.0,2.165063509461097,7.25,8.0,5.0,3.0,1.299038105676658,4.25,5.0,4.0,1.0,0.4330127018922193,7.616563575,7.9024681,6.75885,1.1436181000000003,0.4952011634138464,5.5,6.0,4.0,2.0,0.8660254037844386,0,0,1,0,1
Fe3Pb,L12,111,0.3508256236391673,2,0.0792777817987371,2,1.8225,1.83,1.8,0.030000000000000027,0.012990381056766592,150.0,180.0,140.0,40.0,17.320508075688775,9.5,14.0,8.0,6.0,2.598076211353316,4.5,6.0,4.0,2.0,0.8660254037844386,7.78102105,7.9024681,7.4166799,0.4857882,0.2103524610293578,7.0,10.0,6.0,4.0,1.7320508075688772,0,0,1,0,1
Fe3Sc,L12,111,-0.4845928411586726,4,1.5357845184989856,2,1.7125000000000001,1.83,1.36,0.47,0.20351596988934306,145.0,160.0,140.0,20.0,8.660254037844387,6.75,8.0,3.0,5.0,2.165063509461097,4.0,4.0,4.0,0.0,0.0,7.567223575,7.9024681,6.56149,1.3409781,0.5806605502592946,4.75,6.0,1.0,5.0,2.165063509461097,0,0,1,0,1
Fe3Sn,L12,111,0.0060096341412929,3,1.6040757040973403,2,1.8625,1.96,1.83,0.1299999999999999,0.056291651245988464,141.25,145.0,140.0,5.0,2.165063509461097,9.5,14.0,8.0,6.0,2.598076211353316,4.25,5.0,4.0,1.0,0.4330127018922193,7.762830575000001,7.9024681,7.343918,0.5585500999999997,0.24185928794316916,7.0,10.0,6.0,4.0,1.7320508075688772,0,0,1,0,1
Fe3Ta,L12,111,-0.6617877945600128,4,0.9561727903055726,2,1.7475,1.83,1.5,0.33000000000000007,0.1428941916244324,141.25,145.0,140.0,5.0,2.165063509461097,7.25,8.0,5.0,3.0,1.299038105676658,4.5,6.0,4.0,2.0,0.8660254037844386,7.814243825,7.9024681,7.549571,0.35289709999999985,0.15280892676092864,5.25,6.0,3.0,3.0,1.299038105676658,0,0,1,0,1
Fe3Ti,L12,111,-0.753943499758833,4,1.3960868521025986,2,1.7575,1.83,1.54,0.29000000000000004,0.12557368354874363,140.0,140.0,140.0,0.0,0.0,7.0,8.0,4.0,4.0,1.7320508075688772,4.0,4.0,4.0,0.0,0.0,7.633881075,7.9024681,6.82812,1.0743481,0.4652063735537722,5.0,6.0,2.0,4.0,1.7320508075688772,0,0,1,0,1
Fe3Tl,L12,111,0.1637329375453475,3,2.027085373898444,2,1.8225,1.83,1.8,0.030000000000000027,0.012990381056766592,152.5,190.0,140.0,50.0,21.650635094610966,9.25,13.0,8.0,5.0,2.165063509461097,4.5,6.0,4.0,2.0,0.8660254037844386,7.4539229,7.9024681,6.1082873,1.7941808000000004,0.7769030758911437,7.0,10.0,6.0,4.0,1.7320508075688772,0,0,1,0,1
Fe3V,L12,111,-0.6768769149557272,4,1.137044001596223,2,1.78,1.83,1.63,0.20000000000000018,0.08660254037844395,138.75,140.0,135.0,5.0,2.165063509461097,7.25,8.0,5.0,3.0,1.299038105676658,4.0,4.0,4.0,0.0,0.0,7.613397825,7.9024681,6.746187,1.1562811000000002,0.5006844032579075,5.25,6.0,3.0,3.0,1.299038105676658,0,0,1,0,1
Fe3W,L12,111,-0.6227423158552199,4,0.7374272781962645,2,1.7975,1.83,1.7,0.13000000000000012,0.05629165124598856,138.75,140.0,135.0,5.0,2.165063509461097,7.5,8.0,6.0,2.0,0.8660254037844386,4.5,6.0,4.0,2.0,0.8660254037844386,7.892858575,7.9024681,7.86403,0.038438100000000475,0.01664418553660352,5.5,6.0,4.0,2.0,0.8660254037844386,0,0,1,0,1
Fe3Y,L12,111,-0.3135951443609599,5,1.447687391198997,2,1.6775,1.83,1.22,0.6100000000000001,0.26413774815425384,150.0,180.0,140.0,40.0,17.320508075688775,6.75,8.0,3.0,5.0,2.165063509461097,4.25,5.0,4.0,1.0,0.4330127018922193,7.481166075,7.9024681,6.21726,1.6852081000000005,0.7297165126316536,4.75,6.0,1.0,5.0,2.165063509461097,0,0,1,0,1
Fe3Zn,L12,111,0.1811625092387032,3,0.6694835820017033,2,1.7850000000000001,1.83,1.65,0.18000000000000016,0.07794228634059955,138.75,140.0,135.0,5.0,2.165063509461097,9.0,12.0,8.0,4.0,1.7320508075688772,4.0,4.0,4.0,0.0,0.0,8.275400325,9.394197,7.9024681,1.4917289,0.6459375614797083,7.0,10.0,6.0,4.0,1.7320508075688772,0,0,1,0,1
Fe3Zr,L12,111,-0.5071444115592101,3,1.1349804263954866,2,1.705,1.83,1.33,0.5,0.21650635094610965,143.75,155.0,140.0,15.0,6.49519052838329,7.0,8.0,4.0,4.0,1.7320508075688772,4.25,5.0,4.0,1.0,0.4330127018922193,7.585382575000001,7.9024681,6.634126,1.2683421,0.5492082396446514,5.0,6.0,2.0,4.0,1.7320508075688772,0,0,1,0,1
FeGa3,L12,111,0.3900788612382087,4,0.6602465417017811,2,1.815,1.83,1.81,0.020000000000000018,0.008660254037844395,132.5,140.0,130.0,10.0,4.330127018922194,11.75,13.0,8.0,5.0,2.165063509461097,4.0,4.0,4.0,0.0,0.0,6.475093525,7.9024681,5.999302,1.9031661,0.8240950951106777,9.0,10.0,6.0,4.0,1.7320508075688772,0,0,1,0,1
FeHg3,L12,111,0.2407363919419651,1,0.0,2,1.8824999999999998,1.9,1.83,0.06999999999999984,0.030310889132455283,147.5,150.0,140.0,10.0,4.330127018922194,11.0,12.0,8.0,4.0,1.7320508075688772,5.5,6.0,4.0,2.0,0.8660254037844386,9.803745025000001,10.437504,7.9024681,2.5350359000000005,1.0977027444527743,9.0,10.0,6.0,4.0,1.7320508075688772,0,0,1,0,1
FeIn3,L12,111,0.1704322442429031,3,0.7799182623020897,2,1.7925,1.83,1.78,0.050000000000000044,0.021650635094610987,151.25,155.0,140.0,15.0,6.49519052838329,11.75,13.0,8.0,5.0,2.165063509461097,4.75,5.0,4.0,1.0,0.4330127018922193,6.315383875,7.9024681,5.7863558,2.1161123,0.9163035045303587,9.0,10.0,6.0,4.0,1.7320508075688772,0,0,1,0,1
FeIr3,L12,111,-0.2623596459588668,3,0.0942234982976515,2,2.1075,2.2,1.83,0.3700000000000001,0.1602146997001212,136.25,140.0,135.0,5.0,2.165063509461097,8.75,9.0,8.0,1.0,0.4330127018922193,5.5,6.0,4.0,2.0,0.8660254037844386,8.700882025,8.96702,7.9024681,1.0645518999999997,0.4609644945234955,6.75,7.0,6.0,1.0,0.4330127018922193,0,0,1,0,1
FeLa3,L12,111,-0.6816263899590638,2,0.0712881114013725,2,1.2825000000000002,1.83,1.1,0.73,0.31609927238132013,181.25,195.0,140.0,55.0,23.81569860407206,4.25,8.0,3.0,5.0,2.165063509461097,5.5,6.0,4.0,2.0,0.8660254037844386,6.158292025,7.9024681,5.5769,2.3255681,1.0070005264153548,2.25,6.0,1.0,5.0,2.165063509461097,0,0,1,0,1
FeMo3,L12,111,-0.8273882493585631,4,0.965021388099558,2,2.0775,2.16,1.83,0.33000000000000007,0.1428941916244324,143.75,145.0,140.0,5.0,2.165063509461097,6.5,8.0,6.0,2.0,0.8660254037844386,4.75,5.0,4.0,1.0,0.4330127018922193,7.294939525,7.9024681,7.09243,0.8100380999999999,0.3507567863166397,5.25,6.0,5.0,1.0,0.4330127018922193,0,0,1,0,1
FeNb3,L12,111,-0.9777507374555796,1,0.0,2,1.6575000000000002,1.83,1.6,0.22999999999999998,0.09959292143521044,143.75,145.0,140.0,5.0,2.165063509461097,5.75,8.0,5.0,3.0,1.299038105676658,4.75,5.0,4.0,1.0,0.4330127018922193,7.044754525,7.9024681,6.75885,1.1436181000000003,0.4952011634138464,4.5,6.0,4.0,2.0,0.8660254037844386,0,0,1,0,1
FeNi3,L12,111,-0.2995592403594571,2,0.1523272860067663,2,1.89,1.91,1.83,0.07999999999999985,0.034641016151377484,136.25,140.0,135.0,5.0,2.165063509461097,9.5,10.0,8.0,2.0,0.8660254037844386,4.0,4.0,4.0,0.0,0.0,7.7055255250000005,7.9024681,7.639878,0.2625900999999997,0.11370484869114794,7.5,8.0,6.0,2.0,0.8660254037844386,0,0,1,0,1
FeOs3,L12,111,-0.3028444708606628,4,0.5580735097028082,2,2.1075,2.2,1.83,0.3700000000000001,0.1602146997001212,132.5,140.0,130.0,10.0,4.330127018922194,8.0,8.0,8.0,0.0,0.0,5.5,6.0,4.0,2.0,0.8660254037844386,8.304289525000002,8.43823,7.9024681,0.5357619000000007,0.2319917078899093,6.0,6.0,6.0,0.0,0.0,0,0,1,0,1
FePb3,L12,111,0.8329180107439527,1,0.0,2,1.8075,1.83,1.8,0.030000000000000027,0.012990381056766592,170.0,180.0,140.0,40.0,17.320508075688775,12.5,14.0,8.0,6.0,2.598076211353316,5.5,6.0,4.0,2.0,0.8660254037844386,7.5381269500000005,7.9024681,7.4166799,0.4857882,0.2103524610293578,9.0,10.0,6.0,4.0,1.7320508075688772,0,0,1,0,1
FePd3,L12,111,-0.1593976198628013,2,0.0336002086041844,2,2.1075,2.2,1.83,0.3700000000000001,0.1602146997001212,140.0,140.0,140.0,0.0,0.0,9.5,10.0,8.0,2.0,0.8660254037844386,4.75,5.0,4.0,1.0,0.4330127018922193,8.228246275,8.336839,7.9024681,0.43437089999999934,0.18808811703235473,9.0,10.0,6.0,4.0,1.7320508075688772,0,0,1,0,1
FePt3,L12,111,-0.2436605272586973,2,0.1315077202016255,2,2.1075,2.2,1.83,0.3700000000000001,0.1602146997001212,136.25,140.0,135.0,5.0,2.165063509461097,9.5,10.0,8.0,2.0,0.8660254037844386,5.5,6.0,4.0,2.0,0.8660254037844386,8.694739525000001,8.95883,7.9024681,1.0563619000000006,0.4574181204949987,8.25,9.0,6.0,3.0,1.299038105676658,0,0,1,0,1
FeRe3,L12,111,-0.5837384705582451,4,0.9134184000067762,2,1.8824999999999998,1.9,1.83,0.06999999999999984,0.030310889132455283,136.25,140.0,135.0,5.0,2.165063509461097,7.25,8.0,7.0,1.0,0.4330127018922193,5.5,6.0,4.0,2.0,0.8660254037844386,7.850757025,7.9024681,7.83352,0.06894810000000007,0.029855403071334958,5.25,6.0,5.0,1.0,0.4330127018922193,0,0,1,0,1
FeRh3,L12,111,-0.323354779257869,3,0.0923558449976553,2,2.1675,2.28,1.83,0.44999999999999973,0.19485571585149858,136.25,140.0,135.0,5.0,2.165063509461097,8.75,9.0,8.0,1.0,0.4330127018922193,4.75,5.0,4.0,1.0,0.4330127018922193,7.569792025,7.9024681,7.4589,0.44356810000000024,0.19207062145419823,7.5,8.0,6.0,2.0,0.8660254037844386,0,0,1,0,1
FeRu3,L12,111,-0.4449698007583436,3,0.2204735708946827,2,2.1075,2.2,1.83,0.3700000000000001,0.1602146997001212,132.5,140.0,130.0,10.0,4.330127018922194,8.0,8.0,8.0,0.0,0.0,4.75,5.0,4.0,1.0,0.4330127018922193,7.495992025,7.9024681,7.3605,0.5419681000000001,0.23467907132039253,6.75,7.0,6.0,1.0,0.4330127018922193,0,0,1,0,1
FeSc3,L12,111,-1.139676566958741,2,0.0209252821005065,2,1.4775,1.83,1.36,0.47,0.20351596988934306,155.0,160.0,140.0,20.0,8.660254037844387,4.25,8.0,3.0,5.0,2.165063509461097,4.0,4.0,4.0,0.0,0.0,6.896734525,7.9024681,6.56149,1.3409781,0.5806605502592946,2.25,6.0,1.0,5.0,2.165063509461097,0,0,1,0,1
FeSn3,L12,111,1.0284722127408088,1,0.0,2,1.9275,1.96,1.83,0.1299999999999999,0.056291651245988464,143.75,145.0,140.0,5.0,2.165063509461097,12.5,14.0,8.0,6.0,2.598076211353316,4.75,5.0,4.0,1.0,0.4330127018922193,7.483555525,7.9024681,7.343918,0.5585500999999997,0.24185928794316916,9.0,10.0,6.0,4.0,1.7320508075688772,0,0,1,0,1
FeTa3,L12,111,-1.0007093901576525,2,0.0494247168026049,2,1.5825,1.83,1.5,0.33000000000000007,0.1428941916244324,143.75,145.0,140.0,5.0,2.165063509461097,5.75,8.0,5.0,3.0,1.299038105676658,5.5,6.0,4.0,2.0,0.8660254037844386,7.637795275,7.9024681,7.549571,0.35289709999999985,0.15280892676092864,3.75,6.0,3.0,3.0,1.299038105676658,0,0,1,0,1
FeTc3,L12,111,-0.6634664647562829,3,0.101569211397873,2,2.0325,2.1,1.83,0.27,0.11691342951089922,136.25,140.0,135.0,5.0,2.165063509461097,7.25,8.0,7.0,1.0,0.4330127018922193,4.75,5.0,4.0,1.0,0.4330127018922193,7.315152025,7.9024681,7.11938,0.7830881000000005,0.3390870940006447,5.25,6.0,5.0,1.0,0.4330127018922193,0,0,1,0,1
FeW3,L12,111,-0.8384083155569613,3,0.9931723809968388,2,1.7325,1.83,1.7,0.13000000000000012,0.05629165124598856,136.25,140.0,135.0,5.0,2.165063509461097,6.5,8.0,6.0,2.0,0.8660254037844386,5.5,6.0,4.0,2.0,0.8660254037844386,7.873639525,7.9024681,7.86403,0.038438100000000475,0.01664418553660352,4.5,6.0,4.0,2.0,0.8660254037844386,0,0,1,0,1
FeZn3,L12,111,-0.0498769700706986,5,0.8764509187021758,2,1.6949999999999998,1.83,1.65,0.18000000000000016,0.07794228634059955,136.25,140.0,135.0,5.0,2.165063509461097,11.0,12.0,8.0,4.0,1.7320508075688772,4.0,4.0,4.0,0.0,0.0,9.021264775,9.394197,7.9024681,1.4917289,0.6459375614797083,9.0,10.0,6.0,4.0,1.7320508075688772,0,0,1,0,1
FeZr3,L12,111,-0.9623771219584968,3,0.2701177476010343,2,1.455,1.83,1.33,0.5,0.21650635094610965,151.25,155.0,140.0,15.0,6.49519052838329,5.0,8.0,4.0,4.0,1.7320508075688772,4.75,5.0,4.0,1.0,0.4330127018922193,6.951211525,7.9024681,6.634126,1.2683421,0.5492082396446514,3.0,6.0,2.0,4.0,1.7320508075688772,0,0,1,0,1
Ga3Hf,L12,111,0.1781995977444523,5,0.4511356282964698,2,1.6824999999999999,1.81,1.3,0.51,0.22083647796503186,136.25,155.0,130.0,25.0,10.825317547305483,10.75,13.0,4.0,9.0,3.897114317029974,4.5,6.0,4.0,2.0,0.8660254037844386,6.205744,6.82507,5.999302,0.8257680000000001,0.3575680328161342,8.0,10.0,2.0,8.0,3.4641016151377544,0,0,1,0,1
Ga3Hg,L12,111,0.5644650556432964,4,0.5136450751015218,2,1.8325,1.9,1.81,0.08999999999999986,0.03897114317029968,135.0,150.0,130.0,20.0,8.660254037844387,12.75,13.0,12.0,1.0,0.4330127018922193,4.5,6.0,4.0,2.0,0.8660254037844386,7.1088525,10.437504,5.999302,4.438202,1.9217978395634516,10.0,10.0,10.0,0.0,0.0,0,0,1,0,1
Ga3In,L12,111,0.6012831464477415,4,0.1488791954980115,2,1.8025,1.81,1.78,0.030000000000000027,0.012990381056766592,136.25,155.0,130.0,25.0,10.825317547305483,13.0,13.0,13.0,0.0,0.0,4.25,5.0,4.0,1.0,0.4330127018922193,5.94606545,5.999302,5.7863558,0.2129462000000002,0.092208409419681,10.0,10.0,10.0,0.0,0.0,0,0,1,0,1
Ga3Ir,L12,111,0.6911115981429532,2,0.1334974166020401,2,1.9075,2.2,1.81,0.3900000000000001,0.1688749537379656,131.25,135.0,130.0,5.0,2.165063509461097,12.0,13.0,9.0,4.0,1.7320508075688772,4.5,6.0,4.0,2.0,0.8660254037844386,6.7412315,8.96702,5.999302,2.9677179999999996,1.2850595896341732,9.25,10.0,7.0,3.0,1.299038105676658,0,0,1,0,1
Ga3La,L12,111,0.0479245532415291,7,0.8321567723032786,2,1.6324999999999998,1.81,1.1,0.71,0.3074390183434757,146.25,195.0,130.0,65.0,28.145825622994256,10.5,13.0,3.0,10.0,4.330127018922194,4.5,6.0,4.0,2.0,0.8660254037844386,5.893701500000001,5.999302,5.5769,0.42240199999999994,0.1829054313046772,7.75,10.0,1.0,9.0,3.897114317029974,0,0,1,0,1
Ga3Mn,L12,111,0.4074263905431792,4,0.2111080929971649,2,1.7449999999999999,1.81,1.55,0.26,0.11258330249197704,132.5,140.0,130.0,10.0,4.330127018922194,11.5,13.0,7.0,6.0,2.598076211353316,4.0,4.0,4.0,0.0,0.0,6.357986,7.434038,5.999302,1.434736,0.6212589118620352,8.75,10.0,5.0,5.0,2.165063509461097,0,0,1,0,1
Ga3Mo,L12,111,0.046970658143465,3,1.0315041050998843,2,1.8975,2.16,1.81,0.3500000000000001,0.1515544456622768,133.75,145.0,130.0,15.0,6.49519052838329,11.25,13.0,6.0,7.0,3.031088913245535,4.25,5.0,4.0,1.0,0.4330127018922193,6.272584,7.09243,5.999302,1.093128,0.47333830879403793,8.75,10.0,5.0,5.0,2.165063509461097,0,0,1,0,1
Ga3Nb,L12,111,0.0223428591425829,3,0.6672566022971296,2,1.7574999999999998,1.81,1.6,0.20999999999999996,0.09093266739736605,133.75,145.0,130.0,15.0,6.49519052838329,11.0,13.0,5.0,8.0,3.4641016151377544,4.25,5.0,4.0,1.0,0.4330127018922193,6.189189,6.75885,5.999302,0.7595479999999997,0.3288939316968313,8.5,10.0,4.0,6.0,2.598076211353316,0,0,1,0,1
Ga3Ni,L12,111,0.4735695095451149,2,0.2024746011011302,2,1.835,1.91,1.81,0.09999999999999987,0.04330127018922188,131.25,135.0,130.0,5.0,2.165063509461097,12.25,13.0,10.0,3.0,1.299038105676658,4.0,4.0,4.0,0.0,0.0,6.409446,7.639878,5.999302,1.6405760000000003,0.7103902464195296,9.5,10.0,8.0,2.0,0.8660254037844386,0,0,1,0,1
Ga3Os,L12,111,-0.3149883671567011,3,1.1389403630018933,2,1.9075,2.2,1.81,0.3900000000000001,0.1688749537379656,130.0,130.0,130.0,0.0,0.0,11.75,13.0,8.0,5.0,2.165063509461097,4.5,6.0,4.0,2.0,0.8660254037844386,6.609034,8.43823,5.999302,2.4389280000000007,1.056086803000587,9.0,10.0,6.0,4.0,1.7320508075688772,0,0,1,0,1
Ga3Pb,L12,111,0.5562084414423509,7,0.2878575289942091,2,1.8074999999999999,1.81,1.8,0.010000000000000009,0.004330127018922197,142.5,180.0,130.0,50.0,21.650635094610966,13.25,14.0,13.0,1.0,0.4330127018922193,4.5,6.0,4.0,2.0,0.8660254037844386,6.353646475,7.4166799,5.999302,1.4173779,0.6137426340813198,10.0,10.0,10.0,0.0,0.0,0,0,1,0,1
Ga3Pd,L12,111,0.6394286086370187,5,0.2146485660996404,2,1.9075,2.2,1.81,0.3900000000000001,0.1688749537379656,132.5,140.0,130.0,10.0,4.330127018922194,12.25,13.0,10.0,3.0,1.299038105676658,4.25,5.0,4.0,1.0,0.4330127018922193,6.5836862499999995,8.336839,5.999302,2.3375369999999993,1.0121832121430323,10.0,10.0,10.0,0.0,0.0,0,0,1,0,1
Ga3Pt,L12,111,0.2603411055397657,6,0.5688556124005117,2,1.9075,2.2,1.81,0.3900000000000001,0.1688749537379656,131.25,135.0,130.0,5.0,2.165063509461097,12.25,13.0,10.0,3.0,1.299038105676658,4.5,6.0,4.0,2.0,0.8660254037844386,6.739184,8.95883,5.999302,2.9595280000000006,1.2815132156056763,9.75,10.0,9.0,1.0,0.4330127018922193,0,0,1,0,1
Ga3Re,L12,111,-0.2485407528574512,3,1.198914389104175,2,1.8325,1.9,1.81,0.08999999999999986,0.03897114317029968,131.25,135.0,130.0,5.0,2.165063509461097,11.5,13.0,7.0,6.0,2.598076211353316,4.5,6.0,4.0,2.0,0.8660254037844386,6.4578565,7.83352,5.999302,1.834218,0.7942396920393427,8.75,10.0,5.0,5.0,2.165063509461097,0,0,1,0,1
Ga3Rh,L12,111,0.2696450858429955,3,0.5515627780041541,2,1.9274999999999998,2.28,1.81,0.46999999999999975,0.20351596988934298,131.25,135.0,130.0,5.0,2.165063509461097,12.0,13.0,9.0,4.0,1.7320508075688772,4.25,5.0,4.0,1.0,0.4330127018922193,6.3642015,7.4589,5.999302,1.4595979999999997,0.6320244736564794,9.5,10.0,8.0,2.0,0.8660254037844386,0,0,1,0,1
Ga3Ru,L12,111,0.0291610795402732,5,0.8850230488023954,2,1.9075,2.2,1.81,0.3900000000000001,0.1688749537379656,130.0,130.0,130.0,0.0,0.0,11.75,13.0,8.0,5.0,2.165063509461097,4.25,5.0,4.0,1.0,0.4330127018922193,6.3396015000000006,7.3605,5.999302,1.361198,0.5894160237902851,9.25,10.0,7.0,3.0,1.299038105676658,0,0,1,0,1
Ga3Sc,L12,111,0.1595534051384959,5,0.5941051914996933,2,1.6975,1.81,1.36,0.44999999999999996,0.1948557158514987,137.5,160.0,130.0,30.0,12.99038105676658,10.5,13.0,3.0,10.0,4.330127018922194,4.0,4.0,4.0,0.0,0.0,6.139849,6.56149,5.999302,0.5621879999999999,0.24343454485138297,7.75,10.0,1.0,9.0,3.897114317029974,0,0,1,0,1
Ga3Sn,L12,111,0.5496465522456049,3,0.2502941183993243,2,1.8475,1.96,1.81,0.1499999999999999,0.06495190528383286,133.75,145.0,130.0,15.0,6.49519052838329,13.25,14.0,13.0,1.0,0.4330127018922193,4.25,5.0,4.0,1.0,0.4330127018922193,6.335456000000001,7.343918,5.999302,1.3446160000000003,0.5822358071675086,10.0,10.0,10.0,0.0,0.0,0,0,1,0,1
Ga3Ta,L12,111,-0.1911548015623054,4,1.5218069830007153,2,1.7325,1.81,1.5,0.31000000000000005,0.13423393758658803,133.75,145.0,130.0,15.0,6.49519052838329,11.0,13.0,5.0,8.0,3.4641016151377544,4.5,6.0,4.0,2.0,0.8660254037844386,6.38686925,7.549571,5.999302,1.5502690000000001,0.6712861683497491,8.25,10.0,3.0,7.0,3.031088913245535,0,0,1,0,1
Ga3Tc,L12,111,0.0277869046413172,6,0.9543160214961972,2,1.8824999999999998,2.1,1.81,0.29000000000000004,0.12557368354874363,131.25,135.0,130.0,5.0,2.165063509461097,11.5,13.0,7.0,6.0,2.598076211353316,4.25,5.0,4.0,1.0,0.4330127018922193,6.2793215,7.11938,5.999302,1.1200779999999995,0.485008001110033,8.75,10.0,5.0,5.0,2.165063509461097,0,0,1,0,1
Ga3Ti,L12,111,0.296155368342653,6,0.951571481396968,2,1.7425,1.81,1.54,0.27,0.11691342951089922,132.5,140.0,130.0,10.0,4.330127018922194,10.75,13.0,4.0,9.0,3.897114317029974,4.0,4.0,4.0,0.0,0.0,6.2065065,6.82812,5.999302,0.828818,0.35888872155690543,8.0,10.0,2.0,8.0,3.4641016151377544,0,0,1,0,1
Ga3Tl,L12,111,0.4313262851437969,4,0.2162294113950338,2,1.8074999999999999,1.81,1.8,0.010000000000000009,0.004330127018922197,145.0,190.0,130.0,60.0,25.98076211353316,13.0,13.0,13.0,0.0,0.0,4.5,6.0,4.0,2.0,0.8660254037844386,6.026548325,6.1082873,5.999302,0.10898529999999962,0.04719201921953393,10.0,10.0,10.0,0.0,0.0,0,0,1,0,1
Ga3V,L12,111,0.1086517903468404,2,0.6288791631959612,2,1.765,1.81,1.63,0.18000000000000016,0.07794228634059955,131.25,135.0,130.0,5.0,2.165063509461097,11.0,13.0,5.0,8.0,3.4641016151377544,4.0,4.0,4.0,0.0,0.0,6.18602325,6.746187,5.999302,0.7468849999999998,0.32341069185277016,8.25,10.0,3.0,7.0,3.031088913245535,0,0,1,0,1
Ga3W,L12,111,-0.20848545975511,3,1.368705941204098,2,1.7825,1.81,1.7,0.1100000000000001,0.04763139720814417,131.25,135.0,130.0,5.0,2.165063509461097,11.25,13.0,6.0,7.0,3.031088913245535,4.5,6.0,4.0,2.0,0.8660254037844386,6.465484,7.86403,5.999302,1.8647279999999995,0.8074509095740741,8.5,10.0,4.0,6.0,2.598076211353316,0,0,1,0,1
Ga3Y,L12,111,0.0553859146466777,5,0.7606074316936429,2,1.6624999999999999,1.81,1.22,0.5900000000000001,0.2554774941164094,142.5,180.0,130.0,50.0,21.650635094610966,10.5,13.0,3.0,10.0,4.330127018922194,4.25,5.0,4.0,1.0,0.4330127018922193,6.0537915,6.21726,5.999302,0.21795799999999943,0.09437858247902409,7.75,10.0,1.0,9.0,3.897114317029974,0,0,1,0,1
Ga3Zn,L12,111,0.5717753939470924,5,0.1594825194042641,2,1.77,1.81,1.65,0.16000000000000014,0.06928203230275516,131.25,135.0,130.0,5.0,2.165063509461097,12.75,13.0,12.0,1.0,0.4330127018922193,4.0,4.0,4.0,0.0,0.0,6.84802575,9.394197,5.999302,3.394895,1.4700326565903858,10.0,10.0,10.0,0.0,0.0,0,0,1,0,1
Ga3Zr,L12,111,0.2215267875444908,6,0.9855436695943354,2,1.69,1.81,1.33,0.48,0.20784609690826528,136.25,155.0,130.0,25.0,10.825317547305483,10.75,13.0,4.0,9.0,3.897114317029974,4.25,5.0,4.0,1.0,0.4330127018922193,6.158008000000001,6.634126,5.999302,0.634824,0.27488685546602626,8.0,10.0,2.0,8.0,3.4641016151377544,0,0,1,0,1
GaHf3,L12,111,-1.042542539055802,3,1.7532783069036668,2,1.4275000000000002,1.81,1.3,0.51,0.22083647796503186,148.75,155.0,130.0,25.0,10.825317547305483,6.25,13.0,4.0,9.0,3.897114317029974,5.5,6.0,4.0,2.0,0.8660254037844386,6.618628,6.82507,5.999302,0.8257680000000001,0.3575680328161342,4.0,10.0,2.0,8.0,3.4641016151377544,0,0,1,0,1
GaHg3,L12,111,0.7381302843432707,5,0.7411938779987395,2,1.8775,1.9,1.81,0.08999999999999986,0.03897114317029968,145.0,150.0,130.0,20.0,8.660254037844387,12.25,13.0,12.0,1.0,0.4330127018922193,5.5,6.0,4.0,2.0,0.8660254037844386,9.3279535,10.437504,5.999302,4.438202,1.9217978395634518,10.0,10.0,10.0,0.0,0.0,0,0,1,0,1
GaIn3,L12,111,0.6319875195413545,4,0.2023396327058435,2,1.7875,1.81,1.78,0.030000000000000027,0.012990381056766592,148.75,155.0,130.0,25.0,10.825317547305483,13.0,13.0,13.0,0.0,0.0,4.75,5.0,4.0,1.0,0.4330127018922193,5.83959235,5.999302,5.7863558,0.2129462000000002,0.092208409419681,10.0,10.0,10.0,0.0,0.0,0,0,1,0,1
GaIr3,L12,111,-0.2727171149590219,3,0.0927419744984945,2,2.1025,2.2,1.81,0.3900000000000001,0.16887495373796557,133.75,135.0,130.0,5.0,2.165063509461097,10.0,13.0,9.0,4.0,1.7320508075688772,5.5,6.0,4.0,2.0,0.8660254037844386,8.2250905,8.96702,5.999302,2.9677179999999996,1.2850595896341732,7.75,10.0,7.0,3.0,1.299038105676658,0,0,1,0,1
GaLa3,L12,111,-0.6963548236589929,4,0.9262907451993668,2,1.2775,1.81,1.1,0.71,0.3074390183434757,178.75,195.0,130.0,65.0,28.145825622994256,5.5,13.0,3.0,10.0,4.330127018922194,5.5,6.0,4.0,2.0,0.8660254037844386,5.6825005,5.999302,5.5769,0.42240199999999994,0.1829054313046772,3.25,10.0,1.0,9.0,3.897114317029974,0,0,1,0,1
GaMo3,L12,111,-0.8959656986616835,3,2.0539604251025594,2,2.0725000000000002,2.16,1.81,0.3500000000000001,0.1515544456622768,141.25,145.0,130.0,15.0,6.49519052838329,7.75,13.0,6.0,7.0,3.031088913245535,4.75,5.0,4.0,1.0,0.4330127018922193,6.819148,7.09243,5.999302,1.093128,0.47333830879403793,6.25,10.0,5.0,5.0,2.165063509461097,0,0,1,0,1
GaNb3,L12,111,-1.0163262754567484,3,1.9736437126994133,2,1.6525000000000003,1.81,1.6,0.20999999999999996,0.09093266739736605,141.25,145.0,130.0,15.0,6.49519052838329,7.0,13.0,5.0,8.0,3.4641016151377544,4.75,5.0,4.0,1.0,0.4330127018922193,6.568963,6.75885,5.999302,0.7595479999999997,0.3288939316968313,5.5,10.0,4.0,6.0,2.598076211353316,0,0,1,0,1
GaNi3,L12,111,-0.566984149560966,3,1.5973704110001563,2,1.8849999999999998,1.91,1.81,0.09999999999999987,0.04330127018922188,133.75,135.0,130.0,5.0,2.165063509461097,10.75,13.0,10.0,3.0,1.299038105676658,4.0,4.0,4.0,0.0,0.0,7.2297340000000005,7.639878,5.999302,1.6405760000000003,0.7103902464195296,8.5,10.0,8.0,2.0,0.8660254037844386,0,0,1,0,1
GaOs3,L12,111,-0.3065584165587722,3,0.0191305553016718,2,2.1025,2.2,1.81,0.3900000000000001,0.16887495373796557,130.0,130.0,130.0,0.0,0.0,9.25,13.0,8.0,5.0,2.165063509461097,5.5,6.0,4.0,2.0,0.8660254037844386,7.828498000000001,8.43823,5.999302,2.4389280000000007,1.056086803000587,7.0,10.0,6.0,4.0,1.7320508075688772,0,0,1,0,1
GaPb3,L12,111,0.6936501481477819,9,0.1780383701989194,2,1.8025000000000002,1.81,1.8,0.010000000000000009,0.004330127018922197,167.5,180.0,130.0,50.0,21.650635094610966,13.75,14.0,13.0,1.0,0.4330127018922193,5.5,6.0,4.0,2.0,0.8660254037844386,7.0623354250000006,7.4166799,5.999302,1.4173779,0.6137426340813198,10.0,10.0,10.0,0.0,0.0,0,0,1,0,1
GaPd3,L12,111,-0.2286773950608847,2,0.0207689527014736,2,2.1025,2.2,1.81,0.3900000000000001,0.16887495373796557,137.5,140.0,130.0,10.0,4.330127018922194,10.75,13.0,10.0,3.0,1.299038105676658,4.75,5.0,4.0,1.0,0.4330127018922193,7.75245475,8.336839,5.999302,2.3375369999999993,1.0121832121430323,10.0,10.0,10.0,0.0,0.0,0,0,1,0,1
GaPt3,L12,111,-0.33819219456106,4,1.479006197398121,2,2.1025,2.2,1.81,0.3900000000000001,0.16887495373796557,133.75,135.0,130.0,5.0,2.165063509461097,10.75,13.0,10.0,3.0,1.299038105676658,5.5,6.0,4.0,2.0,0.8660254037844386,8.218948000000001,8.95883,5.999302,2.9595280000000006,1.2815132156056763,9.25,10.0,9.0,1.0,0.4330127018922193,0,0,1,0,1
GaRe3,L12,111,-0.5275522691581216,3,0.3651279270052328,2,1.8775,1.9,1.81,0.08999999999999986,0.03897114317029968,133.75,135.0,130.0,5.0,2.165063509461097,8.5,13.0,7.0,6.0,2.598076211353316,5.5,6.0,4.0,2.0,0.8660254037844386,7.3749655,7.83352,5.999302,1.834218,0.7942396920393427,6.25,10.0,5.0,5.0,2.165063509461097,0,0,1,0,1
GaRh3,L12,111,-0.3767198405539318,4,1.4137196927986224,2,2.1625,2.28,1.81,0.46999999999999975,0.20351596988934298,133.75,135.0,130.0,5.0,2.165063509461097,10.0,13.0,9.0,4.0,1.7320508075688772,4.75,5.0,4.0,1.0,0.4330127018922193,7.0940005,7.4589,5.999302,1.4595979999999997,0.6320244736564794,8.5,10.0,8.0,2.0,0.8660254037844386,0,0,1,0,1
GaRu3,L12,111,-0.4510052858522329,2,0.1568347156935488,2,2.1025,2.2,1.81,0.3900000000000001,0.16887495373796557,130.0,130.0,130.0,0.0,0.0,9.25,13.0,8.0,5.0,2.165063509461097,4.75,5.0,4.0,1.0,0.4330127018922193,7.0202005,7.3605,5.999302,1.361198,0.5894160237902851,7.75,10.0,7.0,3.0,1.299038105676658,0,0,1,0,1
GaSc3,L12,111,-1.1606232099574925,2,0.0242018047974852,2,1.4725000000000001,1.81,1.36,0.44999999999999996,0.1948557158514987,152.5,160.0,130.0,30.0,12.99038105676658,5.5,13.0,3.0,10.0,4.330127018922194,4.0,4.0,4.0,0.0,0.0,6.420943,6.56149,5.999302,0.5621879999999999,0.24343454485138297,3.25,10.0,1.0,9.0,3.897114317029974,0,0,1,0,1
GaSn3,L12,111,0.5841722200430297,4,0.2328713495953707,2,1.9224999999999999,1.96,1.81,0.1499999999999999,0.06495190528383286,141.25,145.0,130.0,15.0,6.49519052838329,13.75,14.0,13.0,1.0,0.4330127018922193,4.75,5.0,4.0,1.0,0.4330127018922193,7.007764,7.343918,5.999302,1.3446160000000003,0.5822358071675086,10.0,10.0,10.0,0.0,0.0,0,0,1,0,1
GaTa3,L12,111,-1.0281375126569117,2,0.0307948509944253,2,1.5775000000000001,1.81,1.5,0.31000000000000005,0.13423393758658803,141.25,145.0,130.0,15.0,6.49519052838329,7.0,13.0,5.0,8.0,3.4641016151377544,5.5,6.0,4.0,2.0,0.8660254037844386,7.16200375,7.549571,5.999302,1.5502690000000001,0.6712861683497491,4.75,10.0,3.0,7.0,3.031088913245535,0,0,1,0,1
GaTc3,L12,111,-0.5397026962591269,2,0.1058047992992214,2,2.0275000000000003,2.1,1.81,0.29000000000000004,0.12557368354874363,133.75,135.0,130.0,5.0,2.165063509461097,8.5,13.0,7.0,6.0,2.598076211353316,4.75,5.0,4.0,1.0,0.4330127018922193,6.8393605,7.11938,5.999302,1.1200779999999995,0.485008001110033,6.25,10.0,5.0,5.0,2.165063509461097,0,0,1,0,1
GaTi3,L12,111,-1.0903123954585396,2,0.0027596424988587,2,1.6075,1.81,1.54,0.27,0.11691342951089922,137.5,140.0,130.0,10.0,4.330127018922194,6.25,13.0,4.0,9.0,3.897114317029974,4.0,4.0,4.0,0.0,0.0,6.620915500000001,6.82812,5.999302,0.828818,0.35888872155690543,4.0,10.0,2.0,8.0,3.4641016151377544,0,0,1,0,1
GaTl3,L12,111,0.498617044148915,4,0.4413180330957402,2,1.8025000000000002,1.81,1.8,0.010000000000000009,0.004330127018922197,175.0,190.0,130.0,60.0,25.98076211353316,13.0,13.0,13.0,0.0,0.0,5.5,6.0,4.0,2.0,0.8660254037844386,6.081040975,6.1082873,5.999302,0.10898529999999962,0.04719201921953393,10.0,10.0,10.0,0.0,0.0,0,0,1,0,1
GaV3,L12,111,-1.0459566152630655,2,0.0464310564057086,2,1.6749999999999998,1.81,1.63,0.18000000000000016,0.07794228634059955,133.75,135.0,130.0,5.0,2.165063509461097,7.0,13.0,5.0,8.0,3.4641016151377544,4.0,4.0,4.0,0.0,0.0,6.55946575,6.746187,5.999302,0.7468849999999998,0.32341069185277016,4.75,10.0,3.0,7.0,3.031088913245535,0,0,1,0,1
GaW3,L12,111,-0.92254373765806,3,1.084023708695895,2,1.7275,1.81,1.7,0.1100000000000001,0.04763139720814417,133.75,135.0,130.0,5.0,2.165063509461097,7.75,13.0,6.0,7.0,3.031088913245535,5.5,6.0,4.0,2.0,0.8660254037844386,7.397848,7.86403,5.999302,1.8647279999999995,0.8074509095740741,5.5,10.0,4.0,6.0,2.598076211353316,0,0,1,0,1
GaY3,L12,111,-1.1026086756564553,3,1.4019332178977493,2,1.3675000000000002,1.81,1.22,0.5900000000000001,0.2554774941164094,167.5,180.0,130.0,50.0,21.650635094610966,5.5,13.0,3.0,10.0,4.330127018922194,4.75,5.0,4.0,1.0,0.4330127018922193,6.1627705,6.21726,5.999302,0.21795799999999943,0.09437858247902409,3.25,10.0,1.0,9.0,3.897114317029974,0,0,1,0,1
GaZn3,L12,111,0.4639421219553981,5,0.3073504037893144,2,1.69,1.81,1.65,0.16000000000000014,0.06928203230275516,133.75,135.0,130.0,5.0,2.165063509461097,12.25,13.0,12.0,1.0,0.4330127018922193,4.0,4.0,4.0,0.0,0.0,8.54547325,9.394197,5.999302,3.394895,1.4700326565903858,10.0,10.0,10.0,0.0,0.0,0,0,1,0,1
GaZr3,L12,111,-1.0671291127573284,3,1.7280559391001589,2,1.4500000000000002,1.81,1.33,0.48,0.20784609690826528,148.75,155.0,130.0,25.0,10.825317547305483,6.25,13.0,4.0,9.0,3.897114317029974,4.75,5.0,4.0,1.0,0.4330127018922193,6.47542,6.634126,5.999302,0.634824,0.27488685546602626,4.0,10.0,2.0,8.0,3.4641016151377544,0,0,1,0,1
Hf3Hg,L12,111,-1.1037337303559696,2,0.0324517521985399,2,1.4500000000000002,1.9,1.3,0.5999999999999999,0.25980762113533157,153.75,155.0,150.0,5.0,2.165063509461097,6.0,12.0,4.0,8.0,3.4641016151377544,6.0,6.0,6.0,0.0,0.0,7.7281785,10.437504,6.82507,3.6124340000000004,1.5642298067473177,4.0,10.0,2.0,8.0,3.4641016151377544,0,0,1,0,1
Hf3In,L12,111,-1.0809342641577755,3,2.1417186347025563,2,1.4200000000000002,1.78,1.3,0.48,0.20784609690826528,155.0,155.0,155.0,0.0,0.0,6.25,13.0,4.0,9.0,3.897114317029974,5.75,6.0,5.0,1.0,0.4330127018922193,6.56539145,6.82507,5.7863558,1.0387142000000003,0.4497764422358152,4.0,10.0,2.0,8.0,3.4641016151377544,0,0,1,0,1
Hf3Ir,L12,111,-1.0621359599562936,5,0.9364846737989864,2,1.5250000000000001,2.2,1.3,0.9000000000000001,0.38971143170299744,150.0,155.0,135.0,20.0,8.660254037844387,5.25,9.0,4.0,5.0,2.165063509461097,6.0,6.0,6.0,0.0,0.0,7.3605575000000005,8.96702,6.82507,2.1419499999999996,0.927491556818039,3.25,7.0,2.0,5.0,2.165063509461097,0,0,1,0,1
Hf3La,L12,111,-0.8797006381600738,4,1.968327832699288,2,1.25,1.3,1.1,0.19999999999999996,0.08660254037844385,165.0,195.0,155.0,40.0,17.320508075688775,3.75,4.0,3.0,1.0,0.4330127018922193,6.0,6.0,6.0,0.0,0.0,6.5130275,6.82507,5.5769,1.24817,0.5404734641208114,1.75,2.0,1.0,1.0,0.4330127018922193,0,0,1,0,1
Hf3Mn,L12,111,-1.0208296234586385,3,1.2312420572998235,2,1.3625,1.55,1.3,0.25,0.10825317547305482,151.25,155.0,140.0,15.0,6.49519052838329,4.75,7.0,4.0,3.0,1.299038105676658,5.5,6.0,4.0,2.0,0.8660254037844386,6.977312,7.434038,6.82507,0.608968,0.263690879045901,2.75,5.0,2.0,3.0,1.299038105676658,0,0,1,0,1
Hf3Mo,L12,111,-1.103110181457822,5,1.3059319998974388,2,1.5150000000000001,2.16,1.3,0.8600000000000001,0.3723909236273087,152.5,155.0,145.0,10.0,4.330127018922194,4.5,6.0,4.0,2.0,0.8660254037844386,5.75,6.0,5.0,1.0,0.4330127018922193,6.89191,7.09243,6.82507,0.26736000000000004,0.11577027597790378,2.75,5.0,2.0,3.0,1.299038105676658,0,0,1,0,1
Hf3Nb,L12,111,-1.059876598758791,4,1.3115134629006209,2,1.375,1.6,1.3,0.30000000000000004,0.1299038105676658,152.5,155.0,145.0,10.0,4.330127018922194,4.25,5.0,4.0,1.0,0.4330127018922193,5.75,6.0,5.0,1.0,0.4330127018922193,6.808515,6.82507,6.75885,0.06622000000000039,0.028674101119302933,2.5,4.0,2.0,2.0,0.8660254037844386,0,0,1,0,1
Hf3Ni,L12,111,-1.0183171963571738,2,1.0577429541008314,2,1.4525000000000001,1.91,1.3,0.6099999999999999,0.2641377481542537,150.0,155.0,135.0,20.0,8.660254037844387,5.5,10.0,4.0,6.0,2.598076211353316,5.5,6.0,4.0,2.0,0.8660254037844386,7.028772,7.639878,6.82507,0.8148080000000002,0.35282221360339555,3.5,8.0,2.0,6.0,2.598076211353316,0,0,1,0,1
Hf3Os,L12,111,-1.1064650729558425,3,1.0004674808988057,2,1.5250000000000001,2.2,1.3,0.9000000000000001,0.38971143170299744,148.75,155.0,130.0,25.0,10.825317547305483,5.0,8.0,4.0,4.0,1.7320508075688772,6.0,6.0,6.0,0.0,0.0,7.22836,8.43823,6.82507,1.6131600000000006,0.6985187701844527,3.0,6.0,2.0,4.0,1.7320508075688772,0,0,1,0,1
Hf3Pb,L12,111,-1.0606635519606868,2,0.0154745698018814,2,1.425,1.8,1.3,0.5,0.21650635094610965,161.25,180.0,155.0,25.0,10.825317547305483,6.5,14.0,4.0,10.0,4.330127018922194,6.0,6.0,6.0,0.0,0.0,6.972972475000001,7.4166799,6.82507,0.5916098999999999,0.25617460126518565,4.0,10.0,2.0,8.0,3.4641016151377544,0,0,1,0,1
Hf3Pd,L12,111,-1.0477418181571636,4,1.2628796448989306,2,1.5250000000000001,2.2,1.3,0.9000000000000001,0.38971143170299744,151.25,155.0,140.0,15.0,6.49519052838329,5.5,10.0,4.0,6.0,2.598076211353316,5.75,6.0,5.0,1.0,0.4330127018922193,7.2030122500000004,8.336839,6.82507,1.5117689999999993,0.6546151793268982,4.0,10.0,2.0,8.0,3.4641016151377544,0,0,1,0,1
Hf3Pt,L12,111,-1.065279963258007,3,1.063990415801527,2,1.5250000000000001,2.2,1.3,0.9000000000000001,0.38971143170299744,150.0,155.0,135.0,20.0,8.660254037844387,5.5,10.0,4.0,6.0,2.598076211353316,6.0,6.0,6.0,0.0,0.0,7.358510000000001,8.95883,6.82507,2.1337600000000005,0.9239451827895421,3.75,9.0,2.0,7.0,3.031088913245535,0,0,1,0,1
Hf3Re,L12,111,-1.1010495994587188,3,1.1071614122993196,2,1.4500000000000002,1.9,1.3,0.5999999999999999,0.25980762113533157,150.0,155.0,135.0,20.0,8.660254037844387,4.75,7.0,4.0,3.0,1.299038105676658,6.0,6.0,6.0,0.0,0.0,7.0771825,7.83352,6.82507,1.0084499999999998,0.4366716592232085,2.75,5.0,2.0,3.0,1.299038105676658,0,0,1,0,1
Hf3Rh,L12,111,-1.084838417455984,4,1.1200148454990997,2,1.545,2.28,1.3,0.9799999999999998,0.42435244785437487,150.0,155.0,135.0,20.0,8.660254037844387,5.25,9.0,4.0,5.0,2.165063509461097,5.75,6.0,5.0,1.0,0.4330127018922193,6.9835275,7.4589,6.82507,0.6338299999999997,0.27445644084034526,3.5,8.0,2.0,6.0,2.598076211353316,0,0,1,0,1
Hf3Ru,L12,111,-1.1211457506569502,3,1.1659955534996698,2,1.5250000000000001,2.2,1.3,0.9000000000000001,0.38971143170299744,148.75,155.0,130.0,25.0,10.825317547305483,5.0,8.0,4.0,4.0,1.7320508075688772,5.75,6.0,5.0,1.0,0.4330127018922193,6.9589275,7.3605,6.82507,0.5354299999999999,0.23184799097415093,3.25,7.0,2.0,5.0,2.165063509461097,0,0,1,0,1
Hf3Sc,L12,111,-0.997516270256682,7,1.5216690212000683,2,1.3150000000000002,1.36,1.3,0.06000000000000005,0.025980762113533184,156.25,160.0,155.0,5.0,2.165063509461097,3.75,4.0,3.0,1.0,0.4330127018922193,5.5,6.0,4.0,2.0,0.8660254037844386,6.759175,6.82507,6.56149,0.26358000000000015,0.11413348796475123,1.75,2.0,1.0,1.0,0.4330127018922193,0,0,1,0,1
Hf3Sn,L12,111,-1.0387681840574885,3,2.3418391790000896,2,1.465,1.96,1.3,0.6599999999999999,0.28578838324886474,152.5,155.0,145.0,10.0,4.330127018922194,6.5,14.0,4.0,10.0,4.330127018922194,5.75,6.0,5.0,1.0,0.4330127018922193,6.954782,7.343918,6.82507,0.5188480000000002,0.2246677743513743,4.0,10.0,2.0,8.0,3.4641016151377544,0,0,1,0,1
Hf3Ta,L12,111,-1.0555910779575868,6,1.3856289730974822,2,1.35,1.5,1.3,0.19999999999999996,0.08660254037844385,152.5,155.0,145.0,10.0,4.330127018922194,4.25,5.0,4.0,1.0,0.4330127018922193,6.0,6.0,6.0,0.0,0.0,7.00619525,7.549571,6.82507,0.7245010000000001,0.31371813553361483,2.25,3.0,2.0,1.0,0.4330127018922193,0,0,1,0,1
Hf3Tc,L12,111,-1.1359518727576583,4,0.3810697162989527,2,1.5,2.1,1.3,0.8,0.34641016151377546,150.0,155.0,135.0,20.0,8.660254037844387,4.75,7.0,4.0,3.0,1.299038105676658,5.75,6.0,5.0,1.0,0.4330127018922193,6.8986475,7.11938,6.82507,0.2943099999999994,0.1274399682938988,2.75,5.0,2.0,3.0,1.299038105676658,0,0,1,0,1
Hf3Ti,L12,111,-1.0413520409556156,6,1.313084239998716,2,1.36,1.54,1.3,0.24,0.10392304845413264,151.25,155.0,140.0,15.0,6.49519052838329,4.0,4.0,4.0,0.0,0.0,5.5,6.0,4.0,2.0,0.8660254037844386,6.825832500000001,6.82812,6.82507,0.003049999999999997,0.0013206887407712677,2.0,2.0,2.0,0.0,0.0,0,0,1,0,1
Hf3Tl,L12,111,-1.0971772834591036,3,2.382718568802374,2,1.425,1.8,1.3,0.5,0.21650635094610965,163.75,190.0,155.0,35.0,15.155444566227676,6.25,13.0,4.0,9.0,3.897114317029974,6.0,6.0,6.0,0.0,0.0,6.645874325,6.82507,6.1082873,0.7167827000000004,0.3103760135966003,4.0,10.0,2.0,8.0,3.4641016151377544,0,0,1,0,1
Hf3V,L12,111,-1.0617528235588622,4,1.2034306624009332,2,1.3825,1.63,1.3,0.32999999999999985,0.14289419162443232,150.0,155.0,135.0,20.0,8.660254037844387,4.25,5.0,4.0,1.0,0.4330127018922193,5.5,6.0,4.0,2.0,0.8660254037844386,6.80534925,6.82507,6.746187,0.07888300000000026,0.03415734096336405,2.25,3.0,2.0,1.0,0.4330127018922193,0,0,1,0,1
Hf3W,L12,111,-1.1007051032565585,4,1.2023585338974954,2,1.4000000000000001,1.7,1.3,0.3999999999999999,0.1732050807568877,150.0,155.0,135.0,20.0,8.660254037844387,4.5,6.0,4.0,2.0,0.8660254037844386,6.0,6.0,6.0,0.0,0.0,7.08481,7.86403,6.82507,1.0389599999999994,0.4498828767579399,2.5,4.0,2.0,2.0,0.8660254037844386,0,0,1,0,1
Hf3Y,L12,111,-0.9765232318559072,5,1.725562696097768,2,1.28,1.3,1.22,0.08000000000000007,0.03464101615137758,161.25,180.0,155.0,25.0,10.825317547305483,3.75,4.0,3.0,1.0,0.4330127018922193,5.75,6.0,5.0,1.0,0.4330127018922193,6.6731175,6.82507,6.21726,0.6078100000000006,0.2631894503371101,1.75,2.0,1.0,1.0,0.4330127018922193,0,0,1,0,1
Hf3Zn,L12,111,-1.0627718899549734,3,1.5395503018953605,2,1.3875000000000002,1.65,1.3,0.34999999999999987,0.15155444566227672,150.0,155.0,135.0,20.0,8.660254037844387,6.0,12.0,4.0,8.0,3.4641016151377544,5.5,6.0,4.0,2.0,0.8660254037844386,7.467351750000001,9.394197,6.82507,2.569127,1.1124646237742517,4.0,10.0,2.0,8.0,3.4641016151377544,0,0,1,0,1
Hf3Zr,L12,111,-0.9944119956589644,7,1.3591770589009684,2,1.3075,1.33,1.3,0.030000000000000027,0.012990381056766592,155.0,155.0,155.0,0.0,0.0,4.0,4.0,4.0,0.0,0.0,5.75,6.0,5.0,1.0,0.4330127018922193,6.777334,6.82507,6.634126,0.190944,0.08268117735010792,2.0,2.0,2.0,0.0,0.0,0,0,1,0,1
HfHg3,L12,111,-0.1993945445564975,7,1.6926444046985123,2,1.7499999999999998,1.9,1.3,0.5999999999999999,0.25980762113533157,151.25,155.0,150.0,5.0,2.165063509461097,10.0,12.0,4.0,8.0,3.4641016151377544,6.0,6.0,6.0,0.0,0.0,9.5343955,10.437504,6.82507,3.6124340000000004,1.5642298067473177,8.0,10.0,2.0,8.0,3.4641016151377544,0,0,1,0,1
HfIn3,L12,111,-0.0743499362569934,3,0.912398517401016,2,1.66,1.78,1.3,0.48,0.20784609690826528,155.0,155.0,155.0,0.0,0.0,10.75,13.0,4.0,9.0,3.897114317029974,5.25,6.0,5.0,1.0,0.4330127018922193,6.04603435,6.82507,5.7863558,1.0387142000000003,0.4497764422358152,8.0,10.0,2.0,8.0,3.4641016151377544,0,0,1,0,1
HfIr3,L12,111,-0.5797401659574177,4,1.4727686678997998,2,1.975,2.2,1.3,0.9000000000000001,0.38971143170299744,140.0,155.0,135.0,20.0,8.660254037844387,7.75,9.0,4.0,5.0,2.165063509461097,6.0,6.0,6.0,0.0,0.0,8.4315325,8.96702,6.82507,2.1419499999999996,0.927491556818039,5.75,7.0,2.0,5.0,2.165063509461097,0,0,1,0,1
HfLa3,L12,111,-0.8007995980578642,6,0.6109898553004314,2,1.1500000000000001,1.3,1.1,0.19999999999999996,0.08660254037844385,185.0,195.0,155.0,40.0,17.320508075688775,3.25,4.0,3.0,1.0,0.4330127018922193,6.0,6.0,6.0,0.0,0.0,5.8889425,6.82507,5.5769,1.24817,0.5404734641208114,1.25,2.0,1.0,1.0,0.4330127018922193,0,0,1,0,1
HfMo3,L12,111,0.1442090417413339,1,0.0,2,1.945,2.16,1.3,0.8600000000000001,0.3723909236273087,147.5,155.0,145.0,10.0,4.330127018922194,5.5,6.0,4.0,2.0,0.8660254037844386,5.25,6.0,5.0,1.0,0.4330127018922193,7.02559,7.09243,6.82507,0.26736000000000004,0.11577027597790378,4.25,5.0,2.0,3.0,1.299038105676658,0,0,1,0,1
HfNb3,L12,111,-0.9739582868560036,1,0.0,2,1.5250000000000001,1.6,1.3,0.30000000000000004,0.1299038105676658,147.5,155.0,145.0,10.0,4.330127018922194,4.75,5.0,4.0,1.0,0.4330127018922193,5.25,6.0,5.0,1.0,0.4330127018922193,6.775405,6.82507,6.75885,0.06622000000000039,0.028674101119302933,3.5,4.0,2.0,2.0,0.8660254037844386,0,0,1,0,1
HfNi3,L12,111,-0.4243616674566226,4,1.1178388871994684,2,1.7574999999999998,1.91,1.3,0.6099999999999999,0.2641377481542537,140.0,155.0,135.0,20.0,8.660254037844387,8.5,10.0,4.0,6.0,2.598076211353316,4.5,6.0,4.0,2.0,0.8660254037844386,7.436176000000001,7.639878,6.82507,0.8148080000000002,0.35282221360339555,6.5,8.0,2.0,6.0,2.598076211353316,0,0,1,0,1
HfOs3,L12,111,-0.634295861257641,4,1.386125036602607,2,1.975,2.2,1.3,0.9000000000000001,0.38971143170299744,136.25,155.0,130.0,25.0,10.825317547305483,7.0,8.0,4.0,4.0,1.7320508075688772,6.0,6.0,6.0,0.0,0.0,8.03494,8.43823,6.82507,1.6131600000000006,0.6985187701844527,5.0,6.0,2.0,4.0,1.7320508075688772,0,0,1,0,1
HfPb3,L12,111,-0.2648338410571966,5,1.5400681345017802,2,1.675,1.8,1.3,0.5,0.21650635094610965,173.75,180.0,155.0,25.0,10.825317547305483,11.5,14.0,4.0,10.0,4.330127018922194,6.0,6.0,6.0,0.0,0.0,7.268777425000001,7.4166799,6.82507,0.5916098999999999,0.25617460126518565,8.0,10.0,2.0,8.0,3.4641016151377544,0,0,1,0,1
HfPd3,L12,111,-0.3219042764567064,6,0.888802301898977,2,1.975,2.2,1.3,0.9000000000000001,0.38971143170299744,143.75,155.0,140.0,15.0,6.49519052838329,8.5,10.0,4.0,6.0,2.598076211353316,5.25,6.0,5.0,1.0,0.4330127018922193,7.95889675,8.336839,6.82507,1.5117689999999993,0.6546151793268982,8.0,10.0,2.0,8.0,3.4641016151377544,0,0,1,0,1
HfPt3,L12,111,-0.3124061429579967,3,0.2054430909993243,2,1.975,2.2,1.3,0.9000000000000001,0.38971143170299744,140.0,155.0,135.0,20.0,8.660254037844387,8.5,10.0,4.0,6.0,2.598076211353316,6.0,6.0,6.0,0.0,0.0,8.42539,8.95883,6.82507,2.1337600000000005,0.9239451827895421,7.25,9.0,2.0,7.0,3.031088913245535,0,0,1,0,1
HfRe3,L12,111,-0.7863235499598602,4,0.3586056304011435,2,1.7499999999999998,1.9,1.3,0.5999999999999999,0.25980762113533157,140.0,155.0,135.0,20.0,8.660254037844387,6.25,7.0,4.0,3.0,1.299038105676658,6.0,6.0,6.0,0.0,0.0,7.5814075,7.83352,6.82507,1.0084499999999998,0.4366716592232085,4.25,5.0,2.0,3.0,1.299038105676658,0,0,1,0,1
HfRh3,L12,111,-0.6121823941602713,4,1.2840398973021363,2,2.035,2.28,1.3,0.9799999999999998,0.42435244785437487,140.0,155.0,135.0,20.0,8.660254037844387,7.75,9.0,4.0,5.0,2.165063509461097,5.25,6.0,5.0,1.0,0.4330127018922193,7.3004425,7.4589,6.82507,0.6338299999999997,0.27445644084034526,6.5,8.0,2.0,6.0,2.598076211353316,0,0,1,0,1
HfRu3,L12,111,-0.6367160417566708,2,0.0901899549971858,2,1.975,2.2,1.3,0.9000000000000001,0.38971143170299744,136.25,155.0,130.0,25.0,10.825317547305483,7.0,8.0,4.0,4.0,1.7320508075688772,5.25,6.0,5.0,1.0,0.4330127018922193,7.2266425,7.3605,6.82507,0.5354299999999999,0.23184799097415093,5.75,7.0,2.0,5.0,2.165063509461097,0,0,1,0,1
HfSc3,L12,111,-1.0084736143571431,3,0.0739063906985393,2,1.345,1.36,1.3,0.06000000000000005,0.025980762113533184,158.75,160.0,155.0,5.0,2.165063509461097,3.25,4.0,3.0,1.0,0.4330127018922193,4.5,6.0,4.0,2.0,0.8660254037844386,6.627385,6.82507,6.56149,0.26358000000000015,0.11413348796475123,1.25,2.0,1.0,1.0,0.4330127018922193,0,0,1,0,1
HfSn3,L12,111,-0.1010761411589271,5,1.3915888103001637,2,1.795,1.96,1.3,0.6599999999999999,0.28578838324886474,147.5,155.0,145.0,10.0,4.330127018922194,11.5,14.0,4.0,10.0,4.330127018922194,5.25,6.0,5.0,1.0,0.4330127018922193,7.214206,7.343918,6.82507,0.5188480000000002,0.2246677743513743,8.0,10.0,2.0,8.0,3.4641016151377544,0,0,1,0,1
HfTc3,L12,111,-0.7590604644601342,2,0.0731138590999762,2,1.9000000000000001,2.1,1.3,0.8,0.34641016151377546,140.0,155.0,135.0,20.0,8.660254037844387,6.25,7.0,4.0,3.0,1.299038105676658,5.25,6.0,5.0,1.0,0.4330127018922193,7.0458025,7.11938,6.82507,0.2943099999999994,0.1274399682938988,4.25,5.0,2.0,3.0,1.299038105676658,0,0,1,0,1
HfTi3,L12,111,-1.0188369337547272,2,0.0767299798972089,2,1.48,1.54,1.3,0.24,0.10392304845413264,143.75,155.0,140.0,15.0,6.49519052838329,4.0,4.0,4.0,0.0,0.0,4.5,6.0,4.0,2.0,0.8660254037844386,6.827357500000001,6.82812,6.82507,0.003049999999999997,0.0013206887407712677,2.0,2.0,2.0,0.0,0.0,0,0,1,0,1
HfTl3,L12,111,-0.2527024619584779,2,1.3136628901011136,2,1.675,1.8,1.3,0.5,0.21650635094610965,181.25,190.0,155.0,35.0,15.155444566227676,10.75,13.0,4.0,9.0,3.897114317029974,6.0,6.0,6.0,0.0,0.0,6.287482975,6.82507,6.1082873,0.7167827000000004,0.3103760135966003,8.0,10.0,2.0,8.0,3.4641016151377544,0,0,1,0,1
HfV3,L12,111,-0.9497764824581908,5,1.2519255663028162,2,1.5474999999999999,1.63,1.3,0.32999999999999985,0.14289419162443232,140.0,155.0,135.0,20.0,8.660254037844387,4.75,5.0,4.0,1.0,0.4330127018922193,4.5,6.0,4.0,2.0,0.8660254037844386,6.76590775,6.82507,6.746187,0.07888300000000026,0.03415734096336405,2.75,3.0,2.0,1.0,0.4330127018922193,0,0,1,0,1
HfW3,L12,111,-0.8350277092567637,4,1.00296575809989,2,1.5999999999999999,1.7,1.3,0.3999999999999999,0.1732050807568877,140.0,155.0,135.0,20.0,8.660254037844387,5.5,6.0,4.0,2.0,0.8660254037844386,6.0,6.0,6.0,0.0,0.0,7.60429,7.86403,6.82507,1.0389599999999994,0.4498828767579399,3.5,4.0,2.0,2.0,0.8660254037844386,0,0,1,0,1
HfY3,L12,111,-0.9774296430577748,5,0.8069718201986689,2,1.24,1.3,1.22,0.08000000000000007,0.03464101615137758,173.75,180.0,155.0,25.0,10.825317547305483,3.25,4.0,3.0,1.0,0.4330127018922193,5.25,6.0,5.0,1.0,0.4330127018922193,6.3692125,6.82507,6.21726,0.6078100000000006,0.2631894503371101,1.25,2.0,1.0,1.0,0.4330127018922193,0,0,1,0,1
HfZn3,L12,111,-0.4376459928525662,5,1.002259894798044,2,1.5624999999999998,1.65,1.3,0.34999999999999987,0.15155444566227672,140.0,155.0,135.0,20.0,8.660254037844387,10.0,12.0,4.0,8.0,3.4641016151377544,4.5,6.0,4.0,2.0,0.8660254037844386,8.75191525,9.394197,6.82507,2.569127,1.1124646237742517,8.0,10.0,2.0,8.0,3.4641016151377544,0,0,1,0,1
HfZr3,L12,111,-1.0042099986594335,4,0.125887208898348,2,1.3225,1.33,1.3,0.030000000000000027,0.012990381056766592,155.0,155.0,155.0,0.0,0.0,4.0,4.0,4.0,0.0,0.0,5.25,6.0,5.0,1.0,0.4330127018922193,6.681862,6.82507,6.634126,0.190944,0.08268117735010792,2.0,2.0,2.0,0.0,0.0,0,0,1,0,1
Hg3In,L12,111,0.8916720144416388,6,0.5933572866015311,2,1.8699999999999999,1.9,1.78,0.11999999999999988,0.05196152422706627,151.25,155.0,150.0,5.0,2.165063509461097,12.25,13.0,12.0,1.0,0.4330127018922193,5.75,6.0,5.0,1.0,0.4330127018922193,9.27471695,10.437504,5.7863558,4.651148200000001,2.0140062489831325,10.0,10.0,10.0,0.0,0.0,0,0,1,0,1
Hg3Ir,L12,111,-0.4706965316572393,1,0.0,2,1.9749999999999999,2.2,1.9,0.30000000000000027,0.1299038105676659,146.25,150.0,135.0,15.0,6.49519052838329,11.25,12.0,9.0,3.0,1.299038105676658,6.0,6.0,6.0,0.0,0.0,10.069883,10.437504,8.96702,1.4704840000000008,0.6367382499292785,9.25,10.0,7.0,3.0,1.299038105676658,0,0,1,0,1
Hg3La,L12,111,0.1817358530434205,6,0.8292511407016718,2,1.6999999999999997,1.9,1.1,0.7999999999999998,0.3464101615137754,161.25,195.0,150.0,45.0,19.48557158514987,9.75,12.0,3.0,9.0,3.897114317029974,6.0,6.0,6.0,0.0,0.0,9.222353,10.437504,5.5769,4.860604,2.104703270868129,7.75,10.0,1.0,9.0,3.897114317029974,0,0,1,0,1
Hg3Mn,L12,111,0.2647281248437423,1,0.0,2,1.8124999999999998,1.9,1.55,0.34999999999999987,0.15155444566227672,147.5,150.0,140.0,10.0,4.330127018922194,10.75,12.0,7.0,5.0,2.165063509461097,5.5,6.0,4.0,2.0,0.8660254037844386,9.6866375,10.437504,7.434038,3.0034660000000004,1.3005389277014165,8.75,10.0,5.0,5.0,2.165063509461097,0,0,1,0,1
Hg3Mo,L12,111,-0.3751806285572172,2,1.385892107100517,2,1.9649999999999999,2.16,1.9,0.26000000000000023,0.11258330249197712,148.75,150.0,145.0,5.0,2.165063509461097,10.5,12.0,6.0,6.0,2.598076211353316,5.75,6.0,5.0,1.0,0.4330127018922193,9.601235500000001,10.437504,7.09243,3.3450740000000003,1.448459530769414,8.75,10.0,5.0,5.0,2.165063509461097,0,0,1,0,1
Hg3Nb,L12,111,-0.1928276213611468,3,1.128496905999782,2,1.8249999999999997,1.9,1.6,0.2999999999999998,0.12990381056766573,148.75,150.0,145.0,5.0,2.165063509461097,10.25,12.0,5.0,7.0,3.031088913245535,5.75,6.0,5.0,1.0,0.4330127018922193,9.5178405,10.437504,6.75885,3.6786540000000008,1.5929039078666205,8.5,10.0,4.0,6.0,2.598076211353316,0,0,1,0,1
Hg3Ni,L12,111,0.289998520643195,1,0.0,2,1.9024999999999999,1.91,1.9,0.010000000000000009,0.004330127018922198,146.25,150.0,135.0,15.0,6.49519052838329,11.5,12.0,10.0,2.0,0.8660254037844386,5.5,6.0,4.0,2.0,0.8660254037844386,9.7380975,10.437504,7.639878,2.797626,1.211407593143922,9.5,10.0,8.0,2.0,0.8660254037844386,0,0,1,0,1
Hg3Os,L12,111,-0.787379895856219,3,2.193089101499936,2,1.9749999999999999,2.2,1.9,0.30000000000000027,0.1299038105676659,145.0,150.0,130.0,20.0,8.660254037844387,11.0,12.0,8.0,4.0,1.7320508075688772,6.0,6.0,6.0,0.0,0.0,9.9376855,10.437504,8.43823,1.9992739999999998,0.8657110365628649,9.0,10.0,6.0,4.0,1.7320508075688772,0,0,1,0,1
Hg3Pb,L12,111,0.6891276161450435,4,0.6533680480970361,2,1.8749999999999998,1.9,1.8,0.09999999999999987,0.04330127018922188,157.5,180.0,150.0,30.0,12.99038105676658,12.5,14.0,12.0,2.0,0.8660254037844386,6.0,6.0,6.0,0.0,0.0,9.682297975000001,10.437504,7.4166799,3.0208241000000005,1.308055205482132,10.0,10.0,10.0,0.0,0.0,0,0,1,0,1
Hg3Pd,L12,111,0.5965457805405379,3,0.7278056050017767,2,1.9749999999999999,2.2,1.9,0.30000000000000027,0.1299038105676659,147.5,150.0,140.0,10.0,4.330127018922194,11.5,12.0,10.0,2.0,0.8660254037844386,5.75,6.0,5.0,1.0,0.4330127018922193,9.91233775,10.437504,8.336839,2.100665000000001,0.9096146274204193,10.0,10.0,10.0,0.0,0.0,0,0,1,0,1
Hg3Pt,L12,111,0.0090330909415854,3,1.242826759800664,2,1.9749999999999999,2.2,1.9,0.30000000000000027,0.1299038105676659,146.25,150.0,135.0,15.0,6.49519052838329,11.5,12.0,10.0,2.0,0.8660254037844386,6.0,6.0,6.0,0.0,0.0,10.067835500000001,10.437504,8.95883,1.4786739999999998,0.6402846239577754,9.75,10.0,9.0,1.0,0.4330127018922193,0,0,1,0,1
Hg3Re,L12,111,-0.8287088178576312,1,0.0,2,1.9,1.9,1.9,0.0,0.0,146.25,150.0,135.0,15.0,6.49519052838329,10.75,12.0,7.0,5.0,2.165063509461097,6.0,6.0,6.0,0.0,0.0,9.786508000000001,10.437504,7.83352,2.6039840000000005,1.127558147524109,8.75,10.0,5.0,5.0,2.165063509461097,0,0,1,0,1
Hg3Rh,L12,111,0.0434598453403225,2,0.3894389855995541,2,1.9949999999999997,2.28,1.9,0.3799999999999999,0.1645448267190433,146.25,150.0,135.0,15.0,6.49519052838329,11.25,12.0,9.0,3.0,1.299038105676658,5.75,6.0,5.0,1.0,0.4330127018922193,9.692853,10.437504,7.4589,2.9786040000000007,1.2897733659069723,9.5,10.0,8.0,2.0,0.8660254037844386,0,0,1,0,1
Hg3Ru,L12,111,-0.3705628567613246,2,1.4212670422020892,2,1.9749999999999999,2.2,1.9,0.30000000000000027,0.1299038105676659,145.0,150.0,130.0,20.0,8.660254037844387,11.0,12.0,8.0,4.0,1.7320508075688772,5.75,6.0,5.0,1.0,0.4330127018922193,9.668253,10.437504,7.3605,3.0770040000000005,1.3323818157731666,9.25,10.0,7.0,3.0,1.299038105676658,0,0,1,0,1
Hg3Sc,L12,111,0.1024470506390855,4,0.8236719906999497,2,1.765,1.9,1.36,0.5399999999999998,0.23382685902179834,152.5,160.0,150.0,10.0,4.330127018922194,9.75,12.0,3.0,9.0,3.897114317029974,5.5,6.0,4.0,2.0,0.8660254037844386,9.468500500000001,10.437504,6.56149,3.8760140000000005,1.6783632947120688,7.75,10.0,1.0,9.0,3.897114317029974,0,0,1,0,1
Hg3Sn,L12,111,0.9812795097432456,1,0.0,2,1.9149999999999998,1.96,1.9,0.06000000000000005,0.025980762113533184,148.75,150.0,145.0,5.0,2.165063509461097,12.5,14.0,12.0,2.0,0.8660254037844386,5.75,6.0,5.0,1.0,0.4330127018922193,9.6641075,10.437504,7.343918,3.093586,1.3395620323959432,10.0,10.0,10.0,0.0,0.0,0,0,1,0,1
Hg3Ta,L12,111,-0.4207137093571589,3,1.873391260098288,2,1.7999999999999998,1.9,1.5,0.3999999999999999,0.1732050807568877,148.75,150.0,145.0,5.0,2.165063509461097,10.25,12.0,5.0,7.0,3.031088913245535,6.0,6.0,6.0,0.0,0.0,9.71552075,10.437504,7.549571,2.8879330000000003,1.2505116712137028,8.25,10.0,3.0,7.0,3.031088913245535,0,0,1,0,1
Hg3Tc,L12,111,-0.4845306630586208,4,1.908032031999028,2,1.9499999999999997,2.1,1.9,0.20000000000000018,0.08660254037844395,146.25,150.0,135.0,15.0,6.49519052838329,10.75,12.0,7.0,5.0,2.165063509461097,5.75,6.0,5.0,1.0,0.4330127018922193,9.607973000000001,10.437504,7.11938,3.318124000000001,1.4367898384534188,8.75,10.0,5.0,5.0,2.165063509461097,0,0,1,0,1
Hg3Ti,L12,111,0.0201403697401758,6,1.453049938500044,2,1.8099999999999998,1.9,1.54,0.3599999999999999,0.1558845726811989,147.5,150.0,140.0,10.0,4.330127018922194,10.0,12.0,4.0,8.0,3.4641016151377544,5.5,6.0,4.0,2.0,0.8660254037844386,9.535158000000001,10.437504,6.82812,3.6093840000000004,1.5629091180065462,8.0,10.0,2.0,8.0,3.4641016151377544,0,0,1,0,1
Hg3Tl,L12,111,1.1242690733425036,8,0.3584824989011395,2,1.8749999999999998,1.9,1.8,0.09999999999999987,0.04330127018922188,160.0,190.0,150.0,40.0,17.320508075688775,12.25,13.0,12.0,1.0,0.4330127018922193,6.0,6.0,6.0,0.0,0.0,9.355199825,10.437504,6.1082873,4.329216700000001,1.8746058203439178,10.0,10.0,10.0,0.0,0.0,0,0,1,0,1
Hg3V,L12,111,-0.1222019711594555,2,1.1182711401015697,2,1.8324999999999998,1.9,1.63,0.27,0.11691342951089922,146.25,150.0,135.0,15.0,6.49519052838329,10.25,12.0,5.0,7.0,3.031088913245535,5.5,6.0,4.0,2.0,0.8660254037844386,9.514674750000001,10.437504,6.746187,3.6913170000000006,1.5983871477106817,8.25,10.0,3.0,7.0,3.031088913245535,0,0,1,0,1
Hg3W,L12,111,-0.6456587909551388,2,1.6189869981972151,2,1.8499999999999999,1.9,1.7,0.19999999999999996,0.08660254037844385,146.25,150.0,135.0,15.0,6.49519052838329,10.5,12.0,6.0,6.0,2.598076211353316,6.0,6.0,6.0,0.0,0.0,9.7941355,10.437504,7.86403,2.573474000000001,1.1143469299893776,8.5,10.0,4.0,6.0,2.598076211353316,0,0,1,0,1
Hg3Y,L12,111,0.0936524674407621,6,0.9976029386016309,2,1.7299999999999998,1.9,1.22,0.6799999999999999,0.2944486372867091,157.5,180.0,150.0,30.0,12.99038105676658,9.75,12.0,3.0,9.0,3.897114317029974,5.75,6.0,5.0,1.0,0.4330127018922193,9.382443,10.437504,6.21726,4.220244000000001,1.8274192570844277,7.75,10.0,1.0,9.0,3.897114317029974,0,0,1,0,1
Hg3Zn,L12,111,0.7714689915419797,5,0.91513992830005,2,1.8375,1.9,1.65,0.25,0.10825317547305482,146.25,150.0,135.0,15.0,6.49519052838329,12.0,12.0,12.0,0.0,0.0,5.5,6.0,4.0,2.0,0.8660254037844386,10.176677250000001,10.437504,9.394197,1.0433070000000004,0.45176518297306584,10.0,10.0,10.0,0.0,0.0,0,0,1,0,1
Hg3Zr,L12,111,-0.0647505763581364,5,0.9452267390006456,2,1.7574999999999998,1.9,1.33,0.5699999999999998,0.24681724007856495,151.25,155.0,150.0,5.0,2.165063509461097,10.0,12.0,4.0,8.0,3.4641016151377544,5.75,6.0,5.0,1.0,0.4330127018922193,9.4866595,10.437504,6.634126,3.8033780000000004,1.6469109840974254,8.0,10.0,2.0,8.0,3.4641016151377544,0,0,1,0,1
HgIn3,L12,111,0.6789447081401079,4,0.3843665115018666,2,1.81,1.9,1.78,0.11999999999999988,0.05196152422706627,153.75,155.0,150.0,5.0,2.165063509461097,12.75,13.0,12.0,1.0,0.4330127018922193,5.25,6.0,5.0,1.0,0.4330127018922193,6.94914285,10.437504,5.7863558,4.651148200000001,2.0140062489831325,10.0,10.0,10.0,0.0,0.0,0,0,1,0,1
HgIr3,L12,111,-0.3980947907575398,3,0.1252183529977628,2,2.125,2.2,1.9,0.30000000000000027,0.1299038105676659,138.75,150.0,135.0,15.0,6.49519052838329,9.75,12.0,9.0,3.0,1.299038105676658,6.0,6.0,6.0,0.0,0.0,9.334641000000001,10.437504,8.96702,1.4704840000000008,0.6367382499292786,7.75,10.0,7.0,3.0,1.299038105676658,0,0,1,0,1
HgLa3,L12,111,-0.7385569588577425,5,1.3279347165989748,2,1.3,1.9,1.1,0.7999999999999998,0.34641016151377535,183.75,195.0,150.0,45.0,19.48557158514987,5.25,12.0,3.0,9.0,3.897114317029974,6.0,6.0,6.0,0.0,0.0,6.792051,10.437504,5.5769,4.860604,2.104703270868129,3.25,10.0,1.0,9.0,3.897114317029974,0,0,1,0,1
HgMo3,L12,111,-0.8987178580564148,3,1.9231076829019005,2,2.095,2.16,1.9,0.26000000000000023,0.11258330249197712,146.25,150.0,145.0,5.0,2.165063509461097,7.5,12.0,6.0,6.0,2.598076211353316,5.25,6.0,5.0,1.0,0.4330127018922193,7.9286985,10.437504,7.09243,3.3450740000000003,1.4484595307694137,6.25,10.0,5.0,5.0,2.165063509461097,0,0,1,0,1
HgNb3,L12,111,-1.0770148725559636,3,2.032292408297508,2,1.6750000000000003,1.9,1.6,0.2999999999999998,0.12990381056766573,146.25,150.0,145.0,5.0,2.165063509461097,6.75,12.0,5.0,7.0,3.031088913245535,5.25,6.0,5.0,1.0,0.4330127018922193,7.6785135,10.437504,6.75885,3.6786540000000008,1.5929039078666205,5.5,10.0,4.0,6.0,2.598076211353316,0,0,1,0,1
HgPb3,L12,111,0.7374540815408466,4,0.3286650808004197,2,1.8250000000000002,1.9,1.8,0.09999999999999987,0.04330127018922188,172.5,180.0,150.0,30.0,12.99038105676658,13.5,14.0,12.0,2.0,0.8660254037844386,6.0,6.0,6.0,0.0,0.0,8.171885925000002,10.437504,7.4166799,3.0208241000000005,1.308055205482132,10.0,10.0,10.0,0.0,0.0,0,0,1,0,1
HgPd3,L12,111,-0.2826902233600492,4,1.4755382424991694,2,2.125,2.2,1.9,0.30000000000000027,0.1299038105676659,142.5,150.0,140.0,10.0,4.330127018922194,10.5,12.0,10.0,2.0,0.8660254037844386,5.25,6.0,5.0,1.0,0.4330127018922193,8.86200525,10.437504,8.336839,2.100665000000001,0.9096146274204193,10.0,10.0,10.0,0.0,0.0,0,0,1,0,1
HgPt3,L12,111,-0.3030497807585277,4,1.620681043001241,2,2.125,2.2,1.9,0.30000000000000027,0.1299038105676659,138.75,150.0,135.0,15.0,6.49519052838329,10.5,12.0,10.0,2.0,0.8660254037844386,6.0,6.0,6.0,0.0,0.0,9.328498500000002,10.437504,8.95883,1.4786739999999998,0.6402846239577754,9.25,10.0,9.0,1.0,0.4330127018922193,0,0,1,0,1
HgRe3,L12,111,-0.5835288068583111,3,0.6190365334987291,2,1.9,1.9,1.9,0.0,0.0,138.75,150.0,135.0,15.0,6.49519052838329,8.25,12.0,7.0,5.0,2.165063509461097,6.0,6.0,6.0,0.0,0.0,8.484516,10.437504,7.83352,2.6039840000000005,1.127558147524109,6.25,10.0,5.0,5.0,2.165063509461097,0,0,1,0,1
HgRh3,L12,111,-0.4347795456587562,3,0.4238971691011102,2,2.185,2.28,1.9,0.3799999999999999,0.1645448267190433,138.75,150.0,135.0,15.0,6.49519052838329,9.75,12.0,9.0,3.0,1.299038105676658,5.25,6.0,5.0,1.0,0.4330127018922193,8.203551000000001,10.437504,7.4589,2.9786040000000007,1.2897733659069723,8.5,10.0,8.0,2.0,0.8660254037844386,0,0,1,0,1
HgRu3,L12,111,-0.4324333802569242,3,0.2344347797006776,2,2.125,2.2,1.9,0.30000000000000027,0.1299038105676659,135.0,150.0,130.0,20.0,8.660254037844387,9.0,12.0,8.0,4.0,1.7320508075688772,5.25,6.0,5.0,1.0,0.4330127018922193,8.129750999999999,10.437504,7.3605,3.0770040000000005,1.3323818157731666,7.75,10.0,7.0,3.0,1.299038105676658,0,0,1,0,1
HgSc3,L12,111,-1.1866740283576007,2,0.0161681878998933,2,1.495,1.9,1.36,0.5399999999999998,0.23382685902179834,157.5,160.0,150.0,10.0,4.330127018922194,5.25,12.0,3.0,9.0,3.897114317029974,4.5,6.0,4.0,2.0,0.8660254037844386,7.5304935,10.437504,6.56149,3.8760140000000005,1.6783632947120688,3.25,10.0,1.0,9.0,3.897114317029974,0,0,1,0,1
HgSn3,L12,111,0.6001172747428711,4,0.5562576939992141,2,1.9449999999999998,1.96,1.9,0.06000000000000005,0.025980762113533184,146.25,150.0,145.0,5.0,2.165063509461097,13.5,14.0,12.0,2.0,0.8660254037844386,5.25,6.0,5.0,1.0,0.4330127018922193,8.117314499999999,10.437504,7.343918,3.093586,1.3395620323959434,10.0,10.0,10.0,0.0,0.0,0,0,1,0,1
HgTa3,L12,111,-1.0718248452567138,2,0.0161247856995032,2,1.6,1.9,1.5,0.3999999999999999,0.1732050807568877,146.25,150.0,145.0,5.0,2.165063509461097,6.75,12.0,5.0,7.0,3.031088913245535,6.0,6.0,6.0,0.0,0.0,8.271554250000001,10.437504,7.549571,2.8879330000000003,1.2505116712137028,4.75,10.0,3.0,7.0,3.031088913245535,0,0,1,0,1
HgTc3,L12,111,-0.5585816822594722,2,0.3011511063996295,2,2.0500000000000003,2.1,1.9,0.20000000000000018,0.08660254037844395,138.75,150.0,135.0,15.0,6.49519052838329,8.25,12.0,7.0,5.0,2.165063509461097,5.25,6.0,5.0,1.0,0.4330127018922193,7.948911,10.437504,7.11938,3.318124000000001,1.4367898384534188,6.25,10.0,5.0,5.0,2.165063509461097,0,0,1,0,1
HgTi3,L12,111,-1.1292660357566715,3,1.9322443132004992,2,1.63,1.9,1.54,0.3599999999999999,0.1558845726811989,142.5,150.0,140.0,10.0,4.330127018922194,6.0,12.0,4.0,8.0,3.4641016151377544,4.5,6.0,4.0,2.0,0.8660254037844386,7.730466000000001,10.437504,6.82812,3.6093840000000004,1.5629091180065462,4.0,10.0,2.0,8.0,3.4641016151377544,0,0,1,0,1
HgTl3,L12,111,0.7026299047402347,5,0.1987709956993057,2,1.8250000000000002,1.9,1.8,0.09999999999999987,0.04330127018922188,180.0,190.0,150.0,40.0,17.320508075688775,12.75,13.0,12.0,1.0,0.4330127018922193,6.0,6.0,6.0,0.0,0.0,7.190591475,10.437504,6.1082873,4.329216700000001,1.8746058203439178,10.0,10.0,10.0,0.0,0.0,0,0,1,0,1
HgV3,L12,111,-1.0455620502570753,2,0.0594668058984098,2,1.6974999999999998,1.9,1.63,0.27,0.11691342951089922,138.75,150.0,135.0,15.0,6.49519052838329,6.75,12.0,5.0,7.0,3.031088913245535,4.5,6.0,4.0,2.0,0.8660254037844386,7.66901625,10.437504,6.746187,3.6913170000000006,1.5983871477106817,4.75,10.0,3.0,7.0,3.031088913245535,0,0,1,0,1
HgW3,L12,111,-1.0320309174594229,3,2.221859561501333,2,1.75,1.9,1.7,0.19999999999999996,0.08660254037844385,138.75,150.0,135.0,15.0,6.49519052838329,7.5,12.0,6.0,6.0,2.598076211353316,6.0,6.0,6.0,0.0,0.0,8.5073985,10.437504,7.86403,2.573474000000001,1.1143469299893776,5.5,10.0,4.0,6.0,2.598076211353316,0,0,1,0,1
HgY3,L12,111,-1.1136935050571708,2,0.0389714637003635,2,1.3900000000000001,1.9,1.22,0.6799999999999999,0.2944486372867091,172.5,180.0,150.0,30.0,12.99038105676658,5.25,12.0,3.0,9.0,3.897114317029974,5.25,6.0,5.0,1.0,0.4330127018922193,7.272321,10.437504,6.21726,4.220244000000001,1.8274192570844277,3.25,10.0,1.0,9.0,3.897114317029974,0,0,1,0,1
HgZn3,L12,111,0.4417749122449379,3,0.666586794097384,2,1.7125,1.9,1.65,0.25,0.10825317547305482,138.75,150.0,135.0,15.0,6.49519052838329,12.0,12.0,12.0,0.0,0.0,4.5,6.0,4.0,2.0,0.8660254037844386,9.655023750000002,10.437504,9.394197,1.0433070000000004,0.45176518297306584,10.0,10.0,10.0,0.0,0.0,0,0,1,0,1
HgZr3,L12,111,-1.0851435931571984,2,0.0461631602993293,2,1.4725000000000001,1.9,1.33,0.5699999999999998,0.24681724007856495,153.75,155.0,150.0,5.0,2.165063509461097,6.0,12.0,4.0,8.0,3.4641016151377544,5.25,6.0,5.0,1.0,0.4330127018922193,7.5849705,10.437504,6.634126,3.8033780000000004,1.6469109840974254,4.0,10.0,2.0,8.0,3.4641016151377544,0,0,1,0,1
In3Ir,L12,111,-0.19088608906074,5,1.2081250344017462,2,1.885,2.2,1.78,0.42000000000000015,0.1818653347947322,150.0,155.0,135.0,20.0,8.660254037844387,12.0,13.0,9.0,4.0,1.7320508075688772,5.25,6.0,5.0,1.0,0.4330127018922193,6.58152185,8.96702,5.7863558,3.1806642,1.377267999053854,9.25,10.0,7.0,3.0,1.299038105676658,0,0,1,0,1
In3La,L12,111,0.1284522899450451,5,0.6469190861971583,2,1.6099999999999999,1.78,1.1,0.6799999999999999,0.2944486372867091,165.0,195.0,155.0,40.0,17.320508075688775,10.5,13.0,3.0,10.0,4.330127018922194,5.25,6.0,5.0,1.0,0.4330127018922193,5.733991850000001,5.7863558,5.5769,0.20945579999999975,0.0906970218849962,7.75,10.0,1.0,9.0,3.897114317029974,0,0,1,0,1
In3Mn,L12,111,0.3228660628419959,2,0.5736686259006092,2,1.7225,1.78,1.55,0.22999999999999998,0.09959292143521044,151.25,155.0,140.0,15.0,6.49519052838329,11.5,13.0,7.0,6.0,2.598076211353316,4.75,5.0,4.0,1.0,0.4330127018922193,6.19827635,7.434038,5.7863558,1.6476822000000002,0.7134673212817162,8.75,10.0,5.0,5.0,2.165063509461097,0,0,1,0,1
In3Mo,L12,111,-0.1961359813567185,5,1.3494644997008436,2,1.875,2.16,1.78,0.3800000000000001,0.16454482671904339,152.5,155.0,145.0,10.0,4.330127018922194,11.25,13.0,6.0,7.0,3.031088913245535,5.0,5.0,5.0,0.0,0.0,6.11287435,7.09243,5.7863558,1.3060742000000003,0.5655467182137189,8.75,10.0,5.0,5.0,2.165063509461097,0,0,1,0,1
In3Nb,L12,111,-0.1775018977595834,4,1.4324808535020566,2,1.7349999999999999,1.78,1.6,0.17999999999999994,0.07794228634059945,152.5,155.0,145.0,10.0,4.330127018922194,11.0,13.0,5.0,8.0,3.4641016151377544,5.0,5.0,5.0,0.0,0.0,6.02947935,6.75885,5.7863558,0.9724941999999999,0.4211023411165123,8.5,10.0,4.0,6.0,2.598076211353316,0,0,1,0,1
In3Ni,L12,111,0.205453431340203,2,0.6077593197005626,2,1.8125,1.91,1.78,0.1299999999999999,0.056291651245988464,150.0,155.0,135.0,20.0,8.660254037844387,12.25,13.0,10.0,3.0,1.299038105676658,4.75,5.0,4.0,1.0,0.4330127018922193,6.24973635,7.639878,5.7863558,1.8535222000000005,0.8025986558392108,9.5,10.0,8.0,2.0,0.8660254037844386,0,0,1,0,1
In3Os,L12,111,-0.4251898458596486,2,1.205608661599399,2,1.885,2.2,1.78,0.42000000000000015,0.1818653347947322,148.75,155.0,130.0,25.0,10.825317547305483,11.75,13.0,8.0,5.0,2.165063509461097,5.25,6.0,5.0,1.0,0.4330127018922193,6.44932435,8.43823,5.7863558,2.651874200000001,1.1482952124202679,9.0,10.0,6.0,4.0,1.7320508075688772,0,0,1,0,1
In3Pb,L12,111,0.7593290408413225,8,0.166675032400235,2,1.785,1.8,1.78,0.020000000000000018,0.008660254037844395,161.25,180.0,155.0,25.0,10.825317547305483,13.25,14.0,13.0,1.0,0.4330127018922193,5.25,6.0,5.0,1.0,0.4330127018922193,6.193936825,7.4166799,5.7863558,1.6303241000000002,0.7059510435010009,10.0,10.0,10.0,0.0,0.0,0,0,1,0,1
In3Pd,L12,111,0.530727429443715,8,0.4715151861018967,2,1.885,2.2,1.78,0.42000000000000015,0.1818653347947322,151.25,155.0,140.0,15.0,6.49519052838329,12.25,13.0,10.0,3.0,1.299038105676658,5.0,5.0,5.0,0.0,0.0,6.4239766,8.336839,5.7863558,2.5504831999999995,1.1043916215627134,10.0,10.0,10.0,0.0,0.0,0,0,1,0,1
In3Pt,L12,111,0.01643295474517,4,0.9464258085972688,2,1.885,2.2,1.78,0.42000000000000015,0.1818653347947322,150.0,155.0,135.0,20.0,8.660254037844387,12.25,13.0,10.0,3.0,1.299038105676658,5.25,6.0,5.0,1.0,0.4330127018922193,6.57947435,8.95883,5.7863558,3.172474200000001,1.3737216250253574,9.75,10.0,9.0,1.0,0.4330127018922193,0,0,1,0,1
In3Re,L12,111,-0.4833269675609415,3,1.50657541090186,2,1.81,1.9,1.78,0.11999999999999988,0.05196152422706627,150.0,155.0,135.0,20.0,8.660254037844387,11.5,13.0,7.0,6.0,2.598076211353316,5.25,6.0,5.0,1.0,0.4330127018922193,6.29814685,7.83352,5.7863558,2.0471642,0.8864481014590236,8.75,10.0,5.0,5.0,2.165063509461097,0,0,1,0,1
In3Rh,L12,111,0.1841292303443253,6,0.804497897199326,2,1.9049999999999998,2.28,1.78,0.4999999999999998,0.21650635094610957,150.0,155.0,135.0,20.0,8.660254037844387,12.0,13.0,9.0,4.0,1.7320508075688772,5.0,5.0,5.0,0.0,0.0,6.20449185,7.4589,5.7863558,1.6725442,0.7242328830761604,9.5,10.0,8.0,2.0,0.8660254037844386,0,0,1,0,1
In3Ru,L12,111,-0.0759111894576278,2,0.8866912427984062,2,1.885,2.2,1.78,0.42000000000000015,0.1818653347947322,148.75,155.0,130.0,25.0,10.825317547305483,11.75,13.0,8.0,5.0,2.165063509461097,5.0,5.0,5.0,0.0,0.0,6.179891850000001,7.3605,5.7863558,1.5741442,0.6816244332099661,9.25,10.0,7.0,3.0,1.299038105676658,0,0,1,0,1
In3Sc,L12,111,0.250460107840837,7,0.8877716706992942,2,1.675,1.78,1.36,0.41999999999999993,0.1818653347947321,156.25,160.0,155.0,5.0,2.165063509461097,10.5,13.0,3.0,10.0,4.330127018922194,4.75,5.0,4.0,1.0,0.4330127018922193,5.98013935,6.56149,5.7863558,0.7751342000000001,0.33564295427106394,7.75,10.0,1.0,9.0,3.897114317029974,0,0,1,0,1
In3Sn,L12,111,0.5244443209421945,6,0.3655011312002898,2,1.825,1.96,1.78,0.17999999999999994,0.07794228634059945,152.5,155.0,145.0,10.0,4.330127018922194,13.25,14.0,13.0,1.0,0.4330127018922193,5.0,5.0,5.0,0.0,0.0,6.175746350000001,7.343918,5.7863558,1.5575622000000005,0.6744442165871894,10.0,10.0,10.0,0.0,0.0,0,0,1,0,1
In3Ta,L12,111,-0.4106174695579909,4,1.744939106200036,2,1.71,1.78,1.5,0.28,0.12124355652982143,152.5,155.0,145.0,10.0,4.330127018922194,11.0,13.0,5.0,8.0,3.4641016151377544,5.25,6.0,5.0,1.0,0.4330127018922193,6.2271596,7.549571,5.7863558,1.7632152000000003,0.76349457776943,8.25,10.0,3.0,7.0,3.031088913245535,0,0,1,0,1
In3Tc,L12,111,-0.1724680638571669,5,1.2488036041977466,2,1.8599999999999999,2.1,1.78,0.32000000000000006,0.1385640646055102,150.0,155.0,135.0,20.0,8.660254037844387,11.5,13.0,7.0,6.0,2.598076211353316,5.0,5.0,5.0,0.0,0.0,6.11961185,7.11938,5.7863558,1.3330241999999997,0.577216410529714,8.75,10.0,5.0,5.0,2.165063509461097,0,0,1,0,1
In3Ti,L12,111,0.1026631090435614,5,1.1492160617999616,2,1.72,1.78,1.54,0.24,0.10392304845413264,151.25,155.0,140.0,15.0,6.49519052838329,10.75,13.0,4.0,9.0,3.897114317029974,4.75,5.0,4.0,1.0,0.4330127018922193,6.04679685,6.82812,5.7863558,1.0417642000000003,0.45109713097658644,8.0,10.0,2.0,8.0,3.4641016151377544,0,0,1,0,1
In3Tl,L12,111,0.6774235917410181,7,0.5675459285012039,2,1.785,1.8,1.78,0.020000000000000018,0.008660254037844395,163.75,190.0,155.0,35.0,15.155444566227676,13.0,13.0,13.0,0.0,0.0,5.25,6.0,5.0,1.0,0.4330127018922193,5.866838675,6.1082873,5.7863558,0.3219314999999998,0.13940042863921492,10.0,10.0,10.0,0.0,0.0,0,0,1,0,1
In3V,L12,111,-0.0649473146577008,3,0.8957635180995567,2,1.7425,1.78,1.63,0.15000000000000013,0.06495190528383295,150.0,155.0,135.0,20.0,8.660254037844387,11.0,13.0,5.0,8.0,3.4641016151377544,4.75,5.0,4.0,1.0,0.4330127018922193,6.0263136,6.746187,5.7863558,0.9598312,0.41561910127245116,8.25,10.0,3.0,7.0,3.031088913245535,0,0,1,0,1
In3W,L12,111,-0.4820219095590516,4,1.6976519796990033,2,1.76,1.78,1.7,0.08000000000000007,0.03464101615137758,150.0,155.0,135.0,20.0,8.660254037844387,11.25,13.0,6.0,7.0,3.031088913245535,5.25,6.0,5.0,1.0,0.4330127018922193,6.30577435,7.86403,5.7863558,2.0776741999999997,0.8996593189937552,8.5,10.0,4.0,6.0,2.598076211353316,0,0,1,0,1
In3Y,L12,111,0.1816276878426208,7,0.9096852703005424,2,1.64,1.78,1.22,0.56,0.24248711305964285,161.25,180.0,155.0,25.0,10.825317547305483,10.5,13.0,3.0,10.0,4.330127018922194,5.0,5.0,5.0,0.0,0.0,5.89408185,6.21726,5.7863558,0.4309041999999996,0.1865869918987051,7.75,10.0,1.0,9.0,3.897114317029974,0,0,1,0,1
In3Zn,L12,111,0.5155840222442123,7,0.4098457547006546,2,1.7475,1.78,1.65,0.13000000000000012,0.05629165124598856,150.0,155.0,135.0,20.0,8.660254037844387,12.75,13.0,12.0,1.0,0.4330127018922193,4.75,5.0,4.0,1.0,0.4330127018922193,6.6883161,9.394197,5.7863558,3.6078412,1.5622410660100667,10.0,10.0,10.0,0.0,0.0,0,0,1,0,1
In3Zr,L12,111,0.1153042934393226,5,1.1607445728004675,2,1.6675,1.78,1.33,0.44999999999999996,0.1948557158514987,155.0,155.0,155.0,0.0,0.0,10.75,13.0,4.0,9.0,3.897114317029974,5.0,5.0,5.0,0.0,0.0,5.998298350000001,6.634126,5.7863558,0.8477702000000003,0.36709526488570726,8.0,10.0,2.0,8.0,3.4641016151377544,0,0,1,0,1
InIr3,L12,111,-0.4110567973575314,4,0.1628070703009143,2,2.095,2.2,1.78,0.42000000000000015,0.1818653347947322,140.0,155.0,135.0,20.0,8.660254037844387,10.0,13.0,9.0,4.0,1.7320508075688772,5.75,6.0,5.0,1.0,0.4330127018922193,8.171853950000001,8.96702,5.7863558,3.1806642,1.377267999053854,7.75,10.0,7.0,3.0,1.299038105676658,0,0,1,0,1
InLa3,L12,111,-0.7335825818581441,4,1.2414083664007194,2,1.27,1.78,1.1,0.6799999999999999,0.2944486372867091,185.0,195.0,155.0,40.0,17.320508075688775,5.5,13.0,3.0,10.0,4.330127018922194,5.75,6.0,5.0,1.0,0.4330127018922193,5.6292639499999995,5.7863558,5.5769,0.20945579999999975,0.0906970218849962,3.25,10.0,1.0,9.0,3.897114317029974,0,0,1,0,1
InMo3,L12,111,-0.8618099696568322,2,0.2451827320983284,2,2.065,2.16,1.78,0.3800000000000001,0.16454482671904339,147.5,155.0,145.0,10.0,4.330127018922194,7.75,13.0,6.0,7.0,3.031088913245535,5.0,5.0,5.0,0.0,0.0,6.76591145,7.09243,5.7863558,1.3060742000000003,0.5655467182137189,6.25,10.0,5.0,5.0,2.165063509461097,0,0,1,0,1
InNb3,L12,111,-1.0141778006609172,2,0.0016386695024266,2,1.6450000000000002,1.78,1.6,0.17999999999999994,0.07794228634059945,147.5,155.0,145.0,10.0,4.330127018922194,7.0,13.0,5.0,8.0,3.4641016151377544,5.0,5.0,5.0,0.0,0.0,6.51572645,6.75885,5.7863558,0.9724941999999999,0.4211023411165123,5.5,10.0,4.0,6.0,2.598076211353316,0,0,1,0,1
InNi3,L12,111,-0.5471882758565414,3,1.6511311256981571,2,1.8775,1.91,1.78,0.1299999999999999,0.056291651245988464,140.0,155.0,135.0,20.0,8.660254037844387,10.75,13.0,10.0,3.0,1.299038105676658,4.25,5.0,4.0,1.0,0.4330127018922193,7.17649745,7.639878,5.7863558,1.8535222000000005,0.8025986558392108,8.5,10.0,8.0,2.0,0.8660254037844386,0,0,1,0,1
InOs3,L12,111,-0.4874290836587249,3,0.2229579702980118,2,2.095,2.2,1.78,0.42000000000000015,0.1818653347947322,136.25,155.0,130.0,25.0,10.825317547305483,9.25,13.0,8.0,5.0,2.165063509461097,5.75,6.0,5.0,1.0,0.4330127018922193,7.77526145,8.43823,5.7863558,2.651874200000001,1.1482952124202679,7.0,10.0,6.0,4.0,1.7320508075688772,0,0,1,0,1
InPb3,L12,111,0.7328836574424997,5,0.1334646268005599,2,1.7950000000000002,1.8,1.78,0.020000000000000018,0.008660254037844395,173.75,180.0,155.0,25.0,10.825317547305483,13.75,14.0,13.0,1.0,0.4330127018922193,5.75,6.0,5.0,1.0,0.4330127018922193,7.009098875,7.4166799,5.7863558,1.6303241000000002,0.7059510435010009,10.0,10.0,10.0,0.0,0.0,0,0,1,0,1
InPd3,L12,111,-0.2625199209569189,3,1.4572377705007966,2,2.095,2.2,1.78,0.42000000000000015,0.1818653347947322,143.75,155.0,140.0,15.0,6.49519052838329,10.75,13.0,10.0,3.0,1.299038105676658,5.0,5.0,5.0,0.0,0.0,7.6992182,8.336839,5.7863558,2.5504831999999995,1.1043916215627134,10.0,10.0,10.0,0.0,0.0,0,0,1,0,1
InPt3,L12,111,-0.3557186386596811,3,0.1472255597000185,2,2.095,2.2,1.78,0.42000000000000015,0.1818653347947322,140.0,155.0,135.0,20.0,8.660254037844387,10.75,13.0,10.0,3.0,1.299038105676658,5.75,6.0,5.0,1.0,0.4330127018922193,8.165711450000002,8.95883,5.7863558,3.172474200000001,1.3737216250253574,9.25,10.0,9.0,1.0,0.4330127018922193,0,0,1,0,1
InRe3,L12,111,-0.5746485078588819,1,0.0,2,1.8699999999999999,1.9,1.78,0.11999999999999988,0.05196152422706627,140.0,155.0,135.0,20.0,8.660254037844387,8.5,13.0,7.0,6.0,2.598076211353316,5.75,6.0,5.0,1.0,0.4330127018922193,7.32172895,7.83352,5.7863558,2.0471642,0.8864481014590236,6.25,10.0,5.0,5.0,2.165063509461097,0,0,1,0,1
InRh3,L12,111,-0.4134156161553335,3,0.3160844416997861,2,2.155,2.28,1.78,0.4999999999999998,0.21650635094610957,140.0,155.0,135.0,20.0,8.660254037844387,10.0,13.0,9.0,4.0,1.7320508075688772,5.0,5.0,5.0,0.0,0.0,7.04076395,7.4589,5.7863558,1.6725442,0.7242328830761604,8.5,10.0,8.0,2.0,0.8660254037844386,0,0,1,0,1
InRu3,L12,111,-0.4733142667600702,3,0.2602001506020315,2,2.095,2.2,1.78,0.42000000000000015,0.1818653347947322,136.25,155.0,130.0,25.0,10.825317547305483,9.25,13.0,8.0,5.0,2.165063509461097,5.0,5.0,5.0,0.0,0.0,6.966963949999999,7.3605,5.7863558,1.5741442,0.6816244332099661,7.75,10.0,7.0,3.0,1.299038105676658,0,0,1,0,1
InSc3,L12,111,-1.1649932221580173,2,0.0057626908019301,2,1.465,1.78,1.36,0.41999999999999993,0.1818653347947321,158.75,160.0,155.0,5.0,2.165063509461097,5.5,13.0,3.0,10.0,4.330127018922194,4.25,5.0,4.0,1.0,0.4330127018922193,6.36770645,6.56149,5.7863558,0.7751342000000001,0.33564295427106394,3.25,10.0,1.0,9.0,3.897114317029974,0,0,1,0,1
InSn3,L12,111,0.5849059751426751,3,0.2608242435999273,2,1.915,1.96,1.78,0.17999999999999994,0.07794228634059945,147.5,155.0,145.0,10.0,4.330127018922194,13.75,14.0,13.0,1.0,0.4330127018922193,5.0,5.0,5.0,0.0,0.0,6.95452745,7.343918,5.7863558,1.5575622000000005,0.6744442165871894,10.0,10.0,10.0,0.0,0.0,0,0,1,0,1
InTa3,L12,111,-1.0621582732592003,2,0.0661093767994316,2,1.57,1.78,1.5,0.28,0.12124355652982143,147.5,155.0,145.0,10.0,4.330127018922194,7.0,13.0,5.0,8.0,3.4641016151377544,5.75,6.0,5.0,1.0,0.4330127018922193,7.1087672,7.549571,5.7863558,1.7632152000000003,0.76349457776943,4.75,10.0,3.0,7.0,3.031088913245535,0,0,1,0,1
InTc3,L12,111,-0.5714972935556659,2,0.3136895677998836,2,2.02,2.1,1.78,0.32000000000000006,0.1385640646055102,140.0,155.0,135.0,20.0,8.660254037844387,8.5,13.0,7.0,6.0,2.598076211353316,5.0,5.0,5.0,0.0,0.0,6.7861239499999995,7.11938,5.7863558,1.3330241999999997,0.577216410529714,6.25,10.0,5.0,5.0,2.165063509461097,0,0,1,0,1
InTi3,L12,111,-1.1078865956578454,2,0.0061904536996735,2,1.6,1.78,1.54,0.24,0.10392304845413264,143.75,155.0,140.0,15.0,6.49519052838329,6.25,13.0,4.0,9.0,3.897114317029974,4.25,5.0,4.0,1.0,0.4330127018922193,6.56767895,6.82812,5.7863558,1.0417642000000003,0.45109713097658644,4.0,10.0,2.0,8.0,3.4641016151377544,0,0,1,0,1
InTl3,L12,111,0.6974265439430667,3,0.2519029914983548,2,1.7950000000000002,1.8,1.78,0.020000000000000018,0.008660254037844395,181.25,190.0,155.0,35.0,15.155444566227676,13.0,13.0,13.0,0.0,0.0,5.75,6.0,5.0,1.0,0.4330127018922193,6.027804424999999,6.1082873,5.7863558,0.3219314999999998,0.13940042863921492,10.0,10.0,10.0,0.0,0.0,0,0,1,0,1
InV3,L12,111,-0.9724932259586864,3,2.1340003976984008,2,1.6675,1.78,1.63,0.15000000000000013,0.06495190528383295,140.0,155.0,135.0,20.0,8.660254037844387,7.0,13.0,5.0,8.0,3.4641016151377544,4.25,5.0,4.0,1.0,0.4330127018922193,6.5062292,6.746187,5.7863558,0.9598312,0.41561910127245116,4.75,10.0,3.0,7.0,3.031088913245535,0,0,1,0,1
InW3,L12,111,-0.9655457514554372,2,0.381871363697428,2,1.72,1.78,1.7,0.08000000000000007,0.03464101615137758,140.0,155.0,135.0,20.0,8.660254037844387,7.75,13.0,6.0,7.0,3.031088913245535,5.75,6.0,5.0,1.0,0.4330127018922193,7.3446114499999995,7.86403,5.7863558,2.0776741999999997,0.8996593189937552,5.5,10.0,4.0,6.0,2.598076211353316,0,0,1,0,1
InY3,L12,111,-1.1210083331597789,3,1.7191657079019933,2,1.36,1.78,1.22,0.56,0.24248711305964285,173.75,180.0,155.0,25.0,10.825317547305483,5.5,13.0,3.0,10.0,4.330127018922194,5.0,5.0,5.0,0.0,0.0,6.109533949999999,6.21726,5.7863558,0.4309041999999996,0.1865869918987051,3.25,10.0,1.0,9.0,3.897114317029974,0,0,1,0,1
InZn3,L12,111,0.4803889544428159,7,0.1378779050937737,2,1.6824999999999999,1.78,1.65,0.13000000000000012,0.05629165124598856,140.0,155.0,135.0,20.0,8.660254037844387,12.25,13.0,12.0,1.0,0.4330127018922193,4.25,5.0,4.0,1.0,0.4330127018922193,8.492236700000001,9.394197,5.7863558,3.6078412,1.562241066010067,10.0,10.0,10.0,0.0,0.0,0,0,1,0,1
InZr3,L12,111,-1.091705890458769,2,0.062794213899906,2,1.4425000000000001,1.78,1.33,0.44999999999999996,0.1948557158514987,155.0,155.0,155.0,0.0,0.0,6.25,13.0,4.0,9.0,3.897114317029974,5.0,5.0,5.0,0.0,0.0,6.4221834499999995,6.634126,5.7863558,0.8477702000000003,0.36709526488570726,4.0,10.0,2.0,8.0,3.4641016151377544,0,0,1,0,1
Ir3La,L12,111,-0.5874529606580552,7,2.066153029900306,2,1.9250000000000003,2.2,1.1,1.1,0.47631397208144133,150.0,195.0,135.0,60.0,25.98076211353316,7.5,9.0,3.0,6.0,2.598076211353316,6.0,6.0,6.0,0.0,0.0,8.11949,8.96702,5.5769,3.3901199999999996,1.4679650209388502,5.5,7.0,1.0,6.0,2.598076211353316,0,0,1,0,1
Ir3Mn,L12,111,-0.3018482620563816,6,0.7601649744974566,2,2.0375,2.2,1.55,0.6500000000000001,0.28145825622994264,136.25,140.0,135.0,5.0,2.165063509461097,8.5,9.0,7.0,2.0,0.8660254037844386,5.5,6.0,4.0,2.0,0.8660254037844386,8.5837745,8.96702,7.434038,1.5329819999999996,0.663800677772138,6.5,7.0,5.0,2.0,0.8660254037844386,0,0,1,0,1
Ir3Mo,L12,111,-0.3286034469556114,6,0.5974010342979454,2,2.1900000000000004,2.2,2.16,0.040000000000000036,0.01732050807568879,137.5,145.0,135.0,10.0,4.330127018922194,8.25,9.0,6.0,3.0,1.299038105676658,5.75,6.0,5.0,1.0,0.4330127018922193,8.4983725,8.96702,7.09243,1.8745899999999995,0.8117212808401353,6.5,7.0,5.0,2.0,0.8660254037844386,0,0,1,0,1
Ir3Nb,L12,111,-0.4701523039575193,6,1.0565189861008548,2,2.0500000000000003,2.2,1.6,0.6000000000000001,0.2598076211353316,137.5,145.0,135.0,10.0,4.330127018922194,8.0,9.0,5.0,4.0,1.7320508075688772,5.75,6.0,5.0,1.0,0.4330127018922193,8.4149775,8.96702,6.75885,2.20817,0.956165657937342,6.25,7.0,4.0,3.0,1.299038105676658,0,0,1,0,1
Ir3Ni,L12,111,-0.2619860336626232,5,0.4768756925986963,2,2.1275,2.2,1.91,0.29000000000000026,0.1255736835487437,135.0,135.0,135.0,0.0,0.0,9.25,10.0,9.0,1.0,0.4330127018922193,5.5,6.0,4.0,2.0,0.8660254037844386,8.635234500000001,8.96702,7.639878,1.3271419999999994,0.5746693432146435,7.25,8.0,7.0,1.0,0.4330127018922193,0,0,1,0,1
Ir3Os,L12,111,-0.3043910297592163,8,0.3093154738999146,2,2.2,2.2,2.2,0.0,0.0,133.75,135.0,130.0,5.0,2.165063509461097,8.75,9.0,8.0,1.0,0.4330127018922193,6.0,6.0,6.0,0.0,0.0,8.834822500000001,8.96702,8.43823,0.528789999999999,0.22897278663358622,6.75,7.0,6.0,1.0,0.4330127018922193,0,0,1,0,1
Ir3Pb,L12,111,-0.4035197882576256,3,0.1475923691978096,2,2.1,2.2,1.8,0.40000000000000013,0.17320508075688779,146.25,180.0,135.0,45.0,19.48557158514987,10.25,14.0,9.0,5.0,2.165063509461097,6.0,6.0,6.0,0.0,0.0,8.579434975,8.96702,7.4166799,1.5503400999999997,0.6713169555528533,7.75,10.0,7.0,3.0,1.299038105676658,0,0,1,0,1
Ir3Pd,L12,111,-0.3379501492590577,4,0.518275772301422,2,2.2,2.2,2.2,0.0,0.0,136.25,140.0,135.0,5.0,2.165063509461097,9.25,10.0,9.0,1.0,0.4330127018922193,5.75,6.0,5.0,1.0,0.4330127018922193,8.80947475,8.96702,8.336839,0.6301810000000003,0.2728763774911408,7.75,10.0,7.0,3.0,1.299038105676658,0,0,1,0,1
Ir3Pt,L12,111,-0.3562847715574833,8,0.2542599054977472,2,2.2,2.2,2.2,0.0,0.0,135.0,135.0,135.0,0.0,0.0,9.25,10.0,9.0,1.0,0.4330127018922193,6.0,6.0,6.0,0.0,0.0,8.9649725,8.96702,8.95883,0.008189999999999031,0.003546374028496857,7.5,9.0,7.0,2.0,0.8660254037844386,0,0,1,0,1
Ir3Re,L12,111,-0.2139084164582243,7,0.2674318480021611,2,2.125,2.2,1.9,0.30000000000000027,0.1299038105676659,135.0,135.0,135.0,0.0,0.0,8.5,9.0,7.0,2.0,0.8660254037844386,6.0,6.0,6.0,0.0,0.0,8.683645,8.96702,7.83352,1.1334999999999997,0.49081989759483047,6.5,7.0,5.0,2.0,0.8660254037844386,0,0,1,0,1
Ir3Rh,L12,111,-0.3174543988561424,8,0.3131849327000964,2,2.22,2.28,2.2,0.07999999999999963,0.034641016151377386,135.0,135.0,135.0,0.0,0.0,9.0,9.0,9.0,0.0,0.0,5.75,6.0,5.0,1.0,0.4330127018922193,8.58999,8.96702,7.4589,1.50812,0.6530351159776937,7.25,8.0,7.0,1.0,0.4330127018922193,0,0,1,0,1
Ir3Ru,L12,111,-0.2530911765597636,4,0.2685597597992455,2,2.2,2.2,2.2,0.0,0.0,133.75,135.0,130.0,5.0,2.165063509461097,8.75,9.0,8.0,1.0,0.4330127018922193,5.75,6.0,5.0,1.0,0.4330127018922193,8.56539,8.96702,7.3605,1.6065199999999997,0.6956435658438881,7.0,7.0,7.0,0.0,0.0,0,0,1,0,1
Ir3Sc,L12,111,-0.5486239484589248,4,0.2142782191986043,2,1.9900000000000002,2.2,1.36,0.8400000000000001,0.36373066958946426,141.25,160.0,135.0,25.0,10.825317547305483,7.5,9.0,3.0,6.0,2.598076211353316,5.5,6.0,4.0,2.0,0.8660254037844386,8.3656375,8.96702,6.56149,2.4055299999999997,1.0416250447827904,5.5,7.0,1.0,6.0,2.598076211353316,0,0,1,0,1
Ir3Sn,L12,111,-0.3897569505561193,3,0.1442551650980021,2,2.14,2.2,1.96,0.2400000000000002,0.10392304845413274,137.5,145.0,135.0,10.0,4.330127018922194,10.25,14.0,9.0,5.0,2.165063509461097,5.75,6.0,5.0,1.0,0.4330127018922193,8.5612445,8.96702,7.343918,1.6231019999999994,0.7028237824666648,7.75,10.0,7.0,3.0,1.299038105676658,0,0,1,0,1
Ir3Ta,L12,111,-0.4661780812557197,6,0.9625782139992224,2,2.0250000000000004,2.2,1.5,0.7000000000000002,0.3031088913245536,137.5,145.0,135.0,10.0,4.330127018922194,8.0,9.0,5.0,4.0,1.7320508075688772,6.0,6.0,6.0,0.0,0.0,8.61265775,8.96702,7.549571,1.4174489999999995,0.6137734212844241,6.0,7.0,3.0,4.0,1.7320508075688772,0,0,1,0,1
Ir3Tc,L12,111,-0.2367538698590294,6,0.3157350475994462,2,2.1750000000000003,2.2,2.1,0.10000000000000009,0.043301270189221974,135.0,135.0,135.0,0.0,0.0,8.5,9.0,7.0,2.0,0.8660254037844386,5.75,6.0,5.0,1.0,0.4330127018922193,8.50511,8.96702,7.11938,1.8476400000000002,0.8000515885241402,6.5,7.0,5.0,2.0,0.8660254037844386,0,0,1,0,1
Ir3Ti,L12,111,-0.5300880979584406,6,1.3931346890021814,2,2.035,2.2,1.54,0.6600000000000001,0.2857883832488648,136.25,140.0,135.0,5.0,2.165063509461097,7.75,9.0,4.0,5.0,2.165063509461097,5.5,6.0,4.0,2.0,0.8660254037844386,8.432295,8.96702,6.82812,2.1388999999999996,0.9261708680772677,5.75,7.0,2.0,5.0,2.165063509461097,0,0,1,0,1
Ir3Tl,L12,111,-0.4104955625579976,3,0.1815008826997655,2,2.1,2.2,1.8,0.40000000000000013,0.17320508075688779,148.75,190.0,135.0,55.0,23.81569860407206,10.0,13.0,9.0,4.0,1.7320508075688772,6.0,6.0,6.0,0.0,0.0,8.252336825,8.96702,6.1082873,2.8587327,1.2378675704146394,7.75,10.0,7.0,3.0,1.299038105676658,0,0,1,0,1
Ir3V,L12,111,-0.4171173167587483,6,0.9819812911991904,2,2.0575,2.2,1.63,0.5700000000000003,0.24681724007856512,135.0,135.0,135.0,0.0,0.0,8.0,9.0,5.0,4.0,1.7320508075688772,5.5,6.0,4.0,2.0,0.8660254037844386,8.41181175,8.96702,6.746187,2.220833,0.961648897781403,6.0,7.0,3.0,4.0,1.7320508075688772,0,0,1,0,1
Ir3W,L12,111,-0.2957284218600478,6,0.3498411157997907,2,2.075,2.2,1.7,0.5000000000000002,0.21650635094610976,135.0,135.0,135.0,0.0,0.0,8.25,9.0,6.0,3.0,1.299038105676658,6.0,6.0,6.0,0.0,0.0,8.6912725,8.96702,7.86403,1.1029900000000001,0.47760868006009904,6.25,7.0,4.0,3.0,1.299038105676658,0,0,1,0,1
Ir3Y,L12,111,-0.6007035439569961,7,1.8596648856000684,2,1.955,2.2,1.22,0.9800000000000002,0.42435244785437504,146.25,180.0,135.0,45.0,19.48557158514987,7.5,9.0,3.0,6.0,2.598076211353316,5.75,6.0,5.0,1.0,0.4330127018922193,8.27958,8.96702,6.21726,2.74976,1.190681007155149,5.5,7.0,1.0,6.0,2.598076211353316,0,0,1,0,1
Ir3Zn,L12,111,-0.3074910866625657,4,1.3673766651991173,2,2.0625,2.2,1.65,0.5500000000000003,0.23815698604072075,135.0,135.0,135.0,0.0,0.0,9.75,12.0,9.0,3.0,1.299038105676658,5.5,6.0,4.0,2.0,0.8660254037844386,9.07381425,9.394197,8.96702,0.42717700000000036,0.18497306695621274,7.75,10.0,7.0,3.0,1.299038105676658,0,0,1,0,1
Ir3Zr,L12,111,-0.5908406417574668,8,1.5311848421988543,2,1.9825000000000002,2.2,1.33,0.8700000000000001,0.37672105064623085,140.0,155.0,135.0,20.0,8.660254037844387,7.75,9.0,4.0,5.0,2.165063509461097,5.75,6.0,5.0,1.0,0.4330127018922193,8.3837965,8.96702,6.634126,2.3328939999999996,1.010172734168147,5.75,7.0,2.0,5.0,2.165063509461097,0,0,1,0,1
IrLa3,L12,111,-0.6590037978594125,3,0.4854426527017494,2,1.375,2.2,1.1,1.1,0.47631397208144133,180.0,195.0,135.0,60.0,25.98076211353316,4.5,9.0,3.0,6.0,2.598076211353316,6.0,6.0,6.0,0.0,0.0,6.424429999999999,8.96702,5.5769,3.3901199999999996,1.4679650209388502,2.5,7.0,1.0,6.0,2.598076211353316,0,0,1,0,1
IrMo3,L12,111,-0.8022590806567393,4,0.7322669114000746,2,2.17,2.2,2.16,0.040000000000000036,0.01732050807568879,142.5,145.0,135.0,10.0,4.330127018922194,6.75,9.0,6.0,3.0,1.299038105676658,5.25,6.0,5.0,1.0,0.4330127018922193,7.5610775,8.96702,7.09243,1.8745899999999995,0.8117212808401353,5.5,7.0,5.0,2.0,0.8660254037844386,0,0,1,0,1
IrNb3,L12,111,-1.0972035424592548,3,0.9852474736981094,2,1.7500000000000002,2.2,1.6,0.6000000000000001,0.2598076211353316,142.5,145.0,135.0,10.0,4.330127018922194,6.0,9.0,5.0,4.0,1.7320508075688772,5.25,6.0,5.0,1.0,0.4330127018922193,7.3108925,8.96702,6.75885,2.20817,0.9561656579373419,4.75,7.0,4.0,3.0,1.299038105676658,0,0,1,0,1
IrNi3,L12,111,-0.3343985194651111,4,0.058088549405511,2,1.9825,2.2,1.91,0.29000000000000026,0.1255736835487437,135.0,135.0,135.0,0.0,0.0,9.75,10.0,9.0,1.0,0.4330127018922193,4.5,6.0,4.0,2.0,0.8660254037844386,7.9716635,8.96702,7.639878,1.3271419999999994,0.5746693432146435,7.75,8.0,7.0,1.0,0.4330127018922193,0,0,1,0,1
IrOs3,L12,111,-0.2644799570580005,7,0.2095824866992188,2,2.2,2.2,2.2,0.0,0.0,131.25,135.0,130.0,5.0,2.165063509461097,8.25,9.0,8.0,1.0,0.4330127018922193,6.0,6.0,6.0,0.0,0.0,8.570427500000001,8.96702,8.43823,0.528789999999999,0.22897278663358622,6.25,7.0,6.0,1.0,0.4330127018922193,0,0,1,0,1
IrPb3,L12,111,-0.37695004885515,2,1.1491068081995763,2,1.9000000000000001,2.2,1.8,0.40000000000000013,0.17320508075688779,168.75,180.0,135.0,45.0,19.48557158514987,12.75,14.0,9.0,5.0,2.165063509461097,6.0,6.0,6.0,0.0,0.0,7.804264925,8.96702,7.4166799,1.5503400999999997,0.6713169555528533,9.25,10.0,7.0,3.0,1.299038105676658,0,0,1,0,1
IrPd3,L12,111,-0.4272943743589792,5,0.6383645073983644,2,2.2,2.2,2.2,0.0,0.0,138.75,140.0,135.0,5.0,2.165063509461097,9.75,10.0,9.0,1.0,0.4330127018922193,5.25,6.0,5.0,1.0,0.4330127018922193,8.49438425,8.96702,8.336839,0.6301810000000003,0.2728763774911408,9.25,10.0,7.0,3.0,1.299038105676658,0,0,1,0,1
IrPt3,L12,111,-0.4133130292602516,9,0.2748759302048711,2,2.2,2.2,2.2,0.0,0.0,135.0,135.0,135.0,0.0,0.0,9.75,10.0,9.0,1.0,0.4330127018922193,6.0,6.0,6.0,0.0,0.0,8.9608775,8.96702,8.95883,0.008189999999999031,0.003546374028496857,8.5,9.0,7.0,2.0,0.8660254037844386,0,0,1,0,1
IrRe3,L12,111,-0.6276868964586981,4,0.6141784852006822,2,1.9749999999999999,2.2,1.9,0.30000000000000027,0.1299038105676659,135.0,135.0,135.0,0.0,0.0,7.5,9.0,7.0,2.0,0.8660254037844386,6.0,6.0,6.0,0.0,0.0,8.116895,8.96702,7.83352,1.1334999999999997,0.49081989759483047,5.5,7.0,5.0,2.0,0.8660254037844386,0,0,1,0,1
IrRh3,L12,111,-0.239029285755322,3,0.1002529967990994,2,2.26,2.28,2.2,0.07999999999999963,0.034641016151377386,135.0,135.0,135.0,0.0,0.0,9.0,9.0,9.0,0.0,0.0,5.25,6.0,5.0,1.0,0.4330127018922193,7.835929999999999,8.96702,7.4589,1.50812,0.6530351159776937,7.75,8.0,7.0,1.0,0.4330127018922193,0,0,1,0,1
IrRu3,L12,111,-0.3956644059571488,5,0.2085665496997535,2,2.2,2.2,2.2,0.0,0.0,131.25,135.0,130.0,5.0,2.165063509461097,8.25,9.0,8.0,1.0,0.4330127018922193,5.25,6.0,5.0,1.0,0.4330127018922193,7.762129999999999,8.96702,7.3605,1.6065199999999997,0.6956435658438881,7.0,7.0,7.0,0.0,0.0,0,0,1,0,1
IrSc3,L12,111,-1.1564397317588089,2,0.0317199019991676,2,1.57,2.2,1.36,0.8400000000000001,0.36373066958946426,153.75,160.0,135.0,25.0,10.825317547305483,4.5,9.0,3.0,6.0,2.598076211353316,4.5,6.0,4.0,2.0,0.8660254037844386,7.162872500000001,8.96702,6.56149,2.4055299999999997,1.0416250447827904,2.5,7.0,1.0,6.0,2.598076211353316,0,0,1,0,1
IrSn3,L12,111,-0.1675660691571181,1,0.0,2,2.02,2.2,1.96,0.2400000000000002,0.10392304845413274,142.5,145.0,135.0,10.0,4.330127018922194,12.75,14.0,9.0,5.0,2.165063509461097,5.25,6.0,5.0,1.0,0.4330127018922193,7.749693499999999,8.96702,7.343918,1.6231019999999994,0.7028237824666648,9.25,10.0,7.0,3.0,1.299038105676658,0,0,1,0,1
IrTa3,L12,111,-1.11518346435966,3,0.3564503527995839,2,1.675,2.2,1.5,0.7000000000000002,0.3031088913245536,142.5,145.0,135.0,10.0,4.330127018922194,6.0,9.0,5.0,4.0,1.7320508075688772,6.0,6.0,6.0,0.0,0.0,7.90393325,8.96702,7.549571,1.4174489999999995,0.6137734212844241,4.0,7.0,3.0,4.0,1.7320508075688772,0,0,1,0,1
IrTc3,L12,111,-0.6508402466597261,5,0.3563730724999914,2,2.125,2.2,2.1,0.10000000000000009,0.043301270189221974,135.0,135.0,135.0,0.0,0.0,7.5,9.0,7.0,2.0,0.8660254037844386,5.25,6.0,5.0,1.0,0.4330127018922193,7.581289999999999,8.96702,7.11938,1.8476400000000002,0.8000515885241402,5.5,7.0,5.0,2.0,0.8660254037844386,0,0,1,0,1
IrTi3,L12,111,-1.058097790558321,4,0.4147375451975676,2,1.705,2.2,1.54,0.6600000000000001,0.2857883832488648,138.75,140.0,135.0,5.0,2.165063509461097,5.25,9.0,4.0,5.0,2.165063509461097,4.5,6.0,4.0,2.0,0.8660254037844386,7.362845,8.96702,6.82812,2.1388999999999996,0.9261708680772677,3.25,7.0,2.0,5.0,2.165063509461097,0,0,1,0,1
IrTl3,L12,111,1.0518623019425206,2,0.1694695055011834,2,1.9000000000000001,2.2,1.8,0.40000000000000013,0.17320508075688779,176.25,190.0,135.0,55.0,23.81569860407206,12.0,13.0,9.0,4.0,1.7320508075688772,6.0,6.0,6.0,0.0,0.0,6.822970475,8.96702,6.1082873,2.8587327,1.2378675704146391,9.25,10.0,7.0,3.0,1.299038105676658,0,0,1,0,1
IrV3,L12,111,-1.0334248206590644,2,0.0591213574007269,2,1.7725,2.2,1.63,0.5700000000000003,0.24681724007856512,135.0,135.0,135.0,0.0,0.0,6.0,9.0,5.0,4.0,1.7320508075688772,4.5,6.0,4.0,2.0,0.8660254037844386,7.301395250000001,8.96702,6.746187,2.220833,0.9616488977814031,4.0,7.0,3.0,4.0,1.7320508075688772,0,0,1,0,1
IrW3,L12,111,-0.8566636166605974,4,0.7767892253032187,2,1.825,2.2,1.7,0.5000000000000002,0.21650635094610976,135.0,135.0,135.0,0.0,0.0,6.75,9.0,6.0,3.0,1.299038105676658,6.0,6.0,6.0,0.0,0.0,8.1397775,8.96702,7.86403,1.1029900000000001,0.47760868006009904,4.75,7.0,4.0,3.0,1.299038105676658,0,0,1,0,1
IrY3,L12,111,-0.086833974956761,1,0.0,2,1.465,2.2,1.22,0.9800000000000002,0.42435244785437504,168.75,180.0,135.0,45.0,19.48557158514987,4.5,9.0,3.0,6.0,2.598076211353316,5.25,6.0,5.0,1.0,0.4330127018922193,6.9047,8.96702,6.21726,2.74976,1.190681007155149,2.5,7.0,1.0,6.0,2.598076211353316,0,0,1,0,1
IrZn3,L12,111,-0.3938884549561123,4,1.1204902284007403,2,1.7874999999999999,2.2,1.65,0.5500000000000003,0.23815698604072075,135.0,135.0,135.0,0.0,0.0,11.25,12.0,9.0,3.0,1.299038105676658,4.5,6.0,4.0,2.0,0.8660254037844386,9.28740275,9.394197,8.96702,0.42717700000000036,0.18497306695621274,9.25,10.0,7.0,3.0,1.299038105676658,0,0,1,0,1
IrZr3,L12,111,-1.0892386343575424,2,0.0661499217967502,2,1.5475,2.2,1.33,0.8700000000000001,0.37672105064623085,150.0,155.0,135.0,20.0,8.660254037844387,5.25,9.0,4.0,5.0,2.165063509461097,5.25,6.0,5.0,1.0,0.4330127018922193,7.217349499999999,8.96702,6.634126,2.3328939999999996,1.010172734168147,3.25,7.0,2.0,5.0,2.165063509461097,0,0,1,0,1
La3Mn,L12,111,-0.6969091194577857,6,0.6862949110000045,2,1.2125000000000001,1.55,1.1,0.44999999999999996,0.1948557158514987,181.25,195.0,140.0,55.0,23.81569860407206,4.0,7.0,3.0,4.0,1.7320508075688772,5.5,6.0,4.0,2.0,0.8660254037844386,6.0411845,7.434038,5.5769,1.857138,0.8041643431667124,2.0,5.0,1.0,4.0,1.7320508075688772,0,0,1,0,1
La3Mo,L12,111,-0.6923620972583819,3,0.4431937137997011,2,1.3650000000000002,2.16,1.1,1.06,0.45899346400575247,182.5,195.0,145.0,50.0,21.650635094610966,3.75,6.0,3.0,3.0,1.299038105676658,5.75,6.0,5.0,1.0,0.4330127018922193,5.9557825,7.09243,5.5769,1.51553,0.6562437400987151,2.0,5.0,1.0,4.0,1.7320508075688772,0,0,1,0,1
La3Nb,L12,111,-0.7849097824573334,5,0.566042635600752,2,1.225,1.6,1.1,0.5,0.21650635094610965,182.5,195.0,145.0,50.0,21.650635094610966,3.5,5.0,3.0,2.0,0.8660254037844386,5.75,6.0,5.0,1.0,0.4330127018922193,5.872387499999999,6.75885,5.5769,1.1819499999999996,0.5117993630015084,1.75,4.0,1.0,3.0,1.299038105676658,0,0,1,0,1
La3Ni,L12,111,-0.064908810559217,1,0.0,2,1.3025,1.91,1.1,0.8099999999999998,0.35074028853269756,180.0,195.0,135.0,60.0,25.98076211353316,4.75,10.0,3.0,7.0,3.031088913245535,5.5,6.0,4.0,2.0,0.8660254037844386,6.0926445,7.639878,5.5769,2.062978,0.8932956777242069,2.75,8.0,1.0,7.0,3.031088913245535,0,0,1,0,1
La3Os,L12,111,-0.6581620136593926,3,0.3864608356016106,2,1.375,2.2,1.1,1.1,0.47631397208144133,178.75,195.0,130.0,65.0,28.145825622994256,4.25,8.0,3.0,5.0,2.165063509461097,6.0,6.0,6.0,0.0,0.0,6.2922325,8.43823,5.5769,2.8613300000000006,1.2389922343052642,2.25,6.0,1.0,5.0,2.165063509461097,0,0,1,0,1
La3Pb,L12,111,-0.7877530999603266,3,0.5212550107025891,2,1.2750000000000001,1.8,1.1,0.7,0.3031088913245535,191.25,195.0,180.0,15.0,6.49519052838329,5.75,14.0,3.0,11.0,4.763139720814412,6.0,6.0,6.0,0.0,0.0,6.036844974999999,7.4166799,5.5769,1.8397799,0.796648065385997,3.25,10.0,1.0,9.0,3.897114317029974,0,0,1,0,1
La3Pd,L12,111,-0.6983046553604879,3,0.8452265360028832,2,1.375,2.2,1.1,1.1,0.47631397208144133,181.25,195.0,140.0,55.0,23.81569860407206,4.75,10.0,3.0,7.0,3.031088913245535,5.75,6.0,5.0,1.0,0.4330127018922193,6.266884749999999,8.336839,5.5769,2.7599389999999993,1.1950886434477095,3.25,10.0,1.0,9.0,3.897114317029974,0,0,1,0,1
La3Pt,L12,111,-0.006656856959097,1,0.0,2,1.375,2.2,1.1,1.1,0.47631397208144133,180.0,195.0,135.0,60.0,25.98076211353316,4.75,10.0,3.0,7.0,3.031088913245535,6.0,6.0,6.0,0.0,0.0,6.422382499999999,8.95883,5.5769,3.3819300000000005,1.4644186469103535,3.0,9.0,1.0,8.0,3.4641016151377544,0,0,1,0,1
La3Re,L12,111,-0.6596744223597568,3,0.3375819792017864,2,1.3,1.9,1.1,0.7999999999999998,0.34641016151377535,180.0,195.0,135.0,60.0,25.98076211353316,4.0,7.0,3.0,4.0,1.7320508075688772,6.0,6.0,6.0,0.0,0.0,6.141055,7.83352,5.5769,2.25662,0.9771451233440199,2.0,5.0,1.0,4.0,1.7320508075688772,0,0,1,0,1
La3Rh,L12,111,-0.6802345276582571,2,0.0171541923991753,2,1.395,2.28,1.1,1.1799999999999997,0.5109549882328187,180.0,195.0,135.0,60.0,25.98076211353316,4.5,9.0,3.0,6.0,2.598076211353316,5.75,6.0,5.0,1.0,0.4330127018922193,6.0474,7.4589,5.5769,1.8819999999999997,0.8149299049611566,2.75,8.0,1.0,7.0,3.031088913245535,0,0,1,0,1
La3Ru,L12,111,-0.6836850672579828,3,0.5181014834997768,2,1.375,2.2,1.1,1.1,0.47631397208144133,178.75,195.0,130.0,65.0,28.145825622994256,4.25,8.0,3.0,5.0,2.165063509461097,5.75,6.0,5.0,1.0,0.4330127018922193,6.0228,7.3605,5.5769,1.7835999999999999,0.7723214550949623,2.5,7.0,1.0,6.0,2.598076211353316,0,0,1,0,1
La3Sc,L12,111,-0.7672402064553978,5,0.7717363433985156,2,1.165,1.36,1.1,0.26,0.11258330249197702,186.25,195.0,160.0,35.0,15.155444566227676,3.0,3.0,3.0,0.0,0.0,5.5,6.0,4.0,2.0,0.8660254037844386,5.8230474999999995,6.56149,5.5769,0.9845899999999999,0.4263399761560601,1.0,1.0,1.0,0.0,0.0,0,0,1,0,1
La3Sn,L12,111,-0.7636050377577419,4,1.480933443599497,2,1.315,1.96,1.1,0.8599999999999999,0.3723909236273086,182.5,195.0,145.0,50.0,21.650635094610966,5.75,14.0,3.0,11.0,4.763139720814412,5.75,6.0,5.0,1.0,0.4330127018922193,6.0186545,7.343918,5.5769,1.7670180000000002,0.7651412384721857,3.25,10.0,1.0,9.0,3.897114317029974,0,0,1,0,1
La3Ta,L12,111,-0.8123674293592273,4,0.3353401693020714,2,1.2000000000000002,1.5,1.1,0.3999999999999999,0.1732050807568877,182.5,195.0,145.0,50.0,21.650635094610966,3.5,5.0,3.0,2.0,0.8660254037844386,6.0,6.0,6.0,0.0,0.0,6.07006775,7.549571,5.5769,1.972671,0.8541915996544263,1.5,3.0,1.0,2.0,0.8660254037844386,0,0,1,0,1
La3Tc,L12,111,-0.674320949757174,3,0.4389703708984598,2,1.35,2.1,1.1,1.0,0.4330127018922193,180.0,195.0,135.0,60.0,25.98076211353316,4.0,7.0,3.0,4.0,1.7320508075688772,5.75,6.0,5.0,1.0,0.4330127018922193,5.96252,7.11938,5.5769,1.5424799999999994,0.6679134324147102,2.0,5.0,1.0,4.0,1.7320508075688772,0,0,1,0,1
La3Ti,L12,111,-0.7609894794577201,6,0.586408995797683,2,1.21,1.54,1.1,0.43999999999999995,0.19052558883257648,181.25,195.0,140.0,55.0,23.81569860407206,3.25,4.0,3.0,1.0,0.4330127018922193,5.5,6.0,4.0,2.0,0.8660254037844386,5.889704999999999,6.82812,5.5769,1.25122,0.5417941528615826,1.25,2.0,1.0,1.0,0.4330127018922193,0,0,1,0,1
La3Tl,L12,111,-0.7536168271608119,3,1.449824709299719,2,1.2750000000000001,1.8,1.1,0.7,0.3031088913245535,193.75,195.0,190.0,5.0,2.165063509461097,5.5,13.0,3.0,10.0,4.330127018922194,6.0,6.0,6.0,0.0,0.0,5.709746825,6.1082873,5.5769,0.5313872999999996,0.23009745052421113,3.25,10.0,1.0,9.0,3.897114317029974,0,0,1,0,1
La3V,L12,111,-0.7504468369579342,5,0.5298782982026751,2,1.2325,1.63,1.1,0.5299999999999998,0.22949673200287615,180.0,195.0,135.0,60.0,25.98076211353316,3.5,5.0,3.0,2.0,0.8660254037844386,5.5,6.0,4.0,2.0,0.8660254037844386,5.8692217499999995,6.746187,5.5769,1.1692869999999997,0.5063161231574473,1.5,3.0,1.0,2.0,0.8660254037844386,0,0,1,0,1
La3W,L12,111,-0.7925120989593495,5,0.4786881069012452,2,1.25,1.7,1.1,0.5999999999999999,0.25980762113533157,180.0,195.0,135.0,60.0,25.98076211353316,3.75,6.0,3.0,3.0,1.299038105676658,6.0,6.0,6.0,0.0,0.0,6.1486825,7.86403,5.5769,2.2871299999999994,0.9903563408787514,1.75,4.0,1.0,3.0,1.299038105676658,0,0,1,0,1
La3Y,L12,111,-0.774886877358739,6,0.9158374920007192,2,1.1300000000000001,1.22,1.1,0.11999999999999988,0.05196152422706627,191.25,195.0,180.0,15.0,6.49519052838329,3.0,3.0,3.0,0.0,0.0,5.75,6.0,5.0,1.0,0.4330127018922193,5.73699,6.21726,5.5769,0.6403599999999994,0.27728401378370127,1.0,1.0,1.0,0.0,0.0,0,0,1,0,1
La3Zn,L12,111,-0.6909913237568333,4,0.9618127577996348,2,1.2375,1.65,1.1,0.5499999999999998,0.23815698604072055,180.0,195.0,135.0,60.0,25.98076211353316,5.25,12.0,3.0,9.0,3.897114317029974,5.5,6.0,4.0,2.0,0.8660254037844386,6.531224249999999,9.394197,5.5769,3.817297,1.652938087895063,3.25,10.0,1.0,9.0,3.897114317029974,0,0,1,0,1
La3Zr,L12,111,-0.7775393071596852,6,0.6421907001022191,2,1.1575000000000002,1.33,1.1,0.22999999999999998,0.09959292143521044,185.0,195.0,155.0,40.0,17.320508075688775,3.25,4.0,3.0,1.0,0.4330127018922193,5.75,6.0,5.0,1.0,0.4330127018922193,5.8412065,6.634126,5.5769,1.057226,0.45779228677070344,1.25,2.0,1.0,1.0,0.4330127018922193,0,0,1,0,1
LaMo3,L12,111,-0.5860508940595253,3,0.2523717076001048,2,1.895,2.16,1.1,1.06,0.45899346400575247,157.5,195.0,145.0,50.0,21.650635094610966,5.25,6.0,3.0,3.0,1.299038105676658,5.25,6.0,5.0,1.0,0.4330127018922193,6.713547500000001,7.09243,5.5769,1.51553,0.6562437400987151,4.0,5.0,1.0,4.0,1.7320508075688772,0,0,1,0,1
LaNb3,L12,111,-0.7269528002570667,2,0.1339182406009058,2,1.475,1.6,1.1,0.5,0.21650635094610965,157.5,195.0,145.0,50.0,21.650635094610966,4.5,5.0,3.0,2.0,0.8660254037844386,5.25,6.0,5.0,1.0,0.4330127018922193,6.463362500000001,6.75885,5.5769,1.1819499999999996,0.5117993630015084,3.25,4.0,1.0,3.0,1.299038105676658,0,0,1,0,1
LaNi3,L12,111,1.153537365645235,1,0.0,2,1.7075,1.91,1.1,0.8099999999999998,0.35074028853269756,150.0,195.0,135.0,60.0,25.98076211353316,8.25,10.0,3.0,7.0,3.031088913245535,4.5,6.0,4.0,2.0,0.8660254037844386,7.124133500000001,7.639878,5.5769,2.062978,0.8932956777242069,6.25,8.0,1.0,7.0,3.031088913245535,0,0,1,0,1
LaOs3,L12,111,-0.7266028618605276,4,2.0469668272999115,2,1.9250000000000003,2.2,1.1,1.1,0.47631397208144133,146.25,195.0,130.0,65.0,28.145825622994256,6.75,8.0,3.0,5.0,2.165063509461097,6.0,6.0,6.0,0.0,0.0,7.7228975,8.43823,5.5769,2.8613300000000006,1.2389922343052642,4.75,6.0,1.0,5.0,2.165063509461097,0,0,1,0,1
LaPb3,L12,111,0.4671624531411282,5,0.3473256955003307,2,1.625,1.8,1.1,0.7,0.3031088913245535,183.75,195.0,180.0,15.0,6.49519052838329,11.25,14.0,3.0,11.0,4.763139720814412,6.0,6.0,6.0,0.0,0.0,6.956734925000001,7.4166799,5.5769,1.8397799,0.796648065385997,7.75,10.0,1.0,9.0,3.897114317029974,0,0,1,0,1
LaPd3,L12,111,-0.4584775318571417,4,1.628108934401098,2,1.9250000000000003,2.2,1.1,1.1,0.47631397208144133,153.75,195.0,140.0,55.0,23.81569860407206,8.25,10.0,3.0,7.0,3.031088913245535,5.25,6.0,5.0,1.0,0.4330127018922193,7.6468542500000005,8.336839,5.5769,2.7599389999999993,1.1950886434477095,7.75,10.0,1.0,9.0,3.897114317029974,0,0,1,0,1
LaPt3,L12,111,-0.4477235928597736,5,0.2513727776022278,2,1.9250000000000003,2.2,1.1,1.1,0.47631397208144133,150.0,195.0,135.0,60.0,25.98076211353316,8.25,10.0,3.0,7.0,3.031088913245535,6.0,6.0,6.0,0.0,0.0,8.113347500000001,8.95883,5.5769,3.3819300000000005,1.4644186469103535,7.0,9.0,1.0,8.0,3.4641016151377544,0,0,1,0,1
LaRe3,L12,111,-0.8793428085582207,5,0.9188729218985828,2,1.6999999999999997,1.9,1.1,0.7999999999999998,0.3464101615137754,150.0,195.0,135.0,60.0,25.98076211353316,6.0,7.0,3.0,4.0,1.7320508075688772,6.0,6.0,6.0,0.0,0.0,7.2693650000000005,7.83352,5.5769,2.25662,0.9771451233440199,4.0,5.0,1.0,4.0,1.7320508075688772,0,0,1,0,1
LaRh3,L12,111,-0.7599132691566126,4,0.5005924545002927,2,1.9849999999999999,2.28,1.1,1.1799999999999997,0.5109549882328187,150.0,195.0,135.0,60.0,25.98076211353316,7.5,9.0,3.0,6.0,2.598076211353316,5.25,6.0,5.0,1.0,0.4330127018922193,6.9884,7.4589,5.5769,1.8819999999999997,0.8149299049611566,6.25,8.0,1.0,7.0,3.031088913245535,0,0,1,0,1
LaRu3,L12,111,-0.6323063009612895,3,0.3709170129004633,2,1.9250000000000003,2.2,1.1,1.1,0.47631397208144133,146.25,195.0,130.0,65.0,28.145825622994256,6.75,8.0,3.0,5.0,2.165063509461097,5.25,6.0,5.0,1.0,0.4330127018922193,6.9146,7.3605,5.5769,1.7835999999999999,0.7723214550949623,5.5,7.0,1.0,6.0,2.598076211353316,0,0,1,0,1
LaSc3,L12,111,-0.905740980158015,5,0.4309269580007822,2,1.295,1.36,1.1,0.26,0.11258330249197704,168.75,195.0,160.0,35.0,15.155444566227676,3.0,3.0,3.0,0.0,0.0,4.5,6.0,4.0,2.0,0.8660254037844386,6.3153425,6.56149,5.5769,0.9845899999999999,0.4263399761560601,1.0,1.0,1.0,0.0,0.0,0,0,1,0,1
LaSn3,L12,111,0.4416808969445185,5,0.4477199193970591,2,1.745,1.96,1.1,0.8599999999999999,0.3723909236273086,157.5,195.0,145.0,50.0,21.650635094610966,11.25,14.0,3.0,11.0,4.763139720814412,5.25,6.0,5.0,1.0,0.4330127018922193,6.9021635,7.343918,5.5769,1.7670180000000002,0.7651412384721857,7.75,10.0,1.0,9.0,3.897114317029974,0,0,1,0,1
LaTa3,L12,111,-0.7127434237581554,2,0.0647454062018368,2,1.4,1.5,1.1,0.3999999999999999,0.1732050807568877,157.5,195.0,145.0,50.0,21.650635094610966,4.5,5.0,3.0,2.0,0.8660254037844386,6.0,6.0,6.0,0.0,0.0,7.056403250000001,7.549571,5.5769,1.972671,0.8541915996544263,2.5,3.0,1.0,2.0,0.8660254037844386,0,0,1,0,1
LaTc3,L12,111,-0.7991037845594917,3,0.5385896145999141,2,1.85,2.1,1.1,1.0,0.4330127018922193,150.0,195.0,135.0,60.0,25.98076211353316,6.0,7.0,3.0,4.0,1.7320508075688772,5.25,6.0,5.0,1.0,0.4330127018922193,6.73376,7.11938,5.5769,1.5424799999999994,0.6679134324147102,4.0,5.0,1.0,4.0,1.7320508075688772,0,0,1,0,1
LaTi3,L12,111,-0.9534132838552694,4,0.2250208654004382,2,1.4300000000000002,1.54,1.1,0.43999999999999995,0.19052558883257648,153.75,195.0,140.0,55.0,23.81569860407206,3.75,4.0,3.0,1.0,0.4330127018922193,4.5,6.0,4.0,2.0,0.8660254037844386,6.515315000000001,6.82812,5.5769,1.25122,0.5417941528615826,1.75,2.0,1.0,1.0,0.4330127018922193,0,0,1,0,1
LaTl3,L12,111,0.2453630075406465,5,0.9594373399995676,2,1.625,1.8,1.1,0.7,0.3031088913245535,191.25,195.0,190.0,5.0,2.165063509461097,10.5,13.0,3.0,10.0,4.330127018922194,6.0,6.0,6.0,0.0,0.0,5.975440474999999,6.1082873,5.5769,0.5313872999999996,0.23009745052421113,7.75,10.0,1.0,9.0,3.897114317029974,0,0,1,0,1
LaV3,L12,111,-0.6446462553567187,3,0.3346490002004429,2,1.4975,1.63,1.1,0.5299999999999998,0.22949673200287615,150.0,195.0,135.0,60.0,25.98076211353316,4.5,5.0,3.0,2.0,0.8660254037844386,4.5,6.0,4.0,2.0,0.8660254037844386,6.45386525,6.746187,5.5769,1.1692869999999997,0.5063161231574473,2.5,3.0,1.0,2.0,0.8660254037844386,0,0,1,0,1
LaW3,L12,111,-0.6718834900557056,3,0.373649443998147,2,1.5499999999999998,1.7,1.1,0.5999999999999999,0.25980762113533157,150.0,195.0,135.0,60.0,25.98076211353316,5.25,6.0,3.0,3.0,1.299038105676658,6.0,6.0,6.0,0.0,0.0,7.2922475,7.86403,5.5769,2.2871299999999994,0.9903563408787514,3.25,4.0,1.0,3.0,1.299038105676658,0,0,1,0,1
LaY3,L12,111,-0.9223803332579052,4,1.428076963100466,2,1.19,1.22,1.1,0.11999999999999988,0.05196152422706627,183.75,195.0,180.0,15.0,6.49519052838329,3.0,3.0,3.0,0.0,0.0,5.25,6.0,5.0,1.0,0.4330127018922193,6.057169999999999,6.21726,5.5769,0.6403599999999994,0.2772840137837013,1.0,1.0,1.0,0.0,0.0,0,0,1,0,1
LaZn3,L12,111,-0.0141369941620439,5,0.4892640832986217,2,1.5124999999999997,1.65,1.1,0.5499999999999998,0.23815698604072055,150.0,195.0,135.0,60.0,25.98076211353316,9.75,12.0,3.0,9.0,3.897114317029974,4.5,6.0,4.0,2.0,0.8660254037844386,8.439872750000001,9.394197,5.5769,3.817297,1.652938087895063,7.75,10.0,1.0,9.0,3.897114317029974,0,0,1,0,1
LaZr3,L12,111,-0.9346391976605162,5,0.185798104499554,2,1.2725,1.33,1.1,0.22999999999999998,0.09959292143521044,165.0,195.0,155.0,40.0,17.320508075688775,3.75,4.0,3.0,1.0,0.4330127018922193,5.25,6.0,5.0,1.0,0.4330127018922193,6.3698195,6.634126,5.5769,1.057226,0.45779228677070344,1.75,2.0,1.0,1.0,0.4330127018922193,0,0,1,0,1
Mn3Mo,L12,111,-0.5378897378568297,2,0.0795784675974573,2,1.7025000000000001,2.16,1.55,0.6100000000000001,0.26413774815425384,141.25,145.0,140.0,5.0,2.165063509461097,6.75,7.0,6.0,1.0,0.4330127018922193,4.25,5.0,4.0,1.0,0.4330127018922193,7.348636,7.434038,7.09243,0.3416079999999999,0.1479206030679972,5.0,5.0,5.0,0.0,0.0,0,0,1,0,1
Mn3Ni,L12,111,-0.6458247804611972,3,0.3848099210008513,2,1.6400000000000001,1.91,1.55,0.3599999999999999,0.1558845726811989,138.75,140.0,135.0,5.0,2.165063509461097,7.75,10.0,7.0,3.0,1.299038105676658,4.0,4.0,4.0,0.0,0.0,7.485498,7.639878,7.434038,0.20584000000000024,0.08913133455749453,5.75,8.0,5.0,3.0,1.299038105676658,0,0,1,0,1
Mn3Os,L12,111,-0.6139260995614393,3,0.2036402006997377,2,1.7125000000000001,2.2,1.55,0.6500000000000001,0.28145825622994264,137.5,140.0,130.0,10.0,4.330127018922194,7.25,8.0,7.0,1.0,0.4330127018922193,4.5,6.0,4.0,2.0,0.8660254037844386,7.685086,8.43823,7.434038,1.0041920000000006,0.4348278911385518,5.25,6.0,5.0,1.0,0.4330127018922193,0,0,1,0,1
Mn3Re,L12,111,-0.6520610853612823,3,0.1971353194021503,2,1.6375000000000002,1.9,1.55,0.34999999999999987,0.15155444566227672,138.75,140.0,135.0,5.0,2.165063509461097,7.0,7.0,7.0,0.0,0.0,4.5,6.0,4.0,2.0,0.8660254037844386,7.5339085,7.83352,7.434038,0.3994819999999999,0.1729807801773075,5.0,5.0,5.0,0.0,0.0,0,0,1,0,1
Mn3Tc,L12,111,-0.5977541020538126,3,0.1616952130934805,2,1.6875,2.1,1.55,0.55,0.23815698604072066,138.75,140.0,135.0,5.0,2.165063509461097,7.0,7.0,7.0,0.0,0.0,4.25,5.0,4.0,1.0,0.4330127018922193,7.3553735,7.434038,7.11938,0.31465800000000055,0.13625091075200219,5.0,5.0,5.0,0.0,0.0,0,0,1,0,1
Mn3V,L12,111,-0.457629080857231,1,0.0,2,1.57,1.63,1.55,0.07999999999999985,0.034641016151377484,138.75,140.0,135.0,5.0,2.165063509461097,6.5,7.0,5.0,2.0,0.8660254037844386,4.0,4.0,4.0,0.0,0.0,7.26207525,7.434038,6.746187,0.6878510000000002,0.29784822000926503,4.5,5.0,3.0,2.0,0.8660254037844386,0,0,1,0,1
Mn3W,L12,111,-0.5946405754575323,2,0.2475544762019126,2,1.5875000000000001,1.7,1.55,0.1499999999999999,0.06495190528383286,138.75,140.0,135.0,5.0,2.165063509461097,6.75,7.0,6.0,1.0,0.4330127018922193,4.5,6.0,4.0,2.0,0.8660254037844386,7.541536,7.86403,7.434038,0.4299919999999995,0.18619199771203893,4.75,5.0,4.0,1.0,0.4330127018922193,0,0,1,0,1
MnMo3,L12,111,-0.8090834235581212,4,1.054104519997054,2,2.0075000000000003,2.16,1.55,0.6100000000000001,0.26413774815425384,143.75,145.0,140.0,5.0,2.165063509461097,6.25,7.0,6.0,1.0,0.4330127018922193,4.75,5.0,4.0,1.0,0.4330127018922193,7.177832,7.434038,7.09243,0.3416079999999999,0.1479206030679972,5.0,5.0,5.0,0.0,0.0,0,0,1,0,1
MnNb3,L12,111,-0.9277822010580792,4,1.1611843087011948,2,1.5875000000000001,1.6,1.55,0.050000000000000044,0.021650635094610987,143.75,145.0,140.0,5.0,2.165063509461097,5.5,7.0,5.0,2.0,0.8660254037844386,4.75,5.0,4.0,1.0,0.4330127018922193,6.927647,7.434038,6.75885,0.6751880000000003,0.2923649801652039,4.25,5.0,4.0,1.0,0.4330127018922193,0,0,1,0,1
MnNi3,L12,111,-0.4143813481559562,2,0.0577533049945486,2,1.8199999999999998,1.91,1.55,0.3599999999999999,0.1558845726811989,136.25,140.0,135.0,5.0,2.165063509461097,9.25,10.0,7.0,3.0,1.299038105676658,4.0,4.0,4.0,0.0,0.0,7.588418000000001,7.639878,7.434038,0.20584000000000024,0.08913133455749453,7.25,8.0,5.0,3.0,1.299038105676658,0,0,1,0,1
MnOs3,L12,111,-0.3602912396517865,5,0.787055264096125,2,2.0375,2.2,1.55,0.6500000000000001,0.28145825622994264,132.5,140.0,130.0,10.0,4.330127018922194,7.75,8.0,7.0,1.0,0.4330127018922193,5.5,6.0,4.0,2.0,0.8660254037844386,8.187182,8.43823,7.434038,1.0041920000000006,0.4348278911385518,5.75,6.0,5.0,1.0,0.4330127018922193,0,0,1,0,1
MnPb3,L12,111,0.0973611069430546,3,0.938312870599475,2,1.7375,1.8,1.55,0.25,0.10825317547305482,170.0,180.0,140.0,40.0,17.320508075688775,12.25,14.0,7.0,7.0,3.031088913245535,5.5,6.0,4.0,2.0,0.8660254037844386,7.421019425000001,7.434038,7.4166799,0.017358100000000043,0.007516277780715351,8.75,10.0,5.0,5.0,2.165063509461097,0,0,1,0,1
MnPd3,L12,111,-0.3235214490550504,5,0.8711032014980447,2,2.0375,2.2,1.55,0.6500000000000001,0.28145825622994264,140.0,140.0,140.0,0.0,0.0,9.25,10.0,7.0,3.0,1.299038105676658,4.75,5.0,4.0,1.0,0.4330127018922193,8.11113875,8.336839,7.434038,0.9028009999999993,0.3909243002809972,8.75,10.0,5.0,5.0,2.165063509461097,0,0,1,0,1
MnPt3,L12,111,-0.3015768285613092,3,0.1316358858020976,2,2.0375,2.2,1.55,0.6500000000000001,0.28145825622994264,136.25,140.0,135.0,5.0,2.165063509461097,9.25,10.0,7.0,3.0,1.299038105676658,5.5,6.0,4.0,2.0,0.8660254037844386,8.577632000000001,8.95883,7.434038,1.5247920000000006,0.6602543037436411,8.0,9.0,5.0,4.0,1.7320508075688772,0,0,1,0,1
MnRh3,L12,111,-0.3174666439581131,3,0.0651160251982219,2,2.0975,2.28,1.55,0.7299999999999998,0.31609927238132,136.25,140.0,135.0,5.0,2.165063509461097,8.5,9.0,7.0,2.0,0.8660254037844386,4.75,5.0,4.0,1.0,0.4330127018922193,7.4526845,7.4589,7.434038,0.024861999999999718,0.010765561794444234,7.25,8.0,5.0,3.0,1.299038105676658,0,0,1,0,1
MnRu3,L12,111,-0.3961298566564153,3,0.1151947676989948,2,2.0375,2.2,1.55,0.6500000000000001,0.28145825622994264,132.5,140.0,130.0,10.0,4.330127018922194,7.75,8.0,7.0,1.0,0.4330127018922193,4.75,5.0,4.0,1.0,0.4330127018922193,7.3788845,7.434038,7.3605,0.0735380000000001,0.03184288807175007,6.5,7.0,5.0,2.0,0.8660254037844386,0,0,1,0,1
MnSn3,L12,111,0.2053766951439968,3,0.8311487266000768,2,1.8575,1.96,1.55,0.4099999999999999,0.1775352077758099,143.75,145.0,140.0,5.0,2.165063509461097,12.25,14.0,7.0,7.0,3.031088913245535,4.75,5.0,4.0,1.0,0.4330127018922193,7.366448,7.434038,7.343918,0.09011999999999976,0.0390231046945267,8.75,10.0,5.0,5.0,2.165063509461097,0,0,1,0,1
MnTa3,L12,111,-0.9561711576597816,3,0.1108571369986748,2,1.5125,1.55,1.5,0.050000000000000044,0.021650635094610987,143.75,145.0,140.0,5.0,2.165063509461097,5.5,7.0,5.0,2.0,0.8660254037844386,5.5,6.0,4.0,2.0,0.8660254037844386,7.5206877500000004,7.549571,7.434038,0.11553300000000011,0.05002725648771382,3.5,5.0,3.0,2.0,0.8660254037844386,0,0,1,0,1
MnTc3,L12,111,-0.5818177550563348,3,0.1081377672999224,2,1.9625000000000001,2.1,1.55,0.55,0.23815698604072066,136.25,140.0,135.0,5.0,2.165063509461097,7.0,7.0,7.0,0.0,0.0,4.75,5.0,4.0,1.0,0.4330127018922193,7.1980445,7.434038,7.11938,0.31465800000000055,0.13625091075200219,5.0,5.0,5.0,0.0,0.0,0,0,1,0,1
MnTi3,L12,111,-1.0072485578557178,3,0.2022898358991369,2,1.5425,1.55,1.54,0.010000000000000009,0.004330127018922198,140.0,140.0,140.0,0.0,0.0,4.75,7.0,4.0,3.0,1.299038105676658,4.0,4.0,4.0,0.0,0.0,6.979599500000001,7.434038,6.82812,0.605918,0.26237019030512976,2.75,5.0,2.0,3.0,1.299038105676658,0,0,1,0,1
MnTl3,L12,111,0.1456128770414864,2,0.8833081873999618,2,1.7375,1.8,1.55,0.25,0.10825317547305482,177.5,190.0,140.0,50.0,21.650635094610966,11.5,13.0,7.0,6.0,2.598076211353316,5.5,6.0,4.0,2.0,0.8660254037844386,6.439724975,7.434038,6.1082873,1.3257507000000004,0.5740668926425012,8.75,10.0,5.0,5.0,2.165063509461097,0,0,1,0,1
MnW3,L12,111,-0.856705930457764,4,1.1127781141003652,2,1.6624999999999999,1.7,1.55,0.1499999999999999,0.06495190528383286,136.25,140.0,135.0,5.0,2.165063509461097,6.25,7.0,6.0,1.0,0.4330127018922193,5.5,6.0,4.0,2.0,0.8660254037844386,7.756532,7.86403,7.434038,0.4299919999999995,0.18619199771203893,4.25,5.0,4.0,1.0,0.4330127018922193,0,0,1,0,1
MnY3,L12,111,-1.0687000260577122,2,0.0105124379006156,2,1.3025,1.55,1.22,0.33000000000000007,0.1428941916244324,170.0,180.0,140.0,40.0,17.320508075688775,4.0,7.0,3.0,4.0,1.7320508075688772,4.75,5.0,4.0,1.0,0.4330127018922193,6.5214545,7.434038,6.21726,1.2167780000000006,0.5268803293830111,2.0,5.0,1.0,4.0,1.7320508075688772,0,0,1,0,1
MnZn3,L12,111,0.0107204689420825,5,0.7872877854024409,2,1.6249999999999998,1.65,1.55,0.09999999999999987,0.04330127018922188,136.25,140.0,135.0,5.0,2.165063509461097,10.75,12.0,7.0,5.0,2.165063509461097,4.0,4.0,4.0,0.0,0.0,8.90415725,9.394197,7.434038,1.960159,0.8487737447283508,8.75,10.0,5.0,5.0,2.165063509461097,0,0,1,0,1
MnZr3,L12,111,-0.9771543998567438,3,0.44461618889909,2,1.385,1.55,1.33,0.21999999999999997,0.09526279441628824,151.25,155.0,140.0,15.0,6.49519052838329,4.75,7.0,4.0,3.0,1.299038105676658,4.75,5.0,4.0,1.0,0.4330127018922193,6.834104,7.434038,6.634126,0.799912,0.34637205639600893,2.75,5.0,2.0,3.0,1.299038105676658,0,0,1,0,1
Mo3Nb,L12,111,-0.8220423008596924,3,0.9493362022003566,2,2.02,2.16,1.6,0.56,0.24248711305964285,145.0,145.0,145.0,0.0,0.0,5.75,6.0,5.0,1.0,0.4330127018922193,5.0,5.0,5.0,0.0,0.0,7.009035,7.09243,6.75885,0.33358000000000043,0.1444443770972067,4.75,5.0,4.0,1.0,0.4330127018922193,0,0,1,0,1
Mo3Ni,L12,111,-0.9021245872599764,4,1.0524832656992658,2,2.0975,2.16,1.91,0.2500000000000002,0.10825317547305492,142.5,145.0,135.0,10.0,4.330127018922194,7.0,10.0,6.0,4.0,1.7320508075688772,4.75,5.0,4.0,1.0,0.4330127018922193,7.229292,7.639878,7.09243,0.5474480000000002,0.23705193762549176,5.75,8.0,5.0,3.0,1.299038105676658,0,0,1,0,1
Mo3Os,L12,111,-0.8011363389586847,4,0.6668099276030262,2,2.17,2.2,2.16,0.040000000000000036,0.01732050807568879,141.25,145.0,130.0,15.0,6.49519052838329,6.5,8.0,6.0,2.0,0.8660254037844386,5.25,6.0,5.0,1.0,0.4330127018922193,7.42888,8.43823,7.09243,1.3458000000000006,0.5827484942065491,5.25,6.0,5.0,1.0,0.4330127018922193,0,0,1,0,1
Mo3Pb,L12,111,-0.7173124871578409,2,0.2970937529025832,2,2.0700000000000003,2.16,1.8,0.3600000000000001,0.155884572681199,153.75,180.0,145.0,35.0,15.155444566227676,8.0,14.0,6.0,8.0,3.4641016151377544,5.25,6.0,5.0,1.0,0.4330127018922193,7.173492475,7.4166799,7.09243,0.32424989999999987,0.14040432528728186,6.25,10.0,5.0,5.0,2.165063509461097,0,0,1,0,1
Mo3Pd,L12,111,-0.9337080241557204,4,1.2279673032971914,2,2.17,2.2,2.16,0.040000000000000036,0.01732050807568879,143.75,145.0,140.0,5.0,2.165063509461097,7.0,10.0,6.0,4.0,1.7320508075688772,5.0,5.0,5.0,0.0,0.0,7.40353225,8.336839,7.09243,1.2444089999999992,0.5388449033489944,6.25,10.0,5.0,5.0,2.165063509461097,0,0,1,0,1
Mo3Pt,L12,111,-0.8804545295560899,4,0.9343861318993733,2,2.17,2.2,2.16,0.040000000000000036,0.01732050807568879,142.5,145.0,135.0,10.0,4.330127018922194,7.0,10.0,6.0,4.0,1.7320508075688772,5.25,6.0,5.0,1.0,0.4330127018922193,7.55903,8.95883,7.09243,1.8664000000000005,0.8081749068116384,6.0,9.0,5.0,4.0,1.7320508075688772,0,0,1,0,1
Mo3Re,L12,111,-0.8338876883599085,5,1.035664045401063,2,2.095,2.16,1.9,0.26000000000000023,0.11258330249197712,142.5,145.0,135.0,10.0,4.330127018922194,6.25,7.0,6.0,1.0,0.4330127018922193,5.25,6.0,5.0,1.0,0.4330127018922193,7.2777025,7.83352,7.09243,0.7410899999999998,0.32090138324530476,5.0,5.0,5.0,0.0,0.0,0,0,1,0,1
Mo3Rh,L12,111,-0.8254814116580462,4,0.9613275787996828,2,2.19,2.28,2.16,0.11999999999999966,0.05196152422706617,142.5,145.0,135.0,10.0,4.330127018922194,6.75,9.0,6.0,3.0,1.299038105676658,5.0,5.0,5.0,0.0,0.0,7.1840475,7.4589,7.09243,0.36646999999999963,0.15868616486244144,5.75,8.0,5.0,3.0,1.299038105676658,0,0,1,0,1
Mo3Ru,L12,111,-0.7930961913579893,5,0.8549321564023558,2,2.17,2.2,2.16,0.040000000000000036,0.01732050807568879,141.25,145.0,130.0,15.0,6.49519052838329,6.5,8.0,6.0,2.0,0.8660254037844386,5.0,5.0,5.0,0.0,0.0,7.159447500000001,7.3605,7.09243,0.2680699999999998,0.11607771499624715,5.5,7.0,5.0,2.0,0.8660254037844386,0,0,1,0,1
Mo3Sc,L12,111,-1.0760185276548953,4,0.5687361543969018,2,1.9600000000000002,2.16,1.36,0.8,0.34641016151377546,148.75,160.0,145.0,15.0,6.49519052838329,5.25,6.0,3.0,3.0,1.299038105676658,4.75,5.0,4.0,1.0,0.4330127018922193,6.959695,7.09243,6.56149,0.5309400000000002,0.22990376394265502,4.0,5.0,1.0,4.0,1.7320508075688772,0,0,1,0,1
Mo3Sn,L12,111,-0.7794485938565856,2,0.2818926576001104,2,2.1100000000000003,2.16,1.96,0.20000000000000018,0.08660254037844395,145.0,145.0,145.0,0.0,0.0,8.0,14.0,6.0,8.0,3.4641016151377544,5.0,5.0,5.0,0.0,0.0,7.155302000000001,7.343918,7.09243,0.25148800000000016,0.10889749837347051,6.25,10.0,5.0,5.0,2.165063509461097,0,0,1,0,1
Mo3Ta,L12,111,-0.8588636570557071,5,0.840477333196759,2,1.995,2.16,1.5,0.6600000000000001,0.2857883832488648,145.0,145.0,145.0,0.0,0.0,5.75,6.0,5.0,1.0,0.4330127018922193,5.25,6.0,5.0,1.0,0.4330127018922193,7.20671525,7.549571,7.09243,0.457141,0.19794785955571104,4.5,5.0,3.0,2.0,0.8660254037844386,0,0,1,0,1
Mo3Tc,L12,111,-0.8043939497574399,5,0.8934549043005973,2,2.145,2.16,2.1,0.06000000000000005,0.025980762113533184,142.5,145.0,135.0,10.0,4.330127018922194,6.25,7.0,6.0,1.0,0.4330127018922193,5.0,5.0,5.0,0.0,0.0,7.0991675,7.11938,7.09243,0.026949999999999363,0.011669692315995035,5.0,5.0,5.0,0.0,0.0,0,0,1,0,1
Mo3Ti,L12,111,-1.1454253800575032,5,1.4925804601989512,2,2.005,2.16,1.54,0.6200000000000001,0.26846787517317605,143.75,145.0,140.0,5.0,2.165063509461097,5.5,6.0,4.0,2.0,0.8660254037844386,4.75,5.0,4.0,1.0,0.4330127018922193,7.0263525,7.09243,6.82812,0.26431000000000004,0.11444958723713251,4.25,5.0,2.0,3.0,1.299038105676658,0,0,1,0,1
Mo3Tl,L12,111,-0.809946568656386,3,2.3403954789973795,2,2.0700000000000003,2.16,1.8,0.3600000000000001,0.155884572681199,156.25,190.0,145.0,45.0,19.48557158514987,7.75,13.0,6.0,7.0,3.031088913245535,5.25,6.0,5.0,1.0,0.4330127018922193,6.846394325,7.09243,6.1082873,0.9841427000000005,0.426146289574504,6.25,10.0,5.0,5.0,2.165063509461097,0,0,1,0,1
Mo3V,L12,111,0.200890082241159,1,0.0,2,2.0275,2.16,1.63,0.5300000000000002,0.22949673200287632,142.5,145.0,135.0,10.0,4.330127018922194,5.75,6.0,5.0,1.0,0.4330127018922193,4.75,5.0,4.0,1.0,0.4330127018922193,7.00586925,7.09243,6.746187,0.3462430000000003,0.14992761694126783,4.5,5.0,3.0,2.0,0.8660254037844386,0,0,1,0,1
Mo3W,L12,111,-1.1134760859594903,4,1.2520956373991794,2,2.045,2.16,1.7,0.4600000000000002,0.19918584287042096,142.5,145.0,135.0,10.0,4.330127018922194,6.0,6.0,6.0,0.0,0.0,5.25,6.0,5.0,1.0,0.4330127018922193,7.28533,7.86403,7.09243,0.7715999999999994,0.3341126007800362,4.75,5.0,4.0,1.0,0.4330127018922193,0,0,1,0,1
Mo3Zn,L12,111,-0.9450295925625768,3,1.84949952900206,2,2.0325,2.16,1.65,0.5100000000000002,0.22083647796503195,142.5,145.0,135.0,10.0,4.330127018922194,7.5,12.0,6.0,6.0,2.598076211353316,4.75,5.0,4.0,1.0,0.4330127018922193,7.66787175,9.394197,7.09243,2.301767,0.996694347796348,6.25,10.0,5.0,5.0,2.165063509461097,0,0,1,0,1
Mo3Zr,L12,111,-0.523143072557076,2,0.7698987586991279,2,1.9525000000000001,2.16,1.33,0.8300000000000001,0.35940054257054205,147.5,155.0,145.0,10.0,4.330127018922194,5.5,6.0,4.0,2.0,0.8660254037844386,5.0,5.0,5.0,0.0,0.0,6.977854000000001,7.09243,6.634126,0.45830400000000004,0.1984514533280117,4.25,5.0,2.0,3.0,1.299038105676658,0,0,1,0,1
MoNb3,L12,111,-1.2987431604587698,1,0.0,2,1.7400000000000002,2.16,1.6,0.56,0.24248711305964285,145.0,145.0,145.0,0.0,0.0,5.25,6.0,5.0,1.0,0.4330127018922193,5.0,5.0,5.0,0.0,0.0,6.842245,7.09243,6.75885,0.33358000000000043,0.1444443770972067,4.25,5.0,4.0,1.0,0.4330127018922193,0,0,1,0,1
MoNi3,L12,111,-0.4347071634610699,2,0.1338527972984593,2,1.9725,2.16,1.91,0.2500000000000002,0.10825317547305492,137.5,145.0,135.0,10.0,4.330127018922194,9.0,10.0,6.0,4.0,1.7320508075688772,4.25,5.0,4.0,1.0,0.4330127018922193,7.503016000000001,7.639878,7.09243,0.5474480000000002,0.23705193762549176,7.25,8.0,5.0,3.0,1.299038105676658,0,0,1,0,1
MoOs3,L12,111,-0.4940402253587024,6,0.8639223893987946,2,2.1900000000000004,2.2,2.16,0.040000000000000036,0.01732050807568879,133.75,145.0,130.0,15.0,6.49519052838329,7.5,8.0,6.0,2.0,0.8660254037844386,5.75,6.0,5.0,1.0,0.4330127018922193,8.101780000000002,8.43823,7.09243,1.3458000000000006,0.5827484942065491,5.75,6.0,5.0,1.0,0.4330127018922193,0,0,1,0,1
MoPb3,L12,111,0.9176339876439954,3,0.2043338188996131,2,1.8900000000000001,2.16,1.8,0.3600000000000001,0.15588457268119899,171.25,180.0,145.0,35.0,15.155444566227676,12.0,14.0,6.0,8.0,3.4641016151377544,5.75,6.0,5.0,1.0,0.4330127018922193,7.335617425000001,7.4166799,7.09243,0.32424989999999987,0.14040432528728186,8.75,10.0,5.0,5.0,2.165063509461097,0,0,1,0,1
MoPd3,L12,111,-0.2756136307607164,5,0.3283468437002739,2,2.1900000000000004,2.2,2.16,0.040000000000000036,0.01732050807568879,141.25,145.0,140.0,5.0,2.165063509461097,9.0,10.0,6.0,4.0,1.7320508075688772,5.0,5.0,5.0,0.0,0.0,8.02573675,8.336839,7.09243,1.2444089999999992,0.5388449033489944,8.75,10.0,5.0,5.0,2.165063509461097,0,0,1,0,1
MoPt3,L12,111,-0.1194836898566507,5,0.2229332079004962,2,2.1900000000000004,2.2,2.16,0.040000000000000036,0.01732050807568879,137.5,145.0,135.0,10.0,4.330127018922194,9.0,10.0,6.0,4.0,1.7320508075688772,5.75,6.0,5.0,1.0,0.4330127018922193,8.492230000000001,8.95883,7.09243,1.8664000000000005,0.8081749068116384,8.0,9.0,5.0,4.0,1.7320508075688772,0,0,1,0,1
MoRe3,L12,111,-0.6747238142588401,7,1.0886805288027972,2,1.9649999999999999,2.16,1.9,0.26000000000000023,0.11258330249197712,137.5,145.0,135.0,10.0,4.330127018922194,6.75,7.0,6.0,1.0,0.4330127018922193,5.75,6.0,5.0,1.0,0.4330127018922193,7.6482475,7.83352,7.09243,0.7410899999999998,0.32090138324530476,5.0,5.0,5.0,0.0,0.0,0,0,1,0,1
MoRh3,L12,111,-0.4604838270560947,4,0.2391877919981198,2,2.25,2.28,2.16,0.11999999999999966,0.05196152422706617,137.5,145.0,135.0,10.0,4.330127018922194,8.25,9.0,6.0,3.0,1.299038105676658,5.0,5.0,5.0,0.0,0.0,7.3672825,7.4589,7.09243,0.36646999999999963,0.15868616486244144,7.25,8.0,5.0,3.0,1.299038105676658,0,0,1,0,1
MoRu3,L12,111,-0.5634327917568669,2,0.072183910098829,2,2.1900000000000004,2.2,2.16,0.040000000000000036,0.01732050807568879,133.75,145.0,130.0,15.0,6.49519052838329,7.5,8.0,6.0,2.0,0.8660254037844386,5.0,5.0,5.0,0.0,0.0,7.2934825,7.3605,7.09243,0.2680699999999998,0.11607771499624715,6.5,7.0,5.0,2.0,0.8660254037844386,0,0,1,0,1
MoSc3,L12,111,-1.0382367456613508,4,0.2331295856020006,2,1.56,2.16,1.36,0.8,0.34641016151377546,156.25,160.0,145.0,15.0,6.49519052838329,3.75,6.0,3.0,3.0,1.299038105676658,4.25,5.0,4.0,1.0,0.4330127018922193,6.694225,7.09243,6.56149,0.5309400000000002,0.22990376394265502,2.0,5.0,1.0,4.0,1.7320508075688772,0,0,1,0,1
MoSn3,L12,111,0.8263202025418934,2,0.1120260019997658,2,2.01,2.16,1.96,0.20000000000000018,0.08660254037844395,145.0,145.0,145.0,0.0,0.0,12.0,14.0,6.0,8.0,3.4641016151377544,5.0,5.0,5.0,0.0,0.0,7.281046,7.343918,7.09243,0.25148800000000016,0.10889749837347051,8.75,10.0,5.0,5.0,2.165063509461097,0,0,1,0,1
MoTa3,L12,111,-1.2211973831572038,2,0.0480030580984021,2,1.665,2.16,1.5,0.6600000000000001,0.2857883832488648,145.0,145.0,145.0,0.0,0.0,5.25,6.0,5.0,1.0,0.4330127018922193,5.75,6.0,5.0,1.0,0.4330127018922193,7.43528575,7.549571,7.09243,0.457141,0.19794785955571104,3.5,5.0,3.0,2.0,0.8660254037844386,0,0,1,0,1
MoTc3,L12,111,-0.6309865488574076,7,0.9530361341021488,2,2.115,2.16,2.1,0.06000000000000005,0.025980762113533184,137.5,145.0,135.0,10.0,4.330127018922194,6.75,7.0,6.0,1.0,0.4330127018922193,5.0,5.0,5.0,0.0,0.0,7.1126425,7.11938,7.09243,0.026949999999999363,0.011669692315995035,5.0,5.0,5.0,0.0,0.0,0,0,1,0,1
MoTi3,L12,111,-1.069648614858096,3,0.207848169200588,2,1.695,2.16,1.54,0.6200000000000001,0.26846787517317605,141.25,145.0,140.0,5.0,2.165063509461097,4.5,6.0,4.0,2.0,0.8660254037844386,4.25,5.0,4.0,1.0,0.4330127018922193,6.894197500000001,7.09243,6.82812,0.26431000000000004,0.11444958723713251,2.75,5.0,2.0,3.0,1.299038105676658,0,0,1,0,1
MoTl3,L12,111,0.9584482062428208,3,0.348208160699869,2,1.8900000000000001,2.16,1.8,0.3600000000000001,0.15588457268119899,178.75,190.0,145.0,45.0,19.48557158514987,11.25,13.0,6.0,7.0,3.031088913245535,5.75,6.0,5.0,1.0,0.4330127018922193,6.354322975,7.09243,6.1082873,0.9841427000000005,0.426146289574504,8.75,10.0,5.0,5.0,2.165063509461097,0,0,1,0,1
MoV3,L12,111,-1.2635298609556855,1,0.0,2,1.7625,2.16,1.63,0.5300000000000002,0.22949673200287635,137.5,145.0,135.0,10.0,4.330127018922194,5.25,6.0,5.0,1.0,0.4330127018922193,4.25,5.0,4.0,1.0,0.4330127018922193,6.83274775,7.09243,6.746187,0.3462430000000003,0.14992761694126783,3.5,5.0,3.0,2.0,0.8660254037844386,0,0,1,0,1
MoW3,L12,111,-0.8657768452567041,6,1.017943039900274,2,1.815,2.16,1.7,0.4600000000000002,0.19918584287042096,137.5,145.0,135.0,10.0,4.330127018922194,6.0,6.0,6.0,0.0,0.0,5.75,6.0,5.0,1.0,0.4330127018922193,7.67113,7.86403,7.09243,0.7715999999999994,0.3341126007800362,4.25,5.0,4.0,1.0,0.4330127018922193,0,0,1,0,1
MoY3,L12,111,-1.0205652648573675,4,0.8861248377979791,2,1.455,2.16,1.22,0.9400000000000002,0.40703193977868624,171.25,180.0,145.0,35.0,15.155444566227676,3.75,6.0,3.0,3.0,1.299038105676658,5.0,5.0,5.0,0.0,0.0,6.4360525,7.09243,6.21726,0.8751700000000007,0.3789597263150139,2.0,5.0,1.0,4.0,1.7320508075688772,0,0,1,0,1
MoZn3,L12,111,-0.4666840770578062,4,1.2421618497028248,2,1.7774999999999999,2.16,1.65,0.5100000000000002,0.22083647796503195,137.5,145.0,135.0,10.0,4.330127018922194,10.5,12.0,6.0,6.0,2.598076211353316,4.25,5.0,4.0,1.0,0.4330127018922193,8.81875525,9.394197,7.09243,2.301767,0.996694347796348,8.75,10.0,5.0,5.0,2.165063509461097,0,0,1,0,1
MoZr3,L12,111,-1.0432210548596856,2,0.094706500400207,2,1.5375,2.16,1.33,0.8300000000000001,0.35940054257054205,152.5,155.0,145.0,10.0,4.330127018922194,4.5,6.0,4.0,2.0,0.8660254037844386,5.0,5.0,5.0,0.0,0.0,6.748702,7.09243,6.634126,0.45830400000000004,0.1984514533280117,2.75,5.0,2.0,3.0,1.299038105676658,0,0,1,0,1
Nb3Ni,L12,111,-0.9947773084595326,3,1.07612043429981,2,1.6775000000000002,1.91,1.6,0.30999999999999983,0.13423393758658791,142.5,145.0,135.0,10.0,4.330127018922194,6.25,10.0,5.0,5.0,2.165063509461097,4.75,5.0,4.0,1.0,0.4330127018922193,6.979107,7.639878,6.75885,0.8810280000000006,0.38149631472269846,5.0,8.0,4.0,4.0,1.7320508075688772,0,0,1,0,1
Nb3Os,L12,111,-0.9712537474578936,3,0.7965665951996925,2,1.7500000000000002,2.2,1.6,0.6000000000000001,0.2598076211353316,141.25,145.0,130.0,15.0,6.49519052838329,5.75,8.0,5.0,3.0,1.299038105676658,5.25,6.0,5.0,1.0,0.4330127018922193,7.178695,8.43823,6.75885,1.679380000000001,0.7271928713037558,4.5,6.0,4.0,2.0,0.8660254037844386,0,0,1,0,1
Nb3Pb,L12,111,-1.0178737869564145,2,0.0581827006972162,2,1.6500000000000001,1.8,1.6,0.19999999999999996,0.08660254037844385,153.75,180.0,145.0,35.0,15.155444566227676,7.25,14.0,5.0,9.0,3.897114317029974,5.25,6.0,5.0,1.0,0.4330127018922193,6.923307475,7.4166799,6.75885,0.6578299000000003,0.28484870238448856,5.5,10.0,4.0,6.0,2.598076211353316,0,0,1,0,1
Nb3Pd,L12,111,-1.0093088677558342,4,1.2793702877970643,2,1.7500000000000002,2.2,1.6,0.6000000000000001,0.2598076211353316,143.75,145.0,140.0,5.0,2.165063509461097,6.25,10.0,5.0,5.0,2.165063509461097,5.0,5.0,5.0,0.0,0.0,7.1533472499999995,8.336839,6.75885,1.5779889999999996,0.6832892804462012,5.5,10.0,4.0,6.0,2.598076211353316,0,0,1,0,1
Nb3Pt,L12,111,-1.002887797457305,5,0.489385990298615,2,1.7500000000000002,2.2,1.6,0.6000000000000001,0.2598076211353316,142.5,145.0,135.0,10.0,4.330127018922194,6.25,10.0,5.0,5.0,2.165063509461097,5.25,6.0,5.0,1.0,0.4330127018922193,7.308845,8.95883,6.75885,2.199980000000001,0.9526192839088451,5.25,9.0,4.0,5.0,2.165063509461097,0,0,1,0,1
Nb3Re,L12,111,-1.262723451559367,2,1.136038949200156,2,1.6750000000000003,1.9,1.6,0.2999999999999998,0.12990381056766573,142.5,145.0,135.0,10.0,4.330127018922194,5.5,7.0,5.0,2.0,0.8660254037844386,5.25,6.0,5.0,1.0,0.4330127018922193,7.0275175,7.83352,6.75885,1.0746700000000002,0.46534576034251146,4.25,5.0,4.0,1.0,0.4330127018922193,0,0,1,0,1
Nb3Rh,L12,111,-1.06936806545761,3,1.131218724698556,2,1.77,2.28,1.6,0.6799999999999997,0.294448637286709,142.5,145.0,135.0,10.0,4.330127018922194,6.0,9.0,5.0,4.0,1.7320508075688772,5.0,5.0,5.0,0.0,0.0,6.9338625,7.4589,6.75885,0.7000500000000001,0.30313054195964817,5.0,8.0,4.0,4.0,1.7320508075688772,0,0,1,0,1
Nb3Ru,L12,111,-0.0209866437571406,1,0.0,2,1.7500000000000002,2.2,1.6,0.6000000000000001,0.2598076211353316,141.25,145.0,130.0,15.0,6.49519052838329,5.75,8.0,5.0,3.0,1.299038105676658,5.0,5.0,5.0,0.0,0.0,6.9092625000000005,7.3605,6.75885,0.6016500000000002,0.26052209209345384,4.75,7.0,4.0,3.0,1.299038105676658,0,0,1,0,1
Nb3Sc,L12,111,-0.9336950987589888,5,1.6905945712023822,2,1.5400000000000003,1.6,1.36,0.24,0.10392304845413264,148.75,160.0,145.0,15.0,6.49519052838329,4.5,5.0,3.0,2.0,0.8660254037844386,4.75,5.0,4.0,1.0,0.4330127018922193,6.70951,6.75885,6.56149,0.19735999999999976,0.08545938684544829,3.25,4.0,1.0,3.0,1.299038105676658,0,0,1,0,1
Nb3Sn,L12,111,-1.0363595684602558,2,0.0876990249016671,2,1.6900000000000002,1.96,1.6,0.3599999999999999,0.1558845726811989,145.0,145.0,145.0,0.0,0.0,7.25,14.0,5.0,9.0,3.897114317029974,5.0,5.0,5.0,0.0,0.0,6.905117000000001,7.343918,6.75885,0.5850680000000006,0.2533418754706772,5.5,10.0,4.0,6.0,2.598076211353316,0,0,1,0,1
Nb3Ta,L12,111,-1.139370438958366,2,0.391824471498694,2,1.5750000000000002,1.6,1.5,0.10000000000000009,0.043301270189221974,145.0,145.0,145.0,0.0,0.0,5.0,5.0,5.0,0.0,0.0,5.25,6.0,5.0,1.0,0.4330127018922193,6.95653025,7.549571,6.75885,0.7907210000000005,0.34239223665291774,3.75,4.0,3.0,1.0,0.4330127018922193,0,0,1,0,1
Nb3Tc,L12,111,-0.9847930435562092,3,0.970240939699579,2,1.725,2.1,1.6,0.5,0.21650635094610965,142.5,145.0,135.0,10.0,4.330127018922194,5.5,7.0,5.0,2.0,0.8660254037844386,5.0,5.0,5.0,0.0,0.0,6.8489825,7.11938,6.75885,0.3605299999999998,0.15611406941320174,4.25,5.0,4.0,1.0,0.4330127018922193,0,0,1,0,1
Nb3Ti,L12,111,-1.051363109057064,3,1.3898921805011923,2,1.5850000000000002,1.6,1.54,0.06000000000000005,0.025980762113533184,143.75,145.0,140.0,5.0,2.165063509461097,4.75,5.0,4.0,1.0,0.4330127018922193,4.75,5.0,4.0,1.0,0.4330127018922193,6.7761675,6.82812,6.75885,0.06927000000000039,0.0299947898600742,3.5,4.0,2.0,2.0,0.8660254037844386,0,0,1,0,1
Nb3Tl,L12,111,-1.0260240045599571,3,2.4315530707026483,2,1.6500000000000001,1.8,1.6,0.19999999999999996,0.08660254037844385,156.25,190.0,145.0,45.0,19.48557158514987,7.0,13.0,5.0,8.0,3.4641016151377544,5.25,6.0,5.0,1.0,0.4330127018922193,6.596209325,6.75885,6.1082873,0.6505627,0.2817019124772973,5.5,10.0,4.0,6.0,2.598076211353316,0,0,1,0,1
Nb3V,L12,111,-1.1575975762598034,3,1.3638794581020193,2,1.6075000000000002,1.63,1.6,0.029999999999999805,0.012990381056766495,142.5,145.0,135.0,10.0,4.330127018922194,5.0,5.0,5.0,0.0,0.0,4.75,5.0,4.0,1.0,0.4330127018922193,6.75568425,6.75885,6.746187,0.012662999999999869,0.005483239844061116,3.75,4.0,3.0,1.0,0.4330127018922193,0,0,1,0,1
Nb3W,L12,111,-1.230589664358348,4,1.2007571440008178,2,1.6250000000000002,1.7,1.6,0.09999999999999987,0.04330127018922188,142.5,145.0,135.0,10.0,4.330127018922194,5.25,6.0,5.0,1.0,0.4330127018922193,5.25,6.0,5.0,1.0,0.4330127018922193,7.035145,7.86403,6.75885,1.1051799999999998,0.4785569778772429,4.0,4.0,4.0,0.0,0.0,0,0,1,0,1
Nb3Y,L12,111,-0.8540211191602509,3,1.703764472800685,2,1.5050000000000001,1.6,1.22,0.3800000000000001,0.16454482671904339,153.75,180.0,145.0,35.0,15.155444566227676,4.5,5.0,3.0,2.0,0.8660254037844386,5.0,5.0,5.0,0.0,0.0,6.6234525,6.75885,6.21726,0.5415900000000002,0.23451534921780717,3.25,4.0,1.0,3.0,1.299038105676658,0,0,1,0,1
Nb3Zn,L12,111,-1.0538035620620292,2,0.0790896151011111,2,1.6125000000000003,1.65,1.6,0.04999999999999982,0.021650635094610887,142.5,145.0,135.0,10.0,4.330127018922194,6.75,12.0,5.0,7.0,3.031088913245535,4.75,5.0,4.0,1.0,0.4330127018922193,7.41768675,9.394197,6.75885,2.6353470000000003,1.1411387248935547,5.5,10.0,4.0,6.0,2.598076211353316,0,0,1,0,1
Nb3Zr,L12,111,-0.988418824354966,2,1.3375468658996397,2,1.5325000000000002,1.6,1.33,0.27,0.11691342951089922,147.5,155.0,145.0,10.0,4.330127018922194,4.75,5.0,4.0,1.0,0.4330127018922193,5.0,5.0,5.0,0.0,0.0,6.727669000000001,6.75885,6.634126,0.12472399999999961,0.054007076230804994,3.5,4.0,2.0,2.0,0.8660254037844386,0,0,1,0,1
NbNi3,L12,111,-0.369979988957283,2,0.6026864375016885,2,1.8325,1.91,1.6,0.30999999999999983,0.13423393758658791,137.5,145.0,135.0,10.0,4.330127018922194,8.75,10.0,5.0,5.0,2.165063509461097,4.25,5.0,4.0,1.0,0.4330127018922193,7.419621,7.639878,6.75885,0.8810280000000006,0.38149631472269846,7.0,8.0,4.0,4.0,1.7320508075688772,0,0,1,0,1
NbOs3,L12,111,-0.5753770926594086,6,1.2109414125989133,2,2.0500000000000003,2.2,1.6,0.6000000000000001,0.2598076211353316,133.75,145.0,130.0,15.0,6.49519052838329,7.25,8.0,5.0,3.0,1.299038105676658,5.75,6.0,5.0,1.0,0.4330127018922193,8.018385,8.43823,6.75885,1.679380000000001,0.7271928713037558,5.5,6.0,4.0,2.0,0.8660254037844386,0,0,1,0,1
NbPb3,L12,111,-0.1997786332567273,5,1.3876952694990905,2,1.75,1.8,1.6,0.19999999999999996,0.08660254037844385,171.25,180.0,145.0,35.0,15.155444566227676,11.75,14.0,5.0,9.0,3.897114317029974,5.75,6.0,5.0,1.0,0.4330127018922193,7.252222425,7.4166799,6.75885,0.6578299000000003,0.28484870238448856,8.5,10.0,4.0,6.0,2.598076211353316,0,0,1,0,1
NbPd3,L12,111,-0.2133571137555634,5,0.2807437929004663,2,2.0500000000000003,2.2,1.6,0.6000000000000001,0.2598076211353316,141.25,145.0,140.0,5.0,2.165063509461097,8.75,10.0,5.0,5.0,2.165063509461097,5.0,5.0,5.0,0.0,0.0,7.94234175,8.336839,6.75885,1.5779889999999996,0.6832892804462012,8.5,10.0,4.0,6.0,2.598076211353316,0,0,1,0,1
NbPt3,L12,111,-0.1323210684595039,5,0.3329774049016123,2,2.0500000000000003,2.2,1.6,0.6000000000000001,0.2598076211353316,137.5,145.0,135.0,10.0,4.330127018922194,8.75,10.0,5.0,5.0,2.165063509461097,5.75,6.0,5.0,1.0,0.4330127018922193,8.408835000000002,8.95883,6.75885,2.199980000000001,0.9526192839088451,7.75,9.0,4.0,5.0,2.165063509461097,0,0,1,0,1
NbRe3,L12,111,-0.7754637587595141,6,1.1868050512021,2,1.8249999999999997,1.9,1.6,0.2999999999999998,0.12990381056766573,137.5,145.0,135.0,10.0,4.330127018922194,6.5,7.0,5.0,2.0,0.8660254037844386,5.75,6.0,5.0,1.0,0.4330127018922193,7.5648525,7.83352,6.75885,1.0746700000000002,0.46534576034251146,4.75,5.0,4.0,1.0,0.4330127018922193,0,0,1,0,1
NbRh3,L12,111,-0.5750346374579465,4,0.2637825292986235,2,2.11,2.28,1.6,0.6799999999999997,0.294448637286709,137.5,145.0,135.0,10.0,4.330127018922194,8.0,9.0,5.0,4.0,1.7320508075688772,5.0,5.0,5.0,0.0,0.0,7.2838875,7.4589,6.75885,0.7000500000000001,0.30313054195964817,7.0,8.0,4.0,4.0,1.7320508075688772,0,0,1,0,1
NbRu3,L12,111,-0.6157123908551227,3,0.1322273251971637,2,2.0500000000000003,2.2,1.6,0.6000000000000001,0.2598076211353316,133.75,145.0,130.0,15.0,6.49519052838329,7.25,8.0,5.0,3.0,1.299038105676658,5.0,5.0,5.0,0.0,0.0,7.210087499999999,7.3605,6.75885,0.6016500000000002,0.26052209209345384,6.25,7.0,4.0,3.0,1.299038105676658,0,0,1,0,1
NbSc3,L12,111,-0.9757647145588352,3,0.0171596347026934,2,1.42,1.6,1.36,0.24,0.10392304845413264,156.25,160.0,145.0,15.0,6.49519052838329,3.5,5.0,3.0,2.0,0.8660254037844386,4.25,5.0,4.0,1.0,0.4330127018922193,6.61083,6.75885,6.56149,0.19735999999999976,0.08545938684544829,1.75,4.0,1.0,3.0,1.299038105676658,0,0,1,0,1
NbSn3,L12,111,-0.0226080340571286,3,0.9134031616995344,2,1.87,1.96,1.6,0.3599999999999999,0.1558845726811989,145.0,145.0,145.0,0.0,0.0,11.75,14.0,5.0,9.0,3.897114317029974,5.0,5.0,5.0,0.0,0.0,7.197651,7.343918,6.75885,0.5850680000000006,0.2533418754706772,8.5,10.0,4.0,6.0,2.598076211353316,0,0,1,0,1
NbTa3,L12,111,-1.0850588297571164,2,0.010908771699178,2,1.525,1.6,1.5,0.10000000000000009,0.043301270189221974,145.0,145.0,145.0,0.0,0.0,5.0,5.0,5.0,0.0,0.0,5.75,6.0,5.0,1.0,0.4330127018922193,7.35189075,7.549571,6.75885,0.7907210000000005,0.34239223665291774,3.25,4.0,3.0,1.0,0.4330127018922193,0,0,1,0,1
NbTc3,L12,111,-0.7178890964596292,4,0.105366968200542,2,1.975,2.1,1.6,0.5,0.21650635094610965,137.5,145.0,135.0,10.0,4.330127018922194,6.5,7.0,5.0,2.0,0.8660254037844386,5.0,5.0,5.0,0.0,0.0,7.029247499999999,7.11938,6.75885,0.3605299999999998,0.15611406941320174,4.75,5.0,4.0,1.0,0.4330127018922193,0,0,1,0,1
NbTi3,L12,111,-0.988968902557616,5,0.2816590478978469,2,1.5550000000000002,1.6,1.54,0.06000000000000005,0.025980762113533184,141.25,145.0,140.0,5.0,2.165063509461097,4.25,5.0,4.0,1.0,0.4330127018922193,4.25,5.0,4.0,1.0,0.4330127018922193,6.8108025,6.82812,6.75885,0.06927000000000039,0.0299947898600742,2.5,4.0,2.0,2.0,0.8660254037844386,0,0,1,0,1
NbTl3,L12,111,-0.3399597099587197,3,1.6636919004995434,2,1.75,1.8,1.6,0.19999999999999996,0.08660254037844385,178.75,190.0,145.0,45.0,19.48557158514987,11.0,13.0,5.0,8.0,3.4641016151377544,5.75,6.0,5.0,1.0,0.4330127018922193,6.270927974999999,6.75885,6.1082873,0.6505627,0.2817019124772973,8.5,10.0,4.0,6.0,2.598076211353316,0,0,1,0,1
NbV3,L12,111,-1.0922720233602092,3,0.2804399779015512,2,1.6225,1.63,1.6,0.029999999999999805,0.012990381056766495,137.5,145.0,135.0,10.0,4.330127018922194,5.0,5.0,5.0,0.0,0.0,4.25,5.0,4.0,1.0,0.4330127018922193,6.74935275,6.75885,6.746187,0.012662999999999869,0.005483239844061116,3.25,4.0,3.0,1.0,0.4330127018922193,0,0,1,0,1
NbW3,L12,111,-1.261291996760491,5,1.405450969501544,2,1.6749999999999998,1.7,1.6,0.09999999999999987,0.04330127018922188,137.5,145.0,135.0,10.0,4.330127018922194,5.75,6.0,5.0,1.0,0.4330127018922193,5.75,6.0,5.0,1.0,0.4330127018922193,7.5877349999999995,7.86403,6.75885,1.1051799999999998,0.4785569778772429,4.0,4.0,4.0,0.0,0.0,0,0,1,0,1
NbY3,L12,111,-0.9829120566582504,6,0.8301504770006431,2,1.315,1.6,1.22,0.3800000000000001,0.16454482671904339,171.25,180.0,145.0,35.0,15.155444566227676,3.5,5.0,3.0,2.0,0.8660254037844386,5.0,5.0,5.0,0.0,0.0,6.352657499999999,6.75885,6.21726,0.5415900000000002,0.23451534921780717,1.75,4.0,1.0,3.0,1.299038105676658,0,0,1,0,1
NbZn3,L12,111,-0.4821281699614417,7,1.445162582800549,2,1.6374999999999997,1.65,1.6,0.04999999999999982,0.021650635094610887,137.5,145.0,135.0,10.0,4.330127018922194,10.25,12.0,5.0,7.0,3.031088913245535,4.25,5.0,4.0,1.0,0.4330127018922193,8.735360250000001,9.394197,6.75885,2.6353470000000003,1.1411387248935547,8.5,10.0,4.0,6.0,2.598076211353316,0,0,1,0,1
NbZr3,L12,111,-1.046353901455376,4,1.2277731500980735,2,1.3975,1.6,1.33,0.27,0.11691342951089922,152.5,155.0,145.0,10.0,4.330127018922194,4.25,5.0,4.0,1.0,0.4330127018922193,5.0,5.0,5.0,0.0,0.0,6.665306999999999,6.75885,6.634126,0.12472399999999961,0.054007076230804994,2.5,4.0,2.0,2.0,0.8660254037844386,0,0,1,0,1
Ni3Os,L12,111,-0.4447194561571166,2,0.0893659941939404,2,1.9825,2.2,1.91,0.29000000000000026,0.1255736835487437,133.75,135.0,130.0,5.0,2.165063509461097,9.5,10.0,8.0,2.0,0.8660254037844386,4.5,6.0,4.0,2.0,0.8660254037844386,7.839466000000001,8.43823,7.639878,0.7983520000000004,0.34569655658105725,7.5,8.0,6.0,2.0,0.8660254037844386,0,0,1,0,1
Ni3Pb,L12,111,-0.4663587649619956,1,0.0,2,1.8824999999999998,1.91,1.8,0.10999999999999988,0.04763139720814407,146.25,180.0,135.0,45.0,19.48557158514987,11.0,14.0,10.0,4.0,1.7320508075688772,4.5,6.0,4.0,2.0,0.8660254037844386,7.584078475,7.639878,7.4166799,0.2231981000000003,0.09664761233820988,8.5,10.0,8.0,2.0,0.8660254037844386,0,0,1,0,1
Ni3Pd,L12,111,-0.3762539815570278,3,0.2750100823031971,2,1.9825,2.2,1.91,0.29000000000000026,0.1255736835487437,136.25,140.0,135.0,5.0,2.165063509461097,10.0,10.0,10.0,0.0,0.0,4.25,5.0,4.0,1.0,0.4330127018922193,7.81411825,8.336839,7.639878,0.696960999999999,0.30179296572350267,8.5,10.0,8.0,2.0,0.8660254037844386,0,0,1,0,1
Ni3Pt,L12,111,-0.3387032243544752,3,0.2252505294964066,2,1.9825,2.2,1.91,0.29000000000000026,0.1255736835487437,135.0,135.0,135.0,0.0,0.0,10.0,10.0,10.0,0.0,0.0,4.5,6.0,4.0,2.0,0.8660254037844386,7.969616,8.95883,7.639878,1.3189520000000003,0.5711229691861466,8.25,9.0,8.0,1.0,0.4330127018922193,0,0,1,0,1
Ni3Re,L12,111,-0.4744945604606698,4,0.7441872662020614,2,1.9074999999999998,1.91,1.9,0.010000000000000009,0.004330127018922197,135.0,135.0,135.0,0.0,0.0,9.25,10.0,7.0,3.0,1.299038105676658,4.5,6.0,4.0,2.0,0.8660254037844386,7.6882885000000005,7.83352,7.639878,0.19364199999999965,0.08384944561981299,7.25,8.0,5.0,3.0,1.299038105676658,0,0,1,0,1
Ni3Rh,L12,111,-0.323434508557483,5,0.3718517239030916,2,2.0025,2.28,1.91,0.3699999999999999,0.1602146997001211,135.0,135.0,135.0,0.0,0.0,9.75,10.0,9.0,1.0,0.4330127018922193,4.25,5.0,4.0,1.0,0.4330127018922193,7.5946335000000005,7.639878,7.4589,0.18097800000000053,0.0783657727630503,8.0,8.0,8.0,0.0,0.0,0,0,1,0,1
Ni3Ru,L12,111,-0.3479280194578393,1,0.0,2,1.9825,2.2,1.91,0.29000000000000026,0.1255736835487437,133.75,135.0,130.0,5.0,2.165063509461097,9.5,10.0,8.0,2.0,0.8660254037844386,4.25,5.0,4.0,1.0,0.4330127018922193,7.570033500000001,7.639878,7.3605,0.27937800000000035,0.12097422262924461,7.75,8.0,7.0,1.0,0.4330127018922193,0,0,1,0,1
Ni3Sc,L12,111,-0.6414939526575552,4,1.7051195996973547,2,1.7725,1.91,1.36,0.5499999999999998,0.23815698604072055,141.25,160.0,135.0,25.0,10.825317547305483,8.25,10.0,3.0,7.0,3.031088913245535,4.0,4.0,4.0,0.0,0.0,7.370281,7.639878,6.56149,1.0783880000000003,0.46695570156814675,6.25,8.0,1.0,7.0,3.031088913245535,0,0,1,0,1
Ni3Sn,L12,111,-0.5179895085593387,3,1.4383519816983608,2,1.9224999999999999,1.96,1.91,0.050000000000000044,0.021650635094610987,137.5,145.0,135.0,10.0,4.330127018922194,11.0,14.0,10.0,4.0,1.7320508075688772,4.25,5.0,4.0,1.0,0.4330127018922193,7.565888000000001,7.639878,7.343918,0.29596,0.12815443925202125,8.5,10.0,8.0,2.0,0.8660254037844386,0,0,1,0,1
Ni3Ta,L12,111,-0.4861841628580521,3,0.5488259931007633,2,1.8074999999999999,1.91,1.5,0.4099999999999999,0.1775352077758099,137.5,145.0,135.0,10.0,4.330127018922194,8.75,10.0,5.0,5.0,2.165063509461097,4.5,6.0,4.0,2.0,0.8660254037844386,7.617301250000001,7.639878,7.549571,0.09030700000000014,0.03910407806978071,6.75,8.0,3.0,5.0,2.165063509461097,0,0,1,0,1
Ni3Tc,L12,111,-0.4093477863561645,2,0.0725948019971838,2,1.9575,2.1,1.91,0.19000000000000017,0.08227241335952175,135.0,135.0,135.0,0.0,0.0,9.25,10.0,7.0,3.0,1.299038105676658,4.25,5.0,4.0,1.0,0.4330127018922193,7.5097535,7.639878,7.11938,0.5204980000000008,0.22538224530949671,7.25,8.0,5.0,3.0,1.299038105676658,0,0,1,0,1
Ni3Ti,L12,111,-0.4873478576618879,2,0.0591001325010438,2,1.8175,1.91,1.54,0.3699999999999999,0.1602146997001211,136.25,140.0,135.0,5.0,2.165063509461097,8.5,10.0,4.0,6.0,2.598076211353316,4.0,4.0,4.0,0.0,0.0,7.4369385,7.639878,6.82812,0.8117580000000002,0.35150152486262426,6.5,8.0,2.0,6.0,2.598076211353316,0,0,1,0,1
Ni3Tl,L12,111,-0.4727692227597515,3,1.8293205191002928,2,1.8824999999999998,1.91,1.8,0.10999999999999988,0.04763139720814407,148.75,190.0,135.0,55.0,23.81569860407206,10.75,13.0,10.0,3.0,1.299038105676658,4.5,6.0,4.0,2.0,0.8660254037844386,7.256980325000001,7.639878,6.1082873,1.5315907000000006,0.6631982271999958,8.5,10.0,8.0,2.0,0.8660254037844386,0,0,1,0,1
Ni3V,L12,111,-0.3814804720595646,3,0.5216781476992765,2,1.8399999999999999,1.91,1.63,0.28,0.12124355652982143,135.0,135.0,135.0,0.0,0.0,8.75,10.0,5.0,5.0,2.165063509461097,4.0,4.0,4.0,0.0,0.0,7.41645525,7.639878,6.746187,0.8936910000000005,0.3869795545667596,6.75,8.0,3.0,5.0,2.165063509461097,0,0,1,0,1
Ni3Y,L12,111,-0.4083034134591514,3,1.4579224089029594,2,1.7374999999999998,1.91,1.22,0.69,0.2987787643056313,146.25,180.0,135.0,45.0,19.48557158514987,8.25,10.0,3.0,7.0,3.031088913245535,4.25,5.0,4.0,1.0,0.4330127018922193,7.2842235,7.639878,6.21726,1.4226180000000008,0.6160116639405057,6.25,8.0,1.0,7.0,3.031088913245535,0,0,1,0,1
Ni3Zn,L12,111,-0.5048955266601922,3,1.4802737036006874,2,1.8449999999999998,1.91,1.65,0.26,0.11258330249197704,135.0,135.0,135.0,0.0,0.0,10.5,12.0,10.0,2.0,0.8660254037844386,4.0,4.0,4.0,0.0,0.0,8.07845775,9.394197,7.639878,1.7543189999999997,0.7596424101708562,8.5,10.0,8.0,2.0,0.8660254037844386,0,0,1,0,1
Ni3Zr,L12,111,-0.4759392128534898,4,1.1824089159999858,2,1.765,1.91,1.33,0.5799999999999998,0.25114736709748714,140.0,155.0,135.0,20.0,8.660254037844387,8.5,10.0,4.0,6.0,2.598076211353316,4.25,5.0,4.0,1.0,0.4330127018922193,7.388440000000001,7.639878,6.634126,1.0057520000000002,0.4355033909535035,6.5,8.0,2.0,6.0,2.598076211353316,0,0,1,0,1
NiOs3,L12,111,-0.1735448183598862,4,0.4591312853008276,2,2.1275,2.2,1.91,0.29000000000000026,0.1255736835487437,131.25,135.0,130.0,5.0,2.165063509461097,8.5,10.0,8.0,2.0,0.8660254037844386,5.5,6.0,4.0,2.0,0.8660254037844386,8.238642,8.43823,7.639878,0.7983520000000004,0.34569655658105725,6.5,8.0,6.0,2.0,0.8660254037844386,0,0,1,0,1
NiPb3,L12,111,0.0345926077434626,2,0.7129649243943277,2,1.8275000000000001,1.91,1.8,0.10999999999999988,0.04763139720814407,168.75,180.0,135.0,45.0,19.48557158514987,13.0,14.0,10.0,4.0,1.7320508075688772,5.5,6.0,4.0,2.0,0.8660254037844386,7.472479425,7.639878,7.4166799,0.2231981000000003,0.09664761233820988,9.5,10.0,8.0,2.0,0.8660254037844386,0,0,1,0,1
NiPd3,L12,111,-0.2528377025582529,2,0.1969460643013008,2,2.1275,2.2,1.91,0.29000000000000026,0.1255736835487437,138.75,140.0,135.0,5.0,2.165063509461097,10.0,10.0,10.0,0.0,0.0,4.75,5.0,4.0,1.0,0.4330127018922193,8.16259875,8.336839,7.639878,0.696960999999999,0.30179296572350267,9.5,10.0,8.0,2.0,0.8660254037844386,0,0,1,0,1
NiPt3,L12,111,-0.2480652339572486,4,0.4966914304968668,2,2.1275,2.2,1.91,0.29000000000000026,0.1255736835487437,135.0,135.0,135.0,0.0,0.0,10.0,10.0,10.0,0.0,0.0,5.5,6.0,4.0,2.0,0.8660254037844386,8.629092000000002,8.95883,7.639878,1.3189520000000003,0.5711229691861466,8.75,9.0,8.0,1.0,0.4330127018922193,0,0,1,0,1
NiRe3,L12,111,-0.5993545396549678,3,0.1088041741968481,2,1.9024999999999999,1.91,1.9,0.010000000000000009,0.004330127018922198,135.0,135.0,135.0,0.0,0.0,7.75,10.0,7.0,3.0,1.299038105676658,5.5,6.0,4.0,2.0,0.8660254037844386,7.7851095,7.83352,7.639878,0.19364199999999965,0.08384944561981299,5.75,8.0,5.0,3.0,1.299038105676658,0,0,1,0,1
NiRh3,L12,111,-0.3460794140619043,5,0.4999641436006641,2,2.1875,2.28,1.91,0.3699999999999999,0.1602146997001211,135.0,135.0,135.0,0.0,0.0,9.25,10.0,9.0,1.0,0.4330127018922193,4.75,5.0,4.0,1.0,0.4330127018922193,7.5041445,7.639878,7.4589,0.18097800000000053,0.0783657727630503,8.0,8.0,8.0,0.0,0.0,0,0,1,0,1
NiSn3,L12,111,0.1846612129457128,1,0.0,2,1.9475,1.96,1.91,0.050000000000000044,0.021650635094610987,142.5,145.0,135.0,10.0,4.330127018922194,13.0,14.0,10.0,4.0,1.7320508075688772,4.75,5.0,4.0,1.0,0.4330127018922193,7.417908,7.639878,7.343918,0.29596,0.12815443925202125,9.5,10.0,8.0,2.0,0.8660254037844386,0,0,1,0,1
NiTa3,L12,111,-1.0005866668570604,2,1.1318732945001102,2,1.6025,1.91,1.5,0.4099999999999999,0.1775352077758099,142.5,145.0,135.0,10.0,4.330127018922194,6.25,10.0,5.0,5.0,2.165063509461097,5.5,6.0,4.0,2.0,0.8660254037844386,7.57214775,7.639878,7.549571,0.09030700000000014,0.03910407806978071,4.25,8.0,3.0,5.0,2.165063509461097,0,0,1,0,1
NiTi3,L12,111,-1.049743079357512,3,0.3335036729986314,2,1.6325,1.91,1.54,0.3699999999999999,0.1602146997001211,138.75,140.0,135.0,5.0,2.165063509461097,5.5,10.0,4.0,6.0,2.598076211353316,4.0,4.0,4.0,0.0,0.0,7.0310595000000005,7.639878,6.82812,0.8117580000000002,0.35150152486262426,3.5,8.0,2.0,6.0,2.598076211353316,0,0,1,0,1
NiTl3,L12,111,0.8748961962419628,1,0.0,2,1.8275000000000001,1.91,1.8,0.10999999999999988,0.04763139720814407,176.25,190.0,135.0,55.0,23.81569860407206,12.25,13.0,10.0,3.0,1.299038105676658,5.5,6.0,4.0,2.0,0.8660254037844386,6.4911849749999995,7.639878,6.1082873,1.5315907000000006,0.6631982271999958,9.5,10.0,8.0,2.0,0.8660254037844386,0,0,1,0,1
NiV3,L12,111,-1.0122951810580787,3,0.2975017876015045,2,1.7,1.91,1.63,0.28,0.12124355652982143,135.0,135.0,135.0,0.0,0.0,6.25,10.0,5.0,5.0,2.165063509461097,4.0,4.0,4.0,0.0,0.0,6.96960975,7.639878,6.746187,0.8936910000000005,0.3869795545667596,4.25,8.0,3.0,5.0,2.165063509461097,0,0,1,0,1
NiW3,L12,111,-0.8927591092569571,4,1.07705228820123,2,1.7525,1.91,1.7,0.20999999999999996,0.09093266739736605,135.0,135.0,135.0,0.0,0.0,7.0,10.0,6.0,4.0,1.7320508075688772,5.5,6.0,4.0,2.0,0.8660254037844386,7.807992,7.86403,7.639878,0.22415199999999924,0.09706066315454441,5.0,8.0,4.0,4.0,1.7320508075688772,0,0,1,0,1
NiZn3,L12,111,0.1043096698495276,2,0.4062854172952939,2,1.7149999999999999,1.91,1.65,0.26,0.11258330249197702,135.0,135.0,135.0,0.0,0.0,11.5,12.0,10.0,2.0,0.8660254037844386,4.0,4.0,4.0,0.0,0.0,8.955617250000001,9.394197,7.639878,1.7543189999999997,0.7596424101708562,9.5,10.0,8.0,2.0,0.8660254037844386,0,0,1,0,1
NiZr3,L12,111,-0.9371754347584726,1,0.0,2,1.475,1.91,1.33,0.5799999999999998,0.25114736709748714,150.0,155.0,135.0,20.0,8.660254037844387,5.5,10.0,4.0,6.0,2.598076211353316,4.75,5.0,4.0,1.0,0.4330127018922193,6.885564,7.639878,6.634126,1.0057520000000002,0.4355033909535035,3.5,8.0,2.0,6.0,2.598076211353316,0,0,1,0,1
Os3Pb,L12,111,-0.3658332461590987,2,0.2411554471982526,2,2.1,2.2,1.8,0.40000000000000013,0.17320508075688779,142.5,180.0,130.0,50.0,21.650635094610966,9.5,14.0,8.0,6.0,2.598076211353316,6.0,6.0,6.0,0.0,0.0,8.182842475000001,8.43823,7.4166799,1.0215501000000007,0.44234416891926714,7.0,10.0,6.0,4.0,1.7320508075688772,0,0,1,0,1
Os3Pd,L12,111,-0.2917113412576952,6,0.6279399623017525,2,2.2,2.2,2.2,0.0,0.0,132.5,140.0,130.0,10.0,4.330127018922194,8.5,10.0,8.0,2.0,0.8660254037844386,5.75,6.0,5.0,1.0,0.4330127018922193,8.412882250000001,8.43823,8.336839,0.10139100000000134,0.04390359085755459,7.0,10.0,6.0,4.0,1.7320508075688772,0,0,1,0,1
Os3Pt,L12,111,-0.2725388804601323,5,0.3577317367962678,2,2.2,2.2,2.2,0.0,0.0,131.25,135.0,130.0,5.0,2.165063509461097,8.5,10.0,8.0,2.0,0.8660254037844386,6.0,6.0,6.0,0.0,0.0,8.568380000000001,8.95883,8.43823,0.5206,0.22542641260508936,6.75,9.0,6.0,3.0,1.299038105676658,0,0,1,0,1
Os3Re,L12,111,-0.3754388646584345,3,0.0994223693014646,2,2.125,2.2,1.9,0.30000000000000027,0.1299038105676659,131.25,135.0,130.0,5.0,2.165063509461097,7.75,8.0,7.0,1.0,0.4330127018922193,6.0,6.0,6.0,0.0,0.0,8.287052500000001,8.43823,7.83352,0.6047100000000007,0.26184711096124424,5.75,6.0,5.0,1.0,0.4330127018922193,0,0,1,0,1
Os3Rh,L12,111,-0.1966931344604461,3,0.1368942136032274,2,2.22,2.28,2.2,0.07999999999999963,0.034641016151377386,131.25,135.0,130.0,5.0,2.165063509461097,8.25,9.0,8.0,1.0,0.4330127018922193,5.75,6.0,5.0,1.0,0.4330127018922193,8.1933975,8.43823,7.4589,0.9793300000000009,0.4240623293441076,6.5,8.0,6.0,2.0,0.8660254037844386,0,0,1,0,1
Os3Ru,L12,111,-0.3224339460566341,5,0.5229027960995154,2,2.2,2.2,2.2,0.0,0.0,130.0,130.0,130.0,0.0,0.0,8.0,8.0,8.0,0.0,0.0,5.75,6.0,5.0,1.0,0.4330127018922193,8.1687975,8.43823,7.3605,1.0777300000000007,0.46667077921030187,6.25,7.0,6.0,1.0,0.4330127018922193,0,0,1,0,1
Os3Sc,L12,111,-0.5398432430547189,3,0.1794662875981885,2,1.9900000000000002,2.2,1.36,0.8400000000000001,0.36373066958946426,137.5,160.0,130.0,30.0,12.99038105676658,6.75,8.0,3.0,5.0,2.165063509461097,5.5,6.0,4.0,2.0,0.8660254037844386,7.969045,8.43823,6.56149,1.8767400000000007,0.812652258149204,4.75,6.0,1.0,5.0,2.165063509461097,0,0,1,0,1
Os3Sn,L12,111,-0.4112953051580632,3,0.1172542613021505,2,2.14,2.2,1.96,0.2400000000000002,0.10392304845413274,133.75,145.0,130.0,15.0,6.49519052838329,9.5,14.0,8.0,6.0,2.598076211353316,5.75,6.0,5.0,1.0,0.4330127018922193,8.164652,8.43823,7.343918,1.0943120000000004,0.4738509958330785,7.0,10.0,6.0,4.0,1.7320508075688772,0,0,1,0,1
Os3Ta,L12,111,-0.5704625806565389,4,1.112054019096831,2,2.0250000000000004,2.2,1.5,0.7000000000000002,0.3031088913245536,133.75,145.0,130.0,15.0,6.49519052838329,7.25,8.0,5.0,3.0,1.299038105676658,6.0,6.0,6.0,0.0,0.0,8.21606525,8.43823,7.549571,0.8886590000000005,0.38480063465083797,5.25,6.0,3.0,3.0,1.299038105676658,0,0,1,0,1
Os3Tc,L12,111,-0.4098113322570214,5,0.6429448634989967,2,2.1750000000000003,2.2,2.1,0.10000000000000009,0.043301270189221974,131.25,135.0,130.0,5.0,2.165063509461097,7.75,8.0,7.0,1.0,0.4330127018922193,5.75,6.0,5.0,1.0,0.4330127018922193,8.108517500000001,8.43823,7.11938,1.3188500000000012,0.571078801890554,5.75,6.0,5.0,1.0,0.4330127018922193,0,0,1,0,1
Os3Ti,L12,111,-0.5682607715561687,3,0.1364849544006574,2,2.035,2.2,1.54,0.6600000000000001,0.2857883832488648,132.5,140.0,130.0,10.0,4.330127018922194,7.0,8.0,4.0,4.0,1.7320508075688772,5.5,6.0,4.0,2.0,0.8660254037844386,8.035702500000001,8.43823,6.82812,1.6101100000000006,0.6971980814436816,5.0,6.0,2.0,4.0,1.7320508075688772,0,0,1,0,1
Os3V,L12,111,-0.517219154359708,6,1.1207623422014876,2,2.0575,2.2,1.63,0.5700000000000003,0.24681724007856512,131.25,135.0,130.0,5.0,2.165063509461097,7.25,8.0,5.0,3.0,1.299038105676658,5.5,6.0,4.0,2.0,0.8660254037844386,8.015219250000001,8.43823,6.746187,1.6920430000000009,0.7326761111478168,5.25,6.0,3.0,3.0,1.299038105676658,0,0,1,0,1
Os3W,L12,111,-0.4705925841544456,4,0.1277921417968173,2,2.075,2.2,1.7,0.5000000000000002,0.21650635094610976,131.25,135.0,130.0,5.0,2.165063509461097,7.5,8.0,6.0,2.0,0.8660254037844386,6.0,6.0,6.0,0.0,0.0,8.29468,8.43823,7.86403,0.5742000000000012,0.24863589342651282,5.5,6.0,4.0,2.0,0.8660254037844386,0,0,1,0,1
Os3Y,L12,111,-0.6374130613575915,7,1.70385644720227,2,1.955,2.2,1.22,0.9800000000000002,0.42435244785437504,142.5,180.0,130.0,50.0,21.650635094610966,6.75,8.0,3.0,5.0,2.165063509461097,5.75,6.0,5.0,1.0,0.4330127018922193,7.8829875000000005,8.43823,6.21726,2.220970000000001,0.9617082205215628,4.75,6.0,1.0,5.0,2.165063509461097,0,0,1,0,1
Os3Zn,L12,111,-0.3197572982598728,4,1.420684446406085,2,2.0625,2.2,1.65,0.5500000000000003,0.23815698604072075,131.25,135.0,130.0,5.0,2.165063509461097,9.0,12.0,8.0,4.0,1.7320508075688772,5.5,6.0,4.0,2.0,0.8660254037844386,8.677221750000001,9.394197,8.43823,0.9559669999999993,0.41394585358979896,7.0,10.0,6.0,4.0,1.7320508075688772,0,0,1,0,1
Os3Zr,L12,111,-0.6356328925566856,4,1.476629146898631,2,1.9825000000000002,2.2,1.33,0.8700000000000001,0.37672105064623085,136.25,155.0,130.0,25.0,10.825317547305483,7.0,8.0,4.0,4.0,1.7320508075688772,5.75,6.0,5.0,1.0,0.4330127018922193,7.987204,8.43823,6.634126,1.8041040000000006,0.7811999475345607,5.0,6.0,2.0,4.0,1.7320508075688772,0,0,1,0,1
OsPb3,L12,111,-0.5384339654583243,1,0.0,2,1.9000000000000001,2.2,1.8,0.40000000000000013,0.17320508075688779,167.5,180.0,130.0,50.0,21.650635094610966,12.5,14.0,8.0,6.0,2.598076211353316,6.0,6.0,6.0,0.0,0.0,7.672067425000001,8.43823,7.4166799,1.0215501000000007,0.44234416891926714,9.0,10.0,6.0,4.0,1.7320508075688772,0,0,1,0,1
OsPd3,L12,111,-0.4275063510603729,5,0.7136019429017324,2,2.2,2.2,2.2,0.0,0.0,137.5,140.0,130.0,10.0,4.330127018922194,9.5,10.0,8.0,2.0,0.8660254037844386,5.25,6.0,5.0,1.0,0.4330127018922193,8.36218675,8.43823,8.336839,0.10139100000000134,0.04390359085755459,9.0,10.0,6.0,4.0,1.7320508075688772,0,0,1,0,1
OsPt3,L12,111,-0.2164556741617787,3,0.1740378887043334,2,2.2,2.2,2.2,0.0,0.0,133.75,135.0,130.0,5.0,2.165063509461097,9.5,10.0,8.0,2.0,0.8660254037844386,6.0,6.0,6.0,0.0,0.0,8.828680000000002,8.95883,8.43823,0.5206,0.22542641260508936,8.25,9.0,6.0,3.0,1.299038105676658,0,0,1,0,1
OsRe3,L12,111,-0.5212702491580501,4,0.2308794763011974,2,1.9749999999999999,2.2,1.9,0.30000000000000027,0.1299038105676659,133.75,135.0,130.0,5.0,2.165063509461097,7.25,8.0,7.0,1.0,0.4330127018922193,6.0,6.0,6.0,0.0,0.0,7.9846975,8.43823,7.83352,0.6047100000000007,0.2618471109612443,5.25,6.0,5.0,1.0,0.4330127018922193,0,0,1,0,1
OsRh3,L12,111,-0.3162123352585411,8,0.324119555298239,2,2.26,2.28,2.2,0.07999999999999963,0.034641016151377386,133.75,135.0,130.0,5.0,2.165063509461097,8.75,9.0,8.0,1.0,0.4330127018922193,5.25,6.0,5.0,1.0,0.4330127018922193,7.7037325,8.43823,7.4589,0.9793300000000009,0.4240623293441076,7.5,8.0,6.0,2.0,0.8660254037844386,0,0,1,0,1
OsRu3,L12,111,-0.4004157856570316,4,0.2640011726980447,2,2.2,2.2,2.2,0.0,0.0,130.0,130.0,130.0,0.0,0.0,8.0,8.0,8.0,0.0,0.0,5.25,6.0,5.0,1.0,0.4330127018922193,7.6299325,8.43823,7.3605,1.0777300000000007,0.46667077921030187,6.75,7.0,6.0,1.0,0.4330127018922193,0,0,1,0,1
OsSc3,L12,111,-1.1284099655594844,2,0.0018831638008123,2,1.57,2.2,1.36,0.8400000000000001,0.36373066958946426,152.5,160.0,130.0,30.0,12.99038105676658,4.25,8.0,3.0,5.0,2.165063509461097,4.5,6.0,4.0,2.0,0.8660254037844386,7.0306750000000005,8.43823,6.56149,1.8767400000000007,0.812652258149204,2.25,6.0,1.0,5.0,2.165063509461097,0,0,1,0,1
OsSn3,L12,111,-0.3469573893553104,3,1.5642547009992995,2,2.02,2.2,1.96,0.2400000000000002,0.10392304845413274,141.25,145.0,130.0,15.0,6.49519052838329,12.5,14.0,8.0,6.0,2.598076211353316,5.25,6.0,5.0,1.0,0.4330127018922193,7.617496,8.43823,7.343918,1.0943120000000004,0.4738509958330785,9.0,10.0,6.0,4.0,1.7320508075688772,0,0,1,0,1
OsTa3,L12,111,-1.04215300805933,5,0.8691469750992837,2,1.675,2.2,1.5,0.7000000000000002,0.3031088913245536,141.25,145.0,130.0,15.0,6.49519052838329,5.75,8.0,5.0,3.0,1.299038105676658,6.0,6.0,6.0,0.0,0.0,7.77173575,8.43823,7.549571,0.8886590000000005,0.38480063465083797,3.75,6.0,3.0,3.0,1.299038105676658,0,0,1,0,1
OsTc3,L12,111,-0.5683892093574912,3,0.2098005859988916,2,2.125,2.2,2.1,0.10000000000000009,0.043301270189221974,133.75,135.0,130.0,5.0,2.165063509461097,7.25,8.0,7.0,1.0,0.4330127018922193,5.25,6.0,5.0,1.0,0.4330127018922193,7.4490925,8.43823,7.11938,1.3188500000000012,0.571078801890554,5.25,6.0,5.0,1.0,0.4330127018922193,0,0,1,0,1
OsTi3,L12,111,-1.0860901411606108,2,0.0158000178998918,2,1.705,2.2,1.54,0.6600000000000001,0.2857883832488648,137.5,140.0,130.0,10.0,4.330127018922194,5.0,8.0,4.0,4.0,1.7320508075688772,4.5,6.0,4.0,2.0,0.8660254037844386,7.230647500000001,8.43823,6.82812,1.6101100000000006,0.6971980814436816,3.0,6.0,2.0,4.0,1.7320508075688772,0,0,1,0,1
OsTl3,L12,111,1.019189321244113,1,0.0,2,1.9000000000000001,2.2,1.8,0.40000000000000013,0.17320508075688779,175.0,190.0,130.0,60.0,25.98076211353316,11.75,13.0,8.0,5.0,2.165063509461097,6.0,6.0,6.0,0.0,0.0,6.690772975,8.43823,6.1082873,2.329942700000001,1.0088947837810531,9.0,10.0,6.0,4.0,1.7320508075688772,0,0,1,0,1
OsV3,L12,111,-1.190190147360198,1,0.0,2,1.7725,2.2,1.63,0.5700000000000003,0.24681724007856512,133.75,135.0,130.0,5.0,2.165063509461097,5.75,8.0,5.0,3.0,1.299038105676658,4.5,6.0,4.0,2.0,0.8660254037844386,7.16919775,8.43823,6.746187,1.6920430000000009,0.7326761111478168,3.75,6.0,3.0,3.0,1.299038105676658,0,0,1,0,1
OsW3,L12,111,-0.8617310566578169,5,0.7191110236999521,2,1.825,2.2,1.7,0.5000000000000002,0.21650635094610976,133.75,135.0,130.0,5.0,2.165063509461097,6.5,8.0,6.0,2.0,0.8660254037844386,6.0,6.0,6.0,0.0,0.0,8.00758,8.43823,7.86403,0.5742000000000012,0.24863589342651282,4.5,6.0,4.0,2.0,0.8660254037844386,0,0,1,0,1
OsY3,L12,111,-1.0267817055564308,2,0.8870916583000508,2,1.465,2.2,1.22,0.9800000000000002,0.42435244785437504,167.5,180.0,130.0,50.0,21.650635094610966,4.25,8.0,3.0,5.0,2.165063509461097,5.25,6.0,5.0,1.0,0.4330127018922193,6.7725025,8.43823,6.21726,2.220970000000001,0.9617082205215628,2.25,6.0,1.0,5.0,2.165063509461097,0,0,1,0,1
OsZn3,L12,111,-0.6151028558515179,3,1.525448546395637,2,1.7874999999999999,2.2,1.65,0.5500000000000003,0.23815698604072075,133.75,135.0,130.0,5.0,2.165063509461097,11.0,12.0,8.0,4.0,1.7320508075688772,4.5,6.0,4.0,2.0,0.8660254037844386,9.155205250000002,9.394197,8.43823,0.9559669999999993,0.41394585358979896,9.0,10.0,6.0,4.0,1.7320508075688772,0,0,1,0,1
OsZr3,L12,111,-0.9961365170592842,3,0.1833878562028985,2,1.5475,2.2,1.33,0.8700000000000001,0.37672105064623085,148.75,155.0,130.0,25.0,10.825317547305483,5.0,8.0,4.0,4.0,1.7320508075688772,5.25,6.0,5.0,1.0,0.4330127018922193,7.085152,8.43823,6.634126,1.8041040000000006,0.7811999475345607,3.0,6.0,2.0,4.0,1.7320508075688772,0,0,1,0,1
Pb3Pd,L12,111,0.3774316903445935,3,0.5704338725990965,2,1.9000000000000001,2.2,1.8,0.40000000000000013,0.17320508075688779,170.0,180.0,140.0,40.0,17.320508075688775,13.0,14.0,10.0,4.0,1.7320508075688772,5.75,6.0,5.0,1.0,0.4330127018922193,7.646719675,8.336839,7.4166799,0.9201590999999993,0.3984405780617125,10.0,10.0,10.0,0.0,0.0,0,0,1,0,1
Pb3Pt,L12,111,-0.0984637121609637,2,0.9538659452009596,2,1.9000000000000001,2.2,1.8,0.40000000000000013,0.17320508075688779,168.75,180.0,135.0,45.0,19.48557158514987,13.0,14.0,10.0,4.0,1.7320508075688772,6.0,6.0,6.0,0.0,0.0,7.802217425,8.95883,7.4166799,1.5421501000000006,0.6677705815243565,9.75,10.0,9.0,1.0,0.4330127018922193,0,0,1,0,1
Pb3Re,L12,111,-0.5563624579581017,3,1.7068064333980146,2,1.8250000000000002,1.9,1.8,0.09999999999999987,0.04330127018922188,168.75,180.0,135.0,45.0,19.48557158514987,12.25,14.0,7.0,7.0,3.031088913245535,6.0,6.0,6.0,0.0,0.0,7.5208899250000005,7.83352,7.4166799,0.41684009999999994,0.18049705795802287,8.75,10.0,5.0,5.0,2.165063509461097,0,0,1,0,1
Pb3Rh,L12,111,-0.0153880375573578,5,1.1559995876996254,2,1.92,2.28,1.8,0.47999999999999976,0.2078460969082652,168.75,180.0,135.0,45.0,19.48557158514987,12.75,14.0,9.0,5.0,2.165063509461097,5.75,6.0,5.0,1.0,0.4330127018922193,7.4272349250000005,7.4589,7.4166799,0.04222009999999976,0.018281839575159588,9.5,10.0,8.0,2.0,0.8660254037844386,0,0,1,0,1
Pb3Ru,L12,111,0.8688117308420544,2,0.2489664749991789,2,1.9000000000000001,2.2,1.8,0.40000000000000013,0.17320508075688779,167.5,180.0,130.0,50.0,21.650635094610966,12.5,14.0,8.0,6.0,2.598076211353316,5.75,6.0,5.0,1.0,0.4330127018922193,7.402634925000001,7.4166799,7.3605,0.05617990000000006,0.02432661029103472,9.25,10.0,7.0,3.0,1.299038105676658,0,0,1,0,1
Pb3Sc,L12,111,0.2283633756424308,3,0.7029629721000674,2,1.6900000000000002,1.8,1.36,0.43999999999999995,0.19052558883257648,175.0,180.0,160.0,20.0,8.660254037844387,11.25,14.0,3.0,11.0,4.763139720814412,5.5,6.0,4.0,2.0,0.8660254037844386,7.202882425,7.4166799,6.56149,0.8551899000000001,0.37030808922993685,7.75,10.0,1.0,9.0,3.897114317029974,0,0,1,0,1
Pb3Sn,L12,111,0.5312258060412489,3,0.2226104808978561,2,1.84,1.96,1.8,0.15999999999999992,0.06928203230275505,171.25,180.0,145.0,35.0,15.155444566227676,14.0,14.0,14.0,0.0,0.0,5.75,6.0,5.0,1.0,0.4330127018922193,7.398489425000001,7.4166799,7.343918,0.07276189999999971,0.03150682691381135,10.0,10.0,10.0,0.0,0.0,0,0,1,0,1
Pb3Ta,L12,111,-0.4237616564559801,4,1.5783659804001218,2,1.725,1.8,1.5,0.30000000000000004,0.1299038105676658,171.25,180.0,145.0,35.0,15.155444566227676,11.75,14.0,5.0,9.0,3.897114317029974,6.0,6.0,6.0,0.0,0.0,7.449902675000001,7.549571,7.4166799,0.13289110000000015,0.057543534268429175,8.25,10.0,3.0,7.0,3.031088913245535,0,0,1,0,1
Pb3Tc,L12,111,-0.2692272550584391,3,1.4218594339981792,2,1.875,2.1,1.8,0.30000000000000004,0.1299038105676658,168.75,180.0,135.0,45.0,19.48557158514987,12.25,14.0,7.0,7.0,3.031088913245535,5.75,6.0,5.0,1.0,0.4330127018922193,7.342354925,7.4166799,7.11938,0.2972999000000005,0.12873463297128684,8.75,10.0,5.0,5.0,2.165063509461097,0,0,1,0,1
Pb3Ti,L12,111,-0.033616127256181,4,1.2585560281986543,2,1.735,1.8,1.54,0.26,0.11258330249197702,170.0,180.0,140.0,40.0,17.320508075688775,11.5,14.0,4.0,10.0,4.330127018922194,5.5,6.0,4.0,2.0,0.8660254037844386,7.269539925,7.4166799,6.82812,0.5885598999999999,0.25485391252441436,8.0,10.0,2.0,8.0,3.4641016151377544,0,0,1,0,1
Pb3Tl,L12,111,0.6826507625419538,7,0.5832407743982913,2,1.8,1.8,1.8,0.0,0.0,182.5,190.0,180.0,10.0,4.330127018922194,13.75,14.0,13.0,1.0,0.4330127018922193,6.0,6.0,6.0,0.0,0.0,7.089581750000001,7.4166799,6.1082873,1.3083926000000003,0.5665506148617859,10.0,10.0,10.0,0.0,0.0,0,0,1,0,1
Pb3V,L12,111,-0.1251315486578903,4,1.2896455784029968,2,1.7575,1.8,1.63,0.17000000000000015,0.07361215932167735,168.75,180.0,135.0,45.0,19.48557158514987,11.75,14.0,5.0,9.0,3.897114317029974,5.5,6.0,4.0,2.0,0.8660254037844386,7.249056675,7.4166799,6.746187,0.6704929000000002,0.2903319422285497,8.25,10.0,3.0,7.0,3.031088913245535,0,0,1,0,1
Pb3W,L12,111,-0.4990932433601927,2,1.3385985859022185,2,1.7750000000000001,1.8,1.7,0.10000000000000009,0.043301270189221974,168.75,180.0,135.0,45.0,19.48557158514987,12.0,14.0,6.0,8.0,3.4641016151377544,6.0,6.0,6.0,0.0,0.0,7.528517425,7.86403,7.4166799,0.44735009999999953,0.1937082754927543,8.5,10.0,4.0,6.0,2.598076211353316,0,0,1,0,1
Pb3Y,L12,111,0.3865192040402974,6,0.516628259101708,2,1.655,1.8,1.22,0.5800000000000001,0.25114736709748725,180.0,180.0,180.0,0.0,0.0,11.25,14.0,3.0,11.0,4.763139720814412,5.75,6.0,5.0,1.0,0.4330127018922193,7.116824925,7.4166799,6.21726,1.1994199000000005,0.5193640516022957,7.75,10.0,1.0,9.0,3.897114317029974,0,0,1,0,1
Pb3Zn,L12,111,0.4224809526431556,2,0.3750364082006854,2,1.7625000000000002,1.8,1.65,0.15000000000000013,0.06495190528383295,168.75,180.0,135.0,45.0,19.48557158514987,13.5,14.0,12.0,2.0,0.8660254037844386,5.5,6.0,4.0,2.0,0.8660254037844386,7.911059175,9.394197,7.4166799,1.9775171,0.856290022509066,10.0,10.0,10.0,0.0,0.0,0,0,1,0,1
Pb3Zr,L12,111,-0.0798130297580144,4,1.3143314738008485,2,1.6825,1.8,1.33,0.47,0.20351596988934306,173.75,180.0,155.0,25.0,10.825317547305483,11.5,14.0,4.0,10.0,4.330127018922194,5.75,6.0,5.0,1.0,0.4330127018922193,7.221041425000001,7.4166799,6.634126,0.7825538999999999,0.3388557786152936,8.0,10.0,2.0,8.0,3.4641016151377544,0,0,1,0,1
PbPd3,L12,111,-0.3146214216603482,3,1.565367646602681,2,2.1,2.2,1.8,0.40000000000000013,0.17320508075688779,150.0,180.0,140.0,40.0,17.320508075688775,11.0,14.0,10.0,4.0,1.7320508075688772,5.25,6.0,5.0,1.0,0.4330127018922193,8.106799225,8.336839,7.4166799,0.9201590999999993,0.3984405780617125,10.0,10.0,10.0,0.0,0.0,0,0,1,0,1
PbPt3,L12,111,-0.3692775270601203,3,0.2033514880022267,2,2.1,2.2,1.8,0.40000000000000013,0.17320508075688779,146.25,180.0,135.0,45.0,19.48557158514987,11.0,14.0,10.0,4.0,1.7320508075688772,6.0,6.0,6.0,0.0,0.0,8.573292475,8.95883,7.4166799,1.5421501000000006,0.6677705815243565,9.25,10.0,9.0,1.0,0.4330127018922193,0,0,1,0,1
PbRh3,L12,111,-0.4634393915575572,2,0.0663189043989405,2,2.16,2.28,1.8,0.47999999999999976,0.2078460969082652,146.25,180.0,135.0,45.0,19.48557158514987,10.25,14.0,9.0,5.0,2.165063509461097,5.25,6.0,5.0,1.0,0.4330127018922193,7.4483449749999995,7.4589,7.4166799,0.04222009999999976,0.018281839575159588,8.5,10.0,8.0,2.0,0.8660254037844386,0,0,1,0,1
PbRu3,L12,111,-0.4525665388564164,3,0.5250893667980563,2,2.1,2.2,1.8,0.40000000000000013,0.17320508075688779,142.5,180.0,130.0,50.0,21.650635094610966,9.5,14.0,8.0,6.0,2.598076211353316,5.25,6.0,5.0,1.0,0.4330127018922193,7.374544974999999,7.4166799,7.3605,0.05617990000000006,0.02432661029103472,7.75,10.0,7.0,3.0,1.299038105676658,0,0,1,0,1
PbSc3,L12,111,-1.1693530301590442,2,0.0157681806012988,2,1.47,1.8,1.36,0.43999999999999995,0.19052558883257648,165.0,180.0,160.0,20.0,8.660254037844387,5.75,14.0,3.0,11.0,4.763139720814412,4.5,6.0,4.0,2.0,0.8660254037844386,6.775287475000001,7.4166799,6.56149,0.8551899000000001,0.3703080892299369,3.25,10.0,1.0,9.0,3.897114317029974,0,0,1,0,1
PbSn3,L12,111,0.5401982156409133,4,0.2033408754978154,2,1.92,1.96,1.8,0.15999999999999992,0.06928203230275505,153.75,180.0,145.0,35.0,15.155444566227676,14.0,14.0,14.0,0.0,0.0,5.25,6.0,5.0,1.0,0.4330127018922193,7.362108474999999,7.4166799,7.343918,0.07276189999999971,0.03150682691381135,10.0,10.0,10.0,0.0,0.0,0,0,1,0,1
PbTa3,L12,111,-1.0422403565598586,2,0.1025613385027099,2,1.575,1.8,1.5,0.30000000000000004,0.1299038105676658,153.75,180.0,145.0,35.0,15.155444566227676,7.25,14.0,5.0,9.0,3.897114317029974,6.0,6.0,6.0,0.0,0.0,7.516348225,7.549571,7.4166799,0.13289110000000015,0.057543534268429175,4.75,10.0,3.0,7.0,3.031088913245535,0,0,1,0,1
PbTc3,L12,111,-0.5291438630583514,2,0.2294393137999577,2,2.0250000000000004,2.1,1.8,0.30000000000000004,0.1299038105676658,146.25,180.0,135.0,45.0,19.48557158514987,8.75,14.0,7.0,7.0,3.031088913245535,5.25,6.0,5.0,1.0,0.4330127018922193,7.193704974999999,7.4166799,7.11938,0.2972999000000005,0.12873463297128684,6.25,10.0,5.0,5.0,2.165063509461097,0,0,1,0,1
PbTi3,L12,111,-1.1063676562580156,2,0.0005597382005362,2,1.605,1.8,1.54,0.26,0.11258330249197702,150.0,180.0,140.0,40.0,17.320508075688775,6.5,14.0,4.0,10.0,4.330127018922194,4.5,6.0,4.0,2.0,0.8660254037844386,6.975259975,7.4166799,6.82812,0.5885598999999999,0.25485391252441436,4.0,10.0,2.0,8.0,3.4641016151377544,0,0,1,0,1
PbTl3,L12,111,0.6637309594416649,5,0.2536949972018192,2,1.8,1.8,1.8,0.0,0.0,187.5,190.0,180.0,10.0,4.330127018922194,13.25,14.0,13.0,1.0,0.4330127018922193,6.0,6.0,6.0,0.0,0.0,6.43538545,7.4166799,6.1082873,1.3083926000000003,0.5665506148617859,10.0,10.0,10.0,0.0,0.0,0,0,1,0,1
PbV3,L12,111,-0.9390292102570754,2,0.0134508590999757,2,1.6724999999999999,1.8,1.63,0.17000000000000015,0.07361215932167735,146.25,180.0,135.0,45.0,19.48557158514987,7.25,14.0,5.0,9.0,3.897114317029974,4.5,6.0,4.0,2.0,0.8660254037844386,6.913810225000001,7.4166799,6.746187,0.6704929000000002,0.2903319422285497,4.75,10.0,3.0,7.0,3.031088913245535,0,0,1,0,1
PbW3,L12,111,-0.7618633730589579,2,0.3955713430004834,2,1.7249999999999999,1.8,1.7,0.10000000000000009,0.043301270189221974,146.25,180.0,135.0,45.0,19.48557158514987,8.0,14.0,6.0,8.0,3.4641016151377544,6.0,6.0,6.0,0.0,0.0,7.752192474999999,7.86403,7.4166799,0.44735009999999953,0.1937082754927543,5.5,10.0,4.0,6.0,2.598076211353316,0,0,1,0,1
PbY3,L12,111,-1.103241068255528,3,2.281220923399814,2,1.365,1.8,1.22,0.5800000000000001,0.25114736709748725,180.0,180.0,180.0,0.0,0.0,5.75,14.0,3.0,11.0,4.763139720814412,5.25,6.0,5.0,1.0,0.4330127018922193,6.517114975,7.4166799,6.21726,1.1994199000000005,0.5193640516022958,3.25,10.0,1.0,9.0,3.897114317029974,0,0,1,0,1
PbZn3,L12,111,0.5020718014430088,5,0.1421479155033012,2,1.6874999999999998,1.8,1.65,0.15000000000000013,0.06495190528383295,146.25,180.0,135.0,45.0,19.48557158514987,12.5,14.0,12.0,2.0,0.8660254037844386,4.5,6.0,4.0,2.0,0.8660254037844386,8.899817725,9.394197,7.4166799,1.9775171,0.856290022509066,10.0,10.0,10.0,0.0,0.0,0,0,1,0,1
PbZr3,L12,111,-1.0787992590585134,2,0.041824305197224,2,1.4475,1.8,1.33,0.47,0.20351596988934306,161.25,180.0,155.0,25.0,10.825317547305483,6.5,14.0,4.0,10.0,4.330127018922194,5.25,6.0,5.0,1.0,0.4330127018922193,6.829764474999999,7.4166799,6.634126,0.7825538999999999,0.3388557786152936,4.0,10.0,2.0,8.0,3.4641016151377544,0,0,1,0,1
Pd3Pt,L12,111,-0.3042111625536279,8,0.4767144651996204,2,2.2,2.2,2.2,0.0,0.0,138.75,140.0,135.0,5.0,2.165063509461097,10.0,10.0,10.0,0.0,0.0,5.25,6.0,5.0,1.0,0.4330127018922193,8.49233675,8.95883,8.336839,0.6219910000000013,0.26933000346264396,9.75,10.0,9.0,1.0,0.4330127018922193,0,0,1,0,1
Pd3Re,L12,111,-0.4208409225566072,6,0.7776472001969523,2,2.125,2.2,1.9,0.30000000000000027,0.1299038105676659,138.75,140.0,135.0,5.0,2.165063509461097,9.25,10.0,7.0,3.0,1.299038105676658,5.25,6.0,5.0,1.0,0.4330127018922193,8.21100925,8.336839,7.83352,0.5033189999999994,0.2179435201036897,8.75,10.0,5.0,5.0,2.165063509461097,0,0,1,0,1
Pd3Rh,L12,111,-0.3009608988604384,8,0.4762718720994598,2,2.22,2.28,2.2,0.07999999999999963,0.034641016151377386,138.75,140.0,135.0,5.0,2.165063509461097,9.75,10.0,9.0,1.0,0.4330127018922193,5.0,5.0,5.0,0.0,0.0,8.11735425,8.336839,7.4589,0.8779389999999996,0.38015873848655296,9.5,10.0,8.0,2.0,0.8660254037844386,0,0,1,0,1
Pd3Ru,L12,111,-0.2929378944599818,8,0.5206709184021747,2,2.2,2.2,2.2,0.0,0.0,137.5,140.0,130.0,10.0,4.330127018922194,9.5,10.0,8.0,2.0,0.8660254037844386,5.0,5.0,5.0,0.0,0.0,8.09275425,8.336839,7.3605,0.9763389999999994,0.4227671883527473,9.25,10.0,7.0,3.0,1.299038105676658,0,0,1,0,1
Pd3Sc,L12,111,-0.4619620854600441,4,1.3745992467011092,2,1.9900000000000002,2.2,1.36,0.8400000000000001,0.36373066958946426,145.0,160.0,140.0,20.0,8.660254037844387,8.25,10.0,3.0,7.0,3.031088913245535,4.75,5.0,4.0,1.0,0.4330127018922193,7.89300175,8.336839,6.56149,1.7753489999999994,0.7687486672916495,7.75,10.0,1.0,9.0,3.897114317029974,0,0,1,0,1
Pd3Sn,L12,111,-0.2572142454582433,3,1.203326034697966,2,2.14,2.2,1.96,0.2400000000000002,0.10392304845413274,141.25,145.0,140.0,5.0,2.165063509461097,11.0,14.0,10.0,4.0,1.7320508075688772,5.0,5.0,5.0,0.0,0.0,8.08860875,8.336839,7.343918,0.992920999999999,0.4299474049755239,10.0,10.0,10.0,0.0,0.0,0,0,1,0,1
Pd3Ta,L12,111,-0.2494644433563451,4,0.5870771713998693,2,2.0250000000000004,2.2,1.5,0.7000000000000002,0.3031088913245536,141.25,145.0,140.0,5.0,2.165063509461097,8.75,10.0,5.0,5.0,2.165063509461097,5.25,6.0,5.0,1.0,0.4330127018922193,8.140022,8.336839,7.549571,0.7872679999999992,0.3408970437932834,8.25,10.0,3.0,7.0,3.031088913245535,0,0,1,0,1
Pd3Tc,L12,111,-0.3018165607563503,2,0.0494973711975035,2,2.1750000000000003,2.2,2.1,0.10000000000000009,0.043301270189221974,138.75,140.0,135.0,5.0,2.165063509461097,9.25,10.0,7.0,3.0,1.299038105676658,5.0,5.0,5.0,0.0,0.0,8.03247425,8.336839,7.11938,1.2174589999999998,0.5271752110329994,8.75,10.0,5.0,5.0,2.165063509461097,0,0,1,0,1
Pd3Ti,L12,111,-0.284559373259043,3,0.1764515384020342,2,2.035,2.2,1.54,0.6600000000000001,0.2857883832488648,140.0,140.0,140.0,0.0,0.0,8.5,10.0,4.0,6.0,2.598076211353316,4.75,5.0,4.0,1.0,0.4330127018922193,7.95965925,8.336839,6.82812,1.5087189999999993,0.6532944905861269,8.0,10.0,2.0,8.0,3.4641016151377544,0,0,1,0,1
Pd3Tl,L12,111,-0.2901782518592597,3,1.797891098598484,2,2.1,2.2,1.8,0.40000000000000013,0.17320508075688779,152.5,190.0,140.0,50.0,21.650635094610966,10.75,13.0,10.0,3.0,1.299038105676658,5.25,6.0,5.0,1.0,0.4330127018922193,7.779701075,8.336839,6.1082873,2.2285516999999997,0.9649911929234984,10.0,10.0,10.0,0.0,0.0,0,0,1,0,1
Pd3V,L12,111,-0.2213671927592884,5,0.4637057910003932,2,2.0575,2.2,1.63,0.5700000000000003,0.24681724007856512,138.75,140.0,135.0,5.0,2.165063509461097,8.75,10.0,5.0,5.0,2.165063509461097,4.75,5.0,4.0,1.0,0.4330127018922193,7.939176,8.336839,6.746187,1.5906519999999995,0.6887725202902623,8.25,10.0,3.0,7.0,3.031088913245535,0,0,1,0,1
Pd3W,L12,111,-0.3618263698581074,3,0.73655896299897,2,2.075,2.2,1.7,0.5000000000000002,0.21650635094610976,138.75,140.0,135.0,5.0,2.165063509461097,9.0,10.0,6.0,4.0,1.7320508075688772,5.25,6.0,5.0,1.0,0.4330127018922193,8.21863675,8.336839,7.86403,0.4728089999999998,0.20473230256895827,8.5,10.0,4.0,6.0,2.598076211353316,0,0,1,0,1
Pd3Y,L12,111,-0.4990907942546698,5,1.559333522196539,2,1.955,2.2,1.22,0.9800000000000002,0.42435244785437504,150.0,180.0,140.0,40.0,17.320508075688775,8.25,10.0,3.0,7.0,3.031088913245535,5.0,5.0,5.0,0.0,0.0,7.80694425,8.336839,6.21726,2.119579,0.9178046296640082,7.75,10.0,1.0,9.0,3.897114317029974,0,0,1,0,1
Pd3Zn,L12,111,-0.201806289557652,3,1.0915151386943762,2,2.0625,2.2,1.65,0.5500000000000003,0.23815698604072075,138.75,140.0,135.0,5.0,2.165063509461097,10.5,12.0,10.0,2.0,0.8660254037844386,4.75,5.0,4.0,1.0,0.4330127018922193,8.6011785,9.394197,8.336839,1.0573580000000007,0.45784944444735354,10.0,10.0,10.0,0.0,0.0,0,0,1,0,1
Pd3Zr,L12,111,-0.2776876824600265,4,0.8252992314010044,2,1.9825000000000002,2.2,1.33,0.8700000000000001,0.37672105064623085,143.75,155.0,140.0,15.0,6.49519052838329,8.5,10.0,4.0,6.0,2.598076211353316,5.0,5.0,5.0,0.0,0.0,7.9111607500000005,8.336839,6.634126,1.7027129999999993,0.7372963566770061,8.0,10.0,2.0,8.0,3.4641016151377544,0,0,1,0,1
PdPt3,L12,111,-0.2856422502581779,6,0.0814583659957861,2,2.2,2.2,2.2,0.0,0.0,136.25,140.0,135.0,5.0,2.165063509461097,10.0,10.0,10.0,0.0,0.0,5.75,6.0,5.0,1.0,0.4330127018922193,8.80333225,8.95883,8.336839,0.6219910000000013,0.26933000346264396,9.25,10.0,9.0,1.0,0.4330127018922193,0,0,1,0,1
PdRe3,L12,111,-0.7395368407587455,3,0.2695627714019792,2,1.9749999999999999,2.2,1.9,0.30000000000000027,0.1299038105676659,136.25,140.0,135.0,5.0,2.165063509461097,7.75,10.0,7.0,3.0,1.299038105676658,5.75,6.0,5.0,1.0,0.4330127018922193,7.9593497499999994,8.336839,7.83352,0.5033189999999994,0.2179435201036897,6.25,10.0,5.0,5.0,2.165063509461097,0,0,1,0,1
PdRh3,L12,111,-0.3802535108579548,6,0.2539543216007587,2,2.26,2.28,2.2,0.07999999999999963,0.034641016151377386,136.25,140.0,135.0,5.0,2.165063509461097,9.25,10.0,9.0,1.0,0.4330127018922193,5.0,5.0,5.0,0.0,0.0,7.678384749999999,8.336839,7.4589,0.8779389999999996,0.38015873848655296,8.5,10.0,8.0,2.0,0.8660254037844386,0,0,1,0,1
PdRu3,L12,111,-0.4156532082551791,4,0.3737748884996108,2,2.2,2.2,2.2,0.0,0.0,132.5,140.0,130.0,10.0,4.330127018922194,8.5,10.0,8.0,2.0,0.8660254037844386,5.0,5.0,5.0,0.0,0.0,7.604584749999999,8.336839,7.3605,0.9763389999999994,0.4227671883527473,7.75,10.0,7.0,3.0,1.299038105676658,0,0,1,0,1
PdSc3,L12,111,-1.1533185860562014,4,1.3312872952010366,2,1.57,2.2,1.36,0.8400000000000001,0.36373066958946426,155.0,160.0,140.0,20.0,8.660254037844387,4.75,10.0,3.0,7.0,3.031088913245535,4.25,5.0,4.0,1.0,0.4330127018922193,7.005327250000001,8.336839,6.56149,1.7753489999999994,0.7687486672916494,3.25,10.0,1.0,9.0,3.897114317029974,0,0,1,0,1
PdSn3,L12,111,0.5187282976449126,3,0.4326776023990533,2,2.02,2.2,1.96,0.2400000000000002,0.10392304845413274,143.75,145.0,140.0,5.0,2.165063509461097,13.0,14.0,10.0,4.0,1.7320508075688772,5.0,5.0,5.0,0.0,0.0,7.592148249999999,8.336839,7.343918,0.992920999999999,0.4299474049755239,10.0,10.0,10.0,0.0,0.0,0,0,1,0,1
PdTa3,L12,111,-1.005359951758663,4,0.3939866881009948,2,1.675,2.2,1.5,0.7000000000000002,0.3031088913245536,143.75,145.0,140.0,5.0,2.165063509461097,6.25,10.0,5.0,5.0,2.165063509461097,5.75,6.0,5.0,1.0,0.4330127018922193,7.746388,8.336839,7.549571,0.7872679999999992,0.3408970437932834,4.75,10.0,3.0,7.0,3.031088913245535,0,0,1,0,1
PdTc3,L12,111,-0.7132511882582264,4,1.0403865810985735,2,2.125,2.2,2.1,0.10000000000000009,0.043301270189221974,136.25,140.0,135.0,5.0,2.165063509461097,7.75,10.0,7.0,3.0,1.299038105676658,5.0,5.0,5.0,0.0,0.0,7.423744749999999,8.336839,7.11938,1.2174589999999998,0.5271752110329994,6.25,10.0,5.0,5.0,2.165063509461097,0,0,1,0,1
PdTi3,L12,111,-1.0612775767576466,3,0.4612167656996462,2,1.705,2.2,1.54,0.6600000000000001,0.2857883832488648,140.0,140.0,140.0,0.0,0.0,5.5,10.0,4.0,6.0,2.598076211353316,4.25,5.0,4.0,1.0,0.4330127018922193,7.20529975,8.336839,6.82812,1.5087189999999993,0.6532944905861269,4.0,10.0,2.0,8.0,3.4641016151377544,0,0,1,0,1
PdTl3,L12,111,0.2143964526449338,3,0.806495348799217,2,1.9000000000000001,2.2,1.8,0.40000000000000013,0.17320508075688779,177.5,190.0,140.0,50.0,21.650635094610966,12.25,13.0,10.0,3.0,1.299038105676658,5.75,6.0,5.0,1.0,0.4330127018922193,6.665425225,8.336839,6.1082873,2.2285516999999997,0.9649911929234984,10.0,10.0,10.0,0.0,0.0,0,0,1,0,1
PdV3,L12,111,-0.998508397357881,1,0.0,2,1.7725,2.2,1.63,0.5700000000000003,0.24681724007856512,136.25,140.0,135.0,5.0,2.165063509461097,6.25,10.0,5.0,5.0,2.165063509461097,4.25,5.0,4.0,1.0,0.4330127018922193,7.1438500000000005,8.336839,6.746187,1.5906519999999995,0.6887725202902623,4.75,10.0,3.0,7.0,3.031088913245535,0,0,1,0,1
PdW3,L12,111,-0.9522086358583408,3,1.26421409120303,2,1.825,2.2,1.7,0.5000000000000002,0.21650635094610976,136.25,140.0,135.0,5.0,2.165063509461097,7.0,10.0,6.0,4.0,1.7320508075688772,5.75,6.0,5.0,1.0,0.4330127018922193,7.982232249999999,8.336839,7.86403,0.4728089999999998,0.20473230256895827,5.5,10.0,4.0,6.0,2.598076211353316,0,0,1,0,1
PdY3,L12,111,-1.053809140360471,3,1.273215208802867,2,1.465,2.2,1.22,0.9800000000000002,0.42435244785437504,170.0,180.0,140.0,40.0,17.320508075688775,4.75,10.0,3.0,7.0,3.031088913245535,5.0,5.0,5.0,0.0,0.0,6.74715475,8.336839,6.21726,2.119579,0.9178046296640083,3.25,10.0,1.0,9.0,3.897114317029974,0,0,1,0,1
PdZn3,L12,111,0.3282978632423976,6,0.2035516276955604,2,1.7874999999999999,2.2,1.65,0.5500000000000003,0.23815698604072075,136.25,140.0,135.0,5.0,2.165063509461097,11.5,12.0,10.0,2.0,0.8660254037844386,4.25,5.0,4.0,1.0,0.4330127018922193,9.1298575,9.394197,8.336839,1.0573580000000007,0.45784944444735354,10.0,10.0,10.0,0.0,0.0,0,0,1,0,1
PdZr3,L12,111,-1.0015606983606349,3,0.2601515783026116,2,1.5475,2.2,1.33,0.8700000000000001,0.37672105064623085,151.25,155.0,140.0,15.0,6.49519052838329,5.5,10.0,4.0,6.0,2.598076211353316,5.0,5.0,5.0,0.0,0.0,7.059804249999999,8.336839,6.634126,1.7027129999999993,0.7372963566770061,4.0,10.0,2.0,8.0,3.4641016151377544,0,0,1,0,1
Pt3Re,L12,111,-0.3615346638534618,6,0.4547848110014456,2,2.125,2.2,1.9,0.30000000000000027,0.1299038105676659,135.0,135.0,135.0,0.0,0.0,9.25,10.0,7.0,3.0,1.299038105676658,6.0,6.0,6.0,0.0,0.0,8.677502500000001,8.95883,7.83352,1.1253100000000007,0.48727352356633363,8.0,9.0,5.0,4.0,1.7320508075688772,0,0,1,0,1
Pt3Rh,L12,111,-0.3090545167642347,7,0.2376570157066453,2,2.22,2.28,2.2,0.07999999999999963,0.034641016151377386,135.0,135.0,135.0,0.0,0.0,9.75,10.0,9.0,1.0,0.4330127018922193,5.75,6.0,5.0,1.0,0.4330127018922193,8.583847500000001,8.95883,7.4589,1.4999300000000009,0.6494887419491969,8.75,9.0,8.0,1.0,0.4330127018922193,0,0,1,0,1
Pt3Ru,L12,111,-0.249490838358696,6,0.1591033288059407,2,2.2,2.2,2.2,0.0,0.0,133.75,135.0,130.0,5.0,2.165063509461097,9.5,10.0,8.0,2.0,0.8660254037844386,5.75,6.0,5.0,1.0,0.4330127018922193,8.559247500000001,8.95883,7.3605,1.5983300000000007,0.6920971918153912,8.5,9.0,7.0,2.0,0.8660254037844386,0,0,1,0,1
Pt3Sc,L12,111,-0.4234631475582944,2,0.2028780098989955,2,1.9900000000000002,2.2,1.36,0.8400000000000001,0.36373066958946426,141.25,160.0,135.0,25.0,10.825317547305483,8.25,10.0,3.0,7.0,3.031088913245535,5.5,6.0,4.0,2.0,0.8660254037844386,8.359495,8.95883,6.56149,2.3973400000000007,1.0380786707542933,7.0,9.0,1.0,8.0,3.4641016151377544,0,0,1,0,1
Pt3Sn,L12,111,-0.3437683512556475,3,0.1994466543983435,2,2.14,2.2,1.96,0.2400000000000002,0.10392304845413274,137.5,145.0,135.0,10.0,4.330127018922194,11.0,14.0,10.0,4.0,1.7320508075688772,5.75,6.0,5.0,1.0,0.4330127018922193,8.555102000000002,8.95883,7.343918,1.6149120000000003,0.6992774084381678,9.25,10.0,9.0,1.0,0.4330127018922193,0,0,1,0,1
Pt3Ta,L12,111,-0.089353340858878,5,0.1678285228990716,2,2.0250000000000004,2.2,1.5,0.7000000000000002,0.3031088913245536,137.5,145.0,135.0,10.0,4.330127018922194,8.75,10.0,5.0,5.0,2.165063509461097,6.0,6.0,6.0,0.0,0.0,8.606515250000001,8.95883,7.549571,1.4092590000000005,0.6102270472559274,7.5,9.0,3.0,6.0,2.598076211353316,0,0,1,0,1
Pt3Tc,L12,111,-0.1599445687597551,5,0.1892698689989629,2,2.1750000000000003,2.2,2.1,0.10000000000000009,0.043301270189221974,135.0,135.0,135.0,0.0,0.0,9.25,10.0,7.0,3.0,1.299038105676658,5.75,6.0,5.0,1.0,0.4330127018922193,8.498967500000001,8.95883,7.11938,1.8394500000000011,0.7965052144956434,8.0,9.0,5.0,4.0,1.7320508075688772,0,0,1,0,1
Pt3Ti,L12,111,-0.2928098648580715,7,1.001815668900235,2,2.035,2.2,1.54,0.6600000000000001,0.2857883832488648,136.25,140.0,135.0,5.0,2.165063509461097,8.5,10.0,4.0,6.0,2.598076211353316,5.5,6.0,4.0,2.0,0.8660254037844386,8.4261525,8.95883,6.82812,2.1307100000000005,0.9226244940487709,7.25,9.0,2.0,7.0,3.031088913245535,0,0,1,0,1
Pt3Tl,L12,111,-0.3653801765567266,3,0.1663867278002726,2,2.1,2.2,1.8,0.40000000000000013,0.17320508075688779,148.75,190.0,135.0,55.0,23.81569860407206,10.75,13.0,10.0,3.0,1.299038105676658,6.0,6.0,6.0,0.0,0.0,8.246194325000001,8.95883,6.1082873,2.850542700000001,1.2343211963861425,9.25,10.0,9.0,1.0,0.4330127018922193,0,0,1,0,1
Pt3V,L12,111,-0.2101000472566454,5,0.571848864597996,2,2.0575,2.2,1.63,0.5700000000000003,0.24681724007856512,135.0,135.0,135.0,0.0,0.0,8.75,10.0,5.0,5.0,2.165063509461097,5.5,6.0,4.0,2.0,0.8660254037844386,8.40566925,8.95883,6.746187,2.212643000000001,0.9581025237529062,7.5,9.0,3.0,6.0,2.598076211353316,0,0,1,0,1
Pt3W,L12,111,-0.2932981730582185,6,0.4433043280987476,2,2.075,2.2,1.7,0.5000000000000002,0.21650635094610976,135.0,135.0,135.0,0.0,0.0,9.0,10.0,6.0,4.0,1.7320508075688772,6.0,6.0,6.0,0.0,0.0,8.685130000000001,8.95883,7.86403,1.094800000000001,0.4740623060316022,7.75,9.0,4.0,5.0,2.165063509461097,0,0,1,0,1
Pt3Y,L12,111,-0.4619318808572359,5,1.7951989402972686,2,1.955,2.2,1.22,0.9800000000000002,0.42435244785437504,146.25,180.0,135.0,45.0,19.48557158514987,8.25,10.0,3.0,7.0,3.031088913245535,5.75,6.0,5.0,1.0,0.4330127018922193,8.2734375,8.95883,6.21726,2.741570000000001,1.1871346331266521,7.0,9.0,1.0,8.0,3.4641016151377544,0,0,1,0,1
Pt3Zn,L12,111,-0.2581308609578343,3,0.2035595189954619,2,2.0625,2.2,1.65,0.5500000000000003,0.23815698604072075,135.0,135.0,135.0,0.0,0.0,10.5,12.0,10.0,2.0,0.8660254037844386,5.5,6.0,4.0,2.0,0.8660254037844386,9.06767175,9.394197,8.95883,0.4353669999999994,0.1885194409847096,9.25,10.0,9.0,1.0,0.4330127018922193,0,0,1,0,1
Pt3Zr,L12,111,-0.3094801027609435,3,0.170056590999593,2,1.9825000000000002,2.2,1.33,0.8700000000000001,0.37672105064623085,140.0,155.0,135.0,20.0,8.660254037844387,8.5,10.0,4.0,6.0,2.598076211353316,5.75,6.0,5.0,1.0,0.4330127018922193,8.377654000000001,8.95883,6.634126,2.3247040000000005,1.0066263601396501,7.25,9.0,2.0,7.0,3.031088913245535,0,0,1,0,1
PtRe3,L12,111,-0.7218894419556534,5,0.8130845853993378,2,1.9749999999999999,2.2,1.9,0.30000000000000027,0.1299038105676659,135.0,135.0,135.0,0.0,0.0,7.75,10.0,7.0,3.0,1.299038105676658,6.0,6.0,6.0,0.0,0.0,8.1148475,8.95883,7.83352,1.1253100000000007,0.48727352356633363,6.0,9.0,5.0,4.0,1.7320508075688772,0,0,1,0,1
PtRh3,L12,111,-0.3370233295599689,5,0.1654090228003042,2,2.26,2.28,2.2,0.07999999999999963,0.034641016151377386,135.0,135.0,135.0,0.0,0.0,9.25,10.0,9.0,1.0,0.4330127018922193,5.25,6.0,5.0,1.0,0.4330127018922193,7.8338825,8.95883,7.4589,1.4999300000000009,0.6494887419491969,8.25,9.0,8.0,1.0,0.4330127018922193,0,0,1,0,1
PtRu3,L12,111,-0.4023136436580614,5,0.3465856818984321,2,2.2,2.2,2.2,0.0,0.0,131.25,135.0,130.0,5.0,2.165063509461097,8.5,10.0,8.0,2.0,0.8660254037844386,5.25,6.0,5.0,1.0,0.4330127018922193,7.760082499999999,8.95883,7.3605,1.5983300000000007,0.6920971918153912,7.5,9.0,7.0,2.0,0.8660254037844386,0,0,1,0,1
PtSc3,L12,111,-1.1554723671569889,2,0.0206518076993234,2,1.57,2.2,1.36,0.8400000000000001,0.36373066958946426,153.75,160.0,135.0,25.0,10.825317547305483,4.75,10.0,3.0,7.0,3.031088913245535,4.5,6.0,4.0,2.0,0.8660254037844386,7.160825000000001,8.95883,6.56149,2.3973400000000007,1.0380786707542933,3.0,9.0,1.0,8.0,3.4641016151377544,0,0,1,0,1
PtSn3,L12,111,0.0364442064428942,1,0.0,2,2.02,2.2,1.96,0.2400000000000002,0.10392304845413274,142.5,145.0,135.0,10.0,4.330127018922194,13.0,14.0,10.0,4.0,1.7320508075688772,5.25,6.0,5.0,1.0,0.4330127018922193,7.747646,8.95883,7.343918,1.6149120000000003,0.6992774084381678,9.75,10.0,9.0,1.0,0.4330127018922193,0,0,1,0,1
PtTa3,L12,111,-1.0345770866578905,3,0.4886469291013782,2,1.675,2.2,1.5,0.7000000000000002,0.3031088913245536,142.5,145.0,135.0,10.0,4.330127018922194,6.25,10.0,5.0,5.0,2.165063509461097,6.0,6.0,6.0,0.0,0.0,7.90188575,8.95883,7.549571,1.4092590000000005,0.6102270472559274,4.5,9.0,3.0,6.0,2.598076211353316,0,0,1,0,1
PtTc3,L12,111,-0.6978469598606978,4,0.7309306964016287,2,2.125,2.2,2.1,0.10000000000000009,0.043301270189221974,135.0,135.0,135.0,0.0,0.0,7.75,10.0,7.0,3.0,1.299038105676658,5.25,6.0,5.0,1.0,0.4330127018922193,7.579242499999999,8.95883,7.11938,1.8394500000000011,0.7965052144956434,6.0,9.0,5.0,4.0,1.7320508075688772,0,0,1,0,1
PtTi3,L12,111,-1.0652673099602623,4,0.5524339504008822,2,1.705,2.2,1.54,0.6600000000000001,0.2857883832488648,138.75,140.0,135.0,5.0,2.165063509461097,5.5,10.0,4.0,6.0,2.598076211353316,4.5,6.0,4.0,2.0,0.8660254037844386,7.3607975,8.95883,6.82812,2.1307100000000005,0.9226244940487709,3.75,9.0,2.0,7.0,3.031088913245535,0,0,1,0,1
PtTl3,L12,111,-0.1970421204595993,4,1.2787532697002462,2,1.9000000000000001,2.2,1.8,0.40000000000000013,0.17320508075688779,176.25,190.0,135.0,55.0,23.81569860407206,12.25,13.0,10.0,3.0,1.299038105676658,6.0,6.0,6.0,0.0,0.0,6.820922975,8.95883,6.1082873,2.850542700000001,1.2343211963861425,9.75,10.0,9.0,1.0,0.4330127018922193,0,0,1,0,1
PtV3,L12,111,-0.9926591743560208,3,0.460077561197977,2,1.7725,2.2,1.63,0.5700000000000003,0.24681724007856512,135.0,135.0,135.0,0.0,0.0,6.25,10.0,5.0,5.0,2.165063509461097,4.5,6.0,4.0,2.0,0.8660254037844386,7.299347750000001,8.95883,6.746187,2.212643000000001,0.9581025237529062,4.5,9.0,3.0,6.0,2.598076211353316,0,0,1,0,1
PtW3,L12,111,-0.9265522465566108,3,0.9719251882997924,2,1.825,2.2,1.7,0.5000000000000002,0.21650635094610976,135.0,135.0,135.0,0.0,0.0,7.0,10.0,6.0,4.0,1.7320508075688772,6.0,6.0,6.0,0.0,0.0,8.13773,8.95883,7.86403,1.094800000000001,0.4740623060316022,5.25,9.0,4.0,5.0,2.165063509461097,0,0,1,0,1
PtY3,L12,111,-1.048718162560334,2,0.0007265439016919,2,1.465,2.2,1.22,0.9800000000000002,0.42435244785437504,168.75,180.0,135.0,45.0,19.48557158514987,4.75,10.0,3.0,7.0,3.031088913245535,5.25,6.0,5.0,1.0,0.4330127018922193,6.9026525,8.95883,6.21726,2.741570000000001,1.1871346331266521,3.0,9.0,1.0,8.0,3.4641016151377544,0,0,1,0,1
PtZn3,L12,111,0.0062897753387289,4,0.6582067764029489,2,1.7874999999999999,2.2,1.65,0.5500000000000003,0.23815698604072075,135.0,135.0,135.0,0.0,0.0,11.5,12.0,10.0,2.0,0.8660254037844386,4.5,6.0,4.0,2.0,0.8660254037844386,9.28535525,9.394197,8.95883,0.4353669999999994,0.1885194409847096,9.75,10.0,9.0,1.0,0.4330127018922193,0,0,1,0,1
PtZr3,L12,111,-1.0155865339574746,3,0.52664721849942,2,1.5475,2.2,1.33,0.8700000000000001,0.37672105064623085,150.0,155.0,135.0,20.0,8.660254037844387,5.5,10.0,4.0,6.0,2.598076211353316,5.25,6.0,5.0,1.0,0.4330127018922193,7.215301999999999,8.95883,6.634126,2.3247040000000005,1.0066263601396501,3.75,9.0,2.0,7.0,3.031088913245535,0,0,1,0,1
Re3Rh,L12,111,-0.6814451621566775,4,0.3971339566996903,2,1.9949999999999997,2.28,1.9,0.3799999999999999,0.1645448267190433,135.0,135.0,135.0,0.0,0.0,7.5,9.0,7.0,2.0,0.8660254037844386,5.75,6.0,5.0,1.0,0.4330127018922193,7.739865,7.83352,7.4589,0.3746200000000002,0.1622152183828633,5.75,8.0,5.0,3.0,1.299038105676658,0,0,1,0,1
Re3Ru,L12,111,-0.5605346432557496,6,0.1638734842999838,2,1.9749999999999999,2.2,1.9,0.30000000000000027,0.1299038105676659,133.75,135.0,130.0,5.0,2.165063509461097,7.25,8.0,7.0,1.0,0.4330127018922193,5.75,6.0,5.0,1.0,0.4330127018922193,7.7152650000000005,7.83352,7.3605,0.47302,0.2048236682490576,5.5,7.0,5.0,2.0,0.8660254037844386,0,0,1,0,1
Re3Sc,L12,111,-0.7149197902571984,4,0.4559981664970109,2,1.765,1.9,1.36,0.5399999999999998,0.23382685902179834,141.25,160.0,135.0,25.0,10.825317547305483,6.0,7.0,3.0,4.0,1.7320508075688772,5.5,6.0,4.0,2.0,0.8660254037844386,7.5155125,7.83352,6.56149,1.27203,0.5508051471879597,4.0,5.0,1.0,4.0,1.7320508075688772,0,0,1,0,1
Re3Sn,L12,111,-0.5122298110572672,3,0.378046123401873,2,1.9149999999999998,1.96,1.9,0.06000000000000005,0.025980762113533184,137.5,145.0,135.0,10.0,4.330127018922194,8.75,14.0,7.0,7.0,3.031088913245535,5.75,6.0,5.0,1.0,0.4330127018922193,7.711119500000001,7.83352,7.343918,0.48960199999999965,0.21200388487183422,6.25,10.0,5.0,5.0,2.165063509461097,0,0,1,0,1
Re3Ta,L12,111,-0.7878199039577964,6,0.2310465541995654,2,1.7999999999999998,1.9,1.5,0.3999999999999999,0.1732050807568877,137.5,145.0,135.0,10.0,4.330127018922194,6.5,7.0,5.0,2.0,0.8660254037844386,6.0,6.0,6.0,0.0,0.0,7.76253275,7.83352,7.549571,0.2839489999999998,0.12295352368959368,4.5,5.0,3.0,2.0,0.8660254037844386,0,0,1,0,1
Re3Tc,L12,111,-0.572267239657748,5,0.1882464488007826,2,1.9499999999999997,2.1,1.9,0.20000000000000018,0.08660254037844395,135.0,135.0,135.0,0.0,0.0,7.0,7.0,7.0,0.0,0.0,5.75,6.0,5.0,1.0,0.4330127018922193,7.654985,7.83352,7.11938,0.7141400000000004,0.3092316909293097,5.0,5.0,5.0,0.0,0.0,0,0,1,0,1
Re3Ti,L12,111,-0.7055775778598843,4,0.2028555605029396,2,1.8099999999999998,1.9,1.54,0.3599999999999999,0.1558845726811989,136.25,140.0,135.0,5.0,2.165063509461097,6.25,7.0,4.0,3.0,1.299038105676658,5.5,6.0,4.0,2.0,0.8660254037844386,7.58217,7.83352,6.82812,1.0053999999999998,0.43535097048243726,4.25,5.0,2.0,3.0,1.299038105676658,0,0,1,0,1
Re3V,L12,111,-0.7371728517564122,5,0.2493730129972391,2,1.8324999999999998,1.9,1.63,0.27,0.11691342951089922,135.0,135.0,135.0,0.0,0.0,6.5,7.0,5.0,2.0,0.8660254037844386,5.5,6.0,4.0,2.0,0.8660254037844386,7.56168675,7.83352,6.746187,1.087333,0.4708290001865726,4.5,5.0,3.0,2.0,0.8660254037844386,0,0,1,0,1
Re3W,L12,111,-0.6836473794564597,7,0.9569473622977966,2,1.8499999999999999,1.9,1.7,0.19999999999999996,0.08660254037844385,135.0,135.0,135.0,0.0,0.0,6.75,7.0,6.0,1.0,0.4330127018922193,6.0,6.0,6.0,0.0,0.0,7.8411475,7.86403,7.83352,0.030509999999999593,0.013211217534731435,4.75,5.0,4.0,1.0,0.4330127018922193,0,0,1,0,1
Re3Y,L12,111,-0.8714957257570575,6,0.7738616886017553,2,1.7299999999999998,1.9,1.22,0.6799999999999999,0.2944486372867091,146.25,180.0,135.0,45.0,19.48557158514987,6.0,7.0,3.0,4.0,1.7320508075688772,5.75,6.0,5.0,1.0,0.4330127018922193,7.429455,7.83352,6.21726,1.6162600000000005,0.6998611095603187,4.0,5.0,1.0,4.0,1.7320508075688772,0,0,1,0,1
Re3Zn,L12,111,-0.5701920995624903,4,1.7855390351978713,2,1.8375,1.9,1.65,0.25,0.10825317547305482,135.0,135.0,135.0,0.0,0.0,8.25,12.0,7.0,5.0,2.165063509461097,5.5,6.0,4.0,2.0,0.8660254037844386,8.22368925,9.394197,7.83352,1.560677,0.6757929645510432,6.25,10.0,5.0,5.0,2.165063509461097,0,0,1,0,1
Re3Zr,L12,111,-0.7998625740574141,5,0.4380762049004261,2,1.7574999999999998,1.9,1.33,0.5699999999999998,0.24681724007856495,140.0,155.0,135.0,20.0,8.660254037844387,6.25,7.0,4.0,3.0,1.299038105676658,5.75,6.0,5.0,1.0,0.4330127018922193,7.5336715000000005,7.83352,6.634126,1.1993939999999998,0.5193528365733164,4.25,5.0,2.0,3.0,1.299038105676658,0,0,1,0,1
ReRh3,L12,111,-0.3642356657573771,6,0.2592868004976481,2,2.185,2.28,1.9,0.3799999999999999,0.1645448267190433,135.0,135.0,135.0,0.0,0.0,8.5,9.0,7.0,2.0,0.8660254037844386,5.25,6.0,5.0,1.0,0.4330127018922193,7.552555,7.83352,7.4589,0.3746200000000002,0.1622152183828633,7.25,8.0,5.0,3.0,1.299038105676658,0,0,1,0,1
ReRu3,L12,111,-0.5005157184595816,6,0.2654723562009167,2,2.125,2.2,1.9,0.30000000000000027,0.1299038105676659,131.25,135.0,130.0,5.0,2.165063509461097,7.75,8.0,7.0,1.0,0.4330127018922193,5.25,6.0,5.0,1.0,0.4330127018922193,7.478755,7.83352,7.3605,0.47302,0.2048236682490576,6.5,7.0,5.0,2.0,0.8660254037844386,0,0,1,0,1
ReSc3,L12,111,-1.0850823674581704,4,0.3409504763985751,2,1.495,1.9,1.36,0.5399999999999998,0.23382685902179834,153.75,160.0,135.0,25.0,10.825317547305483,4.0,7.0,3.0,4.0,1.7320508075688772,4.5,6.0,4.0,2.0,0.8660254037844386,6.8794975,7.83352,6.56149,1.27203,0.5508051471879597,2.0,5.0,1.0,4.0,1.7320508075688772,0,0,1,0,1
ReSn3,L12,111,-0.3791687289585468,1,0.0,2,1.9449999999999998,1.96,1.9,0.06000000000000005,0.025980762113533184,142.5,145.0,135.0,10.0,4.330127018922194,12.25,14.0,7.0,7.0,3.031088913245535,5.25,6.0,5.0,1.0,0.4330127018922193,7.4663185,7.83352,7.343918,0.48960199999999965,0.21200388487183422,8.75,10.0,5.0,5.0,2.165063509461097,0,0,1,0,1
ReTa3,L12,111,-1.23920220355555,2,0.2487266067000746,2,1.6,1.9,1.5,0.3999999999999999,0.1732050807568877,142.5,145.0,135.0,10.0,4.330127018922194,5.5,7.0,5.0,2.0,0.8660254037844386,6.0,6.0,6.0,0.0,0.0,7.62055825,7.83352,7.549571,0.2839489999999998,0.12295352368959368,3.5,5.0,3.0,2.0,0.8660254037844386,0,0,1,0,1
ReTc3,L12,111,-0.5755810419568377,5,0.7795794806006597,2,2.0500000000000003,2.1,1.9,0.20000000000000018,0.08660254037844395,135.0,135.0,135.0,0.0,0.0,7.0,7.0,7.0,0.0,0.0,5.25,6.0,5.0,1.0,0.4330127018922193,7.297915,7.83352,7.11938,0.7141400000000004,0.3092316909293097,5.0,5.0,5.0,0.0,0.0,0,0,1,0,1
ReTi3,L12,111,-1.073456303855863,2,0.0112520432994642,2,1.63,1.9,1.54,0.3599999999999999,0.1558845726811989,138.75,140.0,135.0,5.0,2.165063509461097,4.75,7.0,4.0,3.0,1.299038105676658,4.5,6.0,4.0,2.0,0.8660254037844386,7.079470000000001,7.83352,6.82812,1.0053999999999998,0.43535097048243726,2.75,5.0,2.0,3.0,1.299038105676658,0,0,1,0,1
ReTl3,L12,111,1.017162889443199,1,0.0,2,1.8250000000000002,1.9,1.8,0.09999999999999987,0.04330127018922188,176.25,190.0,135.0,55.0,23.81569860407206,11.5,13.0,7.0,6.0,2.598076211353316,6.0,6.0,6.0,0.0,0.0,6.539595475,7.83352,6.1082873,1.7252327000000003,0.7470476728198088,8.75,10.0,5.0,5.0,2.165063509461097,0,0,1,0,1
ReV3,L12,111,-0.9895086402566164,2,0.042992081696866,2,1.6974999999999998,1.9,1.63,0.27,0.11691342951089922,135.0,135.0,135.0,0.0,0.0,5.5,7.0,5.0,2.0,0.8660254037844386,4.5,6.0,4.0,2.0,0.8660254037844386,7.01802025,7.83352,6.746187,1.087333,0.4708290001865726,3.5,5.0,3.0,2.0,0.8660254037844386,0,0,1,0,1
ReW3,L12,111,-0.8951361596582217,7,0.9078305423026904,2,1.75,1.9,1.7,0.19999999999999996,0.08660254037844385,135.0,135.0,135.0,0.0,0.0,6.25,7.0,6.0,1.0,0.4330127018922193,6.0,6.0,6.0,0.0,0.0,7.8564025,7.86403,7.83352,0.030509999999999593,0.013211217534731435,4.25,5.0,4.0,1.0,0.4330127018922193,0,0,1,0,1
ReY3,L12,111,-1.0451444915588295,5,0.8440614805986115,2,1.3900000000000001,1.9,1.22,0.6799999999999999,0.2944486372867091,168.75,180.0,135.0,45.0,19.48557158514987,4.0,7.0,3.0,4.0,1.7320508075688772,5.25,6.0,5.0,1.0,0.4330127018922193,6.621325,7.83352,6.21726,1.6162600000000005,0.6998611095603187,2.0,5.0,1.0,4.0,1.7320508075688772,0,0,1,0,1
ReZn3,L12,111,-0.6999991082620625,2,1.6770075191016076,2,1.7125,1.9,1.65,0.25,0.10825317547305482,135.0,135.0,135.0,0.0,0.0,10.75,12.0,7.0,5.0,2.165063509461097,4.5,6.0,4.0,2.0,0.8660254037844386,9.00402775,9.394197,7.83352,1.560677,0.6757929645510432,8.75,10.0,5.0,5.0,2.165063509461097,0,0,1,0,1
ReZr3,L12,111,-1.047073370557854,3,0.2164749942021444,2,1.4725000000000001,1.9,1.33,0.5699999999999998,0.24681724007856495,150.0,155.0,135.0,20.0,8.660254037844387,4.75,7.0,4.0,3.0,1.299038105676658,5.25,6.0,5.0,1.0,0.4330127018922193,6.9339745,7.83352,6.634126,1.1993939999999998,0.5193528365733164,2.75,5.0,2.0,3.0,1.299038105676658,0,0,1,0,1
Rh3Ru,L12,111,-0.3246466397567644,5,0.1349928181989526,2,2.26,2.28,2.2,0.07999999999999963,0.034641016151377386,133.75,135.0,130.0,5.0,2.165063509461097,8.75,9.0,8.0,1.0,0.4330127018922193,5.0,5.0,5.0,0.0,0.0,7.4343,7.4589,7.3605,0.09839999999999982,0.0426084498661943,7.75,8.0,7.0,1.0,0.4330127018922193,0,0,1,0,1
Rh3Sc,L12,111,-0.5802850739555367,2,0.2312047883970081,2,2.05,2.28,1.36,0.9199999999999997,0.39837168574084164,141.25,160.0,135.0,25.0,10.825317547305483,7.5,9.0,3.0,6.0,2.598076211353316,4.75,5.0,4.0,1.0,0.4330127018922193,7.2345475,7.4589,6.56149,0.8974099999999998,0.38858992880509646,6.25,8.0,1.0,7.0,3.031088913245535,0,0,1,0,1
Rh3Sn,L12,111,-0.4189444251596512,3,1.5971838769000897,2,2.2,2.28,1.96,0.31999999999999984,0.1385640646055101,137.5,145.0,135.0,10.0,4.330127018922194,10.25,14.0,9.0,5.0,2.165063509461097,5.0,5.0,5.0,0.0,0.0,7.4301545,7.4589,7.343918,0.11498199999999947,0.049788666488970935,8.5,10.0,8.0,2.0,0.8660254037844386,0,0,1,0,1
Rh3Ta,L12,111,-0.5723122744593354,2,0.2321401797016733,2,2.085,2.28,1.5,0.7799999999999998,0.337749907475931,137.5,145.0,135.0,10.0,4.330127018922194,8.0,9.0,5.0,4.0,1.7320508075688772,5.25,6.0,5.0,1.0,0.4330127018922193,7.48156775,7.549571,7.4589,0.09067100000000039,0.03926169469326959,6.75,8.0,3.0,5.0,2.165063509461097,0,0,1,0,1
Rh3Tc,L12,111,-0.3736218244584677,2,0.0761535067977092,2,2.235,2.28,2.1,0.17999999999999972,0.07794228634059935,135.0,135.0,135.0,0.0,0.0,8.5,9.0,7.0,2.0,0.8660254037844386,5.0,5.0,5.0,0.0,0.0,7.37402,7.4589,7.11938,0.33952000000000027,0.14701647254644643,7.25,8.0,5.0,3.0,1.299038105676658,0,0,1,0,1
Rh3Ti,L12,111,-0.5688507143558752,2,0.2074187734979204,2,2.0949999999999998,2.28,1.54,0.7399999999999998,0.3204293994002422,136.25,140.0,135.0,5.0,2.165063509461097,7.75,9.0,4.0,5.0,2.165063509461097,4.75,5.0,4.0,1.0,0.4330127018922193,7.3012049999999995,7.4589,6.82812,0.6307799999999997,0.27313575209957397,6.5,8.0,2.0,6.0,2.598076211353316,0,0,1,0,1
Rh3Tl,L12,111,-0.4318929621576615,3,0.4930012948025251,2,2.16,2.28,1.8,0.47999999999999976,0.2078460969082652,148.75,190.0,135.0,55.0,23.81569860407206,10.0,13.0,9.0,4.0,1.7320508075688772,5.25,6.0,5.0,1.0,0.4330127018922193,7.121246825,7.4589,6.1082873,1.3506127,0.5848324544369455,8.5,10.0,8.0,2.0,0.8660254037844386,0,0,1,0,1
Rh3V,L12,111,-0.5000236005571139,4,0.2485682363985688,2,2.1174999999999997,2.28,1.63,0.6499999999999999,0.2814582562299425,135.0,135.0,135.0,0.0,0.0,8.0,9.0,5.0,4.0,1.7320508075688772,4.75,5.0,4.0,1.0,0.4330127018922193,7.28072175,7.4589,6.746187,0.7127129999999999,0.3086137818037093,6.75,8.0,3.0,5.0,2.165063509461097,0,0,1,0,1
Rh3W,L12,111,-0.4515633912587589,4,0.2265075593022629,2,2.135,2.28,1.7,0.5799999999999998,0.25114736709748714,135.0,135.0,135.0,0.0,0.0,8.25,9.0,6.0,3.0,1.299038105676658,5.25,6.0,5.0,1.0,0.4330127018922193,7.5601825,7.86403,7.4589,0.40512999999999977,0.17542643591759471,7.0,8.0,4.0,4.0,1.7320508075688772,0,0,1,0,1
Rh3Y,L12,111,-0.7391056764563189,4,0.3921695118988282,2,2.015,2.28,1.22,1.0599999999999998,0.4589934640057524,146.25,180.0,135.0,45.0,19.48557158514987,7.5,9.0,3.0,6.0,2.598076211353316,5.0,5.0,5.0,0.0,0.0,7.14849,7.4589,6.21726,1.2416400000000003,0.5376458911774553,6.25,8.0,1.0,7.0,3.031088913245535,0,0,1,0,1
Rh3Zn,L12,111,-0.3835232306582554,3,0.1800246651982888,2,2.1225,2.28,1.65,0.6299999999999999,0.27279800219209815,135.0,135.0,135.0,0.0,0.0,9.75,12.0,9.0,3.0,1.299038105676658,4.75,5.0,4.0,1.0,0.4330127018922193,7.9427242499999995,9.394197,7.4589,1.9352970000000003,0.8380081829339066,8.5,10.0,8.0,2.0,0.8660254037844386,0,0,1,0,1
Rh3Zr,L12,111,-0.6362350805565882,2,0.2590929193975171,2,2.0425,2.28,1.33,0.9499999999999997,0.4113620667976083,140.0,155.0,135.0,20.0,8.660254037844387,7.75,9.0,4.0,5.0,2.165063509461097,5.0,5.0,5.0,0.0,0.0,7.2527065,7.4589,6.634126,0.8247739999999997,0.35713761819045314,6.5,8.0,2.0,6.0,2.598076211353316,0,0,1,0,1
RhRu3,L12,111,-0.4370311516604204,6,0.2734927755009266,2,2.22,2.28,2.2,0.07999999999999963,0.034641016151377386,131.25,135.0,130.0,5.0,2.165063509461097,8.25,9.0,8.0,1.0,0.4330127018922193,5.0,5.0,5.0,0.0,0.0,7.3850999999999996,7.4589,7.3605,0.09839999999999982,0.0426084498661943,7.25,8.0,7.0,1.0,0.4330127018922193,0,0,1,0,1
RhSc3,L12,111,-1.1447542111590965,2,0.0248505241979728,2,1.5899999999999999,2.28,1.36,0.9199999999999997,0.39837168574084164,153.75,160.0,135.0,25.0,10.825317547305483,4.5,9.0,3.0,6.0,2.598076211353316,4.25,5.0,4.0,1.0,0.4330127018922193,6.7858425,7.4589,6.56149,0.8974099999999998,0.38858992880509646,2.75,8.0,1.0,7.0,3.031088913245535,0,0,1,0,1
RhSn3,L12,111,0.2044779031430437,2,0.7731321514002047,2,2.04,2.28,1.96,0.31999999999999984,0.1385640646055101,142.5,145.0,135.0,10.0,4.330127018922194,12.75,14.0,9.0,5.0,2.165063509461097,5.0,5.0,5.0,0.0,0.0,7.3726635,7.4589,7.343918,0.11498199999999947,0.049788666488970935,9.5,10.0,8.0,2.0,0.8660254037844386,0,0,1,0,1
RhTa3,L12,111,-1.040919379959604,3,0.2933369494021463,2,1.6949999999999998,2.28,1.5,0.7799999999999998,0.337749907475931,142.5,145.0,135.0,10.0,4.330127018922194,6.0,9.0,5.0,4.0,1.7320508075688772,5.75,6.0,5.0,1.0,0.4330127018922193,7.52690325,7.549571,7.4589,0.09067100000000039,0.03926169469326959,4.25,8.0,3.0,5.0,2.165063509461097,0,0,1,0,1
RhTc3,L12,111,-0.6999317599574795,4,0.8714165404999221,2,2.145,2.28,2.1,0.17999999999999972,0.07794228634059935,135.0,135.0,135.0,0.0,0.0,7.5,9.0,7.0,2.0,0.8660254037844386,5.0,5.0,5.0,0.0,0.0,7.20426,7.4589,7.11938,0.33952000000000027,0.14701647254644643,5.75,8.0,5.0,3.0,1.299038105676658,0,0,1,0,1
RhTi3,L12,111,-1.0930215608559308,1,0.0,2,1.725,2.28,1.54,0.7399999999999998,0.3204293994002422,138.75,140.0,135.0,5.0,2.165063509461097,5.25,9.0,4.0,5.0,2.165063509461097,4.25,5.0,4.0,1.0,0.4330127018922193,6.9858150000000006,7.4589,6.82812,0.6307799999999997,0.27313575209957397,3.5,8.0,2.0,6.0,2.598076211353316,0,0,1,0,1
RhTl3,L12,111,-0.2413973564570994,2,1.3736125620016535,2,1.92,2.28,1.8,0.47999999999999976,0.2078460969082652,176.25,190.0,135.0,55.0,23.81569860407206,12.0,13.0,9.0,4.0,1.7320508075688772,5.75,6.0,5.0,1.0,0.4330127018922193,6.445940475,7.4589,6.1082873,1.3506127,0.5848324544369455,9.5,10.0,8.0,2.0,0.8660254037844386,0,0,1,0,1
RhV3,L12,111,-0.9435150068593146,2,0.1647736369013728,2,1.7925,2.28,1.63,0.6499999999999999,0.2814582562299425,135.0,135.0,135.0,0.0,0.0,6.0,9.0,5.0,4.0,1.7320508075688772,4.25,5.0,4.0,1.0,0.4330127018922193,6.92436525,7.4589,6.746187,0.7127129999999999,0.3086137818037093,4.25,8.0,3.0,5.0,2.165063509461097,0,0,1,0,1
RhW3,L12,111,-0.8720130141582274,5,1.0325265728970408,2,1.8449999999999998,2.28,1.7,0.5799999999999998,0.25114736709748714,135.0,135.0,135.0,0.0,0.0,6.75,9.0,6.0,3.0,1.299038105676658,5.75,6.0,5.0,1.0,0.4330127018922193,7.7627475,7.86403,7.4589,0.40512999999999977,0.17542643591759471,5.0,8.0,4.0,4.0,1.7320508075688772,0,0,1,0,1
RhY3,L12,111,0.0567483886416368,1,0.0,2,1.4849999999999999,2.28,1.22,1.0599999999999998,0.4589934640057524,168.75,180.0,135.0,45.0,19.48557158514987,4.5,9.0,3.0,6.0,2.598076211353316,5.0,5.0,5.0,0.0,0.0,6.52767,7.4589,6.21726,1.2416400000000003,0.5376458911774553,2.75,8.0,1.0,7.0,3.031088913245535,0,0,1,0,1
RhZn3,L12,111,-0.0466816732650556,2,0.5149248265006463,2,1.8074999999999997,2.28,1.65,0.6299999999999999,0.27279800219209815,135.0,135.0,135.0,0.0,0.0,11.25,12.0,9.0,3.0,1.299038105676658,4.25,5.0,4.0,1.0,0.4330127018922193,8.91037275,9.394197,7.4589,1.9352970000000003,0.8380081829339066,9.5,10.0,8.0,2.0,0.8660254037844386,0,0,1,0,1
RhZr3,L12,111,-1.0970574172597196,2,0.0503300394993857,2,1.5675,2.28,1.33,0.9499999999999997,0.4113620667976083,150.0,155.0,135.0,20.0,8.660254037844387,5.25,9.0,4.0,5.0,2.165063509461097,5.0,5.0,5.0,0.0,0.0,6.8403195,7.4589,6.634126,0.8247739999999997,0.35713761819045314,3.5,8.0,2.0,6.0,2.598076211353316,0,0,1,0,1
Ru3Sc,L12,111,-0.5850383584574672,3,0.108210829897871,2,1.9900000000000002,2.2,1.36,0.8400000000000001,0.36373066958946426,137.5,160.0,130.0,30.0,12.99038105676658,6.75,8.0,3.0,5.0,2.165063509461097,4.75,5.0,4.0,1.0,0.4330127018922193,7.160747499999999,7.3605,6.56149,0.79901,0.3459814789389022,5.5,7.0,1.0,6.0,2.598076211353316,0,0,1,0,1
Ru3Sn,L12,111,-0.4543506533582047,4,1.602138117497816,2,2.14,2.2,1.96,0.2400000000000002,0.10392304845413274,133.75,145.0,130.0,15.0,6.49519052838329,9.5,14.0,8.0,6.0,2.598076211353316,5.0,5.0,5.0,0.0,0.0,7.3563545,7.3605,7.343918,0.016581999999999653,0.00718021662277663,7.75,10.0,7.0,3.0,1.299038105676658,0,0,1,0,1
Ru3Ta,L12,111,-0.6129169654586519,3,1.0026431670994498,2,2.0250000000000004,2.2,1.5,0.7000000000000002,0.3031088913245536,133.75,145.0,130.0,15.0,6.49519052838329,7.25,8.0,5.0,3.0,1.299038105676658,5.25,6.0,5.0,1.0,0.4330127018922193,7.40776775,7.549571,7.3605,0.1890710000000002,0.0818701445594639,6.0,7.0,3.0,4.0,1.7320508075688772,0,0,1,0,1
Ru3Tc,L12,111,-0.4969206864579689,2,0.0464807171993015,2,2.1750000000000003,2.2,2.1,0.10000000000000009,0.043301270189221974,131.25,135.0,130.0,5.0,2.165063509461097,7.75,8.0,7.0,1.0,0.4330127018922193,5.0,5.0,5.0,0.0,0.0,7.3002199999999995,7.3605,7.11938,0.24112000000000045,0.10440802268025212,6.5,7.0,5.0,2.0,0.8660254037844386,0,0,1,0,1
Ru3Ti,L12,111,-0.5643566181560971,2,0.0450510310001845,2,2.035,2.2,1.54,0.6600000000000001,0.2857883832488648,132.5,140.0,130.0,10.0,4.330127018922194,7.0,8.0,4.0,4.0,1.7320508075688772,4.75,5.0,4.0,1.0,0.4330127018922193,7.227404999999999,7.3605,6.82812,0.5323799999999999,0.23052730223337967,5.75,7.0,2.0,5.0,2.165063509461097,0,0,1,0,1
Ru3Tl,L12,111,-0.449579273156786,3,0.4319467046007048,2,2.1,2.2,1.8,0.40000000000000013,0.17320508075688779,145.0,190.0,130.0,60.0,25.98076211353316,9.25,13.0,8.0,5.0,2.165063509461097,5.25,6.0,5.0,1.0,0.4330127018922193,7.047446825,7.3605,6.1082873,1.2522127000000003,0.5422240045707512,7.75,10.0,7.0,3.0,1.299038105676658,0,0,1,0,1
Ru3V,L12,111,-0.5495107675587576,4,0.1300787143991328,2,2.0575,2.2,1.63,0.5700000000000003,0.24681724007856512,131.25,135.0,130.0,5.0,2.165063509461097,7.25,8.0,5.0,3.0,1.299038105676658,4.75,5.0,4.0,1.0,0.4330127018922193,7.206921749999999,7.3605,6.746187,0.6143130000000001,0.26600533193751497,6.0,7.0,3.0,4.0,1.7320508075688772,0,0,1,0,1
Ru3W,L12,111,-0.5661823660584275,4,0.0985438498028088,2,2.075,2.2,1.7,0.5000000000000002,0.21650635094610976,131.25,135.0,130.0,5.0,2.165063509461097,7.5,8.0,6.0,2.0,0.8660254037844386,5.25,6.0,5.0,1.0,0.4330127018922193,7.4863824999999995,7.86403,7.3605,0.5035299999999996,0.21803488578378902,6.25,7.0,4.0,3.0,1.299038105676658,0,0,1,0,1
Ru3Y,L12,111,-0.7423026057576578,4,0.3769323613996675,2,1.955,2.2,1.22,0.9800000000000002,0.42435244785437504,142.5,180.0,130.0,50.0,21.650635094610966,6.75,8.0,3.0,5.0,2.165063509461097,5.0,5.0,5.0,0.0,0.0,7.0746899999999995,7.3605,6.21726,1.1432400000000005,0.49503744131126104,5.5,7.0,1.0,6.0,2.598076211353316,0,0,1,0,1
Ru3Zn,L12,111,-0.4610804367611933,3,1.4301844848014298,2,2.0625,2.2,1.65,0.5500000000000003,0.23815698604072075,131.25,135.0,130.0,5.0,2.165063509461097,9.0,12.0,8.0,4.0,1.7320508075688772,4.75,5.0,4.0,1.0,0.4330127018922193,7.868924249999999,9.394197,7.3605,2.033697,0.8806166328001008,7.75,10.0,7.0,3.0,1.299038105676658,0,0,1,0,1
Ru3Zr,L12,111,-0.6428056773611104,2,0.1148027877025015,2,1.9825000000000002,2.2,1.33,0.8700000000000001,0.37672105064623085,136.25,155.0,130.0,25.0,10.825317547305483,7.0,8.0,4.0,4.0,1.7320508075688772,5.0,5.0,5.0,0.0,0.0,7.1789065,7.3605,6.634126,0.7263739999999999,0.31452916832425887,5.75,7.0,2.0,5.0,2.165063509461097,0,0,1,0,1
RuSc3,L12,111,-1.1367449485578334,3,0.468873232799524,2,1.57,2.2,1.36,0.8400000000000001,0.36373066958946426,152.5,160.0,130.0,30.0,12.99038105676658,4.25,8.0,3.0,5.0,2.165063509461097,4.25,5.0,4.0,1.0,0.4330127018922193,6.7612425,7.3605,6.56149,0.79901,0.3459814789389022,2.5,7.0,1.0,6.0,2.598076211353316,0,0,1,0,1
RuSn3,L12,111,0.0077960614444521,1,0.0,2,2.02,2.2,1.96,0.2400000000000002,0.10392304845413274,141.25,145.0,130.0,15.0,6.49519052838329,12.5,14.0,8.0,6.0,2.598076211353316,5.0,5.0,5.0,0.0,0.0,7.3480635,7.3605,7.343918,0.016581999999999653,0.00718021662277663,9.25,10.0,7.0,3.0,1.299038105676658,0,0,1,0,1
RuTa3,L12,111,-1.215406392558151,2,0.2892028598980687,2,1.675,2.2,1.5,0.7000000000000002,0.3031088913245536,141.25,145.0,130.0,15.0,6.49519052838329,5.75,8.0,5.0,3.0,1.299038105676658,5.75,6.0,5.0,1.0,0.4330127018922193,7.502303250000001,7.549571,7.3605,0.1890710000000002,0.0818701445594639,4.0,7.0,3.0,4.0,1.7320508075688772,0,0,1,0,1
RuTc3,L12,111,-0.5923674725590615,6,0.7259059783027624,2,2.125,2.2,2.1,0.10000000000000009,0.043301270189221974,133.75,135.0,130.0,5.0,2.165063509461097,7.25,8.0,7.0,1.0,0.4330127018922193,5.0,5.0,5.0,0.0,0.0,7.17966,7.3605,7.11938,0.24112000000000045,0.10440802268025212,5.5,7.0,5.0,2.0,0.8660254037844386,0,0,1,0,1
RuTi3,L12,111,-1.1279100925557657,2,0.0592857142000866,2,1.705,2.2,1.54,0.6600000000000001,0.2857883832488648,137.5,140.0,130.0,10.0,4.330127018922194,5.0,8.0,4.0,4.0,1.7320508075688772,4.25,5.0,4.0,1.0,0.4330127018922193,6.961215000000001,7.3605,6.82812,0.5323799999999999,0.23052730223337967,3.25,7.0,2.0,5.0,2.165063509461097,0,0,1,0,1
RuTl3,L12,111,0.9946807080423524,2,0.134392807201948,2,1.9000000000000001,2.2,1.8,0.40000000000000013,0.17320508075688779,175.0,190.0,130.0,60.0,25.98076211353316,11.75,13.0,8.0,5.0,2.165063509461097,5.75,6.0,5.0,1.0,0.4330127018922193,6.421340474999999,7.3605,6.1082873,1.2522127000000003,0.5422240045707512,9.25,10.0,7.0,3.0,1.299038105676658,0,0,1,0,1
RuV3,L12,111,-1.2229813614603415,1,0.0,2,1.7725,2.2,1.63,0.5700000000000003,0.24681724007856512,133.75,135.0,130.0,5.0,2.165063509461097,5.75,8.0,5.0,3.0,1.299038105676658,4.25,5.0,4.0,1.0,0.4330127018922193,6.89976525,7.3605,6.746187,0.6143130000000001,0.26600533193751497,4.0,7.0,3.0,4.0,1.7320508075688772,0,0,1,0,1
RuW3,L12,111,-0.8381323921593946,6,0.9256304609007202,2,1.825,2.2,1.7,0.5000000000000002,0.21650635094610976,133.75,135.0,130.0,5.0,2.165063509461097,6.5,8.0,6.0,2.0,0.8660254037844386,5.75,6.0,5.0,1.0,0.4330127018922193,7.7381475,7.86403,7.3605,0.5035299999999996,0.21803488578378902,4.75,7.0,4.0,3.0,1.299038105676658,0,0,1,0,1
RuY3,L12,111,-1.0649362834583087,3,1.05035084570045,2,1.465,2.2,1.22,0.9800000000000002,0.42435244785437504,167.5,180.0,130.0,50.0,21.650635094610966,4.25,8.0,3.0,5.0,2.165063509461097,5.0,5.0,5.0,0.0,0.0,6.503069999999999,7.3605,6.21726,1.1432400000000005,0.49503744131126104,2.5,7.0,1.0,6.0,2.598076211353316,0,0,1,0,1
RuZn3,L12,111,-0.3565236874628397,1,0.0,2,1.7874999999999999,2.2,1.65,0.5500000000000003,0.23815698604072075,133.75,135.0,130.0,5.0,2.165063509461097,11.0,12.0,8.0,4.0,1.7320508075688772,4.25,5.0,4.0,1.0,0.4330127018922193,8.885772750000001,9.394197,7.3605,2.033697,0.8806166328001008,9.25,10.0,7.0,3.0,1.299038105676658,0,0,1,0,1
RuZr3,L12,111,-1.1136160885571087,2,1.1221101219998673,2,1.5475,2.2,1.33,0.8700000000000001,0.37672105064623085,148.75,155.0,130.0,25.0,10.825317547305483,5.0,8.0,4.0,4.0,1.7320508075688772,5.0,5.0,5.0,0.0,0.0,6.8157195,7.3605,6.634126,0.7263739999999999,0.31452916832425887,3.25,7.0,2.0,5.0,2.165063509461097,0,0,1,0,1
Sc3Sn,L12,111,-1.165852421657263,2,0.0222288434997608,2,1.51,1.96,1.36,0.5999999999999999,0.25980762113533157,156.25,160.0,145.0,15.0,6.49519052838329,5.75,14.0,3.0,11.0,4.763139720814412,4.25,5.0,4.0,1.0,0.4330127018922193,6.757097,7.343918,6.56149,0.7824280000000003,0.33880126231612556,3.25,10.0,1.0,9.0,3.897114317029974,0,0,1,0,1
Sc3Ta,L12,111,-0.9746324488578182,3,0.151520604496909,2,1.395,1.5,1.36,0.1399999999999999,0.060621778264910664,156.25,160.0,145.0,15.0,6.49519052838329,3.5,5.0,3.0,2.0,0.8660254037844386,4.5,6.0,4.0,2.0,0.8660254037844386,6.80851025,7.549571,6.56149,0.9880810000000002,0.42785162349836603,1.5,3.0,1.0,2.0,0.8660254037844386,0,0,1,0,1
Sc3Tc,L12,111,-1.1049913043561617,3,0.3997768623994489,2,1.545,2.1,1.36,0.74,0.3204293994002423,153.75,160.0,135.0,25.0,10.825317547305483,4.0,7.0,3.0,4.0,1.7320508075688772,4.25,5.0,4.0,1.0,0.4330127018922193,6.7009625,7.11938,6.56149,0.5578899999999996,0.24157345625865004,2.0,5.0,1.0,4.0,1.7320508075688772,0,0,1,0,1
Sc3Ti,L12,111,-0.9985587384571488,3,0.0207877284992719,2,1.405,1.54,1.36,0.17999999999999994,0.07794228634059945,155.0,160.0,140.0,20.0,8.660254037844387,3.25,4.0,3.0,1.0,0.4330127018922193,4.0,4.0,4.0,0.0,0.0,6.628147500000001,6.82812,6.56149,0.26663000000000014,0.1154541767055225,1.25,2.0,1.0,1.0,0.4330127018922193,0,0,1,0,1
Sc3Tl,L12,111,-1.17476741526022,2,0.000958112799708,2,1.47,1.8,1.36,0.43999999999999995,0.19052558883257648,167.5,190.0,160.0,30.0,12.99038105676658,5.5,13.0,3.0,10.0,4.330127018922194,4.5,6.0,4.0,2.0,0.8660254037844386,6.448189325,6.56149,6.1082873,0.4532027000000003,0.19624252563184905,3.25,10.0,1.0,9.0,3.897114317029974,0,0,1,0,1
Sc3V,L12,111,-1.0342736797565235,3,0.2565373623001505,2,1.4275,1.63,1.36,0.2699999999999998,0.11691342951089913,153.75,160.0,135.0,25.0,10.825317547305483,3.5,5.0,3.0,2.0,0.8660254037844386,4.0,4.0,4.0,0.0,0.0,6.60766425,6.746187,6.56149,0.1846969999999999,0.07997614700138718,1.5,3.0,1.0,2.0,0.8660254037844386,0,0,1,0,1
Sc3W,L12,111,-1.0241894129567015,3,0.0714972308014694,2,1.445,1.7,1.36,0.33999999999999986,0.1472243186433545,153.75,160.0,135.0,25.0,10.825317547305483,3.75,6.0,3.0,3.0,1.299038105676658,4.5,6.0,4.0,2.0,0.8660254037844386,6.887125,7.86403,6.56149,1.3025399999999996,0.5640163647226911,1.75,4.0,1.0,3.0,1.299038105676658,0,0,1,0,1
Sc3Y,L12,111,-0.9760543797592334,2,0.0474961100007931,2,1.325,1.36,1.22,0.14000000000000012,0.06062177826491076,165.0,180.0,160.0,20.0,8.660254037844387,3.0,3.0,3.0,0.0,0.0,4.25,5.0,4.0,1.0,0.4330127018922193,6.4754325,6.56149,6.21726,0.3442300000000005,0.14905596237235885,1.0,1.0,1.0,0.0,0.0,0,0,1,0,1
Sc3Zn,L12,111,-1.159178149459848,2,0.004340487801528,2,1.4325,1.65,1.36,0.2899999999999998,0.12557368354874351,153.75,160.0,135.0,25.0,10.825317547305483,5.25,12.0,3.0,9.0,3.897114317029974,4.0,4.0,4.0,0.0,0.0,7.269666750000001,9.394197,6.56149,2.832707,1.226598111739003,3.25,10.0,1.0,9.0,3.897114317029974,0,0,1,0,1
Sc3Zr,L12,111,-0.9531988581574922,3,0.3217601922005997,2,1.3525,1.36,1.33,0.030000000000000027,0.012990381056766592,158.75,160.0,155.0,5.0,2.165063509461097,3.25,4.0,3.0,1.0,0.4330127018922193,4.25,5.0,4.0,1.0,0.4330127018922193,6.579649,6.634126,6.56149,0.07263600000000014,0.031452310614643306,1.25,2.0,1.0,1.0,0.4330127018922193,0,0,1,0,1
ScSn3,L12,111,0.4544551450426581,7,0.85655545139889,2,1.81,1.96,1.36,0.5999999999999999,0.25980762113533157,148.75,160.0,145.0,15.0,6.49519052838329,11.25,14.0,3.0,11.0,4.763139720814412,4.75,5.0,4.0,1.0,0.4330127018922193,7.148311,7.343918,6.56149,0.7824280000000003,0.33880126231612556,7.75,10.0,1.0,9.0,3.897114317029974,0,0,1,0,1
ScTa3,L12,111,-0.9972176253567966,3,0.2143961804977152,2,1.465,1.5,1.36,0.1399999999999999,0.060621778264910664,148.75,160.0,145.0,15.0,6.49519052838329,4.5,5.0,3.0,2.0,0.8660254037844386,5.5,6.0,4.0,2.0,0.8660254037844386,7.30255075,7.549571,6.56149,0.9880810000000002,0.42785162349836603,2.5,3.0,1.0,2.0,0.8660254037844386,0,0,1,0,1
ScTc3,L12,111,-0.7089591366556931,6,1.4905932126966943,2,1.9150000000000003,2.1,1.36,0.74,0.3204293994002423,141.25,160.0,135.0,25.0,10.825317547305483,6.0,7.0,3.0,4.0,1.7320508075688772,4.75,5.0,4.0,1.0,0.4330127018922193,6.9799074999999995,7.11938,6.56149,0.5578899999999996,0.24157345625865004,4.0,5.0,1.0,4.0,1.7320508075688772,0,0,1,0,1
ScTi3,L12,111,-0.9967290449594371,4,0.0797320757992565,2,1.495,1.54,1.36,0.17999999999999994,0.07794228634059945,145.0,160.0,140.0,20.0,8.660254037844387,3.75,4.0,3.0,1.0,0.4330127018922193,4.0,4.0,4.0,0.0,0.0,6.7614625,6.82812,6.56149,0.26663000000000014,0.1154541767055225,1.75,2.0,1.0,1.0,0.4330127018922193,0,0,1,0,1
ScTl3,L12,111,0.1861268180410036,3,0.0187282348997541,2,1.6900000000000002,1.8,1.36,0.43999999999999995,0.19052558883257648,182.5,190.0,160.0,30.0,12.99038105676658,10.5,13.0,3.0,10.0,4.330127018922194,5.5,6.0,4.0,2.0,0.8660254037844386,6.221587974999999,6.56149,6.1082873,0.4532027000000003,0.19624252563184905,7.75,10.0,1.0,9.0,3.897114317029974,0,0,1,0,1
ScV3,L12,111,-0.8885676036579468,5,1.7027086710986623,2,1.5625,1.63,1.36,0.2699999999999998,0.11691342951089913,141.25,160.0,135.0,25.0,10.825317547305483,4.5,5.0,3.0,2.0,0.8660254037844386,4.0,4.0,4.0,0.0,0.0,6.70001275,6.746187,6.56149,0.1846969999999999,0.07997614700138718,2.5,3.0,1.0,2.0,0.8660254037844386,0,0,1,0,1
ScW3,L12,111,-0.9024424162589356,5,0.4343206258017744,2,1.615,1.7,1.36,0.33999999999999986,0.1472243186433545,141.25,160.0,135.0,25.0,10.825317547305483,5.25,6.0,3.0,3.0,1.299038105676658,5.5,6.0,4.0,2.0,0.8660254037844386,7.5383949999999995,7.86403,6.56149,1.3025399999999996,0.5640163647226911,3.25,4.0,1.0,3.0,1.299038105676658,0,0,1,0,1
ScY3,L12,111,-0.9855922418564376,4,1.0572277065984963,2,1.2550000000000001,1.36,1.22,0.14000000000000012,0.06062177826491076,175.0,180.0,160.0,20.0,8.660254037844387,3.0,3.0,3.0,0.0,0.0,4.75,5.0,4.0,1.0,0.4330127018922193,6.3033174999999995,6.56149,6.21726,0.3442300000000005,0.14905596237235885,1.0,1.0,1.0,0.0,0.0,0,0,1,0,1
ScZn3,L12,111,-0.1618719510579183,3,0.0241679266036953,2,1.5775,1.65,1.36,0.2899999999999998,0.12557368354874351,141.25,160.0,135.0,25.0,10.825317547305483,9.75,12.0,3.0,9.0,3.897114317029974,4.0,4.0,4.0,0.0,0.0,8.68602025,9.394197,6.56149,2.832707,1.226598111739003,7.75,10.0,1.0,9.0,3.897114317029974,0,0,1,0,1
ScZr3,L12,111,-0.9633340101581496,2,0.233547008199821,2,1.3375000000000001,1.36,1.33,0.030000000000000027,0.012990381056766592,156.25,160.0,155.0,5.0,2.165063509461097,3.75,4.0,3.0,1.0,0.4330127018922193,4.75,5.0,4.0,1.0,0.4330127018922193,6.6159669999999995,6.634126,6.56149,0.07263600000000014,0.031452310614643306,1.75,2.0,1.0,1.0,0.4330127018922193,0,0,1,0,1
Sn3Ta,L12,111,0.8111170663405858,2,0.21134782520312,2,1.845,1.96,1.5,0.45999999999999996,0.19918584287042085,145.0,145.0,145.0,0.0,0.0,11.75,14.0,5.0,9.0,3.897114317029974,5.25,6.0,5.0,1.0,0.4330127018922193,7.39533125,7.549571,7.343918,0.20565299999999986,0.08905036118224052,8.25,10.0,3.0,7.0,3.031088913245535,0,0,1,0,1
Sn3Tc,L12,111,-0.0760929614579879,2,1.0140315393982746,2,1.995,2.1,1.96,0.14000000000000012,0.06062177826491076,142.5,145.0,135.0,10.0,4.330127018922194,12.25,14.0,7.0,7.0,3.031088913245535,5.0,5.0,5.0,0.0,0.0,7.2877835,7.343918,7.11938,0.2245380000000008,0.09722780605747548,8.75,10.0,5.0,5.0,2.165063509461097,0,0,1,0,1
Sn3Ti,L12,111,0.1181355019407703,4,1.0382530725000834,2,1.855,1.96,1.54,0.41999999999999993,0.1818653347947321,143.75,145.0,140.0,5.0,2.165063509461097,11.5,14.0,4.0,10.0,4.330127018922194,4.75,5.0,4.0,1.0,0.4330127018922193,7.2149684999999995,7.343918,6.82812,0.5157980000000002,0.22334708561060304,8.0,10.0,2.0,8.0,3.4641016151377544,0,0,1,0,1
Sn3Tl,L12,111,0.591697392240377,3,0.2668963278993033,2,1.92,1.96,1.8,0.15999999999999992,0.06928203230275505,156.25,190.0,145.0,45.0,19.48557158514987,13.75,14.0,13.0,1.0,0.4330127018922193,5.25,6.0,5.0,1.0,0.4330127018922193,7.035010325,7.343918,6.1082873,1.2356307000000006,0.5350437879479746,10.0,10.0,10.0,0.0,0.0,0,0,1,0,1
Sn3V,L12,111,0.026807566941926,3,0.8862338194012409,2,1.8775,1.96,1.63,0.33000000000000007,0.1428941916244324,142.5,145.0,135.0,10.0,4.330127018922194,11.75,14.0,5.0,9.0,3.897114317029974,4.75,5.0,4.0,1.0,0.4330127018922193,7.19448525,7.343918,6.746187,0.5977310000000005,0.25882511531473834,8.25,10.0,3.0,7.0,3.031088913245535,0,0,1,0,1
Sn3W,L12,111,-0.3342747076557941,2,1.2289801111000995,2,1.895,1.96,1.7,0.26,0.11258330249197702,142.5,145.0,135.0,10.0,4.330127018922194,12.0,14.0,6.0,8.0,3.4641016151377544,5.25,6.0,5.0,1.0,0.4330127018922193,7.473946,7.86403,7.343918,0.5201119999999992,0.22521510240656564,8.5,10.0,4.0,6.0,2.598076211353316,0,0,1,0,1
Sn3Y,L12,111,0.530346470143769,3,0.268751872197754,2,1.775,1.96,1.22,0.74,0.3204293994002423,153.75,180.0,145.0,35.0,15.155444566227676,11.25,14.0,3.0,11.0,4.763139720814412,5.0,5.0,5.0,0.0,0.0,7.0622535,7.343918,6.21726,1.1266580000000008,0.4878572246884844,7.75,10.0,1.0,9.0,3.897114317029974,0,0,1,0,1
Sn3Zn,L12,111,0.4674899421379734,6,0.5922686952035292,2,1.8824999999999998,1.96,1.65,0.31000000000000005,0.13423393758658803,142.5,145.0,135.0,10.0,4.330127018922194,13.5,14.0,12.0,2.0,0.8660254037844386,4.75,5.0,4.0,1.0,0.4330127018922193,7.856487749999999,9.394197,7.343918,2.0502789999999997,0.8877968494228775,10.0,10.0,10.0,0.0,0.0,0,0,1,0,1
Sn3Zr,L12,111,0.082329674541171,6,1.176128800801962,2,1.8025,1.96,1.33,0.6299999999999999,0.27279800219209815,147.5,155.0,145.0,10.0,4.330127018922194,11.5,14.0,4.0,10.0,4.330127018922194,5.0,5.0,5.0,0.0,0.0,7.16647,7.343918,6.634126,0.7097920000000002,0.30734895170148224,8.0,10.0,2.0,8.0,3.4641016151377544,0,0,1,0,1
SnTa3,L12,111,-1.0599544232599951,2,0.1099761684999975,2,1.615,1.96,1.5,0.45999999999999996,0.19918584287042085,145.0,145.0,145.0,0.0,0.0,7.25,14.0,5.0,9.0,3.897114317029974,5.75,6.0,5.0,1.0,0.4330127018922193,7.498157750000001,7.549571,7.343918,0.20565299999999986,0.08905036118224052,4.75,10.0,3.0,7.0,3.031088913245535,0,0,1,0,1
SnTc3,L12,111,-0.545730834160139,3,0.6985984021994227,2,2.0650000000000004,2.1,1.96,0.14000000000000012,0.06062177826491076,137.5,145.0,135.0,10.0,4.330127018922194,8.75,14.0,7.0,7.0,3.031088913245535,5.0,5.0,5.0,0.0,0.0,7.1755145,7.343918,7.11938,0.2245380000000008,0.09722780605747548,6.25,10.0,5.0,5.0,2.165063509461097,0,0,1,0,1
SnTi3,L12,111,-1.106412010757566,2,0.0212910031004867,2,1.645,1.96,1.54,0.41999999999999993,0.1818653347947321,141.25,145.0,140.0,5.0,2.165063509461097,6.5,14.0,4.0,10.0,4.330127018922194,4.25,5.0,4.0,1.0,0.4330127018922193,6.957069500000001,7.343918,6.82812,0.5157980000000002,0.22334708561060304,4.0,10.0,2.0,8.0,3.4641016151377544,0,0,1,0,1
SnTl3,L12,111,0.4137880039425283,4,0.8293512785967323,2,1.84,1.96,1.8,0.15999999999999992,0.06928203230275505,178.75,190.0,145.0,45.0,19.48557158514987,13.25,14.0,13.0,1.0,0.4330127018922193,5.75,6.0,5.0,1.0,0.4330127018922193,6.417194974999999,7.343918,6.1082873,1.2356307000000006,0.5350437879479746,10.0,10.0,10.0,0.0,0.0,0,0,1,0,1
SnV3,L12,111,-0.98462705415929,2,0.064394923600048,2,1.7125,1.96,1.63,0.33000000000000007,0.1428941916244324,137.5,145.0,135.0,10.0,4.330127018922194,7.25,14.0,5.0,9.0,3.897114317029974,4.25,5.0,4.0,1.0,0.4330127018922193,6.89561975,7.343918,6.746187,0.5977310000000005,0.25882511531473834,4.75,10.0,3.0,7.0,3.031088913245535,0,0,1,0,1
SnW3,L12,111,-0.7992616106557477,2,0.3536911185001372,2,1.765,1.96,1.7,0.26,0.11258330249197702,137.5,145.0,135.0,10.0,4.330127018922194,8.0,14.0,6.0,8.0,3.4641016151377544,5.75,6.0,5.0,1.0,0.4330127018922193,7.734002,7.86403,7.343918,0.5201119999999992,0.22521510240656564,5.5,10.0,4.0,6.0,2.598076211353316,0,0,1,0,1
SnY3,L12,111,-1.0993150097592377,4,2.028650980901148,2,1.405,1.96,1.22,0.74,0.3204293994002423,171.25,180.0,145.0,35.0,15.155444566227676,5.75,14.0,3.0,11.0,4.763139720814412,5.0,5.0,5.0,0.0,0.0,6.498924499999999,7.343918,6.21726,1.1266580000000008,0.4878572246884844,3.25,10.0,1.0,9.0,3.897114317029974,0,0,1,0,1
SnZn3,L12,111,0.4848559751417554,3,0.1381769583022105,2,1.7274999999999998,1.96,1.65,0.31000000000000005,0.13423393758658803,137.5,145.0,135.0,10.0,4.330127018922194,12.5,14.0,12.0,2.0,0.8660254037844386,4.25,5.0,4.0,1.0,0.4330127018922193,8.881627250000001,9.394197,7.343918,2.0502789999999997,0.8877968494228775,10.0,10.0,10.0,0.0,0.0,0,0,1,0,1
SnZr3,L12,111,-1.0477011371576452,2,0.0199941085011232,2,1.4875,1.96,1.33,0.6299999999999999,0.27279800219209815,152.5,155.0,145.0,10.0,4.330127018922194,6.5,14.0,4.0,10.0,4.330127018922194,5.0,5.0,5.0,0.0,0.0,6.811574,7.343918,6.634126,0.7097920000000002,0.30734895170148224,4.0,10.0,2.0,8.0,3.4641016151377544,0,0,1,0,1
Ta3Tc,L12,111,-1.2990371793593738,2,0.098396908302675,2,1.65,2.1,1.5,0.6000000000000001,0.2598076211353316,142.5,145.0,135.0,10.0,4.330127018922194,5.5,7.0,5.0,2.0,0.8660254037844386,5.75,6.0,5.0,1.0,0.4330127018922193,7.44202325,7.549571,7.11938,0.43019100000000066,0.18627816723971602,3.5,5.0,3.0,2.0,0.8660254037844386,0,0,1,0,1
Ta3Ti,L12,111,-1.0443250206580783,2,0.0516246211009274,2,1.51,1.54,1.5,0.040000000000000036,0.01732050807568879,143.75,145.0,140.0,5.0,2.165063509461097,4.75,5.0,4.0,1.0,0.4330127018922193,5.5,6.0,4.0,2.0,0.8660254037844386,7.36920825,7.549571,6.82812,0.7214510000000001,0.31239744679284354,2.75,3.0,2.0,1.0,0.4330127018922193,0,0,1,0,1
Ta3Tl,L12,111,-1.0621950086560616,2,0.0625350254995282,2,1.575,1.8,1.5,0.30000000000000004,0.1299038105676658,156.25,190.0,145.0,45.0,19.48557158514987,7.0,13.0,5.0,8.0,3.4641016151377544,6.0,6.0,6.0,0.0,0.0,7.189250075,7.549571,6.1082873,1.4412837000000005,0.6240941491302151,4.75,10.0,3.0,7.0,3.031088913245535,0,0,1,0,1
Ta3V,L12,111,-1.0705701283577298,4,0.138248796298285,2,1.5325,1.63,1.5,0.1299999999999999,0.056291651245988464,142.5,145.0,135.0,10.0,4.330127018922194,5.0,5.0,5.0,0.0,0.0,5.5,6.0,4.0,2.0,0.8660254037844386,7.348725,7.549571,6.746187,0.8033840000000003,0.34787547649697886,3.0,3.0,3.0,0.0,0.0,0,0,1,0,1
Ta3W,L12,111,-1.116336410656885,6,1.076696227199136,2,1.55,1.7,1.5,0.19999999999999996,0.08660254037844385,142.5,145.0,135.0,10.0,4.330127018922194,5.25,6.0,5.0,1.0,0.4330127018922193,6.0,6.0,6.0,0.0,0.0,7.62818575,7.86403,7.549571,0.3144589999999994,0.13616474122432512,3.25,4.0,3.0,1.0,0.4330127018922193,0,0,1,0,1
Ta3Y,L12,111,-0.8906755335546848,4,0.3217963832976238,2,1.43,1.5,1.22,0.28,0.12124355652982143,153.75,180.0,145.0,35.0,15.155444566227676,4.5,5.0,3.0,2.0,0.8660254037844386,5.75,6.0,5.0,1.0,0.4330127018922193,7.21649325,7.549571,6.21726,1.3323110000000007,0.5769075858707249,2.5,3.0,1.0,2.0,0.8660254037844386,0,0,1,0,1
Ta3Zn,L12,111,-1.0691352721541705,2,0.0573572434004745,2,1.5375,1.65,1.5,0.1499999999999999,0.06495190528383286,142.5,145.0,135.0,10.0,4.330127018922194,6.75,12.0,5.0,7.0,3.031088913245535,5.5,6.0,4.0,2.0,0.8660254037844386,8.0107275,9.394197,7.549571,1.8446259999999999,0.7987464882406369,4.75,10.0,3.0,7.0,3.031088913245535,0,0,1,0,1
Ta3Zr,L12,111,-0.9932436749613488,2,0.0026698450019466,2,1.4575,1.5,1.33,0.16999999999999993,0.07361215932167725,147.5,155.0,145.0,10.0,4.330127018922194,4.75,5.0,4.0,1.0,0.4330127018922193,5.75,6.0,5.0,1.0,0.4330127018922193,7.320709750000001,7.549571,6.634126,0.9154450000000001,0.39639931288372277,2.75,3.0,2.0,1.0,0.4330127018922193,0,0,1,0,1
TaTc3,L12,111,-0.7294629143570717,5,0.2322807264972652,2,1.9500000000000002,2.1,1.5,0.6000000000000001,0.2598076211353316,137.5,145.0,135.0,10.0,4.330127018922194,6.5,7.0,5.0,2.0,0.8660254037844386,5.25,6.0,5.0,1.0,0.4330127018922193,7.22692775,7.549571,7.11938,0.43019100000000066,0.18627816723971602,4.5,5.0,3.0,2.0,0.8660254037844386,0,0,1,0,1
TaTi3,L12,111,-1.0164245085570371,4,0.0869205072012846,2,1.53,1.54,1.5,0.040000000000000036,0.01732050807568879,141.25,145.0,140.0,5.0,2.165063509461097,4.25,5.0,4.0,1.0,0.4330127018922193,4.5,6.0,4.0,2.0,0.8660254037844386,7.008482750000001,7.549571,6.82812,0.7214510000000001,0.31239744679284354,2.25,3.0,2.0,1.0,0.4330127018922193,0,0,1,0,1
TaTl3,L12,111,-0.5776027117599085,2,1.6604024524021952,2,1.725,1.8,1.5,0.30000000000000004,0.1299038105676658,178.75,190.0,145.0,45.0,19.48557158514987,11.0,13.0,5.0,8.0,3.4641016151377544,6.0,6.0,6.0,0.0,0.0,6.468608225,7.549571,6.1082873,1.4412837000000005,0.6240941491302151,8.25,10.0,3.0,7.0,3.031088913245535,0,0,1,0,1
TaV3,L12,111,-1.0230262624563409,2,1.0615468334981415,2,1.5975,1.63,1.5,0.1299999999999999,0.056291651245988464,137.5,145.0,135.0,10.0,4.330127018922194,5.0,5.0,5.0,0.0,0.0,4.5,6.0,4.0,2.0,0.8660254037844386,6.947033,7.549571,6.746187,0.8033840000000003,0.34787547649697886,3.0,3.0,3.0,0.0,0.0,0,0,1,0,1
TaW3,L12,111,-1.2757767524553572,2,0.449046474397619,2,1.65,1.7,1.5,0.19999999999999996,0.08660254037844385,137.5,145.0,135.0,10.0,4.330127018922194,5.75,6.0,5.0,1.0,0.4330127018922193,6.0,6.0,6.0,0.0,0.0,7.78541525,7.86403,7.549571,0.3144589999999994,0.13616474122432512,3.75,4.0,3.0,1.0,0.4330127018922193,0,0,1,0,1
TaY3,L12,111,-0.9736778735595806,6,0.7057793504027359,2,1.29,1.5,1.22,0.28,0.12124355652982143,171.25,180.0,145.0,35.0,15.155444566227676,3.5,5.0,3.0,2.0,0.8660254037844386,5.25,6.0,5.0,1.0,0.4330127018922193,6.55033775,7.549571,6.21726,1.3323110000000007,0.5769075858707249,1.5,3.0,1.0,2.0,0.8660254037844386,0,0,1,0,1
TaZn3,L12,111,-0.5540522114524435,3,0.0322325644956436,2,1.6124999999999998,1.65,1.5,0.1499999999999999,0.06495190528383286,137.5,145.0,135.0,10.0,4.330127018922194,10.25,12.0,5.0,7.0,3.031088913245535,4.5,6.0,4.0,2.0,0.8660254037844386,8.9330405,9.394197,7.549571,1.8446259999999999,0.7987464882406369,8.25,10.0,3.0,7.0,3.031088913245535,0,0,1,0,1
TaZr3,L12,111,-1.0422859356576453,3,0.1504328295013692,2,1.3725,1.5,1.33,0.16999999999999993,0.07361215932167725,152.5,155.0,145.0,10.0,4.330127018922194,4.25,5.0,4.0,1.0,0.4330127018922193,5.25,6.0,5.0,1.0,0.4330127018922193,6.86298725,7.549571,6.634126,0.9154450000000001,0.39639931288372277,2.25,3.0,2.0,1.0,0.4330127018922193,0,0,1,0,1
Tc3Ti,L12,111,-0.6821642230597433,4,0.1554184993001399,2,1.9600000000000002,2.1,1.54,0.56,0.24248711305964285,136.25,140.0,135.0,5.0,2.165063509461097,6.25,7.0,4.0,3.0,1.299038105676658,4.75,5.0,4.0,1.0,0.4330127018922193,7.046564999999999,7.11938,6.82812,0.2912599999999994,0.12611927955312754,4.25,5.0,2.0,3.0,1.299038105676658,0,0,1,0,1
Tc3Tl,L12,111,-0.4993483500611262,1,0.0,2,2.0250000000000004,2.1,1.8,0.30000000000000004,0.1299038105676658,148.75,190.0,135.0,55.0,23.81569860407206,8.5,13.0,7.0,6.0,2.598076211353316,5.25,6.0,5.0,1.0,0.4330127018922193,6.866606825,7.11938,6.1082873,1.0110926999999998,0.4378159818904991,6.25,10.0,5.0,5.0,2.165063509461097,0,0,1,0,1
Tc3V,L12,111,-0.6702192418551647,3,0.2277977870980976,2,1.9825000000000002,2.1,1.63,0.4700000000000002,0.20351596988934317,135.0,135.0,135.0,0.0,0.0,6.5,7.0,5.0,2.0,0.8660254037844386,4.75,5.0,4.0,1.0,0.4330127018922193,7.0260817499999995,7.11938,6.746187,0.37319299999999966,0.16159730925726287,4.5,5.0,3.0,2.0,0.8660254037844386,0,0,1,0,1
Tc3W,L12,111,-0.6502311197573079,3,0.215016736099642,2,2.0,2.1,1.7,0.40000000000000013,0.17320508075688779,135.0,135.0,135.0,0.0,0.0,6.75,7.0,6.0,1.0,0.4330127018922193,5.25,6.0,5.0,1.0,0.4330127018922193,7.3055425,7.86403,7.11938,0.74465,0.3224429084640411,4.75,5.0,4.0,1.0,0.4330127018922193,0,0,1,0,1
Tc3Y,L12,111,-0.8840906507566331,1,0.0,2,1.8800000000000001,2.1,1.22,0.8800000000000001,0.38105117766515306,146.25,180.0,135.0,45.0,19.48557158514987,6.0,7.0,3.0,4.0,1.7320508075688772,5.0,5.0,5.0,0.0,0.0,6.89385,7.11938,6.21726,0.90212,0.3906294186310089,4.0,5.0,1.0,4.0,1.7320508075688772,0,0,1,0,1
Tc3Zn,L12,111,-0.596463874257978,3,0.3446957152045797,2,1.9875000000000003,2.1,1.65,0.4500000000000002,0.19485571585149877,135.0,135.0,135.0,0.0,0.0,8.25,12.0,7.0,5.0,2.165063509461097,4.75,5.0,4.0,1.0,0.4330127018922193,7.688084249999999,9.394197,7.11938,2.2748170000000005,0.9850246554803529,6.25,10.0,5.0,5.0,2.165063509461097,0,0,1,0,1
Tc3Zr,L12,111,-0.7508023537584165,2,0.1265616429991496,2,1.9075000000000002,2.1,1.33,0.77,0.3334197804570089,140.0,155.0,135.0,20.0,8.660254037844387,6.25,7.0,4.0,3.0,1.299038105676658,5.0,5.0,5.0,0.0,0.0,6.9980665,7.11938,6.634126,0.4852539999999994,0.21012114564400672,4.25,5.0,2.0,3.0,1.299038105676658,0,0,1,0,1
TcTi3,L12,111,-1.0850385572548191,3,0.2547763775983185,2,1.6800000000000002,2.1,1.54,0.56,0.24248711305964285,138.75,140.0,135.0,5.0,2.165063509461097,4.75,7.0,4.0,3.0,1.299038105676658,4.25,5.0,4.0,1.0,0.4330127018922193,6.9009350000000005,7.11938,6.82812,0.2912599999999994,0.12611927955312754,2.75,5.0,2.0,3.0,1.299038105676658,0,0,1,0,1
TcTl3,L12,111,0.9519849583421376,2,0.3027322238012857,2,1.875,2.1,1.8,0.30000000000000004,0.1299038105676658,176.25,190.0,135.0,55.0,23.81569860407206,11.5,13.0,7.0,6.0,2.598076211353316,5.75,6.0,5.0,1.0,0.4330127018922193,6.3610604749999995,7.11938,6.1082873,1.0110926999999998,0.4378159818904991,8.75,10.0,5.0,5.0,2.165063509461097,0,0,1,0,1
TcV3,L12,111,-1.3200698103564434,2,1.3364514715976838,2,1.7475,2.1,1.63,0.4700000000000002,0.20351596988934317,135.0,135.0,135.0,0.0,0.0,5.5,7.0,5.0,2.0,0.8660254037844386,4.25,5.0,4.0,1.0,0.4330127018922193,6.83948525,7.11938,6.746187,0.37319299999999966,0.16159730925726287,3.5,5.0,3.0,2.0,0.8660254037844386,0,0,1,0,1
TcW3,L12,111,-0.898258257758215,4,1.0169812534986704,2,1.7999999999999998,2.1,1.7,0.40000000000000013,0.17320508075688779,135.0,135.0,135.0,0.0,0.0,6.25,7.0,6.0,1.0,0.4330127018922193,5.75,6.0,5.0,1.0,0.4330127018922193,7.6778675,7.86403,7.11938,0.74465,0.3224429084640411,4.25,5.0,4.0,1.0,0.4330127018922193,0,0,1,0,1
TcY3,L12,111,-1.0469589465564866,6,0.963812930498534,2,1.44,2.1,1.22,0.8800000000000001,0.38105117766515306,168.75,180.0,135.0,45.0,19.48557158514987,4.0,7.0,3.0,4.0,1.7320508075688772,5.0,5.0,5.0,0.0,0.0,6.44279,7.11938,6.21726,0.90212,0.3906294186310089,2.0,5.0,1.0,4.0,1.7320508075688772,0,0,1,0,1
TcZn3,L12,111,-0.4258483613584474,5,1.2721128755947575,2,1.7624999999999997,2.1,1.65,0.4500000000000002,0.19485571585149877,135.0,135.0,135.0,0.0,0.0,10.75,12.0,7.0,5.0,2.165063509461097,4.25,5.0,4.0,1.0,0.4330127018922193,8.82549275,9.394197,7.11938,2.2748170000000005,0.9850246554803529,8.75,10.0,5.0,5.0,2.165063509461097,0,0,1,0,1
TcZr3,L12,111,-1.0243955392570283,3,0.1960414218010555,2,1.5225,2.1,1.33,0.77,0.3334197804570089,150.0,155.0,135.0,20.0,8.660254037844387,4.75,7.0,4.0,3.0,1.299038105676658,5.0,5.0,5.0,0.0,0.0,6.7554395,7.11938,6.634126,0.4852539999999994,0.21012114564400672,2.75,5.0,2.0,3.0,1.299038105676658,0,0,1,0,1
Ti3Tl,L12,111,-1.123477766256627,2,0.008248042599007,2,1.605,1.8,1.54,0.26,0.11258330249197702,152.5,190.0,140.0,50.0,21.650635094610966,6.25,13.0,4.0,9.0,3.897114317029974,4.5,6.0,4.0,2.0,0.8660254037844386,6.648161825000001,6.82812,6.1082873,0.7198327000000004,0.3116967023373715,4.0,10.0,2.0,8.0,3.4641016151377544,0,0,1,0,1
Ti3V,L12,111,-1.0513364419593645,4,0.1400725031999172,2,1.5625,1.63,1.54,0.08999999999999986,0.03897114317029968,138.75,140.0,135.0,5.0,2.165063509461097,4.25,5.0,4.0,1.0,0.4330127018922193,4.0,4.0,4.0,0.0,0.0,6.80763675,6.82812,6.746187,0.08193300000000026,0.035478029704135314,2.25,3.0,2.0,1.0,0.4330127018922193,0,0,1,0,1
Ti3W,L12,111,-1.050459691158693,3,0.1255299232980178,2,1.58,1.7,1.54,0.15999999999999992,0.06928203230275505,138.75,140.0,135.0,5.0,2.165063509461097,4.5,6.0,4.0,2.0,0.8660254037844386,4.5,6.0,4.0,2.0,0.8660254037844386,7.0870975000000005,7.86403,6.82812,1.0359099999999994,0.4485621880171687,2.5,4.0,2.0,2.0,0.8660254037844386,0,0,1,0,1
Ti3Y,L12,111,-0.959663738757598,4,1.7585469750010816,2,1.46,1.54,1.22,0.32000000000000006,0.1385640646055102,150.0,180.0,140.0,40.0,17.320508075688775,3.75,4.0,3.0,1.0,0.4330127018922193,4.25,5.0,4.0,1.0,0.4330127018922193,6.6754050000000005,6.82812,6.21726,0.6108600000000006,0.2645101390778814,1.75,2.0,1.0,1.0,0.4330127018922193,0,0,1,0,1
Ti3Zn,L12,111,-1.1052043695590044,3,1.5988704385017627,2,1.5675,1.65,1.54,0.10999999999999988,0.04763139720814407,138.75,140.0,135.0,5.0,2.165063509461097,6.0,12.0,4.0,8.0,3.4641016151377544,4.0,4.0,4.0,0.0,0.0,7.46963925,9.394197,6.82812,2.566077,1.1111439350334804,4.0,10.0,2.0,8.0,3.4641016151377544,0,0,1,0,1
Ti3Zr,L12,111,-1.0112610123605634,4,0.166059646900976,2,1.4875,1.54,1.33,0.20999999999999996,0.09093266739736605,143.75,155.0,140.0,15.0,6.49519052838329,4.0,4.0,4.0,0.0,0.0,4.25,5.0,4.0,1.0,0.4330127018922193,6.779621500000001,6.82812,6.634126,0.193994,0.08400186609087919,2.0,2.0,2.0,0.0,0.0,0,0,1,0,1
TiTl3,L12,111,-0.0880489631553871,2,1.1414242180981091,2,1.735,1.8,1.54,0.26,0.11258330249197702,177.5,190.0,140.0,50.0,21.650635094610966,10.75,13.0,4.0,9.0,3.897114317029974,5.5,6.0,4.0,2.0,0.8660254037844386,6.288245475,6.82812,6.1082873,0.7198327000000004,0.3116967023373715,8.0,10.0,2.0,8.0,3.4641016151377544,0,0,1,0,1
TiV3,L12,111,-0.9814601932584708,2,1.3811135159994592,2,1.6075,1.63,1.54,0.08999999999999986,0.03897114317029968,136.25,140.0,135.0,5.0,2.165063509461097,4.75,5.0,4.0,1.0,0.4330127018922193,4.0,4.0,4.0,0.0,0.0,6.766670250000001,6.82812,6.746187,0.08193300000000026,0.035478029704135314,2.75,3.0,2.0,1.0,0.4330127018922193,0,0,1,0,1
TiW3,L12,111,-1.053664647958584,2,1.446951459201955,2,1.66,1.7,1.54,0.15999999999999992,0.06928203230275505,136.25,140.0,135.0,5.0,2.165063509461097,5.5,6.0,4.0,2.0,0.8660254037844386,5.5,6.0,4.0,2.0,0.8660254037844386,7.605052499999999,7.86403,6.82812,1.0359099999999994,0.4485621880171687,3.5,4.0,2.0,2.0,0.8660254037844386,0,0,1,0,1
TiY3,L12,111,-0.9883833135581596,5,0.8670629913012817,2,1.3,1.54,1.22,0.32000000000000006,0.1385640646055102,170.0,180.0,140.0,40.0,17.320508075688775,3.25,4.0,3.0,1.0,0.4330127018922193,4.75,5.0,4.0,1.0,0.4330127018922193,6.369975,6.82812,6.21726,0.6108600000000006,0.2645101390778814,1.25,2.0,1.0,1.0,0.4330127018922193,0,0,1,0,1
TiZn3,L12,111,-0.3385362824546689,6,1.3034828392992497,2,1.6224999999999998,1.65,1.54,0.10999999999999988,0.04763139720814407,136.25,140.0,135.0,5.0,2.165063509461097,10.0,12.0,4.0,8.0,3.4641016151377544,4.0,4.0,4.0,0.0,0.0,8.75267775,9.394197,6.82812,2.566077,1.1111439350334804,8.0,10.0,2.0,8.0,3.4641016151377544,0,0,1,0,1
TiZr3,L12,111,-1.020667035357263,5,0.3702642117968935,2,1.3825,1.54,1.33,0.20999999999999996,0.09093266739736605,151.25,155.0,140.0,15.0,6.49519052838329,4.0,4.0,4.0,0.0,0.0,4.75,5.0,4.0,1.0,0.4330127018922193,6.682624499999999,6.82812,6.634126,0.193994,0.08400186609087919,2.0,2.0,2.0,0.0,0.0,0,0,1,0,1
Tl3V,L12,111,1.0113510821402372,1,0.0,2,1.7575,1.8,1.63,0.17000000000000015,0.07361215932167735,176.25,190.0,135.0,55.0,23.81569860407206,11.0,13.0,5.0,8.0,3.4641016151377544,5.5,6.0,4.0,2.0,0.8660254037844386,6.267762224999999,6.746187,6.1082873,0.6378997000000002,0.27621867263323624,8.25,10.0,3.0,7.0,3.031088913245535,0,0,1,0,1
Tl3W,L12,111,-0.6467354093610709,3,2.0290708525026275,2,1.7750000000000001,1.8,1.7,0.10000000000000009,0.043301270189221974,176.25,190.0,135.0,55.0,23.81569860407206,11.25,13.0,6.0,7.0,3.031088913245535,6.0,6.0,6.0,0.0,0.0,6.5472229749999995,7.86403,6.1082873,1.7557426999999999,0.7602588903545403,8.5,10.0,4.0,6.0,2.598076211353316,0,0,1,0,1
Tl3Y,L12,111,0.2298276202427871,3,0.031345609400887,2,1.655,1.8,1.22,0.5800000000000001,0.25114736709748725,187.5,190.0,180.0,10.0,4.330127018922194,10.5,13.0,3.0,10.0,4.330127018922194,5.75,6.0,5.0,1.0,0.4330127018922193,6.1355304749999995,6.21726,6.1082873,0.10897269999999981,0.047186563259490166,7.75,10.0,1.0,9.0,3.897114317029974,0,0,1,0,1
Tl3Zn,L12,111,0.5056718674468641,3,0.4088363484988804,2,1.7625000000000002,1.8,1.65,0.15000000000000013,0.06495190528383295,176.25,190.0,135.0,55.0,23.81569860407206,12.75,13.0,12.0,1.0,0.4330127018922193,5.5,6.0,4.0,2.0,0.8660254037844386,6.929764725,9.394197,6.1082873,3.2859097000000004,1.422840637370852,10.0,10.0,10.0,0.0,0.0,0,0,1,0,1
Tl3Zr,L12,111,-0.0856408918579916,2,1.1272347060003085,2,1.6825,1.8,1.33,0.47,0.20351596988934306,181.25,190.0,155.0,35.0,15.155444566227676,10.75,13.0,4.0,9.0,3.897114317029974,5.75,6.0,5.0,1.0,0.4330127018922193,6.239746974999999,6.634126,6.1082873,0.5258387000000004,0.22769483624649234,8.0,10.0,2.0,8.0,3.4641016151377544,0,0,1,0,1
TlV3,L12,111,-0.9759675753584532,3,2.3381212876010977,2,1.6724999999999999,1.8,1.63,0.17000000000000015,0.07361215932167735,148.75,190.0,135.0,55.0,23.81569860407206,7.0,13.0,5.0,8.0,3.4641016151377544,4.5,6.0,4.0,2.0,0.8660254037844386,6.586712075,6.746187,6.1082873,0.6378997000000002,0.27621867263323624,4.75,10.0,3.0,7.0,3.031088913245535,0,0,1,0,1
TlW3,L12,111,-0.9351109070584868,2,0.3827822647035646,2,1.7249999999999999,1.8,1.7,0.10000000000000009,0.043301270189221974,148.75,190.0,135.0,55.0,23.81569860407206,7.75,13.0,6.0,7.0,3.031088913245535,6.0,6.0,6.0,0.0,0.0,7.425094325,7.86403,6.1082873,1.7557426999999999,0.7602588903545403,5.5,10.0,4.0,6.0,2.598076211353316,0,0,1,0,1
TlY3,L12,111,-1.1113915579580578,2,0.0667447626001376,2,1.365,1.8,1.22,0.5800000000000001,0.25114736709748725,182.5,190.0,180.0,10.0,4.330127018922194,5.5,13.0,3.0,10.0,4.330127018922194,5.25,6.0,5.0,1.0,0.4330127018922193,6.190016825,6.21726,6.1082873,0.10897269999999981,0.047186563259490166,3.25,10.0,1.0,9.0,3.897114317029974,0,0,1,0,1
TlZn3,L12,111,0.4346851222444741,4,0.8971417747015948,2,1.6874999999999998,1.8,1.65,0.15000000000000013,0.06495190528383295,148.75,190.0,135.0,55.0,23.81569860407206,12.25,13.0,12.0,1.0,0.4330127018922193,4.5,6.0,4.0,2.0,0.8660254037844386,8.572719575,9.394197,6.1082873,3.2859097000000004,1.422840637370852,10.0,10.0,10.0,0.0,0.0,0,0,1,0,1
TlZr3,L12,111,-1.1165911091584064,2,0.0815432656017947,2,1.4475,1.8,1.33,0.47,0.20351596988934306,163.75,190.0,155.0,35.0,15.155444566227676,6.25,13.0,4.0,9.0,3.897114317029974,5.25,6.0,5.0,1.0,0.4330127018922193,6.502666325,6.634126,6.1082873,0.5258387000000004,0.22769483624649234,4.0,10.0,2.0,8.0,3.4641016151377544,0,0,1,0,1
V3W,L12,111,-1.1904229406599995,2,1.153734376002831,2,1.6475,1.7,1.63,0.07000000000000006,0.03031088913245538,135.0,135.0,135.0,0.0,0.0,5.25,6.0,5.0,1.0,0.4330127018922193,4.5,6.0,4.0,2.0,0.8660254037844386,7.02564775,7.86403,6.746187,1.1178429999999997,0.484040217721304,3.25,4.0,3.0,1.0,0.4330127018922193,0,0,1,0,1
V3Y,L12,111,-0.8013340295574096,3,1.6636415594002756,2,1.5274999999999999,1.63,1.22,0.4099999999999999,0.1775352077758099,146.25,180.0,135.0,45.0,19.48557158514987,4.5,5.0,3.0,2.0,0.8660254037844386,4.25,5.0,4.0,1.0,0.4330127018922193,6.61395525,6.746187,6.21726,0.5289270000000004,0.22903210937374605,2.5,3.0,1.0,2.0,0.8660254037844386,0,0,1,0,1
V3Zn,L12,111,-1.065601193556148,2,0.0161622013984015,2,1.6349999999999998,1.65,1.63,0.020000000000000018,0.008660254037844395,135.0,135.0,135.0,0.0,0.0,6.75,12.0,5.0,7.0,3.031088913245535,4.0,4.0,4.0,0.0,0.0,7.408189500000001,9.394197,6.746187,2.64801,1.1466219647376157,4.75,10.0,3.0,7.0,3.031088913245535,0,0,1,0,1
V3Zr,L12,111,-0.9417665394566654,5,1.3492972857020504,2,1.555,1.63,1.33,0.2999999999999998,0.12990381056766573,140.0,155.0,135.0,20.0,8.660254037844387,4.75,5.0,4.0,1.0,0.4330127018922193,4.25,5.0,4.0,1.0,0.4330127018922193,6.71817175,6.746187,6.634126,0.11206099999999974,0.048523836386743874,2.75,3.0,2.0,1.0,0.4330127018922193,0,0,1,0,1
VW3,L12,111,-1.30115925916013,5,1.5318112483000732,2,1.6824999999999999,1.7,1.63,0.07000000000000006,0.03031088913245538,135.0,135.0,135.0,0.0,0.0,5.75,6.0,5.0,1.0,0.4330127018922193,5.5,6.0,4.0,2.0,0.8660254037844386,7.5845692499999995,7.86403,6.746187,1.1178429999999997,0.484040217721304,3.75,4.0,3.0,1.0,0.4330127018922193,0,0,1,0,1
VY3,L12,111,-1.0060386036556963,4,0.8503293508001661,2,1.3225,1.63,1.22,0.4099999999999999,0.1775352077758099,168.75,180.0,135.0,45.0,19.48557158514987,3.5,5.0,3.0,2.0,0.8660254037844386,4.75,5.0,4.0,1.0,0.4330127018922193,6.349491749999999,6.746187,6.21726,0.5289270000000004,0.22903210937374605,1.5,3.0,1.0,2.0,0.8660254037844386,0,0,1,0,1
VZn3,L12,111,-0.3861208294538016,3,0.044264349999139,2,1.6449999999999998,1.65,1.63,0.020000000000000018,0.008660254037844393,135.0,135.0,135.0,0.0,0.0,10.25,12.0,5.0,7.0,3.031088913245535,4.0,4.0,4.0,0.0,0.0,8.7321945,9.394197,6.746187,2.64801,1.1466219647376157,8.25,10.0,3.0,7.0,3.031088913245535,0,0,1,0,1
VZr3,L12,111,-1.0211528946556143,3,0.1275521372990624,2,1.405,1.63,1.33,0.2999999999999998,0.12990381056766573,150.0,155.0,135.0,20.0,8.660254037844387,4.25,5.0,4.0,1.0,0.4330127018922193,4.75,5.0,4.0,1.0,0.4330127018922193,6.6621412499999995,6.746187,6.634126,0.11206099999999974,0.048523836386743874,2.25,3.0,2.0,1.0,0.4330127018922193,0,0,1,0,1
W3Y,L12,111,-0.7973097380590559,4,0.4432167075028701,2,1.5799999999999998,1.7,1.22,0.48,0.20784609690826528,146.25,180.0,135.0,45.0,19.48557158514987,5.25,6.0,3.0,3.0,1.299038105676658,5.75,6.0,5.0,1.0,0.4330127018922193,7.4523375,7.86403,6.21726,1.64677,0.7130723270950501,3.25,4.0,1.0,3.0,1.299038105676658,0,0,1,0,1
W3Zn,L12,111,-0.9919399774580312,3,2.0604620409940253,2,1.6875,1.7,1.65,0.050000000000000044,0.021650635094610987,135.0,135.0,135.0,0.0,0.0,7.5,12.0,6.0,6.0,2.598076211353316,5.5,6.0,4.0,2.0,0.8660254037844386,8.24657175,9.394197,7.86403,1.5301670000000005,0.6625817470163118,5.5,10.0,4.0,6.0,2.598076211353316,0,0,1,0,1
W3Zr,L12,111,-0.8004512923571099,3,1.095236023302277,2,1.6075,1.7,1.33,0.3699999999999999,0.1602146997001211,140.0,155.0,135.0,20.0,8.660254037844387,5.5,6.0,4.0,2.0,0.8660254037844386,5.75,6.0,5.0,1.0,0.4330127018922193,7.556554,7.86403,6.634126,1.2299039999999994,0.5325640541080479,3.5,4.0,2.0,2.0,0.8660254037844386,0,0,1,0,1
WY3,L12,111,-1.004813683258334,4,0.7587974665002548,2,1.34,1.7,1.22,0.48,0.20784609690826528,168.75,180.0,135.0,45.0,19.48557158514987,3.75,6.0,3.0,3.0,1.299038105676658,5.25,6.0,5.0,1.0,0.4330127018922193,6.6289525,7.86403,6.21726,1.64677,0.7130723270950501,1.75,4.0,1.0,3.0,1.299038105676658,0,0,1,0,1
WZn3,L12,111,-0.5749425268577113,5,1.3981166851954183,2,1.6624999999999999,1.7,1.65,0.050000000000000044,0.021650635094610987,135.0,135.0,135.0,0.0,0.0,10.5,12.0,6.0,6.0,2.598076211353316,4.5,6.0,4.0,2.0,0.8660254037844386,9.01165525,9.394197,7.86403,1.5301670000000005,0.6625817470163118,8.5,10.0,4.0,6.0,2.598076211353316,0,0,1,0,1
WZr3,L12,111,-1.0317967635591856,2,0.0928502759015827,2,1.4225,1.7,1.33,0.3699999999999999,0.1602146997001211,150.0,155.0,135.0,20.0,8.660254037844387,4.5,6.0,4.0,2.0,0.8660254037844386,5.25,6.0,5.0,1.0,0.4330127018922193,6.941602,7.86403,6.634126,1.2299039999999994,0.5325640541080479,2.5,4.0,2.0,2.0,0.8660254037844386,0,0,1,0,1
Y3Zn,L12,111,-1.0800679897610903,4,1.354007712303428,2,1.3275000000000001,1.65,1.22,0.42999999999999994,0.18619546181365426,168.75,180.0,135.0,45.0,19.48557158514987,5.25,12.0,3.0,9.0,3.897114317029974,4.75,5.0,4.0,1.0,0.4330127018922193,7.01149425,9.394197,6.21726,3.1769370000000006,1.3756540741113619,3.25,10.0,1.0,9.0,3.897114317029974,0,0,1,0,1
Y3Zr,L12,111,-0.951071880358512,4,0.8694460282004002,2,1.2475,1.33,1.22,0.1100000000000001,0.04763139720814417,173.75,180.0,155.0,25.0,10.825317547305483,3.25,4.0,3.0,1.0,0.4330127018922193,5.0,5.0,5.0,0.0,0.0,6.321476499999999,6.634126,6.21726,0.4168660000000006,0.18050827298700217,1.25,2.0,1.0,1.0,0.4330127018922193,0,0,1,0,1
YZn3,L12,111,-0.1502267032619499,5,0.7930269382995903,2,1.5424999999999998,1.65,1.22,0.42999999999999994,0.18619546181365426,146.25,180.0,135.0,45.0,19.48557158514987,9.75,12.0,3.0,9.0,3.897114317029974,4.25,5.0,4.0,1.0,0.4330127018922193,8.59996275,9.394197,6.21726,3.1769370000000006,1.3756540741113619,7.75,10.0,1.0,9.0,3.897114317029974,0,0,1,0,1
YZr3,L12,111,-0.97245268095773,2,0.0970791969994024,2,1.3025,1.33,1.22,0.1100000000000001,0.04763139720814417,161.25,180.0,155.0,25.0,10.825317547305483,3.75,4.0,3.0,1.0,0.4330127018922193,5.0,5.0,5.0,0.0,0.0,6.5299095,6.634126,6.21726,0.4168660000000006,0.18050827298700217,1.75,2.0,1.0,1.0,0.4330127018922193,0,0,1,0,1
Zn3Zr,L12,111,-0.3706385043614943,5,1.1697473231033657,2,1.5699999999999998,1.65,1.33,0.31999999999999984,0.1385640646055101,140.0,155.0,135.0,20.0,8.660254037844387,10.0,12.0,4.0,8.0,3.4641016151377544,4.25,5.0,4.0,1.0,0.4330127018922193,8.704179250000001,9.394197,6.634126,2.760071,1.1951458011243596,8.0,10.0,2.0,8.0,3.4641016151377544,0,0,1,0,1
ZnZr3,L12,111,-1.0478193706576064,2,0.049651659799565,2,1.4100000000000001,1.65,1.33,0.31999999999999984,0.1385640646055101,150.0,155.0,135.0,20.0,8.660254037844387,6.0,12.0,4.0,8.0,3.4641016151377544,4.75,5.0,4.0,1.0,0.4330127018922193,7.324143749999999,9.394197,6.634126,2.760071,1.1951458011243596,4.0,10.0,2.0,8.0,3.4641016151377544,0,0,1,0,1
