comp,structure,n_raw,E_min,E_max,E_mean,E_median,range
Nb3Tl,L12,3,-1.0260240045599573,1.405529066142691,-0.2083025086251856,-1.0044125874582903,2.4315530707026483
Hf3Tl,L12,3,-1.0971772834591036,1.285541285343271,-0.29002695662496575,-1.0584448717590647,2.3827185688023746
CdW3,L12,3,-1.0379981018586193,1.34462182574228,-0.14426459832517935,-0.7394175188591987,2.3826199276008992
Hf3Sn,L12,3,-1.0387681840574885,1.3030709949426011,-0.2558301837576759,-1.0317933621581403,2.3418391790000896
Mo3Tl,L12,3,-0.809946568656386,1.5304489103409935,0.04625722097598365,-0.5817306787566565,2.3403954789973795
TlV3,L12,3,-0.9759675753584531,1.3621537122426446,-0.18735278152383708,-0.9482444814557027,2.3381212876010977
PbY3,L12,3,-1.103241068255528,1.1779798551442866,-0.31495176788936874,-1.0195940905568648,2.2812209233998146
CrPb,L10,3,-1.0139933075579108,1.2264265947424349,0.020192116641766233,-0.15185693725922533,2.2404199023003457
Bi3W,L12,3,-0.9786668086589714,1.254268330439146,0.45618138990633383,1.092942647938827,2.2329351390981174
HgW3,L12,3,-1.0320309174594229,1.18982864404191,-0.20039252209150504,-0.7589752928570022,2.221859561501333
Hg3Os,L12,3,-0.787379895856219,1.405709205643717,0.6551565163763655,1.3471402393415985,2.193089101499936
OsY,L10,4,-1.025804408657649,1.157129948541325,-0.2154074916079196,-0.49647775315767717,2.182934357198974
Hf3In,L12,3,-1.0809342641577757,1.0607843705447806,-0.3548494616894781,-1.0443984914554392,2.1417186347025563
InV3,L12,3,-0.9724932259586865,1.1615071717397143,-0.260269222193197,-0.9698216123606187,2.1340003976984008
Cr3Tl,L12,3,-0.6750760656568389,1.455601141843573,0.08178408634287848,-0.5351728171580987,2.130677207500412
CdNb3,L12,3,-1.0646543735592502,1.0488355796415192,-0.3437699386585962,-1.0154910220580575,2.1134899532007694
CdMo3,L12,4,-0.9257277415553915,1.1555514162437532,-0.11934933368135603,-0.3536105047068929,2.0812791577991447
Cr3Ga,L12,4,-0.9200387936570849,1.149217966639327,-0.07662181468455742,-0.2678332158602359,2.069256760296412
Ir3La,L12,7,-0.5874529606580552,1.478700069242251,-0.1777338748731227,-0.5058056114603176,2.066153029900306
W3Zn,L12,3,-0.9919399774580313,1.068522063535994,-0.24905495732822183,-0.8237469580626282,2.0604620409940253
GaMo3,L12,3,-0.8959656986616835,1.1579947264408759,-0.16017840516145535,-0.7425642432635584,2.0539604251025594
LaOs3,L12,4,-0.7266028618605276,1.320363965439384,-0.07064031033493734,-0.43816117245930286,2.0469668272999115
HgNb3,L12,3,-1.0770148725559636,0.9552775357415442,-0.37797909269068936,-1.0121999412576486,2.032292408297508
Tl3W,L12,3,-0.6467354093610709,1.3823354431415567,0.5971214373733934,1.0557642783396943,2.0290708525026275
SnY3,L12,4,-1.0993150097592377,0.92933597114191,-0.22295246000882685,-0.36091540070898986,2.0286509809011477
Fe3Tl,L12,3,0.16373293754534757,2.190818311443792,0.8577989209428457,0.21884551383939765,2.0270853738984442
Cr3In,L12,3,-0.7614070381596036,1.2191260526424514,-0.035801927058524065,-0.56512479565842,1.980533090802055
GaNb3,L12,3,-1.0163262754567484,0.9573174372426649,-0.34968415142336085,-0.9900436160559991,1.9736437126994133
Hf3La,L12,4,-0.8797006381600738,1.0886271945392139,-0.14097741775910322,-0.38641811370777646,1.9683278326992877
LaRe,L10,3,-0.850289350054453,1.083394173242624,-0.15717422312230647,-0.7046274925550904,1.933683523297077
HgTi3,L12,3,-1.1292660357566717,0.8029782774438274,-0.48509489115680066,-1.1289969151575576,1.9322443132004992
HfTl,L10,3,-0.5947250668604909,1.3284447940395978,0.2557154877392331,0.03342673603859225,1.9231698609000887
HgMo3,L12,3,-0.8987178580564148,1.0243898248454855,-0.21842632252231434,-0.7809509343560137,1.9231076829019003
CdHf3,L12,3,-1.0935788499582202,0.819351639243024,-0.44701337572432936,-1.066812916457792,1.9129304892012442
IrLa,L10,4,-0.8481957061585206,1.0621231705418097,-0.038988947032493115,-0.1849416262566308,1.9103188767003303
Cd3Re,L12,4,-0.7768923564571821,1.1314663482417302,0.6042575207430048,1.0312280455937355,1.9083587046989123
Hg3Tc,L12,4,-0.4845306630586208,1.423501368940407,0.8494207286412632,1.2293561043416332,1.9080320319990278
CdCr3,L12,3,-0.8233479031577815,1.0688834306429555,-0.15036135432483397,-0.6966195904596759,1.892231333800737
Hg3Ta,L12,3,-0.4207137093571589,1.4526775507411287,0.7707062564753547,1.2801549280420943,1.8733912600982876
CdZr3,L12,3,-1.0761065565593242,0.7943694119394706,-0.439757233525872,-1.0375345559577624,1.8704759684987948
Ir3Y,L12,7,-0.6007035439569961,1.2589613416430723,-0.22261918861383378,-0.42381131725684895,1.8596648856000684
ReZr,L10,4,-1.009977451459207,0.8430052706399067,-0.3454538244340881,-0.6074215584585261,1.8529827220991137
Mo3Zn,L12,3,-0.9450295925625767,0.904469936439483,-0.3063853521273832,-0.878596400259056,1.8494995290020597
Cr3Zn,L12,4,-0.9649200256598931,0.8841345971386829,-0.39608924368528164,-0.7517857731099582,1.849054622798576
AlMo3,L12,3,-0.8961292390585811,0.9338001347432794,-0.2289142247575929,-0.724413569957477,1.8299293738018605
Ni3Tl,L12,3,-0.47276922275975153,1.356551296340541,0.15957063890621725,-0.40507015686213776,1.8293205191002926
InOs,L10,3,-0.6411939471608719,1.1853605348415215,0.0016781260065101833,-0.5391322096611191,1.8265544820023933
CdTc3,L12,3,-0.6043863326585495,1.222096991544305,0.11297939817665299,-0.2787724643557965,1.8264833242028544
InNb,L10,4,-0.5868456024608975,1.2334069950384503,0.22292926231514798,0.12257782834151953,1.8202525974993478
AlNb3,L12,4,-0.9920329042570017,0.8209558864428175,-0.412320732057168,-0.7391029552072439,1.8129887906998192
HfRe,L10,5,-0.9952181328580707,0.8134905793422433,-0.3675714276379665,-0.47613908045875064,1.808708712200314
Pd3Tl,L12,3,-0.2901782518592597,1.5077128467392242,0.3166886705400411,-0.26746858325984135,1.797891098598484
TcY,L10,3,-0.8660009309596433,0.9310440296403897,-0.04728331695905771,-0.20689304955791954,1.797044960600033
Pt3Y,L12,5,-0.4619318808572359,1.3332670594400327,-0.0029482717980215513,-0.32243231335721134,1.7951989402972686
IrY,L10,4,-0.7626078765560749,1.0325596346420127,-0.04911321450705941,-0.23320230805708775,1.7951675111980876
AgW3,L12,3,-1.0488953087578636,0.7396948028408872,-0.40452901315830064,-0.9043865335579255,1.7885901115987508
Re3Zn,L12,4,-0.5701920995624903,1.215346935635381,0.09959665818772123,-0.12338410166100289,1.7855390351978713
LaRu,L10,5,-0.8112963893572385,0.9638938843427525,-0.1934154688778733,-0.5619918129586665,1.775190273699991
OsZr,L10,6,-0.9844546699596037,0.7753565459434242,-0.4255137974083804,-0.5204190089579868,1.759811215903028
Ti3Y,L12,4,-0.9596637387575981,0.7988832362434835,-0.4359581728822093,-0.7915260945073612,1.7585469750010816
GaHf3,L12,3,-1.0425425390558019,0.710735767847865,-0.44075915665504795,-0.990470698757207,1.7532783069036668
RuSc,L10,4,-0.8256713470572947,0.9260756391422831,-0.23611623908252,-0.5224346242075342,1.7517469861995778
In3Ta,L12,4,-0.41061746955799094,1.334321636642045,0.6504913966919332,0.8391307098418395,1.744939106200036
TcTl,L10,2,-0.39130405375814803,1.3386444371435857,0.47367019169271884,0.47367019169271884,1.7299484909017337
GaZr3,L12,3,-1.0671291127573284,0.6609268263428305,-0.4668239888575367,-0.9942696801581121,1.7280559391001589
HfOs,L10,4,-0.9600706849587084,0.7663986944399142,-0.30883345825893116,-0.5208309212584652,1.7264693793986226
Hf3Y,L12,5,-0.9765232318559072,0.7490394642418607,-0.5929573609367879,-0.9397184746548817,1.725562696097768
OsTi,L10,4,-0.9127955314570215,0.8124462063397289,-0.38715516815952356,-0.7241356737604008,1.7252417377967504
ReTi,L10,3,-0.9373894522604758,0.7858868072408143,-0.2981010730596931,-0.7428005741594177,1.72327625950129
InY3,L12,3,-1.1210083331597787,0.5981573747422146,-0.5252564447258029,-1.0529183757598446,1.7191657079019933
PbTc,L10,3,-0.43211949685698414,1.2862132705422766,0.1738154809764012,-0.3326473307560889,1.7183327673992608
AlFe3,L12,3,-0.53569146625793,1.1738600516410145,0.10869741480779756,-0.31207634095969183,1.7095515178989444
Pb3Re,L12,3,-0.5563624579581017,1.150443975439913,0.4559739030079963,0.7738401915421775,1.7068064333980146
Ni3Sc,L12,4,-0.6414939526575552,1.0636256470397996,-0.14680378333375188,-0.504673413858626,1.7051195996973547
Os3Y,L12,7,-0.6374130613575915,1.0664433858446785,-0.3009624537855911,-0.5900403550576527,1.70385644720227
Nb3Y,L12,3,-0.8540211191602509,0.8497433536404344,-0.26860030472650465,-0.8015231486596974,1.7037644728006853
ScV3,L12,5,-0.8885676036579468,0.8141410674407155,-0.4864200854984745,-0.7940043711596161,1.7027086710986623
In3W,L12,4,-0.48202190955905166,1.2156300701399516,0.674326732190849,0.9818493840912481,1.6976519796990033
CdIr3,L12,4,-0.43097131255760246,1.2637725865434106,0.051230430268361715,-0.31393977645618065,1.694743899101013
Cr3Hg,L12,3,-0.7516616891579986,0.9428469674394648,-0.16687526282624768,-0.6918110667602093,1.6945086565974634
HfHg3,L12,7,-0.19939454455649752,1.493249860142015,0.39896528287073757,-0.17714243545830755,1.6926444046985125
Nb3Sc,L12,5,-0.9336950987589887,0.7568994724433935,-0.5426892273176861,-0.8880051444566277,1.6905945712023822
GaW,L10,3,-0.5119821873585977,1.1751791235447229,0.16987250611027585,-0.1535794178552976,1.6871613109033206
Cd3W,L12,2,-0.6197230767565713,1.0607609686421995,0.22051894594281407,0.22051894594281407,1.6804840453987708
ReZn3,L12,2,-0.6999991082620625,0.9770084108395451,0.13850465128874134,0.13850465128874134,1.6770075191016076
NbTl3,L12,3,-0.3399597099587197,1.3237321905408237,0.6578328919747017,0.9897261953420013,1.6636919004995434
V3Y,L12,3,-0.8013340295574096,0.862307529842866,-0.22075643329083997,-0.7232428001579763,1.6636415594002756
TaTl3,L12,2,-0.5776027117599085,1.0827997406422867,0.2525985144411891,0.2525985144411891,1.6604024524021952
InNi3,L12,3,-0.5471882758565414,1.1039428498416157,0.04537439304206714,-0.4206313948588729,1.6511311256981571
CrLa,L10,3,-0.7592103991582633,0.8764299659424353,-0.15731390815832924,-0.5891612912591597,1.6356403651006985
CdY3,L12,3,-1.1095851302588642,0.5236204963412376,-0.5522310895251413,-1.0707286346577973,1.6332056266001018
LaPd3,L12,4,-0.4584775318571417,1.1696314025439563,0.08582106514316479,-0.1839348050570777,1.628108934401098
AgMo3,L12,3,-0.9597363930579093,0.6667633960433079,-0.40987128802374667,-0.9366408670566386,1.6264997891012172
InTi,L10,5,-0.5968573509589703,1.0247668385427744,0.2699632685226163,0.3503487441421669,1.6216241895017447
HgPt3,L12,4,-0.30304978075852773,1.3176312622427133,0.15173020019213368,-0.20383034035782543,1.620681043001241
Cd3Os,L12,2,-0.757736902759433,0.8628152942410736,0.05253919574082033,0.05253919574082033,1.6205521970005066
CoTl,L10,4,-0.30153778006112475,1.3181841975392956,0.5720266570397428,0.6357301053404001,1.6197219776004204
Hg3W,L12,2,-0.6456587909551388,0.9733282072420764,0.1638347081434688,0.1638347081434688,1.6189869981972151
TcZr,L10,6,-0.9086985855601313,0.7070405979402778,-0.474092036159135,-0.7387421323591923,1.6157391835004091
CoSc,L10,5,-0.801564782158465,0.8066337187420061,-0.2709257624386453,-0.3872330947587841,1.6081985009004711
AgHf3,L12,3,-1.0657516725577523,0.5402248827422511,-0.5000002894912257,-0.9744740786581758,1.6059765553000034
Fe3Sn,L12,3,0.006009634141292963,1.6100853382386333,0.58955694480728,0.15257586204191398,1.6040757040973403
Ru3Sn,L12,4,-0.4543506533582047,1.1477874641396113,0.09251659621625663,-0.16168521295819005,1.602138117497816
IrPb,L10,2,-0.38656138175699084,1.2146110037402025,0.4140248109916058,0.4140248109916058,1.6011723854971933
Ti3Zn,L12,3,-1.1052043695590044,0.49366606894275833,-0.5685729314587983,-1.094180493760149,1.5988704385017627
InTc,L10,4,-0.48492427575817487,1.1125050478413243,0.31613852439207335,0.318486662742572,1.5974293235994992
GaNi3,L12,3,-0.566984149560966,1.0303862614391903,0.026462481173770886,-0.38401466835691167,1.5973704110001563
Rh3Sn,L12,3,-0.41894442515965125,1.1782394517404384,0.13417302984062,-0.3567759370589272,1.5971838769000897
CrHg3,L12,3,-0.1804063048575415,1.411789453240118,0.8615737748741878,1.353338176239987,1.5921957580976596
Pb3Ta,L12,4,-0.4237616564559801,1.1546043239441417,0.6269900468442131,0.8885587599443454,1.5783659804001218
HfTc,L10,5,-0.8825617791580669,0.6920336558405609,-0.3232310491175383,-0.4934123227567113,1.5745954349986278
CrZr,L10,5,-0.959658568556705,0.6147307402434592,-0.3892574584182228,-0.5458151894590344,1.5743893088001641
CrHf,L10,3,-0.9850956340551136,0.5876343245445526,-0.4090890514225691,-0.8298058447571464,1.5727299585996661
AgZr3,L12,3,-1.0387228770586887,0.5278978537435535,-0.5092299373575789,-1.0168647887576014,1.5666207308022422
PbPd3,L12,3,-0.31462142166034823,1.2507462249423327,0.26223851000731696,-0.14940927326003361,1.565367646602681
AlHf3,L12,4,-1.0385934869582059,0.5264234049400613,-0.5465058483586915,-0.8369266557083108,1.5650168918982672
OsSn3,L12,3,-0.3469573893553104,1.2172973116439891,0.6454230043779697,1.0659290908452306,1.5642547009992995
AgRe,L10,6,-0.6132330256577632,0.9507662964397525,0.07147770662264936,-0.14102877936144864,1.5639993220975157
Pd3Y,L12,5,-0.49909079425466985,1.0602427279418691,-0.017676269996235304,-0.15443412735746165,1.559333522196539
Co3Zn,L12,2,-0.5095173802610304,1.0343155853416022,0.26239910254028587,0.26239910254028587,1.5438329656026326
AgY3,L12,4,-1.0834441061587938,0.458063782641176,-0.37123596438411255,-0.42978176700941617,1.5415078887999698
HfPb3,L12,5,-0.26483384105719665,1.2752342934445835,0.7917158938640853,0.9369520293448943,1.5400681345017802
Hf3Zn,L12,3,-1.0627718899549734,0.47677841194038706,-0.5324001586234791,-1.0112069978558509,1.5395503018953605
AlZr3,L12,4,-1.041334897859059,0.4981077830425704,-0.5311068922582933,-0.7906002271083423,1.5394426809016295
Fe3Sc,L12,4,-0.4845928411586726,1.051191677340313,-0.07054765560766896,-0.42439472930615807,1.5357845184989856
GaOs,L10,3,-0.5129443819596133,1.0226674803425624,0.07970744957465097,-0.27060074965899616,1.5356118623021757
VW3,L12,5,-1.30115925916013,0.23065198913994323,-0.719870874318957,-0.8405419601576511,1.5318112483000732
Ir3Zr,L12,8,-0.5908406417574668,0.9403442004413876,-0.2853446597204936,-0.4278938411088973,1.5311848421988543
OsZn3,L12,3,-0.6151028558515179,0.9103456905441192,0.31644757764633863,0.6540998982464146,1.525448546395637
LaRh,L10,4,-0.7462173715602773,0.7783658528396984,-0.14309218453487915,-0.30225860970946883,1.5245832243999757
Ga3Ta,L12,4,-0.19115480156230547,1.3306521814384098,0.6541165992139497,0.7384845084898473,1.5218069830007153
Hf3Sc,L12,7,-0.997516270256682,0.5241527509433865,-0.5634118972859637,-0.968239678458275,1.5216690212000685
Ag3Re,L12,5,-0.6347889315574946,0.8844803177426286,-0.1174006857565189,-0.5553657049522087,1.5192692493001232
IrZn,L10,4,-0.45923713755379936,1.0594589040420317,0.11814468579453319,-0.06382151165504979,1.518696041595831
MoZr,L10,5,-0.8716874299597919,0.6469486105425233,-0.5250552709787086,-0.7657188180591845,1.5186360405023152
In3Re,L12,3,-0.4833269675609415,1.0232484433409184,0.4329140239736849,0.7588205961410779,1.5065754109018599
CrTi,L10,5,-0.941223808359581,0.5648011162384421,-0.6074120480004865,-0.8620584095615129,1.506024924598023
ReSn,L10,3,-0.4978314514582678,1.0002521028409603,0.005158779508169194,-0.48694431285818496,1.4980835542992281
Mo3Ti,L12,5,-1.1454253800575032,0.347155080141448,-0.6224127588187628,-0.8209669070592724,1.4925804601989512
ScTc3,L12,6,-0.7089591366556931,0.7816340760410014,-0.3452140467909904,-0.5437587571568372,1.4905932126966945
Cd3Nb,L12,4,-0.3962951658567988,1.086266334842577,0.3221622063420284,0.29933882819116775,1.4825615006993758
La3Sn,L12,4,-0.7636050377577419,0.7173284058417551,-0.08223273408199816,-0.1413271522060029,1.480933443599497
Ni3Zn,L12,3,-0.5048955266601922,0.9753781769404952,0.026847975906728532,-0.3899387225601174,1.4802737036006874
GaPt3,L12,4,-0.33819219456106,1.140814002837061,0.1009693704391168,-0.19937216325976692,1.479006197398121
Bi3Hf,L12,3,-0.25185741235961245,1.2255682117402387,0.6603840953075917,1.0074414865421488,1.4774256240998511
Os3Zr,L12,4,-0.6356328925566856,0.8409962543419454,-0.2279665656332952,-0.5586148121592203,1.476629146898631
HgPd3,L12,4,-0.28269022336004923,1.1928480191391202,0.2566360374403587,0.05819317699118187,1.4755382424991694
Bi3Ru,L12,2,-0.2991963766607739,1.1750349031399594,0.43791926323959274,0.43791926323959274,1.4742312798007333
HfIr3,L12,4,-0.5797401659574177,0.893028501942382,-0.11395909870677201,-0.3845623654060262,1.4727686678997998
SnW,L10,2,-0.4668319708571005,1.0039667289429701,0.2685673790429348,0.2685673790429348,1.4707986998000706
CoY,L10,5,-0.7642674988591978,0.7057630235404133,-0.2844050302590119,-0.36122159685962174,1.470030522399611
HfY,L10,7,-0.9793830122571023,0.4848284917398189,-0.535676324973504,-0.9133877871599623,1.4642115039969212
AuNb3,L12,3,-1.0414997987563481,0.4207535739415391,-0.5286266199572935,-0.9651336350570716,1.4622533726978872
Ni3Y,L12,3,-0.40830341345915144,1.049618995443808,0.13461757317512024,-0.23746286245929582,1.4579224089029594
InPd3,L12,3,-0.2625199209569189,1.1947178495438777,0.22932089897679475,-0.24423523165657457,1.4572377705007966
RuZr,L10,4,-0.8398800433596705,0.6151627209410719,-0.2914268122585497,-0.47049496330780016,1.4550427643007424
Co3Hg,L12,4,-0.3066649490565112,1.1481231166408463,0.3002509538428342,0.1797728238935008,1.4547880656973575
Hg3Ti,L12,6,0.020140369740175856,1.4731903082402198,0.48392092404025294,0.06229712998995751,1.453049938500044
AlNi3,L12,3,-0.5874389467562366,0.8633857808463574,-0.033154894354358554,-0.37541151715319643,1.450824727602594
La3Tl,L12,3,-0.7536168271608119,0.696207882138907,-0.24739175219319995,-0.684766311557695,1.449824709299719
AuHf3,L12,3,-1.08070840976049,0.36910663954134293,-0.5941187065597072,-1.0707543494599747,1.449815049301833
Cd3Ta,L12,5,-0.481345570557977,0.9669290422434926,-0.17472636381623374,-0.45530713345485196,1.4482746128014696
Fe3Y,L12,5,-0.3135951443609599,1.134092246838037,0.12662474620104264,-0.048784024757850375,1.447687391198997
RhSc,L10,4,-0.6155066728597092,0.8315303662393774,-0.09210267708473907,-0.29221720085931224,1.4470370390990865
TiW3,L12,2,-1.053664647958584,0.39328681124337095,-0.33018891835760655,-0.33018891835760655,1.446951459201955
NbZn3,L12,7,-0.4821281699614417,0.9630344128391073,0.12893711906810218,-0.03671468755689489,1.445162582800549
TcTi,L10,4,-0.8280957453598319,0.6146414868426575,-0.25615823968379914,-0.4055893501090111,1.4427372322024894
Cd3Mo,L12,5,-0.40662351875923264,1.0344164034404741,0.17559511448073978,-0.3673256544597905,1.4410399221997068
Ni3Sn,L12,3,-0.5179895085593387,0.9203624731390221,0.024478952806352556,-0.32893610616062574,1.4383519816983608
Cr3Mo,L12,4,-1.300261283558001,0.13634862534402714,-0.7142109337318914,-0.8464655383567958,1.436609908902028
AgCr3,L12,4,-0.8646380488562215,0.5709114324427276,-0.43106318505940067,-0.7152630619120544,1.435549481298949
In3Nb,L12,4,-0.17750189775958347,1.254978955742473,0.6635339150662105,0.7883293011409762,1.4324808535020566
AlOs,L10,4,-0.47022536645724244,0.960547700543458,-0.10042674143184627,-0.4460146499068003,1.4307730670007004
Ru3Zn,L12,3,-0.46108043676119337,0.9691040480402364,0.05888289490488319,-0.3313749265643935,1.4301844848014298
LaY3,L12,4,-0.9223803332579052,0.5056966298425607,-0.5341541590828172,-0.859966466457962,1.428076963100466
HgRh,L10,3,-0.29552338406116974,1.129916387840268,0.2314321848398606,-0.14009644925951648,1.4254397719014378
ScW,L10,6,-0.9728735050584589,0.44992390534483206,-0.5620785719071458,-0.7870800264563229,1.422797410403291
Pb3Tc,L12,3,-0.26922725505843914,1.15263217893974,0.5852724670400656,0.8724124772388961,1.4218594339981792
Hg3Ru,L12,2,-0.3705628567613246,1.0507041854407646,0.34007066433972,0.34007066433972,1.4212670422020892
Os3Zn,L12,4,-0.31975729825987287,1.1009271481462122,0.050042721318305894,-0.29049948230655787,1.420684446406085
RuZn,L10,3,-0.48487107745947355,0.9349790679416685,0.16536117610760925,0.045975537840632796,1.419850145401142
RuTi,L10,3,-0.7697258303587375,0.6481324417409553,-0.21901027885933408,-0.53543744796022,1.4178582720996928
Cd3Ir,L12,5,-0.5294110788590558,0.8872000955389296,0.29086574746054905,0.7284638483406809,1.4166111743979855
GaRh3,L12,4,-0.3767198405539318,1.0369998522446906,0.1308533203964828,-0.06843336505241382,1.4137196927986224
CuW3,L12,4,-0.938827165758056,0.471542805645214,-0.5354612918553983,-0.8372804036543755,1.41036997140327
NbW3,L12,5,-1.261291996760491,0.14415897274105305,-0.7123034429596089,-0.8237411076579235,1.405450969501544
CoPb,L10,3,-0.21795706226018297,1.1869560743371323,0.3302511870045824,0.021754548936797846,1.4049131365973153
GaY3,L12,3,-1.1026086756564553,0.299324542241294,-0.6068355385908054,-1.0172224823572549,1.4019332178977493
CrTl,L10,2,-0.14423557285678612,1.2569807610425698,0.5563725940928919,0.5563725940928919,1.401216333899356
Cd3Ru,L12,3,-0.42703423355757764,0.9727826189419204,0.46816687060924284,0.8587522264433858,1.399816852499498
FeTi,L10,5,-0.7972667440544399,0.6024589503440723,-0.4667750174352193,-0.671498448954452,1.3997256943985121
WZn3,L12,5,-0.5749425268577113,0.8231741583377072,-0.008461815241543037,-0.5333155042598889,1.3981166851954185
NbSc,L10,6,-0.9421714448571663,0.45552006254095545,-0.5798792841745145,-0.8392211877080342,1.3976915073981218
Fe3Ti,L12,4,-0.753943499758833,0.6421433523437656,-0.2660145429844931,-0.47612901226145254,1.3960868521025986
AlY,L10,6,-0.7685483937375182,0.625290117742253,-0.2532788216997706,-0.43985338038416444,1.3938385114797711
Ir3Ti,L12,6,-0.5300880979584406,0.8630465910437408,-0.16578653532418267,-0.3245261613073751,1.3931346890021814
MnTi,L10,5,-0.8175842598566021,0.5750422565406836,-0.3271528897979522,-0.5051002923564454,1.3926265163972857
HfSn3,L12,5,-0.10107614115892716,1.2905126691412363,0.7600564010799928,0.7705512876391651,1.3915888103001635
CdFe,L10,5,-0.35435657285685807,1.036602974142653,0.2675017539632165,0.2005960632423296,1.390959546999511
CrW3,L12,3,-1.2157972840568334,0.17431422024404242,-0.7122440495237564,-1.0952490847584784,1.3901115043008758
Nb3Ti,L12,3,-1.051363109057064,0.33852907144412825,-0.5795134497229526,-1.025706311555922,1.3898921805011923
CrSn,L10,3,-0.4243003057590329,0.9652764948414472,0.15810870737522956,-0.0666500669567256,1.38957680060048
NbPb3,L12,5,-0.1997786332567273,1.1879166362423632,0.8136173571425672,1.0420706936429553,1.3876952694990905
HfOs3,L12,4,-0.634295861257641,0.751829175344966,-0.16664060993204544,-0.39204787690775333,1.386125036602607
Hg3Mo,L12,2,-0.37518062855721723,1.0107114785432998,0.3177654249930413,0.3177654249930413,1.385892107100517
Hf3Ta,L12,6,-1.0555910779575868,0.33003789513989545,-0.5827105153090409,-0.9565975600589525,1.3856289730974822
GaTc,L10,4,-0.44274336545547044,0.9419353860439799,-0.04977081163357866,-0.34913763356141203,1.3846787514994503
FeY,L10,6,-0.7977594061548814,0.5867768937432913,-0.3755399322226083,-0.6047048419067949,1.3845362998981727
NbRe,L10,4,-0.8832238321583361,0.5003144902412089,-0.29175981155819386,-0.3920649521578241,1.383538322399545
AuY3,L12,4,-1.0823610930574148,0.29978550314356767,-0.40473647720725126,-0.41818515945757895,1.3821465962009825
TiV3,L12,2,-0.9814601932584708,0.3996533227409884,-0.2909034352587412,-0.2909034352587412,1.3811135159994592
NbPb,L10,3,-0.13365442625851642,1.247253235641466,0.33427643100824866,-0.11076951635820365,1.3809076618999825
HfSc,L10,7,-0.9922797115568471,0.3880426334408469,-0.7022551262864495,-0.9670333978565111,1.380322344997694
CuNb3,L12,5,-1.026397208660427,0.35001880614166225,-0.5902484404990617,-0.7744407468589714,1.3764160148020892
Pd3Sc,L12,4,-0.46196208546004414,0.9126371612410651,-0.012247061484202959,-0.2498316608589164,1.3745992467011092
RhTl3,L12,2,-0.24139735645709948,1.1322152055445542,0.4454089245437274,0.4454089245437274,1.3736125620016537
CuMo3,L12,4,-0.9551784862551074,0.41709568374156447,-0.5273427414567493,-0.7856440816567272,1.3722741699966718
Ga3W,L12,3,-0.20848545975511001,1.160220481448988,0.5281177216805778,0.6326181433478553,1.368705941204098
Ir3Zn,L12,4,-0.30749108666256575,1.0598855785365515,0.06906225418700274,-0.2380727375629874,1.3673766651991173
Nb3V,L12,3,-1.1575975762598034,0.20628188184221585,-0.6966144655916366,-1.1385277023573224,1.3638794581020193
Hf3Zr,L12,7,-0.9944119956589645,0.36476506324200386,-0.5705503179301924,-0.944564686057646,1.3591770589009684
Y3Zn,L12,4,-1.0800679897610905,0.27393972254233745,-0.577405021009298,-0.7517459084092195,1.354007712303428
FeHf,L10,4,-0.8501132923547345,0.5009172224463612,-0.3204503041533542,-0.4663025733525217,1.3510305148010957
In3Mo,L12,5,-0.1961359813567185,1.153328518344125,0.7176704530031486,0.7514136574436918,1.3494644997008436
HfZn,L10,5,-0.7604056591580672,0.5889238719401249,-0.34473166144068157,-0.7342396006633578,1.349329531098192
V3Zr,L12,5,-0.9417665394566654,0.407530746245385,-0.5580625163163575,-0.7014704277562203,1.3492972857020504
Co3Ti,L12,5,-0.5997914183598994,0.747852911838919,-0.25818112030007684,-0.5285116064614783,1.3476443301988184
HfZr,L10,8,-0.9995041979591122,0.34452509984205903,-0.5834705235215267,-0.8226290463598787,1.3440292978011712
Pb3W,L12,2,-0.4990932433601927,0.8395053425420258,0.17020604959091656,0.17020604959091656,1.3385985859022185
Nb3Zr,L12,2,-0.9884188243549659,0.3491280415446738,-0.31964539140514603,-0.31964539140514603,1.3375468658996397
TcV3,L12,2,-1.3200698103564434,0.01638166124124041,-0.6518440745576015,-0.6518440745576015,1.3364514715976838
PdSc3,L12,4,-1.1533185860562014,0.1779687091448352,-0.6664321994557838,-0.8451894604558845,1.3312872952010366
AlIr,L10,4,-0.4380794703565414,0.8918678003419984,-0.03197983878223454,-0.2908538425571976,1.3299472706985398
HgLa3,L12,5,-0.7385569588577425,0.5893777577412322,-0.1226893814780567,-0.1185828571569516,1.3279347165989748
RhZn,L10,5,-0.3876823546588355,0.9363861686443045,0.12567476960342105,-0.05232545025407376,1.32406852330314
CoLa,L10,3,-0.6657599762538382,0.6536441075450341,-0.15959707935596157,-0.4666753693590806,1.3194040837988723
Pb3Zr,L12,4,-0.07981302975801441,1.234518444042834,0.7380573578175529,0.8987620084926959,1.3143314738008485
Co3Hf,L12,5,-0.6377591901609492,0.6763905115376758,-0.29379127062035765,-0.5465224133576783,1.314149701698625
CrNb,L10,5,-0.8770520181596737,0.43700883844306304,-0.3701928907384797,-0.5929590480581908,1.3140608566027367
HfTl3,L12,2,-0.2527024619584779,1.0609604281426357,0.4041289830920789,0.4041289830920789,1.3136628901011136
Hf3Ti,L12,6,-1.0413520409556156,0.2717321990431003,-0.5722129755567664,-0.9646911098579665,1.313084239998716
AuMo3,L12,3,-0.9662132467592244,0.3461486670394436,-0.524378197326134,-0.9530700122586211,1.312361913798668
Co3Zr,L12,5,-0.6151398633582801,0.6970760613412779,-0.2820627015802245,-0.5452901458620261,1.312215924699558
AgMn,L10,4,2.436977796141065,3.7490024248409384,2.915214534193211,2.737438957895421,1.3120246286998736
Hf3Nb,L12,4,-1.059876598758791,0.2516368641418296,-0.6913839160588111,-0.9786479648091415,1.3115134629006207
AlSc,L10,5,-0.7062105147278714,0.6043411617529557,-0.11431856109790602,0.10626807318206488,1.3105516764808272
Hf3Mo,L12,5,-1.1031101814578221,0.20282181843961666,-0.707581124899815,-0.8172027562604569,1.3059319998974388
TiZn3,L12,6,-0.33853628245466894,0.9649465568445805,0.11789601907945742,-0.10511145330289651,1.3034828392992495
Zr,A1,3,-0.9923391684578462,0.30904295194252995,-0.5241942483240886,-0.8892865284569496,1.3013821204003762
Cr3Cu,L12,4,-0.9631512857585847,0.3374278267447437,-0.5660387239322233,-0.8192157183575262,1.3005791125033284
AlTc,L10,6,-0.5566971579582685,0.7398390231419683,-0.14017937602478506,-0.3002387087580871,1.2965361811002367
CuSc3,L12,4,-1.1997319551582848,0.09578148614403403,-0.7154678955575662,-0.878960556608007,1.2955134413023188
Pb3V,L12,4,-0.12513154865789033,1.1645140297451064,0.7530590618180497,0.9864268830924914,1.2896455784029968
HfRh3,L12,4,-0.6121823941602713,0.6718575031418652,-0.22870583095934194,-0.4872492164094808,1.2840398973021365
Ag3Mo,L12,5,-0.43233691585825795,0.8509152118431587,0.024395250560547765,-0.22036744656267615,1.2832521277014166
AgOs3,L12,5,-0.38174877635808,0.8994250819460206,-0.009089445714715793,-0.16163412345392203,1.2811738583041006
MnY,L10,5,-0.5304935476587787,0.750678541841836,-0.15156708161791244,-0.3389645896595255,1.2811720895006147
Hf,A1,4,-0.9968748979581221,0.28389446304302624,-0.6113189429069905,-0.8661476683564331,1.2807693610011484
Nb3Pd,L12,4,-1.0093088677558342,0.27006142004123035,-0.5535914206329551,-0.7375591174086082,1.2793702877970645
LaTa,L10,7,-0.8865168177571547,0.3922967251428702,-0.5100618800576585,-0.7277238348569597,1.278813542900025
PtTl3,L12,4,-0.19704212045959935,1.0817111492406468,0.43017476736534377,0.4180150203401638,1.2787532697002462
GaIr,L10,3,-0.38162591695342485,0.8970825899459953,0.17810349617838975,0.018853815542598795,1.2787085068994202
ZnZr,L10,4,-0.7499974409647336,0.5264668071404515,-0.26978855786271083,-0.4278117988132806,1.276464248105185
Cd3Cr,L12,7,-0.24839109025830908,1.0254340617402988,0.2868736625838234,-0.21483210685889276,1.273825151998608
PdY3,L12,3,-1.053809140360471,0.21940606844239596,-0.6282465891929879,-1.0503366956608886,1.273215208802867
CrTl3,L12,2,-0.25868692545824956,1.0142209307423684,0.3777670026420594,0.3777670026420594,1.272907856200618
TcZn3,L12,5,-0.4258483613584474,0.8462645142363101,0.08511176651903156,-0.4101563725625681,1.2721128755947575
CrIn3,L12,5,-0.09667714885924283,1.1750115013392417,0.7034879885208568,0.8307319841415222,1.2716886501984845
AlRu,L10,5,-0.47893505015869664,0.7902183153392173,-0.0823421917591702,-0.18316227375814265,1.269153365497914
FeZr,L10,5,-0.7780525137595475,0.49041798213968946,-0.3274241328390133,-0.4931295964588287,1.268470495899237
CoIn,L10,3,-0.23711523706057847,1.028907050641493,0.2406521273063523,-0.06983543166185768,1.2660222877020715
CrTa,L10,6,-0.9064487482564516,0.35889502344528523,-0.45430858907242094,-0.7049285864568162,1.2653437717017368
PdW3,L12,3,-0.9522086358583408,0.31200545534468915,-0.5105866969233546,-0.891556910256412,1.26421409120303
Hf3Pd,L12,4,-1.0477418181571636,0.21513782674176696,-0.6495182495827692,-0.88273450345784,1.2628796448989306
AgIr3,L12,5,-0.34590240395388605,0.9163047115444272,-0.08182501217431196,-0.3383711092528472,1.2622071154983132
ReTa,L10,4,-0.8680319886579753,0.3934620525406274,-0.3908716989589891,-0.5444584298593043,1.2614940411986026
CoHg,L10,3,-0.22145889525469897,1.0382567460410712,0.30011943207594527,0.08356044544146357,1.2597156412957702
Pb3Ti,L12,4,-0.033616127256181016,1.2249399009424735,0.7676790240930416,0.9396961613429369,1.2585560281986545
HfTi,L10,6,-1.0341502761575327,0.2238149928425912,-0.7338444233909911,-0.9422425346083116,1.257965269000124
Cd3V,L12,8,-0.2440442077558771,1.011190262842348,0.23638818283100704,-0.16930229150690934,1.255234470598225
Ti,A1,3,-1.0104374598585935,0.24386066704121845,-0.5743509966586942,-0.9564761971587075,1.254298126899812
Mo3W,L12,4,-1.1134760859594905,0.13861955143968885,-0.4201439028838365,-0.3528595385077722,1.2520956373991794
SnTc,L10,4,-0.24512259485615573,1.0069622940436886,0.08952167736791239,-0.20187649485794168,1.2520848888998444
HfV3,L12,5,-0.9497764824581907,0.30214908384462547,-0.5949295876567419,-0.7356861578582254,1.2519255663028162
AlFe,L10,6,-0.4489709627586933,0.8009853157391547,-0.13105639670930222,-0.29818744655946716,1.249956278497848
In3Tc,L12,5,-0.17246806385716695,1.0763355403405797,0.6905209478422251,0.7638481714430156,1.2488036041977466
AgY,L10,4,-0.8020107766596709,0.4457813803428792,-0.016845955483375974,0.14442278719164392,1.24779215700255
AlPt3,L12,5,-0.2789783184552732,0.9687439054441995,0.0537339115430143,-0.212482812056777,1.2477222238994727
Ag3Tc,L12,5,-0.4454118497587558,0.8009653153431202,0.013849342702661716,-0.2274236304574231,1.246377165101876
Cd3Hf,L12,5,-0.36763858536048133,0.8775339318426916,-0.09306524577966116,-0.34751467855946316,1.245172517203173
HgNi,L10,3,-0.14624350086430127,1.0987760882353825,0.36939421847003473,0.15565006803902293,1.2450195890996838
Hg3Pt,L12,3,0.009033090941585442,1.2518598507422496,0.8178572353751387,1.192678764441581,1.2428267598006641
MoZn3,L12,4,-0.46668407705780623,0.7754777726450186,-0.07981112495778575,-0.3140190977091777,1.2421618497028248
InLa3,L12,4,-0.7335825818581441,0.5078257845425753,-0.2801874903079522,-0.44749658195812003,1.2414083664007194
Al3La,L12,5,-0.271641040867479,0.96974242714262,0.09997206645060146,-0.0352942533272369,1.241383468010099
CuY3,L12,3,-1.0598673468584536,0.18147829734246557,-0.6400507061580072,-1.0417630689580335,1.2413456442009192
CdLa3,L12,4,-0.7159930071602219,0.5222948937417016,-0.2568407691341861,-0.416832481559112,1.2382879009019234
FeLa,L10,5,-0.5849809423588965,0.6509032410404245,-0.18599293797794303,-0.26984971545877556,1.235884183399321
Fe3Hf,L12,4,-0.6587663785603297,0.5736947488412909,-0.23681329268490003,-0.43109077051028066,1.2324611274016206
Hf3Mn,L12,3,-1.0208296234586385,0.21041243384118502,-0.5963542124593934,-0.9786454477607265,1.2312420572998235
Sn3W,L12,2,-0.33427470765579415,0.8947054034443056,0.28021534789425573,0.28021534789425573,1.2289801111000997
MnZr,L10,5,-0.7553742743611735,0.47352188954121743,-0.2966358126393686,-0.4840380010600427,1.228896163902391
Mo3Pd,L12,4,-0.9337080241557203,0.2942592791414711,-0.5168688417824967,-0.7140133110578688,1.2279673032971914
NbZr3,L12,4,-1.046353901455376,0.18141924864269754,-0.6824188534810389,-0.9323703805557386,1.2277731500980735
Cr3Ti,L12,2,-0.8945411827580472,0.3331447549435609,-0.28069821390724314,-0.28069821390724314,1.227685937701608
InMo,L10,3,-0.37931022815880056,0.8483372053424603,0.2228265847088835,0.1994527769429908,1.2276474335012608
AgNi3,L12,4,-0.3702986341586154,0.8545962318467275,0.18325081292007894,0.12435282699610184,1.224894866005343
CrPb3,L12,3,-0.18263586956069844,1.0404087583420107,0.5936199672405849,0.9230870129404423,1.2230446279027092
AlZr,L10,6,-0.6815838041574978,0.5317807821620875,-0.23405821944103877,-0.29294598976773045,1.2133645863195852
CuZr3,L12,5,-1.0128132858580727,0.1992816173415406,-0.6162540335184247,-0.720793367457162,1.2120949031996133
Ag3Nb,L12,6,-0.37115552076190284,0.8406727108386178,-0.01804536532803051,-0.26305210771076304,1.2118282316005207
NbOs3,L12,6,-0.5753770926594086,0.6355643199395047,-0.24648788070981217,-0.4204988074097571,1.2109414125989133
Au3Re,L12,7,-0.43461423665482357,0.7749864710431495,-0.005105885812785768,-0.3946062913555295,1.2096007076979731
In3Ir,L12,5,-0.19088608906074,1.0172389453410062,0.6466132303010739,0.7720075049410582,1.2081250344017462
In3Os,L12,2,-0.4251898458596486,0.7804188157397505,0.17761448494005094,0.17761448494005094,1.205608661599399
Al3Y,L12,7,-0.2886036651679831,0.9154459202318606,0.2536565707805778,0.15667756996211324,1.2040495853998436
Hf3V,L12,4,-1.0617528235588622,0.14167783884207097,-0.7085569523332822,-0.9570764123081688,1.2034306624009332
Pd3Sn,L12,3,-0.25721424545824334,0.9461117892397226,0.1902968265406931,-0.11800706415939999,1.203326034697966
Hf3W,L12,4,-1.1007051032565585,0.1016534306409369,-0.7288930739577779,-0.958260311607745,1.2023585338974954
Nb3W,L12,4,-1.230589664358348,-0.029832520357530257,-0.8281439774827675,-1.0260768626075958,1.2007571440008178
AgCo3,L12,5,-0.36584508305438135,0.8339257843408916,0.09773461040261396,0.11770365724171938,1.199770867395273
Ga3Re,L12,3,-0.24854075285745125,0.9503736362467237,0.43138156957717416,0.5923118253422501,1.198914389104175
NbTc,L10,4,-0.8001642121552948,0.3963370713436518,-0.3838504475815796,-0.5657873247573377,1.1965012834989466
AuTl,L10,4,0.2780317704428228,1.473571811840003,0.6954360992658906,0.5150704073903682,1.1955400413971802
Y,A1,3,-0.9701319580571806,0.2173785482418964,-0.5517987005911303,-0.902642691958107,1.187510506299077
CrZn3,L12,7,-0.3669187081604548,0.820550164739899,0.16802343425650942,-0.14097428845613535,1.1874688729003537
CoHg3,L12,3,0.18985981174139965,1.377286234842387,0.9806092026092585,1.3746815612439889,1.1874264231009874
NbRe3,L12,6,-0.7754637587595141,0.4113412924425859,-0.49236094284148635,-0.6703060460576751,1.1868050512021
AlMn,L10,4,-0.41750793626030713,0.7659871222431605,0.094520102391499,0.014800611791571328,1.1834950585034676
Ni3Zr,L12,4,-0.47593921285348983,0.7064697031464959,-0.07553346137953554,-0.2663321679055741,1.1824089159999858
Sc,A1,3,-1.0030774607575665,0.17574921264261434,-0.5935680841239162,-0.9533760042567963,1.1788266734001809
Sn3Zr,L12,6,0.08232967454117102,1.258458475343133,0.814299755124343,0.8270777674397607,1.176128800801962
WY,L10,6,-0.932389088359713,0.24206838914054174,-0.6192598256265853,-0.8280075124102666,1.1744574775002548
AlIr3,L12,6,-0.2943101644550268,0.879890165543685,-0.04908012993925581,-0.23150792315661306,1.1742003299987118
Zn3Zr,L12,5,-0.37063850436149437,0.7991088187418711,0.08478324344126235,-0.34145511155563213,1.1697473231033655
AlOs3,L12,4,-0.32142345125882343,0.8482174753417269,0.013892840115687477,-0.23561133181007676,1.1696409266005503
LaNb,L10,8,-0.8446183615587586,0.3224905457437046,-0.5381437560826896,-0.7171378581578836,1.1671089073024632
V,A1,3,-0.9956605899596696,0.17097769644263394,-0.5929182762923139,-0.9540719353599059,1.1666382864023035
Hf3Ru,L12,3,-1.1211457506569502,0.044849802842719555,-0.7317015949244118,-1.1188088369590048,1.1659955534996698
Bi3Rh,L12,3,0.08564075583947783,1.2497498801394897,0.8532097211400753,1.2242385274412584,1.164109124300012
MnNb3,L12,4,-0.9277822010580792,0.23340210764311564,-0.6186812889072542,-0.8901725311070265,1.1611843087011948
In3Zr,L12,5,0.11530429343932269,1.2760488662397904,0.6556173955201586,0.7981447193424458,1.1607445728004677
AgMo,L10,5,-0.6168012543630255,0.5401725008423739,-0.24559264430042163,-0.29693783176387,1.1569737552053994
Pb3Rh,L12,5,-0.015388037557357848,1.1406115501422676,0.8160305986816013,1.0007838132414975,1.1559995876996254
V3W,L12,2,-1.1904229406599995,-0.036688564657168854,-0.6135557526585842,-0.6135557526585842,1.1537343760028307
ScZn,L10,4,-0.7132581270625167,0.43695795314218344,-0.28225861668485663,-0.42636714640954665,1.1502160802047001
In3Ti,L12,5,0.10266310904356146,1.251879170843523,0.7641513334429249,0.8197746402411497,1.1492160617999616
IrPb3,L12,2,-0.37695004885515004,0.7721567593444263,0.19760335524463812,0.19760335524463812,1.1491068081995763
Cu3Re,L12,5,-0.6107450888584651,0.5309713795368509,-0.18676957818003642,-0.34165729216235263,1.141716468395316
TiTl3,L12,2,-0.08804896315538713,1.053375254942722,0.48266314589366743,0.48266314589366743,1.1414242180981091
Ag3Ru,L12,5,-0.39491609295416197,0.745491235743458,0.02438678776327947,-0.22275483735481316,1.14040732869762
Mo,A1,3,-0.9890869999571521,0.1500294207408217,-0.5379296932250952,-0.7747315004589552,1.1391164206979738
Ga3Os,L12,3,-0.3149883671567011,0.8239519958451922,0.37449907414311195,0.6145335937408447,1.1389403630018933
Fe3V,L12,4,-0.6768769149557272,0.4601670866404959,-0.33329468958342545,-0.5582344650092352,1.137044001596223
Nb3Re,L12,2,-1.262723451559367,-0.12668450235921114,-0.6947039769592891,-0.6947039769592891,1.136038949200156
Cd3Zr,L12,5,-0.31790243425618314,0.81787161214109,-0.042013914057832835,-0.3141031808581545,1.1357740463972732
Fe3Zr,L12,3,-0.5071444115592101,0.6278360148362765,-0.12751776029378448,-0.5032448841584198,1.1349804263954866
Cr3Nb,L12,2,-1.0583096311592897,0.07405496484082619,-0.49212733315923174,-0.49212733315923174,1.1323645960001159
NiTa3,L12,2,-1.0005866668570604,0.13128662764304977,-0.43465001960700533,-0.43465001960700533,1.1318732945001102
Nb3Rh,L12,3,-1.0693680654576099,0.061850659240946015,-0.6599986006576444,-0.9724783957562693,1.1312187246985559
Hg3Nb,L12,3,-0.19282762136114684,0.9356692846386352,0.20578400423955637,-0.12548965055881922,1.128496905999782
Tl3Zr,L12,2,-0.08564089185799162,1.0415938141423169,0.47797646114216263,0.47797646114216263,1.1272347060003085
Cd3Ti,L12,5,-0.22047833295707164,0.9044948348428363,0.051270546581719145,-0.20744584885957806,1.124973167799908
Cu3Pb,L12,3,0.05879237174033847,1.183218998944568,0.4893568741424114,0.22605925174232766,1.1244266272042296
RuZr3,L12,2,-1.1136160885571087,0.008494033442758564,-0.5525610275571751,-0.5525610275571751,1.1221101219998673
TaV,L10,5,-0.9063755496563033,0.21566776844431956,-0.6119794516560149,-0.7844455563563031,1.1220433181006229
Os3V,L12,6,-0.517219154359708,0.6035431878417796,-0.20736641432537795,-0.3479112165086633,1.1207623422014876
IrZn3,L12,4,-0.39388845495611235,0.726601773444628,0.33791079479399855,0.5094649303437393,1.1204902284007403
Hf3Rh,L12,4,-1.084838417455984,0.03517642804311549,-0.7028650791816915,-0.8808991636569488,1.1200148454990995
Hg3V,L12,2,-0.12220197115945552,0.996069168942114,0.4369335988913292,0.4369335988913292,1.1182711401015695
HfNi3,L12,4,-0.4243616674566226,0.6934772197428458,-0.016264618306166767,-0.16708701275544513,1.1178388871994684
AuLa3,L12,3,-0.7790389264582416,0.3387628172431789,-0.3788962523579376,-0.6964126478587502,1.1178017437014205
AuY,L10,5,-0.6962519645594227,0.42067384464192514,0.13895561200063752,0.3578460246399402,1.1169258092013479
TcV,L10,4,-0.7158123235558094,0.3978966918448634,-0.23019497388119703,-0.3014321319069211,1.1137090154006728
CoSn,L10,4,0.09062955484208146,1.2043310872404902,0.5704000285413997,0.4933197360415136,1.1137015323984087
CdY,L10,3,-0.7315892118594718,0.3813418301406557,-0.14161303035898717,-0.07459170935814541,1.1129310420001275
MnW3,L12,4,-0.856705930457764,0.2560721836426012,-0.5702729513832026,-0.8402290293588237,1.1127781141003652
Os3Ta,L12,4,-0.5704625806565389,0.5415914384402924,-0.2435628723578418,-0.4726901736075604,1.1120540190968313
Hf3Re,L12,3,-1.1010495994587188,0.006111812840600805,-0.719794709725619,-1.064446342558739,1.1071614122993196
Cr3Ir,L12,5,-0.8275780487592499,0.27904893194229885,-0.40463333247877814,-0.5772824337609279,1.1066269807015487
TaTc,L10,6,-0.7731275253563297,0.33346326414269356,-0.35035216825626964,-0.5165886665554069,1.1065907894990232
AuCr3,L12,3,-0.8698846757569925,0.23181650024437772,-0.4923015087239359,-0.8388363506591929,1.1017011760013702
Au3Ir,L12,4,-0.4685147228583162,0.6323608597422492,0.20002564459176142,0.31812822074155633,1.1008755826005654
CoGa,L10,3,-0.20632120235583784,0.8909386676469069,0.20549420304544697,-0.06813485615472814,1.0972598700027447
WZr,L10,6,-0.9184333220573251,0.1785942987417286,-0.623246293407315,-0.789875724057282,1.0970276207990537
Cr3Os,L12,5,-0.8185210117580652,0.278320619240759,-0.4278150913994693,-0.6673268077601904,1.0968416309988243
HgY,L10,3,-0.672301320860214,0.4237202951417487,0.029039943508024635,0.3357008562425392,1.0960216160019627
W3Zr,L12,3,-0.8004512923571099,0.29478473094516744,-0.3350614794898945,-0.4995178770577411,1.0952360233022773
Cr3Pd,L12,4,-0.90646834046035,0.1879014084416042,-0.564140117659889,-0.7689967693104052,1.0943697489019542
Cr3Ta,L12,2,-1.1572455969571536,-0.06330837295806191,-0.6102769849576077,-0.6102769849576077,1.0939372239990917
Ta,A1,3,-1.0196725954583314,0.07394952073903482,-0.6324747394600934,-0.9517011436609835,1.0936221161973663
Al3Hf,L12,6,-0.1796038411584675,0.9119337469219602,0.3495802720252546,0.44418087479701285,1.0915375880804277
Pd3Zn,L12,3,-0.201806289557652,0.8897088491367242,0.16248230233853178,-0.20045565256347686,1.0915151386943762
CoTi,L10,5,-0.6703603328560064,0.4209983403425497,-0.25542185881983526,-0.3726533713624747,1.091358673198556
AlRh3,L12,4,-0.34716133875824084,0.7438249466440823,-0.011214185482430139,-0.220760174907781,1.0909862854023231
MoRe3,L12,7,-0.6747238142588401,0.4139567145439571,-0.36017607712876804,-0.6025303801570487,1.0886805288027972
MnV,L10,5,-1.3852587621576902,-0.29779811965906333,-1.1477913826185329,-1.3386776349607032,1.0874606424986268
GaW3,L12,3,-0.9225437376580601,0.16147997103783496,-0.47663818265964625,-0.6688507813587137,1.084023708695895
MoRe,L10,7,-0.7670182975589057,0.3162851257411887,-0.43485429927240815,-0.6995403242571854,1.0833034233000944
Cr3Ru,L12,6,-0.8355762908604163,0.24449088264103125,-0.4391404421418296,-0.6594425814082285,1.0800671735014475
NiW3,L12,4,-0.8927591092569571,0.184293178944273,-0.5630267639071178,-0.7718205626578936,1.0770522882012301
Ta3W,L12,6,-1.116336410656885,-0.03964018345774889,-0.8172625986416904,-0.9563234733586512,1.076696227199136
Nb3Ni,L12,3,-0.9947773084595326,0.08134312584027725,-0.5921493733260851,-0.8630139373589998,1.0761204342998099
La,A1,4,-0.6875738460575747,0.3872347274418928,-0.34743617368346236,-0.5447027880590838,1.0748085734994675
CrRe3,L12,6,-0.6771724306554177,0.392210328941502,-0.42592990485685317,-0.569885767356908,1.0693827595969196
Nb,A1,3,-0.9435531028566118,0.12201489284146305,-0.5650084669241267,-0.8734871907572312,1.0655679956980748
Ag3Cr,L12,5,-0.3059894264578986,0.7583209951417587,0.08670632634114668,-0.06283067716046276,1.0643104215996573
Hf3Pt,L12,3,-1.065279963258007,-0.0012895474564800224,-0.698158258089857,-1.027905263555084,1.063990415801527
TaV3,L12,2,-1.0230262624563409,0.03852057104180062,-0.4922528457072701,-0.4922528457072701,1.0615468334981415
Cr3Tc,L12,3,-0.9420172923591679,0.11746242834217924,-0.5820940867248604,-0.9217273961575927,1.059479720701347
GaY,L10,3,-0.4915380026641003,0.5663363824360488,0.19062086877089732,0.49706422654074345,1.057874385100149
Hf3Ni,L12,2,-1.0183171963571738,0.03942575774365764,-0.48944571930675806,-0.48944571930675806,1.0577429541008314
ScY3,L12,4,-0.9855922418564376,0.07163546474205873,-0.7045638518074782,-0.9521493150577669,1.0572277065984963
Ir3Nb,L12,6,-0.4701523039575193,0.5863666821433355,-0.18207030370677066,-0.29945808215686043,1.0565189861008548
Co3Nb,L12,3,-0.5683234937596069,0.4864973658414158,-0.2154785133258296,-0.5646094120592977,1.0548208596010227
MnMo3,L12,4,-0.8090834235581212,0.24502109643893277,-0.5250893668098513,-0.7681475700601084,1.054104519997054
InNi,L10,6,-0.04998717606119385,1.0040898603411108,0.3984496725240187,0.1954942689417578,1.0540770364023047
InY,L10,5,-0.5240675793565686,0.529445909342968,0.06815161838260905,0.38550585214127864,1.0535134886995365
Mo3Ni,L12,4,-0.9021245872599764,0.1503586784392894,-0.5473316118595619,-0.7187802693087804,1.0524832656992658
Al3Zr,L12,6,-0.18069297678809448,0.8705482253117509,0.3507201795736042,0.49799954980701955,1.0512412020998454
RuY3,L12,3,-1.0649362834583087,-0.014585437757858699,-0.7036530981570669,-1.0314375732550332,1.05035084570045
GaLa,L10,4,-0.49011321455961365,0.5580384070426874,-0.1464851379577965,-0.32693287215712985,1.048151621602301
Al3Ti,L12,6,-0.15830222563815255,0.8877217378312992,0.3623236125215025,0.48184932136157954,1.0460239634694517
CrV,L10,5,-0.8788667453581809,0.16187739334148432,-0.643697612097975,-0.8258136626563726,1.0407441386996652
PdTc3,L12,4,-0.7132511882582264,0.3271353928403471,-0.3739521366833003,-0.5548463756576609,1.0403865810985735
Sn3Ti,L12,4,0.11813550194077038,1.1563885744408537,0.7243415958655817,0.8114211535403513,1.0382530725000834
Fe3Nb,L12,4,-0.6470126933627114,0.39016675404221246,-0.36836118363586934,-0.6082993976114892,1.0371794474049238
NbSn,L10,3,-0.1079143619562899,0.9292229077409786,0.27203655827515644,-0.005198870959219448,1.0371372696972685
Mo3Re,L12,5,-0.8338876883599085,0.2017763570411546,-0.44715585457940393,-0.7546700437587504,1.035664045401063
RhW3,L12,5,-0.8720130141582274,0.16051355873881334,-0.5636434895391801,-0.6357494934590875,1.0325265728970408
PbY,L10,4,-0.515090407759061,0.5172892236414839,0.18103237079142787,0.3609653336416443,1.032379631400545
Ga3Mo,L12,3,0.046970658143465016,1.0784747632433493,0.5667492698761313,0.5748023882415794,1.0315041050998843
HfW,L10,6,-0.8887315522578945,0.14001372664009182,-0.6609955123588426,-0.8159331410579114,1.0287452788979863
AgCo,L10,6,-0.23696979215944225,0.7908697558459892,0.20335450387668175,0.05974109664478533,1.0278395480054314
CrZr3,L12,5,-1.0105652172596535,0.014865034839232294,-0.7136523927792666,-0.8313304985594812,1.0254302520988858
CoZr,L10,4,-0.6983764933602004,0.3251274649419713,-0.25124304733432723,-0.31586158045953994,1.0235039583021717
MoW3,L12,6,-0.8657768452567041,0.15216619464356995,-0.5497682552228392,-0.8484319009557737,1.017943039900274
TcW3,L12,4,-0.898258257758215,0.11872299574045542,-0.4142386244584202,-0.4387096179079606,1.0169812534986704
Sn3Tc,L12,2,-0.07609296145798794,0.9379385779402867,0.43092280824114937,0.43092280824114937,1.0140315393982746
CoHf,L10,5,-0.7001018311557061,0.3121032802455659,-0.33776075799448224,-0.4084303545523369,1.012205111401272
AlPd3,L12,3,-0.2357480010605002,0.7729284741408549,0.1302118233734575,-0.14654500295998218,1.008676475201355
HfPt,L10,3,-0.7392532981602642,0.26764504914265785,-0.4036079531254491,-0.7392156103587411,1.006898347302922
YZr,L10,7,-0.9500130853566304,0.056602535642952034,-0.6928549731571211,-0.8923796464577833,1.0066156209995825
CuY,L10,5,-0.7041307486569792,0.3024795661413293,-0.23847877223649333,-0.21924361645412205,1.0066103147983085
AgLa,L10,5,-0.557652413556724,0.4472332437444777,-0.11456340911660731,-0.20130111015802754,1.0048856573012017
MoNb,L10,7,-0.8513363079573253,0.15322566984198716,-0.6182880066710409,-0.7422861429576812,1.0045619777993124
Cr,A1,3,-0.8785783046577933,0.12552842673997588,-0.5435004076925622,-0.8774513451598693,1.0041067313977692
CdRh,L10,3,-0.4932215709586387,0.5107976758418147,-0.052918658525385354,-0.17633208045933202,1.0040192468004534
HfW3,L12,4,-0.8350277092567637,0.16793804884312635,-0.3843002857319959,-0.43505574125717317,1.00296575809989
Ru3Ta,L12,3,-0.6129169654586519,0.38972620164079785,-0.24746309142480527,-0.5191985104565617,1.0026431670994498
HfZn3,L12,5,-0.4376459928525662,0.5646139019454779,-0.16725101571552728,-0.39675993625766637,1.0022598947980441
Pt3Ti,L12,7,-0.2928098648580715,0.7090058040421638,-0.045613898600066705,-0.17353434205776352,1.0018156689002353
Hf3Os,L12,3,-1.1064650729558423,-0.10599759205703663,-0.7703583135895636,-1.098612275755812,1.0004674808988057
Hg3Y,L12,6,0.09365246744076217,1.091255406042393,0.4273523345919159,0.19836289299294663,0.9976029386016307
Co3Ta,L12,3,-0.5856761932581946,0.41173721804173624,-0.24823498759024196,-0.5707659875542674,0.9974134112999309
FeW3,L12,3,-0.8384083155569613,0.15476406543987764,-0.4993185535922464,-0.8143114106596556,0.9931723809968389
SnY,L10,3,-0.42705287336045217,0.5644534907414993,0.18070436017390534,0.4047124631406689,0.9915063641019515
HgNb,L10,4,-0.6444970009569886,0.3462742476413325,0.04299218374220004,0.2350957441422281,0.9907712485983211
Al3Ta,L12,5,-0.007006387118025259,0.9828441642512473,0.30638894402766825,0.05804501109199123,0.9898505513692726
NiV,L10,5,-0.7307859318597991,0.25840256654285554,-0.44071625337871295,-0.5410575510604474,0.9891884984026547
Ga3Zr,L12,6,0.22152678754449084,1.2070704571388262,0.49795283692434583,0.32916345734068386,0.9855436695943354
AuTi,L10,5,-0.6281077205594272,0.3573743152419695,-0.15201517151851363,0.06763988104015084,0.9854820358013967
Cu3Hg,L12,5,0.04901899504423568,1.0344618464451116,0.47230031612510287,0.5614746605433822,0.985442851400876
IrNb3,L12,3,-1.0972035424592548,-0.11195606876114539,-0.725157574593112,-0.9663131125589359,0.9852474736981094
InSc,L10,4,-0.5583373240578737,0.42534277393954767,0.17323743181626128,0.4129721386916856,0.9836800979974214
TlY,L10,4,-0.5402051545561051,0.44339902364393424,0.1841900817690032,0.4167832289940918,0.9836041782000393
CrOs,L10,7,-0.6130424099564777,0.3704257113431879,-0.3248590440136963,-0.44357630585633956,0.9834681212996657
Ir3V,L12,6,-0.4171173167587483,0.564863974440442,-0.13973179407576217,-0.23608610250900597,0.9819812911991903
HgSc,L10,3,-0.6605302204579573,0.31660866904078944,-0.33234242725815005,-0.6531057303572823,0.9771388894987467
AlCo,L10,3,-0.5014731510591162,0.47509946953962867,-0.17384328192593065,-0.49515616425830444,0.9765726205987448
PtW3,L12,3,-0.9265522465566107,0.04537294174318163,-0.5844404789570964,-0.87214213205786,0.9719251882997924
CuHf,L10,3,-0.900437073351867,0.07138729684177747,-0.3372447394882651,-0.1826844419547058,0.9718243701936444
IrTi,L10,3,-0.5217167879590932,0.44892388694009355,-0.08475334725908586,-0.18146714075825798,0.9706406748991867
Nb3Tc,L12,3,-0.9847930435562091,-0.014552103856630083,-0.6309067740903345,-0.8933751748581642,0.970240939699579
CdTa,L10,3,-0.8513863769576062,0.11764841814240867,-0.28606656642444744,-0.12446174045814473,0.9690347951000149
AuSc,L10,3,-0.6233578373566786,0.3438581488417469,0.021363158575420964,0.34358916424119457,0.9672159861984255
ScTl,L10,3,-0.5010432111548369,0.46529194254347317,0.11963054064444616,0.39464289054470214,0.96633515369831
CuPt3,L12,6,-0.23335884155582676,0.7322591561396905,-0.0404153450584109,-0.18089706215957335,0.9656179976955173
FeMo3,L12,4,-0.8273882493585631,0.1376331387409948,-0.5411675530831133,-0.7374575508574424,0.965021388099558
Ag3Rh,L12,5,-0.2688362274556937,0.6957779423474051,0.0781721561065126,-0.1380945077534932,0.9646141698030988
TcY3,L12,6,-1.0469589465564866,-0.08314601605795247,-0.721587622373562,-0.7513053561060303,0.9638129304985341
Ir3Ta,L12,6,-0.4661780812557197,0.4964001327435028,-0.20310021348962928,-0.3066148121060621,0.9625782139992225
La3Zn,L12,4,-0.6909913237568333,0.27082143404280146,-0.3482248616073491,-0.4863647783576823,0.9618127577996347
Mo3Rh,L12,4,-0.8254814116580462,0.13584616714163644,-0.5166429532573318,-0.6884682842564587,0.9613275787996827
CuZr,L10,4,-0.800465306157065,0.1597283743476794,-0.1982936059548308,-0.07621874600496881,0.9601936805047444
LaTl3,L12,5,0.24536300754064655,1.204800347540214,0.6077481903414366,0.28523924974163606,0.9594373399995675
AgSc,L10,3,-0.7761592817577991,0.18252634384137423,-0.16755600092465292,0.09096493514246617,0.9586856255991734
CuHg,L10,5,0.15185108673998116,1.109887992942305,0.6176512563814243,0.5927982287403495,0.9580369062023237
Re3W,L12,7,-0.6836473794564597,0.27329998284133694,-0.39768316024346617,-0.6318264282590178,0.9569473622977966
Fe3Ta,L12,4,-0.6617877945600128,0.29438499574555976,-0.41371133590743625,-0.643721272407646,0.9561727903055726
HfV,L10,5,-1.0123649782571817,-0.05647287345615837,-0.6979980919166053,-0.8328944729573493,0.9558921048010234
Ga3Tc,L12,6,0.027786904641317278,0.9821029261375145,0.6157820293395749,0.5950506510389744,0.9543160214961972
Pb3Pt,L12,2,-0.09846371216096372,0.855402233039996,0.3784692604395161,0.3784692604395161,0.9538659452009597
Au3Mo,L12,5,-0.19196202715735922,0.7612256743423416,0.18421815718268703,-0.06580733045754528,0.9531877014997008
MoTc3,L12,7,-0.6309865488574076,0.32204958524474137,-0.335332005970847,-0.5939208344561564,0.9530361341021489
Ga3Ti,L12,6,0.296155368342653,1.247726849739621,0.5334302681740439,0.3431824901427092,0.951571481396968
Mo3Nb,L12,3,-0.8220423008596924,0.1272939013406642,-0.4740348241590577,-0.7273560729581448,0.9493362022003566
CuOs3,L12,6,-0.24889926286320474,0.6999528488386488,-0.06097923731095042,-0.20408687560754402,0.9488521117018536
MnSn,L10,3,0.7874445229399782,1.7360019353409655,1.20908582297461,1.103811010642886,0.9485574124009872
Co3Cu,L12,6,-0.38321111605816327,0.5649427514445335,-0.10387340334058119,-0.22017465390942448,0.9481538675026968
HgTi,L10,4,-0.6626992398550726,0.28501203464205105,0.02670120444329882,0.24224601149310843,0.9477112744971237
Ag3Os,L12,5,-0.6063403820580504,0.3411434051459139,-0.4033674316762415,-0.5819516350593119,0.9474837872039643
Ag3Pt,L12,4,-0.22712035965284372,0.7194929354455155,0.3677620229964589,0.48933775809658187,0.9466132950983592
In3Pt,L12,4,0.016432954745170036,0.9628587633424388,0.6959903951438093,0.9023349312438143,0.9464258085972688
CrSn3,L12,2,-0.03494009715993229,0.9108492372406829,0.4379545700403753,0.4379545700403753,0.9457893344006152
ReW,L10,5,-0.8024086071590943,0.1428562277406229,-0.5821486183396416,-0.7466584681596657,0.9452648348997172
Hg3Zr,L12,5,-0.06475057635813641,0.880476162642509,0.14571467484295794,-0.02171808575710088,0.9452267390006455
Cr3Rh,L12,6,-0.8606802890562619,0.08256314824487276,-0.5241207548894048,-0.5914379996565629,0.9432434373011347
HfPd,L10,3,-0.8281139769560184,0.11489884384448601,-0.22103253815685284,0.05011751864097391,0.9430128208005044
CrMo3,L12,4,-0.8125506980568105,0.1302910992426689,-0.5511949140318109,-0.761260028656551,0.9428417972994794
MnPb3,L12,3,0.09736110694305466,1.0356739775425297,0.6807109536430573,0.9090977764435877,0.938312870599475
MoY,L10,5,-0.8349214488580117,0.10274610374202098,-0.4314158921782735,-0.6328218206571989,0.9376675526000326
Hf3Ir,L12,5,-1.0621359599562936,-0.12565128615730714,-0.6909466426970254,-0.6126395453565863,0.9364846737989865
Mo3Pt,L12,4,-0.8804545295560899,0.0539316023432832,-0.5601739223565971,-0.7070863811067909,0.9343861318993731
CdSc,L10,3,-0.7526811636589343,0.18109026304321674,-0.43849444382458574,-0.7438924308580397,0.9337714267021511
LaTc,L10,4,-0.7351876453567172,0.19719110274039053,-0.46539503978326024,-0.6617918082583572,0.9323787480971077
CdCu3,L12,5,0.03172738503874939,0.959738025741018,0.40016549533996226,0.4011851875411878,0.9280106407022686
AlRh,L10,4,-0.2053098912574285,0.7224954394432928,0.06825894004262523,-0.12207489400768168,0.9278053307007212
HgZr,L10,3,-0.6831250569584597,0.24342936644191582,-0.09910667192431788,0.14237567474359025,0.9265544234003755
GaLa3,L12,4,-0.6963548236589929,0.229935921540374,-0.32789516878344216,-0.42258088650757486,0.9262907451993669
RuW3,L12,6,-0.8381323921593946,0.0874980687413256,-0.5684131779910805,-0.6684590054564694,0.9256304609007202
AlHg3,L12,2,0.23416429854026433,1.1564991887417193,0.6953317436409918,0.6953317436409918,0.922334890201455
Cd3Sc,L12,5,-0.09615020035832345,0.8230893949412632,0.15344287116116107,-0.08904775706011492,0.9192395952995867
LaRe3,L12,5,-0.8793428085582207,0.03953011334036205,-0.40253166131930695,-0.4062167085603221,0.9188729218985827
MoW,L10,7,-0.7665932557565327,0.15129842364424917,-0.5810573523705094,-0.7410112895585996,0.9178916794007819
La3Y,L12,6,-0.774886877358739,0.1409506146419801,-0.5469035086925658,-0.6695176642597005,0.9158374920007191
Hg3Zn,L12,5,0.7714689915419797,1.6866089198420298,1.3839069822208614,1.3908849878398826,0.9151399283000501
FeRe3,L12,4,-0.5837384705582451,0.3296799294485311,-0.28921030892976773,-0.45139134730467845,0.9134184000067762
NbSn3,L12,3,-0.022608034057128634,0.8907951276424058,0.5462594606758083,0.770591288442148,0.9134031616995344
CuMn,L10,6,1.2319306414438245,2.1446386882389845,1.626853401124843,1.6193677534911615,0.91270804679516
HfIn3,L12,3,-0.07434993625699349,0.8380485811440224,0.5243674488104849,0.8094037015444258,0.9123985174010159
Au3Tc,L12,6,-0.2132515336588483,0.698862488640799,0.18817295535733555,0.13418981019006537,0.9121140222996473
CdHf,L10,3,-0.8495894732577369,0.06014654624325999,-0.27311000209038144,-0.029887079256667448,0.9097360195009969
In3Y,L12,7,0.18162768784262084,1.0913129581431633,0.5611171418993267,0.5848888319424361,0.9096852703005425
Cd3Ni,L12,5,0.09888535264056486,1.0084879003416347,0.42457497750095285,0.14819387684204344,0.9096025477010699
Cr3Re,L12,5,-0.9411810864575898,-0.031714187555706985,-0.6782507905559839,-0.7804544626551149,0.9094668989018828
Ag3Ir,L12,3,-0.5486835413603046,0.3597308212420387,-0.23476911679272425,-0.5153546302599068,0.9084143626023433
ReW3,L12,7,-0.8951361596582217,0.01269438264446876,-0.6047540945142283,-0.8183399200561041,0.9078305423026904
CrFe,L10,5,-0.6638087840537708,0.24337222254055746,-0.46508769399712835,-0.637119042358762,0.9071810065943282
CrRu,L10,6,-0.61795828245792,0.28824134554182024,-0.3828393859569606,-0.5037223759563574,0.9061996279997402
CdLa,L10,4,-0.5019433636580004,0.40220493414111047,-0.21183188173287704,-0.3737945487073091,0.9041482977991109
InZr,L10,3,-0.5973389923592265,0.30651896004295054,-0.052901424591529654,0.132115758541687,0.903857952402177
Cu3La,L12,6,-0.3049759384584547,0.5986477239357839,0.09591940252330271,0.07345733483910521,0.9036236623942386
AgCu3,L12,9,-0.053750918660597335,0.8472129670417701,0.20520603449497798,0.08199443033757348,0.9009638857023674
CrW,L10,4,-0.7321943930573696,0.16762702274084518,-0.3038976873831132,-0.32551168960796417,0.8998214157982147
Au3W,L12,4,-0.3924270675588275,0.5056324110419439,-0.14525133975891436,-0.3471053512593869,0.8980594786007714
TlZn3,L12,4,0.4346851222444741,1.331826896946069,0.7029586182698324,0.5226612269443933,0.8971417747015948
CoMo3,L12,2,-0.8436342618578863,0.0526464085424152,-0.39549392665773553,-0.39549392665773553,0.8962806704003015
YZn,L10,5,-0.6480782911521317,0.2481317657448301,-0.269678093295596,-0.2202584650576398,0.8962100568969618
In3V,L12,3,-0.06494731465770087,0.8308162034418558,0.5106908258758551,0.7662035888434104,0.8957635180995567
AlTl3,L12,4,0.15212619394245053,1.0461322648452835,0.7818422092441608,0.9645551890944546,0.894006070902833
GaHf,L10,4,-0.5681539668575795,0.3255088324449673,-0.1754004306557988,-0.22947829410529152,0.8936627993025468
Mo3Tc,L12,5,-0.8043939497574399,0.08906095454315732,-0.5690808138378713,-0.7369739366576766,0.8934549043005973
CoMo,L10,6,-0.7002693172607621,0.19106405154255413,-0.45624032519266206,-0.5574667638602193,0.8913333688033163
Cd3Fe,L12,5,0.11283948634175545,1.0026324186410704,0.3011740183605355,0.13491132003858297,0.889792932299315
HfPd3,L12,6,-0.3219042764567064,0.5668980254422706,-0.03887429640687401,-0.12597469350745882,0.888802301898977
Au3Ta,L12,4,-0.3479194479577643,0.5405646168447049,-0.05023394938231718,-0.19679048320810466,0.8884840648024692
In3Sc,L12,7,0.25046010784083705,1.1382317785401312,0.5820587896262778,0.4559391178418366,0.8877716706992942
OsY3,L12,2,-1.0267817055564308,-0.13969004725638,-0.5832358764064054,-0.5832358764064054,0.8870916583000508
In3Ru,L12,2,-0.07591118945762787,0.8107800533407783,0.3674344319415752,0.3674344319415752,0.8866912427984062
Sn3V,L12,3,0.026807566941926098,0.913041386343167,0.5747197110089152,0.7843101797416523,0.8862338194012409
MoY3,L12,4,-1.0205652648573675,-0.1344404270593884,-0.7477641006325655,-0.918025355306753,0.8861248377979791
Ga3Ru,L12,5,0.02916107954027325,0.9141841283426686,0.6263666272827606,0.6764450703422256,0.8850230488023954
NbOs,L10,3,-0.6599582371554504,0.22338954284444412,-0.25036904042308566,-0.31453842695825074,0.8833477799998946
MnTl3,L12,2,0.1456128770414864,1.0289210644414482,0.5872669707414673,0.5872669707414673,0.8833081873999618
CdV,L10,5,-0.6743833998579873,0.20754244924413,-0.32164193147670517,-0.6648766947573392,0.8819258491021174
AuHf,L10,4,-0.7750506899601248,0.10666182194202634,-0.12480171270905771,0.08459100859093382,0.8817125119021512
MnRe,L10,6,-0.6035985630578296,0.27803013773612406,-0.4159344605944189,-0.5642623308112604,0.8816287007939536
FeZn3,L12,5,-0.04987697007069869,0.8265739486314772,0.1560770146747302,-0.01750195396650156,0.8764509187021758
AgRh,L10,6,-0.2951587514607752,0.5803590888399697,-0.030442939792588202,-0.11921212030844686,0.8755178403007449
CrY3,L12,3,-1.02772308335895,-0.15298403275934902,-0.7185770455922788,-0.9750240206585374,0.8747390505996009
TiZn,L10,5,-0.7977060718539803,0.07626099174470369,-0.4410459193158829,-0.7351578488587336,0.873967063598684
RhTc3,L12,4,-0.6999317599574795,0.17148478054244265,-0.3763396634330718,-0.4884558371586252,0.8714165404999221
MnPd3,L12,5,-0.3235214490550504,0.5475817524429942,-0.07762498961434972,-0.23097131475421406,0.8711032014980447
Cu3In,L12,4,-0.01770971286074996,0.852292516044173,0.3494904290919578,0.2816894565922041,0.870002228904923
TiTl,L10,3,-0.5016681205551947,0.36781545934448445,0.034442400943921335,0.23717986404247426,0.8694835798996792
Y3Zr,L12,4,-0.9510718803585121,-0.08162585215811191,-0.7304271157581468,-0.9445053652579816,0.8694460282004002
OsTa3,L12,5,-1.04215300805933,-0.17300603296004624,-0.7903530388988372,-0.9283620756568496,0.8691469750992837
CdNb,L10,5,-0.7326810686599572,0.13521227794356605,-0.2580603561776741,0.017841824142152518,0.8678933466035232
TiY3,L12,5,-0.9883833135581597,-0.12132032225687794,-0.776723999597533,-0.9291053546575938,0.8670629913012817
CuNb,L10,6,-0.6933164005594961,0.1734891710448494,-0.3669750585082833,-0.42113589400739215,0.8668055716043455
CrIr,L10,7,-0.5588404625586634,0.3077138118397045,-0.28862370443062396,-0.3509574628578491,0.8665542743983679
MoOs3,L12,6,-0.4940402253587024,0.3698821640400922,-0.23798489012700466,-0.35530182826093437,0.8639223893987946
AuZr,L10,3,-0.6872889428586575,0.17513001754289803,-0.14094154412453955,0.08933429294214079,0.8624189604015555
GaNb,L10,5,-0.47875926465982843,0.3832745186382738,-0.019903168079844137,0.09408227123734036,0.8620337832981022
LaSn,L10,3,-0.39279251645618274,0.46821675824415365,0.1417126694441606,0.3497137665445109,0.8610092747003364
CrOs3,L12,4,-0.44922239585773127,0.4099509267407768,-0.146778136508118,-0.27392053845775877,0.8591733225985081
ScSn3,L12,7,0.45445514504265816,1.3110105964415482,0.7416115144285372,0.716430022043852,0.85655545139889
LaPb,L10,3,-0.451336992557998,0.40471613674256446,0.11581228467521025,0.39405770984106425,0.8560531293005624
OsW,L10,7,-0.6412320430563057,0.21418855764298428,-0.4156120413287527,-0.5097279963583503,0.8554206006992899
AgZr,L10,6,-0.7236569574588145,0.13149547504238512,-0.3479224411745558,-0.39907025085719283,0.8551524325011997
GaSc,L10,5,-0.49390348815265384,0.36110186674434885,-0.16648857995512004,-0.41646125025633296,0.8550053548970027
Mo3Ru,L12,5,-0.7930961913579893,0.0618359650443665,-0.5593562543564701,-0.6684198890570485,0.8549321564023558
GaTi,L10,4,-0.49769539455789413,0.3557234006448482,-0.09017216548178908,-0.10935833400705519,0.8534187952027423
W,A1,3,-0.8795113830592243,-0.027413156257324545,-0.5901214902917692,-0.8634399315587586,0.8520982268018997
AgHf,L10,5,-0.7885401892626476,0.06351613193785965,-0.31499843536054756,-0.09520610135857055,0.8520563212005072
VY3,L12,4,-1.0060386036556963,-0.15570925285553017,-0.7513581462307855,-0.9218423642059577,0.8503293508001661
Ag3W,L12,5,-0.5802978632554812,0.2693488899394936,-0.38396168773812744,-0.5389893498567915,0.8496467531949747
CdTi,L10,3,-0.7743505410571458,0.0752133534415691,-0.21197844905840194,0.06320184044037092,0.8495638944987149
CdZr,L10,4,-0.7891495881585513,0.060192125341046676,-0.3732373615584663,-0.3819959917081803,0.849341713499598
LaTl,L10,3,-0.4132384700596674,0.4354908513423936,-0.1302984462590473,-0.4131477200598681,0.848729321402061
PtSc,L10,4,-0.31415855605789034,0.5345272271415809,0.01727460281657045,-0.07563512990870436,0.8486857831994712
RuV,L10,6,-0.6000750970588058,0.2484112266402292,-0.33646066612615755,-0.3761507824592343,0.848486323699035
AuBi3,L12,3,0.3279457478429606,1.1760142407447631,0.7884604598775979,0.8614213910450701,0.8480684929018025
CrRe,L10,5,-0.6340068763592797,0.2134728982428271,-0.31159747499820584,-0.3621407973577959,0.8474797746021068
TaZn,L10,4,-0.8231181028595245,0.022315511742846184,-0.2669396960072561,-0.13347809645617303,0.8454336146023707
La3Pd,L12,3,-0.6983046553604879,0.1469218806423953,-0.411827741226233,-0.6841004489606064,0.8452265360028832
ReY3,L12,5,-1.0451444915588297,-0.2010830109602182,-0.7615237749798041,-0.7954277986600289,0.8440614805986115
Cd3Y,L12,5,-0.09968849665798984,0.7429386719423121,0.1471418575029304,-0.07064633085516903,0.842627168600302
Mo3Ta,L12,5,-0.8588636570557071,-0.018386323858948117,-0.6361238948373,-0.7522774828566696,0.840477333196759
AuNb,L10,5,-0.6223029880593174,0.2173407243435861,-0.15315799515789763,0.08162122614251643,0.8396437124029035
Cd3Rh,L12,3,-0.12180944685948702,0.7174995655414307,0.4322742843745478,0.7011327344416998,0.8393090124009177
CoCr3,L12,3,-0.8427703004553848,-0.005125264156021103,-0.5586571485561175,-0.8280758810569466,0.8376450362993637
Ga3La,L12,7,0.04792455324152911,0.8800813255448077,0.46176480304389755,0.3245796997444188,0.8321567723032786
InLa,L10,6,-0.340624620060197,0.4911209881402385,0.004523597807775559,-0.08576715260730339,0.8317456082004355
CuLa,L10,4,-0.4418257975548556,0.38951354474650657,-0.18700101777992018,-0.3478459091556658,0.8313393423013622
MnSn3,L12,3,0.2053766951439968,1.0365254217440736,0.7150406087430667,0.9032197093411298,0.8311487266000768
NbY3,L12,6,-0.9829120566582503,-0.15276157965760717,-0.7739659988413242,-0.9052832166580345,0.8301504770006431
Bi3Pd,L12,3,0.4174933780423373,1.2473492917424949,0.9147580617424845,1.0794315154426215,0.8298559137001575
SnTl3,L12,4,0.41378800394252835,1.2431392825392606,0.8907631201655306,0.9530625970901667,0.8293512785967323
Hg3La,L12,6,0.18173585304342055,1.0109869937450924,0.47023956174389053,0.29794485704499607,0.8292511407016718
Pd3Zr,L12,4,-0.2776876824600265,0.5476115489409779,-0.009623169859850123,-0.15420827296017592,0.8252992314010044
Cr3Pt,L12,6,-0.877356649557413,-0.05299893205571493,-0.5039164838068567,-0.4846348827058762,0.8243577175016981
Cu3Ir,L12,5,-0.44230893565597285,0.3816584345413787,-0.17217502451582617,-0.3749334131561852,0.8239673701973516
Hg3Sc,L12,4,0.10244705063908555,0.9261190413390352,0.35116301083965595,0.18804297569025152,0.8236719906999497
InV,L10,2,-0.5328899181613167,0.2904385287411344,-0.12122569471009115,-0.12122569471009115,0.8233284469024511
MnRu,L10,6,-0.21372269876061978,0.609511460738787,0.06496082965747026,-0.008106543357797591,0.8232341594994068
CdCu,L10,4,0.1719347208427564,0.9946751297475487,0.5044065381944449,0.4255081510937373,0.8227404089047923
CuV,L10,6,-0.6598280306634194,0.16263482214074543,-0.38730788071094935,-0.4714929408100659,0.8224628528041649
Au3Os,L12,2,-0.47865871855807995,0.3380146402423918,-0.07032203915784407,-0.07032203915784407,0.8166733588004718
NbPd,L10,7,-0.6374099320591711,0.17843769724370873,-0.33046122657220117,-0.2887058439582404,0.8158476293028798
IrZr,L10,3,-0.503276449358026,0.3116172849413772,-0.08698935192445371,-0.06930889135671237,0.8148937342994031
PdSc,L10,4,-0.4248483430555723,0.3900203567436904,-0.11546643935614043,-0.2135188855563399,0.8148686997992627
PtRe3,L12,5,-0.7218894419556534,0.0911951434436844,-0.3235668103565047,-0.3707557854567938,0.8130845853993378
HfY3,L12,5,-0.9774296430577749,-0.17045782285910605,-0.7914241333773759,-0.9365644031558702,0.8069718201986689
PdTl3,L12,3,0.2143964526449338,1.0208918014441508,0.7388009542771196,0.9811146087422742,0.806495348799217
ReTc,L10,7,-0.5787217798560675,0.2265502811433464,-0.33874493542794376,-0.5335619032584589,0.805272060999414
In3Rh,L12,6,0.18412923034432538,0.9886271275436513,0.7730098815267089,0.8719319921938506,0.804497897199326
Cu3Sn,L12,3,0.026842533538939506,0.8308518503409061,0.3412240415064218,0.16597774063941984,0.8040093168019666
Au3Ru,L12,7,-0.17200438185952294,0.631893504240935,0.12790860651242042,-0.10055150565946747,0.803897886100458
NbZn,L10,4,-0.7527215725631038,0.04740073414089352,-0.36661506313518544,-0.38056970705926574,0.8001223067039973
Au3Pt,L12,5,-0.23016191205803693,0.5688183327411309,0.3003393635614259,0.35368921364081984,0.7989802447991678
GaZr,L10,4,-0.5045243634585574,0.2936154578428898,-0.11298731215808289,-0.12052017150833194,0.7981398213014472
PtZr,L10,4,-0.6218896471573032,0.17567261254319533,-0.06883269210717913,0.08544313309269569,0.7975622597004985
PdZr,L10,4,-0.7327033820574513,0.06479139344176588,-0.16649853258238068,0.0009589291430813773,0.7974947754992172
AuTa,L10,3,-0.7162545086602847,0.08074243454123575,-0.20633684892555001,0.01650152734239896,0.7969969432015205
Nb3Os,L12,3,-0.9712537474578937,-0.1746871522582012,-0.6532720372915435,-0.8138752121585355,0.7965665951996925
NiTi,L10,4,-0.6018371701638614,0.19402859573986575,-0.3235806677375592,-0.4432570482631206,0.7958657659037272
YZn3,L12,5,-0.15022670326194998,0.6428002350376403,0.18784709447884892,-0.04298419046151025,0.7930269382995903
FeTa,L10,5,-0.7314279843585325,0.058062698540226165,-0.34721461855930896,-0.46255991955965214,0.7894906828987587
HfHg,L10,2,-0.7465794190565873,0.042829221541097695,-0.3518750987577448,-0.3518750987577448,0.789408640597685
Cu3Ru,L12,5,-0.42844636835704364,0.3605998166395068,-0.09200653251952531,-0.03560051746077875,0.7890461849965504
HfIn,L10,4,-0.6485404764598286,0.13944092704062427,-0.27208060670906775,-0.28961143870853334,0.7879814035004529
PdY,L10,3,-0.5593933978588836,0.22842528163985776,-0.13709848035945052,-0.0803273248593257,0.7878186794987414
MnZn3,L12,5,0.010720468942082562,0.7980082543445235,0.22254550022283298,0.04782659224386521,0.7872877854024409
MnOs3,L12,5,-0.36029123965178655,0.4267640244443385,-0.1279870296950037,-0.20849770485708063,0.787055264096125
CuTa,L10,5,-0.7544451416533491,0.0321897065450969,-0.37898573245381045,-0.22758649065414716,0.786634848198446
HfNi,L10,3,-0.7641575647566867,0.022138365639904123,-0.3035145510575319,-0.16852445405581307,0.7862959303965908
AgCu,L10,8,0.0519798657487911,0.8377032686485393,0.27099383507086827,0.18944687894784806,0.7857234028997482
CrRu3,L12,3,-0.510914140558242,0.27403618694100373,-0.23905037452547617,-0.4802731699591902,0.7849503274992458
Cu3Sc,L12,4,-0.26196331215666646,0.5229415722433544,0.043801960518095484,-0.04288520900715298,0.7849048844000208
AuLa,L10,3,-0.4661164475573685,0.3158023957448961,0.05096928027678397,0.3032218926428243,0.7819188433022646
FeIn3,L12,3,0.17043224424290315,0.9503505065449929,0.6642606743768719,0.8719992723427197,0.7799182623020897
ReTc3,L12,5,-0.5755810419568377,0.20399843864382206,-0.22058257977675452,-0.341547358158067,0.7795794806006597
Pd3Re,L12,6,-0.4208409225566072,0.3568062776403451,-0.10182867197451628,-0.11325330345695761,0.7776472001969523
IrW3,L12,4,-0.8566636166605974,-0.07987439135737873,-0.542635301108902,-0.617001598208816,0.7767892253032187
AuCo3,L12,4,-0.31050325086013686,0.46541289724066814,0.009616707139713299,-0.058221408910839045,0.775916148100805
ScSn,L10,3,-0.3893600725559452,0.38616912954333316,0.12299037557722652,0.37216206974429156,0.7755292020992783
Re3Y,L12,6,-0.8714957257570575,-0.09763403715530217,-0.4951595203725769,-0.5162909060063328,0.7738616886017553
RhSn3,L12,2,0.2044779031430437,0.9776100545432485,0.5910439788431461,0.5910439788431461,0.7731321514002047
La3Sc,L12,5,-0.7672402064553978,0.00449613694311779,-0.5611349536569549,-0.7064336480570717,0.7717363433985156
Mo3Zr,L12,2,-0.523143072557076,0.2467556861420519,-0.13819369320751207,-0.13819369320751207,0.7698987586991279
AlNi,L10,6,-0.15915625495742347,0.6096283336419503,0.08421462979249365,0.008509679993068175,0.7687845885993738
Cd3Mn,L12,5,0.2023007204416274,0.9704054325420941,0.3751083280020168,0.220478333042621,0.7681047121004667
AuV,L10,4,-0.5488374218575416,0.21687949134232554,-0.20498740240779512,-0.2439958395579822,0.7657169131998671
CoW,L10,6,-0.6961881538581736,0.06925868634519361,-0.5151506582905938,-0.611696126706164,0.7654468402033672
CuPd,L10,6,-0.22658483965548726,0.5380509652468675,0.043642229676786805,-0.07553546825781154,0.7646358049023547
Al3W,L12,3,-0.01947301051856698,0.7449972131217066,0.3064818618316754,0.19392138289188665,0.7644702236402736
Ga3Y,L12,5,0.05538591464667775,0.8159933463403206,0.3286253522043182,0.21814169144730045,0.7606074316936429
Ir3Mn,L12,6,-0.3018482620563816,0.45831671244107497,-0.13502569862397232,-0.24080516875707758,0.7601649744974566
WY3,L12,4,-1.0048136832583339,-0.24601621675807905,-0.7798554721075277,-0.934295994206849,0.7587974665002548
OsSc,L10,3,-0.9887059044585556,-0.23403586075707494,-0.7034081049911359,-0.8874825497577774,0.7546700437014806
IrMn,L10,4,0.1877977330450733,0.9390783268436564,0.4783220457439086,0.3932060615434523,0.7512805937985831
CdW,L10,3,-0.818570536458509,-0.07008115045661611,-0.3497573501241599,-0.16062036345735464,0.7484893860018929
AlTi,L10,4,-0.740299303758519,0.005788541641805978,-0.35724465308337017,-0.3472339251083838,0.746087845400325
AlW,L10,4,-0.7872179881587442,-0.04282663655882857,-0.39748345300810684,-0.3799445936574273,0.7443913515999157
Ni3Re,L12,4,-0.47449456046066985,0.2696927057413916,-0.21405573208264173,-0.3257105368056443,0.7441872662020614
AuMo,L10,4,-0.5152569414594552,0.22789180234124728,-0.1983350013342431,-0.2529874331093822,0.7431487438007025
GaHg3,L12,5,0.7381302843432707,1.4793241623420101,1.1815008721229163,1.1554444754447388,0.7411938779987395
Cu3Ga,L12,5,-0.05481529195728285,0.6862105557457028,0.23896721660515255,0.19809656164673584,0.7410258477029856
Tc,A1,4,-0.5594789777596532,0.18111407294148307,-0.3214963778591198,-0.4538103033091545,0.7405930507011362
Co3Mo,L12,3,-0.5248709954530284,0.2153602798435088,-0.27188839235559686,-0.506154461457271,0.7402312752965372
CuPd3,L12,7,-0.2259924477611719,0.5135543251390402,-0.050831448163182004,-0.1579243955629579,0.7395467729002121
BiY,L10,2,-0.2975915852611877,0.4414792605394098,0.07194383763911105,0.07194383763911105,0.7390708458005975
AgAl3,L12,4,0.3362416824411696,1.07487823464092,0.5927749970410616,0.47999003554107844,0.7386365521997504
AlSn3,L12,6,0.26789512174312335,1.0058003679414753,0.714594410125784,0.8588492350418448,0.737905246198352
HfIr,L10,5,-0.4705539439591746,0.26716748933998247,-0.1255513115383735,-0.021205831456398982,0.7377214332991571
Fe3W,L12,4,-0.6227423158552199,0.11468496234104464,-0.4248786837315208,-0.595728690705954,0.7374272781962645
AgAu3,L12,8,0.3214871259451968,1.058900662444131,0.47670881885645144,0.3672385780437537,0.7374135364989343
Pd3W,L12,3,-0.36182636985810746,0.3747325931408625,-0.10489113182511763,-0.3275796187581079,0.73655896299897
Ag3Pb,L12,5,0.34611519704870375,1.0817035300433702,0.747507027905732,0.8867172296459387,0.7355883329946664
Cu3Y,L12,4,-0.17418156475375213,0.5614006455444098,0.19099796184585216,0.18838638329637547,0.735582210298162
PtSn,L10,3,0.09047934794310208,0.826021557642008,0.3978490719088749,0.2770463101415146,0.7355422096989059
IrMo3,L12,4,-0.8022590806567393,-0.06999216925666474,-0.5057533996823338,-0.5753811744079655,0.7322669114000746
AlHf,L10,4,-0.7161285199590282,0.015899475441102595,-0.3307965826088264,-0.31147864295869,0.7320279954001307
CrTc,L10,8,-0.5766187480612359,0.15496175614046592,-0.35175031750983976,-0.4669832661101907,0.7315805042017018
PtTc3,L12,4,-0.6978469598606978,0.033083736540930886,-0.43466726480889406,-0.5369529179579047,0.7309306964016287
AlLa3,L12,4,-0.679119677256466,0.051782311143171,-0.41548429355677285,-0.5172999040568982,0.730901988399637
RhZr,L10,5,-0.5173599731560614,0.2133416033439346,-0.2287741586971322,-0.16329769145792739,0.730701576499996
AuPt3,L12,6,-0.2847493086582915,0.44584804823992386,-0.13723313140899526,-0.23985623970926895,0.7305973568982154
PbSc,L10,3,-0.4584220206588441,0.27206594654219884,0.025057466708886977,0.26152847424330616,0.7304879672010429
RuY,L10,4,-0.8822797332568086,-0.152786206056561,-0.6741721035068338,-0.8308112373569827,0.7294935272002476
GaTl,L10,5,0.5097405136412192,1.238594437142666,0.7369064795444785,0.6357153431463587,0.7288539235014468
Hg3Pd,L12,3,0.5965457805405379,1.3243513855423146,1.0652912559086853,1.2749766016432034,0.7278056050017767
InPt,L10,3,0.056918459839863544,0.7841452787406809,0.3700997190399278,0.26923541853923894,0.7272268189008173
BiPd,L10,4,0.3205782656414442,1.0476106592441567,0.6006593934435216,0.5172243244442427,0.7270323936027125
FeHg,L10,3,-0.29299680705568676,0.4337773504421705,0.17296934291004126,0.37812748534364005,0.7267741574978572
RuTc3,L12,6,-0.5923674725590615,0.13353850574370085,-0.3966370768578618,-0.5070016878080139,0.7259059783027624
AlPb3,L12,6,0.1969010294424436,0.922246045041021,0.6272608114914249,0.7709226549914376,0.7253450155985774
CdMo,L10,2,-0.6520467993604768,0.07165519294088085,-0.290195803209798,-0.290195803209798,0.7237019923013577
AlSc3,L12,3,-1.1436588169571849,-0.42023655775753355,-0.8973051790905041,-1.128020162556794,0.7234222591996513
CuTl3,L12,4,0.2815080247465005,1.0021034293468176,0.7874119373200585,0.933018147593458,0.7205954046003171
MoZn,L10,5,-0.6216231116549977,0.09886780124455186,-0.22083570007577577,-0.050885968054871,0.7204909128995496
OsW3,L12,5,-0.8617310566578169,-0.14262003295786485,-0.6169651485781003,-0.7180470585580849,0.7191110236999521
AlY3,L12,3,-1.0991291560576144,-0.3834675834577581,-0.8367902360577943,-1.0277739686580105,0.7156615725998563
CrZn,L10,3,-0.6304055857608262,0.0852221086397833,-0.1690559830934054,0.038015527840826735,0.7156276944006095
OsPd3,L12,5,-0.42750635106037294,0.28609559184135946,-0.0871032860382627,0.010616385342501644,0.7136019429017324
NiPb3,L12,2,0.03459260774346262,0.7475575321377903,0.39107506994062646,0.39107506994062646,0.7129649243943277
AgTi,L10,5,-0.6904830151533758,0.021430869544047937,-0.3169822541565452,-0.11595219655916367,0.7119138846974238
MnW,L10,4,-0.6618876602578609,0.050020510040695854,-0.3095049672083121,-0.3130763593080417,0.7119081702985568
AuIr3,L12,4,-0.34770801535975693,0.361628951240192,-0.15418680993386147,-0.3153340878079405,0.7093369665999489
NiZr,L10,4,-0.7126098158541652,-0.0035568000521095655,-0.39580849025421116,-0.43353367255528497,0.7090530158020556
FeIn,L10,3,-0.15076820985902373,0.5573156726432273,0.2352161998421233,0.2991011367421663,0.7080838825022511
OsTc,L10,7,-0.5086146426610583,0.1991397099418748,-0.28479696748773825,-0.38882985875804366,0.7077543526029331
TaY3,L12,6,-0.9736778735595806,-0.2678985231568447,-0.8128217007745681,-0.9312414482583051,0.7057793504027359
CrMn,L10,7,-2.308307951257092,-1.6026117316568786,-2.065393501856408,-2.2056757271556933,0.7056962196002132
Pb3Sc,L12,3,0.2283633756424308,0.9313263477424982,0.6840211277761815,0.8923736599436154,0.7029629721000674
GaV,L10,3,-0.47273575275809776,0.22982530724496542,-0.2374540641239662,-0.46945174685876623,0.7025610600030632
NbTl,L10,2,-0.5816905418568865,0.11908681184380043,-0.23130186500654304,-0.23130186500654304,0.700777353700687
AuW,L10,5,-0.6580915362564781,0.04177899814115449,-0.27494390425760573,-0.14190763895655323,0.6998705343976326
SnTc3,L12,3,-0.545730834160139,0.1528675680392837,-0.2389362228268226,-0.32394540235961244,0.6985984021994227
Au3Zr,L12,7,0.068916911340267,0.7672153080393684,0.3015356615120278,0.1223763960415738,0.6982983966991014
FeNi,L10,7,-0.14146123625593532,0.556391982238921,0.07330705995565674,-0.08633369365904286,0.6978532184948563
HgLa,L10,2,-0.4621769194590968,0.23378524394232159,-0.1141958377583876,-0.1141958377583876,0.6959621634014184
LaW,L10,3,-0.856283337557187,-0.1611146581589935,-0.620462092557896,-0.8439882819575075,0.6951686793981935
TlZr,L10,3,-0.5605906987575224,0.12806765703956557,-0.10152054835904778,0.12796139664081352,0.688658355797088
La3Mn,L12,6,-0.6969091194577857,-0.01061420845778116,-0.49336009954243804,-0.5394543243591841,0.6862949110000045
CuPb3,L12,3,0.23073974584352186,0.916521722342651,0.6563616178425017,0.8218233853413324,0.6857819764991291
HgTa,L10,2,-0.7547314054563401,-0.06928848275762789,-0.412009944106984,-0.412009944106984,0.6854429226987122
VZn,L10,4,-0.6942655335578536,-0.010379918355255313,-0.3527228693555742,-0.3531230127545939,0.6838856152025983
Co3Pd,L12,7,-0.3373044231547908,0.34583219864819625,-0.12480058054029948,-0.20683032735448137,0.6831366218029871
CuZn,L10,7,0.15917217353947422,0.8404820951336944,0.36339668046473356,0.3013132862334089,0.6813099215942202
LaPd,L10,6,-0.30752482875593046,0.3729004507413549,-0.035722809907052046,-0.07851919640685878,0.6804252794972854
FeRu,L10,9,-0.3861679051614999,0.2898496744392389,-0.22325094624816996,-0.28166408205922266,0.6760175796007388
AuPd3,L12,8,-0.31546783185601157,0.35505808224209545,-0.023102158832870145,-0.08359187465882201,0.670525914098107
Fe3Zn,L12,3,0.18116250923870325,0.8506460912404066,0.44924942587237143,0.3159396771380045,0.6694835820017033
Ag3Cu,L12,9,0.17736107893964004,0.8466056089391998,0.40528511168438464,0.3659272614395661,0.6692445299995597
Ag3Al,L12,8,0.24775502414652806,0.9160521898457148,0.43352418256930036,0.3660378076938571,0.6682971656991867
Ga3Nb,L12,3,0.022342859142582938,0.6895994614397125,0.4669749213071839,0.6889824433392562,0.6672566022971296
Mo3Os,L12,4,-0.8011363389586847,-0.1343264113556586,-0.5816372075823608,-0.69554304000755,0.6668099276030262
HgZn3,L12,3,0.4417749122449379,1.108361706342322,0.7195225957775904,0.6084311687455113,0.666586794097384
OsTa,L10,3,-0.5921112774549044,0.07245425514432213,-0.2659249269226791,-0.278117758457455,0.6645655325992266
FeGa3,L12,4,0.3900788612382087,1.0503254029399898,0.7005842889894041,0.6809664458897089,0.6602465417017811
Cu3Nb,L12,5,-0.3839594291630135,0.27619935583882693,-0.09152078206149668,-0.054890667458465714,0.6601587850018404
NiOs,L10,8,-0.3470011997623885,0.31201933304058116,-0.19287595557213422,-0.2807633852089282,0.6590205328029697
AlTa,L10,4,-0.6545292938580758,0.00402918964303467,-0.3711554185829016,-0.4170607850582826,0.6585584835011105
Cd3La,L12,5,-0.001025597058259109,0.6573741080437969,0.21957676540353646,0.08157415054395756,0.658399705102056
PtZn3,L12,4,0.006289775338728987,0.6644965517416779,0.4056118674662059,0.4758305713922084,0.6582067764029489
CrIr3,L12,4,-0.3149695913589028,0.3430510591433915,-0.09581937800700757,-0.2056794899062595,0.6580206505022943
Ag3Co,L12,6,-0.08835427495702675,0.5661343379406674,0.13294910719047456,0.03446940828965239,0.6544886128976941
Cu3Ti,L12,4,-0.3270285881580719,0.3270836912425068,-0.06082237498137033,-0.12167230150495811,0.6541122794005787
FePt,L10,7,0.07909056754672861,0.7330414834441683,0.250766916214969,0.16134527474153515,0.6539509158974397
Hg3Pb,L12,4,0.6891276161450435,1.3424956642420796,1.09006582634359,1.1643200124936186,0.6533680480970361
AgAu,L10,8,0.319611853440648,0.9706148241394033,0.4381097089263051,0.33446321448812455,0.6510029706987552
Au3Hf,L12,5,-0.08531734846016548,0.5620673245403225,0.12979688604121406,0.06298605414215785,0.647384673000488
In3La,L12,5,0.1284522899450451,0.7753713761422034,0.3727164473037476,0.25564455674341957,0.6469190861971583
MnZn,L10,5,-0.1883271305623282,0.4583105899373834,0.17390011739719852,0.3135879333358673,0.6466377204997116
AlV,L10,5,-0.6535091391587855,-0.007959601959527163,-0.39714334469878737,-0.6329325709584452,0.6455495371992583
Cr3W,L12,2,-0.6389513208586948,0.005496699542192118,-0.3167273106582513,-0.3167273106582513,0.6444480204008869
Os3Tc,L12,5,-0.4098113322570214,0.23313353124197533,-0.18389387905751278,-0.27495797245771314,0.6429448634989967
La3Zr,L12,6,-0.7775393071596852,-0.1353486070574661,-0.5945556987083384,-0.6721370321583606,0.6421907001022191
Au3Rh,L12,6,-0.0826730822545585,0.5580612645435679,0.09889503529396393,-0.04944961525595204,0.6407343467981264
IrPd3,L12,5,-0.4272943743589792,0.21107013303938515,-0.14745201285965664,-0.12041377506008644,0.6383645073983644
AuFe,L10,6,-0.1319357552556255,0.5055986689449412,0.19831706451050005,0.26002075954332327,0.6375344242005667
WZn,L10,4,-0.7703786314586694,-0.13319237695301922,-0.3402207691551382,-0.22865603410443214,0.6371862545056501
CuTi,L10,5,-0.7582701098571931,-0.12311804236284729,-0.4932269316186364,-0.6298673446571854,0.6351520674943458
AgAl,L10,7,0.3565099457419194,0.9874717322427671,0.4958806091135841,0.3873128241439474,0.6309617865008477
AgTa,L10,3,-0.7509863026561732,-0.12038561126152558,-0.34931203582434023,-0.17656419355532194,0.6306006913946476
Ga3V,L12,2,0.10865179034684047,0.7375309535428016,0.42309137194482105,0.42309137194482105,0.6288791631959612
LaMo,L10,5,-0.8722224056573111,-0.24352923225794143,-0.6384518558986827,-0.7596272775581099,0.6286931733993697
Os3Pd,L12,6,-0.29171134125769527,0.33622862104405726,-0.0981298285565894,-0.15670457725624942,0.6279399623017525
AlGa3,L12,6,0.3208846659408948,0.9480198515457516,0.6634180512274099,0.7265661945430395,0.6271351856048568
InTa,L10,2,-0.6713051120559328,-0.04578437785582423,-0.3585447449558785,-0.3585447449558785,0.6255207342001086
TcZn,L10,4,-0.41351711465446783,0.20873240304447904,-0.018594422978793546,0.0652035098474073,0.6222495176989469
HgRe3,L12,3,-0.5835288068583111,0.035507726640418014,-0.1950972774590222,-0.037270752159173526,0.6190365334987291
CuTi3,L12,5,-1.0786550386573879,-0.45976245335893395,-0.7653107016381625,-0.6098295617584597,0.6188925852984539
CdHg3,L12,5,0.978912799645542,1.5976516406454095,1.253362272964506,1.3269340180422944,0.6187388409998675
Al3Os,L12,3,-0.2302932070169561,0.3877563696323989,0.10541322755582883,0.15877652005204368,0.618049576649355
Co3W,L12,3,-0.5425541772628719,0.07272215124342551,-0.32941180659354546,-0.51840339376119,0.6152763285062974
IrRe3,L12,4,-0.6276868964586981,-0.01350841125801594,-0.3701422708081452,-0.4196868877579334,0.6141784852006822
Au3Nb,L12,5,-0.09296823726160142,0.5207604437391922,0.045139794579364435,-0.06400716135883044,0.6137286810007936
Cu3Rh,L12,5,-0.3278170380644667,0.28480672474054813,-0.07802750036113934,-0.09061336405918041,0.6126237628050148
HfLa3,L12,6,-0.8007995980578642,-0.1898097427574328,-0.6086023737749523,-0.6774185576586831,0.6109898553004314
GaNi,L10,3,0.084107394236554,0.6935321867358937,0.3575350892045795,0.29496568664129086,0.6094247924993397
In3Ni,L12,2,0.205453431340203,0.8132127510407656,0.5093330911904843,0.5093330911904843,0.6077593197005626
CdMn,L10,3,0.579831324143953,1.1869019237429086,0.9631349136104271,1.12267149294442,0.6070705995989556
IrTc,L10,7,-0.4564697398591022,0.15005363884213807,-0.23700569178680148,-0.2592346907576655,0.6065233787012403
AlCd3,L12,3,0.320634321141398,0.9271149779424661,0.6581879551750092,0.7268145664411634,0.6064806568010681
Cd3Pd,L12,5,0.39241373404095725,0.9973015724399659,0.6548247550812732,0.7181915509400199,0.6048878383990086
NbNi3,L12,2,-0.369979988957283,0.23270644854440548,-0.06863677020643877,-0.06863677020643877,0.6026864375016885
AlIn3,L12,5,0.25520618134126494,0.8576033618419672,0.5090669230007109,0.3320232376400156,0.6023971805007022
TcW,L10,7,-0.559483467556646,0.04249288884332714,-0.32794083044229944,-0.31579015065560156,0.6019763563999732
Ag3V,L12,4,-0.2819521144546968,0.319311711945403,-0.05408487030487663,-0.12684953935510634,0.6012638264000998
AlNb,L10,5,-0.5882064437582528,0.012693430341670364,-0.3654882329379404,-0.5700174023577063,0.6008998740999232
PtW,L10,4,-0.5967384371606101,0.003141282141797319,-0.2062014722596075,-0.11560436700980858,0.5998797193024075
AgW,L10,3,-0.7226739462630292,-0.12329940625838276,-0.3712714412264499,-0.2678409711579377,0.5993745400046464
Co3Ni,L12,2,-0.34278044196159385,0.2551620989407013,-0.043809171510446276,-0.043809171510446276,0.5979425409022951
Ir3Mo,L12,6,-0.3286034469556114,0.26879758734233405,-0.12503206837297398,-0.18100767640586923,0.5974010342979454
PbZr,L10,2,-0.4794373722570242,0.11738065814373044,-0.18102835705664688,-0.18102835705664688,0.5968180304007547
Co3Ru,L12,6,-0.3727363660572962,0.2233038270433383,-0.1705231529233989,-0.3005505511564195,0.5960401931006345
Ga3Sc,L12,5,0.15955340513849592,0.7536585966381892,0.37983244189911713,0.25158829183877174,0.5941051914996933
Hg3In,L12,6,0.8916720144416388,1.4850293010431699,1.1826857011416887,1.1943930135412586,0.5933572866015311
Sn3Zn,L12,6,0.46748994213797346,1.0597586373415027,0.7799722088733366,0.8401509325895233,0.5922686952035292
CdRu,L10,2,-0.27795190505545975,0.3136249408426295,0.01783651789358487,0.01783651789358487,0.5915768458980892
CdRe3,L12,3,-0.6061296299585308,-0.015134971657033702,-0.2305616926571948,-0.07042047635601989,0.5909946583014971
CrGa,L10,3,-0.3052468277591913,0.284275014340011,-0.10805549822692721,-0.3031946812616013,0.5895218420992023
AlCr,L10,3,-0.5565228689583535,0.03192521184158181,-0.17695431405836834,-0.0062652850583333475,0.5884480807999353
AgTc,L10,2,-0.4841148731565852,0.10395007144055057,-0.1900824008580173,-0.1900824008580173,0.5880649445971358
Pd3Ta,L12,4,-0.2494644433563451,0.33761272804352416,-0.035583612406270504,-0.11524136715613054,0.5870771713998693
La3Ti,L12,6,-0.7609894794577201,-0.1745804836600371,-0.5946872203751828,-0.6733697078079501,0.586408995797683
MoPd,L10,6,-0.6042444252588837,-0.018185639960364597,-0.38867663595947494,-0.4223635355092199,0.5860587852985191
AgBi3,L12,3,0.5619426963394574,1.147245957640763,0.8933483263739296,0.9708563251415683,0.5853032613013056
Pb3Tl,L12,7,0.6826507625419538,1.265891536940245,0.8169009237274777,0.7384327389418388,0.5832407743982913
AgFe,L10,7,-0.30707665735732803,0.27343467924313813,-0.07134719892835051,0.019930842042441554,0.5805113366004662
Cu,A1,4,-0.0535604389505977,0.5209366375429738,0.12807258909472807,0.02245707889326809,0.5744970764935715
CuIn3,L12,5,0.2898759334430281,0.864333553437092,0.6415063609989659,0.8355164257382341,0.5744576199940639
Ag3Zr,L12,5,-0.24889205185806418,0.32530706004129684,-0.08456979731760725,-0.1774533254565256,0.574199111899361
Fe,A1,3,-0.9568485850604418,-0.38302948015822835,-0.6613549974926798,-0.6441869272593692,0.5738191049022134
In3Mn,L12,2,0.3228660628419959,0.8965346887426051,0.6097003757923005,0.6097003757923005,0.5736686259006092
AuPb3,L12,3,0.3562046340421432,0.9290838577444731,0.7166229961764637,0.864580496742775,0.5728792237023299
PtTa,L10,4,-0.6402336573582659,-0.06820315675847155,-0.3236234916593901,-0.29302857626041146,0.5720305005997943
Pt3V,L12,5,-0.21010004725664544,0.36174881734135056,-0.058807991118163726,-0.15658110565979655,0.571848864597996
Pb3Pd,L12,3,0.37743169034459356,0.9478655629436901,0.7555761828441044,0.9414312952440298,0.5704338725990965
TaTl,L10,2,-0.6807001144579488,-0.11083414345827691,-0.39576712895811283,-0.39576712895811283,0.5698659709996718
FeZn,L10,4,-0.38484094195789,0.1845448842368853,0.003691360289877821,0.10753074944025798,0.5693858261947753
Ga3Pt,L12,6,0.26034110553976575,0.8291967179402775,0.6776135498909733,0.7433984082900054,0.5688556124005117
Mo3Sc,L12,4,-1.0760185276548953,-0.5072823732579934,-0.7720727441319184,-0.7524950378073925,0.5687361543969018
Re,A1,4,-0.5119850445580312,0.056626617742068674,-0.32125810808244637,-0.4148370027569115,0.5686116623000999
InTl,L10,7,0.6213757601445025,1.1898149022427162,0.7809501374009439,0.7425838354438667,0.5684391420982138
Cu3Zn,L12,6,-0.03363095745496025,0.5345464111533431,0.19836654384656072,0.16823478889367038,0.5681773686083034
In3Tl,L12,7,0.6774235917410181,1.244969520242222,0.8198085767283528,0.7909420021433391,0.5675459285012039
La3Nb,L12,5,-0.7849097824573334,-0.21886714685658148,-0.5884070460769806,-0.6932074188580089,0.566042635600752
Ag3Au,L12,7,0.3406195860452783,0.9065072528401572,0.471465486486291,0.4025973223406538,0.5658876667948789
AlMo,L10,3,-0.5090157383574194,0.05617286794316101,-0.14522429845750176,0.017169975041753105,0.5651886063005804
Cd3Tl,L12,7,0.7074218294447121,1.271315582042945,0.8565856755006435,0.8060908516427219,0.5638937525982328
PbTi,L10,3,-0.3925134637565577,0.1713317165422552,-0.017726946690316936,0.1680009071433517,0.5638451802988129
GaPt,L10,4,0.14131130154513016,0.7051149844419626,0.4677896755429458,0.5123662080923452,0.5638036828968325
Cu3Os,L12,4,-0.5754687950529558,-0.012374921053350363,-0.35691961313111165,-0.4199173682090702,0.5630938739996054
AuPb,L10,6,0.5020889446432477,1.0650541087425438,0.6733592541086466,0.5186255746912423,0.5629651640992961
FeOs3,L12,4,-0.3028444708606628,0.25522903884214543,-0.10962507363453255,-0.19544243125980643,0.5580735097028082
Au3Cr,L12,4,-0.05651518705687408,0.5004514995426064,0.14149235924199388,0.06101656224112162,0.5569666865994805
HgSn3,L12,4,0.6001172747428711,1.1563749687420852,0.8584252816918081,0.838604441641138,0.5562576939992141
AlCu3,L12,5,-0.041301982658268344,0.5140517492482388,0.14742817570461852,0.06077893884597074,0.5553537319065072
AgV,L10,5,-0.6302911619559097,-0.07782102035614002,-0.42446063523727273,-0.6226126535611627,0.5524701415997697
PtTi3,L12,4,-1.0652673099602623,-0.5128333595593801,-0.7918292293097409,-0.7946081238596605,0.5524339504008822
NbW,L10,4,-1.3500004278602944,-0.7975690624579954,-0.965256494434442,-0.856728243709739,0.552431365402299
Ag3Y,L12,5,-0.03262753765645243,0.5194929375439017,0.26628208536224635,0.3122261396429451,0.5521204752003541
OsZn,L10,6,-0.3316856804585484,0.2203402352470505,-0.0940894822224152,-0.17060211120676172,0.5520259157055989
Ga3Rh,L12,3,0.2696450858429955,0.8212078638471496,0.6080011836102415,0.7331506011405793,0.5515627780041541
Ni3Ta,L12,3,-0.4861841628580521,0.0626418302427112,-0.2678721280914355,-0.3800740516589656,0.5488259931007633
AuCu3,L12,7,-0.05074392465664346,0.4926576150401445,0.1896869806128986,0.15905217143975392,0.543401539696788
AgTl,L10,4,0.5993133143429361,1.1411839416405485,0.7945035300918164,0.7187584321918905,0.5418706272976124
Al3Co,L12,3,0.12561223774267205,0.6664515535422026,0.3294578391090586,0.19630972604230124,0.5408393157995306
LaTc3,L12,3,-0.7991037845594917,-0.26051416995957766,-0.53186028475857,-0.5359628997566404,0.5385896145999141
Al3Re,L12,3,-0.08579980629926354,0.4524258560714145,0.1661621431579666,0.1318603797017488,0.538225662370678
Cu3Mn,L12,3,-0.16454764646093167,0.373085760141322,0.033661842373807836,-0.10755258655896682,0.5376334066022537
Cu3Hf,L12,5,-0.30782116075621957,0.22909250474279474,-0.04624030457686672,-0.028647600657649264,0.5369136654990143
SnZr,L10,3,-0.32999231605842283,0.20675100614337794,-0.15083179372380565,-0.32925407125637207,0.5367433222018008
Ag3Ga,L12,7,0.3677878398457608,0.9039371375484109,0.5334136790166691,0.4903824712464768,0.5361492977026501
HfPb,L10,4,-0.5425050606599768,-0.008199062059219386,-0.2801259925090278,-0.2848999236584575,0.5343059986007574
FeRh,L10,4,1.257930846645678,1.7916765628406495,1.4642950429434052,1.4037863811436466,0.5337457161949715
AlRe3,L12,4,-0.5452315053580321,-0.01288608695810467,-0.21574906255679593,-0.15243932895552348,0.5323454183999274
Au3La,L12,5,0.21123272104253488,0.7435706563419728,0.3920895648227372,0.3669158510429327,0.532337935299438
SnTi,L10,4,-0.26790967985922975,0.26429138214101044,-0.00228058608533388,-0.002752023311558105,0.5322010620002402
CuSc,L10,4,-0.7085063392578093,-0.1765346691599632,-0.5688152035354221,-0.6951099028619581,0.5319716700978461
La3V,L12,5,-0.7504468369579342,-0.22056853875525917,-0.576998700656776,-0.6762499647583979,0.5298782982026751
Ag3Pd,L12,7,0.13061736364127796,0.6595137391423407,0.33056396894338036,0.29313544904383093,0.5288963755010627
AuCo,L10,6,-0.07118470805923494,0.45682525664690843,0.18003262459360295,0.1942625456950111,0.5280099647061434
PtZr3,L12,3,-1.0155865339574746,-0.4889393154580546,-0.8201432183913937,-0.955903805758652,0.52664721849942
AgNb,L10,3,-0.65941591425414,-0.1335941530550997,-0.3169395594901611,-0.15780861116124356,0.5258217611990403
PbRu3,L12,3,-0.4525665388564164,0.07252282794163989,-0.2684181698571611,-0.42521079865670686,0.5250893667980563
Ag3Ni,L12,5,-0.0399177395583763,0.48501597814268393,0.17752889152419016,0.07639106224181091,0.5249337177010602
Os3Ru,L12,5,-0.3224339460566341,0.20046885004288129,-0.13034443349803837,-0.18452882945982196,0.5229027960995154
Ni3V,L12,3,-0.3814804720595646,0.14019767563971186,-0.1931147920928519,-0.338061579858703,0.5216781476992765
La3Pb,L12,3,-0.7877530999603266,-0.26649808925773755,-0.5779109713260387,-0.679481724760052,0.5212550107025891
RhY,L10,3,-0.672236965960991,-0.1511861766584559,-0.4430440058594911,-0.5057088749590264,0.5210507893025351
Pd3Ru,L12,8,-0.29293789445998186,0.22773302394219286,-0.1303057934087235,-0.14891763165812222,0.5206709184021747
Al3Fe,L12,4,0.1905376472432465,0.7107482850415465,0.41080019394260603,0.37095742174281554,0.5202106377983
AuSn3,L12,3,0.4230548407404342,0.9429843849402744,0.7326640615401914,0.8319529589398655,0.5199295441998402
Ir3Pd,L12,4,-0.33795014925905775,0.1803256230423642,-0.15482335230805688,-0.230834441507767,0.518275772301422
La3Ru,L12,3,-0.6836850672579828,-0.16558358375820603,-0.49549372149125287,-0.6372125134575697,0.5181014834997768
NbY,L10,5,-0.9171841834567829,-0.4000321052580773,-0.7419017277568571,-0.7960875387570638,0.5171520781987056
Pb3Y,L12,6,0.3865192040402974,0.9031474631420053,0.5517170664737611,0.3901230117399166,0.516628259101708
Ag3La,L12,8,0.0406928558377615,0.5569378425362004,0.2807698308634201,0.27320052524103744,0.5162449866984389
Co3Tc,L12,4,-0.44098088415827874,0.07429932303878672,-0.2944679225101652,-0.40559506446058435,0.5152802071970655
RhZn3,L12,2,-0.04668167326505568,0.4682431532355906,0.21078073998526747,0.21078073998526747,0.5149248265006463
GaHg,L10,3,0.5618039183473513,1.0766954108412676,0.7699391222107485,0.6713180374436263,0.5148914924939163
Ga3Hg,L12,4,0.5644650556432964,1.0781101307448182,0.7176429014698726,0.613998209745688,0.5136450751015218
AuRu3,L12,3,-0.3908508482554396,0.12002710124309601,-0.21878587562269067,-0.3855338798557284,0.5108779494985356
Al3Ir,L12,3,-0.018446325007033693,0.49238237186276024,0.2576938460627976,0.2991454913326663,0.5108286968697939
Au3V,L12,4,-0.011167960160463508,0.4973151154418076,0.16732878586574884,0.09158399409082563,0.5084830756022711
GaTa,L10,3,-0.5493334853590284,-0.04134239155879982,-0.21083974335879438,-0.04184335315855492,0.5079910938002286
Ru,A1,4,-0.4111656428567301,0.09580311924312923,-0.24035335763161925,-0.32302545345643807,0.5069687620998593
Ag,A1,4,0.33815532304382145,0.8448673457469624,0.5001463238941426,0.40878131339289325,0.506712022703141
CrGa3,L12,3,0.594557716839546,1.0999459056411354,0.8012181090729106,0.7091507047380503,0.5053881888015894
LaY,L10,5,-0.8467770406577699,-0.3417181095582862,-0.7056143949581098,-0.7873982635582877,0.5050589310994837
Au3Sc,L12,6,0.18568490514101654,0.6887877458403011,0.43993088742448094,0.4513488294406045,0.5031028406992846
Cu3W,L12,3,-0.5425994841561703,-0.04196811735798178,-0.31612185739168314,-0.36379797066089736,0.5006313667981885
LaRh3,L12,4,-0.7599132691566126,-0.25932081465631995,-0.5231323920561124,-0.5366477422057585,0.5005924545002927
Cd3Cu,L12,9,0.4914009933427508,0.991366361541651,0.7032546932861281,0.7542892204410521,0.49996536819890025
NiRh3,L12,5,-0.34607941406190434,0.15388472953875976,-0.09852654332113957,-0.1425491473628142,0.4999641436006641
AgPd3,L12,7,-0.29106493476044193,0.20638582943595907,-0.07491706030445146,-0.1099342628576494,0.497450764196401
NiPt3,L12,4,-0.24806523395724867,0.24862619653961815,-0.1071961514853399,-0.21467278426186454,0.4966914304968668
AlTi3,L12,3,-1.0808609295590657,-0.5873573125581686,-0.9108532282585978,-1.0643414426585593,0.49350361700089707
Rh3Tl,L12,3,-0.4318929621576615,0.061108332644863594,-0.2506290451895457,-0.3811025060558393,0.4930012948025251
CrCu3,L12,3,-0.41801597265927626,0.07279031584133122,-0.22147508589020504,-0.3191996008526701,0.4908062885006075
Nb3Pt,L12,5,-1.002887797457305,-0.5135018071586899,-0.724408916798501,-0.6753617851599927,0.48938599029861507
LaZn3,L12,5,-0.014136994162043948,0.47512708913657775,0.2081927741188622,0.16165167484089693,0.4892640832986217
PtTa3,L12,3,-1.0345770866578903,-0.5459301575565121,-0.8550790978239414,-0.984730049257422,0.4886469291013782
Cu3Pt,L12,7,-0.15805868375807108,0.33028647113772536,-0.012287533645677837,-0.11269934775825163,0.48834515489579644
PtV,L10,5,-0.5279507798577185,-0.04028495715735403,-0.26285258017721275,-0.20057905605696646,0.4876658227003645
AlAu,L10,3,0.2635778996418878,0.7493042309424993,0.46629772070843006,0.3860110315409031,0.4857263313006115
IrLa3,L12,3,-0.6590037978594125,-0.17356114515766308,-0.4966455340257217,-0.6573716590600895,0.48544265270174947
CuIn,L10,4,0.5264374187400165,1.011840070642421,0.7177101815896378,0.6662816184880569,0.4854026519024046
OsSn,L10,4,-0.47190580555886186,0.012724995439413078,-0.2308498499341738,-0.2321092948086232,0.48463080099827494
CuW,L10,3,-0.7465658133578188,-0.2627135300562884,-0.43033452085756113,-0.28172421915857626,0.4838522833015304
CoPd3,L12,7,-0.20431232195457483,0.27885695564421553,-0.06790664984156283,-0.10898608225303974,0.48316927759879036
Cu3Fe,L12,4,-0.23066668325824935,0.251688293640683,-0.06697813425759591,-0.14446707370640866,0.48235497689893236
Cu3V,L12,4,-0.38200265855900284,0.10020333604282428,-0.16188290358238078,-0.18286614590667227,0.4822059946018271
La3W,L12,5,-0.7925120989593495,-0.3138239920581043,-0.602880291399714,-0.6664144100604688,0.4786881069012452
PdPt,L10,7,-0.306656241459649,0.171278246140929,-0.1792169146866505,-0.2558350363605939,0.477934487600578
Ir3Ni,L12,5,-0.2619860336626232,0.21488965893607315,-0.11162596746195845,-0.16884078646305056,0.47687569259869633
Pd3Pt,L12,8,-0.3042111625536279,0.17250330264599256,-0.1814528206923285,-0.2434669182539153,0.47671446519962046
Pd3Rh,L12,8,-0.3009608988604384,0.17531097323902145,-0.12997983499778343,-0.14337004675959975,0.47627187209945987
AuCd,L10,3,0.5153372149443669,0.9914009199428904,0.7067979631098732,0.6136557544423624,0.47606370499852346
CoCu3,L12,5,-0.2800658213591021,0.19551528973627796,-0.05129079186205558,-0.06977148486382134,0.47558111109538004
PtTi,L10,3,-0.4675625965601,0.007820687741542542,-0.1680505678926257,-0.04440979485931962,0.47538328430164256
AuNi3,L12,3,-0.374049859455198,0.0995648209436979,-0.18442510875469034,-0.278790287752571,0.47361468039889587
In3Pd,L12,8,0.530727429443715,1.0022426155456117,0.7748852617437763,0.8578522779435218,0.4715151861018967
Ag3Zn,L12,5,0.39508235444466777,0.8660300471465519,0.5778574374848461,0.5175150780424076,0.4709476927018841
PdTi,L10,3,-0.6002902030586199,-0.1303602161560491,-0.3048564351911125,-0.1839188863586685,0.4699299869025708
Cu3Tc,L12,4,-0.47858837715372715,-0.008866421251667589,-0.21745844757876398,-0.1911894959548306,0.46972195590205956
RuSc3,L12,3,-1.1367449485578334,-0.6678717157583094,-0.9776795796912078,-1.1284220747574807,0.468873232799524
GaMo,L10,3,-0.3720148561614849,0.09562420434033925,-0.2156134363943257,-0.37044965736183144,0.46763906050182413
CrLa3,L12,5,-0.7116176887566041,-0.2443333286564382,-0.5709556509171023,-0.6802182008568423,0.46728436010016594
NbPt,L10,4,-0.5907364221556861,-0.12425629445621666,-0.3345298483072554,-0.3115633383085594,0.46648012769946945
Pd3V,L12,5,-0.2213671927592884,0.24233859824110482,-0.08098907847940495,-0.1471914093590101,0.4637057910003932
InMn,L10,2,0.3467976586407815,0.8103090242412065,0.578553341440994,0.578553341440994,0.46351136560042505
HfSn,L10,2,-0.36996719955911317,0.09133011184260909,-0.13931854385825204,-0.13931854385825204,0.46129731140172225
PdTi3,L12,3,-1.0612775767576466,-0.6000608110580004,-0.9046231818577345,-1.0525311577575565,0.4612167656996462
PtV3,L12,3,-0.9926591743560209,-0.5325816131580439,-0.8327627244231147,-0.9730473857552795,0.46007756119797705
Ag3Sn,L12,4,0.37344386204588886,0.8331199192407723,0.6149982281431505,0.6267145656429705,0.45967605719488347
NiOs3,L12,4,-0.17354481835988622,0.28558646694094136,-0.04143528440815203,-0.13889139310683163,0.4591312853008276
Re3Sc,L12,4,-0.7149197902571984,-0.25892162376018746,-0.5081965397339161,-0.5294723724591393,0.45599816649701097
Pt3Re,L12,6,-0.3615346638534618,0.09325014714798385,-0.09702384455307349,-0.09697157600291462,0.45478481100144563
AgCd,L10,9,0.5179861071456173,0.9714605539420802,0.6646310968977439,0.6224704741407834,0.45347444679646287
CuZn3,L12,7,0.40883294703328943,0.8622815429344257,0.5519727563368073,0.5298600666365303,0.4534485959011363
Ag3Bi,L12,4,0.43802531964414015,0.8907347183422019,0.6259638715937683,0.5875477241943656,0.4527093986980617
Co3Rh,L12,7,-0.28555939155828014,0.1665887723438857,-0.1539546239427807,-0.1972821248554908,0.45214816390216583
Ga3Hf,L12,5,0.17819959774445238,0.6293352260409222,0.29701647268323655,0.22001437884412667,0.4511356282964698
ReRh,L10,6,-0.5128989389586138,-0.06318646605629397,-0.3751627144413779,-0.41427291080887585,0.44971247290231986
CoIr3,L12,4,-0.21329466375661355,0.23581589343760356,-0.09382250463474406,-0.19890562410998314,0.4491105571942171
TaW3,L12,2,-1.2757767524553572,-0.8267302780577381,-1.0512535152565476,-1.0512535152565476,0.449046474397619
CoRe,L10,6,-0.5378762682584863,-0.08945456726266343,-0.3854304086104416,-0.44954117730864596,0.4484217009958229
CdZn3,L12,7,0.5215459004475917,0.9694534422460777,0.6551231435440863,0.615551707743208,0.4479075417984859
LaSn3,L12,5,0.4416808969445185,0.8894008163415776,0.6053619152235399,0.5580369104436897,0.44771991939705913
PtY,L10,3,-0.40125512075880465,0.046047375942208646,-0.22282545082419838,-0.3132686076559992,0.4473024967010133
HgMn,L10,2,1.6984137623412892,2.143894048739668,1.9211539055404785,1.9211539055404785,0.44548028639837867
MnZr3,L12,3,-0.9771543998567438,-0.5325382109576537,-0.8137592916236542,-0.9315852640565652,0.44461618889909005
AlCu,L10,8,0.33161520294473235,0.7752840275434494,0.4502848133325017,0.4119829367928389,0.44366882459871704
Pt3W,L12,6,-0.2932981730582185,0.15000615504052917,-0.036892219142496664,-0.03524874230876662,0.44330432809874765
W3Y,L12,4,-0.7973097380590559,-0.3540930305561858,-0.5886134920828852,-0.6015255998581495,0.4432167075028701
La3Mo,L12,3,-0.6923620972583819,-0.24916838345868086,-0.4870640429583564,-0.5196616481580065,0.4431937137997011
AlW3,L12,3,-0.925317393956874,-0.4822370155552278,-0.6903370714222868,-0.6634568047547589,0.44308037840164616
Au3Sn,L12,4,0.36799083674216604,0.8101552800408456,0.5436087884427536,0.49814451849400143,0.44216444329867954
GaTl3,L12,4,0.49861704414891506,0.9399350772446553,0.6964206411712723,0.6735652216457595,0.44131803309574025
CrPt,L10,5,-0.43206316935808786,0.008668322440854581,-0.20940063301874828,-0.14982397475884568,0.44073149179894244
PdTa,L10,4,-0.6868651255562952,-0.24676888365772243,-0.4795698577572409,-0.49232271090747304,0.44009624189857277
La3Tc,L12,3,-0.674320949757174,-0.23535057885871424,-0.4947670415243029,-0.5746295959570205,0.4389703708984598
Re3Zr,L12,5,-0.7998625740574141,-0.36178636915698803,-0.6239328683577412,-0.6926182924571265,0.4380762049004261
Cu3Zr,L12,4,-0.28575300065764964,0.15179625584372047,-0.05004687113157047,-0.03311536985617636,0.4375492565013701
InW,L10,2,-0.5536571020556664,-0.11664989635661982,-0.3351534992061431,-0.3351534992061431,0.4370072056990466
Au3Y,L12,8,0.21489673394265196,0.6500688039423324,0.4187903236920931,0.40230269109181904,0.4351720699996804
CdRh3,L12,3,-0.42713464355890096,0.007758373642928973,-0.27526092595778096,-0.4064065079573709,0.43489301720182993
ScW3,L12,5,-0.9024424162589355,-0.46812179045716107,-0.7452998037389704,-0.8420546410588656,0.43432062580177444
ScV,L10,6,-0.9152101335593841,-0.4809995778586824,-0.8056012734429127,-0.858112486809631,0.43421055570070166
ReZn,L10,4,-0.6297775470584099,-0.1956902588562741,-0.4138597059581741,-0.4149855089590062,0.4340872882021358
Al3Ru,L12,3,0.0368318325827488,0.46991855814215455,0.24138633582912425,0.21740861676246936,0.43308672555940575
PdSn3,L12,3,0.5187282976449126,0.9514059000439659,0.7897793503443893,0.8992038533442894,0.4326776023990533
Ru3Tl,L12,3,-0.44957927315678603,-0.017632568556081196,-0.2819302999902315,-0.37857905825782723,0.43194670460070483
CuV3,L12,4,-1.039755685159406,-0.6083620519557087,-0.8370730530322987,-0.8500872375070401,0.4313936332036974
GaMn,L10,3,-0.1297021087584369,0.301322674139584,0.014096449241786027,-0.12933121765578903,0.43102478289802093
Al3Au,L12,3,0.3352901004118678,0.7662993728718277,0.5134099233952819,0.43864029690215034,0.4310092724599599
LaSc3,L12,5,-0.905740980158015,-0.4748140221572328,-0.7622095018775952,-0.8441780813581943,0.4309269580007822
CoZn,L10,4,-0.28614157915487226,0.1396720877465043,0.02187887101993624,0.11699248774405646,0.42581366690137656
TaTi,L10,5,-1.010037860759411,-0.5848880155562881,-0.8823080874773666,-0.9210037093571088,0.4251498452031228
HgRh3,L12,3,-0.4347795456587562,-0.010882376557646012,-0.26975474765789426,-0.3636023207572805,0.4238971691011102
Pd,A1,4,-0.2897280394563211,0.1325020241429513,-0.14331950158154427,-0.20802599550640366,0.4222300635992724
AlRe,L10,5,-0.30334298335671406,0.11851251564351628,-0.08774612775720811,-0.07184784955731516,0.42185549900023034
Al3Zn,L12,5,0.37413897684112385,0.7957898461400248,0.47243395124044696,0.39562794274118573,0.42165086929890094
Sn,A1,4,0.45765207444222256,0.8758254650429365,0.7233058285173968,0.779872887292214,0.4181733906007139
Cu3Ta,L12,5,-0.4375084393604709,-0.019733151361805312,-0.29691116460068656,-0.34111782645683775,0.4177752879986656
Al3Cu,L12,6,0.34586730134199684,0.7635835406408944,0.586479768074876,0.5993618185921434,0.41771623929889756
BiCu3,L12,3,0.10025476544345224,0.517810185542686,0.2480013778413479,0.12593918253790548,0.41755542009923374
CuFe3,L12,3,0.3254214839480767,0.7411463941471368,0.4927874133461027,0.4117943619430946,0.4157249101990601
IrTi3,L12,4,-1.058097790558321,-0.6433602453607534,-0.8603916783594912,-0.870054338759445,0.41473754519756767
Au3Ti,L12,6,0.08245906464165387,0.4961621691445828,0.23526683572620755,0.16613944434269,0.4137031045029289
AgPb,L10,7,0.6026781380433306,1.0155055801451738,0.7238522963441442,0.6848484899465177,0.4128274421018432
Al3Pd,L12,5,0.3953969180611523,0.8068531785311563,0.6108710775394058,0.620788538502012,0.41145626047000405
BiV,L10,2,-0.4717083869572605,-0.06108806015888035,-0.2663982235580704,-0.2663982235580704,0.4106203267983801
In3Zn,L12,7,0.5155840222442123,0.9254297769448669,0.7029270725282158,0.7789726667406569,0.40984575470065465
Cu3Mo,L12,4,-0.4550276725558149,-0.04525375585851066,-0.22210533563244894,-0.1940699570577351,0.40977391669730423
Au3Cu,L12,7,0.28385745554354,0.6932095957427293,0.42437585618650686,0.36809043034466526,0.4093521401991893
Tl3Zn,L12,3,0.5056718674468641,0.9145082159457445,0.7397198373131365,0.7989794285468008,0.4088363484988804
Au3Co,L12,7,0.14510810584127398,0.5521652379402724,0.3267789237407044,0.31795522433915835,0.4070571320989984
NiZn3,L12,2,0.10430966984952761,0.5105950871448215,0.30745237849717455,0.30745237849717455,0.4062854172952939
AlV3,L12,3,-1.0439829736596664,-0.6377424551601223,-0.8856639223258469,-0.975266338157752,0.4062405184995441
Ag3Sc,L12,4,-0.09236754596255992,0.3127094137389861,0.13192854419051514,0.1536861544928172,0.405076959701546
CoRh,L10,7,-0.32717185615817357,0.07772224304156339,-0.22578276467340938,-0.2857037480561928,0.40489409919973696
CuRe,L10,5,-0.6352791446615527,-0.23125240835994987,-0.42872757076017365,-0.32553509146143256,0.4040267363016028
PtRe,L10,4,-0.407946808357309,-0.005126216557044927,-0.16599345530900678,-0.12545039816083658,0.4028205918002641
IrPd,L10,6,-0.36158010675623586,0.04104878074306839,-0.24457768689077852,-0.3183415579578366,0.40262888749930426
Cu3Pd,L12,5,-0.05512795075534882,0.3466459551428045,0.09685143772315427,-0.008572130157489255,0.4017739058981533
ScZr,L10,7,-0.9718579761583612,-0.5720027449578708,-0.831392890415734,-0.9330730465580643,0.3998552312004904
Sc3Tc,L12,3,-1.1049913043561617,-0.7052144419567128,-0.9671400663904043,-1.0912144528583383,0.3997768623994489
MoPt,L10,4,-0.47026114945671793,-0.07242595535623764,-0.27414431808117,-0.27694508375586224,0.3978351941004803
Re3Rh,L12,4,-0.6814451621566775,-0.2843112054569872,-0.5299979263326975,-0.5771176688585626,0.3971339566996903
PbW3,L12,2,-0.7618633730589579,-0.36629203005847444,-0.5640777015587162,-0.5640777015587162,0.39557134300048347
AgIr,L10,5,-0.31564797116058685,0.079700782743231,-0.18186761062003712,-0.22532644915824562,0.39534875390381785
RhW,L10,6,-0.6240996196601998,-0.22940285055935306,-0.4921935021759983,-0.5190476232591834,0.3946967691008467
CdTl,L10,7,0.7361237169434673,1.1302327201420042,0.8111400599709953,0.7632885693429046,0.3941090031985368
PdTa3,L12,4,-1.0053599517586633,-0.6113732636576685,-0.862805804309545,-0.9172450009109241,0.3939866881009948
BiHg,L10,3,0.46308645993943287,0.8570456645402658,0.6934125474069314,0.7601055177410956,0.3939592046008329
AlLa,L10,3,-0.6369331886080261,-0.2445087060668527,-0.48035829626402915,-0.5596329941172087,0.39242448254117335
Rh3Y,L12,4,-0.7391056764563189,-0.34693616455749066,-0.5398752845066781,-0.5367296485064514,0.3921695118988282
Nb3Ta,L12,2,-1.139370438958366,-0.7475459674596721,-0.9434582032090191,-0.9434582032090191,0.39182447149869404
LaMn,L10,4,-0.3887037339581809,0.0021800400400309172,-0.24518225583321396,-0.2971026647073529,0.39088377399821184
SnV,L10,2,-0.12926591035918022,0.2612574488421444,0.0659957692414821,0.0659957692414821,0.39052335920132464
AuNi,L10,5,-0.17596254975703118,0.21356051894056804,0.023121050321270785,0.11297976104199847,0.38952306869759923
Hg3Rh,L12,2,0.043459845340322545,0.4328988309398767,0.23817933814009962,0.23817933814009962,0.38943898559955414
La3Os,L12,3,-0.6581620136593926,-0.27170117805778204,-0.513825305192133,-0.6116127238592242,0.3864608356016106
PdW,L10,3,-0.6570209042574504,-0.2706155798577754,-0.4014041938574356,-0.276576097457081,0.386405324399675
RhTc,L10,5,-0.5373319044583411,-0.15112984905769622,-0.3714724516377544,-0.3532062115582164,0.3862020554006449
Mn3Ni,L12,3,-0.6458247804611972,-0.26101485946034586,-0.49090443095971636,-0.565873652957606,0.3848099210008513
InZn,L10,7,0.5212371872412689,0.9057280547431503,0.6560084075566165,0.5787806925445977,0.38449086750188144
MoSc,L10,5,-0.8803568407556384,-0.4959899211562231,-0.7281419377764621,-0.7486121094579801,0.38436691959941527
HgIn3,L12,4,0.6789447081401079,1.0633112196419745,0.8277217589157146,0.7843155539403881,0.3843665115018666
PtTc,L10,7,-0.317942435055528,0.06633495914232412,-0.13485501197137392,-0.09433479295600478,0.3842773941978521
TlW3,L12,2,-0.9351109070584869,-0.5523286423549223,-0.7437197747067046,-0.7437197747067046,0.3827822647035646
InW3,L12,2,-0.9655457514554371,-0.5836743877580091,-0.7746100696067231,-0.7746100696067231,0.381871363697428
LaPt,L10,2,-0.2077416366582554,0.17392686614132913,-0.016907385258463137,-0.016907385258463137,0.38166850279958453
Hf3Tc,L12,4,-1.1359518727576585,-0.7548821564587058,-1.0063603782327561,-1.0673037418573301,0.3810697162989527
AgRe3,L12,2,-0.6690813977611185,-0.2897540263574854,-0.47941771205930195,-0.47941771205930195,0.37932737140363315
Re3Sn,L12,3,-0.5122298110572672,-0.13418368765539412,-0.3032378113569412,-0.26329993535816243,0.37804612340187305
Ru3Y,L12,4,-0.7423026057576578,-0.36537024435799026,-0.5521149989080811,-0.5503935727583382,0.37693236139966757
Ag3Tl,L12,2,0.7931348314459967,1.1697108598464467,0.9814228456462217,0.9814228456462217,0.37657602840045
OsRh,L10,7,-0.32514474415708605,0.05047670884326294,-0.18764461075739242,-0.22071167065857367,0.375621453000349
Pb3Zn,L12,2,0.42248095264315566,0.7975173608438411,0.6099991567434984,0.6099991567434984,0.3750364082006854
AuIn3,L12,5,0.5299479594441721,0.9047038183425968,0.7363509047829495,0.8519851635437874,0.3747558588984248
AlGa,L10,3,0.2968157887380869,0.6706584335416039,0.4284797929391952,0.3179651565378947,0.37384264480351703
PdRu3,L12,4,-0.41565320825517915,-0.04187831975556833,-0.2672349395806748,-0.30570411515597584,0.3737748884996108
LaW3,L12,3,-0.6718834900557056,-0.29823404605755854,-0.44917831348990944,-0.3774174043564642,0.37364944399814704
HgIn,L10,4,0.7328914126419761,1.1061605775403507,0.8883137214661758,0.8571014478411882,0.3732691648983746
Al3Nb,L12,5,0.03578296979142692,0.40801919058142744,0.13666446790360282,0.05962708096197389,0.3722362207900005
Ni3Rh,L12,5,-0.323434508557483,0.04841721534560861,-0.19974336725624084,-0.2156928028552727,0.3718517239030916
HfRh,L10,3,-0.4928969390557256,-0.12128168205796896,-0.34725208865617674,-0.4275776448548356,0.37161525699775666
LaRu3,L12,3,-0.6323063009612895,-0.2613892880608262,-0.44158524892703593,-0.4310601577589921,0.3709170129004633
AgNi,L10,4,-0.291363443763629,0.0790996833393649,-0.11958165091252226,-0.13303142161291248,0.3704631271029939
TiZr3,L12,5,-1.0206670353572633,-0.6504028235603698,-0.881279279398376,-0.9042564630571803,0.3702642117968935
TiV,L10,5,-0.9599188454585317,-0.591616166259854,-0.8545348973389707,-0.9002350287582601,0.36830267919867765
In3Sn,L12,6,0.5244443209421945,0.8899454521424843,0.8191849921916988,0.8797601630913334,0.3655011312002898
AgLa3,L12,3,-0.7339733372600392,-0.36869642785947576,-0.599582072060277,-0.696076451061316,0.36527690940056345
GaRe3,L12,3,-0.5275522691581216,-0.1624243421528888,-0.3060377720554565,-0.22813670485535908,0.3651279270052328
AgSn3,L12,7,0.6960582195397649,1.0575791415404012,0.8834898817408064,0.9018985967423134,0.36152092200063635
InSn,L10,6,0.5754111068427221,0.9355091456427829,0.8268359489433029,0.8517185598930439,0.36009803880006075
AlZn3,L12,4,0.45813153903966963,0.8177235821431452,0.5685941109668704,0.4992606613423334,0.3595920431034756
CrPd,L10,4,-0.5999023047579328,-0.24071652755716855,-0.41248257180720316,-0.40465572745685563,0.3591857772007643
HfRe3,L12,4,-0.7863235499598602,-0.42771791955871663,-0.6445778187334952,-0.6821349027077019,0.35860563040114357
Hg3Tl,L12,8,1.1242690733425036,1.482751572243643,1.2417543251931704,1.187106213193175,0.3584824989011395
Os3Pt,L12,5,-0.2725388804601323,0.08519285633613549,-0.11054208364127475,-0.13773776656213954,0.3577317367962678
IrTa3,L12,3,-1.11518346435966,-0.7587331115600762,-0.9747300924260666,-1.0502737013584635,0.3564503527995839
IrTc3,L12,5,-0.6508402466597261,-0.29446717415973467,-0.4860251395197054,-0.45230884716053765,0.3563730724999914
SnW3,L12,2,-0.7992616106557477,-0.4455704921556105,-0.6224160514056791,-0.6224160514056791,0.35369111850013724
IrRe,L10,6,-0.38765623175910946,-0.035166087657643175,-0.2677681125917862,-0.3045208280591112,0.3524901441014663
AuIn,L10,4,0.5106184889419012,0.8610811127410045,0.7266587812173668,0.7674677615932808,0.3504626237991033
Ir3W,L12,6,-0.2957284218600478,0.05411269393974294,-0.15192712000889705,-0.18543830205905465,0.3498411157997907
MoTl3,L12,3,0.9584482062428208,1.3066563669426898,1.1740791033089693,1.2571327367413971,0.34820816069986904
LaPb3,L12,5,0.46716245314112825,0.814488148641459,0.6118044008015489,0.59631366744091,0.34732569550033077
Al3Tc,L12,2,0.1655575969225822,0.5124284541325608,0.3389930255275715,0.3389930255275715,0.34687085720997857
IrSn,L10,2,-0.17633997165737014,0.17051945674487,-0.002910257456250065,-0.002910257456250065,0.34685942840224016
IrMo,L10,6,-0.6051530134563734,-0.25839018545863723,-0.42734954549175086,-0.40095191805900754,0.34676282799773617
PtRu3,L12,5,-0.40231364365806144,-0.05572796175962935,-0.2234879664783591,-0.178751308557338,0.3465856818984321
Tc3Zn,L12,3,-0.596463874257978,-0.2517681590533982,-0.44316450692134407,-0.48126148745265596,0.34469571520457976
CoCr,L10,2,-0.8218424332580696,-0.47742236935934557,-0.6496324013087076,-0.6496324013087076,0.34442006389872404
CrPd3,L12,5,-0.22574536846056503,0.11866694023868263,-0.11938425952081957,-0.15883107886017456,0.34441230869924766
IrW,L10,5,-0.5593578870602585,-0.21520014086033257,-0.4085562072386608,-0.36435090595747965,0.3441577461999259
AuRh,L10,5,-0.24239900745939735,0.10087164754170885,-0.08971615031820761,-0.04625962465703992,0.3432706550011062
IrSc,L10,2,-0.7752222577573491,-0.4325411373601753,-0.6038816975587622,-0.6038816975587622,0.3426811203971738
Au3Pd,L12,8,0.1715285908403814,0.5126481860397973,0.3242320743029552,0.3193780396404975,0.3411195951994159
ReSc3,L12,4,-1.0850823674581704,-0.7441318910595953,-0.9282357467836562,-0.9418643643084295,0.3409504763985751
Au3In,L12,4,0.35155842624320144,0.6922724357437176,0.49313748774332566,0.46435954449319183,0.3407140095005161
CuMo,L10,5,-0.6376167385596716,-0.29705239165829767,-0.48141520453697806,-0.5226981664590937,0.34056434690137394
Co,A1,3,-0.4487178968547312,-0.1082936886586765,-0.2676384730890599,-0.245903833753772,0.3404242081960547
BiTl,L10,3,0.4887998571403216,0.8287837852413134,0.6048545952408233,0.49698014334083496,0.33998392810099176
AlTc3,L12,3,-0.5548239262561481,-0.21543307025692116,-0.4088054634900213,-0.45615939395699456,0.3393908559992269
La3Re,L12,3,-0.6596744223597568,-0.32209244315797037,-0.5072708537593845,-0.5400456957604263,0.33758197920178645
La3Ta,L12,4,-0.8123674293592273,-0.4770272600571559,-0.6889222381587103,-0.7331471316092291,0.33534016930207144
CuOs,L10,4,-0.33469417115608735,0.00024027644488455735,-0.21293509930634968,-0.258643251257098,0.3349344476009719
LaV3,L12,3,-0.6446462553567187,-0.30999725515627574,-0.5121743451566564,-0.5818795249569746,0.33464900020044297
AgGa,L10,9,0.5760452682452808,0.910288002444787,0.6905821401986114,0.6958733182409844,0.33424273419950623
CdNi,L10,2,-0.3147166614571404,0.01941124074167533,-0.14765271035773253,-0.14765271035773253,0.3341279021988157
IrNb,L10,5,-0.7355022089568308,-0.4013771639574486,-0.5650592162169857,-0.47737053165744214,0.3341250449993822
NiTi3,L12,3,-1.049743079357512,-0.7162394063588806,-0.9325823799241656,-1.0317646540561043,0.3335036729986314
NbPt3,L12,5,-0.13232106845950398,0.20065633644210834,-0.04477859071900525,-0.11028039175923254,0.3329774049016123
Cu3Ni,L12,4,-0.19024172356054692,0.14206573704089465,-0.054740732809449355,-0.08539347235907258,0.33230746060144156
MnTa,L10,3,-0.8384575682566435,-0.5069669933572811,-0.659330153057122,-0.6325658975574413,0.3314905748993624
BiOs,L10,2,-0.4789867517601749,-0.1476354991600317,-0.3133111254601033,-0.3133111254601033,0.3313512526001432
BiTi,L10,2,-0.14647615815826498,0.1836583373415408,0.01859108959163791,0.01859108959163791,0.3301344954998058
PdV,L10,5,-0.5959200548595334,-0.26668203826099557,-0.45055447481915395,-0.546334790858026,0.3292380165985378
HgPb3,L12,4,0.7374540815408466,1.0661191623412662,0.8658448737151332,0.82990312548921,0.3286650808004197
MoPd3,L12,5,-0.27561363076071643,0.05273321293955746,-0.11012525964012525,-0.06979978475916937,0.3283468437002739
NiTl,L10,2,-0.17920968426093964,0.14895906094264433,-0.015125311659147656,-0.015125311659147656,0.32816874520358397
NiZn,L10,2,-0.3478827125718169,-0.020800653967825156,-0.18434168326982103,-0.18434168326982103,0.32708205860399175
AuRe3,L12,2,-0.6697868529581399,-0.3433516089562261,-0.506569230957183,-0.506569230957183,0.3264352440019138
AlZn,L10,5,0.4380779736393663,0.7641285847430765,0.5133183480206128,0.45892189374083614,0.32605061110371025
FeGa,L10,4,-0.07479865195543312,0.25007166534581415,0.08521908134483169,0.08280165599447287,0.32487031730124727
FeNb,L10,2,-0.47461565125829,-0.15002220975927116,-0.31231893050878057,-0.31231893050878057,0.3245934414990188
OsV,L10,2,-0.6761930929560265,-0.3519463245565646,-0.5140697087562955,-0.5140697087562955,0.32424676839946187
OsRh3,L12,8,-0.3162123352585411,0.007907220039697904,-0.20443470510960537,-0.23616175010917573,0.324119555298239
AgTl3,L12,6,0.6428769712411224,0.9664841360400089,0.779585036274843,0.7559923809413078,0.3236071647988865
NiTa,L10,4,-0.7533702920618168,-0.4311873709584404,-0.5817177532853464,-0.5711566750605641,0.32218292110337643
Au3Fe,L12,5,0.21868292594174932,0.5406062503434725,0.33510250516285967,0.2437946793443473,0.3219233244017232
Ta3Y,L12,4,-0.8906755335546848,-0.5688791502570609,-0.7623020885812082,-0.7948268352565435,0.32179638329762383
Sc3Zr,L12,3,-0.9531988581574922,-0.6314386659568925,-0.7768383418239276,-0.7458775013573984,0.3217601922005997
CuFe,L10,4,-0.4068556317569971,-0.08763643865583504,-0.2533803314790646,-0.2595146277517131,0.3192191931011621
BiMo,L10,2,-0.620225126755912,-0.3012251212557828,-0.4607251240058474,-0.4607251240058474,0.3190000055001292
Al3Pb,L12,5,0.1938590688223769,0.5121949804525059,0.38197419546634703,0.4408445550425597,0.318335911630129
Cd3Zn,L12,5,0.5908048588471786,0.9085125956417244,0.7154273097456383,0.7004200682431758,0.3177077367945458
CuIr,L10,3,-0.38168523775581775,-0.06549616825120097,-0.23637603975321517,-0.26194671325262675,0.3161890695046168
InRh3,L12,3,-0.4134156161553335,-0.0973311744555474,-0.299573707788691,-0.3879743327551921,0.3160844416997861
Ir3Tc,L12,6,-0.23675386985902946,0.0789811777404168,-0.09517260872565696,-0.10982385276017226,0.31573504759944626
Al3Cr,L12,6,0.0508349467718574,0.36508411672187435,0.17915893503522776,0.11895136723708788,0.31424916995001695
InTc3,L12,2,-0.5714972935556659,-0.25780772575578226,-0.4146525096557241,-0.4146525096557241,0.31368956779988366
Ag3Hg,L12,3,0.8014798826416438,1.1150120325410455,0.9481221663066796,0.9278745837373492,0.3135321498994017
Ir3Rh,L12,8,-0.31745439885614246,-0.0042694661560460645,-0.1679195620199323,-0.17286283300833816,0.3131849327000964
AgPd,L10,4,-0.19923590226150623,0.1137103866431346,-0.05684801635922554,-0.07093327490926526,0.3129462889046408
CuGa3,L12,3,0.5065819522360755,0.8161895403400479,0.6899214175049243,0.7469927599386494,0.3096075881039724
Ir3Os,L12,8,-0.3043910297592163,0.00492444414069837,-0.12593271986995092,-0.12818534625782263,0.30931547389991465
HgTl,L10,6,0.8336789771429096,1.1428049237447624,1.0258662238432994,1.0928777487434047,0.3091259466018528
AuSn,L10,5,0.5387188687427908,0.846738128341741,0.6250225754027554,0.5761199634444267,0.30801925959895016
GaZn3,L12,5,0.4639421219553981,0.7712925257447125,0.6199097196886498,0.571421918045445,0.30735040378931444
Co3Re,L12,5,-0.466742853553086,-0.15947122675331116,-0.36716973327472147,-0.3921716888571325,0.3072716267997748
LaNi,L10,5,-0.43281189056048675,-0.1275246538561703,-0.3161069999788822,-0.3031699189586732,0.30528723670431646
CrCu,L10,5,-0.632293103458295,-0.3289825016608745,-0.4876497407812792,-0.5508429007595339,0.30331060179742053
AlPt,L10,4,0.15662341934242363,0.45970299654166524,0.3569474367923533,0.40573166564266216,0.3030795771992416
TcTl3,L12,2,0.9519849583421376,1.2547171821434233,1.1033510702427805,1.1033510702427805,0.3027322238012857
HgTc3,L12,2,-0.5585816822594722,-0.25743057585984275,-0.4080061290596575,-0.4080061290596575,0.3011511063996295
IrV,L10,4,-0.684479775659355,-0.38351601965675286,-0.5108725752088219,-0.48774725275958986,0.30096375600260217
CuNi3,L12,3,-0.3829591386592881,-0.08206191455880685,-0.2792166447606803,-0.372628881063946,0.30089722410048125
PdRe,L10,3,-0.5346972982578961,-0.23396007705648003,-0.359030400124207,-0.3084338250582448,0.3007372212014161
CuGa,L10,5,0.40488185414236,0.7054046496423609,0.5701644255803615,0.6624641335447734,0.30052279550000094
PdTc,L10,5,-0.5313112497560439,-0.23100723375588927,-0.4035232713363882,-0.47687705325640195,0.30030401600015466
AuRh3,L12,3,-0.42366832135937216,-0.12396758175870559,-0.28487361935940686,-0.3069849549601429,0.29970073960066657
Ag3Fe,L12,5,-0.016753776958438493,0.28140693433763886,0.10669948241941825,0.02757696873689497,0.29816071129607735
CdOs3,L12,5,-0.464302536655822,-0.1666831957581678,-0.33910157171755484,-0.3914763018574092,0.2976193408976542
NiV3,L12,3,-1.0122951810580787,-0.7147933934565742,-0.8954286820907953,-0.959197471757733,0.2975017876015045
Mo3Pb,L12,2,-0.7173124871578409,-0.4202187342552577,-0.5687656107065493,-0.5687656107065493,0.2970937529025832
MoOs,L10,6,-0.644105837257456,-0.34842176995786645,-0.5013981609235714,-0.5087452572560949,0.2956840672995895
AuTl3,L12,3,0.5369757075432346,0.8316879201420591,0.7295155230758894,0.8198829415423745,0.2947122125988244
RhTa3,L12,3,-1.040919379959604,-0.7475824305574577,-0.8957925435257815,-0.8988758200602831,0.2933369494021463
NbRh,L10,5,-0.7299510865586569,-0.4369952326587452,-0.5627069824977013,-0.5273639663564325,0.29295585389991174
ReRu,L10,8,-0.5409469367577628,-0.2508778025575964,-0.42371543104579246,-0.45354723715806244,0.29006913420016645
IrTa,L10,4,-0.6516986297565097,-0.3617395655591906,-0.5006563332835583,-0.4945935689092664,0.2899590641973191
RuTa3,L12,2,-1.215406392558151,-0.9262035326600824,-1.0708049626091167,-1.0708049626091167,0.2892028598980687
PdRh,L10,5,-0.3482116981603838,-0.05915360285777638,-0.22852452151907415,-0.25475365605868205,0.2890580953026074
ReV,L10,4,-0.8003759167577016,-0.5120702162557507,-0.6072713856064809,-0.5583197047062356,0.2883057005019509
Ga3Pb,L12,7,0.5562084414423509,0.8440659704365601,0.717628936167813,0.7564243616371016,0.28785752899420913
RuW,L10,6,-0.6813141393567719,-0.39389335305801865,-0.5588778101752135,-0.5748200075585999,0.28742078629875323
CdGa,L10,7,0.6277596868394824,0.9151512209437271,0.7524195456549957,0.7431816695398368,0.2873915341042448
IrPt,L10,10,-0.3870200295559414,-0.09998401225581688,-0.20753043539713759,-0.20355734205710974,0.2870360173001245
Co3Pt,L12,5,-0.3056619374610534,-0.0205372477566641,-0.1577301062779668,-0.1776042125556785,0.2851246897043893
Bi3Pt,L12,2,0.9924398505436614,1.2745817644436386,1.13351080749365,1.13351080749365,0.2821419138999772
Mo3Sn,L12,2,-0.7794485938565856,-0.4975559362564752,-0.6385022650565304,-0.6385022650565304,0.2818926576001104
BiZr,L10,2,-0.1473950866556777,0.13439321534409032,-0.006500935655793683,-0.006500935655793683,0.281788301999768
NbTi3,L12,5,-0.988968902557616,-0.7073098546597691,-0.9079980012187377,-0.97744624206004,0.2816590478978469
NbPd3,L12,5,-0.21335711375556343,0.06738667914490293,-0.0649586889956197,-0.07311277065579702,0.28074379290046636
RhRu,L10,5,-0.3754184560557121,-0.09471656865841283,-0.25103339727699564,-0.24870007555634288,0.2807018873972993
OsPt,L10,5,-0.3084410360597474,-0.02780663286009144,-0.1725589770988961,-0.24906008205923058,0.28063440319965594
NbV3,L12,3,-1.0922720233602092,-0.8118320454586581,-0.9127285914585647,-0.8340817055568266,0.2804399779015512
CuTc3,L12,3,-0.6146530516625432,-0.33533091746264176,-0.5085567276949424,-0.5756862139596421,0.2793221341999015
AlPd,L10,8,0.1806880787417242,0.45958734814215063,0.3101005904045735,0.28938946194196546,0.2788992694004264
TaZr,L10,5,-0.9901263387573351,-0.7114254403595339,-0.8770444805986415,-0.8909084629585493,0.2787008983978012
CdPd,L10,2,-0.009191053056355258,0.2689771824416596,0.12989306469265216,0.12989306469265216,0.27816823549801484
CuRh3,L12,5,-0.41197899115556424,-0.13684237595495574,-0.24882045867759076,-0.23030912566079564,0.2751366152006085
Ni3Pd,L12,3,-0.37625398155702783,-0.1012438992538307,-0.2416445264549433,-0.2474356985539714,0.2750100823031971
IrPt3,L12,9,-0.4133130292602516,-0.13843709905538049,-0.2229604949589701,-0.21712534625746116,0.2748759302048711
RhRu3,L12,6,-0.4370311516604204,-0.16353837615949374,-0.2990656258925526,-0.30021768785897507,0.27349277550092665
HgPd,L10,3,0.13630345444201453,0.40942425033884433,0.22948443930699605,0.14272561314012933,0.2731207958968298
AuZn3,L12,3,0.45180516433995876,0.722909188539262,0.6103894359727727,0.6564539550390975,0.27110402419930324
AgHg,L10,4,0.8759339024409485,1.1468222763442384,0.9598970763427417,0.9084160632928899,0.2708883739032899
FeZr3,L12,3,-0.9623771219584967,-0.6922593743574623,-0.865373164391381,-0.9414829968581842,0.27011774760103435
AuPt,L10,6,-0.24752127836015347,0.022590754842013894,-0.14192462339236536,-0.18359847230837545,0.27011203320216737
AlSn,L10,3,0.2672231366405242,0.5373335371414498,0.37476107440764395,0.3197265494409578,0.2701104005009256
Cr3Sc,L12,2,-0.7849714162575481,-0.5152921801554555,-0.6501317982065018,-0.6501317982065018,0.26967923610209255
PdRe3,L12,3,-0.7395368407587455,-0.4699740693567662,-0.5928790012248726,-0.569126093559106,0.26956277140197926
CuRe3,L12,4,-0.5808688941606022,-0.31132190536206394,-0.41286961978491377,-0.3796438398084945,0.2695469887985382
CdGa3,L12,6,0.6196447079428538,0.8887314162430187,0.6947613249585913,0.6399611353381545,0.2690867083001649
Sn3Y,L12,3,0.530346470143769,0.799098342341523,0.6789209888760203,0.7073181541427687,0.268751872197754
Ir3Ru,L12,4,-0.25309117655976365,0.015468583239481859,-0.13125169505926237,-0.14369209345838385,0.2685597597992455
AgPb3,L12,5,0.6533934907429568,0.9215838560421901,0.8086615110218475,0.8816564564413341,0.26819036529923324
Ir3Re,L12,7,-0.21390841645822434,0.053523431543936795,-0.1250986423418234,-0.15992225535498505,0.26743184800216113
PdTl,L10,4,0.14423013064245538,0.4111344858438599,0.3367541068928688,0.3958259055425799,0.26690435520140454
Sn3Tl,L12,3,0.591697392240377,0.8585937201396803,0.7268733883402376,0.7303290526406556,0.2668963278993033
AgSn,L10,7,0.6815708787480901,0.9479022983441894,0.7632047388032228,0.7027720842461633,0.2663314195960993
CoRe3,L12,6,-0.6620280709603037,-0.396470951359305,-0.5609977583435182,-0.5803831708608129,0.2655571196009987
ReRu3,L12,6,-0.5005157184595816,-0.23504336225866496,-0.3931776029581992,-0.42405057330776685,0.2654723562009167
BiIr,L10,3,-0.48379078556078525,-0.21937776855972402,-0.3931373754594176,-0.4762435722577436,0.26441301700106123
OsRu3,L12,4,-0.4004157856570316,-0.13641461295898694,-0.2868263876325443,-0.30523757595707934,0.2640011726980447
NbRh3,L12,4,-0.5750346374579465,-0.3112521081593229,-0.44684561763457964,-0.4505478624605246,0.26378252929862356
AgZn,L10,7,0.43932956123992994,0.7025558897376243,0.5111057475836033,0.4734248809409394,0.26322632849769434
HfRu,L10,2,-0.8050686559572284,-0.5435643998561943,-0.6743165279067114,-0.6743165279067114,0.2615042561010341
CdPb3,L12,8,0.6986881997409284,0.9598000677406446,0.8232033255790441,0.8163845779918404,0.2611118679997162
InSn3,L12,3,0.5849059751426751,0.8457302187426023,0.7350691397754096,0.7745712254409511,0.2608242435999273
InRu3,L12,3,-0.47331426676007027,-0.21311411615803877,-0.3718941737257732,-0.42925413825921055,0.2602001506020315
PdZr3,L12,3,-1.0015606983606347,-0.7414091200580231,-0.8709975306594989,-0.8700227735598389,0.2601515783026116
ReRh3,L12,6,-0.3642356657573771,-0.10494886525972902,-0.2606756468251679,-0.28140149215775523,0.2592868004976481
Rh3Zr,L12,2,-0.6362350805565882,-0.37714216115907107,-0.5066886208578296,-0.5066886208578296,0.2590929193975171
CuRu3,L12,5,-0.46453546605968654,-0.20594473276193526,-0.30650940875981975,-0.2967337463623778,0.2585907332977513
HfNb,L10,5,-0.9404942711580304,-0.6831822007579547,-0.8475257346178922,-0.8822352425586075,0.25731207040007575
MoTi,L10,5,-0.8623505237546567,-0.6052606343573359,-0.7838629061157633,-0.8315826120551435,0.2570898893973208
CuPt,L10,9,-0.30979670725989195,-0.05272953936125191,-0.2131145847822577,-0.19890610025956335,0.25706716789864004
Sc3V,L12,3,-1.0342736797565237,-0.7777363174563732,-0.9408746409562525,-1.0106139256558606,0.25653736230015056
RhV,L10,4,-0.6771317496558993,-0.42203373355638973,-0.5376819449065522,-0.5257811482069599,0.25509801609950955
TcTi3,L12,3,-1.0850385572548191,-0.8302621796565006,-0.9955870739228297,-1.0714604848571696,0.2547763775983185
RhTa,L10,5,-0.6896970142579164,-0.4353766995581907,-0.564824191418819,-0.5599826603601912,0.2543203146997257
LaZr,L10,5,-0.8797745171604845,-0.6254781483612248,-0.8024695062192848,-0.8280792824579919,0.25429636879925965
Ir3Pt,L12,8,-0.3562847715574833,-0.10202486605973604,-0.21197873820798918,-0.20257392270920604,0.25425990549774724
PdRh3,L12,6,-0.3802535108579548,-0.12629918925719608,-0.25021033005847926,-0.2526738900077987,0.2539543216007587
PbTl3,L12,5,0.6637309594416649,0.9174259566434841,0.8191485335230311,0.8279153339435936,0.2536949972018192
LaMo3,L12,3,-0.5860508940595253,-0.3336791864594204,-0.46143572669246663,-0.46457709955845417,0.25237170760010486
InTl3,L12,3,0.6974265439430667,0.9493295354414215,0.8185103993088868,0.8087751185421723,0.2519029914983548
PbPd,L10,3,0.1459305699400204,0.3976921982403212,0.3075171642737568,0.37892872464092875,0.2517616283003008
Al,A1,3,0.30250296793204257,0.5540188774519095,0.4023818535319587,0.35062371521192404,0.2515159095198669
LaPt3,L12,5,-0.4477235928597736,-0.19635081525754572,-0.34152128959810285,-0.3718385263591415,0.25137277760222787
Ga3Sn,L12,3,0.5496465522456049,0.7999406706449292,0.6987921925790014,0.7467893548464701,0.25029411839932436
SnTl,L10,4,0.5398356238447661,0.7897806202427375,0.6677476657942236,0.6706872095446954,0.2499449963979714
PdRu,L10,4,-0.40091212135573073,-0.15122182355750624,-0.28909132720761477,-0.30211568195861105,0.2496902977982245
Re3V,L12,5,-0.7371728517564122,-0.4877998387591731,-0.6373610331572934,-0.6199264818560266,0.24937301299723913
Rh,A1,4,-0.28427501425809965,-0.035285273558628205,-0.1861764787826985,-0.21257281365703307,0.24898974069947144
Pb3Ru,L12,2,0.8688117308420544,1.1177782058412333,0.9932949683416439,0.9932949683416439,0.2489664749991789
ReTa3,L12,2,-1.2392022035555499,-0.9904755968554753,-1.1148389002055126,-1.1148389002055126,0.24872660670007463
RuTc,L10,5,-0.5539392841555753,-0.30530696495677034,-0.46036738959643914,-0.47690372035773976,0.2486323191988049
Rh3V,L12,4,-0.5000236005571139,-0.2514553641585451,-0.3834669711831964,-0.3911944600085633,0.24856823639856884
Mn3W,L12,2,-0.5946405754575323,-0.34708609925561973,-0.47086333735657604,-0.47086333735657604,0.24755447620191262
CuTc,L10,5,-0.48191741785464615,-0.23569330615916328,-0.37928769715705923,-0.4392122801573066,0.24622411169548286
InMo3,L12,2,-0.8618099696568322,-0.6166272375585038,-0.739218603607668,-0.739218603607668,0.24518273209832842
Bi3Cd,L12,2,0.9762737035426028,1.2209054050445332,1.098589554293568,1.098589554293568,0.24463170150193037
IrOs,L10,7,-0.20348128625752793,0.040626460043341694,-0.10019112978583523,-0.07955724275868192,0.24410774630086962
FeOs,L10,7,-0.38233395715994334,-0.13945657355995422,-0.30745153298744704,-0.3490655913546732,0.24287738359998912
Ag3Ti,L12,3,-0.22012254415946586,0.0224300716445498,-0.11628852922297976,-0.1511731151540232,0.24255261580401566
RhTi,L10,2,-0.5065067128589078,-0.2647094850608198,-0.3856080989598638,-0.3856080989598638,0.241797227798088
AuPd,L10,5,-0.12606326645888544,0.11569232784043493,-0.02594646267877465,-0.09205747215943916,0.24175559429932036
Os3Pb,L12,2,-0.36583324615909874,-0.12467779896084608,-0.2452555225599724,-0.2452555225599724,0.24115544719825266
Fe3La,L12,4,-0.3568645100594665,-0.11607491985975571,-0.19197641520892716,-0.14748311545824322,0.2407895901997108
NiRu,L10,5,-0.3931489856540509,-0.15256933125689898,-0.2940996027775043,-0.3176296401570369,0.2405796543971519
PdZn,L10,3,0.02394969134277858,0.2640668881367958,0.11515803223880046,0.057457517236827016,0.24011719679401722
MoRh3,L12,4,-0.4604838270560947,-0.2212960350579749,-0.35479573055724245,-0.3687015300574501,0.2391877919981198
IrRh,L10,7,-0.24611513005854135,-0.007063803156569293,-0.16792403489993393,-0.20809266345801802,0.23905132690197206
NbRu,L10,2,-0.6286197026556408,-0.3897030720572445,-0.5091613873564427,-0.5091613873564427,0.2389166305983963
AuCu,L10,5,0.164787242641097,0.40334182573954536,0.2838218630591939,0.3014674386368199,0.23855458309844835
CrHf3,L12,3,-1.0657992924561484,-0.827656417458428,-0.9667858648902458,-1.0069018847561608,0.23814287499772036
Pt3Rh,L12,7,-0.3090545167642347,-0.07139750105758935,-0.20367328198969403,-0.19138079196179092,0.23765701570664532
CoOs,L10,8,-0.3730498411595988,-0.13573038275987415,-0.29499988802305666,-0.3173475941575532,0.23731945839972468
CoHf3,L12,2,-1.0161517144578909,-0.7815581563581588,-0.8988549354080249,-0.8988549354080249,0.23459355809973204
HgRu3,L12,3,-0.43243338025692424,-0.19799860055624663,-0.33185643192364483,-0.3651373149577637,0.2344347797006776
NbNi,L10,5,-0.7151740806575333,-0.4809318215547762,-0.5758351418776954,-0.5210599050614917,0.2342422591027571
AlCr3,L12,2,-0.9366599151571506,-0.7027016068559249,-0.8196807610065378,-0.8196807610065378,0.23395830830122577
Au3Pb,L12,3,0.31793250284411556,0.5517706729415579,0.41851788670922474,0.38585048434200075,0.23383817009744234
ScZr3,L12,2,-0.9633340101581496,-0.7297870019583286,-0.8465605060582391,-0.8465605060582391,0.233547008199821
MoRu,L10,5,-0.6656460966578095,-0.4323426302607629,-0.5569074746990452,-0.5429042516579727,0.23330346639704658
MoSc3,L12,4,-1.0382367456613508,-0.8051071600593502,-0.9424354292595751,-0.9631989056587997,0.2331295856020006
HfLa,L10,6,-0.8974375624556785,-0.664383896658336,-0.8186797675240408,-0.8230812995579697,0.23305366579734255
CoPd,L10,6,-0.24722059255779527,-0.014174137758317329,-0.1394549862103626,-0.14821033966197206,0.23304645479947794
GaSn3,L12,4,0.5841722200430297,0.8170435696384004,0.7432272146388925,0.78584653443707,0.2328713495953707
TaTc3,L12,5,-0.7294629143570717,-0.4971821878598064,-0.6552453886780938,-0.696423124157235,0.23228072649726528
Rh3Ta,L12,2,-0.5723122744593354,-0.3401720947576621,-0.45624218460849875,-0.45624218460849875,0.23214017970167333
Rh3Sc,L12,2,-0.5802850739555367,-0.34908028555852866,-0.4646826797570327,-0.4646826797570327,0.2312047883970081
Re3Ta,L12,6,-0.7878199039577964,-0.556773349758231,-0.6844689591746848,-0.6997710768073091,0.23104655419956543
PtRu,L10,6,-0.26279475606040137,-0.03185446225595001,-0.1472249247917432,-0.1414977675076159,0.23094029380445136
OsRe3,L12,4,-0.5212702491580501,-0.29039077285685266,-0.4462268648075849,-0.4866232186077184,0.23087947630119743
CoPt,L10,6,-0.2265422538611972,0.0034144844403556363,-0.10712412066062409,-0.09799030216069582,0.22995673830155283
PbTc3,L12,2,-0.5291438630583514,-0.2997045492583936,-0.4144242061583725,-0.4144242061583725,0.22943931379995774
NiPb,L10,2,-0.1360548784568607,0.09281190774439096,-0.02162148535623487,-0.02162148535623487,0.22886678620125167
FeIr,L10,7,-0.16889997126324374,0.059911984136334695,-0.10625403990301509,-0.13602753105712395,0.22881195539957844
GaSn,L10,5,0.59604359444441,0.8245424828428725,0.6936926795048123,0.6876391534470088,0.22849888839846244
BiNb,L10,2,-0.4183871360573619,-0.19009029215791884,-0.30423871410764036,-0.30423871410764036,0.22829684389944305
Au3Mn,L12,5,0.33297386734287215,0.560995740140271,0.4387931432024118,0.37942193094298204,0.22802187279739883
Tc3V,L12,3,-0.6702192418551647,-0.44242145475706707,-0.5932922061234743,-0.6672359217581914,0.22779778709809761
Co3Os,L12,5,-0.43064899375801247,-0.20294250085768795,-0.30603846137725554,-0.28972871975472003,0.22770649290032452
Bi3Nb,L12,2,1.0322041179433938,1.2596244831447905,1.1459143005440922,1.1459143005440922,0.22742036520139663
Rh3W,L12,4,-0.4515633912587589,-0.22505583195649592,-0.3564379716071642,-0.37456633160670094,0.22650755930226296
Cr3La,L12,4,-0.647101130357413,-0.4216387603582632,-0.5635905837834514,-0.5928112222090647,0.22546236999914981
Ni3Pt,L12,3,-0.3387032243544752,-0.11345269485806853,-0.2300976025571515,-0.2381368884589108,0.22525052949640667
LaTi3,L12,4,-0.9534132838552694,-0.7283924184548312,-0.8114014932552607,-0.7819001353554711,0.2250208654004382
AgIn,L10,10,0.6587715486394075,0.8837441138394126,0.7704851639881156,0.777689581937949,0.2249725652000052
NiW,L10,4,-0.6159996070627756,-0.3910424163613868,-0.4981517974874521,-0.492782583262823,0.22495719070138875
CuSn,L10,4,0.33811423384125305,0.5629335989442836,0.47919855844068593,0.5078732004886035,0.22481936510303058
InOs3,L12,3,-0.48742908365872495,-0.26447111336071316,-0.37256275742672074,-0.3657880752607241,0.2229579702980118
MoPt3,L12,5,-0.1194836898566507,0.1034495180438455,-0.029910725896269242,-0.066529792656155,0.2229332079004962
Pb3Sn,L12,3,0.5312258060412489,0.7538362869391051,0.678514813606275,0.7504823478384708,0.22261048089785618
BiHf,L10,2,-0.2824438241577525,-0.06054777805817935,-0.17149580110796592,-0.17149580110796592,0.22189604609957314
CdSn,L10,5,0.5711483075438366,0.7926836666420343,0.6914216173618399,0.723027966240835,0.22153535909819766
Cr3Sn,L12,2,-0.6839200374588188,-0.46317584925688493,-0.5735479433578519,-0.5735479433578519,0.22074418820193387
Zn,A1,4,0.5527372213337287,0.7733635842387514,0.6216114107856185,0.580172418784997,0.2206263629050227
FeRu3,L12,3,-0.4449698007583436,-0.2244962298636608,-0.3027564872939384,-0.23880343125981085,0.22047357089468278
LaZn,L10,4,-0.44590396765758555,-0.22568264615890143,-0.3240024442065703,-0.31221158150489714,0.22022132149868412
Au3Hg,L12,2,0.37979200574503125,0.5978141031419284,0.4888030544434798,0.4888030544434798,0.21802209739689715
AlBi,L10,3,-0.007878648058039062,0.2090880558417041,0.131265810941566,0.192588025041033,0.21696670389974315
CuNi,L10,5,-0.3379883811566913,-0.12119106815859482,-0.24685898045624413,-0.2802733081543636,0.21679731299809646
MoRh,L10,5,-0.6385340343576615,-0.4217884229574054,-0.523256190337787,-0.5232976332581245,0.21674561140025617
ReZr3,L12,3,-1.0470733705578539,-0.8305983763557094,-0.9624231091562573,-1.0095975805552087,0.21647499420214444
Ga3Tl,L12,4,0.4313262851437969,0.6475556965388307,0.5426989758171032,0.5459569607928927,0.21622941139503382
Tc3W,L12,3,-0.6502311197573079,-0.43521438365766585,-0.5747749500566309,-0.6388793467549192,0.215016736099642
IrNi,L10,8,-0.2969021848611817,-0.08206898945988428,-0.2327680823718481,-0.2604813802090291,0.21483319540129742
CrPt3,L12,5,-0.20134981856151057,0.01330487003818348,-0.09526174872059415,-0.0852078226589299,0.21465468859969405
Ga3Pd,L12,5,0.6394286086370187,0.8540771747366591,0.7648327881785292,0.8243970380363237,0.21464856609964045
OsPd,L10,4,-0.365895288056862,-0.15136359485674689,-0.29934273985779214,-0.34005603825877984,0.21453169320011511
ScTa3,L12,3,-0.9972176253567966,-0.7828214448590813,-0.9150993832581378,-0.9652590795585354,0.21439618049771525
FeTc,L10,5,-0.5427003023641817,-0.3283551431586318,-0.4784615721005764,-0.5076622441619918,0.21434515920554986
Ir3Sc,L12,4,-0.5486239484589248,-0.33434572926032047,-0.4315358127095976,-0.4215867865595726,0.21427821919860435
Ir,A1,4,-0.3241198273562702,-0.11149225075766367,-0.1786532795321989,-0.13950052000743085,0.21262757659860654
Au,A1,4,0.32240319723953803,0.5342481744419558,0.4059225194660314,0.3835193530913159,0.2118449772024178
Sn3Ta,L12,2,0.8111170663405858,1.0224648915437058,0.9167909789421458,0.9167909789421458,0.21134782520312
Ga3Mn,L12,4,0.4074263905431792,0.6185344835403441,0.4887066921174039,0.4644329471930462,0.21110809299716493
RuSn,L10,2,-0.1516723080557938,0.0593533344445234,-0.0461594868056352,-0.0461594868056352,0.2110256425003172
OsRu,L10,7,-0.3685326153599533,-0.15826521815958472,-0.29903569338743197,-0.3130834342582318,0.21026739720036858
AgTc3,L12,2,-0.6613775828581936,-0.4514154973576012,-0.5563965401078974,-0.5563965401078974,0.20996208550059237
OsTc3,L12,3,-0.5683892093574912,-0.35858862335859953,-0.48673179199155925,-0.5332175432585871,0.20980058599889162
IrOs3,L12,7,-0.26447995705800054,-0.054897470358781675,-0.14779622130101952,-0.14778502575697416,0.20958248669921886
Fe3Ga,L12,2,-0.40121212685969,-0.1926225835622688,-0.2969173552109794,-0.2969173552109794,0.2085895432974212
IrRu3,L12,5,-0.3956644059571488,-0.18709785625739528,-0.2876912674369748,-0.2862432136562063,0.20856654969975352
RuTa,L10,2,-0.5788449113560716,-0.3704244868558533,-0.47463469910596245,-0.47463469910596245,0.20842042450021836
AgPt,L10,2,-0.340017534158477,-0.1318047324520819,-0.23591113330527946,-0.23591113330527946,0.2082128017063951
MoTi3,L12,3,-1.069648614858096,-0.8618004456575079,-0.9899354055247708,-1.0383571560587086,0.20784816920058802
Rh3Ti,L12,2,-0.5688507143558752,-0.3614319408579547,-0.46514132760691496,-0.46514132760691496,0.20741877349792048
CoCu,L10,4,-0.3274339017579848,-0.12040302645525003,-0.22251935678011137,-0.2211202494536053,0.20703087530273478
AgCd3,L12,5,0.776154927943054,0.9831560067441671,0.8761854172235246,0.8262581605422668,0.20700107880111318
CuRh,L10,5,-0.32186903765884267,-0.11625043325963702,-0.24945108248118117,-0.30554846596257335,0.20561860439920565
HfPt3,L12,3,-0.31240614295799674,-0.1069630519586724,-0.2026602281575549,-0.1886114895559956,0.20544309099932434
CoIr,L10,8,-0.2903481870589246,-0.0851404745617117,-0.234609935960151,-0.26876609016377984,0.20520771249721292
MoPb3,L12,3,0.9176339876439954,1.1219678065436085,1.0014885427769495,0.9648638341432445,0.2043338188996131
Mn3Os,L12,3,-0.6139260995614393,-0.4102858988617015,-0.521101084961297,-0.5390912564607504,0.20364020069973776
Pt3Zn,L12,3,-0.25813086095783433,-0.054571341962372344,-0.16646223942519592,-0.1866845153553811,0.20355951899546199
PdZn3,L12,6,0.3282978632423976,0.5318494909379581,0.3988117653398433,0.3715538953411226,0.20355162769556046
PbPt3,L12,3,-0.3692775270601203,-0.1659260390578936,-0.24989002935911722,-0.2144665219593378,0.2033514880022267
PbSn3,L12,4,0.5401982156409133,0.7435390911387287,0.6802149015157113,0.7185611496416016,0.20334087549781543
Pt3Sc,L12,2,-0.4234631475582944,-0.22058513765929888,-0.32202414260879664,-0.32202414260879664,0.20287800989899551
Re3Ti,L12,4,-0.7055775778598843,-0.5027220173569447,-0.6263894915836943,-0.6486291855589741,0.20285556050293962
CuRu,L10,6,-0.2778132629527761,-0.07522600675198987,-0.20955246345477954,-0.23545160100454154,0.20258725620078621
Ga3Ni,L12,2,0.4735695095451149,0.6760441106462451,0.57480681009568,0.57480681009568,0.20247460110113025
CrSc3,L12,3,-1.0741549560579813,-0.8717456622570978,-0.9974278333250387,-1.046382881660037,0.20240929380088346
GaIn3,L12,4,0.6319875195413545,0.834327152247198,0.7279654038693764,0.7227734718444765,0.20233963270584354
PbSn,L10,3,0.5554386313424686,0.757740848342138,0.6631377058423501,0.6762336378424436,0.20230221699966933
MnTi3,L12,3,-1.0072485578557178,-0.8049587219565808,-0.9279476916893165,-0.9716357952556507,0.20228983589913696
AlRu3,L12,3,-0.4449715695581915,-0.24281670215984263,-0.33234691709273534,-0.3092524795601719,0.20215486739834887
GaPd,L10,3,0.41219287253719017,0.6138895002377751,0.5146453655043217,0.5178537237379999,0.20169662770058494
CrTi3,L12,3,-1.0720474343570174,-0.8710890515567087,-0.9893490455242215,-1.0249106506589385,0.20095838280030875
Pt3Sn,L12,3,-0.34376835125564753,-0.144321696857304,-0.2321803618230073,-0.2084510373560704,0.19944665439834353
ReSc,L10,5,-0.7408489736580748,-0.5415361992590704,-0.6552608991599925,-0.6791980460611455,0.1993127743990044
BiPb,L10,3,0.759293666041259,0.9582774548407826,0.8465617079415987,0.8221140029427545,0.1989837887995236
HgTl3,L12,5,0.7026299047402347,0.9014009004395405,0.8037890406211148,0.8382537549414621,0.19877099569930579
GaZn,L10,5,0.5877169109380986,0.7862461335398905,0.6894528465165706,0.697193070235727,0.19852922260179184
CdIn,L10,8,0.691230239744101,0.8889708764409363,0.7802109378049238,0.7796304339435949,0.19774063669683528
CrRh,L10,4,-0.6004727913559407,-0.40299052675888447,-0.4883044058069288,-0.474877152556445,0.1974822645970562
Mn3Re,L12,3,-0.6520610853612823,-0.4549257659591319,-0.58019341692516,-0.6335933994550658,0.19713531940215034
NiPd3,L12,2,-0.2528377025582529,-0.05589163825695209,-0.1543646704076025,-0.1543646704076025,0.1969460643013008
TcZr3,L12,3,-1.0243955392570285,-0.828354117455973,-0.9441720711562406,-0.9797665567557203,0.19604142180105555
CuTl,L10,3,0.11309935504053215,0.3070042750414643,0.20190116654069357,0.18559986954008423,0.19390492000093218
Os,A1,4,-0.25851345295720307,-0.06502976515818659,-0.18022034908332785,-0.19866908910896086,0.19348368779901648
CuTa3,L12,3,-1.0334242763555892,-0.8430407815530714,-0.947952503320541,-0.9673924520529624,0.19038349480251782
Pt3Tc,L12,5,-0.15994456875975516,0.029325300239207763,-0.07861406896024051,-0.10799994176247196,0.18926986899896292
CrTc3,L12,3,-0.6237930834567749,-0.43454947345796313,-0.49810093485724377,-0.43596024765699326,0.18924360999881173
CoRu,L10,6,-0.41089244066003516,-0.22223156245942732,-0.32666783330839166,-0.3393929648582059,0.18866087820060784
Re3Tc,L12,5,-0.572267239657748,-0.3840207908569653,-0.5126360769774407,-0.5385598181555622,0.18824644880078267
AlAu3,L12,4,0.3127471015423282,0.4998733937418649,0.40020738051683225,0.39410451339156793,0.1871262921995367
FeW,L10,5,-0.70616888136189,-0.5197683167561706,-0.6527904048989228,-0.6674115712584978,0.1864005646057194
LaZr3,L12,5,-0.9346391976605162,-0.7488410931609621,-0.8466283848201499,-0.8798595526595534,0.18579810449955403
InIr,L10,2,-0.42357947625984593,-0.23785266555839257,-0.33071607090911925,-0.33071607090911925,0.18572681070145336
NiY,L10,3,-0.5896553138581737,-0.4042298692574775,-0.4662150887248894,-0.404760083059017,0.1854254446006962
NiRe,L10,5,-0.5273061422549006,-0.3424657423592805,-0.4499825187367321,-0.49770954455649985,0.18484039989562007
Cd3Pb,L12,4,0.6501279886406621,0.8347840313408881,0.7327369880158869,0.7230179660409988,0.18465604270022595
BiPd3,L12,2,-0.21030372445872558,-0.025780609258589493,-0.11804216685865754,-0.11804216685865754,0.1845231152001361
OsZr3,L12,3,-0.9961365170592842,-0.8127486608563856,-0.9331944546250289,-0.9906981859594168,0.18338785620289855
MnNb,L10,2,-0.7620614719589582,-0.5802739172604277,-0.6711676946096929,-0.6711676946096929,0.18178755469853058
Ir3Tl,L12,3,-0.4104955625579976,-0.22899467985823208,-0.29942871652532216,-0.25879590715973677,0.1815008826997655
Rh3Zn,L12,3,-0.38352323065825544,-0.20349856545996658,-0.2808228873924558,-0.25544686605914535,0.18002466519828886
Os3Sc,L12,3,-0.5398432430547189,-0.36037695545653037,-0.4761080594898601,-0.5281039799583311,0.1794662875981885
IrRu,L10,6,-0.29163242825867997,-0.11359120086032704,-0.18306020847585577,-0.16417559875932852,0.17804122739835293
GaPb3,L12,9,0.6936501481477819,0.8716885183467014,0.742746589813,0.7239059416470184,0.17803837019891944
AgTa3,L12,3,-1.0373963221563542,-0.8605872261568663,-0.9755816273236348,-1.028761333657684,0.1768090959994879
Pd3Ti,L12,3,-0.284559373259043,-0.10810783485700881,-0.21236235632535264,-0.2444198608600061,0.1764515384020342
MoNi,L10,5,-0.6066137204606719,-0.4308658684594491,-0.5143832655192171,-0.5165787343566706,0.17574785200122278
Cd3Ga,L12,5,0.7090460769441336,0.8844112008419245,0.7690893832232462,0.7446161176422095,0.1753651238977909
Ga,A1,4,0.6488109577412899,0.8234530751442719,0.7009770513696196,0.6658220862964583,0.17464211740298197
OsPt3,L12,3,-0.2164556741617787,-0.042417785457445234,-0.14384889912765667,-0.1726732377637461,0.17403788870433345
VZr,L10,3,-0.9766520777584162,-0.8026169102585925,-0.9153913160252785,-0.9669049600588266,0.17403516749982373
Co3Fe,L12,3,0.3253775374405734,0.4975718548458019,0.4239564445436959,0.44891994134471247,0.1721943174052285
CdIr,L10,3,-0.4416690599564106,-0.2700185620551281,-0.34429815688930415,-0.3212068486563737,0.1716504979012825
BiRe,L10,4,-0.8045950418554355,-0.6332373384566097,-0.7192179643816132,-0.7195197386072039,0.17135770339882583
CdHg,L10,3,0.8832392065424131,1.0545023503409823,0.971847953275784,0.9778023029439566,0.17126314379856922
Cr3Pb,L12,2,-0.57807346865863,-0.4072893812580958,-0.49268142495836287,-0.49268142495836287,0.1707840874005342
Pt3Zr,L12,3,-0.3094801027609435,-0.13942351176135048,-0.21394755549436204,-0.19293905196079209,0.17005659099959303
IrTl3,L12,2,1.0518623019425206,1.221331807443704,1.1365970546931123,1.1365970546931123,0.16946950550118345
ReY,L10,2,0.36948378924446956,0.5387143788439346,0.4540990840442021,0.4540990840442021,0.16923058959946502
TaY,L10,5,-0.9710515668584492,-0.8025748687605017,-0.8672064497395411,-0.854621266359544,0.16847669809794752
Au3Cd,L12,5,0.39675980024279056,0.5649068324428583,0.4642903188034609,0.46604801094238724,0.16814703220006777
Pt3Ta,L12,5,-0.08935334085887803,0.07847518204019366,-0.010093872379155756,-0.04462326815971096,0.16782852289907169
GaIn,L10,5,0.6473242637448777,0.81469849264343,0.7050489152034345,0.6774494425417572,0.16737422889855225
Al3Rh,L12,2,0.41439903557241564,0.5813263175023451,0.49786267653738037,0.49786267653738037,0.16692728192992945
In3Pb,L12,8,0.7593290408413225,0.9260040732415575,0.8416080512052133,0.8453118436928264,0.16667503240023507
Pt3Tl,L12,3,-0.3653801765567266,-0.19899344875645397,-0.2700260452235265,-0.24570451035739893,0.16638672780027264
Ti3Zr,L12,4,-1.0112610123605634,-0.8452013654595874,-0.926032577110135,-0.9238339653101946,0.16605964690097608
LaTi,L10,3,-0.8972936142590413,-0.7313377787604338,-0.8101678425933964,-0.8018721347607141,0.16595583549860748
ScTi,L10,5,-0.9865953895559585,-0.8207662230588255,-0.9329526361374235,-0.953797236458712,0.16582916649713297
PbTl,L10,5,0.7083804865442573,0.8740803989431072,0.746230895603577,0.7166406381448098,0.16569991239884985
PtRh3,L12,5,-0.33702332955996894,-0.17161430675966471,-0.23993349285862564,-0.23175214535783084,0.16540902280030423
Co3Sc,L12,3,-0.6379649082582262,-0.47257234835612394,-0.5659169643564704,-0.5872136364550613,0.16539255990210222
RhV3,L12,2,-0.9435150068593146,-0.7787413699579417,-0.8611281884086281,-0.8611281884086281,0.1647736369013728
Re3Ru,L12,6,-0.5605346432557496,-0.3966611589557658,-0.4892580967901286,-0.4983066982576645,0.16387348429998383
GaPb,L10,7,0.638584511442815,0.8017341730456167,0.6994450649996021,0.6717972299457244,0.16314966160280164
InIr3,L12,4,-0.4110567973575314,-0.24824972705661708,-0.3009294696330187,-0.27220567705896315,0.16280707030091435
Cd3Sn,L12,4,0.6956241979433173,0.8583943968415326,0.7543624870923225,0.7317156767922199,0.1627701988982153
AgIn3,L12,8,0.6964427164430447,0.8591809418440164,0.7873770387305115,0.7949792870922749,0.16273822540097171
Mn3Tc,L12,3,-0.5977541020538126,-0.43605888896033207,-0.5420711297910827,-0.5924003983591035,0.16169521309348056
CoV,L10,4,-0.7558862565628885,-0.5956590976629457,-0.6687938074855708,-0.6618149378582245,0.16022715889994288
OsPb,L10,4,-0.550632964960613,-0.3904274390579019,-0.47195896973423146,-0.4733877374592055,0.1602055259027111
Ga3Zn,L12,5,0.5717753939470924,0.7312579133513566,0.6479843030678524,0.6376636782452181,0.15948251940426417
AuTc3,L12,2,-0.6456265454571337,-0.4862965458587212,-0.5659615456579274,-0.5659615456579274,0.15932999959841254
Pt3Ru,L12,6,-0.249490838358696,-0.09038750955275532,-0.16557923000464334,-0.16866670165379105,0.1591033288059407
CoNi,L10,4,-0.31523599086264653,-0.15728220696379935,-0.23540132803734082,-0.2345435571614587,0.15795378389884718
GaRu3,L12,2,-0.4510052858522329,-0.2941705701586841,-0.3725879280054585,-0.3725879280054585,0.1568347156935488
InPd,L10,2,0.3145411481428084,0.47085435764259387,0.39269775289270115,0.39269775289270115,0.15631320949978544
Tc3Ti,L12,4,-0.6821642230597433,-0.5267457237596034,-0.6310669925087211,-0.6576790116077689,0.15541849930013996
Cd3Pt,L12,2,0.6438431113429317,0.7992054190445117,0.7215242651937217,0.7215242651937217,0.15536230770158
VW,L10,5,-0.9020726135595112,-0.7485251690586381,-0.8339793363598517,-0.8420890634615432,0.1535474445008731
CdIn3,L12,7,0.6948066319392012,0.847375691141707,0.782157778654595,0.8102637173406322,0.15256905920250574
FeNi3,L12,2,-0.29955924035945714,-0.14723195435269076,-0.22339559735607395,-0.22339559735607395,0.15232728600676637
Bi3Re,L12,2,1.1227773452419854,1.2747300665405703,1.1987537058912778,1.1987537058912778,0.15195272129858495
NiSn,L10,2,0.18595144074154746,0.3378491950361706,0.26190031788885904,0.26190031788885904,0.15189775429462316
Sc3Ta,L12,3,-0.9746324488578182,-0.8231118443609091,-0.9180188472931169,-0.9563122486606233,0.15152060449690907
PdSn,L10,2,0.40717672614212574,0.5582977314416269,0.4827372287918763,0.4827372287918763,0.15112100529950112
AgOs,L10,4,0.21894075374532918,0.36979617604177406,0.2961382252697433,0.297907985645935,0.15085542229644489
CdTl3,L12,4,0.7341375579426597,0.8849463127417323,0.7950716016930812,0.7806012680439665,0.15080875479907263
TaZr3,L12,3,-1.0422859356576453,-0.891853106156276,-0.9736270789244088,-0.9867421949593052,0.15043282950136927
Ga3In,L12,4,0.6012831464477415,0.750162341945753,0.6645189330947971,0.653315121992847,0.14887919549801154
ScY,L10,4,-0.9876037073581472,-0.8390705046594746,-0.9302721107587502,-0.9472071155086894,0.14853320269867254
Co3Ir,L12,3,-0.27231465865676796,-0.12378172796067588,-0.17824086825958338,-0.13862621816130627,0.14853293069609208
Ir3Pb,L12,3,-0.4035197882576256,-0.255927419059816,-0.313357362191681,-0.2806248792576014,0.1475923691978096
InPt3,L12,3,-0.3557186386596811,-0.20849307895966263,-0.2665117403596942,-0.23532350345973896,0.1472255597000185
Ir3Sn,L12,3,-0.38975695055611936,-0.24550178545811718,-0.3024825139900429,-0.2721888059558921,0.14425516509800218
BiPt,L10,3,-0.009530515158047592,0.13443239964274767,0.0396248996752225,-0.00602718545903258,0.14396291480079526
BiPt3,L12,2,-0.2801820139565905,-0.13634114225621374,-0.2082615781064021,-0.2082615781064021,0.14384087170037674
Al3Mn,L12,3,0.1516074088713424,0.29393083778180085,0.23233900421143025,0.2514787659811475,0.14232342891045846
PbZn3,L12,5,0.5020718014430088,0.64421971694631,0.565304418003717,0.5552497844410311,0.1421479155033012
CoNi3,L12,3,-0.3012198151545533,-0.1591467309544612,-0.24781126105423823,-0.2830672370537002,0.14207308420009213
Co3In,L12,2,-0.4410148983579063,-0.29917093405580886,-0.3700929162068576,-0.3700929162068576,0.14184396430209745
CoTc3,L12,3,-0.7481893806607047,-0.6064969836579337,-0.6546248059254461,-0.6091880534577001,0.14169239700277103
Cd,A1,4,0.8254392339413528,0.9660159641398707,0.875546310189776,0.8553650213389403,0.1405767301985179
LaSc,L10,5,-0.8400835844595065,-0.6995449502582858,-0.757409876378523,-0.7613607788580055,0.1405386342012207
TaW,L10,5,-0.9135914644566299,-0.7731819482569051,-0.8522622026166289,-0.8744002688572152,0.14040951619972475
Ti3V,L12,4,-1.0513364419593643,-0.911263938759447,-0.9776827430095807,-0.9740652956597557,0.14007250319991726
Ta3V,L12,4,-1.0705701283577298,-0.9323213320594448,-0.9909493810837091,-0.9804530319588309,0.13824879629828501
SnZn3,L12,3,0.4848559751417554,0.6230329334439659,0.5476872419103813,0.5351728171454226,0.13817695830221055
InZn3,L12,7,0.48038895444281593,0.6182668595365897,0.5564243832392118,0.5451500071367548,0.13787790509377373
FeSn,L10,2,0.020213432341762427,0.15789215014322622,0.08905279124249432,0.08905279124249432,0.1376787178014638
InRu,L10,3,-0.36469254495656855,-0.2275305712564375,-0.29086266355592255,-0.28036487445476155,0.13716197370013106
Os3Rh,L12,3,-0.19669313446044612,-0.05979892085721872,-0.14857955285845983,-0.1892466032577147,0.1368942136032274
Os3Ti,L12,3,-0.5682607715561687,-0.4317758171555113,-0.5202248330560622,-0.5606379104565065,0.13648495440065744
Rh3Ru,L12,5,-0.32464663975676444,-0.18965382155781185,-0.24656003625693187,-0.23571017725677734,0.1349928181989526
RuTl3,L12,2,0.9946807080423525,1.1290735152443006,1.0618771116433265,1.0618771116433265,0.13439280720194802
LaNb3,L12,2,-0.7269528002570667,-0.5930345596561608,-0.6599936799566137,-0.6599936799566137,0.13391824060090585
MoNi3,L12,2,-0.43470716346106997,-0.30085436616261063,-0.3677807648118403,-0.3677807648118403,0.13385279729845934
AuCd3,L12,8,0.6808788932439995,0.8145233873410973,0.7647032721297649,0.7625861754413847,0.13364449409709778
Ga3Ir,L12,2,0.6911115981429532,0.8246090147449934,0.7578603064439733,0.7578603064439733,0.13349741660204018
InPb3,L12,5,0.7328836574424997,0.8663482842430597,0.7772753022220342,0.7557564582430416,0.13346462680055993
NbRu3,L12,3,-0.6157123908551227,-0.483485065657959,-0.538095637290373,-0.5150894553580372,0.13222732519716374
In,A1,3,0.8628978808419845,0.9946843816406101,0.9214324700742793,0.9067151477402433,0.13178650079862564
MnPt3,L12,3,-0.3015768285613092,-0.16994094275921157,-0.22556699789277937,-0.20518322235781739,0.13163588580209762
CoOs3,L12,3,-0.26171555245579725,-0.13010783045953644,-0.20380641689216836,-0.21959586776117135,0.1316077219962608
FePt3,L12,2,-0.24366052725869736,-0.11215280705707187,-0.1779066671578846,-0.1779066671578846,0.1315077202016255
NbTa,L10,4,-0.9725415261554815,-0.8410509491577329,-0.9120165715821429,-0.9172369055076786,0.13149057699774858
Au3Zn,L12,4,0.4564876993399878,0.5879431736402978,0.5091159783651449,0.496016520240147,0.13145547430031002
TiZr,L10,4,-1.0243551302582716,-0.8930452368576596,-0.9336232606574129,-0.9085463377568601,0.13130989340061205
MnRh,L10,4,1.3509743232434914,1.4819184956441234,1.4061899286434993,1.3959334478431913,0.13094417240063194
Ru3V,L12,4,-0.5495107675587576,-0.41943205315962473,-0.48122662290822404,-0.4779818354572569,0.13007871439913288
PtRh,L10,7,-0.29188998395963495,-0.1621443369576525,-0.20222563638692545,-0.18914741776004007,0.12974564700198243
CdCo3,L12,2,-0.4686789434553873,-0.3392448668591612,-0.40396190515727426,-0.40396190515727426,0.12943407659622608
FeV,L10,4,-0.9640035462607273,-0.8346255250607726,-0.8992489222355005,-0.899183308810251,0.12937802119995467
Os3W,L12,4,-0.4705925841544456,-0.3428004423576283,-0.41032171585627,-0.413946918456503,0.1277921417968173
VZr3,L12,3,-1.0211528946556143,-0.8936007573565519,-0.9436521522890283,-0.9162028048549189,0.12755213729906245
CrMo,L10,5,-0.7782740143584022,-0.6512046069610449,-0.7258825764589062,-0.7434531030584992,0.12706940739735728
Tc3Zr,L12,2,-0.7508023537584165,-0.6242407107592669,-0.6875215322588417,-0.6875215322588417,0.12656164299914963
AgBi,L10,4,0.5529278370459281,0.6791019898455772,0.6382750159455384,0.6605351184453241,0.12617415279964916
HfZr3,L12,4,-1.0042099986594337,-0.8783227897610857,-0.9456377329342729,-0.9500090716582861,0.12588720889834804
Ti3W,L12,3,-1.050459691158693,-0.9249297678606752,-0.9981627674596609,-1.0190988433596146,0.12552992329801782
HgIr3,L12,3,-0.39809479075753984,-0.272876437759777,-0.3273113598918845,-0.31096285115833666,0.12521835299776285
NbZr,L10,4,-0.9376193884554311,-0.8133851351585406,-0.8637541890065847,-0.8520061162061836,0.12423425329689053
CdPt3,L12,4,-0.34411992235888533,-0.22019887205803457,-0.27544512428355006,-0.26873085135864017,0.12392105030085077
Al3Sn,L12,3,0.30158227075119726,0.4247318783118601,0.3500970388750204,0.3239769675620039,0.12314960756066284
InPb,L10,10,0.7697382115411813,0.8926777472416063,0.837018834321708,0.836603112392396,0.12293953570042504
AgGa3,L12,8,0.6736503251386523,0.7960317553379639,0.7210802774525575,0.7167311159910525,0.12238143019931158
AgRu,L10,4,-0.22204870195761828,-0.10264569375337373,-0.18496863350716808,-0.20759006915884015,0.11940300820424454
Cd3Co,L12,2,-0.012274511055665016,0.10587364414189437,0.04679956654311468,0.04679956654311468,0.11814815519755939
AgZn3,L12,3,0.5287924280355867,0.646847928445851,0.6024189042737191,0.6316163563397197,0.11805550041026436
Pt,A1,4,-0.31231403235776156,-0.1942884644585945,-0.23485903913294237,-0.21641682985770672,0.11802556789916707
Os3Sn,L12,3,-0.41129530515806323,-0.2940410438559127,-0.3350515472572037,-0.29981829275763516,0.11725426130215055
NbTi,L10,4,-0.9596631944577609,-0.8431962946587817,-0.906923246757259,-0.9124167489562467,0.11646689979897928
MnRu3,L12,3,-0.3961298566564153,-0.2809350889574205,-0.3299400248230408,-0.31275512885528656,0.11519476769899484
ScTa,L10,4,-1.00175090585887,-0.8868572321580075,-0.9313668587337531,-0.9184296484590675,0.11489367370086256
Ru3Zr,L12,2,-0.6428056773611104,-0.5280028896586089,-0.5854042835098596,-0.5854042835098596,0.11480278770250152
Al3Hg,L12,5,0.31989621238247423,0.4346471623721584,0.35826499834223,0.3432103818522876,0.11475094998968416
PbZn,L10,3,0.47465361104062254,0.5892057818428214,0.5318898998069604,0.5318103065374373,0.11455217080219882
Co3Y,L12,2,-0.40970847335754,-0.2965789136569299,-0.35314369350723496,-0.35314369350723496,0.11312955970061012
MoV,L10,4,-0.8654654109586488,-0.7523950359600065,-0.8063829998090739,-0.8038357761588202,0.11307037499864236
MoSn3,L12,2,0.8263202025418934,0.9383462045416593,0.8823332035417764,0.8823332035417764,0.11202600199976587
PbPt,L10,3,-0.21092604875863685,-0.09897106845798476,-0.14647071592508118,-0.1295150305586219,0.1119549803006521
MnTa3,L12,3,-0.9561711576597816,-0.8453140206611067,-0.8854525352268278,-0.8548724273595951,0.11085713699867483
AuGa3,L12,6,0.6293537297397336,0.7396240532407603,0.7036898788898706,0.7183229819393375,0.11027032350102672
NiPt,L10,4,-0.28446454155252354,-0.17447218225331085,-0.22159457792892567,-0.21372079395493415,0.1099923592992127
SnTa3,L12,2,-1.0599544232599953,-0.9499782547599978,-1.0049663390099965,-1.0049663390099965,0.10997616849999758
NiRe3,L12,3,-0.5993545396549678,-0.4905503654581196,-0.5316195093900831,-0.5049536230571618,0.10880417419684818
OsRe,L10,5,-0.45477814415696116,-0.34637615425796753,-0.3917442251773252,-0.3810259059564203,0.10840198989899363
AuW3,L12,2,-1.0323465695609855,-0.9239853967582974,-0.9781659831596414,-0.9781659831596414,0.10836117280268809
NbV,L10,4,-0.9187873421569464,-0.8104936535591776,-0.8712325916576162,-0.8778246854571705,0.10829368859776878
Ru3Sc,L12,3,-0.5850383584574672,-0.4768275285595962,-0.5488462201916585,-0.5846727735579123,0.10821082989787101
MnTc3,L12,3,-0.5818177550563348,-0.4736799877564124,-0.5343946623230617,-0.5476862441564379,0.10813776729992242
TiY,L10,4,-0.9631374078589658,-0.8566759978593552,-0.9067791624592871,-0.9036516220594137,0.10646140999961062
GaTc3,L12,2,-0.5397026962591269,-0.43389789695990544,-0.4868002966095162,-0.4868002966095162,0.10580479929922149
NbTc3,L12,4,-0.7178890964596292,-0.6125221282590871,-0.6774301905097388,-0.6896547686601195,0.10536696820054203
TiW,L10,4,-0.9260783602576055,-0.8216314089576997,-0.8727483676811687,-0.8716418507546848,0.10444695129990578
Al3In,L12,3,0.2749036857922249,0.3787702182917485,0.3274757619520017,0.3287533817720316,0.1038665324995236
CoMn3,L12,2,-0.6750926645536026,-0.5722582598527595,-0.623675462203181,-0.623675462203181,0.10283440470084315
PbTa3,L12,2,-1.0422403565598586,-0.9396790180571486,-0.9909596873085036,-0.9909596873085036,0.10256133850270999
AuZn,L10,7,0.524432211947925,0.6265208886480025,0.5759059070467133,0.5814487687466965,0.10208867670007749
FeTc3,L12,3,-0.6634664647562829,-0.5618972533584099,-0.596453760724188,-0.5639975640578712,0.101569211397873
IrRh3,L12,3,-0.239029285755322,-0.13877628895622252,-0.20332876645652695,-0.2321807246580363,0.10025299679909949
Os3Re,L12,3,-0.37543886465843457,-0.2760164953569699,-0.33142145799165706,-0.34280901395956676,0.09942236930146464
MnSc,L10,2,-0.7527115043585297,-0.6537456060604825,-0.7032285552095061,-0.7032285552095061,0.09896589829804725
Ru3W,L12,4,-0.5661823660584275,-0.4676385162556187,-0.5002388766069714,-0.4835673120569197,0.09854384980280884
Ta3Tc,L12,2,-1.2990371793593738,-1.2006402710566988,-1.2498387252080363,-1.2498387252080363,0.098396908302675
RhSn,L10,2,0.20759020523931326,0.30593064993902885,0.25676042758917106,0.25676042758917106,0.09834044469971559
YZr3,L12,2,-0.9724526809577299,-0.8753734839583274,-0.9239130824580286,-0.9239130824580286,0.09707919699940248
Cd3In,L12,7,0.7558789094410088,0.8528981054414828,0.7927816082560274,0.7701293751424885,0.09701919600047404
AgRh3,L12,2,-0.450878344657184,-0.35460093116032,-0.402739637908752,-0.402739637908752,0.09627741349686403
CrRh3,L12,3,-0.4214436547581215,-0.32531944126000667,-0.3586641349589949,-0.3292293088588565,0.09612421349811484
AgPt3,L12,5,-0.3025258254556036,-0.20662052756139815,-0.26883780569966687,-0.27989411746145265,0.09590529789420543
FePd,L10,5,0.03718925404339757,0.13279332194454696,0.09231222510227895,0.12312294034293814,0.09560406790114939
MoZr3,L12,2,-1.0432210548596856,-0.9485145544594786,-0.9958678046595821,-0.9958678046595821,0.094706500400207
FeIr3,L12,3,-0.26235964595886685,-0.16813614766121532,-0.22909735739355597,-0.25679627856058573,0.09422349829765153
WZr3,L12,2,-1.0317967635591856,-0.9389464876576028,-0.9853716256083942,-0.9853716256083942,0.09285027590158279
GaIr3,L12,3,-0.27271711495902196,-0.17997514046052743,-0.23730884595864646,-0.25923428245639,0.09274197449849453
FeRh3,L12,3,-0.32335477925786904,-0.23099893426021367,-0.2647033171260489,-0.23975623786006395,0.09235584499765537
CdNi3,L12,2,-0.49511262616485396,-0.40326699455815174,-0.44918981036150285,-0.44918981036150285,0.09184563160670223
CuIr3,L12,3,-0.2681845147589854,-0.1764771170555548,-0.23481306319108816,-0.25977755775872424,0.09170739770343062
CdPb,L10,5,0.6613563580404218,0.7528766775403994,0.7009689763612471,0.6895442224422652,0.09152031949997763
PbRu,L10,2,-0.21768467625858534,-0.12623905205961705,-0.1719618641591012,-0.1719618641591012,0.09144562419896829
MnMo,L10,4,-0.6508342600563708,-0.5598468755588044,-0.6145354644831684,-0.6237303611587492,0.09098738449756638
CuPb,L10,3,0.26229991704261124,0.35320076934388567,0.29547141030922336,0.2709135445411732,0.09090085230127443
HfRu3,L12,2,-0.6367160417566708,-0.546526086759485,-0.5916210642580779,-0.5916210642580779,0.09018995499718585
Al3Ga,L12,3,0.29572570064286197,0.3853435362407538,0.35133125654195396,0.37292453274224613,0.08961783559789183
Ni3Os,L12,2,-0.4447194561571166,-0.3553534619631762,-0.4000364590601464,-0.4000364590601464,0.08936599419394042
Nb3Sn,L12,2,-1.0363595684602558,-0.9486605435585886,-0.9925100560094222,-0.9925100560094222,0.08769902490166714
TaTi3,L12,4,-1.0164245085570371,-0.9295040013557525,-0.978328877256871,-0.9836934995573472,0.08692050720128464
CdSn3,L12,2,0.8041487751407033,0.8904158009400192,0.8472822880403612,0.8472822880403612,0.08626702579931589
HfTa,L10,4,-0.9892985684591338,-0.903726793559116,-0.9469944925585594,-0.9474763041079939,0.08557177490001777
Al3Cd,L12,3,0.30151587497132937,0.3850941438913935,0.34822829708479236,0.35807487239165425,0.08357826892006415
BiRu,L10,2,-0.09315232225614523,-0.010094607055151528,-0.05162346465564838,-0.05162346465564838,0.0830577152009937
HfMo,L10,4,-0.8695185465576003,-0.7864857298581853,-0.8212795658073162,-0.8145569934067396,0.08303281669941498
Bi,A1,2,0.9373754384442066,1.0202652593443702,0.9788203488942884,0.9788203488942884,0.08288982090016361
NiPd,L10,3,-0.2947020083583709,-0.21192797185992163,-0.248040290126454,-0.2374908901610695,0.08277403649844928
CdZn,L10,5,0.5824954546415313,0.6647448556405209,0.6182827510196433,0.6143028412416527,0.08224940099898959
TlZr3,L12,2,-1.1165911091584064,-1.0350478435566117,-1.075819476357509,-1.075819476357509,0.0815432656017947
PdPt3,L12,6,-0.2856422502581779,-0.20418388426239176,-0.24732161487703289,-0.25056357915943295,0.08145836599578615
CdRu3,L12,2,-0.48286859175911445,-0.4022102404587429,-0.44253941610892866,-0.44253941610892866,0.08065835130037158
ScTi3,L12,4,-0.9967290449594373,-0.9169969691601807,-0.9525979967847604,-0.9483329865097119,0.07973207579925656
Mn3Mo,L12,2,-0.5378897378568297,-0.45831127025937235,-0.498100504058101,-0.498100504058101,0.07957846759745735
Fe3Pb,L12,2,0.35082562363916736,0.4301034054379045,0.3904645145385359,0.3904645145385359,0.07927778179873712
Nb3Zn,L12,2,-1.0538035620620292,-0.9747139469609181,-1.0142587545114736,-1.0142587545114736,0.07908961510111112
Pb,A1,3,0.7541599663427689,0.8330755646429964,0.7979091141093685,0.8064918113423403,0.07891559830022743
HgPb,L10,2,0.8996727054409632,0.9781662552423143,0.9389194803416387,0.9389194803416387,0.07849354980135104
Au3Ga,L12,2,0.4808360374418328,0.5587201882417787,0.5197781128418058,0.5197781128418058,0.07788415079994593
HfTi3,L12,2,-1.0188369337547272,-0.9421069538575182,-0.9804719438061227,-0.9804719438061227,0.07672997989720898
InRh,L10,2,-0.14365801125583744,-0.06701293085549764,-0.10533547105566754,-0.10533547105566754,0.0766450804003398
Rh3Tc,L12,2,-0.3736218244584677,-0.29746831766075843,-0.33554507105961306,-0.33554507105961306,0.07615350679770927
FeSc,L10,4,-0.7481535975593658,-0.6724135677568199,-0.7095303715577472,-0.7087771604574016,0.0757400298025459
HfSc3,L12,3,-1.0084736143571433,-0.934567223658604,-0.9658710182244571,-0.954572216657624,0.07390639069853933
Au3Bi,L12,4,0.32530338644303924,0.39869657043985285,0.3573364574913569,0.35267293654126775,0.0733931839968136
HfTc3,L12,2,-0.7590604644601342,-0.685946605360158,-0.7225035349101461,-0.7225035349101461,0.07311385909997625
Ni3Tc,L12,2,-0.40934778635616453,-0.3367529843589807,-0.3730503853575726,-0.3730503853575726,0.07259480199718382
MoRu3,L12,2,-0.5634327917568669,-0.4912488816580378,-0.5273408367074524,-0.5273408367074524,0.07218391009882907
Sc3W,L12,3,-1.0241894129567015,-0.9526921821552321,-0.9939721235899034,-1.0050347756577764,0.07149723080146941
FeLa3,L12,2,-0.6816263899590638,-0.6103382785576912,-0.6459823342583775,-0.6459823342583775,0.07128811140137259
SnTa,L10,2,-0.042844187856616145,0.027573839540337985,-0.00763517415813908,-0.00763517415813908,0.07041802739695413
Al3Sc,L12,2,-0.23496131991757352,-0.16687217886826033,-0.20091674939291693,-0.20091674939291693,0.06808914104931318
BiCd3,L12,3,0.6993060342402089,0.7662880801408676,0.7219714843071093,0.7003203385402514,0.0669820459006587
TlY3,L12,2,-1.1113915579580578,-1.0446467953579202,-1.078019176657989,-1.078019176657989,0.06674476260013762
PbRh3,L12,2,-0.4634393915575572,-0.3971204871586167,-0.43027993935808695,-0.43027993935808695,0.0663189043989405
IrZr3,L12,2,-1.0892386343575424,-1.0230887125607921,-1.0561636734591673,-1.0561636734591673,0.06614992179675028
InTa3,L12,2,-1.0621582732592003,-0.9960488964597687,-1.0291035848594845,-1.0291035848594845,0.06610937679943163
BiIn,L10,2,0.8237215154413491,0.8890929194431294,0.8564072174422392,0.8564072174422392,0.06537140400178032
MnRh3,L12,3,-0.3174666439581131,-0.2523506187598912,-0.2774829621584729,-0.26263162375741445,0.0651160251982219
LaTa3,L12,2,-0.7127434237581554,-0.6479980175563185,-0.6803707206572369,-0.6803707206572369,0.06474540620183689
SnV3,L12,2,-0.9846270541592901,-0.920232130559242,-0.952429592359266,-0.952429592359266,0.06439492360004806
Al3V,L12,2,-0.019722538907416265,0.04402883543210123,0.012153148262342484,0.012153148262342484,0.0637513743395175
BiTc,L10,2,-0.3105365848559529,-0.24736875855793983,-0.2789526717069464,-0.2789526717069464,0.0631678262980131
InZr3,L12,2,-1.091705890458769,-1.028911676558863,-1.060308783508816,-1.060308783508816,0.06279421389990603
Ta3Tl,L12,2,-1.0621950086560616,-0.9996599831565334,-1.0309274959062975,-1.0309274959062975,0.06253502549952827
TlZn,L10,3,0.5333062523432375,0.594411455641449,0.5719493199755542,0.5881302519419762,0.06110520329821156
HgV3,L12,2,-1.0455620502570753,-0.9860952443586655,-1.0158286473078704,-1.0158286473078704,0.0594668058984098
RuTi3,L12,2,-1.1279100925557657,-1.068624378355679,-1.0982672354557224,-1.0982672354557224,0.05928571420008666
CrTa3,L12,2,-1.1248591521570859,-1.0656025542548093,-1.0952308532059476,-1.0952308532059476,0.05925659790227655
IrV3,L12,2,-1.0334248206590644,-0.9743034632583374,-1.0038641419587009,-1.0038641419587009,0.05912135740072699
Ni3Ti,L12,2,-0.48734785766188793,-0.4282477251608441,-0.457797791411366,-0.457797791411366,0.059100132501043845
Nb3Pb,L12,2,-1.0178737869564145,-0.9596910862591983,-0.9887824366078064,-0.9887824366078064,0.058182700697216205
IrNi3,L12,4,-0.3343985194651111,-0.2763099700596001,-0.3001905785376664,-0.2950269123129772,0.058088549405511
MnNi3,L12,2,-0.4143813481559562,-0.3566280431614075,-0.38550469565868184,-0.38550469565868184,0.05775330499454867
Ta3Zn,L12,2,-1.0691352721541705,-1.011778028753696,-1.0404566504539332,-1.0404566504539332,0.057357243400474545
GaRh,L10,2,-0.017959513358590584,0.03899377703876894,0.010517131840089178,0.010517131840089178,0.056953290397359524
Tl,A1,3,0.952849191839988,1.0093979850398966,0.9832346022410073,0.9874566298431375,0.05654879319990869
CuSn3,L12,2,0.9081010234376947,0.9639870833425732,0.936044053390134,0.936044053390134,0.05588605990487849
AgNb3,L12,2,-1.039290914660313,-0.9835949262587462,-1.0114429204595297,-1.0114429204595297,0.055695988401566865
Co3La,L12,3,-0.3811193770588659,-0.3290686256577544,-0.3637056333600128,-0.3809288973634182,0.052050751401111484
Ta3Ti,L12,2,-1.0443250206580785,-0.9927003995571511,-1.0185127101076148,-1.0185127101076148,0.05162462110092747
MoTc,L10,4,-0.7153773497584268,-0.6641672940558863,-0.6841145309572028,-0.678456740007249,0.05121005570254056
AlTa3,L12,2,-1.0317385311600162,-0.9812679447595372,-1.0065032379597767,-1.0065032379597767,0.05047058640047908
RhZr3,L12,2,-1.0970574172597196,-1.0467273777603339,-1.0718923975100267,-1.0718923975100267,0.05033003949938575
Al3Mo,L12,4,0.1472798464319851,0.19739260307235895,0.166716427717148,0.161096630682124,0.050112756640373846
ZnZr3,L12,2,-1.0478193706576064,-0.9981677108580413,-1.022993540757824,-1.022993540757824,0.049651659799565095
Pd3Tc,L12,2,-0.3018165607563503,-0.2523191895588468,-0.27706787515759856,-0.27706787515759856,0.049497371197503526
FeTa3,L12,2,-1.0007093901576525,-0.9512846733550475,-0.97599703175635,-0.97599703175635,0.04942471680260496
CdV3,L12,2,-1.0439628371559309,-0.9949963601565912,-1.019479598656261,-1.019479598656261,0.04896647699933965
Ag3Hf,L12,2,-0.297241238759824,-0.24890470515580887,-0.27307297195781643,-0.27307297195781643,0.04833653360401513
MoTa3,L12,2,-1.2211973831572038,-1.1731943250588017,-1.1971958541080028,-1.1971958541080028,0.04800305809840211
Sc3Y,L12,2,-0.9760543797592334,-0.9285582697584402,-0.9523063247588368,-0.9523063247588368,0.047496110000793124
RhTl,L10,4,-0.11673234695896895,-0.0694590981611043,-0.09289211338543168,-0.09268850421082675,0.04727324879786465
BiRh3,L12,2,-0.426395854457013,-0.3791235580565342,-0.4027597062567736,-0.4027597062567736,0.04727229640047881
MoTa,L10,2,-0.8092143102576017,-0.7623816138575137,-0.7857979620575577,-0.7857979620575577,0.046832696400088025
Ru3Tc,L12,2,-0.49692068645796894,-0.45043996925866736,-0.47368032785831815,-0.47368032785831815,0.04648071719930158
BiRh,L10,3,0.010456654542423394,0.056905534443131955,0.04015348087556466,0.053098253641138626,0.04644887990070856
GaV3,L12,2,-1.0459566152630657,-0.999525558857357,-1.0227410870602114,-1.0227410870602114,0.04643105640570866
HgZr3,L12,2,-1.0851435931571984,-1.0389804328578691,-1.0620620130075338,-1.0620620130075338,0.04616316029932932
AuZr3,L12,2,-1.0465269659570993,-1.0007800037592176,-1.0236534848581584,-1.0236534848581584,0.04574696219788166
Ru3Ti,L12,2,-0.5643566181560971,-0.5193055871559125,-0.5418311026560048,-0.5418311026560048,0.045051031000184594
VZn3,L12,3,-0.38612082945380166,-0.3418564794546626,-0.36426337605520115,-0.36481281925713915,0.044264349999139085
ReV3,L12,2,-0.9895086402566164,-0.9465165585597504,-0.9680125994081834,-0.9680125994081834,0.04299208169686608
PbZr3,L12,2,-1.0787992590585134,-1.0369749538612894,-1.0578871064599014,-1.0578871064599014,0.04182430519722402
HgY3,L12,2,-1.1136935050571708,-1.0747220413568073,-1.094207773206989,-1.094207773206989,0.03897146370036353
PbRh,L10,2,0.033844566839462686,0.07209234374116136,0.05296845529031202,0.05296845529031202,0.03824777690169867
SnZn,L10,3,0.5590407383433842,0.5948147283425271,0.5749800331744742,0.5710846328375112,0.03577398999914294
Fe3Mo,L12,2,-0.5932589175563123,-0.5583981415538517,-0.575828529555082,-0.575828529555082,0.034860776002460625
Al3Pt,L12,4,0.45028268748049527,0.48442698773126835,0.46720007286106124,0.4670453081162407,0.034144300250773085
FePd3,L12,2,-0.15939761986280132,-0.12579741125861688,-0.1425975155607091,-0.1425975155607091,0.033600208604184445
Hf3Hg,L12,2,-1.1037337303559696,-1.0712819781574296,-1.0875078542566996,-1.0875078542566996,0.03245175219853991
TaZn3,L12,3,-0.5540522114524435,-0.5218196469567999,-0.5353168108209824,-0.5300785740537037,0.0322325644956436
AgFe3,L12,2,0.8750464030463547,0.9072695796430992,0.891157991344727,0.891157991344727,0.03222317659674445
IrSc3,L12,2,-1.1564397317588089,-1.1247198297596412,-1.140579780759225,-1.140579780759225,0.03171990199916763
Tl3Y,L12,3,0.22982762024278713,0.2611732296436742,0.2437681482427839,0.24030359484189034,0.03134560940088704
GaTa3,L12,2,-1.0281375126569117,-0.9973426616624863,-1.012740087159699,-1.012740087159699,0.03079485099442536
HgPt,L10,2,-0.15377357115627888,-0.1266533453553791,-0.14021345825582898,-0.14021345825582898,0.02712022580089979
BiRu3,L12,2,-0.48740731455743,-0.4624791018568146,-0.4749432082071223,-0.4749432082071223,0.024928212700615404
RhSc3,L12,2,-1.1447542111590963,-1.1199036869611234,-1.1323289490601098,-1.1323289490601098,0.024850524197972845
PbTa,L10,2,-0.3629775474573478,-0.3383448503581974,-0.3506611989077726,-0.3506611989077726,0.02463269709915039
GaSc3,L12,2,-1.1606232099574925,-1.1364214051600072,-1.1485223075587498,-1.1485223075587498,0.024201804797485238
AgSc3,L12,2,-1.1699184827584475,-1.1457414402566144,-1.157829961507531,-1.157829961507531,0.024177042501833057
ScZn3,L12,3,-0.1618719510579183,-0.13770402445422292,-0.15125964742186207,-0.15420296675344503,0.024167926603695378
Ag3Ta,L12,3,-0.47959356565749545,-0.4560328610523072,-0.4701838237878917,-0.4749250446538724,0.02356070460518822
FePb,L10,2,0.15743772003864365,0.18097774394212252,0.16920773199038308,0.16920773199038308,0.02354002390347887
Al3Tl,L12,3,0.38560054775192043,0.40864233127197735,0.39832318492884156,0.4007266757626269,0.023041783520056924
CuLa3,L12,2,-0.6943588686580995,-0.6720403636599883,-0.6831996161590439,-0.6831996161590439,0.022318504998111166
Sc3Sn,L12,2,-1.165852421657263,-1.1436235781575022,-1.1547379999073826,-1.1547379999073826,0.022228843499760842
AuTa3,L12,2,-1.1318215928576763,-1.1096960166568977,-1.120758804757287,-1.120758804757287,0.022125576200778596
CuHf3,L12,2,-1.0394257471552635,-1.0176411295533114,-1.0285334383542875,-1.0285334383542875,0.02178461760195205
AgRu3,L12,2,-0.43057865235365966,-0.40894396945711264,-0.41976131090538615,-0.41976131090538615,0.02163468289654702
AgTi3,L12,2,-1.1141933780590705,-1.0927524402604547,-1.1034729091597626,-1.1034729091597626,0.021440937798615778
SnTi3,L12,2,-1.1064120107575661,-1.0851210076570794,-1.0957665092073228,-1.0957665092073228,0.021291003100486705
PtZn,L10,2,-0.18441726285433901,-0.16343565315671071,-0.17392645800552486,-0.17392645800552486,0.0209816096976283
FeSc3,L12,2,-1.139676566958741,-1.1187512848582344,-1.1292139259084877,-1.1292139259084877,0.020925282100506593
Sc3Ti,L12,3,-0.9985587384571488,-0.9777710099578769,-0.9903912415905344,-0.9948439763565773,0.020787728499271907
GaPd3,L12,2,-0.2286773950608847,-0.20790844235941108,-0.2182929187101479,-0.2182929187101479,0.02076895270147361
PtSc3,L12,2,-1.1554723671569889,-1.1348205594576655,-1.1451464633073272,-1.1451464633073272,0.0206518076993234
SnZr3,L12,2,-1.0477011371576452,-1.027707028656522,-1.0377040829070836,-1.0377040829070836,0.019994108501123264
AuSc3,L12,2,-1.1755339598593935,-1.1563134709567464,-1.16592371540807,-1.16592371540807,0.019220488902647048
GaOs3,L12,3,-0.30655841655877225,-0.2874278612571004,-0.29854616062369627,-0.3016522040552161,0.019130555301671848
ScTl3,L12,3,0.18612681804100362,0.2048550529407578,0.19552862324147213,0.195603998742655,0.01872823489975417
CrV3,L12,2,-1.033015153158857,-1.0152416296577655,-1.0241283914083112,-1.0241283914083112,0.017773523501091404
NbSc3,L12,3,-0.9757647145588351,-0.9586050798561416,-0.9697362592235569,-0.9748389832556938,0.017159634702693438
La3Rh,L12,2,-0.6802345276582571,-0.6630803352590817,-0.6716574314586694,-0.6716574314586694,0.017154192399175372
NiRh,L10,3,-0.2919482163551663,-0.27495389086013233,-0.28282950025850556,-0.2815863935602181,0.01699432549503399
RuTl,L10,2,-0.31489829745530074,-0.2986284750577113,-0.306763386256506,-0.306763386256506,0.01626982239758945
HgSc3,L12,2,-1.1866740283576007,-1.1705058404577073,-1.178589934407654,-1.178589934407654,0.016168187899893383
V3Zn,L12,2,-1.065601193556148,-1.0494389921577465,-1.0575200928569473,-1.0575200928569473,0.01616220139840152
HgTa3,L12,2,-1.0718248452567138,-1.0557000595572106,-1.0637624524069622,-1.0637624524069622,0.016124785699503263
Co3V,L12,2,-0.5055949953593597,-0.4896923904588846,-0.49764369290912214,-0.49764369290912214,0.015902604900475126
OsTi3,L12,2,-1.0860901411606108,-1.070290123260719,-1.0781901322106648,-1.0781901322106648,0.015800017899891827
AuV3,L12,2,-1.020260497359203,-1.004488098958035,-1.012374298158619,-1.012374298158619,0.015772398401168175
PbSc3,L12,2,-1.1693530301590442,-1.1535848495577454,-1.1614689398583948,-1.1614689398583948,0.01576818060129881
Hf3Pb,L12,2,-1.0606635519606868,-1.0451889821588054,-1.0529262670597461,-1.0529262670597461,0.015474569801881444
CdSc3,L12,2,-1.1753614396575074,-1.160324428959001,-1.1678429343082541,-1.1678429343082541,0.015037010698506492
CdTa3,L12,2,-1.0698910682576468,-1.0549313378605518,-1.0624112030590993,-1.0624112030590993,0.014959730397094972
CdPd3,L12,2,-0.28096134795757166,-0.2664334622595277,-0.2736974051085497,-0.2736974051085497,0.014527885698043974
BiMn,L10,2,0.4562210277445331,0.4700225055430849,0.463121766643809,0.463121766643809,0.013801477798551787
PbV3,L12,2,-0.9390292102570754,-0.9255783511570996,-0.9323037807070875,-0.9323037807070875,0.013450859099975787
AuIr,L10,2,-0.25040650135903775,-0.23748599215738864,-0.2439462467582132,-0.2439462467582132,0.01292050920164911
ScTc,L10,2,-0.8403143370587429,-0.8278409107578852,-0.8340776239083141,-0.8340776239083141,0.012473426300857682
CdPt,L10,2,-0.2506792955600474,-0.2393981360573605,-0.24503871580870396,-0.24503871580870396,0.011281159502686933
ReTi3,L12,2,-1.0734563038558633,-1.062204260556399,-1.0678302822061312,-1.0678302822061312,0.011252043299464276
NbTa3,L12,2,-1.0850588297571164,-1.0741500580579384,-1.0796044439075274,-1.0796044439075274,0.010908771699178033
MnY3,L12,2,-1.0687000260577122,-1.0581875881570966,-1.0634438071074044,-1.0634438071074044,0.010512437900615623
GaRe,L10,2,-0.17632269245856946,-0.1664261842588246,-0.17137443835869703,-0.17137443835869703,0.009896508199744858
Ti3Tl,L12,2,-1.1234777662566273,-1.1152297236576203,-1.1193537449571238,-1.1193537449571238,0.008248042599007022
Au3Ni,L12,2,0.11235457954265371,0.11872694134311246,0.11554076044288308,0.11554076044288308,0.006372361800458748
InTi3,L12,2,-1.1078865956578454,-1.101696141958172,-1.1047913688080087,-1.1047913688080087,0.006190453699673526
InSc3,L12,2,-1.1649932221580173,-1.1592305313560871,-1.1621118767570522,-1.1621118767570522,0.005762690801930148
AlCd,L10,2,0.3112805440423756,0.3166362885413321,0.31395841629185384,0.31395841629185384,0.005355744498956483
AgV3,L12,2,-1.023126536357239,-1.0180890289547904,-1.0206077826560147,-1.0206077826560147,0.005037507402448682
Sc3Zn,L12,2,-1.1591781494598479,-1.1548376616583198,-1.1570079055590838,-1.1570079055590838,0.00434048780152807
GaTi3,L12,2,-1.0903123954585396,-1.087552752959681,-1.0889325742091103,-1.0889325742091103,0.0027596424988587387
Ta3Zr,L12,2,-0.9932436749613487,-0.990573829959402,-0.9919087524603754,-0.9919087524603754,0.002669845001946669
AuTi3,L12,2,-1.1019900248565762,-1.0995741981559775,-1.1007821115062768,-1.1007821115062768,0.0024158267005987
OsSc3,L12,2,-1.1284099655594844,-1.126526801758672,-1.1274683836590782,-1.1274683836590782,0.0018831638008123264
InNb3,L12,2,-1.0141778006609172,-1.0125391311584906,-1.013358465909704,-1.013358465909704,0.0016386695024266373
Sc3Tl,L12,2,-1.17476741526022,-1.173809302460512,-1.174288358860366,-1.174288358860366,0.000958112799708033
CdTi3,L12,2,-1.1196625941583704,-1.118840538259036,-1.1192515662087033,-1.1192515662087033,0.000822055899334373
PtY3,L12,2,-1.0487181625603341,-1.0479916186586422,-1.0483548906094882,-1.0483548906094882,0.0007265439016919117
PbTi3,L12,2,-1.1063676562580156,-1.1058079180574794,-1.1060877871577475,-1.1060877871577475,0.0005597382005362306
AuHg,L10,2,0.5184404011424988,0.5184522381396448,0.5184463196410718,0.5184463196410718,1.1836997146019712e-05
MoNb3,L12,1,-1.2987431604587698,-1.2987431604587698,-1.2987431604587698,-1.2987431604587698,0.0
MoSn,L10,1,-0.30261303795757044,-0.30261303795757044,-0.30261303795757044,-0.30261303795757044,0.0
AlPb,L10,1,0.31725684424330325,0.31725684424330325,0.31725684424330325,0.31725684424330325,0.0
FeTl,L10,1,-0.36002075845951254,-0.36002075845951254,-0.36002075845951254,-0.36002075845951254,0.0
MnTl,L10,1,1.574204135341489,1.574204135341489,1.574204135341489,1.574204135341489,0.0
FeSn3,L12,1,1.0284722127408088,1.0284722127408088,1.0284722127408088,1.0284722127408088,0.0
InRe3,L12,1,-0.5746485078588819,-0.5746485078588819,-0.5746485078588819,-0.5746485078588819,0.0
Cr3Zr,L12,1,0.2859297384430022,0.2859297384430022,0.2859297384430022,0.2859297384430022,0.0
Mo3V,L12,1,0.200890082241159,0.200890082241159,0.200890082241159,0.200890082241159,0.0
Cd3Tc,L12,1,-0.4756434251603139,-0.4756434251603139,-0.4756434251603139,-0.4756434251603139,0.0
CuHg3,L12,1,0.5045968818422182,0.5045968818422182,0.5045968818422182,0.5045968818422182,0.0
Tl3V,L12,1,1.0113510821402372,1.0113510821402372,1.0113510821402372,1.0113510821402372,0.0
PtSn3,L12,1,0.036444206442894256,0.036444206442894256,0.036444206442894256,0.036444206442894256,0.0
PdV3,L12,1,-0.998508397357881,-0.998508397357881,-0.998508397357881,-0.998508397357881,0.0
Co3Tl,L12,1,1.2518493743419015,1.2518493743419015,1.2518493743419015,1.2518493743419015,0.0
TlW,L10,1,-0.06852207425887968,-0.06852207425887968,-0.06852207425887968,-0.06852207425887968,0.0
CoIn3,L12,1,0.8620600422446216,0.8620600422446216,0.8620600422446216,0.8620600422446216,0.0
Fe3In,L12,1,1.7738788211436542,1.7738788211436542,1.7738788211436542,1.7738788211436542,0.0
PtTl,L10,1,-0.12949230905994114,-0.12949230905994114,-0.12949230905994114,-0.12949230905994114,0.0
FePb3,L12,1,0.8329180107439527,0.8329180107439527,0.8329180107439527,0.8329180107439527,0.0
MnPb,L10,1,2.739388517443359,2.739388517443359,2.739388517443359,2.739388517443359,0.0
AgHg3,L12,1,0.9169062191404294,0.9169062191404294,0.9169062191404294,0.9169062191404294,0.0
HfMo3,L12,1,0.14420904174133398,0.14420904174133398,0.14420904174133398,0.14420904174133398,0.0
HfNb3,L12,1,-0.9739582868560035,-0.9739582868560035,-0.9739582868560035,-0.9739582868560035,0.0
ReSn3,L12,1,-0.3791687289585468,-0.3791687289585468,-0.3791687289585468,-0.3791687289585468,0.0
CdRe,L10,1,-0.6615913283557973,-0.6615913283557973,-0.6615913283557973,-0.6615913283557973,0.0
PbV,L10,1,0.2872547969427899,0.2872547969427899,0.2872547969427899,0.2872547969427899,0.0
CdFe3,L12,1,0.7984746574448138,0.7984746574448138,0.7984746574448138,0.7984746574448138,0.0
RuV3,L12,1,-1.2229813614603415,-1.2229813614603415,-1.2229813614603415,-1.2229813614603415,0.0
RuSn3,L12,1,0.007796061444452107,0.007796061444452107,0.007796061444452107,0.007796061444452107,0.0
RhTi3,L12,1,-1.0930215608559308,-1.0930215608559308,-1.0930215608559308,-1.0930215608559308,0.0
AlIn,L10,1,0.2940169618423454,0.2940169618423454,0.2940169618423454,0.2940169618423454,0.0
RhY3,L12,1,0.05674838864163689,0.05674838864163689,0.05674838864163689,0.05674838864163689,0.0
RuZn3,L12,1,-0.3565236874628397,-0.3565236874628397,-0.3565236874628397,-0.3565236874628397,0.0
AuFe3,L12,1,1.0180645386363096,1.0180645386363096,1.0180645386363096,1.0180645386363096,0.0
Hg3Ni,L12,1,0.289998520643195,0.289998520643195,0.289998520643195,0.289998520643195,0.0
Au3Tl,L12,1,0.47772632054423525,0.47772632054423525,0.47772632054423525,0.47772632054423525,0.0
AuBi,L10,1,0.4926344853420517,0.4926344853420517,0.4926344853420517,0.4926344853420517,0.0
Hg3Mn,L12,1,0.2647281248437423,0.2647281248437423,0.2647281248437423,0.2647281248437423,0.0
Mn3V,L12,1,-0.457629080857231,-0.457629080857231,-0.457629080857231,-0.457629080857231,0.0
AlCo3,L12,1,-0.5420023303513233,-0.5420023303513233,-0.5420023303513233,-0.5420023303513233,0.0
AlHg,L10,1,0.32567169256347483,0.32567169256347483,0.32567169256347483,0.32567169256347483,0.0
CrNi3,L12,1,-0.5695141278547169,-0.5695141278547169,-0.5695141278547169,-0.5695141278547169,0.0
CrNb3,L12,1,0.19181739874059645,0.19181739874059645,0.19181739874059645,0.19181739874059645,0.0
Nb3Ru,L12,1,-0.020986643757140655,-0.020986643757140655,-0.020986643757140655,-0.020986643757140655,0.0
BiW,L10,1,-0.8800546583579205,-0.8800546583579205,-0.8800546583579205,-0.8800546583579205,0.0
BiSc,L10,1,-0.30859790975861756,-0.30859790975861756,-0.30859790975861756,-0.30859790975861756,0.0
BiSn,L10,1,0.9018761473426196,0.9018761473426196,0.9018761473426196,0.9018761473426196,0.0
PbW,L10,1,-0.47317494435898766,-0.47317494435898766,-0.47317494435898766,-0.47317494435898766,0.0
MoV3,L12,1,-1.2635298609556855,-1.2635298609556855,-1.2635298609556855,-1.2635298609556855,0.0
LaV,L10,1,0.06905650574211109,0.06905650574211109,0.06905650574211109,0.06905650574211109,0.0
LaOs,L10,1,-0.9485461197573102,-0.9485461197573102,-0.9485461197573102,-0.9485461197573102,0.0
LaNi3,L12,1,1.153537365645235,1.153537365645235,1.153537365645235,1.153537365645235,0.0
ReTl3,L12,1,1.017162889443199,1.017162889443199,1.017162889443199,1.017162889443199,0.0
CrSc,L10,1,-0.9091928802581322,-0.9091928802581322,-0.9091928802581322,-0.9091928802581322,0.0
Co3Pb,L12,1,-0.3410001371584883,-0.3410001371584883,-0.3410001371584883,-0.3410001371584883,0.0
Cr3Hf,L12,1,0.13801573074036355,0.13801573074036355,0.13801573074036355,0.13801573074036355,0.0
Hg3Ir,L12,1,-0.47069653165723935,-0.47069653165723935,-0.47069653165723935,-0.47069653165723935,0.0
Al3Bi,L12,1,0.3132471107410595,0.3132471107410595,0.3132471107410595,0.3132471107410595,0.0
CoTi3,L12,1,-1.0623380043607256,-1.0623380043607256,-1.0623380043607256,-1.0623380043607256,0.0
CoV3,L12,1,-1.0710604774567116,-1.0710604774567116,-1.0710604774567116,-1.0710604774567116,0.0
FeNb3,L12,1,-0.9777507374555796,-0.9777507374555796,-0.9777507374555796,-0.9777507374555796,0.0
OsV3,L12,1,-1.1901901473601981,-1.1901901473601981,-1.1901901473601981,-1.1901901473601981,0.0
OsTl3,L12,1,1.019189321244113,1.019189321244113,1.019189321244113,1.019189321244113,0.0
OsPb3,L12,1,-0.5384339654583243,-0.5384339654583243,-0.5384339654583243,-0.5384339654583243,0.0
Hg3Re,L12,1,-0.8287088178576312,-0.8287088178576312,-0.8287088178576312,-0.8287088178576312,0.0
IrY3,L12,1,-0.08683397495676104,-0.08683397495676104,-0.08683397495676104,-0.08683397495676104,0.0
IrTl,L10,1,-0.2954856962596466,-0.2954856962596466,-0.2954856962596466,-0.2954856962596466,0.0
IrSn3,L12,1,-0.16756606915711814,-0.16756606915711814,-0.16756606915711814,-0.16756606915711814,0.0
La3Ni,L12,1,-0.06490881055921705,-0.06490881055921705,-0.06490881055921705,-0.06490881055921705,0.0
Co3Sn,L12,1,0.821398071341747,0.821398071341747,0.821398071341747,0.821398071341747,0.0
La3Pt,L12,1,-0.006656856959097013,-0.006656856959097013,-0.006656856959097013,-0.006656856959097013,0.0
Ni3Pb,L12,1,-0.4663587649619956,-0.4663587649619956,-0.4663587649619956,-0.4663587649619956,0.0
Ni3Ru,L12,1,-0.34792801945783935,-0.34792801945783935,-0.34792801945783935,-0.34792801945783935,0.0
HgMo,L10,1,0.3753417199414173,0.3753417199414173,0.3753417199414173,0.3753417199414173,0.0
Hg3Sn,L12,1,0.9812795097432456,0.9812795097432456,0.9812795097432456,0.9812795097432456,0.0
FeHg3,L12,1,0.24073639194196517,0.24073639194196517,0.24073639194196517,0.24073639194196517,0.0
BiCu,L10,1,0.17446551554260736,0.17446551554260736,0.17446551554260736,0.17446551554260736,0.0
Al3Ni,L12,1,0.526165168842482,0.526165168842482,0.526165168842482,0.526165168842482,0.0
BiLa,L10,1,-0.33760184355830347,-0.33760184355830347,-0.33760184355830347,-0.33760184355830347,0.0
AuMn,L10,1,2.7355318480413473,2.7355318480413473,2.7355318480413473,2.7355318480413473,0.0
AuRe,L10,1,0.915233807544638,0.915233807544638,0.915233807544638,0.915233807544638,0.0
CoZn3,L12,1,-0.09890902655658351,-0.09890902655658351,-0.09890902655658351,-0.09890902655658351,0.0
NiSn3,L12,1,0.1846612129457128,0.1846612129457128,0.1846612129457128,0.1846612129457128,0.0
NiTl3,L12,1,0.8748961962419628,0.8748961962419628,0.8748961962419628,0.8748961962419628,0.0
BiGa,L10,1,0.8939351852395987,0.8939351852395987,0.8939351852395987,0.8939351852395987,0.0
Bi3Cu,L12,1,1.0283198289480708,1.0283198289480708,1.0283198289480708,1.0283198289480708,0.0
NiZr3,L12,1,-0.9371754347584726,-0.9371754347584726,-0.9371754347584726,-0.9371754347584726,0.0
Tc3Tl,L12,1,-0.4993483500611262,-0.4993483500611262,-0.4993483500611262,-0.4993483500611262,0.0
Tc3Y,L12,1,-0.8840906507566331,-0.8840906507566331,-0.8840906507566331,-0.8840906507566331,0.0
