comp,structure_inferred,facet_inferred,n_configs_official,facet_official,site_H_official,facet_match
Ag,A1,111,4,111,bridge|A_A|A|hollow|A_A_A|FCC|hollow|A_A_A|HCP|top|A,True
Al,A1,111,3,111,hollow|A_A_A|FCC|hollow|A_A_A|HCP|top|A,True
Au,A1,111,4,111,bridge|A_A|A|hollow|A_A_A|FCC|hollow|A_A_A|HCP|top|A,True
Bi,A1,111,2,111,hollow|A_A_A|FCC|hollow|A_A_A|HCP,True
Cd,A1,111,4,111,bridge|A_A|A|hollow|A_A_A|FCC|hollow|A_A_A|HCP|top|A,True
Co,A1,111,3,111,bridge|A_A|A|hollow|A_A_A|FCC|hollow|A_A_A|HCP,True
Cr,A1,111,3,111,hollow|A_A_A|FCC|hollow|A_A_A|HCP|top|A,True
Cu,A1,111,4,111,bridge|A_A|A|hollow|A_A_A|FCC|hollow|A_A_A|HCP|top|A,True
Fe,A1,111,1,111,hollow|A_A_A|HCP,True
Ga,A1,111,3,111,hollow|A_A_A|FCC|hollow|A_A_A|HCP|top|A,True
Hf,A1,111,4,111,bridge|A_A|A|hollow|A_A_A|FCC|hollow|A_A_A|HCP|top|A,True
In,A1,111,3,111,bridge|A_A|A|hollow|A_A_A|FCC|hollow|A_A_A|HCP,True
Ir,A1,111,4,111,bridge|A_A|A|hollow|A_A_A|FCC|hollow|A_A_A|HCP|top|A,True
La,A1,111,4,111,bridge|A_A|A|hollow|A_A_A|FCC|hollow|A_A_A|HCP|top|A,True
Mo,A1,111,3,111,hollow|A_A_A|FCC|hollow|A_A_A|HCP|top|A,True
Nb,A1,111,1,111,top|A,True
Os,A1,111,4,111,bridge|A_A|A|hollow|A_A_A|FCC|hollow|A_A_A|HCP|top|A,True
Pb,A1,111,2,111,bridge|A_A|A|hollow|A_A_A|FCC,True
Pd,A1,111,4,111,bridge|A_A|A|hollow|A_A_A|FCC|hollow|A_A_A|HCP|top|A,True
Pt,A1,111,4,111,bridge|A_A|A|hollow|A_A_A|FCC|hollow|A_A_A|HCP|top|A,True
Re,A1,111,4,111,bridge|A_A|A|hollow|A_A_A|FCC|hollow|A_A_A|HCP|top|A,True
Rh,A1,111,4,111,bridge|A_A|A|hollow|A_A_A|FCC|hollow|A_A_A|HCP|top|A,True
Ru,A1,111,2,111,bridge|A_A|A|top|A,True
Sc,A1,111,3,111,hollow|A_A_A|FCC|hollow|A_A_A|HCP|top|A,True
Sn,A1,111,4,111,bridge|A_A|A|hollow|A_A_A|FCC|hollow|A_A_A|HCP|top|A,True
Ta,A1,111,3,111,hollow|A_A_A|FCC|hollow|A_A_A|HCP|top|A,True
Tc,A1,111,0,,,
Ti,A1,111,3,111,hollow|A_A_A|FCC|hollow|A_A_A|HCP|top|A,True
Tl,A1,111,3,111,hollow|A_A_A|FCC|hollow|A_A_A|HCP|top|A,True
V,A1,111,0,,,
W,A1,111,3,111,hollow|A_A_A|FCC|hollow|A_A_A|HCP|top|A,True
Y,A1,111,3,111,hollow|A_A_A|FCC|hollow|A_A_A|HCP|top|A,True
Zn,A1,111,0,,,
Zr,A1,111,3,111,hollow|A_A_A|FCC|hollow|A_A_A|HCP|top|A,True
AgAl,L10,101,7,101,bridge|A_B|A|bridge|A_B|B|bridge|B_B|A|hollow|A_A_B|FCC|hollow|A_A_B|HCP|hollow|A_B_B|HCP|top|A,True
AgAu,L10,101,8,101,bridge|A_A|B|bridge|B_B|A|hollow|A_A_B|FCC|hollow|A_A_B|HCP|hollow|A_B_B|FCC|hollow|A_B_B|HCP|top|A|top|B,True
AgBi,L10,101,4,101,bridge|A_A|B|bridge|A_B|A|hollow-tilt|A_B_B|FCC|top|B,True
AgCd,L10,101,9,101,bridge|A_A|B|bridge|A_B|A|bridge|A_B|B|hollow|A_A_B|FCC|hollow|A_A_B|HCP|hollow|A_B_B|FCC|hollow|A_B_B|HCP|top|A|top|B,True
AgCo,L10,101,6,101,bridge|A_A|B|bridge|B_B|A|hollow-tilt|A_A_B|HCP|hollow|A_A_B|FCC|hollow|A_A_B|HCP|top|A,True
AgCu,L10,101,8,101,bridge|A_A|B|bridge|A_B|B|bridge|B_B|A|hollow|A_A_B|FCC|hollow|A_A_B|HCP|hollow|A_B_B|FCC|hollow|A_B_B|HCP|top|A,True
AgFe,L10,101,5,101,bridge|B_B|A|hollow|A_A_B|FCC|hollow|A_A_B|HCP|hollow|A_B_B|HCP|top|B,True
AgGa,L10,101,9,101,bridge|A_B|A|bridge|A_B|B|bridge|B_B|A|hollow|A_A_B|FCC|hollow|A_A_B|HCP|hollow|A_B_B|FCC|hollow|A_B_B|HCP|top-tilt|B|top|A,True
AgHf,L10,101,5,101,bridge|A_A|B|bridge|B_B|A|hollow|A_A_B|FCC|hollow|A_A_B|HCP|top|B,True
AgHg,L10,101,4,101,hollow|A_B_B|FCC|hollow|A_B_B|HCP|top|A|top|B,True
AgIn,L10,101,10,101,bridge|A_A|B|bridge|A_B|A|bridge|A_B|B|bridge|B_B|A|hollow|A_A_B|FCC|hollow|A_A_B|HCP|hollow|A_B_B|FCC|hollow|A_B_B|HCP|top|A|top|B,True
AgIr,L10,101,5,101,bridge|B_B|A|hollow-tilt|A_A_B|HCP|hollow|A_A_B|FCC|top-tilt|A|top-tilt|B,True
AgLa,L10,101,5,101,4fold|A_A_B_B|bridge|A_A|B|bridge|B_B|A|top|A|top|B,True
AgMn,L10,101,4,101,bridge|A_A|B|bridge|B_B|A|top|A|top|B,True
AgMo,L10,101,4,101,bridge|B_B|A|hollow|A_A_B|FCC|hollow|A_B_B|HCP|top|A,True
AgNb,L10,101,3,101,bridge|B_B|A|hollow|A_A_B|FCC|hollow|A_A_B|HCP,True
AgNi,L10,101,4,101,bridge|A_A|B|bridge|B_B|A|hollow-tilt|A_A_B|HCP|hollow|A_A_B|FCC,True
AgOs,L10,101,4,101,bridge|A_A|A|bridge|B_B|B|hollow-tilt|A_A_B|HCP|hollow-tilt|A_B_B|HCP,True
AgPb,L10,101,7,101,bridge|A_A|B|bridge|A_B|A|bridge|A_B|B|bridge|B_B|A|hollow|A_B_B|FCC|top|A|top|B,True
AgPd,L10,101,4,101,bridge|B_B|A|hollow|A_A_B|FCC|hollow|A_A_B|HCP|hollow|A_B_B|HCP,True
AgPt,L10,101,2,101,bridge|B_B|A|top|B,True
AgRe,L10,101,6,101,bridge|A_A|B|bridge|B_B|A|hollow-tilt|A_A_B|HCP|hollow|A_A_B|FCC|hollow|A_A_B|HCP|top|A,True
AgRh,L10,101,6,101,bridge|A_A|B|bridge|A_B|A|bridge|B_B|A|bridge|B_B|B|hollow-tilt|A_A_B|HCP|hollow|A_A_B|FCC,True
AgRu,L10,101,4,101,bridge|A_A|A|bridge|B_B|A|bridge|B_B|B|hollow|A_A_B|HCP,True
AgSc,L10,101,3,101,4fold|A_A_B_B|bridge|B_B|A|top|B,True
AgSn,L10,101,7,101,bridge|A_A|B|bridge|A_B|A|bridge|B_B|A|hollow|A_A_B|FCC|hollow|A_B_B|FCC|hollow|A_B_B|HCP|top|A,True
AgTa,L10,101,3,101,bridge|B_B|A|hollow|A_A_B|FCC|hollow|A_A_B|HCP,True
AgTc,L10,101,0,,,
AgTi,L10,101,5,101,bridge|A_A|B|bridge|B_B|A|hollow|A_A_B|FCC|hollow|A_A_B|HCP|hollow|A_B_B|FCC,True
AgTl,L10,101,4,101,bridge|A_A|B|hollow-tilt|A_B_B|FCC|top|A|top|B,True
AgV,L10,101,5,101,bridge-tilt|B_B|B|bridge|B_B|B|hollow|A_A_B|FCC|hollow|A_A_B|HCP|hollow|A_B_B|FCC,True
AgW,L10,101,3,101,bridge|B_B|A|hollow|A_A_B|FCC|hollow|A_A_B|HCP,True
AgY,L10,101,4,101,4fold|A_A_B_B|bridge|B_B|A|top|A|top|B,True
AgZn,L10,101,7,101,bridge|A_A|B|bridge|A_B|A|bridge|A_B|B|hollow|A_A_B|FCC|hollow|A_B_B|FCC|hollow|A_B_B|HCP|top|B,True
AgZr,L10,101,6,101,bridge|A_A|B|bridge|B_B|A|hollow|A_A_B|FCC|hollow|A_A_B|HCP|hollow|A_B_B|HCP|top|B,True
AlAu,L10,101,3,101,bridge|A_A|B|top|A|top|B,True
AlBi,L10,101,3,101,bridge|A_A|B|top-tilt|A|top|A,True
AlCd,L10,101,2,101,top|A|top|B,True
AlCo,L10,101,3,101,bridge|A_A|B|bridge|B_B|A|hollow|A_B_B|HCP,True
AlCr,L10,101,3,101,bridge|B_B|A|hollow|A_A_B|FCC|hollow|A_A_B|HCP,True
AlCu,L10,101,5,101,hollow|A_A_B|FCC|hollow|A_A_B|HCP|hollow|A_B_B|FCC|hollow|A_B_B|HCP|top|B,True
AlFe,L10,101,4,101,hollow-tilt|A_A_B|FCC|hollow|A_B_B|HCP|top|A|top|B,True
AlGa,L10,101,3,101,bridge|A_A|B|top|A|top|B,True
AlHf,L10,101,4,101,hollow|A_A_B|FCC|hollow|A_A_B|HCP|hollow|A_B_B|FCC|hollow|A_B_B|HCP,True
AlHg,L10,101,1,101,top-tilt|A,True
AlIn,L10,101,1,101,top|A,True
AlIr,L10,101,4,101,hollow|A_B_B|HCP|top-tilt|B|top|A|top|B,True
AlLa,L10,101,3,101,4fold|A_A_B_B|hollow-tilt|A_B_B|HCP|hollow|A_B_B|FCC,True
AlMn,L10,101,4,101,hollow|A_A_B|FCC|hollow|A_B_B|HCP|top|A|top|B,True
AlMo,L10,101,3,101,bridge|B_B|A|hollow|A_A_B|FCC|hollow|A_A_B|HCP,True
AlNb,L10,101,5,101,bridge|A_A|B|hollow|A_A_B|FCC|hollow|A_A_B|HCP|hollow|A_B_B|FCC|hollow|A_B_B|HCP,True
AlNi,L10,101,6,101,bridge|A_B|A|bridge|B_B|A|hollow|A_A_B|FCC|hollow|A_B_B|HCP|top|A|top|B,True
AlOs,L10,101,4,101,hollow|A_B_B|HCP|top-tilt|B|top|A|top|B,True
AlPb,L10,101,1,101,bridge|A_A|B,True
AlPd,L10,101,8,101,bridge|A_A|B|bridge|A_B|A|bridge|A_B|B|bridge|B_B|A|hollow|A_A_B|FCC|hollow|A_B_B|FCC|top|A|top|B,True
AlPt,L10,101,4,101,bridge|A_A|B|hollow|A_B_B|HCP|top|A|top|B,True
AlRe,L10,101,5,101,bridge|A_A|B|bridge|B_B|A|hollow|A_A_B|FCC|hollow|A_B_B|FCC|top|B,True
AlRh,L10,101,4,101,hollow-tilt|A_A_B|FCC|hollow|A_B_B|HCP|top|A|top|B,True
AlRu,L10,101,5,101,bridge|B_B|A|hollow|A_A_B|FCC|hollow|A_B_B|HCP|top|A|top|B,True
AlSc,L10,101,5,101,hollow|A_A_B|FCC|hollow|A_A_B|HCP|hollow|A_B_B|FCC|hollow|A_B_B|HCP|top|B,True
AlSn,L10,101,3,101,bridge|A_A|B|top|A|top|B,True
AlTa,L10,101,4,101,bridge|B_B|A|hollow|A_A_B|FCC|hollow|A_A_B|HCP|hollow|A_B_B|FCC,True
AlTc,L10,101,6,101,4fold|A_A_B_B|bridge|A_A|B|hollow|A_A_B|FCC|hollow|A_B_B|HCP|top|A|top|B,True
AlTi,L10,101,4,101,hollow|A_A_B|FCC|hollow|A_A_B|HCP|hollow|A_B_B|FCC|hollow|A_B_B|HCP,True
AlV,L10,101,5,101,bridge|B_B|A|hollow|A_A_B|FCC|hollow|A_A_B|HCP|hollow|A_B_B|FCC|hollow|A_B_B|HCP,True
AlW,L10,101,4,101,bridge|A_A|A|bridge|B_B|A|hollow|A_A_B|HCP|top|B,True
AlY,L10,101,6,101,4fold|A_A_B_B|bridge|B_B|A|hollow|A_A_B|FCC|hollow|A_B_B|FCC|top|A|top|B,True
AlZn,L10,101,5,101,bridge|A_A|B|bridge|A_B|B|hollow|A_A_B|FCC|hollow|A_B_B|FCC|top-tilt|B,True
AlZr,L10,101,6,101,bridge|B_B|A|hollow|A_A_B|FCC|hollow|A_A_B|HCP|hollow|A_B_B|FCC|hollow|A_B_B|HCP|top|A,True
AuBi,L10,101,1,101,hollow-tilt|A_B_B|FCC,True
AuCd,L10,101,3,101,bridge|A_A|B|hollow|A_B_B|FCC|top|B,True
AuCo,L10,101,6,101,bridge|A_A|B|bridge|B_B|A|hollow|A_A_B|FCC|hollow|A_A_B|HCP|hollow|A_B_B|HCP|top|A,True
AuCu,L10,101,5,101,bridge|A_A|B|hollow|A_A_B|FCC|hollow|A_A_B|HCP|hollow|A_B_B|FCC|hollow|A_B_B|HCP,True
AuFe,L10,101,6,101,bridge|B_B|A|hollow|A_A_B|FCC|hollow|A_A_B|HCP|hollow|A_B_B|HCP|top|A|top|B,True
AuHf,L10,101,4,101,bridge|B_B|A|hollow|A_A_B|FCC|hollow|A_B_B|FCC|top|B,True
AuHg,L10,101,2,101,bridge|A_A|B|bridge|B_B|A,True
AuIn,L10,101,4,101,bridge|A_A|B|bridge|B_B|A|top|A|top|B,True
AuIr,L10,101,2,101,bridge|B_B|A|top|B,True
AuLa,L10,101,3,101,4fold|A_A_B_B|bridge|A_A|B|bridge|B_B|A,True
AuMn,L10,101,1,101,bridge|B_B|A,True
AuMo,L10,101,4,101,bridge|A_B|A|bridge|B_B|A|top|A|top|B,True
AuNb,L10,101,5,101,bridge|A_A|B|bridge|B_B|A|hollow|A_A_B|FCC|hollow|A_A_B|HCP|top|B,True
AuNi,L10,101,5,101,bridge|A_A|B|bridge|B_B|A|hollow|A_A_B|FCC|hollow|A_A_B|HCP|top|B,True
AuPb,L10,101,5,101,bridge|A_A|B|bridge|B_B|A|top-tilt|A|top|A|top|B,True
AuPd,L10,101,3,101,bridge|B_B|A|hollow|A_A_B|FCC|hollow|A_B_B|HCP,True
AuPt,L10,101,3,101,bridge|B_B|A|hollow-tilt|A_A_B|FCC|top|B,True
AuRe,L10,101,1,101,top-tilt|B,True
AuRh,L10,101,5,101,bridge|B_B|A|hollow-tilt|A_A_B|HCP|hollow|A_A_B|FCC|hollow|A_B_B|FCC|top|B,True
AuSc,L10,101,3,101,bridge|A_A|B|bridge|B_B|A|hollow|A_A_B|HCP,True
AuSn,L10,101,5,101,bridge-tilt|A_B|B|bridge|A_A|B|bridge|A_B|B|bridge|B_B|A|top-tilt|A,True
AuTa,L10,101,3,101,bridge|B_B|A|hollow|A_A_B|FCC|top|B,True
AuTi,L10,101,5,101,bridge|A_A|B|bridge|B_B|A|hollow|A_A_B|FCC|hollow|A_A_B|HCP|hollow|A_B_B|FCC,True
AuTl,L10,101,4,101,bridge|A_A|B|top-tilt|A|top|A|top|B,True
AuV,L10,101,4,101,bridge|A_A|B|bridge|B_B|A|hollow|A_A_B|FCC|hollow|A_A_B|HCP,True
AuW,L10,101,5,101,bridge|A_A|B|bridge|B_B|A|hollow|A_A_B|FCC|hollow|A_B_B|FCC|top|B,True
AuY,L10,101,5,101,bridge|A_A|B|bridge|B_B|A|hollow|A_A_B|HCP|top|A|top|B,True
AuZn,L10,101,6,101,bridge|A_B|A|bridge|A_B|B|hollow|A_A_B|FCC|hollow|A_A_B|HCP|hollow|A_B_B|FCC|hollow|A_B_B|HCP,True
AuZr,L10,101,3,101,bridge|B_B|A|hollow|A_A_B|FCC|top|B,True
BiCu,L10,101,1,101,hollow-tilt|A_A_B|FCC,True
BiGa,L10,101,1,101,hollow|A_A_B|FCC,True
BiHf,L10,101,2,101,bridge|B_B|A|top|B,True
BiHg,L10,101,3,101,bridge|A_A|B|hollow-tilt|A_A_B|HCP|top-tilt|A,True
BiIn,L10,101,2,101,bridge|B_B|A|hollow|A_A_B|FCC,True
BiIr,L10,101,3,101,bridge|A_A|B|top-tilt|A|top|B,True
BiLa,L10,101,1,101,bridge|B_B|A,True
BiMn,L10,101,2,101,top|A|top|B,True
BiMo,L10,101,2,101,bridge|B_B|A|top|B,True
BiNb,L10,101,2,101,bridge|A_A|B|top|A,True
BiOs,L10,101,2,101,bridge|B_B|A|top|B,True
BiPb,L10,101,3,101,bridge-tilt|B_B|A|hollow-tilt|A_A_B|FCC|hollow|A_B_B|FCC,True
BiPd,L10,101,4,101,bridge|A_A|B|bridge|B_B|A|top-tilt|B|top|B,True
BiPt,L10,101,3,101,bridge|B_B|A|top-tilt|B|top|B,True
BiRe,L10,101,4,101,bridge|A_A|B|bridge|B_B|A|top|A|top|B,True
BiRh,L10,101,3,101,bridge|B_B|A|top|A|top|B,True
BiRu,L10,101,2,101,bridge|B_B|A|top|B,True
BiSc,L10,101,1,101,bridge|B_B|A,True
BiSn,L10,101,1,101,hollow|A_A_B|FCC,True
BiTc,L10,101,2,101,bridge|B_B|A|top|B,True
BiTi,L10,101,2,101,bridge|B_B|A|top|B,True
BiTl,L10,101,3,101,bridge|A_A|B|top-tilt|A|top|A,True
BiV,L10,101,2,101,bridge|B_B|A|top|B,True
BiW,L10,101,1,101,bridge|B_B|A,True
BiY,L10,101,2,101,bridge|B_B|A|top|B,True
BiZr,L10,101,2,101,bridge|B_B|A|top|B,True
CdCu,L10,101,4,101,bridge|B_B|A|hollow-tilt|A_A_B|FCC|top|A|top|B,True
CdFe,L10,101,5,101,bridge|B_B|A|hollow-tilt|A_A_B|FCC|top-tilt|B|top|A|top|B,True
CdGa,L10,101,7,101,bridge-tilt|A_B|B|bridge|A_A|B|bridge|B_B|A|hollow|A_A_B|FCC|hollow|A_A_B|HCP|top|A|top|B,True
CdHf,L10,101,3,101,bridge|B_B|A|hollow-tilt|A_A_B|HCP|hollow|A_A_B|FCC,True
CdHg,L10,101,3,101,bridge|A_A|B|top-tilt|A|top|A,True
CdIn,L10,101,8,101,bridge|A_A|B|bridge|A_B|A|bridge|A_B|B|bridge|B_B|A|hollow|A_B_B|FCC|hollow|A_B_B|HCP|top|A|top|B,True
CdIr,L10,101,3,101,bridge|B_B|A|top-tilt|B|top|B,True
CdLa,L10,101,4,101,4fold|A_A_B_B|bridge|B_B|A|hollow|A_B_B|HCP|top|B,True
CdMn,L10,101,3,101,bridge|B_B|A|hollow-tilt|A_A_B|FCC|top-tilt|B,True
CdMo,L10,101,2,101,bridge|B_B|A|hollow-tilt|A_A_B|HCP,True
CdNb,L10,101,5,101,bridge|A_A|B|bridge|B_B|A|hollow-tilt|A_A_B|HCP|hollow|A_A_B|FCC|hollow|A_A_B|HCP,True
CdNi,L10,101,2,101,bridge|B_B|A|top-tilt|B,True
CdPb,L10,101,5,101,bridge-tilt|A_B|B|bridge|A_A|B|hollow-tilt|A_B_B|FCC|hollow|A_B_B|FCC|top|A,True
CdPd,L10,101,2,101,bridge|B_B|A|hollow-tilt|A_A_B|FCC,True
CdPt,L10,101,2,101,bridge|B_B|A|top|B,True
CdRe,L10,101,1,101,bridge|B_B|A,True
CdRh,L10,101,3,101,4fold|A_A_B_B|bridge|B_B|A|top|B,True
CdRu,L10,101,2,101,bridge|B_B|A|hollow-tilt|A_A_B|FCC,True
CdSc,L10,101,3,101,4fold|A_A_B_B|bridge|A_A|B|bridge|B_B|A,True
CdSn,L10,101,5,101,bridge|A_A|B|bridge|A_B|B|hollow|A_B_B|FCC|top|A|top|B,True
CdTa,L10,101,3,101,bridge|B_B|A|hollow-tilt|A_A_B|HCP|hollow|A_A_B|FCC,True
CdTi,L10,101,3,101,bridge|B_B|A|hollow|A_A_B|FCC|hollow|A_A_B|HCP,True
CdTl,L10,101,7,101,bridge-tilt|A_B|A|bridge-tilt|A_B|B|bridge|A_A|B|bridge|B_B|A|hollow-tilt|A_B_B|FCC|top|A|top|B,True
CdV,L10,101,5,101,bridge|A_A|B|bridge|B_B|A|bridge|B_B|B|hollow|A_A_B|FCC|hollow|A_B_B|FCC,True
CdW,L10,101,1,101,top|B,True
CdY,L10,101,3,101,4fold|A_A_B_B|bridge|B_B|A|top|B,True
CdZn,L10,101,3,101,bridge|A_B|B|bridge|B_B|A|hollow-tilt|A_A_B|FCC,True
CdZr,L10,101,1,101,bridge|A_A|B,True
CoCr,L10,101,2,101,bridge|A_A|B|hollow|A_B_B|FCC,True
CoCu,L10,101,4,101,hollow|A_A_B|FCC|hollow|A_A_B|HCP|hollow|A_B_B|FCC|hollow|A_B_B|HCP,True
CoGa,L10,101,3,101,bridge|A_A|B|top|A|top|B,True
CoHf,L10,101,5,101,bridge|A_A|B|hollow|A_A_B|FCC|hollow|A_B_B|FCC|top|A|top|B,True
CoHg,L10,101,3,101,bridge|A_A|B|top|A|top|B,True
CoIn,L10,101,3,101,bridge|A_A|B|bridge|B_B|A|top|A,True
CoIr,L10,101,8,101,bridge|A_A|B|bridge|A_B|B|bridge|B_B|A|hollow|A_A_B|FCC|hollow|A_A_B|HCP|hollow|A_B_B|FCC|hollow|A_B_B|HCP|top|B,True
CoLa,L10,101,3,101,bridge|A_A|B|hollow-tilt|A_B_B|FCC|top|B,True
CoMo,L10,101,6,101,bridge|A_A|B|bridge|B_B|A|hollow|A_A_B|FCC|hollow|A_A_B|HCP|hollow|A_B_B|FCC|top|B,True
CoNi,L10,101,4,101,bridge|A_A|B|bridge|B_B|A|hollow|A_A_B|FCC|hollow|A_A_B|HCP,True
CoOs,L10,101,8,101,bridge|A_A|B|bridge|A_B|B|bridge|B_B|A|hollow|A_A_B|FCC|hollow|A_A_B|HCP|hollow|A_B_B|FCC|hollow|A_B_B|HCP|top-tilt|B,True
CoPb,L10,101,3,101,bridge|A_A|B|top|A|top|B,True
CoPd,L10,101,6,101,bridge|A_B|A|bridge|A_B|B|hollow|A_A_B|FCC|hollow|A_A_B|HCP|hollow|A_B_B|FCC|hollow|A_B_B|HCP,True
CoPt,L10,101,6,101,bridge|A_B|A|bridge|B_B|A|hollow|A_A_B|FCC|hollow|A_A_B|HCP|hollow|A_B_B|FCC|hollow|A_B_B|HCP,True
CoRe,L10,101,6,101,bridge|A_A|B|hollow|A_A_B|FCC|hollow|A_A_B|HCP|hollow|A_B_B|FCC|hollow|A_B_B|HCP|top|B,True
CoRh,L10,101,7,101,bridge|A_B|A|bridge|B_B|A|hollow|A_A_B|FCC|hollow|A_A_B|HCP|hollow|A_B_B|FCC|hollow|A_B_B|HCP|top|B,True
CoRu,L10,101,6,101,bridge|A_A|B|bridge|B_B|A|hollow|A_A_B|FCC|hollow|A_A_B|HCP|hollow|A_B_B|FCC|hollow|A_B_B|HCP,True
CoSc,L10,101,5,101,bridge|A_A|B|bridge|B_B|A|hollow-tilt|A_B_B|FCC|top|A|top|B,True
CoSn,L10,101,4,101,bridge|A_A|B|bridge|B_B|A|top|A|top|B,True
CoTi,L10,101,5,101,bridge|A_A|B|bridge|B_B|A|hollow|A_B_B|FCC|top|A|top|B,True
CoTl,L10,101,4,101,bridge|A_A|B|bridge|B_B|A|top|A|top|B,True
CoV,L10,101,4,101,hollow|A_A_B|FCC|hollow|A_A_B|HCP|hollow|A_B_B|FCC|hollow|A_B_B|HCP,True
CoW,L10,101,6,101,bridge|B_B|A|hollow|A_A_B|FCC|hollow|A_A_B|HCP|hollow|A_B_B|FCC|hollow|A_B_B|HCP|top|B,True
CoY,L10,101,5,101,bridge|A_A|B|bridge|B_B|A|hollow-tilt|A_B_B|FCC|top|A|top|B,True
CoZn,L10,101,4,101,bridge|A_A|B|hollow-tilt|A_B_B|HCP|hollow|A_B_B|FCC|top|A,True
CoZr,L10,101,4,101,bridge|A_A|B|hollow-tilt|A_B_B|FCC|top|A|top|B,True
CrCu,L10,101,5,101,bridge|A_A|B|hollow|A_A_B|FCC|hollow|A_A_B|HCP|hollow|A_B_B|FCC|hollow|A_B_B|HCP,True
CrFe,L10,101,5,101,hollow|A_A_B|FCC|hollow|A_A_B|HCP|hollow|A_B_B|FCC|hollow|A_B_B|HCP|top|A,True
CrGa,L10,101,3,101,bridge|A_A|B|bridge|B_B|A|top|A,True
CrHf,L10,101,3,101,bridge|A_A|B|hollow|A_B_B|FCC|top|B,True
CrIr,L10,101,7,101,bridge|A_A|B|bridge|B_B|A|hollow|A_A_B|FCC|hollow|A_A_B|HCP|hollow|A_B_B|FCC|hollow|A_B_B|HCP|top|A,True
CrLa,L10,101,3,101,top-tilt|A|top|A|top|B,True
CrMn,L10,101,7,101,bridge|A_A|B|bridge|A_B|A|bridge|B_B|A|hollow|A_A_B|HCP|hollow|A_B_B|HCP|top|A|top|B,True
CrMo,L10,101,5,101,bridge|B_B|A|hollow|A_A_B|FCC|hollow|A_A_B|HCP|hollow|A_B_B|FCC|hollow|A_B_B|HCP,True
CrNb,L10,101,5,101,bridge|A_A|B|bridge|B_B|A|hollow|A_B_B|FCC|top|A|top|B,True
CrOs,L10,101,4,101,bridge|A_A|B|hollow|A_A_B|FCC|hollow|A_A_B|HCP|hollow|A_B_B|FCC,True
CrPb,L10,101,3,101,bridge|A_A|B|top|A|top|B,True
CrPd,L10,101,4,101,hollow|A_A_B|FCC|hollow|A_A_B|HCP|hollow|A_B_B|FCC|hollow|A_B_B|HCP,True
CrPt,L10,101,5,101,bridge|B_B|A|hollow|A_A_B|FCC|hollow|A_A_B|HCP|hollow|A_B_B|FCC|hollow|A_B_B|HCP,True
CrRe,L10,101,5,101,bridge|B_B|A|hollow|A_A_B|HCP|hollow|A_B_B|HCP|top|A|top|B,True
CrRh,L10,101,4,101,hollow|A_A_B|FCC|hollow|A_A_B|HCP|hollow|A_B_B|FCC|hollow|A_B_B|HCP,True
CrRu,L10,101,6,101,bridge|B_B|A|hollow|A_A_B|FCC|hollow|A_A_B|HCP|hollow|A_B_B|FCC|hollow|A_B_B|HCP|top|A,True
CrSc,L10,101,1,101,bridge|A_A|B,True
CrSn,L10,101,3,101,bridge|A_A|B|top|A|top|B,True
CrTa,L10,101,6,101,bridge|A_A|B|bridge|B_B|A|hollow|A_A_B|HCP|hollow|A_B_B|FCC|top|A|top|B,True
CrTc,L10,101,8,101,bridge|A_A|B|bridge|A_B|A|bridge|A_B|B|bridge|B_B|A|hollow|A_A_B|HCP|hollow|A_B_B|FCC|top|A|top|B,True
CrTi,L10,101,5,101,bridge|A_A|B|bridge|B_B|A|hollow|A_A_B|FCC|hollow|A_B_B|FCC|top|B,True
CrTl,L10,101,2,101,top|A|top|B,True
CrV,L10,101,0,,,
CrW,L10,101,4,101,hollow|A_A_B|HCP|hollow|A_B_B|FCC|top|A|top|B,True
CrZn,L10,101,3,101,bridge|A_A|B|hollow|A_B_B|FCC|hollow|A_B_B|HCP,True
CrZr,L10,101,5,101,bridge|A_A|B|bridge|B_B|A|hollow|A_B_B|FCC|top|A|top|B,True
CuFe,L10,101,4,101,hollow|A_A_B|FCC|hollow|A_A_B|HCP|hollow|A_B_B|FCC|hollow|A_B_B|HCP,True
CuGa,L10,101,5,101,bridge|A_A|B|bridge|B_B|A|hollow|A_B_B|FCC|hollow|A_B_B|HCP|top|A,True
CuHf,L10,101,3,101,4fold|A_A_B_B|bridge|B_B|A|top|B,True
CuHg,L10,101,0,,,
CuIn,L10,101,1,101,bridge|A_A|B,True
CuIr,L10,101,3,101,bridge|B_B|A|hollow|A_A_B|FCC|top-tilt|B,True
CuLa,L10,101,4,101,bridge|A_A|B|bridge|B_B|A|hollow-tilt|A_B_B|FCC|top|B,True
CuMn,L10,101,6,101,bridge|A_A|B|hollow|A_A_B|FCC|hollow|A_A_B|HCP|hollow|A_B_B|HCP|top|A|top|B,True
CuMo,L10,101,5,101,bridge|B_B|A|hollow|A_A_B|FCC|hollow|A_A_B|HCP|hollow|A_B_B|FCC|hollow|A_B_B|HCP,True
CuNb,L10,101,6,101,bridge|B_B|A|hollow|A_A_B|FCC|hollow|A_A_B|HCP|hollow|A_B_B|FCC|hollow|A_B_B|HCP|top|B,True
CuNi,L10,101,5,101,bridge|B_B|A|hollow|A_A_B|FCC|hollow|A_A_B|HCP|hollow|A_B_B|FCC|hollow|A_B_B|HCP,True
CuOs,L10,101,4,101,bridge|B_B|A|hollow-tilt|A_A_B|HCP|hollow|A_A_B|FCC|hollow|A_A_B|HCP,True
CuPb,L10,101,3,101,bridge|A_A|B|top-tilt|A|top|A,True
CuPd,L10,101,4,101,hollow|A_A_B|HCP|hollow|A_B_B|HCP|top|A|top|B,True
CuPt,L10,101,8,101,bridge|A_A|B|bridge|A_B|B|bridge|B_B|A|hollow|A_A_B|FCC|hollow|A_A_B|HCP|hollow|A_B_B|FCC|hollow|A_B_B|HCP|top|B,True
CuRe,L10,101,5,101,bridge|A_A|B|bridge|B_B|A|hollow|A_A_B|FCC|hollow|A_A_B|HCP|top-tilt|B,True
CuRh,L10,101,5,101,bridge|B_B|A|hollow|A_A_B|FCC|hollow|A_A_B|HCP|hollow|A_B_B|FCC|hollow|A_B_B|HCP,True
CuRu,L10,101,6,101,bridge|A_B|B|bridge|B_B|A|hollow|A_A_B|FCC|hollow|A_A_B|HCP|hollow|A_B_B|FCC|hollow|A_B_B|HCP,True
CuSc,L10,101,3,101,bridge|B_B|A|hollow|A_A_B|FCC|hollow|A_B_B|FCC,True
CuSn,L10,101,3,101,bridge|A_A|B|top-tilt|A|top|A,True
CuTa,L10,101,5,101,bridge|B_B|A|hollow|A_A_B|FCC|hollow|A_A_B|HCP|hollow|A_B_B|HCP|top|B,True
CuTc,L10,101,5,101,bridge|B_B|A|hollow|A_A_B|FCC|hollow|A_A_B|HCP|hollow|A_B_B|FCC|hollow|A_B_B|HCP,True
CuTi,L10,101,5,101,bridge|B_B|A|hollow|A_A_B|FCC|hollow|A_A_B|HCP|hollow|A_B_B|FCC|hollow|A_B_B|HCP,True
CuTl,L10,101,3,101,bridge|A_A|B|top-tilt|A|top|A,True
CuV,L10,101,6,101,bridge|B_B|A|hollow|A_A_B|FCC|hollow|A_A_B|HCP|hollow|A_B_B|FCC|hollow|A_B_B|HCP|top|B,True
CuW,L10,101,3,101,bridge|B_B|A|hollow|A_A_B|FCC|hollow|A_A_B|HCP,True
CuY,L10,101,5,101,bridge|A_A|B|bridge|B_B|A|hollow|A_B_B|FCC|top|A|top|B,True
CuZn,L10,101,7,101,bridge|A_A|B|hollow|A_A_B|FCC|hollow|A_A_B|HCP|hollow|A_B_B|FCC|hollow|A_B_B|HCP|top|A|top|B,True
CuZr,L10,101,4,101,4fold|A_A_B_B|hollow|A_B_B|FCC|top|A|top|B,True
FeGa,L10,101,4,101,bridge|A_A|B|bridge|B_B|A|top|A|top|B,True
FeHf,L10,101,4,101,bridge|A_A|B|hollow|A_B_B|FCC|top|A|top|B,True
FeHg,L10,101,3,101,bridge-tilt|A_B|B|bridge|A_A|B|top|A,True
FeIn,L10,101,1,101,top|A,True
FeIr,L10,101,7,101,bridge|A_A|B|bridge|B_B|A|hollow|A_A_B|FCC|hollow|A_A_B|HCP|hollow|A_B_B|FCC|hollow|A_B_B|HCP|top|B,True
FeLa,L10,101,5,101,bridge|A_A|B|bridge|B_B|A|hollow-tilt|A_B_B|FCC|top|A|top|B,True
FeNb,L10,101,0,,,
FeNi,L10,101,7,101,bridge|B_B|A|hollow|A_A_B|FCC|hollow|A_A_B|HCP|hollow|A_B_B|FCC|hollow|A_B_B|HCP|top|A|top|B,True
FeOs,L10,101,7,101,bridge|A_A|B|bridge|A_B|A|bridge|B_B|A|hollow|A_A_B|FCC|hollow|A_A_B|HCP|hollow|A_B_B|FCC|hollow|A_B_B|HCP,True
FePb,L10,101,2,101,bridge|A_A|B|top|A,True
FePd,L10,101,5,101,bridge|A_A|B|hollow|A_A_B|FCC|hollow|A_A_B|HCP|hollow|A_B_B|FCC|hollow|A_B_B|HCP,True
FePt,L10,101,7,101,bridge|A_A|B|bridge|B_B|A|hollow|A_A_B|FCC|hollow|A_A_B|HCP|hollow|A_B_B|FCC|hollow|A_B_B|HCP|top|A,True
FeRh,L10,101,4,101,hollow|A_A_B|FCC|hollow|A_B_B|HCP|top|A|top|B,True
FeRu,L10,101,7,101,bridge|A_A|B|bridge|A_B|A|bridge|A_B|B|bridge|B_B|A|hollow|A_A_B|HCP|hollow|A_B_B|HCP|top|A,True
FeSc,L10,101,4,101,bridge|A_A|B|bridge|B_B|A|hollow|A_A_B|FCC|hollow|A_B_B|FCC,True
FeSn,L10,101,2,101,bridge|A_A|B|top|A,True
FeTa,L10,101,5,101,bridge|A_A|B|bridge|B_B|A|hollow|A_B_B|FCC|top|A|top|B,True
FeTc,L10,101,5,101,bridge|A_A|B|hollow|A_A_B|FCC|hollow|A_A_B|HCP|hollow|A_B_B|FCC|hollow|A_B_B|HCP,True
FeTi,L10,101,5,101,bridge|A_A|B|bridge|B_B|A|hollow|A_A_B|FCC|hollow|A_B_B|FCC|top|B,True
FeTl,L10,101,1,101,bridge|A_A|B,True
FeV,L10,101,4,101,bridge|A_A|B|hollow|A_A_B|FCC|hollow|A_A_B|HCP|hollow|A_B_B|FCC,True
FeW,L10,101,5,101,bridge|A_B|A|hollow|A_A_B|FCC|hollow|A_A_B|HCP|hollow|A_B_B|FCC|hollow|A_B_B|HCP,True
FeY,L10,101,6,101,bridge|A_A|B|bridge|A_B|B|bridge|B_B|A|hollow-tilt|A_A_B|HCP|hollow-tilt|A_B_B|FCC|top|B,True
FeZn,L10,101,4,101,hollow|A_A_B|HCP|hollow|A_B_B|FCC|hollow|A_B_B|HCP|top|A,True
FeZr,L10,101,5,101,bridge|A_A|B|bridge|B_B|A|hollow-tilt|A_B_B|FCC|top|A|top|B,True
GaHf,L10,101,4,101,bridge|A_A|B|bridge|B_B|A|hollow-tilt|A_A_B|FCC|hollow|A_A_B|FCC,True
GaHg,L10,101,3,101,bridge|A_A|B|top|A|top|B,True
GaIn,L10,101,5,101,bridge-tilt|A_A|B|bridge|A_A|B|hollow-tilt|A_B_B|FCC|top|A|top|B,True
GaIr,L10,101,3,101,bridge|B_B|A|top|A|top|B,True
GaLa,L10,101,4,101,4fold|A_A_B_B|bridge|B_B|A|hollow|A_B_B|FCC|top|B,True
GaMn,L10,101,3,101,bridge|A_A|B|bridge|B_B|A|top|B,True
GaMo,L10,101,3,101,bridge|A_A|B|bridge|B_B|A|top|B,True
GaNb,L10,101,5,101,bridge|A_A|B|bridge|B_B|A|hollow-tilt|A_A_B|FCC|hollow-tilt|A_A_B|HCP|hollow|A_A_B|FCC,True
GaNi,L10,101,3,101,bridge|B_B|A|top|A|top|B,True
GaOs,L10,101,3,101,bridge|B_B|A|top|A|top|B,True
GaPb,L10,101,7,101,bridge-tilt|A_B|A|bridge-tilt|A_B|B|bridge|A_A|B|bridge|B_B|A|top-tilt|A|top|A|top|B,True
GaPd,L10,101,3,101,hollow|A_B_B|HCP|top|A|top|B,True
GaPt,L10,101,4,101,bridge|B_B|A|hollow-tilt|A_A_B|HCP|top|A|top|B,True
GaRe,L10,101,2,101,bridge|B_B|A|top|B,True
GaRh,L10,101,2,101,bridge|B_B|A|top|B,True
GaSc,L10,101,5,101,bridge|B_B|A|hollow|A_A_B|FCC|hollow|A_A_B|HCP|hollow|A_B_B|FCC|hollow|A_B_B|HCP,True
GaSn,L10,101,5,101,bridge|A_A|B|bridge|B_B|A|hollow-tilt|A_B_B|FCC|top-tilt|A|top|B,True
GaTa,L10,101,3,101,bridge|B_B|A|hollow-tilt|A_A_B|HCP|top-tilt|B,True
GaTc,L10,101,4,101,bridge|B_B|A|top-tilt|B|top|A|top|B,True
GaTi,L10,101,4,101,bridge|B_B|A|hollow|A_A_B|FCC|hollow|A_A_B|HCP|hollow|A_B_B|HCP,True
GaTl,L10,101,5,101,bridge-tilt|A_B|A|bridge|A_A|B|hollow-tilt|A_B_B|FCC|top|A|top|B,True
GaV,L10,101,3,101,bridge|A_A|B|bridge|B_B|A|hollow-tilt|A_A_B|HCP,True
GaW,L10,101,3,101,bridge|A_A|B|bridge|B_B|A|top|B,True
GaY,L10,101,3,101,hollow|A_B_B|FCC|top|A|top|B,True
GaZn,L10,101,5,101,bridge|A_A|B|bridge|A_B|A|bridge|B_B|A|hollow|A_A_B|FCC|top|B,True
GaZr,L10,101,4,101,bridge|B_B|A|hollow|A_A_B|FCC|hollow|A_A_B|HCP|hollow|A_B_B|HCP,True
HfHg,L10,101,2,101,bridge|A_A|B|top-tilt|A,True
HfIn,L10,101,4,101,bridge|A_A|B|bridge|B_B|A|hollow-tilt|A_B_B|FCC|top-tilt|B,True
HfIr,L10,101,5,101,bridge|B_B|A|hollow|A_A_B|FCC|hollow|A_B_B|FCC|hollow|A_B_B|HCP|top|A,True
HfLa,L10,101,6,101,bridge|A_A|B|hollow-tilt|A_A_B|HCP|hollow-tilt|A_B_B|FCC|hollow-tilt|A_B_B|HCP|hollow|A_A_B|FCC|hollow|A_B_B|HCP,True
HfMo,L10,101,4,101,bridge|B_B|A|hollow|A_A_B|FCC|hollow|A_A_B|HCP|hollow|A_B_B|HCP,True
HfNb,L10,101,5,101,bridge|A_A|B|hollow|A_A_B|FCC|hollow|A_A_B|HCP|hollow|A_B_B|FCC|hollow|A_B_B|HCP,True
HfNi,L10,101,3,101,bridge|A_A|B|bridge|B_B|A|top|B,True
HfOs,L10,101,4,101,bridge|B_B|A|hollow|A_A_B|FCC|top|A|top|B,True
HfPb,L10,101,4,101,bridge|A_A|B|bridge|B_B|A|top-tilt|B|top|A,True
HfPd,L10,101,3,101,bridge|A_A|B|bridge|B_B|A|hollow|A_B_B|HCP,True
HfPt,L10,101,3,101,bridge|A_A|B|bridge|B_B|A|hollow|A_B_B|HCP,True
HfRe,L10,101,5,101,bridge|A_A|B|bridge|B_B|A|hollow|A_A_B|FCC|top|A|top|B,True
HfRh,L10,101,3,101,hollow|A_A_B|FCC|hollow|A_A_B|HCP|hollow|A_B_B|HCP,True
HfRu,L10,101,2,101,bridge|B_B|A|hollow|A_A_B|FCC,True
HfSc,L10,101,7,101,bridge|A_A|B|bridge|B_B|A|hollow|A_A_B|FCC|hollow|A_A_B|HCP|hollow|A_B_B|FCC|hollow|A_B_B|HCP|top|B,True
HfSn,L10,101,2,101,bridge|A_A|B|top-tilt|A,True
HfTa,L10,101,4,101,hollow|A_A_B|FCC|hollow|A_A_B|HCP|hollow|A_B_B|FCC|hollow|A_B_B|HCP,True
HfTc,L10,101,5,101,bridge|A_A|B|bridge|B_B|A|hollow|A_A_B|FCC|top|A|top|B,True
HfTi,L10,101,6,101,bridge|B_B|A|hollow|A_A_B|FCC|hollow|A_A_B|HCP|hollow|A_B_B|FCC|hollow|A_B_B|HCP|top|B,True
HfTl,L10,101,3,101,bridge|A_A|B|bridge|B_B|A|top-tilt|A,True
HfV,L10,101,5,101,bridge|A_A|B|bridge|B_B|A|hollow|A_A_B|HCP|hollow|A_B_B|HCP|top|B,True
HfW,L10,101,6,101,bridge|A_A|B|hollow|A_A_B|FCC|hollow|A_A_B|HCP|hollow|A_B_B|FCC|hollow|A_B_B|HCP|top|A,True
HfY,L10,101,7,101,bridge|B_B|A|hollow|A_A_B|FCC|hollow|A_A_B|HCP|hollow|A_B_B|FCC|hollow|A_B_B|HCP|top|A|top|B,True
HfZn,L10,101,5,101,4fold|A_A_B_B|bridge|A_A|B|hollow|A_A_B|FCC|hollow|A_A_B|HCP|top|B,True
HfZr,L10,101,3,101,bridge|A_A|B|bridge|A_B|B|top|B,True
HgIn,L10,101,4,101,bridge|B_B|A|top-tilt|B|top|A|top|B,True
HgLa,L10,101,2,101,4fold|A_A_B_B|bridge|B_B|A,True
HgMn,L10,101,2,101,bridge|B_B|A|top|B,True
HgMo,L10,101,1,101,top|B,True
HgNb,L10,101,1,101,hollow|A_B_B|FCC,True
HgNi,L10,101,3,101,bridge|B_B|A|top|A|top|B,True
HgPb,L10,101,2,101,hollow|A_A_B|FCC|hollow|A_A_B|HCP,True
HgPd,L10,101,3,101,bridge|A_A|B|bridge|B_B|A|top|B,True
HgPt,L10,101,2,101,bridge|B_B|A|top|B,True
HgRh,L10,101,3,101,bridge|B_B|A|top|A|top|B,True
HgSc,L10,101,3,101,bridge|A_A|B|bridge|B_B|A|top-tilt|B,True
HgTa,L10,101,2,101,bridge|B_B|A|top-tilt|B,True
HgTi,L10,101,4,101,bridge|B_B|A|hollow-tilt|A_A_B|FCC|hollow-tilt|A_A_B|HCP|hollow|A_A_B|FCC,True
HgTl,L10,101,6,101,bridge|B_B|A|hollow|A_A_B|FCC|hollow|A_A_B|HCP|hollow|A_B_B|FCC|top|A|top|B,True
HgY,L10,101,3,101,bridge|B_B|A|hollow|A_A_B|HCP|top|B,True
HgZr,L10,101,3,101,bridge|B_B|A|hollow-tilt|A_A_B|HCP|hollow|A_A_B|FCC,True
InIr,L10,101,2,101,bridge|B_B|A|top|B,True
InLa,L10,101,6,101,bridge|A_A|B|bridge|B_B|A|hollow|A_A_B|FCC|hollow|A_B_B|FCC|hollow|A_B_B|HCP|top-tilt|B,True
InMn,L10,101,2,101,bridge|B_B|A|top|B,True
InMo,L10,101,3,101,bridge|B_B|A|hollow-tilt|A_B_B|HCP|top|B,True
InNb,L10,101,4,101,bridge|B_B|A|hollow-tilt|A_A_B|HCP|top-tilt|B|top|A,True
InNi,L10,101,6,101,bridge-tilt|A_B|A|bridge|A_A|B|bridge|B_B|A|top-tilt|B|top|A|top|B,True
InOs,L10,101,3,101,bridge|B_B|A|top|A|top|B,True
InPb,L10,101,10,101,bridge|A_A|B|bridge|A_B|A|bridge|A_B|B|bridge|B_B|A|hollow-tilt|A_B_B|FCC|hollow|A_A_B|FCC|hollow|A_A_B|HCP|hollow|A_B_B|FCC|top|A|top|B,True
InPd,L10,101,2,101,bridge|B_B|A|top-tilt|B,True
InPt,L10,101,3,101,bridge|B_B|A|top|A|top|B,True
InRh,L10,101,2,101,bridge|B_B|A|top|B,True
InRu,L10,101,3,101,bridge|B_B|A|top|A|top|B,True
InSc,L10,101,4,101,bridge|B_B|A|hollow-tilt|A_A_B|HCP|hollow|A_A_B|FCC|hollow|A_A_B|HCP,True
InSn,L10,101,6,101,bridge|A_A|B|bridge|B_B|A|hollow|A_A_B|FCC|hollow|A_B_B|FCC|top|A|top|B,True
InTa,L10,101,2,101,bridge|B_B|A|top-tilt|B,True
InTc,L10,101,4,101,4fold|A_A_B_B|bridge|B_B|A|top|A|top|B,True
InTi,L10,101,5,101,bridge|B_B|A|hollow-tilt|A_A_B|FCC|hollow-tilt|A_A_B|HCP|hollow|A_A_B|FCC|top|A,True
InTl,L10,101,7,101,bridge|A_A|B|bridge|A_B|A|hollow-tilt|A_B_B|FCC|hollow|A_B_B|FCC|hollow|A_B_B|HCP|top|A|top|B,True
InV,L10,101,2,101,bridge|B_B|A|top-tilt|B,True
InW,L10,101,2,101,bridge|B_B|A|top|B,True
InY,L10,101,5,101,bridge|B_B|A|hollow|A_A_B|FCC|hollow|A_A_B|HCP|hollow|A_B_B|HCP|top|B,True
InZn,L10,101,7,101,bridge-tilt|A_B|B|bridge|A_A|B|bridge|A_B|A|bridge|B_B|A|hollow-tilt|A_A_B|FCC|top-tilt|B|top|A,True
InZr,L10,101,3,101,bridge|B_B|A|hollow-tilt|A_A_B|HCP|hollow|A_A_B|FCC,True
IrLa,L10,101,4,101,bridge|A_A|B|bridge|B_B|A|hollow-tilt|A_B_B|FCC|top|B,True
IrMn,L10,101,4,101,bridge|A_A|B|hollow|A_A_B|HCP|hollow|A_B_B|FCC|top|B,True
IrMo,L10,101,6,101,bridge|A_A|B|bridge|B_B|A|hollow|A_A_B|FCC|hollow|A_A_B|HCP|hollow|A_B_B|FCC|hollow|A_B_B|HCP,True
IrNb,L10,101,5,101,bridge|B_B|A|hollow|A_A_B|FCC|hollow|A_A_B|HCP|hollow|A_B_B|FCC|hollow|A_B_B|HCP,True
IrNi,L10,101,8,101,bridge|A_A|B|bridge|A_B|A|bridge|A_B|B|bridge|B_B|A|hollow|A_A_B|FCC|hollow|A_A_B|HCP|hollow|A_B_B|FCC|hollow|A_B_B|HCP,True
IrOs,L10,101,7,101,bridge|A_A|B|bridge|A_B|A|bridge|B_B|A|hollow|A_A_B|FCC|hollow|A_A_B|HCP|hollow|A_B_B|FCC|hollow|A_B_B|HCP,True
IrPb,L10,101,2,101,top|A|top|B,True
IrPd,L10,101,6,101,bridge|A_A|B|bridge|B_B|A|hollow|A_A_B|FCC|hollow|A_B_B|FCC|top-tilt|B|top|A,True
IrPt,L10,101,10,101,bridge|A_A|B|bridge|A_B|A|bridge|A_B|B|bridge|B_B|A|hollow|A_A_B|FCC|hollow|A_A_B|HCP|hollow|A_B_B|FCC|hollow|A_B_B|HCP|top|A|top|B,True
IrRe,L10,101,6,101,bridge|A_A|B|bridge|B_B|A|hollow|A_A_B|FCC|hollow|A_A_B|HCP|hollow|A_B_B|FCC|hollow|A_B_B|HCP,True
IrRh,L10,101,7,101,bridge|A_A|B|bridge|A_B|A|bridge|B_B|A|hollow|A_A_B|FCC|hollow|A_B_B|FCC|hollow|A_B_B|HCP|top|B,True
IrRu,L10,101,6,101,bridge|A_A|B|bridge|B_B|A|hollow|A_A_B|FCC|hollow|A_A_B|HCP|hollow|A_B_B|FCC|hollow|A_B_B|HCP,True
IrSc,L10,101,2,101,bridge|A_A|B|hollow-tilt|A_B_B|FCC,True
IrSn,L10,101,2,101,bridge|A_A|B|top|A,True
IrTa,L10,101,4,101,hollow|A_A_B|FCC|hollow|A_A_B|HCP|hollow|A_B_B|FCC|hollow|A_B_B|HCP,True
IrTc,L10,101,7,101,bridge|A_A|B|bridge|B_B|A|hollow|A_A_B|FCC|hollow|A_A_B|HCP|hollow|A_B_B|FCC|hollow|A_B_B|HCP|top|B,True
IrTi,L10,101,3,101,hollow|A_A_B|HCP|hollow|A_B_B|FCC|top|B,True
IrTl,L10,101,1,101,top|A,True
IrV,L10,101,4,101,hollow|A_A_B|FCC|hollow|A_A_B|HCP|hollow|A_B_B|FCC|hollow|A_B_B|HCP,True
IrW,L10,101,5,101,bridge|A_A|B|hollow|A_A_B|FCC|hollow|A_A_B|HCP|hollow|A_B_B|FCC|hollow|A_B_B|HCP,True
IrY,L10,101,4,101,bridge|A_A|B|bridge|B_B|A|hollow-tilt|A_B_B|FCC|top|B,True
IrZn,L10,101,4,101,4fold|A_A_B_B|bridge|A_A|B|top|A|top|B,True
IrZr,L10,101,3,101,bridge|A_A|B|hollow|A_B_B|FCC|top|B,True
LaMn,L10,101,4,101,bridge|A_A|B|bridge|B_B|A|hollow-tilt|A_A_B|FCC|hollow-tilt|A_B_B|FCC,True
LaMo,L10,101,5,101,bridge-tilt|B_B|A|bridge|A_A|B|bridge|B_B|A|bridge|B_B|B|hollow-tilt|A_A_B|HCP,True
LaNb,L10,101,8,101,bridge-tilt|A_B|B|bridge-tilt|B_B|A|bridge|B_B|A|bridge|B_B|B|hollow-tilt|A_A_B|FCC|hollow-tilt|A_A_B|HCP|top-tilt|A|top|B,True
LaNi,L10,101,5,101,bridge|A_A|B|bridge|B_B|A|hollow-tilt|A_A_B|FCC|hollow-tilt|A_B_B|FCC|top|B,True
LaOs,L10,101,1,101,hollow-tilt|A_A_B|FCC,True
LaPb,L10,101,3,101,bridge|A_A|B|hollow|A_B_B|HCP|top|A,True
LaPd,L10,101,6,101,bridge|A_A|B|bridge|B_B|A|hollow|A_A_B|FCC|hollow|A_B_B|FCC|top|A|top|B,True
LaPt,L10,101,2,101,bridge|B_B|A|hollow-tilt|A_A_B|FCC,True
LaRe,L10,101,3,101,top-tilt|B|top|A|top|B,True
LaRh,L10,101,4,101,bridge|A_A|B|bridge|B_B|A|hollow-tilt|A_A_B|FCC|top|A,True
LaRu,L10,101,5,101,bridge|A_A|B|bridge|B_B|A|hollow-tilt|A_A_B|FCC|top|A|top|B,True
LaSc,L10,101,5,101,bridge|B_B|A|hollow|A_A_B|FCC|hollow|A_A_B|HCP|hollow|A_B_B|FCC|hollow|A_B_B|HCP,True
LaSn,L10,101,3,101,bridge|A_A|B|hollow|A_B_B|HCP|top|A,True
LaTa,L10,101,7,101,bridge-tilt|B_B|A|bridge|A_A|B|bridge|B_B|A|bridge|B_B|B|hollow-tilt|A_A_B|FCC|hollow-tilt|A_A_B|HCP|top-tilt|A,True
LaTc,L10,101,4,101,bridge-tilt|A_B|A|bridge|A_A|B|bridge|B_B|A|hollow-tilt|A_A_B|FCC,True
LaTi,L10,101,3,101,bridge|B_B|A|hollow-tilt|A_A_B|HCP|hollow-tilt|A_B_B|FCC,True
LaTl,L10,101,3,101,bridge|A_A|B|bridge|B_B|A|hollow|A_B_B|FCC,True
LaV,L10,101,1,101,bridge|A_A|B,True
LaW,L10,101,3,101,bridge-tilt|B_B|A|bridge|A_A|B|bridge|B_B|A,True
LaY,L10,101,5,101,bridge|A_A|B|hollow|A_A_B|FCC|hollow|A_A_B|HCP|hollow|A_B_B|FCC|hollow|A_B_B|HCP,True
LaZn,L10,101,4,101,4fold|A_A_B_B|bridge|A_A|B|bridge|B_B|A|hollow|A_A_B|FCC,True
LaZr,L10,101,5,101,bridge|B_B|A|hollow|A_A_B|FCC|hollow|A_A_B|HCP|hollow|A_B_B|FCC|hollow|A_B_B|HCP,True
MnMo,L10,101,4,101,hollow|A_A_B|FCC|hollow|A_A_B|HCP|hollow|A_B_B|FCC|hollow|A_B_B|HCP,True
MnNb,L10,101,2,101,bridge|A_A|B|hollow|A_B_B|FCC,True
MnPb,L10,101,1,101,top|B,True
MnRe,L10,101,6,101,bridge|B_B|A|hollow|A_A_B|FCC|hollow|A_A_B|HCP|hollow|A_B_B|FCC|hollow|A_B_B|HCP|top|A,True
MnRh,L10,101,3,101,hollow|A_A_B|FCC|hollow|A_B_B|FCC|hollow|A_B_B|HCP,True
MnRu,L10,101,6,101,bridge|A_A|B|bridge|B_B|A|hollow|A_A_B|FCC|hollow|A_B_B|HCP|top|A|top|B,True
MnSc,L10,101,2,101,bridge|A_A|B|hollow|A_B_B|FCC,True
MnSn,L10,101,3,101,bridge|A_A|B|top|A|top|B,True
MnTa,L10,101,3,101,bridge|A_A|B|bridge|B_B|A|hollow|A_B_B|FCC,True
MnTi,L10,101,5,101,bridge|A_A|B|bridge|B_B|A|hollow|A_B_B|FCC|top|A|top|B,True
MnTl,L10,101,1,101,top|A,True
MnV,L10,101,5,101,bridge|B_B|A|hollow|A_A_B|FCC|hollow|A_A_B|HCP|hollow|A_B_B|FCC|top|B,True
MnW,L10,101,4,101,hollow|A_A_B|HCP|hollow|A_B_B|FCC|top|A|top|B,True
MnY,L10,101,5,101,bridge|A_A|B|bridge|B_B|A|hollow|A_A_B|HCP|hollow|A_B_B|FCC|top|B,True
MnZn,L10,101,5,101,bridge|A_A|B|hollow-tilt|A_B_B|HCP|hollow|A_A_B|HCP|hollow|A_B_B|FCC|top|A,True
MnZr,L10,101,5,101,bridge|A_A|B|bridge|B_B|A|hollow|A_B_B|FCC|top|A|top|B,True
MoNb,L10,101,7,101,bridge|A_B|A|bridge|B_B|A|hollow|A_A_B|FCC|hollow|A_A_B|HCP|hollow|A_B_B|FCC|hollow|A_B_B|HCP|top|A,True
MoNi,L10,101,5,101,bridge|B_B|A|hollow|A_A_B|FCC|hollow|A_A_B|HCP|hollow|A_B_B|FCC|hollow|A_B_B|HCP,True
MoOs,L10,101,6,101,bridge|A_A|B|bridge|B_B|A|hollow|A_A_B|FCC|hollow|A_A_B|HCP|hollow|A_B_B|FCC|hollow|A_B_B|HCP,True
MoPd,L10,101,6,101,bridge|A_A|B|bridge|B_B|A|hollow|A_A_B|FCC|hollow|A_A_B|HCP|hollow|A_B_B|FCC|hollow|A_B_B|HCP,True
MoPt,L10,101,4,101,hollow|A_A_B|FCC|hollow|A_A_B|HCP|hollow|A_B_B|FCC|hollow|A_B_B|HCP,True
MoRe,L10,101,7,101,bridge|B_B|A|hollow|A_A_B|FCC|hollow|A_A_B|HCP|hollow|A_B_B|FCC|hollow|A_B_B|HCP|top|A|top|B,True
MoRh,L10,101,2,101,bridge|B_B|A|hollow|A_A_B|HCP,True
MoRu,L10,101,5,101,bridge|A_A|B|hollow|A_A_B|FCC|hollow|A_A_B|HCP|hollow|A_B_B|FCC|hollow|A_B_B|HCP,True
MoSc,L10,101,5,101,bridge|A_A|B|hollow|A_A_B|FCC|hollow|A_A_B|HCP|hollow|A_B_B|FCC|hollow|A_B_B|HCP,True
MoSn,L10,101,1,101,bridge|A_A|B,True
MoTa,L10,101,2,101,hollow|A_A_B|HCP|hollow|A_B_B|HCP,True
MoTc,L10,101,4,101,hollow|A_A_B|FCC|hollow|A_A_B|HCP|hollow|A_B_B|FCC|hollow|A_B_B|HCP,True
MoTi,L10,101,5,101,bridge|A_A|B|hollow|A_A_B|FCC|hollow|A_A_B|HCP|hollow|A_B_B|FCC|hollow|A_B_B|HCP,True
MoV,L10,101,4,101,hollow|A_A_B|FCC|hollow|A_A_B|HCP|hollow|A_B_B|FCC|hollow|A_B_B|HCP,True
MoW,L10,101,1,101,bridge|A_A|B,True
MoY,L10,101,5,101,bridge|A_A|A|hollow-tilt|A_A_B|FCC|hollow-tilt|A_B_B|HCP|top|A|top|B,True
MoZn,L10,101,5,101,bridge|A_A|B|bridge|B_B|A|hollow-tilt|A_B_B|HCP|hollow|A_A_B|FCC|hollow|A_B_B|FCC,True
MoZr,L10,101,5,101,bridge|A_A|B|bridge|B_B|A|hollow|A_A_B|FCC|hollow|A_B_B|FCC|top|B,True
NbNi,L10,101,5,101,bridge|B_B|A|hollow|A_A_B|FCC|hollow|A_A_B|HCP|hollow|A_B_B|FCC|hollow|A_B_B|HCP,True
NbOs,L10,101,3,101,hollow|A_A_B|FCC|hollow|A_B_B|HCP|top|A,True
NbPb,L10,101,3,101,bridge|A_A|B|top-tilt|A|top-tilt|B,True
NbPd,L10,101,7,101,bridge|A_A|B|bridge|B_B|A|hollow|A_A_B|FCC|hollow|A_A_B|HCP|hollow|A_B_B|FCC|hollow|A_B_B|HCP|top|A,True
NbPt,L10,101,4,101,hollow|A_A_B|FCC|hollow|A_A_B|HCP|hollow|A_B_B|FCC|hollow|A_B_B|HCP,True
NbRe,L10,101,4,101,hollow|A_A_B|FCC|hollow|A_B_B|HCP|top|A|top|B,True
NbRh,L10,101,5,101,bridge|A_A|B|hollow|A_A_B|FCC|hollow|A_A_B|HCP|hollow|A_B_B|FCC|hollow|A_B_B|HCP,True
NbRu,L10,101,2,101,hollow|A_A_B|FCC|hollow|A_B_B|HCP,True
NbSc,L10,101,6,101,bridge|B_B|A|hollow|A_A_B|FCC|hollow|A_A_B|HCP|hollow|A_B_B|FCC|hollow|A_B_B|HCP|top|B,True
NbSn,L10,101,3,101,bridge|A_A|B|top-tilt|A|top|B,True
NbTa,L10,101,4,101,hollow|A_A_B|FCC|hollow|A_A_B|HCP|hollow|A_B_B|FCC|hollow|A_B_B|HCP,True
NbTc,L10,101,4,101,bridge|B_B|A|hollow|A_A_B|FCC|hollow|A_B_B|HCP|top|A,True
NbTi,L10,101,4,101,hollow|A_A_B|FCC|hollow|A_A_B|HCP|hollow|A_B_B|FCC|hollow|A_B_B|HCP,True
NbTl,L10,101,2,101,bridge|A_A|B|top|A,True
NbV,L10,101,4,101,hollow|A_A_B|FCC|hollow|A_A_B|HCP|hollow|A_B_B|FCC|hollow|A_B_B|HCP,True
NbW,L10,101,4,101,hollow|A_A_B|FCC|hollow|A_A_B|HCP|hollow|A_B_B|FCC|hollow|A_B_B|HCP,True
NbY,L10,101,5,101,bridge|B_B|A|hollow|A_A_B|FCC|hollow|A_A_B|HCP|hollow|A_B_B|FCC|hollow|A_B_B|HCP,True
NbZn,L10,101,4,101,bridge|A_A|B|hollow|A_A_B|HCP|hollow|A_B_B|FCC|hollow|A_B_B|HCP,True
NbZr,L10,101,4,101,hollow|A_A_B|FCC|hollow|A_A_B|HCP|hollow|A_B_B|FCC|hollow|A_B_B|HCP,True
NiOs,L10,101,8,101,bridge|A_A|B|bridge|A_B|B|bridge|B_B|A|hollow|A_A_B|FCC|hollow|A_A_B|HCP|hollow|A_B_B|FCC|hollow|A_B_B|HCP|top|A,True
NiPb,L10,101,2,101,bridge|A_A|B|top|A,True
NiPd,L10,101,3,101,hollow|A_A_B|FCC|hollow|A_B_B|FCC|hollow|A_B_B|HCP,True
NiPt,L10,101,4,101,hollow|A_A_B|FCC|hollow|A_A_B|HCP|hollow|A_B_B|FCC|hollow|A_B_B|HCP,True
NiRe,L10,101,5,101,bridge|B_B|A|hollow|A_A_B|FCC|hollow|A_A_B|HCP|hollow|A_B_B|FCC|hollow|A_B_B|HCP,True
NiRh,L10,101,3,101,hollow|A_A_B|FCC|hollow|A_A_B|HCP|hollow|A_B_B|HCP,True
NiRu,L10,101,5,101,bridge|A_A|B|hollow|A_A_B|FCC|hollow|A_A_B|HCP|hollow|A_B_B|FCC|hollow|A_B_B|HCP,True
NiSn,L10,101,2,101,bridge|A_A|B|top|A,True
NiTa,L10,101,4,101,hollow|A_A_B|FCC|hollow|A_A_B|HCP|hollow|A_B_B|FCC|hollow|A_B_B|HCP,True
NiTi,L10,101,4,101,bridge|A_A|B|bridge|B_B|A|hollow|A_B_B|FCC|top|B,True
NiTl,L10,101,2,101,bridge|A_A|B|top|A,True
NiV,L10,101,5,101,hollow|A_A_B|FCC|hollow|A_A_B|HCP|hollow|A_B_B|FCC|hollow|A_B_B|HCP|top|B,True
NiW,L10,101,5,101,bridge|A_A|B|hollow|A_A_B|FCC|hollow|A_A_B|HCP|hollow|A_B_B|FCC|hollow|A_B_B|HCP,True
NiY,L10,101,3,101,bridge|A_A|B|bridge|B_B|A|hollow-tilt|A_B_B|FCC,True
NiZn,L10,101,2,101,bridge|A_A|B|hollow-tilt|A_B_B|FCC,True
NiZr,L10,101,4,101,bridge|A_A|B|bridge|B_B|A|hollow|A_B_B|FCC|top|A,True
OsPb,L10,101,4,101,bridge|A_A|B|bridge|B_B|A|top|A|top|B,True
OsPd,L10,101,4,101,hollow-tilt|A_A_B|HCP|hollow|A_A_B|FCC|hollow|A_B_B|FCC|hollow|A_B_B|HCP,True
OsPt,L10,101,5,101,bridge|A_A|B|bridge|B_B|A|hollow|A_A_B|FCC|hollow|A_B_B|FCC|top|A,True
OsRe,L10,101,5,101,bridge|B_B|A|hollow|A_A_B|FCC|hollow|A_A_B|HCP|hollow|A_B_B|FCC|hollow|A_B_B|HCP,True
OsRh,L10,101,7,101,bridge|A_A|B|bridge|A_B|A|bridge|A_B|B|bridge|B_B|A|hollow|A_A_B|FCC|hollow|A_B_B|FCC|hollow|A_B_B|HCP,True
OsRu,L10,101,7,101,bridge|A_A|B|bridge|A_B|A|bridge|B_B|A|hollow|A_A_B|FCC|hollow|A_A_B|HCP|hollow|A_B_B|FCC|hollow|A_B_B|HCP,True
OsSc,L10,101,3,101,bridge|A_A|B|bridge|B_B|A|hollow|A_B_B|FCC,True
OsSn,L10,101,2,101,bridge|A_A|B|top|A,True
OsTa,L10,101,3,101,hollow|A_A_B|HCP|hollow|A_B_B|FCC|top|B,True
OsTc,L10,101,7,101,bridge|B_B|A|hollow|A_A_B|FCC|hollow|A_A_B|HCP|hollow|A_B_B|FCC|hollow|A_B_B|HCP|top|A|top|B,True
OsTi,L10,101,4,101,bridge|A_A|B|hollow|A_A_B|FCC|hollow|A_B_B|FCC|top|B,True
OsV,L10,101,2,101,hollow|A_A_B|HCP|hollow|A_B_B|FCC,True
OsW,L10,101,7,101,bridge|A_A|B|bridge|B_B|A|hollow|A_A_B|FCC|hollow|A_A_B|HCP|hollow|A_B_B|FCC|hollow|A_B_B|HCP|top|B,True
OsY,L10,101,4,101,4fold|A_A_B_B|bridge|B_B|A|hollow-tilt|A_B_B|FCC|top|B,True
OsZn,L10,101,6,101,bridge|A_A|B|bridge|B_B|A|hollow|A_A_B|FCC|hollow|A_B_B|FCC|top-tilt|B|top|A,True
OsZr,L10,101,6,101,bridge|A_A|B|bridge|B_B|A|hollow-tilt|A_A_B|FCC|hollow-tilt|A_B_B|FCC|top|A|top|B,True
PbPd,L10,101,3,101,bridge|B_B|A|top-tilt|B|top|B,True
PbPt,L10,101,3,101,bridge|B_B|A|top-tilt|B|top|B,True
PbRh,L10,101,2,101,bridge|B_B|A|top|B,True
PbRu,L10,101,2,101,bridge|B_B|A|top|B,True
PbSc,L10,101,3,101,bridge|B_B|A|hollow-tilt|A_A_B|FCC|top-tilt|B,True
PbSn,L10,101,3,101,bridge|A_A|B|bridge|B_B|A|top|B,True
PbTa,L10,101,2,101,bridge|B_B|A|top-tilt|B,True
PbTc,L10,101,3,101,bridge|B_B|A|top|A|top|B,True
PbTi,L10,101,3,101,bridge|B_B|A|top-tilt|B|top|B,True
PbTl,L10,101,5,101,bridge|A_A|B|bridge|B_B|A|hollow-tilt|A_A_B|HCP|hollow-tilt|A_B_B|HCP|hollow|A_B_B|FCC,True
PbV,L10,101,1,101,bridge|B_B|A,True
PbW,L10,101,1,101,bridge|B_B|A,True
PbY,L10,101,4,101,bridge|B_B|A|hollow-tilt|A_A_B|FCC|hollow-tilt|A_A_B|HCP|top|B,True
PbZn,L10,101,3,101,bridge|B_B|A|hollow-tilt|A_A_B|FCC|top|B,True
PbZr,L10,101,2,101,bridge|B_B|A|top-tilt|B,True
PdPt,L10,101,7,101,bridge|A_A|B|bridge|A_B|B|bridge|B_B|A|hollow|A_A_B|FCC|hollow|A_A_B|HCP|hollow|A_B_B|FCC|top|A,True
PdRe,L10,101,3,101,bridge|B_B|A|hollow|A_A_B|FCC|hollow|A_A_B|HCP,True
PdRh,L10,101,2,101,hollow|A_A_B|FCC|hollow|A_A_B|HCP,True
PdRu,L10,101,4,101,hollow|A_A_B|FCC|hollow|A_A_B|HCP|hollow|A_B_B|FCC|hollow|A_B_B|HCP,True
PdSc,L10,101,4,101,bridge|A_A|B|hollow|A_B_B|FCC|hollow|A_B_B|HCP|top|B,True
PdSn,L10,101,2,101,bridge|A_A|B|top|A,True
PdTa,L10,101,4,101,bridge|B_B|A|hollow|A_A_B|FCC|hollow|A_A_B|HCP|hollow|A_B_B|HCP,True
PdTc,L10,101,5,101,bridge|B_B|A|hollow|A_A_B|FCC|hollow|A_A_B|HCP|hollow|A_B_B|FCC|hollow|A_B_B|HCP,True
PdTi,L10,101,3,101,hollow|A_A_B|FCC|hollow|A_A_B|HCP|hollow|A_B_B|HCP,True
PdTl,L10,101,1,101,top|B,True
PdV,L10,101,5,101,bridge|A_A|B|hollow|A_A_B|FCC|hollow|A_A_B|HCP|hollow|A_B_B|FCC|hollow|A_B_B|HCP,True
PdW,L10,101,3,101,bridge|B_B|A|hollow|A_A_B|FCC|hollow|A_A_B|HCP,True
PdY,L10,101,3,101,bridge|A_A|B|bridge|B_B|A|top|A,True
PdZn,L10,101,3,101,bridge|A_A|B|hollow|A_A_B|HCP|hollow|A_B_B|FCC,True
PdZr,L10,101,4,101,bridge|B_B|A|hollow|A_A_B|FCC|hollow|A_A_B|HCP|top|B,True
PtRe,L10,101,4,101,bridge|B_B|A|hollow|A_A_B|FCC|hollow|A_A_B|HCP|top|B,True
PtRh,L10,101,5,101,bridge|A_A|B|bridge|A_B|A|bridge|B_B|A|hollow|A_A_B|FCC|hollow|A_A_B|HCP,True
PtRu,L10,101,6,101,bridge|A_A|B|bridge|B_B|A|hollow|A_A_B|FCC|hollow|A_A_B|HCP|hollow|A_B_B|FCC|hollow|A_B_B|HCP,True
PtSc,L10,101,4,101,bridge|A_A|B|bridge|B_B|A|hollow|A_B_B|FCC|top|B,True
PtSn,L10,101,3,101,bridge|A_A|B|top|A|top|B,True
PtTa,L10,101,4,101,hollow|A_A_B|FCC|hollow|A_A_B|HCP|hollow|A_B_B|FCC|hollow|A_B_B|HCP,True
PtTc,L10,101,7,101,bridge|A_A|B|bridge|B_B|A|hollow|A_A_B|FCC|hollow|A_A_B|HCP|hollow|A_B_B|FCC|hollow|A_B_B|HCP|top|B,True
PtTi,L10,101,3,101,hollow|A_A_B|FCC|hollow|A_A_B|HCP|hollow|A_B_B|HCP,True
PtTl,L10,101,1,101,top|A,True
PtV,L10,101,5,101,bridge|A_A|B|hollow|A_A_B|FCC|hollow|A_A_B|HCP|hollow|A_B_B|FCC|hollow|A_B_B|HCP,True
PtW,L10,101,4,101,bridge|B_B|A|hollow|A_A_B|FCC|hollow|A_A_B|HCP|top|B,True
PtY,L10,101,3,101,bridge|A_A|B|bridge|B_B|A|hollow|A_B_B|FCC,True
PtZn,L10,101,2,101,bridge|A_A|B|top-tilt|A,True
PtZr,L10,101,4,101,bridge|A_A|B|bridge|B_B|A|hollow|A_A_B|HCP|top|B,True
ReRh,L10,101,6,101,bridge|A_A|B|bridge|B_B|A|hollow|A_A_B|FCC|hollow|A_A_B|HCP|hollow|A_B_B|FCC|hollow|A_B_B|HCP,True
ReRu,L10,101,8,101,bridge|A_A|B|bridge|A_B|A|bridge|A_B|B|bridge|B_B|A|hollow|A_A_B|FCC|hollow|A_A_B|HCP|hollow|A_B_B|FCC|hollow|A_B_B|HCP,True
ReSc,L10,101,5,101,bridge|A_A|B|bridge|B_B|A|hollow|A_A_B|HCP|hollow|A_B_B|FCC|hollow|A_B_B|HCP,True
ReSn,L10,101,3,101,bridge|A_A|B|top|A|top|B,True
ReTa,L10,101,4,101,bridge|A_A|B|hollow|A_A_B|HCP|hollow|A_B_B|FCC|top|B,True
ReTc,L10,101,7,101,bridge|A_A|B|hollow|A_A_B|FCC|hollow|A_A_B|HCP|hollow|A_B_B|FCC|hollow|A_B_B|HCP|top|A|top|B,True
ReTi,L10,101,3,101,hollow|A_A_B|HCP|hollow|A_B_B|HCP|top|B,True
ReV,L10,101,4,101,bridge|A_A|B|bridge|B_B|A|hollow|A_A_B|HCP|hollow|A_B_B|HCP,True
ReW,L10,101,5,101,hollow|A_A_B|FCC|hollow|A_A_B|HCP|hollow|A_B_B|FCC|hollow|A_B_B|HCP|top|B,True
ReY,L10,101,2,101,4fold|A_A_B_B|top-tilt|B,True
ReZn,L10,101,4,101,bridge|A_A|B|bridge|B_B|A|top-tilt|A|top|B,True
ReZr,L10,101,4,101,bridge|A_A|B|bridge|B_B|A|hollow|A_B_B|FCC|top|B,True
RhRu,L10,101,5,101,bridge|A_A|B|hollow|A_A_B|FCC|hollow|A_A_B|HCP|hollow|A_B_B|FCC|hollow|A_B_B|HCP,True
RhSc,L10,101,4,101,bridge|A_A|B|bridge|B_B|A|hollow|A_B_B|FCC|top|B,True
RhSn,L10,101,2,101,bridge|A_A|B|top|A,True
RhTa,L10,101,5,101,bridge|B_B|A|hollow|A_A_B|FCC|hollow|A_A_B|HCP|hollow|A_B_B|FCC|hollow|A_B_B|HCP,True
RhTc,L10,101,5,101,bridge|A_A|B|hollow|A_A_B|FCC|hollow|A_A_B|HCP|hollow|A_B_B|FCC|hollow|A_B_B|HCP,True
RhTi,L10,101,2,101,hollow|A_A_B|HCP|hollow|A_B_B|FCC,True
RhTl,L10,101,4,101,bridge|A_A|B|bridge|B_B|A|top|A|top|B,True
RhV,L10,101,4,101,hollow|A_A_B|FCC|hollow|A_A_B|HCP|hollow|A_B_B|FCC|hollow|A_B_B|HCP,True
RhW,L10,101,6,101,bridge|A_A|B|bridge|B_B|A|hollow|A_A_B|FCC|hollow|A_A_B|HCP|hollow|A_B_B|FCC|hollow|A_B_B|HCP,True
RhY,L10,101,3,101,bridge|A_A|B|bridge|B_B|A|hollow-tilt|A_B_B|FCC,True
RhZn,L10,101,5,101,4fold|A_A_B_B|bridge|A_A|B|hollow-tilt|A_B_B|FCC|top|A|top|B,True
RhZr,L10,101,5,101,bridge|A_A|B|bridge|B_B|A|hollow|A_A_B|FCC|hollow|A_B_B|FCC|top|B,True
RuSc,L10,101,4,101,bridge|A_A|B|bridge|B_B|A|hollow|A_B_B|FCC|top|B,True
RuSn,L10,101,2,101,bridge|A_A|B|top|A,True
RuTa,L10,101,2,101,hollow|A_A_B|HCP|hollow|A_B_B|FCC,True
RuTc,L10,101,5,101,bridge|A_A|B|hollow|A_A_B|FCC|hollow|A_A_B|HCP|hollow|A_B_B|FCC|hollow|A_B_B|HCP,True
RuTi,L10,101,3,101,hollow|A_A_B|HCP|hollow|A_B_B|FCC|top|B,True
RuTl,L10,101,2,101,bridge|A_A|B|top|A,True
RuV,L10,101,6,101,bridge|A_A|B|bridge|B_B|A|hollow|A_A_B|FCC|hollow|A_A_B|HCP|hollow|A_B_B|FCC|top|B,True
RuW,L10,101,4,101,bridge|A_A|B|bridge|B_B|A|hollow|A_B_B|FCC|hollow|A_B_B|HCP,True
RuY,L10,101,4,101,bridge|A_A|B|bridge|B_B|A|hollow-tilt|A_A_B|FCC|hollow-tilt|A_B_B|FCC,True
RuZn,L10,101,3,101,4fold|A_A_B_B|bridge|A_A|B|top|B,True
RuZr,L10,101,4,101,bridge|A_A|B|bridge|B_B|A|hollow|A_B_B|FCC|top|B,True
ScSn,L10,101,3,101,bridge|A_A|B|hollow-tilt|A_B_B|HCP|top-tilt|A,True
ScTa,L10,101,4,101,hollow|A_A_B|FCC|hollow|A_A_B|HCP|hollow|A_B_B|FCC|hollow|A_B_B|HCP,True
ScTc,L10,101,2,101,bridge|B_B|A|hollow|A_A_B|FCC,True
ScTi,L10,101,5,101,bridge|B_B|A|hollow|A_A_B|FCC|hollow|A_A_B|HCP|hollow|A_B_B|FCC|hollow|A_B_B|HCP,True
ScTl,L10,101,3,101,bridge|A_A|B|hollow-tilt|A_B_B|FCC|hollow-tilt|A_B_B|HCP,True
ScV,L10,101,6,101,bridge|A_A|B|bridge|B_B|A|bridge|B_B|B|hollow|A_A_B|FCC|hollow|A_A_B|HCP|hollow|A_B_B|HCP,True
ScW,L10,101,6,101,bridge|B_B|A|hollow|A_A_B|FCC|hollow|A_A_B|HCP|hollow|A_B_B|FCC|hollow|A_B_B|HCP|top|A,True
ScY,L10,101,3,101,hollow|A_A_B|FCC|hollow|A_A_B|HCP|hollow|A_B_B|FCC,True
ScZn,L10,101,4,101,4fold|A_A_B_B|bridge|A_A|B|hollow|A_A_B|FCC|top|A,True
ScZr,L10,101,7,101,bridge|A_A|B|bridge|A_B|A|bridge|B_B|A|hollow|A_A_B|FCC|hollow|A_A_B|HCP|hollow|A_B_B|FCC|hollow|A_B_B|HCP,True
SnTa,L10,101,2,101,bridge-tilt|A_B|B|top-tilt|B,True
SnTc,L10,101,4,101,bridge|A_A|B|bridge|B_B|A|top|A|top|B,True
SnTi,L10,101,4,101,bridge|A_A|B|bridge|B_B|A|top-tilt|A|top-tilt|B,True
SnTl,L10,101,4,101,bridge|A_A|B|bridge|B_B|A|hollow|A_B_B|FCC|top-tilt|A,True
SnV,L10,101,2,101,bridge|A_A|B|top|A,True
SnW,L10,101,2,101,bridge|A_A|B|top|A,True
SnY,L10,101,3,101,bridge|B_B|A|hollow|A_A_B|FCC|hollow|A_A_B|HCP,True
SnZn,L10,101,1,101,hollow-tilt|A_B_B|FCC,True
SnZr,L10,101,3,101,bridge|A_A|B|bridge|B_B|A|hollow-tilt|A_A_B|HCP,True
TaTc,L10,101,6,101,bridge|B_B|A|hollow|A_A_B|FCC|hollow|A_A_B|HCP|hollow|A_B_B|HCP|top|A|top|B,True
TaTi,L10,101,5,101,bridge|B_B|A|hollow|A_A_B|FCC|hollow|A_A_B|HCP|hollow|A_B_B|FCC|hollow|A_B_B|HCP,True
TaTl,L10,101,2,101,bridge|A_A|B|top|A,True
TaV,L10,101,5,101,bridge|A_A|B|bridge|B_B|A|hollow|A_A_B|HCP|hollow|A_B_B|HCP|top|B,True
TaW,L10,101,1,101,bridge|B_B|A,True
TaY,L10,101,5,101,bridge|A_A|B|hollow|A_A_B|FCC|hollow|A_A_B|HCP|hollow|A_B_B|FCC|hollow|A_B_B|HCP,True
TaZn,L10,101,4,101,bridge|A_A|B|hollow-tilt|A_B_B|HCP|hollow|A_B_B|FCC|hollow|A_B_B|HCP,True
TaZr,L10,101,5,101,bridge|A_B|B|hollow|A_A_B|FCC|hollow|A_A_B|HCP|hollow|A_B_B|FCC|hollow|A_B_B|HCP,True
TcTi,L10,101,4,101,hollow|A_A_B|HCP|hollow|A_B_B|HCP|top|A|top|B,True
TcTl,L10,101,2,101,top|A|top|B,True
TcV,L10,101,4,101,hollow|A_A_B|HCP|hollow|A_B_B|HCP|top|A|top|B,True
TcW,L10,101,7,101,bridge|A_A|B|bridge|A_B|B|bridge|B_B|A|hollow|A_A_B|HCP|hollow|A_B_B|FCC|top|A|top|B,True
TcY,L10,101,3,101,4fold|A_A_B_B|bridge|B_B|A|top|B,True
TcZn,L10,101,4,101,bridge-tilt|A_B|A|bridge|A_A|B|hollow|A_B_B|FCC|hollow|A_B_B|HCP,True
TcZr,L10,101,6,101,bridge|A_A|B|bridge|B_B|A|hollow|A_A_B|FCC|hollow|A_B_B|FCC|top|A|top|B,True
TiTl,L10,101,3,101,bridge|A_A|B|top-tilt|A|top|A,True
TiV,L10,101,5,101,bridge|A_A|B|hollow|A_A_B|FCC|hollow|A_A_B|HCP|hollow|A_B_B|FCC|hollow|A_B_B|HCP,True
TiW,L10,101,4,101,hollow|A_A_B|FCC|hollow|A_A_B|HCP|hollow|A_B_B|FCC|hollow|A_B_B|HCP,True
TiY,L10,101,4,101,hollow|A_A_B|FCC|hollow|A_A_B|HCP|hollow|A_B_B|FCC|hollow|A_B_B|HCP,True
TiZn,L10,101,5,101,bridge|B_B|A|hollow|A_A_B|FCC|hollow|A_A_B|HCP|hollow|A_B_B|FCC|hollow|A_B_B|HCP,True
TiZr,L10,101,2,101,hollow|A_A_B|FCC|hollow|A_B_B|HCP,True
TlW,L10,101,1,101,top|B,True
TlY,L10,101,4,101,bridge|B_B|A|hollow-tilt|A_A_B|FCC|hollow|A_A_B|FCC|top|B,True
TlZn,L10,101,0,,,
TlZr,L10,101,3,101,bridge|B_B|A|hollow-tilt|A_A_B|FCC|top-tilt|B,True
VW,L10,101,5,101,bridge|B_B|A|hollow|A_A_B|FCC|hollow|A_A_B|HCP|hollow|A_B_B|FCC|hollow|A_B_B|HCP,True
VZn,L10,101,4,101,bridge|A_A|B|hollow|A_A_B|HCP|hollow|A_B_B|FCC|hollow|A_B_B|HCP,True
VZr,L10,101,3,101,bridge|A_A|B|hollow|A_A_B|FCC|hollow|A_B_B|FCC,True
WY,L10,101,6,101,bridge-tilt|A_A|B|bridge|A_A|A|bridge|B_B|A|hollow-tilt|A_A_B|HCP|hollow-tilt|A_B_B|HCP|top|B,True
WZn,L10,101,4,101,bridge|A_A|B|hollow-tilt|A_B_B|HCP|hollow|A_B_B|HCP|top-tilt|A,True
WZr,L10,101,6,101,bridge|B_B|A|hollow|A_A_B|FCC|hollow|A_A_B|HCP|hollow|A_B_B|FCC|hollow|A_B_B|HCP|top|B,True
YZn,L10,101,5,101,4fold|A_A_B_B|bridge|A_A|B|bridge|B_B|A|hollow|A_A_B|FCC|top|B,True
YZr,L10,101,7,101,bridge|A_A|B|bridge|B_B|A|hollow|A_A_B|FCC|hollow|A_A_B|HCP|hollow|A_B_B|FCC|hollow|A_B_B|HCP|top|B,True
ZnZr,L10,101,4,101,4fold|A_A_B_B|bridge|B_B|A|hollow|A_B_B|FCC|top|A,True
Ag3Al,L12,111,8,111,bridge|A_A|A|bridge|A_B|A|hollow|A_A_A|FCC|hollow|A_A_A|HCP|hollow|A_A_B|FCC|hollow|A_A_B|HCP|top|A|top|B,True
Ag3Au,L12,111,7,111,bridge|A_B|A|hollow|A_A_A|FCC|hollow|A_A_A|HCP|hollow|A_A_B|FCC|hollow|A_A_B|HCP|top|A|top|B,True
Ag3Bi,L12,111,4,111,hollow|A_A_A|FCC|hollow|A_A_A|HCP|top|A|top|B,True
Ag3Co,L12,111,6,111,bridge|A_B|A|hollow|A_A_A|FCC|hollow|A_A_A|HCP|hollow|A_A_B|FCC|hollow|A_A_B|HCP|top|B,True
Ag3Cr,L12,111,5,111,hollow|A_A_A|FCC|hollow|A_A_A|HCP|hollow|A_A_B|FCC|hollow|A_A_B|HCP|top|B,True
Ag3Cu,L12,111,9,111,bridge|A_A|A|bridge|A_A|B|bridge|A_B|A|hollow|A_A_A|FCC|hollow|A_A_A|HCP|hollow|A_A_B|FCC|hollow|A_A_B|HCP|top|A|top|B,True
Ag3Fe,L12,111,5,111,bridge|A_B|A|hollow|A_A_A|FCC|hollow|A_A_B|FCC|hollow|A_A_B|HCP|top|B,True
Ag3Ga,L12,111,7,111,bridge|A_B|A|hollow|A_A_A|FCC|hollow|A_A_A|HCP|hollow|A_A_B|FCC|hollow|A_A_B|HCP|top|A|top|B,True
Ag3Hf,L12,111,2,111,hollow|A_A_B|FCC|hollow|A_A_B|HCP,True
Ag3Hg,L12,111,3,111,bridge|A_B|A|top|A|top|B,True
Ag3Ir,L12,111,3,111,hollow|A_A_A|FCC|top-tilt|B|top|B,True
Ag3La,L12,111,8,111,bridge|A_A|B|bridge|A_B|A|hollow|A_A_A|FCC|hollow|A_A_A|HCP|hollow|A_A_B|FCC|hollow|A_A_B|HCP|top|A|top|B,True
Ag3Mo,L12,111,5,111,hollow|A_A_A|FCC|hollow|A_A_A|HCP|hollow|A_A_B|FCC|hollow|A_A_B|HCP|top|B,True
Ag3Nb,L12,111,6,111,bridge|A_B|A|hollow|A_A_A|FCC|hollow|A_A_A|HCP|hollow|A_A_B|FCC|hollow|A_A_B|HCP|top|B,True
Ag3Ni,L12,111,4,111,bridge|A_A|A|bridge|A_B|A|hollow|A_A_A|FCC|hollow|A_A_B|FCC,True
Ag3Os,L12,111,5,111,bridge|A_B|A|hollow-tilt|A_A_B|FCC|hollow-tilt|A_A_B|HCP|hollow|A_A_A|FCC|top|B,True
Ag3Pb,L12,111,5,111,bridge|A_B|A|hollow|A_A_A|FCC|hollow|A_A_A|HCP|top|A|top|B,True
Ag3Pd,L12,111,7,111,bridge|A_A|A|bridge|A_B|A|hollow|A_A_A|FCC|hollow|A_A_A|HCP|hollow|A_A_B|FCC|hollow|A_A_B|HCP|top|B,True
Ag3Pt,L12,111,4,111,bridge|A_A|A|hollow|A_A_A|FCC|hollow|A_A_A|HCP|top|B,True
Ag3Re,L12,111,5,111,hollow-tilt|A_A_B|FCC|hollow|A_A_A|FCC|hollow|A_A_A|HCP|hollow|A_A_B|HCP|top|B,True
Ag3Rh,L12,111,5,111,hollow|A_A_A|FCC|hollow|A_A_A|HCP|hollow|A_A_B|FCC|hollow|A_A_B|HCP|top|B,True
Ag3Ru,L12,111,5,111,hollow|A_A_A|FCC|hollow|A_A_A|HCP|hollow|A_A_B|FCC|hollow|A_A_B|HCP|top|B,True
Ag3Sc,L12,111,4,111,hollow|A_A_A|FCC|hollow|A_A_B|FCC|hollow|A_A_B|HCP|top|B,True
Ag3Sn,L12,111,4,111,bridge|A_B|A|hollow|A_A_A|FCC|hollow|A_A_A|HCP|top|B,True
Ag3Ta,L12,111,3,111,bridge|A_B|A|hollow|A_A_B|HCP|top|B,True
Ag3Tc,L12,111,5,111,hollow|A_A_A|FCC|hollow|A_A_A|HCP|hollow|A_A_B|FCC|hollow|A_A_B|HCP|top|B,True
Ag3Ti,L12,111,3,111,hollow|A_A_B|FCC|hollow|A_A_B|HCP|top|B,True
Ag3Tl,L12,111,2,111,top|A|top|B,True
Ag3V,L12,111,4,111,bridge|A_A|A|hollow|A_A_B|FCC|hollow|A_A_B|HCP|top|B,True
Ag3W,L12,111,5,111,bridge|A_B|A|hollow-tilt|A_A_B|FCC|hollow|A_A_A|FCC|hollow|A_A_B|HCP|top|B,True
Ag3Y,L12,111,5,111,hollow|A_A_A|FCC|hollow|A_A_A|HCP|hollow|A_A_B|FCC|hollow|A_A_B|HCP|top|B,True
Ag3Zn,L12,111,5,111,bridge|A_B|A|hollow|A_A_A|FCC|hollow|A_A_A|HCP|top|A|top|B,True
Ag3Zr,L12,111,5,111,bridge|A_B|A|hollow|A_A_A|FCC|hollow|A_A_B|FCC|hollow|A_A_B|HCP|top|B,True
AgAl3,L12,111,4,111,bridge-tilt|A_A|B|bridge|A_A|A|bridge|A_A|B|top|B,True
AgAu3,L12,111,8,111,bridge|A_A|A|bridge|A_B|A|hollow|A_A_A|FCC|hollow|A_A_A|HCP|hollow|A_A_B|FCC|hollow|A_A_B|HCP|top|A|top|B,True
AgBi3,L12,111,3,111,hollow-tilt|A_A_B|FCC|hollow|A_A_A|FCC|hollow|A_A_A|HCP,True
AgCd3,L12,111,5,111,bridge|A_A|A|bridge|A_A|B|bridge|A_B|A|top|A|top|B,True
AgCo3,L12,111,5,111,bridge|A_B|A|hollow|A_A_A|FCC|hollow|A_A_A|HCP|top|A|top|B,True
AgCr3,L12,111,4,111,bridge|A_A|A|hollow|A_A_A|FCC|hollow|A_A_A|HCP|top|B,True
AgCu3,L12,111,9,111,bridge|A_A|A|bridge|A_A|B|bridge|A_B|A|hollow|A_A_A|FCC|hollow|A_A_A|HCP|hollow|A_A_B|FCC|hollow|A_A_B|HCP|top|A|top|B,True
AgFe3,L12,111,0,,,
AgGa3,L12,111,8,111,bridge|A_A|A|bridge|A_A|B|bridge|A_B|A|hollow|A_A_A|FCC|hollow|A_A_A|HCP|hollow|A_A_B|FCC|hollow|A_A_B|HCP|top|A,True
AgHf3,L12,111,3,111,hollow|A_A_A|FCC|hollow|A_A_A|HCP|top|B,True
AgHg3,L12,111,1,111,top|B,True
AgIn3,L12,111,8,111,bridge|A_A|A|bridge|A_A|B|bridge|A_B|A|hollow-tilt|A_A_B|HCP|hollow|A_A_A|FCC|hollow|A_A_B|FCC|top|A|top|B,True
AgIr3,L12,111,5,111,bridge|A_A|A|hollow|A_A_A|FCC|hollow|A_A_A|HCP|top|A|top|B,True
AgLa3,L12,111,3,111,bridge|A_B|A|hollow|A_A_A|FCC|hollow|A_A_A|HCP,True
AgMo3,L12,111,3,111,hollow|A_A_A|FCC|hollow|A_A_A|HCP|top|B,True
AgNb3,L12,111,2,111,hollow|A_A_A|FCC|hollow|A_A_A|HCP,True
AgNi3,L12,111,4,111,bridge|A_B|A|hollow|A_A_A|HCP|top|A|top|B,True
AgOs3,L12,111,5,111,bridge|A_A|A|hollow|A_A_A|FCC|hollow|A_A_A|HCP|top|A|top|B,True
AgPb3,L12,111,5,111,bridge|A_A|A|bridge|A_A|B|bridge|A_B|A|top|A|top|B,True
AgPd3,L12,111,7,111,bridge|A_A|A|bridge|A_A|B|bridge|A_B|A|hollow|A_A_A|FCC|hollow|A_A_A|HCP|hollow|A_A_B|FCC|top|A,True
AgPt3,L12,111,5,111,bridge|A_A|A|bridge|A_A|B|hollow|A_A_A|FCC|hollow|A_A_A|HCP|top|A,True
AgRe3,L12,111,2,111,hollow|A_A_A|FCC|hollow|A_A_A|HCP,True
AgRh3,L12,111,2,111,hollow|A_A_A|FCC|hollow|A_A_A|HCP,True
AgRu3,L12,111,2,111,hollow|A_A_A|FCC|hollow|A_A_A|HCP,True
AgSc3,L12,111,2,111,hollow|A_A_A|FCC|hollow|A_A_A|HCP,True
AgSn3,L12,111,7,111,bridge|A_A|A|bridge|A_A|B|bridge|A_B|A|hollow-tilt|A_A_B|FCC|hollow|A_A_A|FCC|hollow|A_A_A|HCP|hollow|A_A_B|FCC,True
AgTa3,L12,111,3,111,bridge|A_A|A|hollow|A_A_A|FCC|hollow|A_A_A|HCP,True
AgTc3,L12,111,2,111,hollow|A_A_A|FCC|hollow|A_A_A|HCP,True
AgTi3,L12,111,2,111,hollow|A_A_A|FCC|hollow|A_A_A|HCP,True
AgTl3,L12,111,6,111,bridge-tilt|A_B|A|bridge|A_A|B|hollow-tilt|A_A_B|FCC|hollow-tilt|A_A_B|HCP|hollow|A_A_A|FCC|hollow|A_A_A|HCP,True
AgV3,L12,111,2,111,hollow|A_A_A|FCC|hollow|A_A_A|HCP,True
AgW3,L12,111,3,111,hollow|A_A_A|FCC|hollow|A_A_A|HCP|top|B,True
AgY3,L12,111,4,111,hollow|A_A_A|FCC|hollow|A_A_A|HCP|top|A|top|B,True
AgZn3,L12,111,3,111,bridge|A_A|A|bridge|A_A|B|bridge|A_B|A,True
AgZr3,L12,111,3,111,hollow|A_A_A|FCC|hollow|A_A_A|HCP|top|B,True
Al3Au,L12,111,3,111,bridge|A_A|A|bridge|A_A|B|top|B,True
Al3Bi,L12,111,1,111,hollow|A_A_A|HCP,True
Al3Cd,L12,111,3,111,bridge|A_A|A|bridge|A_A|B|top|A,True
Al3Co,L12,111,3,111,bridge|A_A|A|hollow|A_A_B|FCC|top|B,True
Al3Cr,L12,111,6,111,bridge|A_A|B|bridge|A_B|A|hollow|A_A_A|HCP|hollow|A_A_B|FCC|hollow|A_A_B|HCP|top|B,True
Al3Cu,L12,111,6,111,bridge|A_A|A|hollow|A_A_A|FCC|hollow|A_A_A|HCP|hollow|A_A_B|FCC|hollow|A_A_B|HCP|top|B,True
Al3Fe,L12,111,4,111,bridge|A_A|A|bridge|A_A|B|hollow|A_A_B|FCC|top|B,True
Al3Ga,L12,111,3,111,bridge|A_A|A|bridge|A_A|B|top|A,True
Al3Hf,L12,111,6,111,hollow|A_A_A|FCC|hollow|A_A_A|HCP|hollow|A_A_B|FCC|hollow|A_A_B|HCP|top|A|top|B,True
Al3Hg,L12,111,5,111,bridge|A_A|A|hollow|A_A_A|FCC|hollow|A_A_A|HCP|top-tilt|A|top|A,True
Al3In,L12,111,3,111,bridge|A_A|A|bridge|A_A|B|top|A,True
Al3Ir,L12,111,3,111,hollow|A_A_A|FCC|hollow|A_A_A|HCP|top|B,True
Al3La,L12,111,5,111,bridge-tilt|A_B|A|bridge|A_A|B|hollow|A_A_B|HCP|top|A|top|B,True
Al3Mn,L12,111,3,111,hollow|A_A_B|FCC|hollow|A_A_B|HCP|top|B,True
Al3Mo,L12,111,4,111,bridge|A_B|A|hollow|A_A_A|HCP|hollow|A_A_B|HCP|top|B,True
Al3Nb,L12,111,5,111,bridge|A_B|A|hollow|A_A_A|HCP|hollow|A_A_B|FCC|hollow|A_A_B|HCP|top|B,True
Al3Ni,L12,111,1,111,top|B,True
Al3Os,L12,111,3,111,hollow|A_A_A|FCC|hollow|A_A_A|HCP|top|B,True
Al3Pb,L12,111,5,111,bridge|A_A|A|bridge|A_A|B|hollow|A_A_A|FCC|hollow|A_A_A|HCP|top-tilt|A,True
Al3Pd,L12,111,5,111,bridge|A_A|A|bridge|A_A|B|hollow|A_A_A|FCC|hollow|A_A_A|HCP|top|B,True
Al3Pt,L12,111,4,111,bridge|A_A|B|hollow|A_A_A|FCC|hollow|A_A_A|HCP|top|B,True
Al3Re,L12,111,3,111,hollow|A_A_A|FCC|hollow|A_A_A|HCP|top|B,True
Al3Rh,L12,111,2,111,bridge|A_A|B|hollow|A_A_A|FCC,True
Al3Ru,L12,111,3,111,hollow|A_A_A|FCC|hollow|A_A_A|HCP|top|B,True
Al3Sc,L12,111,2,111,hollow|A_A_B|FCC|hollow|A_A_B|HCP,True
Al3Sn,L12,111,3,111,bridge|A_A|A|bridge|A_A|B|top|A,True
Al3Ta,L12,111,5,111,hollow|A_A_A|FCC|hollow|A_A_A|HCP|hollow|A_A_B|FCC|hollow|A_A_B|HCP|top-tilt|B,True
Al3Tc,L12,111,2,111,hollow|A_A_A|FCC|hollow|A_A_A|HCP,True
Al3Ti,L12,111,6,111,hollow|A_A_A|FCC|hollow|A_A_A|HCP|hollow|A_A_B|FCC|hollow|A_A_B|HCP|top-tilt|A|top|B,True
Al3Tl,L12,111,3,111,bridge|A_A|A|hollow|A_A_A|FCC|hollow|A_A_A|HCP,True
Al3V,L12,111,2,111,hollow|A_A_B|FCC|hollow|A_A_B|HCP,True
Al3W,L12,111,3,111,hollow|A_A_A|FCC|hollow|A_A_A|HCP|top|B,True
Al3Y,L12,111,7,111,bridge|A_B|A|hollow|A_A_A|FCC|hollow|A_A_A|HCP|hollow|A_A_B|FCC|hollow|A_A_B|HCP|top|A|top|B,True
Al3Zn,L12,111,5,111,bridge|A_A|A|bridge|A_A|B|hollow|A_A_A|FCC|hollow|A_A_B|FCC|top|B,True
Al3Zr,L12,111,6,111,hollow|A_A_A|FCC|hollow|A_A_A|HCP|hollow|A_A_B|FCC|hollow|A_A_B|HCP|top|A|top|B,True
AlAu3,L12,111,4,111,bridge|A_A|A|bridge|A_A|B|bridge|A_B|A|top|B,True
AlCd3,L12,111,3,111,bridge|A_A|A|top|A|top|B,True
AlCo3,L12,111,1,111,hollow|A_A_A|HCP,True
AlCr3,L12,111,2,111,hollow|A_A_A|FCC|hollow|A_A_A|HCP,True
AlCu3,L12,111,5,111,bridge|A_B|A|hollow|A_A_A|FCC|hollow|A_A_A|HCP|hollow|A_A_B|FCC|top|B,True
AlFe3,L12,111,1,111,hollow|A_A_A|HCP,True
AlGa3,L12,111,6,111,bridge|A_A|A|hollow-tilt|A_A_B|FCC|hollow|A_A_A|FCC|hollow|A_A_A|HCP|top|A|top|B,True
AlHf3,L12,111,4,111,bridge|A_A|B|hollow|A_A_A|FCC|hollow|A_A_A|HCP|top|B,True
AlHg3,L12,111,2,111,bridge|A_A|B|top|B,True
AlIn3,L12,111,5,111,bridge|A_A|A|hollow-tilt|A_A_B|FCC|top-tilt|B|top|A|top|B,True
AlIr3,L12,111,6,111,bridge|A_A|A|bridge|A_A|B|hollow|A_A_A|FCC|hollow|A_A_A|HCP|top-tilt|A|top|B,True
AlLa3,L12,111,4,111,hollow-tilt|A_A_B|FCC|hollow|A_A_A|FCC|hollow|A_A_A|HCP|top|B,True
AlMo3,L12,111,3,111,hollow|A_A_A|FCC|hollow|A_A_A|HCP|top|B,True
AlNb3,L12,111,4,111,hollow|A_A_A|FCC|hollow|A_A_A|HCP|hollow|A_A_B|FCC|top|B,True
AlNi3,L12,111,3,111,hollow|A_A_A|FCC|hollow|A_A_A|HCP|top|B,True
AlOs3,L12,111,3,111,hollow|A_A_A|FCC|top|A|top|B,True
AlPb3,L12,111,6,111,bridge-tilt|A_B|A|bridge|A_A|A|bridge|A_A|B|hollow|A_A_A|FCC|hollow|A_A_A|HCP|top-tilt|B,True
AlPd3,L12,111,3,111,hollow|A_A_A|FCC|hollow|A_A_A|HCP|top|B,True
AlPt3,L12,111,5,111,bridge|A_A|A|bridge|A_A|B|top-tilt|A|top|A|top|B,True
AlRe3,L12,111,4,111,hollow|A_A_A|FCC|hollow|A_A_A|HCP|top-tilt|A|top|A,True
AlRh3,L12,111,4,111,bridge|A_A|B|hollow|A_A_A|FCC|hollow|A_A_A|HCP|top|B,True
AlRu3,L12,111,3,111,bridge|A_A|A|hollow|A_A_A|FCC|hollow|A_A_A|HCP,True
AlSc3,L12,111,3,111,hollow|A_A_A|FCC|hollow|A_A_A|HCP|hollow|A_A_B|FCC,True
AlSn3,L12,111,6,111,bridge-tilt|A_B|A|bridge|A_A|A|bridge|A_A|B|hollow|A_A_A|FCC|hollow|A_A_A|HCP|top-tilt|B,True
AlTa3,L12,111,2,111,hollow|A_A_A|FCC|hollow|A_A_A|HCP,True
AlTc3,L12,111,3,111,bridge|A_A|A|hollow|A_A_A|FCC|hollow|A_A_A|HCP,True
AlTi3,L12,111,3,111,hollow|A_A_A|FCC|hollow|A_A_A|HCP|hollow|A_A_B|FCC,True
AlTl3,L12,111,4,111,bridge|A_A|B|hollow|A_A_A|FCC|hollow|A_A_A|HCP|top-tilt|B,True
AlV3,L12,111,3,111,hollow|A_A_A|FCC|hollow|A_A_A|HCP|hollow|A_A_B|HCP,True
AlW3,L12,111,3,111,bridge|A_A|A|hollow|A_A_A|FCC|hollow|A_A_A|HCP,True
AlY3,L12,111,3,111,hollow|A_A_A|FCC|hollow|A_A_A|HCP|hollow|A_A_B|FCC,True
AlZn3,L12,111,4,111,hollow|A_A_A|FCC|hollow|A_A_B|FCC|top|A|top|B,True
AlZr3,L12,111,4,111,hollow|A_A_A|FCC|hollow|A_A_A|HCP|hollow|A_A_B|FCC|top|B,True
Au3Bi,L12,111,4,111,bridge|A_A|A|bridge|A_A|B|hollow|A_A_A|FCC|hollow|A_A_A|HCP,True
Au3Cd,L12,111,5,111,bridge|A_A|A|bridge|A_A|B|hollow|A_A_A|FCC|hollow|A_A_A|HCP|top|A,True
Au3Co,L12,111,7,111,bridge|A_B|A|hollow|A_A_A|FCC|hollow|A_A_A|HCP|hollow|A_A_B|FCC|hollow|A_A_B|HCP|top|A|top|B,True
Au3Cr,L12,111,4,111,hollow|A_A_B|FCC|hollow|A_A_B|HCP|top|A|top|B,True
Au3Cu,L12,111,7,111,bridge|A_B|A|hollow|A_A_A|FCC|hollow|A_A_A|HCP|hollow|A_A_B|FCC|hollow|A_A_B|HCP|top|A|top|B,True
Au3Fe,L12,111,5,111,bridge|A_B|A|hollow|A_A_B|FCC|hollow|A_A_B|HCP|top|A|top|B,True
Au3Ga,L12,111,2,111,bridge|A_A|B|bridge|A_B|A,True
Au3Hf,L12,111,5,111,bridge|A_B|A|hollow|A_A_B|FCC|hollow|A_A_B|HCP|top|A|top|B,True
Au3Hg,L12,111,2,111,hollow|A_A_A|FCC|top|A,True
Au3In,L12,111,4,111,bridge|A_B|A|hollow|A_A_A|FCC|hollow|A_A_A|HCP|top|A,True
Au3Ir,L12,111,4,111,bridge|A_A|A|hollow|A_A_A|FCC|hollow|A_A_A|HCP|top|B,True
Au3La,L12,111,5,111,bridge-tilt|A_B|A|bridge|A_A|A|bridge|A_A|B|top|A|top|B,True
Au3Mn,L12,111,5,111,bridge|A_B|A|hollow|A_A_B|FCC|hollow|A_A_B|HCP|top|A|top|B,True
Au3Mo,L12,111,5,111,hollow|A_A_A|HCP|hollow|A_A_B|FCC|hollow|A_A_B|HCP|top|A|top|B,True
Au3Nb,L12,111,5,111,bridge|A_B|A|hollow|A_A_B|FCC|hollow|A_A_B|HCP|top|A|top|B,True
Au3Ni,L12,111,2,111,hollow|A_A_B|FCC|hollow|A_A_B|HCP,True
Au3Os,L12,111,2,111,hollow|A_A_A|FCC|top|B,True
Au3Pb,L12,111,3,111,bridge|A_A|B|hollow|A_A_A|FCC|top|A,True
Au3Pd,L12,111,8,111,bridge|A_A|A|bridge|A_B|A|hollow|A_A_A|FCC|hollow|A_A_A|HCP|hollow|A_A_B|FCC|hollow|A_A_B|HCP|top|A|top|B,True
Au3Pt,L12,111,5,111,bridge|A_A|A|hollow|A_A_A|FCC|hollow|A_A_A|HCP|top-tilt|A|top|B,True
Au3Re,L12,111,7,111,bridge-tilt|A_B|A|hollow|A_A_A|FCC|hollow|A_A_A|HCP|hollow|A_A_B|HCP|top-tilt|A|top-tilt|B|top|B,True
Au3Rh,L12,111,6,111,bridge|A_B|A|hollow|A_A_A|FCC|hollow|A_A_A|HCP|hollow|A_A_B|FCC|hollow|A_A_B|HCP|top|B,True
Au3Ru,L12,111,7,111,bridge|A_B|A|hollow|A_A_A|FCC|hollow|A_A_A|HCP|hollow|A_A_B|FCC|hollow|A_A_B|HCP|top-tilt|A|top|B,True
Au3Sc,L12,111,6,111,hollow|A_A_A|FCC|hollow|A_A_A|HCP|hollow|A_A_B|FCC|hollow|A_A_B|HCP|top|A|top|B,True
Au3Sn,L12,111,4,111,hollow|A_A_A|FCC|hollow|A_A_A|HCP|top|A|top|B,True
Au3Ta,L12,111,4,111,hollow|A_A_B|FCC|hollow|A_A_B|HCP|top|A|top|B,True
Au3Tc,L12,111,6,111,hollow-tilt|A_A_B|FCC|hollow|A_A_A|FCC|hollow|A_A_A|HCP|hollow|A_A_B|HCP|top-tilt|A|top|B,True
Au3Ti,L12,111,6,111,bridge|A_B|A|hollow|A_A_A|FCC|hollow|A_A_B|FCC|hollow|A_A_B|HCP|top|A|top|B,True
Au3Tl,L12,111,1,111,top|A,True
Au3V,L12,111,4,111,hollow|A_A_B|FCC|hollow|A_A_B|HCP|top|A|top|B,True
Au3W,L12,111,4,111,bridge-tilt|A_B|A|hollow|A_A_B|HCP|top-tilt|A|top|B,True
Au3Y,L12,111,8,111,bridge-tilt|A_B|A|bridge|A_A|B|hollow|A_A_A|FCC|hollow|A_A_A|HCP|hollow|A_A_B|FCC|hollow|A_A_B|HCP|top|A|top|B,True
Au3Zn,L12,111,4,111,bridge|A_A|A|bridge|A_A|B|bridge|A_B|A|top|A,True
Au3Zr,L12,111,7,111,bridge|A_B|A|hollow|A_A_A|FCC|hollow|A_A_A|HCP|hollow|A_A_B|FCC|hollow|A_A_B|HCP|top|A|top|B,True
AuBi3,L12,111,3,111,hollow-tilt|A_A_B|FCC|hollow|A_A_A|FCC|hollow|A_A_A|HCP,True
AuCd3,L12,111,8,111,bridge|A_A|A|bridge|A_A|B|bridge|A_B|A|hollow|A_A_A|FCC|hollow|A_A_A|HCP|hollow|A_A_B|FCC|hollow|A_A_B|HCP|top|B,True
AuCo3,L12,111,4,111,bridge|A_B|A|hollow|A_A_A|FCC|hollow|A_A_A|HCP|top|B,True
AuCr3,L12,111,3,111,hollow|A_A_A|FCC|hollow|A_A_A|HCP|top|B,True
AuCu3,L12,111,7,111,bridge|A_A|B|bridge|A_B|A|hollow|A_A_A|FCC|hollow|A_A_A|HCP|hollow|A_A_B|FCC|hollow|A_A_B|HCP|top|B,True
AuFe3,L12,111,1,111,hollow|A_A_A|FCC,True
AuGa3,L12,111,6,111,bridge|A_A|A|bridge|A_A|B|bridge|A_B|A|hollow|A_A_A|FCC|hollow|A_A_A|HCP|top|B,True
AuHf3,L12,111,3,111,hollow|A_A_A|FCC|hollow|A_A_A|HCP|top|B,True
AuIn3,L12,111,5,111,bridge|A_A|A|bridge|A_A|B|top-tilt|B|top|A|top|B,True
AuIr3,L12,111,4,111,hollow|A_A_A|FCC|hollow|A_A_A|HCP|top|A|top|B,True
AuLa3,L12,111,3,111,hollow|A_A_A|FCC|hollow|A_A_A|HCP|top|B,True
AuMo3,L12,111,3,111,hollow|A_A_A|FCC|hollow|A_A_A|HCP|top|B,True
AuNb3,L12,111,3,111,hollow|A_A_A|FCC|hollow|A_A_A|HCP|top|B,True
AuNi3,L12,111,3,111,bridge|A_B|A|hollow|A_A_A|FCC|hollow|A_A_A|HCP,True
AuPb3,L12,111,3,111,bridge|A_A|A|bridge|A_A|B|top|B,True
AuPd3,L12,111,8,111,bridge|A_A|B|bridge|A_B|A|hollow|A_A_A|FCC|hollow|A_A_A|HCP|hollow|A_A_B|FCC|hollow|A_A_B|HCP|top|A|top|B,True
AuPt3,L12,111,6,111,bridge|A_A|A|bridge|A_A|B|hollow|A_A_A|FCC|hollow|A_A_A|HCP|top|A|top|B,True
AuRe3,L12,111,2,111,hollow|A_A_A|FCC|hollow|A_A_A|HCP,True
AuRh3,L12,111,3,111,hollow|A_A_A|FCC|hollow|A_A_A|HCP|hollow|A_A_B|FCC,True
AuRu3,L12,111,3,111,bridge|A_B|A|hollow|A_A_A|FCC|hollow|A_A_A|HCP,True
AuSc3,L12,111,2,111,hollow|A_A_A|FCC|hollow|A_A_A|HCP,True
AuSn3,L12,111,3,111,bridge|A_A|A|bridge|A_A|B|top-tilt|B,True
AuTa3,L12,111,2,111,hollow|A_A_A|FCC|hollow|A_A_A|HCP,True
AuTc3,L12,111,2,111,hollow|A_A_A|FCC|hollow|A_A_A|HCP,True
AuTi3,L12,111,2,111,hollow|A_A_A|FCC|hollow|A_A_A|HCP,True
AuTl3,L12,111,3,111,hollow|A_A_A|FCC|hollow|A_A_A|HCP|top|B,True
AuV3,L12,111,2,111,hollow|A_A_A|FCC|hollow|A_A_A|HCP,True
AuW3,L12,111,2,111,hollow|A_A_A|FCC|hollow|A_A_A|HCP,True
AuY3,L12,111,4,111,hollow|A_A_A|FCC|hollow|A_A_A|HCP|top|A|top|B,True
AuZn3,L12,111,3,111,bridge|A_A|A|bridge|A_B|A|hollow|A_A_A|HCP,True
AuZr3,L12,111,2,111,hollow|A_A_A|FCC|hollow|A_A_A|HCP,True
Bi3Cd,L12,111,2,111,hollow|A_A_A|FCC|hollow|A_A_A|HCP,True
Bi3Cu,L12,111,1,111,hollow|A_A_A|FCC,True
Bi3Hf,L12,111,3,111,hollow|A_A_A|FCC|hollow|A_A_A|HCP|top-tilt|B,True
Bi3Nb,L12,111,2,111,hollow|A_A_A|FCC|hollow|A_A_A|HCP,True
Bi3Pd,L12,111,3,111,hollow|A_A_A|FCC|hollow|A_A_A|HCP|top-tilt|B,True
Bi3Pt,L12,111,2,111,hollow|A_A_A|FCC|hollow|A_A_A|HCP,True
Bi3Re,L12,111,2,111,hollow|A_A_A|FCC|hollow|A_A_A|HCP,True
Bi3Rh,L12,111,3,111,hollow|A_A_A|FCC|hollow|A_A_A|HCP|top|B,True
Bi3Ru,L12,111,2,111,hollow|A_A_A|HCP|top|B,True
Bi3W,L12,111,3,111,bridge-tilt|A_B|A|hollow|A_A_A|FCC|hollow|A_A_A|HCP,True
BiCd3,L12,111,3,111,bridge|A_A|A|hollow|A_A_A|FCC|hollow|A_A_A|HCP,True
BiCu3,L12,111,3,111,hollow|A_A_A|FCC|hollow|A_A_A|HCP|top|A,True
BiPd3,L12,111,2,111,hollow|A_A_A|FCC|hollow|A_A_A|HCP,True
BiPt3,L12,111,2,111,hollow|A_A_A|FCC|hollow|A_A_A|HCP,True
BiRh3,L12,111,2,111,hollow|A_A_A|FCC|hollow|A_A_A|HCP,True
BiRu3,L12,111,2,111,hollow|A_A_A|FCC|hollow|A_A_A|HCP,True
Cd3Co,L12,111,2,111,hollow-tilt|A_A_B|FCC|top|B,True
Cd3Cr,L12,111,7,111,bridge-tilt|A_B|A|hollow-tilt|A_A_B|FCC|hollow-tilt|A_A_B|HCP|hollow|A_A_A|FCC|hollow|A_A_A|HCP|top|A|top|B,True
Cd3Cu,L12,111,9,111,bridge|A_A|A|bridge|A_A|B|bridge|A_B|A|hollow-tilt|A_A_B|FCC|hollow-tilt|A_A_B|HCP|hollow|A_A_A|FCC|hollow|A_A_A|HCP|top|A|top|B,True
Cd3Fe,L12,111,5,111,bridge-tilt|A_B|A|hollow-tilt|A_A_B|FCC|hollow-tilt|A_A_B|HCP|top|A|top|B,True
Cd3Ga,L12,111,5,111,bridge|A_A|A|bridge|A_A|B|bridge|A_B|A|top|A|top|B,True
Cd3Hf,L12,111,5,111,bridge|A_B|A|hollow|A_A_B|FCC|hollow|A_A_B|HCP|top|A|top|B,True
Cd3In,L12,111,7,111,bridge|A_A|A|bridge|A_A|B|bridge|A_B|A|hollow|A_A_A|FCC|hollow|A_A_A|HCP|hollow|A_A_B|FCC|top|A,True
Cd3Ir,L12,111,5,111,bridge|A_A|B|hollow|A_A_A|FCC|hollow|A_A_A|HCP|top-tilt|B|top|B,True
Cd3La,L12,111,5,111,bridge|A_B|A|hollow|A_A_B|FCC|hollow|A_A_B|HCP|top|A|top|B,True
Cd3Mn,L12,111,5,111,bridge|A_B|A|hollow-tilt|A_A_B|FCC|hollow-tilt|A_A_B|HCP|top|A|top|B,True
Cd3Mo,L12,111,5,111,hollow-tilt|A_A_B|FCC|hollow-tilt|A_A_B|HCP|hollow|A_A_A|FCC|hollow|A_A_A|HCP|hollow|A_A_B|HCP,True
Cd3Nb,L12,111,4,111,hollow|A_A_A|FCC|hollow|A_A_A|HCP|hollow|A_A_B|FCC|hollow|A_A_B|HCP,True
Cd3Ni,L12,111,5,111,bridge|A_A|B|hollow-tilt|A_A_B|HCP|top-tilt|B|top|A|top|B,True
Cd3Os,L12,111,2,111,hollow|A_A_A|HCP|top|B,True
Cd3Pb,L12,111,4,111,bridge|A_A|A|bridge|A_A|B|bridge|A_B|A|top|A,True
Cd3Pd,L12,111,5,111,bridge|A_A|A|bridge|A_A|B|bridge|A_B|A|top|A|top|B,True
Cd3Pt,L12,111,2,111,bridge|A_A|A|hollow|A_A_A|HCP,True
Cd3Re,L12,111,4,111,hollow|A_A_A|FCC|hollow|A_A_A|HCP|top|A|top|B,True
Cd3Rh,L12,111,3,111,bridge|A_A|B|hollow|A_A_A|HCP|top|B,True
Cd3Ru,L12,111,3,111,hollow|A_A_A|FCC|hollow|A_A_A|HCP|top|B,True
Cd3Sc,L12,111,5,111,bridge|A_B|A|hollow|A_A_B|FCC|hollow|A_A_B|HCP|top|A|top|B,True
Cd3Sn,L12,111,4,111,bridge|A_A|A|bridge|A_A|B|bridge|A_B|A|top|A,True
Cd3Ta,L12,111,5,111,bridge|A_B|A|hollow-tilt|A_A_B|FCC|hollow|A_A_B|HCP|top|A|top|B,True
Cd3Tc,L12,111,1,111,top|B,True
Cd3Ti,L12,111,5,111,bridge|A_B|A|hollow|A_A_B|FCC|hollow|A_A_B|HCP|top|A|top|B,True
Cd3Tl,L12,111,7,111,bridge-tilt|A_B|A|bridge|A_A|A|bridge|A_A|B|hollow|A_A_A|FCC|hollow|A_A_A|HCP|top|A|top|B,True
Cd3V,L12,111,8,111,bridge|A_B|A|hollow-tilt|A_A_B|FCC|hollow|A_A_A|FCC|hollow|A_A_A|HCP|hollow|A_A_B|FCC|hollow|A_A_B|HCP|top|A|top|B,True
Cd3W,L12,111,2,111,top|A|top|B,True
Cd3Y,L12,111,5,111,bridge|A_B|A|hollow|A_A_B|FCC|hollow|A_A_B|HCP|top|A|top|B,True
Cd3Zn,L12,111,5,111,bridge|A_A|A|bridge|A_A|B|bridge|A_B|A|top|A|top|B,True
Cd3Zr,L12,111,5,111,bridge|A_B|A|hollow|A_A_B|FCC|hollow|A_A_B|HCP|top|A|top|B,True
CdCo3,L12,111,2,111,hollow|A_A_A|FCC|hollow|A_A_A|HCP,True
CdCr3,L12,111,3,111,hollow|A_A_A|FCC|hollow|A_A_A|HCP|top|B,True
CdCu3,L12,111,5,111,bridge|A_B|A|hollow|A_A_A|FCC|hollow|A_A_A|HCP|top|A|top|B,True
CdFe3,L12,111,0,,,
CdGa3,L12,111,6,111,bridge|A_A|B|bridge|A_B|A|hollow-tilt|A_A_A|FCC|hollow|A_A_A|FCC|hollow|A_A_A|HCP|top|B,True
CdHf3,L12,111,3,111,hollow|A_A_A|FCC|hollow|A_A_A|HCP|top|B,True
CdHg3,L12,111,5,111,bridge|A_A|A|bridge|A_A|B|bridge|A_B|A|hollow|A_A_A|HCP|top|B,True
CdIn3,L12,111,7,111,bridge|A_B|A|hollow|A_A_A|FCC|hollow|A_A_A|HCP|hollow|A_A_B|FCC|hollow|A_A_B|HCP|top|A|top|B,True
CdIr3,L12,111,4,111,hollow|A_A_A|FCC|hollow|A_A_A|HCP|top|A|top|B,True
CdLa3,L12,111,4,111,bridge|A_B|A|hollow|A_A_A|FCC|hollow|A_A_A|HCP|top|B,True
CdMo3,L12,111,4,111,bridge|A_B|A|hollow|A_A_A|FCC|hollow|A_A_A|HCP|top|B,True
CdNb3,L12,111,3,111,hollow|A_A_A|FCC|hollow|A_A_A|HCP|top|B,True
CdNi3,L12,111,2,111,hollow|A_A_A|FCC|hollow|A_A_A|HCP,True
CdOs3,L12,111,5,111,bridge|A_A|A|bridge|A_A|B|hollow|A_A_A|FCC|hollow|A_A_A|HCP|top|A,True
CdPb3,L12,111,8,111,bridge|A_A|A|bridge|A_A|B|bridge|A_B|A|hollow-tilt|A_A_B|FCC|hollow|A_A_A|FCC|hollow|A_A_A|HCP|top|A|top|B,True
CdPd3,L12,111,2,111,hollow|A_A_A|FCC|hollow|A_A_A|HCP,True
CdPt3,L12,111,4,111,bridge|A_A|B|hollow|A_A_A|FCC|hollow|A_A_A|HCP|top|A,True
CdRe3,L12,111,3,111,bridge|A_A|A|hollow|A_A_A|FCC|hollow|A_A_A|HCP,True
CdRh3,L12,111,3,111,hollow|A_A_A|FCC|hollow|A_A_A|HCP|top|A,True
CdRu3,L12,111,2,111,hollow|A_A_A|FCC|hollow|A_A_A|HCP,True
CdSc3,L12,111,2,111,hollow|A_A_A|FCC|hollow|A_A_A|HCP,True
CdSn3,L12,111,2,111,bridge|A_A|A|bridge|A_A|B,True
CdTa3,L12,111,2,111,hollow|A_A_A|FCC|hollow|A_A_A|HCP,True
CdTc3,L12,111,3,111,hollow|A_A_A|FCC|hollow|A_A_A|HCP|top|B,True
CdTi3,L12,111,2,111,hollow|A_A_A|FCC|hollow|A_A_A|HCP,True
CdTl3,L12,111,4,111,bridge|A_A|B|bridge|A_B|A|hollow|A_A_A|FCC|hollow|A_A_A|HCP,True
CdV3,L12,111,2,111,hollow|A_A_A|FCC|hollow|A_A_A|HCP,True
CdW3,L12,111,3,111,hollow|A_A_A|FCC|hollow|A_A_A|HCP|top|B,True
CdY3,L12,111,3,111,hollow|A_A_A|FCC|hollow|A_A_A|HCP|top|B,True
CdZn3,L12,111,7,111,bridge|A_A|A|bridge|A_A|B|bridge|A_B|A|hollow|A_A_A|FCC|hollow|A_A_A|HCP|top|A|top|B,True
CdZr3,L12,111,3,111,hollow|A_A_A|FCC|hollow|A_A_A|HCP|top|B,True
Co3Cu,L12,111,6,111,bridge|A_B|A|hollow|A_A_A|FCC|hollow|A_A_A|HCP|hollow|A_A_B|FCC|hollow|A_A_B|HCP|top|B,True
Co3Fe,L12,111,3,111,bridge|A_A|A|bridge|A_B|A|hollow|A_A_B|FCC,True
Co3Hf,L12,111,5,111,bridge|A_A|A|bridge|A_A|B|bridge|A_B|A|hollow|A_A_A|HCP|top|B,True
Co3Hg,L12,111,4,111,bridge|A_A|A|hollow|A_A_A|FCC|top|A|top|B,True
Co3In,L12,111,2,111,hollow|A_A_A|FCC|hollow|A_A_A|HCP,True
Co3Ir,L12,111,3,111,hollow|A_A_A|FCC|hollow|A_A_B|FCC|top|B,True
Co3La,L12,111,3,111,bridge|A_A|A|top-tilt|A|top|A,True
Co3Mo,L12,111,3,111,hollow|A_A_B|FCC|hollow|A_A_B|HCP|top|B,True
Co3Nb,L12,111,3,111,hollow|A_A_B|FCC|hollow|A_A_B|HCP|top|B,True
Co3Ni,L12,111,2,111,hollow|A_A_A|FCC|top|B,True
Co3Os,L12,111,5,111,bridge|A_A|A|hollow|A_A_A|HCP|hollow|A_A_B|FCC|hollow|A_A_B|HCP|top|B,True
Co3Pb,L12,111,1,111,hollow|A_A_A|HCP,True
Co3Pd,L12,111,7,111,bridge|A_A|B|bridge|A_B|A|hollow|A_A_A|FCC|hollow|A_A_A|HCP|hollow|A_A_B|FCC|hollow|A_A_B|HCP|top|B,True
Co3Pt,L12,111,5,111,bridge|A_B|A|hollow|A_A_A|FCC|hollow|A_A_A|HCP|hollow|A_A_B|HCP|top|B,True
Co3Re,L12,111,5,111,hollow|A_A_A|FCC|hollow|A_A_A|HCP|hollow|A_A_B|FCC|hollow|A_A_B|HCP|top|B,True
Co3Rh,L12,111,7,111,bridge|A_A|A|bridge|A_B|A|hollow|A_A_A|FCC|hollow|A_A_A|HCP|hollow|A_A_B|FCC|hollow|A_A_B|HCP|top|B,True
Co3Ru,L12,111,6,111,hollow|A_A_A|FCC|hollow|A_A_A|HCP|hollow|A_A_B|FCC|hollow|A_A_B|HCP|top|A|top|B,True
Co3Sc,L12,111,3,111,bridge|A_A|A|bridge|A_A|B|hollow|A_A_A|HCP,True
Co3Sn,L12,111,1,111,top|B,True
Co3Ta,L12,111,3,111,hollow|A_A_B|FCC|hollow|A_A_B|HCP|top|B,True
Co3Tc,L12,111,4,111,hollow|A_A_A|HCP|hollow|A_A_B|FCC|hollow|A_A_B|HCP|top|B,True
Co3Ti,L12,111,5,111,bridge|A_B|A|hollow|A_A_A|HCP|hollow|A_A_B|FCC|hollow|A_A_B|HCP|top|B,True
Co3Tl,L12,111,1,111,top|B,True
Co3V,L12,111,2,111,hollow|A_A_B|FCC|hollow|A_A_B|HCP,True
Co3W,L12,111,3,111,hollow|A_A_B|FCC|hollow|A_A_B|HCP|top|B,True
Co3Y,L12,111,2,111,bridge|A_A|A|top-tilt|A,True
Co3Zn,L12,111,2,111,hollow|A_A_A|HCP|top|B,True
Co3Zr,L12,111,5,111,bridge|A_A|A|bridge|A_A|B|bridge|A_B|A|hollow|A_A_A|HCP|top|B,True
CoCr3,L12,111,3,111,hollow|A_A_A|FCC|hollow|A_A_A|HCP|top|B,True
CoCu3,L12,111,5,111,hollow|A_A_A|FCC|hollow|A_A_A|HCP|hollow|A_A_B|FCC|hollow|A_A_B|HCP|top|B,True
CoHf3,L12,111,2,111,bridge|A_A|A|hollow|A_A_A|FCC,True
CoHg3,L12,111,3,111,hollow|A_A_A|FCC|hollow|A_A_A|HCP|top|B,True
CoIn3,L12,111,1,111,bridge|A_A|B,True
CoIr3,L12,111,4,111,bridge|A_A|A|hollow|A_A_B|FCC|top|A|top|B,True
CoMn3,L12,111,2,111,hollow|A_A_A|FCC|hollow|A_A_A|HCP,True
CoMo3,L12,111,2,111,hollow|A_A_A|FCC|top|B,True
CoNi3,L12,111,3,111,bridge|A_B|A|hollow|A_A_B|FCC|hollow|A_A_B|HCP,True
CoOs3,L12,111,3,111,bridge|A_A|A|bridge|A_B|A|hollow|A_A_B|FCC,True
CoPd3,L12,111,7,111,bridge|A_A|A|bridge|A_A|B|hollow|A_A_A|FCC|hollow|A_A_A|HCP|hollow|A_A_B|FCC|hollow|A_A_B|HCP|top|B,True
CoRe3,L12,111,6,111,bridge|A_A|A|bridge|A_A|B|hollow|A_A_A|FCC|hollow|A_A_A|HCP|hollow|A_A_B|FCC|hollow|A_A_B|HCP,True
CoTc3,L12,111,3,111,hollow|A_A_A|FCC|hollow|A_A_A|HCP|hollow|A_A_B|HCP,True
CoTi3,L12,111,1,111,hollow|A_A_A|HCP,True
CoV3,L12,111,1,111,hollow|A_A_A|HCP,True
CoZn3,L12,111,1,111,hollow-tilt|A_A_B|FCC,True
Cr3Cu,L12,111,4,111,hollow|A_A_A|FCC|hollow|A_A_A|HCP|hollow|A_A_B|HCP|top|B,True
Cr3Ga,L12,111,4,111,bridge|A_B|A|hollow|A_A_A|FCC|hollow|A_A_A|HCP|top|B,True
Cr3Hf,L12,111,1,111,top|B,True
Cr3Hg,L12,111,3,111,hollow|A_A_A|FCC|hollow|A_A_A|HCP|top|B,True
Cr3In,L12,111,3,111,hollow|A_A_A|FCC|hollow|A_A_A|HCP|top|B,True
Cr3Ir,L12,111,5,111,hollow|A_A_A|FCC|hollow|A_A_A|HCP|hollow|A_A_B|FCC|top|A|top|B,True
Cr3La,L12,111,4,111,hollow|A_A_A|FCC|hollow|A_A_A|HCP|top-tilt|A|top|A,True
Cr3Mo,L12,111,4,111,hollow|A_A_A|FCC|hollow|A_A_A|HCP|hollow|A_A_B|HCP|top|B,True
Cr3Nb,L12,111,2,111,hollow|A_A_B|HCP|top|B,True
Cr3Os,L12,111,5,111,hollow|A_A_A|FCC|hollow|A_A_A|HCP|hollow|A_A_B|HCP|top|A|top|B,True
Cr3Pb,L12,111,2,111,hollow|A_A_A|FCC|hollow|A_A_A|HCP,True
Cr3Pd,L12,111,4,111,bridge|A_A|A|hollow|A_A_A|FCC|hollow|A_A_A|HCP|top|B,True
Cr3Pt,L12,111,6,111,bridge|A_B|A|hollow|A_A_A|FCC|hollow|A_A_A|HCP|hollow|A_A_B|FCC|hollow|A_A_B|HCP|top|B,True
Cr3Re,L12,111,5,111,hollow|A_A_A|FCC|hollow|A_A_A|HCP|hollow|A_A_B|FCC|hollow|A_A_B|HCP|top|B,True
Cr3Rh,L12,111,6,111,bridge|A_B|A|hollow|A_A_A|FCC|hollow|A_A_A|HCP|hollow|A_A_B|FCC|hollow|A_A_B|HCP|top|B,True
Cr3Ru,L12,111,6,111,hollow|A_A_A|FCC|hollow|A_A_A|HCP|hollow|A_A_B|FCC|hollow|A_A_B|HCP|top|A|top|B,True
Cr3Sc,L12,111,2,111,hollow|A_A_A|FCC|hollow|A_A_A|HCP,True
Cr3Sn,L12,111,2,111,hollow|A_A_A|FCC|hollow|A_A_A|HCP,True
Cr3Ta,L12,111,2,111,hollow|A_A_B|HCP|top|B,True
Cr3Tc,L12,111,3,111,hollow|A_A_A|FCC|hollow|A_A_A|HCP|top|B,True
Cr3Ti,L12,111,2,111,hollow|A_A_B|HCP|top|B,True
Cr3Tl,L12,111,3,111,hollow|A_A_A|FCC|hollow|A_A_A|HCP|top|B,True
Cr3W,L12,111,2,111,bridge|A_A|A|top|B,True
Cr3Zn,L12,111,4,111,bridge|A_A|A|hollow|A_A_A|FCC|hollow|A_A_A|HCP|top|B,True
Cr3Zr,L12,111,1,111,top|B,True
CrCu3,L12,111,3,111,hollow|A_A_B|FCC|hollow|A_A_B|HCP|top|B,True
CrGa3,L12,111,3,111,bridge|A_A|A|bridge|A_A|B|top|A,True
CrHf3,L12,111,3,111,hollow|A_A_A|FCC|hollow|A_A_A|HCP|hollow|A_A_B|HCP,True
CrHg3,L12,111,3,111,hollow|A_A_A|FCC|hollow|A_A_A|HCP|top|B,True
CrIn3,L12,111,5,111,bridge|A_A|B|hollow|A_A_A|FCC|hollow|A_A_A|HCP|top|A|top|B,True
CrIr3,L12,111,4,111,hollow|A_A_B|FCC|hollow|A_A_B|HCP|top|A|top|B,True
CrLa3,L12,111,5,111,hollow-tilt|A_A_B|FCC|hollow-tilt|A_A_B|HCP|hollow|A_A_A|FCC|hollow|A_A_A|HCP|top|B,True
CrMo3,L12,111,4,111,hollow|A_A_A|FCC|hollow|A_A_A|HCP|hollow|A_A_B|FCC|top|B,True
CrNb3,L12,111,1,111,top|B,True
CrNi3,L12,111,1,111,hollow|A_A_B|FCC,True
CrOs3,L12,111,4,111,hollow|A_A_B|FCC|hollow|A_A_B|HCP|top|A|top|B,True
CrPb3,L12,111,3,111,hollow|A_A_A|HCP|top|A|top|B,True
CrPd3,L12,111,5,111,bridge|A_A|B|bridge|A_B|A|hollow|A_A_A|HCP|hollow|A_A_B|HCP|top|B,True
CrPt3,L12,111,5,111,bridge|A_B|A|hollow|A_A_A|FCC|hollow|A_A_A|HCP|hollow|A_A_B|FCC|hollow|A_A_B|HCP,True
CrRe3,L12,111,6,111,bridge|A_B|A|hollow|A_A_A|FCC|hollow|A_A_A|HCP|hollow|A_A_B|FCC|hollow|A_A_B|HCP|top|B,True
CrRh3,L12,111,3,111,hollow|A_A_A|HCP|hollow|A_A_B|FCC|hollow|A_A_B|HCP,True
CrRu3,L12,111,3,111,hollow|A_A_B|FCC|hollow|A_A_B|HCP|top|B,True
CrSc3,L12,111,3,111,hollow|A_A_A|FCC|hollow|A_A_A|HCP|hollow|A_A_B|HCP,True
CrSn3,L12,111,2,111,bridge|A_A|B|top|B,True
CrTa3,L12,111,2,111,bridge|A_A|A|hollow|A_A_A|HCP,True
CrTc3,L12,111,3,111,bridge|A_A|A|bridge|A_B|A|hollow|A_A_B|FCC,True
CrTi3,L12,111,3,111,hollow|A_A_A|FCC|hollow|A_A_A|HCP|hollow|A_A_B|HCP,True
CrTl3,L12,111,2,111,hollow|A_A_A|HCP|top|B,True
CrV3,L12,111,2,111,hollow|A_A_A|FCC|hollow|A_A_A|HCP,True
CrW3,L12,111,3,111,hollow|A_A_A|HCP|hollow|A_A_B|HCP|top|B,True
CrY3,L12,111,3,111,hollow|A_A_A|FCC|hollow|A_A_A|HCP|top|B,True
CrZn3,L12,111,7,111,bridge|A_B|A|hollow|A_A_A|FCC|hollow|A_A_A|HCP|hollow|A_A_B|FCC|hollow|A_A_B|HCP|top|A|top|B,True
CrZr3,L12,111,5,111,hollow|A_A_A|FCC|hollow|A_A_A|HCP|hollow|A_A_B|FCC|hollow|A_A_B|HCP|top|B,True
Cu3Fe,L12,111,4,111,hollow|A_A_A|FCC|hollow|A_A_B|FCC|hollow|A_A_B|HCP|top|B,True
Cu3Ga,L12,111,5,111,bridge|A_A|B|hollow|A_A_A|FCC|hollow|A_A_A|HCP|hollow|A_A_B|HCP|top|B,True
Cu3Hf,L12,111,5,111,hollow|A_A_A|FCC|hollow|A_A_A|HCP|hollow|A_A_B|FCC|hollow|A_A_B|HCP|top|B,True
Cu3Hg,L12,111,3,111,bridge|A_B|A|hollow|A_A_A|FCC|hollow|A_A_A|HCP,True
Cu3In,L12,111,3,111,hollow|A_A_A|FCC|hollow|A_A_A|HCP|top|B,True
Cu3Ir,L12,111,5,111,hollow|A_A_A|FCC|hollow|A_A_A|HCP|hollow|A_A_B|FCC|hollow|A_A_B|HCP|top|B,True
Cu3La,L12,111,6,111,bridge|A_A|A|bridge|A_A|B|hollow|A_A_A|FCC|hollow|A_A_A|HCP|top-tilt|A|top|B,True
Cu3Mn,L12,111,3,111,hollow|A_A_A|FCC|hollow|A_A_B|HCP|top|B,True
Cu3Mo,L12,111,4,111,hollow|A_A_A|FCC|hollow|A_A_B|FCC|hollow|A_A_B|HCP|top|B,True
Cu3Nb,L12,111,5,111,hollow|A_A_A|FCC|hollow|A_A_A|HCP|hollow|A_A_B|FCC|hollow|A_A_B|HCP|top|B,True
Cu3Ni,L12,111,4,111,bridge|A_B|A|hollow|A_A_A|FCC|hollow|A_A_B|FCC|top|B,True
Cu3Os,L12,111,4,111,hollow|A_A_A|FCC|hollow|A_A_B|FCC|hollow|A_A_B|HCP|top|B,True
Cu3Pb,L12,111,2,111,hollow|A_A_A|HCP|top|B,True
Cu3Pd,L12,111,5,111,hollow|A_A_A|FCC|hollow|A_A_A|HCP|hollow|A_A_B|FCC|hollow|A_A_B|HCP|top|B,True
Cu3Pt,L12,111,6,111,bridge|A_A|A|bridge|A_B|A|hollow|A_A_A|FCC|hollow|A_A_A|HCP|hollow|A_A_B|FCC|hollow|A_A_B|HCP,True
Cu3Re,L12,111,5,111,hollow|A_A_A|FCC|hollow|A_A_A|HCP|hollow|A_A_B|FCC|hollow|A_A_B|HCP|top|B,True
Cu3Rh,L12,111,5,111,hollow|A_A_A|FCC|hollow|A_A_A|HCP|hollow|A_A_B|FCC|hollow|A_A_B|HCP|top|B,True
Cu3Ru,L12,111,5,111,hollow|A_A_A|FCC|hollow|A_A_A|HCP|hollow|A_A_B|FCC|hollow|A_A_B|HCP|top|B,True
Cu3Sc,L12,111,4,111,hollow|A_A_A|FCC|hollow|A_A_B|FCC|hollow|A_A_B|HCP|top|B,True
Cu3Sn,L12,111,2,111,hollow|A_A_A|HCP|top|B,True
Cu3Ta,L12,111,5,111,bridge|A_B|A|hollow|A_A_A|FCC|hollow|A_A_B|FCC|hollow|A_A_B|HCP|top|B,True
Cu3Tc,L12,111,4,111,hollow|A_A_A|FCC|hollow|A_A_B|FCC|hollow|A_A_B|HCP|top|B,True
Cu3Ti,L12,111,4,111,hollow|A_A_A|FCC|hollow|A_A_A|HCP|hollow|A_A_B|FCC|hollow|A_A_B|HCP,True
Cu3V,L12,111,4,111,hollow|A_A_A|FCC|hollow|A_A_B|FCC|hollow|A_A_B|HCP|top|B,True
Cu3W,L12,111,3,111,hollow|A_A_A|FCC|hollow|A_A_B|HCP|top|B,True
Cu3Y,L12,111,4,111,bridge|A_A|A|bridge|A_A|B|top|A|top|B,True
Cu3Zn,L12,111,6,111,bridge|A_B|A|hollow|A_A_A|FCC|hollow|A_A_A|HCP|hollow|A_A_B|FCC|hollow|A_A_B|HCP|top|A,True
Cu3Zr,L12,111,4,111,hollow|A_A_A|FCC|hollow|A_A_A|HCP|hollow|A_A_B|FCC|hollow|A_A_B|HCP,True
CuFe3,L12,111,0,,,
CuGa3,L12,111,3,111,bridge|A_A|A|bridge|A_A|B|top|A,True
CuHf3,L12,111,2,111,hollow|A_A_A|FCC|hollow|A_A_A|HCP,True
CuHg3,L12,111,1,111,top|B,True
CuIn3,L12,111,5,111,bridge|A_A|A|bridge|A_A|B|top-tilt|B|top|A|top|B,True
CuIr3,L12,111,3,111,bridge|A_A|A|bridge|A_A|B|top|A,True
CuLa3,L12,111,2,111,hollow|A_A_A|FCC|hollow|A_A_A|HCP,True
CuMo3,L12,111,4,111,hollow|A_A_A|FCC|hollow|A_A_A|HCP|hollow|A_A_B|HCP|top|B,True
CuNb3,L12,111,5,111,bridge|A_A|A|hollow|A_A_A|FCC|hollow|A_A_A|HCP|hollow|A_A_B|FCC|top|B,True
CuNi3,L12,111,3,111,bridge|A_B|A|hollow|A_A_A|FCC|hollow|A_A_A|HCP,True
CuOs3,L12,111,6,111,bridge|A_A|A|bridge|A_A|B|hollow|A_A_A|FCC|hollow|A_A_A|HCP|top|A|top|B,True
CuPb3,L12,111,3,111,bridge|A_A|A|bridge|A_B|B|top|B,True
CuPd3,L12,111,7,111,bridge|A_A|A|bridge|A_A|B|hollow|A_A_A|FCC|hollow|A_A_A|HCP|hollow|A_A_B|FCC|hollow|A_A_B|HCP|top|B,True
CuPt3,L12,111,6,111,bridge|A_A|A|bridge|A_A|B|hollow|A_A_A|HCP|hollow|A_A_B|HCP|top|A|top|B,True
CuRe3,L12,111,4,111,bridge|A_A|A|bridge|A_A|B|hollow|A_A_A|FCC|hollow|A_A_A|HCP,True
CuRh3,L12,111,5,111,bridge|A_A|B|hollow|A_A_A|FCC|hollow|A_A_A|HCP|hollow|A_A_B|FCC|hollow|A_A_B|HCP,True
CuRu3,L12,111,5,111,bridge|A_A|A|hollow|A_A_A|FCC|hollow|A_A_A|HCP|hollow|A_A_B|FCC|hollow|A_A_B|HCP,True
CuSc3,L12,111,4,111,bridge|A_A|A|hollow|A_A_A|FCC|hollow|A_A_A|HCP|top|B,True
CuSn3,L12,111,2,111,bridge|A_A|A|bridge|A_A|B,True
CuTa3,L12,111,3,111,bridge|A_A|A|hollow|A_A_A|FCC|hollow|A_A_A|HCP,True
CuTc3,L12,111,3,111,hollow|A_A_A|FCC|hollow|A_A_A|HCP|hollow|A_A_B|HCP,True
CuTi3,L12,111,5,111,bridge|A_B|A|hollow|A_A_A|FCC|hollow|A_A_A|HCP|hollow|A_A_B|FCC|hollow|A_A_B|HCP,True
CuTl3,L12,111,4,111,bridge|A_A|B|hollow|A_A_A|FCC|hollow|A_A_A|HCP|top-tilt|B,True
CuV3,L12,111,4,111,hollow|A_A_A|FCC|hollow|A_A_A|HCP|hollow|A_A_B|FCC|hollow|A_A_B|HCP,True
CuW3,L12,111,4,111,bridge|A_A|A|hollow|A_A_A|FCC|hollow|A_A_A|HCP|top|B,True
CuY3,L12,111,3,111,hollow|A_A_A|FCC|hollow|A_A_A|HCP|top|B,True
CuZn3,L12,111,7,111,bridge|A_A|B|bridge|A_B|A|hollow|A_A_A|FCC|hollow|A_A_A|HCP|hollow|A_A_B|FCC|hollow|A_A_B|HCP|top|A,True
CuZr3,L12,111,5,111,bridge|A_A|A|hollow|A_A_A|FCC|hollow|A_A_A|HCP|hollow|A_A_B|FCC|top|B,True
Fe3Ga,L12,111,1,111,hollow|A_A_A|HCP,True
Fe3Hf,L12,111,4,111,bridge|A_B|A|hollow|A_A_A|HCP|hollow|A_A_B|HCP|top|B,True
Fe3In,L12,111,1,111,top|B,True
Fe3La,L12,111,4,111,bridge|A_A|A|bridge|A_A|B|top-tilt|A|top|A,True
Fe3Mo,L12,111,2,111,hollow|A_A_B|FCC|hollow|A_A_B|HCP,True
Fe3Nb,L12,111,4,111,hollow|A_A_A|HCP|hollow|A_A_B|FCC|hollow|A_A_B|HCP|top|B,True
Fe3Pb,L12,111,0,,,
Fe3Sc,L12,111,4,111,bridge|A_A|A|bridge|A_A|B|hollow|A_A_A|HCP|top|B,True
Fe3Sn,L12,111,2,111,hollow|A_A_A|HCP|top|B,True
Fe3Ta,L12,111,4,111,hollow|A_A_A|HCP|hollow|A_A_B|FCC|hollow|A_A_B|HCP|top|B,True
Fe3Ti,L12,111,4,111,bridge|A_B|A|hollow|A_A_A|HCP|hollow|A_A_B|HCP|top|B,True
Fe3Tl,L12,111,2,111,hollow|A_A_A|HCP|top|B,True
Fe3V,L12,111,4,111,bridge|A_A|B|hollow|A_A_A|HCP|hollow|A_A_B|HCP|top|B,True
Fe3W,L12,111,4,111,hollow|A_A_A|HCP|hollow|A_A_B|FCC|hollow|A_A_B|HCP|top|B,True
Fe3Y,L12,111,5,111,bridge-tilt|A_B|A|bridge|A_A|A|bridge|A_A|B|top-tilt|A|top|B,True
Fe3Zn,L12,111,0,,,
Fe3Zr,L12,111,3,111,bridge|A_A|A|hollow|A_A_B|HCP|top|B,True
FeGa3,L12,111,4,111,bridge|A_A|A|bridge|A_A|B|top|A|top|B,True
FeHg3,L12,111,1,111,top|B,True
FeIn3,L12,111,3,111,bridge|A_A|B|hollow-tilt|A_A_B|HCP|top|B,True
FeIr3,L12,111,3,111,bridge|A_B|A|hollow|A_A_B|FCC|hollow|A_A_B|HCP,True
FeLa3,L12,111,2,111,hollow|A_A_A|FCC|hollow|A_A_A|HCP,True
FeMo3,L12,111,4,111,hollow|A_A_A|FCC|hollow|A_A_A|HCP|hollow|A_A_B|HCP|top|B,True
FeNb3,L12,111,1,111,hollow|A_A_A|HCP,True
FeNi3,L12,111,2,111,bridge|A_B|A|hollow|A_A_B|HCP,True
FeOs3,L12,111,4,111,bridge|A_A|A|hollow|A_A_B|FCC|top|A|top|B,True
FePb3,L12,111,1,111,bridge|A_A|B,True
FePd3,L12,111,2,111,bridge|A_A|B|hollow|A_A_B|HCP,True
FePt3,L12,111,2,111,bridge|A_A|B|hollow|A_A_B|HCP,True
FeRe3,L12,111,4,111,bridge|A_A|A|bridge|A_A|B|hollow|A_A_B|HCP|top|B,True
FeRh3,L12,111,0,,,
FeRu3,L12,111,3,111,bridge|A_A|B|bridge|A_B|A|hollow|A_A_A|FCC,True
FeSc3,L12,111,2,111,hollow|A_A_A|FCC|hollow|A_A_A|HCP,True
FeSn3,L12,111,1,111,bridge|A_A|A,True
FeTa3,L12,111,2,111,bridge|A_A|A|hollow|A_A_A|HCP,True
FeTc3,L12,111,3,111,hollow|A_A_A|FCC|hollow|A_A_A|HCP|hollow|A_A_B|HCP,True
FeW3,L12,111,3,111,bridge|A_A|A|hollow|A_A_A|HCP|top|B,True
FeZn3,L12,111,5,111,bridge|A_B|A|hollow|A_A_B|FCC|hollow|A_A_B|HCP|top|A|top|B,True
FeZr3,L12,111,3,111,hollow|A_A_A|FCC|hollow|A_A_A|HCP|hollow|A_A_B|HCP,True
Ga3Hf,L12,111,5,111,bridge|A_B|A|hollow|A_A_B|FCC|hollow|A_A_B|HCP|top|A|top|B,True
Ga3Hg,L12,111,4,111,bridge|A_A|B|hollow|A_A_A|FCC|top-tilt|A|top|B,True
Ga3In,L12,111,4,111,bridge-tilt|A_B|A|bridge|A_A|B|hollow|A_A_A|FCC|hollow|A_A_A|HCP,True
Ga3Ir,L12,111,2,111,bridge|A_A|A|bridge|A_A|B,True
Ga3La,L12,111,7,111,bridge|A_B|A|hollow|A_A_A|FCC|hollow|A_A_A|HCP|hollow|A_A_B|FCC|hollow|A_A_B|HCP|top|A|top|B,True
Ga3Mn,L12,111,4,111,bridge|A_B|A|hollow-tilt|A_A_B|FCC|top|A|top|B,True
Ga3Mo,L12,111,3,111,hollow|A_A_A|FCC|hollow|A_A_A|HCP|top|B,True
Ga3Nb,L12,111,3,111,bridge|A_A|B|hollow|A_A_A|HCP|top|B,True
Ga3Ni,L12,111,2,111,top|A|top|B,True
Ga3Os,L12,111,3,111,bridge|A_A|A|bridge|A_A|B|top|B,True
Ga3Pb,L12,111,7,111,bridge-tilt|A_A|B|bridge|A_A|A|bridge|A_A|B|hollow-tilt|A_A_A|FCC|hollow|A_A_A|FCC|hollow|A_A_A|HCP|top|B,True
Ga3Pd,L12,111,5,111,bridge|A_A|A|bridge|A_B|A|hollow|A_A_A|FCC|hollow|A_A_A|HCP|hollow|A_A_B|FCC,True
Ga3Pt,L12,111,6,111,bridge|A_A|A|bridge|A_A|B|hollow|A_A_A|FCC|hollow|A_A_A|HCP|top|A|top|B,True
Ga3Re,L12,111,3,111,bridge|A_A|A|hollow|A_A_A|HCP|top|B,True
Ga3Rh,L12,111,3,111,bridge|A_A|A|bridge|A_A|B|top|B,True
Ga3Ru,L12,111,5,111,bridge|A_A|A|bridge|A_A|B|hollow|A_A_A|FCC|hollow|A_A_A|HCP|top|B,True
Ga3Sc,L12,111,5,111,bridge|A_B|A|hollow|A_A_B|FCC|hollow|A_A_B|HCP|top|A|top|B,True
Ga3Sn,L12,111,3,111,bridge|A_A|A|bridge|A_A|B|top|B,True
Ga3Ta,L12,111,4,111,bridge|A_A|B|hollow|A_A_A|FCC|hollow|A_A_A|HCP|top|B,True
Ga3Tc,L12,111,6,111,bridge|A_A|A|bridge|A_A|B|hollow|A_A_A|FCC|hollow|A_A_A|HCP|top|A|top|B,True
Ga3Ti,L12,111,6,111,bridge|A_B|A|hollow|A_A_A|FCC|hollow|A_A_B|FCC|hollow|A_A_B|HCP|top|A|top|B,True
Ga3Tl,L12,111,4,111,bridge|A_A|A|bridge|A_A|B|hollow-tilt|A_A_A|FCC|hollow|A_A_A|HCP,True
Ga3V,L12,111,2,111,bridge|A_A|B|top|B,True
Ga3W,L12,111,3,111,bridge|A_A|A|hollow|A_A_A|HCP|top|B,True
Ga3Y,L12,111,5,111,bridge|A_B|A|hollow|A_A_B|FCC|hollow|A_A_B|HCP|top|A|top|B,True
Ga3Zn,L12,111,5,111,bridge|A_A|A|bridge|A_B|A|hollow|A_A_B|FCC|top|A|top|B,True
Ga3Zr,L12,111,6,111,bridge|A_B|A|hollow|A_A_A|FCC|hollow|A_A_B|FCC|hollow|A_A_B|HCP|top|A|top|B,True
GaHf3,L12,111,3,111,hollow|A_A_A|FCC|hollow|A_A_A|HCP|top|B,True
GaHg3,L12,111,5,111,bridge|A_A|A|bridge|A_A|B|hollow|A_A_A|FCC|hollow|A_A_A|HCP|top|B,True
GaIn3,L12,111,4,111,bridge-tilt|A_B|A|bridge|A_A|A|hollow|A_A_B|FCC|top|A,True
GaIr3,L12,111,3,111,hollow|A_A_A|FCC|hollow|A_A_A|HCP|top|A,True
GaLa3,L12,111,4,111,hollow-tilt|A_A_B|FCC|hollow|A_A_A|FCC|hollow|A_A_A|HCP|top|B,True
GaMo3,L12,111,3,111,hollow|A_A_A|FCC|hollow|A_A_A|HCP|top|B,True
GaNb3,L12,111,3,111,hollow|A_A_A|FCC|hollow|A_A_A|HCP|top|B,True
GaNi3,L12,111,3,111,hollow|A_A_A|FCC|hollow|A_A_A|HCP|top|B,True
GaOs3,L12,111,3,111,hollow|A_A_A|FCC|hollow|A_A_A|HCP|top|A,True
GaPb3,L12,111,9,111,bridge|A_A|A|bridge|A_A|B|bridge|A_B|A|hollow-tilt|A_A_B|FCC|hollow-tilt|A_A_B|HCP|hollow|A_A_A|FCC|hollow|A_A_A|HCP|top|A|top|B,True
GaPd3,L12,111,2,111,hollow|A_A_A|FCC|hollow|A_A_A|HCP,True
GaPt3,L12,111,4,111,hollow|A_A_A|FCC|hollow|A_A_A|HCP|top|A|top|B,True
GaRe3,L12,111,3,111,bridge|A_A|B|hollow|A_A_A|FCC|hollow|A_A_A|HCP,True
GaRh3,L12,111,4,111,hollow|A_A_A|FCC|hollow|A_A_A|HCP|top-tilt|A|top|B,True
GaRu3,L12,111,2,111,hollow|A_A_A|FCC|hollow|A_A_A|HCP,True
GaSc3,L12,111,2,111,hollow|A_A_A|FCC|hollow|A_A_A|HCP,True
GaSn3,L12,111,4,111,bridge|A_A|A|bridge|A_A|B|top|A|top|B,True
GaTa3,L12,111,2,111,hollow|A_A_A|FCC|hollow|A_A_A|HCP,True
GaTc3,L12,111,2,111,hollow|A_A_A|FCC|hollow|A_A_A|HCP,True
GaTi3,L12,111,2,111,hollow|A_A_A|FCC|hollow|A_A_A|HCP,True
GaTl3,L12,111,4,111,bridge-tilt|A_B|A|hollow-tilt|A_A_B|FCC|hollow|A_A_A|FCC|hollow|A_A_A|HCP,True
GaV3,L12,111,2,111,hollow|A_A_A|FCC|hollow|A_A_A|HCP,True
GaW3,L12,111,3,111,hollow|A_A_A|FCC|hollow|A_A_A|HCP|top|A,True
GaY3,L12,111,3,111,hollow|A_A_A|FCC|hollow|A_A_A|HCP|top|B,True
GaZn3,L12,111,5,111,bridge|A_A|B|hollow|A_A_A|FCC|hollow|A_A_A|HCP|top|A|top|B,True
GaZr3,L12,111,3,111,hollow|A_A_A|FCC|hollow|A_A_A|HCP|top|B,True
Hf3Hg,L12,111,2,111,hollow|A_A_A|FCC|hollow|A_A_A|HCP,True
Hf3In,L12,111,3,111,hollow|A_A_A|FCC|hollow|A_A_A|HCP|top|B,True
Hf3Ir,L12,111,5,111,hollow|A_A_A|FCC|hollow|A_A_A|HCP|hollow|A_A_B|FCC|hollow|A_A_B|HCP|top|B,True
Hf3La,L12,111,4,111,bridge-tilt|A_A|A|bridge|A_A|B|top|A|top|B,True
Hf3Mn,L12,111,3,111,hollow|A_A_A|FCC|hollow|A_A_A|HCP|top|A,True
Hf3Mo,L12,111,5,111,hollow|A_A_A|FCC|hollow|A_A_A|HCP|hollow|A_A_B|FCC|hollow|A_A_B|HCP|top|B,True
Hf3Nb,L12,111,4,111,hollow|A_A_A|FCC|hollow|A_A_A|HCP|hollow|A_A_B|HCP|top|B,True
Hf3Ni,L12,111,2,111,hollow|A_A_A|FCC|top|B,True
Hf3Os,L12,111,3,111,hollow|A_A_A|FCC|hollow|A_A_A|HCP|top|B,True
Hf3Pb,L12,111,2,111,hollow|A_A_A|FCC|hollow|A_A_A|HCP,True
Hf3Pd,L12,111,4,111,bridge|A_A|B|hollow|A_A_A|FCC|hollow|A_A_A|HCP|top|B,True
Hf3Pt,L12,111,3,111,hollow|A_A_A|FCC|hollow|A_A_A|HCP|top|B,True
Hf3Re,L12,111,3,111,hollow|A_A_A|FCC|hollow|A_A_A|HCP|top|B,True
Hf3Rh,L12,111,4,111,hollow|A_A_A|FCC|hollow|A_A_A|HCP|hollow|A_A_B|FCC|top|B,True
Hf3Ru,L12,111,3,111,hollow|A_A_A|FCC|hollow|A_A_A|HCP|top|B,True
Hf3Sc,L12,111,7,111,bridge|A_B|A|hollow|A_A_A|FCC|hollow|A_A_A|HCP|hollow|A_A_B|FCC|hollow|A_A_B|HCP|top|A|top|B,True
Hf3Sn,L12,111,3,111,hollow|A_A_A|FCC|hollow|A_A_A|HCP|top|B,True
Hf3Ta,L12,111,6,111,hollow|A_A_A|FCC|hollow|A_A_A|HCP|hollow|A_A_B|FCC|hollow|A_A_B|HCP|top|A|top|B,True
Hf3Tc,L12,111,4,111,hollow|A_A_A|FCC|hollow|A_A_A|HCP|hollow|A_A_B|FCC|hollow|A_A_B|HCP,True
Hf3Ti,L12,111,6,111,hollow|A_A_A|FCC|hollow|A_A_A|HCP|hollow|A_A_B|FCC|hollow|A_A_B|HCP|top|A|top|B,True
Hf3Tl,L12,111,3,111,hollow|A_A_A|FCC|hollow|A_A_A|HCP|top|B,True
Hf3V,L12,111,4,111,hollow|A_A_A|FCC|hollow|A_A_A|HCP|hollow|A_A_B|HCP|top|B,True
Hf3W,L12,111,4,111,hollow|A_A_A|FCC|hollow|A_A_A|HCP|hollow|A_A_B|HCP|top|B,True
Hf3Y,L12,111,5,111,hollow|A_A_A|FCC|hollow|A_A_A|HCP|hollow|A_A_B|FCC|hollow|A_A_B|HCP|top|B,True
Hf3Zn,L12,111,3,111,hollow|A_A_A|FCC|hollow|A_A_A|HCP|top|B,True
Hf3Zr,L12,111,7,111,bridge|A_A|B|hollow|A_A_A|FCC|hollow|A_A_A|HCP|hollow|A_A_B|FCC|hollow|A_A_B|HCP|top|A|top|B,True
HfHg3,L12,111,7,111,hollow-tilt|A_A_B|FCC|hollow-tilt|A_A_B|HCP|hollow|A_A_A|FCC|hollow|A_A_A|HCP|top-tilt|A|top-tilt|B|top|B,True
HfIn3,L12,111,3,111,bridge|A_A|B|top|A|top|B,True
HfIr3,L12,111,4,111,hollow|A_A_B|FCC|hollow|A_A_B|HCP|top|A|top|B,True
HfLa3,L12,111,6,111,bridge|A_B|A|hollow|A_A_A|FCC|hollow|A_A_A|HCP|hollow|A_A_B|FCC|hollow|A_A_B|HCP|top|B,True
HfMo3,L12,111,1,111,top|B,True
HfNb3,L12,111,1,111,hollow|A_A_B|HCP,True
HfNi3,L12,111,4,111,bridge|A_A|A|bridge|A_B|A|top|A|top|B,True
HfOs3,L12,111,4,111,hollow|A_A_B|FCC|hollow|A_A_B|HCP|top|A|top|B,True
HfPb3,L12,111,5,111,bridge|A_A|A|hollow|A_A_A|FCC|hollow|A_A_A|HCP|top|A|top|B,True
HfPd3,L12,111,6,111,bridge|A_A|B|hollow|A_A_A|FCC|hollow|A_A_A|HCP|hollow|A_A_B|FCC|hollow|A_A_B|HCP|top|B,True
HfPt3,L12,111,3,111,bridge|A_A|B|hollow|A_A_B|HCP|top-tilt|A,True
HfRe3,L12,111,4,111,bridge|A_A|B|hollow|A_A_A|FCC|hollow|A_A_B|FCC|hollow|A_A_B|HCP,True
HfRh3,L12,111,4,111,hollow|A_A_A|HCP|hollow|A_A_B|FCC|hollow|A_A_B|HCP|top|B,True
HfRu3,L12,111,2,111,hollow|A_A_B|FCC|hollow|A_A_B|HCP,True
HfSc3,L12,111,3,111,hollow|A_A_A|FCC|hollow|A_A_A|HCP|hollow|A_A_B|FCC,True
HfSn3,L12,111,5,111,bridge|A_A|A|hollow|A_A_A|FCC|hollow|A_A_A|HCP|top|A|top|B,True
HfTc3,L12,111,2,111,bridge|A_A|B|hollow|A_A_B|HCP,True
HfTi3,L12,111,2,111,hollow|A_A_B|FCC|hollow|A_A_B|HCP,True
HfTl3,L12,111,2,111,hollow|A_A_A|HCP|top|B,True
HfV3,L12,111,5,111,hollow|A_A_A|FCC|hollow|A_A_A|HCP|hollow|A_A_B|FCC|hollow|A_A_B|HCP|top|B,True
HfW3,L12,111,4,111,hollow|A_A_A|FCC|hollow|A_A_A|HCP|top|A|top|B,True
HfY3,L12,111,5,111,hollow|A_A_A|FCC|hollow|A_A_A|HCP|hollow|A_A_B|FCC|hollow|A_A_B|HCP|top|B,True
HfZn3,L12,111,5,111,bridge|A_B|A|hollow|A_A_B|FCC|hollow|A_A_B|HCP|top|A|top|B,True
HfZr3,L12,111,4,111,hollow|A_A_A|FCC|hollow|A_A_A|HCP|hollow|A_A_B|FCC|hollow|A_A_B|HCP,True
Hg3In,L12,111,6,111,bridge|A_A|A|bridge|A_A|B|hollow|A_A_A|FCC|hollow|A_A_A|HCP|top-tilt|B|top|B,True
Hg3Ir,L12,111,1,111,top|B,True
Hg3La,L12,111,3,111,bridge|A_B|A|top-tilt|A|top|B,True
Hg3Mn,L12,111,1,111,top|B,True
Hg3Mo,L12,111,2,111,top|A|top|B,True
Hg3Nb,L12,111,3,111,hollow-tilt|A_A_B|HCP|top-tilt|A|top|B,True
Hg3Ni,L12,111,1,111,top|B,True
Hg3Os,L12,111,3,111,hollow|A_A_A|FCC|hollow|A_A_A|HCP|top|B,True
Hg3Pb,L12,111,4,111,hollow|A_A_A|FCC|hollow|A_A_A|HCP|hollow|A_A_B|HCP|top|B,True
Hg3Pd,L12,111,3,111,hollow|A_A_A|FCC|hollow|A_A_A|HCP|top|B,True
Hg3Pt,L12,111,3,111,hollow|A_A_A|FCC|hollow|A_A_A|HCP|top|B,True
Hg3Re,L12,111,1,111,top|B,True
Hg3Rh,L12,111,2,111,hollow-tilt|A_A_B|FCC|top|B,True
Hg3Ru,L12,111,2,111,top|A|top|B,True
Hg3Sc,L12,111,4,111,hollow-tilt|A_A_B|FCC|hollow|A_A_B|HCP|top-tilt|A|top|B,True
Hg3Sn,L12,111,1,111,hollow-tilt|A_A_B|HCP,True
Hg3Ta,L12,111,3,111,hollow|A_A_A|FCC|hollow|A_A_A|HCP|top|B,True
Hg3Tc,L12,111,4,111,hollow|A_A_A|FCC|hollow|A_A_A|HCP|top|A|top|B,True
Hg3Ti,L12,111,6,111,hollow-tilt|A_A_B|FCC|hollow-tilt|A_A_B|HCP|hollow|A_A_A|FCC|hollow|A_A_A|HCP|top-tilt|B|top|B,True
Hg3Tl,L12,111,8,111,bridge|A_A|A|bridge|A_A|B|bridge|A_B|A|hollow|A_A_A|FCC|hollow|A_A_A|HCP|hollow|A_A_B|HCP|top|A|top|B,True
Hg3V,L12,111,2,111,top|A|top|B,True
Hg3W,L12,111,2,111,top|A|top|B,True
Hg3Y,L12,111,6,111,bridge|A_B|A|hollow|A_A_A|FCC|hollow|A_A_B|FCC|hollow|A_A_B|HCP|top-tilt|A|top|B,True
Hg3Zn,L12,111,5,111,bridge|A_A|A|bridge|A_A|B|hollow|A_A_A|FCC|hollow|A_A_A|HCP|top|B,True
Hg3Zr,L12,111,5,111,bridge|A_B|A|hollow-tilt|A_A_B|FCC|hollow|A_A_B|HCP|top-tilt|A|top|B,True
HgIn3,L12,111,4,111,bridge|A_A|B|hollow|A_A_A|FCC|top|A|top|B,True
HgIr3,L12,111,3,111,hollow|A_A_A|FCC|hollow|A_A_A|HCP|top|A,True
HgLa3,L12,111,5,111,bridge|A_B|A|hollow|A_A_A|FCC|hollow|A_A_A|HCP|top|A|top|B,True
HgMo3,L12,111,3,111,hollow|A_A_A|FCC|hollow|A_A_A|HCP|top|B,True
HgNb3,L12,111,3,111,hollow|A_A_A|FCC|hollow|A_A_A|HCP|top|B,True
HgPb3,L12,111,4,111,bridge|A_A|A|bridge|A_A|B|top|A|top|B,True
HgPd3,L12,111,4,111,hollow|A_A_A|FCC|hollow|A_A_A|HCP|top|A|top|B,True
HgPt3,L12,111,4,111,hollow|A_A_A|FCC|hollow|A_A_A|HCP|top|A|top|B,True
HgRe3,L12,111,3,111,bridge|A_A|A|hollow|A_A_A|FCC|hollow|A_A_A|HCP,True
HgRh3,L12,111,3,111,bridge-tilt|A_A|A|hollow|A_A_A|FCC|hollow|A_A_A|HCP,True
HgRu3,L12,111,3,111,bridge|A_A|A|hollow|A_A_A|FCC|hollow|A_A_A|HCP,True
HgSc3,L12,111,2,111,hollow|A_A_A|FCC|hollow|A_A_A|HCP,True
HgSn3,L12,111,4,111,bridge|A_A|A|bridge|A_A|B|top|A|top|B,True
HgTa3,L12,111,2,111,hollow|A_A_A|FCC|hollow|A_A_A|HCP,True
HgTc3,L12,111,2,111,hollow|A_A_A|FCC|hollow|A_A_A|HCP,True
HgTi3,L12,111,3,111,hollow|A_A_A|FCC|hollow|A_A_A|HCP|top|B,True
HgTl3,L12,111,5,111,bridge|A_A|B|hollow|A_A_A|FCC|hollow|A_A_A|HCP|hollow|A_A_B|FCC|hollow|A_A_B|HCP,True
HgV3,L12,111,2,111,hollow|A_A_A|FCC|hollow|A_A_A|HCP,True
HgW3,L12,111,3,111,hollow|A_A_A|FCC|hollow|A_A_A|HCP|top|B,True
HgY3,L12,111,2,111,hollow|A_A_A|FCC|hollow|A_A_A|HCP,True
HgZn3,L12,111,3,111,bridge|A_A|A|bridge|A_A|B|top|B,True
HgZr3,L12,111,2,111,hollow|A_A_A|FCC|hollow|A_A_A|HCP,True
In3Ir,L12,111,5,111,bridge|A_A|B|hollow|A_A_A|FCC|hollow|A_A_A|HCP|top|A|top|B,True
In3La,L12,111,5,111,bridge|A_B|A|hollow|A_A_B|FCC|hollow|A_A_B|HCP|top|A|top|B,True
In3Mn,L12,111,2,111,bridge|A_A|B|top|B,True
In3Mo,L12,111,5,111,bridge|A_A|A|hollow|A_A_A|FCC|hollow|A_A_A|HCP|top|A|top|B,True
In3Nb,L12,111,4,111,hollow|A_A_A|FCC|hollow|A_A_A|HCP|top-tilt|A|top|B,True
In3Ni,L12,111,2,111,hollow-tilt|A_A_B|FCC|top|B,True
In3Os,L12,111,2,111,bridge|A_A|B|top|B,True
In3Pb,L12,111,8,111,bridge|A_A|A|bridge|A_A|B|bridge|A_B|A|hollow|A_A_A|FCC|hollow|A_A_A|HCP|hollow|A_A_B|HCP|top|A|top|B,True
In3Pd,L12,111,8,111,bridge-tilt|A_B|A|bridge|A_A|A|bridge|A_A|B|hollow|A_A_A|FCC|hollow|A_A_A|HCP|top-tilt|B|top|A|top|B,True
In3Pt,L12,111,4,111,bridge|A_A|B|hollow|A_A_A|FCC|hollow|A_A_A|HCP|top|B,True
In3Re,L12,111,3,111,bridge|A_A|A|hollow|A_A_A|HCP|top|B,True
In3Rh,L12,111,6,111,bridge|A_A|A|bridge|A_A|B|hollow|A_A_A|FCC|hollow|A_A_A|HCP|top|A|top|B,True
In3Ru,L12,111,2,111,bridge|A_A|B|top|B,True
In3Sc,L12,111,7,111,bridge|A_B|A|hollow|A_A_A|FCC|hollow|A_A_A|HCP|hollow|A_A_B|FCC|hollow|A_A_B|HCP|top|A|top|B,True
In3Sn,L12,111,6,111,bridge|A_A|A|bridge|A_A|B|hollow|A_A_A|HCP|hollow|A_A_B|FCC|top|A|top|B,True
In3Ta,L12,111,4,111,hollow|A_A_A|FCC|hollow|A_A_A|HCP|top|A|top|B,True
In3Tc,L12,111,5,111,bridge|A_A|A|bridge|A_A|B|hollow|A_A_A|FCC|hollow|A_A_A|HCP|top|B,True
In3Ti,L12,111,5,111,bridge|A_A|B|hollow|A_A_A|FCC|hollow|A_A_A|HCP|top|A|top|B,True
In3Tl,L12,111,7,111,bridge-tilt|A_B|A|bridge|A_A|A|bridge|A_A|B|hollow|A_A_A|FCC|hollow|A_A_A|HCP|top|A|top|B,True
In3V,L12,111,3,111,bridge|A_A|B|top|A|top|B,True
In3W,L12,111,4,111,bridge|A_A|A|hollow|A_A_A|FCC|hollow|A_A_A|HCP|top|B,True
In3Y,L12,111,7,111,bridge|A_B|A|hollow|A_A_A|FCC|hollow|A_A_A|HCP|hollow|A_A_B|FCC|hollow|A_A_B|HCP|top|A|top|B,True
In3Zn,L12,111,7,111,bridge|A_A|A|bridge|A_B|A|hollow-tilt|A_A_B|FCC|hollow|A_A_A|FCC|hollow|A_A_A|HCP|top-tilt|B|top|A,True
In3Zr,L12,111,5,111,hollow-tilt|A_A_B|FCC|hollow|A_A_A|FCC|hollow|A_A_A|HCP|top|A|top|B,True
InIr3,L12,111,4,111,hollow|A_A_A|FCC|hollow|A_A_A|HCP|top-tilt|A|top|A,True
InLa3,L12,111,4,111,hollow|A_A_A|FCC|hollow|A_A_A|HCP|hollow|A_A_B|FCC|top|B,True
InMo3,L12,111,2,111,hollow|A_A_A|FCC|hollow|A_A_A|HCP,True
InNb3,L12,111,2,111,hollow|A_A_A|FCC|hollow|A_A_A|HCP,True
InNi3,L12,111,2,111,hollow|A_A_A|FCC|hollow|A_A_A|HCP,True
InOs3,L12,111,3,111,hollow|A_A_A|FCC|hollow|A_A_A|HCP|top|A,True
InPb3,L12,111,5,111,bridge|A_A|A|bridge|A_A|B|bridge|A_B|A|top|A|top|B,True
InPd3,L12,111,3,111,hollow|A_A_A|FCC|hollow|A_A_A|HCP|top|B,True
InPt3,L12,111,3,111,hollow|A_A_A|FCC|hollow|A_A_A|HCP|top|A,True
InRe3,L12,111,1,111,hollow|A_A_A|HCP,True
InRh3,L12,111,3,111,bridge|A_A|B|hollow|A_A_A|FCC|hollow|A_A_A|HCP,True
InRu3,L12,111,3,111,bridge|A_A|A|hollow|A_A_A|FCC|hollow|A_A_A|HCP,True
InSc3,L12,111,2,111,hollow|A_A_A|FCC|hollow|A_A_A|HCP,True
InSn3,L12,111,3,111,bridge|A_A|A|bridge|A_A|B|top|A,True
InTa3,L12,111,2,111,hollow|A_A_A|FCC|hollow|A_A_A|HCP,True
InTc3,L12,111,2,111,hollow|A_A_A|FCC|hollow|A_A_A|HCP,True
InTi3,L12,111,2,111,hollow|A_A_A|FCC|hollow|A_A_A|HCP,True
InTl3,L12,111,3,111,bridge|A_A|B|bridge|A_B|A|hollow|A_A_A|FCC,True
InV3,L12,111,2,111,hollow|A_A_A|FCC|hollow|A_A_A|HCP,True
InW3,L12,111,2,111,hollow|A_A_A|FCC|hollow|A_A_A|HCP,True
InY3,L12,111,3,111,hollow|A_A_A|FCC|hollow|A_A_A|HCP|top|B,True
InZn3,L12,111,7,111,bridge-tilt|A_A|A|bridge-tilt|A_B|A|bridge|A_A|A|bridge|A_A|B|hollow|A_A_A|FCC|hollow|A_A_A|HCP|top|A,True
InZr3,L12,111,2,111,hollow|A_A_A|FCC|hollow|A_A_A|HCP,True
Ir3La,L12,111,7,111,bridge|A_A|A|bridge|A_A|B|hollow|A_A_A|FCC|hollow|A_A_A|HCP|top-tilt|A|top|A|top|B,True
Ir3Mn,L12,111,6,111,hollow|A_A_A|FCC|hollow|A_A_A|HCP|hollow|A_A_B|FCC|hollow|A_A_B|HCP|top|A|top|B,True
Ir3Mo,L12,111,6,111,hollow|A_A_A|FCC|hollow|A_A_A|HCP|hollow|A_A_B|FCC|hollow|A_A_B|HCP|top|A|top|B,True
Ir3Nb,L12,111,6,111,hollow|A_A_A|FCC|hollow|A_A_A|HCP|hollow|A_A_B|FCC|hollow|A_A_B|HCP|top|A|top|B,True
Ir3Ni,L12,111,5,111,bridge|A_A|A|bridge|A_A|B|bridge|A_B|A|top|A|top|B,True
Ir3Os,L12,111,8,111,bridge|A_A|A|bridge|A_B|A|hollow|A_A_A|FCC|hollow|A_A_A|HCP|hollow|A_A_B|FCC|hollow|A_A_B|HCP|top|A|top|B,True
Ir3Pb,L12,111,3,111,hollow|A_A_A|FCC|hollow|A_A_A|HCP|top|A,True
Ir3Pd,L12,111,4,111,bridge|A_A|A|bridge|A_A|B|top|A|top|B,True
Ir3Pt,L12,111,8,111,bridge|A_A|A|bridge|A_A|B|bridge|A_B|A|hollow|A_A_A|FCC|hollow|A_A_A|HCP|hollow|A_A_B|FCC|top|A|top|B,True
Ir3Re,L12,111,7,111,bridge|A_B|A|hollow|A_A_A|FCC|hollow|A_A_A|HCP|hollow|A_A_B|FCC|hollow|A_A_B|HCP|top|A|top|B,True
Ir3Rh,L12,111,8,111,bridge|A_A|A|bridge|A_B|A|hollow|A_A_A|FCC|hollow|A_A_A|HCP|hollow|A_A_B|FCC|hollow|A_A_B|HCP|top|A|top|B,True
Ir3Ru,L12,111,4,111,bridge|A_B|A|hollow|A_A_B|HCP|top|A|top|B,True
Ir3Sc,L12,111,4,111,bridge|A_A|A|bridge|A_A|B|hollow|A_A_A|FCC|hollow|A_A_A|HCP,True
Ir3Sn,L12,111,3,111,hollow|A_A_A|FCC|hollow|A_A_A|HCP|top|A,True
Ir3Ta,L12,111,6,111,hollow|A_A_A|FCC|hollow|A_A_A|HCP|hollow|A_A_B|FCC|hollow|A_A_B|HCP|top|A|top|B,True
Ir3Tc,L12,111,6,111,hollow|A_A_A|FCC|hollow|A_A_A|HCP|hollow|A_A_B|FCC|hollow|A_A_B|HCP|top|A|top|B,True
Ir3Ti,L12,111,6,111,hollow|A_A_A|FCC|hollow|A_A_A|HCP|hollow|A_A_B|FCC|hollow|A_A_B|HCP|top|A|top|B,True
Ir3Tl,L12,111,3,111,hollow|A_A_A|FCC|hollow|A_A_A|HCP|top|A,True
Ir3V,L12,111,6,111,hollow|A_A_A|FCC|hollow|A_A_A|HCP|hollow|A_A_B|FCC|hollow|A_A_B|HCP|top|A|top|B,True
Ir3W,L12,111,6,111,hollow|A_A_A|FCC|hollow|A_A_A|HCP|hollow|A_A_B|FCC|hollow|A_A_B|HCP|top|A|top|B,True
Ir3Y,L12,111,7,111,bridge-tilt|A_A|B|bridge|A_A|A|bridge|A_A|B|hollow|A_A_A|FCC|hollow|A_A_A|HCP|top-tilt|A|top|B,True
Ir3Zn,L12,111,4,111,hollow|A_A_A|FCC|hollow|A_A_A|HCP|top|A|top|B,True
Ir3Zr,L12,111,8,111,bridge|A_A|A|bridge|A_A|B|hollow|A_A_A|FCC|hollow|A_A_A|HCP|hollow|A_A_B|FCC|hollow|A_A_B|HCP|top|A|top|B,True
IrLa3,L12,111,3,111,hollow|A_A_A|FCC|hollow|A_A_A|HCP|top|B,True
IrMo3,L12,111,4,111,bridge|A_B|A|hollow|A_A_A|FCC|hollow|A_A_A|HCP|top|B,True
IrNb3,L12,111,3,111,hollow|A_A_A|FCC|hollow|A_A_A|HCP|top|B,True
IrNi3,L12,111,4,111,bridge|A_B|A|hollow|A_A_A|FCC|hollow|A_A_B|FCC|top|B,True
IrOs3,L12,111,7,111,bridge|A_A|B|bridge|A_B|A|hollow|A_A_A|FCC|hollow|A_A_A|HCP|hollow|A_A_B|FCC|top|A|top|B,True
IrPb3,L12,111,2,111,hollow|A_A_A|HCP|top|B,True
IrPd3,L12,111,5,111,bridge|A_A|B|bridge|A_B|A|hollow|A_A_A|FCC|top|A|top|B,True
IrPt3,L12,111,9,111,bridge|A_A|A|bridge|A_A|B|bridge|A_B|A|hollow|A_A_A|FCC|hollow|A_A_A|HCP|hollow|A_A_B|FCC|hollow|A_A_B|HCP|top|A|top|B,True
IrRe3,L12,111,4,111,bridge|A_B|A|hollow|A_A_A|FCC|hollow|A_A_A|HCP|top|B,True
IrRh3,L12,111,3,111,bridge|A_A|B|bridge|A_B|A|hollow|A_A_A|FCC,True
IrRu3,L12,111,4,111,hollow|A_A_A|FCC|hollow|A_A_A|HCP|hollow|A_A_B|FCC|hollow|A_A_B|HCP,True
IrSc3,L12,111,2,111,hollow|A_A_A|FCC|hollow|A_A_A|HCP,True
IrSn3,L12,111,1,111,top|B,True
IrTa3,L12,111,3,111,hollow|A_A_A|FCC|hollow|A_A_A|HCP|hollow|A_A_B|HCP,True
IrTc3,L12,111,5,111,bridge|A_B|A|hollow|A_A_A|FCC|hollow|A_A_A|HCP|hollow|A_A_B|FCC|hollow|A_A_B|HCP,True
IrTi3,L12,111,4,111,hollow|A_A_A|FCC|hollow|A_A_A|HCP|hollow|A_A_B|FCC|hollow|A_A_B|HCP,True
IrTl3,L12,111,2,111,hollow|A_A_A|FCC|hollow|A_A_A|HCP,True
IrV3,L12,111,2,111,hollow|A_A_A|FCC|hollow|A_A_A|HCP,True
IrW3,L12,111,4,111,bridge|A_B|A|hollow|A_A_A|FCC|hollow|A_A_A|HCP|top|B,True
IrY3,L12,111,1,111,top|B,True
IrZn3,L12,111,4,111,bridge|A_A|B|hollow|A_A_A|FCC|hollow|A_A_A|HCP|top|B,True
IrZr3,L12,111,2,111,hollow|A_A_A|FCC|hollow|A_A_A|HCP,True
La3Mn,L12,111,6,111,bridge|A_B|A|hollow-tilt|A_A_B|FCC|hollow-tilt|A_A_B|HCP|hollow|A_A_A|FCC|hollow|A_A_A|HCP|top|B,True
La3Mo,L12,111,3,111,hollow|A_A_A|FCC|hollow|A_A_A|HCP|top|B,True
La3Nb,L12,111,5,111,hollow-tilt|A_A_B|FCC|hollow-tilt|A_A_B|HCP|hollow|A_A_A|FCC|hollow|A_A_A|HCP|top|B,True
La3Ni,L12,111,1,111,top|B,True
La3Os,L12,111,3,111,hollow|A_A_A|FCC|hollow|A_A_A|HCP|top|B,True
La3Pb,L12,111,3,111,bridge|A_A|A|hollow|A_A_A|FCC|hollow|A_A_A|HCP,True
La3Pd,L12,111,3,111,hollow|A_A_A|FCC|hollow|A_A_A|HCP|top|B,True
La3Pt,L12,111,1,111,top|B,True
La3Re,L12,111,3,111,hollow|A_A_A|FCC|hollow|A_A_A|HCP|top|B,True
La3Rh,L12,111,2,111,hollow|A_A_A|FCC|hollow|A_A_A|HCP,True
La3Ru,L12,111,3,111,hollow|A_A_A|FCC|hollow|A_A_A|HCP|top|B,True
La3Sc,L12,111,5,111,hollow|A_A_A|FCC|hollow|A_A_A|HCP|hollow|A_A_B|FCC|hollow|A_A_B|HCP|top|B,True
La3Sn,L12,111,4,111,hollow|A_A_A|FCC|hollow|A_A_A|HCP|top|A|top|B,True
La3Ta,L12,111,4,111,hollow-tilt|A_A_B|FCC|hollow-tilt|A_A_B|HCP|hollow|A_A_A|FCC|hollow|A_A_A|HCP,True
La3Tc,L12,111,3,111,hollow|A_A_A|FCC|hollow|A_A_A|HCP|top|B,True
La3Ti,L12,111,6,111,bridge|A_B|A|hollow-tilt|A_A_B|FCC|hollow-tilt|A_A_B|HCP|hollow|A_A_A|FCC|hollow|A_A_A|HCP|top|B,True
La3Tl,L12,111,3,111,hollow|A_A_A|FCC|hollow|A_A_A|HCP|top|B,True
La3V,L12,111,5,111,hollow-tilt|A_A_B|FCC|hollow-tilt|A_A_B|HCP|hollow|A_A_A|FCC|hollow|A_A_A|HCP|top|B,True
La3W,L12,111,5,111,hollow-tilt|A_A_B|FCC|hollow-tilt|A_A_B|HCP|hollow|A_A_A|FCC|hollow|A_A_A|HCP|top|B,True
La3Y,L12,111,6,111,bridge|A_B|A|hollow|A_A_A|FCC|hollow|A_A_A|HCP|hollow|A_A_B|FCC|hollow|A_A_B|HCP|top|B,True
La3Zn,L12,111,4,111,bridge|A_B|A|hollow|A_A_A|FCC|hollow|A_A_A|HCP|top|B,True
La3Zr,L12,111,6,111,bridge|A_B|A|hollow|A_A_A|FCC|hollow|A_A_A|HCP|hollow|A_A_B|FCC|hollow|A_A_B|HCP|top|B,True
LaMo3,L12,111,3,111,hollow|A_A_A|FCC|hollow|A_A_A|HCP|top-tilt|A,True
LaNb3,L12,111,2,111,bridge-tilt|A_A|A|bridge|A_A|B,True
LaNi3,L12,111,0,,,
LaOs3,L12,111,4,111,bridge|A_A|A|bridge|A_A|B|top-tilt|A|top|B,True
LaPb3,L12,111,5,111,bridge|A_B|A|hollow|A_A_B|FCC|hollow|A_A_B|HCP|top|A|top|B,True
LaPd3,L12,111,4,111,bridge|A_A|A|bridge|A_A|B|hollow|A_A_A|HCP|top|B,True
LaPt3,L12,111,5,111,bridge|A_A|A|bridge|A_A|B|hollow|A_A_A|FCC|hollow|A_A_A|HCP|top|A,True
LaRe3,L12,111,5,111,bridge|A_A|A|bridge|A_A|B|hollow|A_A_A|FCC|hollow|A_A_A|HCP|top-tilt|A,True
LaRh3,L12,111,4,111,bridge|A_A|A|bridge|A_A|B|hollow|A_A_A|FCC|hollow|A_A_A|HCP,True
LaRu3,L12,111,3,111,bridge-tilt|A_A|B|bridge|A_A|A|bridge|A_A|B,True
LaSc3,L12,111,5,111,bridge|A_B|A|hollow|A_A_A|FCC|hollow|A_A_A|HCP|hollow|A_A_B|FCC|hollow|A_A_B|HCP,True
LaSn3,L12,111,5,111,bridge|A_B|A|hollow|A_A_B|FCC|hollow|A_A_B|HCP|top|A|top|B,True
LaTa3,L12,111,2,111,bridge-tilt|A_A|A|bridge|A_A|B,True
LaTc3,L12,111,3,111,bridge|A_A|A|hollow|A_A_A|HCP|top-tilt|A,True
LaTi3,L12,111,4,111,bridge|A_A|A|bridge|A_A|B|hollow|A_A_A|FCC|hollow|A_A_A|HCP,True
LaTl3,L12,111,5,111,bridge|A_B|A|hollow|A_A_A|FCC|hollow|A_A_A|HCP|hollow|A_A_B|FCC|hollow|A_A_B|HCP,True
LaV3,L12,111,3,111,bridge|A_A|A|hollow|A_A_A|HCP|top-tilt|A,True
LaW3,L12,111,3,111,bridge|A_A|A|bridge|A_A|B|top|A,True
LaY3,L12,111,4,111,hollow|A_A_A|FCC|hollow|A_A_B|FCC|hollow|A_A_B|HCP|top|B,True
LaZn3,L12,111,5,111,bridge|A_B|A|hollow|A_A_B|FCC|hollow|A_A_B|HCP|top|A|top|B,True
LaZr3,L12,111,5,111,bridge|A_A|B|hollow-tilt|A_A_B|HCP|hollow|A_A_A|FCC|hollow|A_A_A|HCP|hollow|A_A_B|HCP,True
Mn3Mo,L12,111,2,111,hollow|A_A_A|HCP|hollow|A_A_B|HCP,True
Mn3Ni,L12,111,3,111,bridge|A_B|A|hollow|A_A_A|FCC|hollow|A_A_A|HCP,True
Mn3Os,L12,111,3,111,bridge|A_B|A|hollow|A_A_A|FCC|hollow|A_A_A|HCP,True
Mn3Re,L12,111,3,111,bridge|A_A|B|hollow|A_A_A|FCC|hollow|A_A_B|HCP,True
Mn3Tc,L12,111,3,111,bridge|A_A|A|hollow|A_A_B|FCC|hollow|A_A_B|HCP,True
Mn3V,L12,111,1,111,hollow|A_A_A|HCP,True
Mn3W,L12,111,2,111,bridge|A_A|A|hollow|A_A_A|HCP,True
MnMo3,L12,111,4,111,bridge|A_A|A|hollow|A_A_A|FCC|hollow|A_A_A|HCP|top|B,True
MnNb3,L12,111,4,111,hollow|A_A_A|FCC|hollow|A_A_A|HCP|hollow|A_A_B|HCP|top|B,True
MnNi3,L12,111,2,111,hollow|A_A_B|FCC|hollow|A_A_B|HCP,True
MnOs3,L12,111,5,111,bridge|A_B|A|hollow|A_A_B|FCC|hollow|A_A_B|HCP|top|A|top|B,True
MnPb3,L12,111,3,111,bridge|A_A|A|bridge|A_A|B|top|B,True
MnPd3,L12,111,4,111,bridge|A_A|B|hollow|A_A_A|HCP|hollow|A_A_B|FCC|hollow|A_A_B|HCP,True
MnPt3,L12,111,3,111,bridge-tilt|A_A|B|bridge|A_A|B|hollow|A_A_B|HCP,True
MnRh3,L12,111,3,111,bridge|A_A|B|hollow|A_A_B|FCC|hollow|A_A_B|HCP,True
MnRu3,L12,111,3,111,bridge|A_A|A|bridge|A_A|B|hollow|A_A_B|FCC,True
MnSn3,L12,111,3,111,bridge|A_A|A|bridge|A_A|B|top|B,True
MnTa3,L12,111,3,111,bridge|A_A|A|hollow|A_A_A|HCP|hollow|A_A_B|HCP,True
MnTc3,L12,111,3,111,bridge|A_A|A|hollow|A_A_A|HCP|hollow|A_A_B|HCP,True
MnTi3,L12,111,3,111,hollow|A_A_A|FCC|hollow|A_A_A|HCP|hollow|A_A_B|HCP,True
MnTl3,L12,111,2,111,bridge|A_A|A|top|B,True
MnW3,L12,111,4,111,hollow|A_A_A|FCC|hollow|A_A_A|HCP|hollow|A_A_B|HCP|top|B,True
MnY3,L12,111,2,111,hollow|A_A_A|FCC|hollow|A_A_A|HCP,True
MnZn3,L12,111,5,111,bridge|A_B|A|hollow|A_A_B|FCC|hollow|A_A_B|HCP|top|A|top|B,True
MnZr3,L12,111,3,111,bridge|A_B|A|hollow|A_A_A|FCC|hollow|A_A_A|HCP,True
Mo3Nb,L12,111,3,111,hollow|A_A_A|FCC|hollow|A_A_A|HCP|top|B,True
Mo3Ni,L12,111,4,111,hollow|A_A_A|FCC|hollow|A_A_A|HCP|hollow|A_A_B|HCP|top|B,True
Mo3Os,L12,111,4,111,hollow|A_A_A|FCC|hollow|A_A_A|HCP|hollow|A_A_B|HCP|top|B,True
Mo3Pb,L12,111,2,111,hollow|A_A_A|FCC|hollow|A_A_A|HCP,True
Mo3Pd,L12,111,4,111,hollow|A_A_A|FCC|hollow|A_A_A|HCP|hollow|A_A_B|FCC|top|B,True
Mo3Pt,L12,111,4,111,bridge|A_A|A|hollow|A_A_A|FCC|hollow|A_A_A|HCP|top|B,True
Mo3Re,L12,111,5,111,hollow|A_A_A|FCC|hollow|A_A_A|HCP|hollow|A_A_B|HCP|top|A|top|B,True
Mo3Rh,L12,111,4,111,hollow|A_A_A|FCC|hollow|A_A_A|HCP|hollow|A_A_B|HCP|top|B,True
Mo3Ru,L12,111,5,111,hollow|A_A_A|FCC|hollow|A_A_A|HCP|hollow|A_A_B|FCC|hollow|A_A_B|HCP|top|B,True
Mo3Sc,L12,111,4,111,bridge|A_A|A|hollow|A_A_A|FCC|hollow|A_A_A|HCP|hollow|A_A_B|HCP,True
Mo3Sn,L12,111,2,111,hollow|A_A_A|FCC|hollow|A_A_A|HCP,True
Mo3Ta,L12,111,5,111,bridge|A_A|A|hollow|A_A_A|FCC|hollow|A_A_A|HCP|hollow|A_A_B|FCC|top|B,True
Mo3Tc,L12,111,5,111,bridge|A_A|A|hollow|A_A_A|FCC|hollow|A_A_A|HCP|hollow|A_A_B|HCP|top|B,True
Mo3Ti,L12,111,5,111,hollow|A_A_A|FCC|hollow|A_A_A|HCP|hollow|A_A_B|FCC|hollow|A_A_B|HCP|top|B,True
Mo3Tl,L12,111,3,111,hollow|A_A_A|FCC|hollow|A_A_A|HCP|top|B,True
Mo3V,L12,111,1,111,top|B,True
Mo3W,L12,111,4,111,bridge|A_A|A|hollow|A_A_A|HCP|top|A|top|B,True
Mo3Zn,L12,111,3,111,hollow|A_A_A|FCC|hollow|A_A_A|HCP|top|B,True
Mo3Zr,L12,111,2,111,hollow|A_A_A|FCC|top|B,True
MoNb3,L12,111,1,111,hollow|A_A_A|HCP,True
MoNi3,L12,111,2,111,hollow|A_A_B|FCC|hollow|A_A_B|HCP,True
MoOs3,L12,111,6,111,hollow|A_A_A|FCC|hollow|A_A_A|HCP|hollow|A_A_B|FCC|hollow|A_A_B|HCP|top|A|top|B,True
MoPb3,L12,111,3,111,bridge|A_A|A|hollow|A_A_A|HCP|top|A,True
MoPd3,L12,111,5,111,hollow|A_A_A|FCC|hollow|A_A_A|HCP|hollow|A_A_B|FCC|hollow|A_A_B|HCP|top|B,True
MoPt3,L12,111,5,111,bridge|A_B|A|hollow|A_A_A|FCC|hollow|A_A_A|HCP|hollow|A_A_B|FCC|hollow|A_A_B|HCP,True
MoRe3,L12,111,7,111,bridge|A_B|A|hollow|A_A_A|FCC|hollow|A_A_A|HCP|hollow|A_A_B|FCC|hollow|A_A_B|HCP|top|A|top|B,True
MoRh3,L12,111,4,111,hollow|A_A_A|FCC|hollow|A_A_A|HCP|hollow|A_A_B|FCC|hollow|A_A_B|HCP,True
MoRu3,L12,111,2,111,hollow|A_A_B|FCC|hollow|A_A_B|HCP,True
MoSc3,L12,111,4,111,hollow|A_A_A|FCC|hollow|A_A_A|HCP|hollow|A_A_B|FCC|hollow|A_A_B|HCP,True
MoSn3,L12,111,2,111,bridge|A_A|B|top|A,True
MoTa3,L12,111,2,111,hollow|A_A_A|HCP|hollow|A_A_B|HCP,True
MoTc3,L12,111,7,111,bridge|A_B|A|hollow|A_A_A|FCC|hollow|A_A_A|HCP|hollow|A_A_B|FCC|hollow|A_A_B|HCP|top|A|top|B,True
MoTi3,L12,111,3,111,hollow|A_A_A|FCC|hollow|A_A_A|HCP|hollow|A_A_B|HCP,True
MoTl3,L12,111,3,111,bridge|A_A|A|hollow|A_A_A|FCC|hollow|A_A_A|HCP,True
MoV3,L12,111,1,111,hollow|A_A_A|HCP,True
MoW3,L12,111,6,111,hollow|A_A_A|FCC|hollow|A_A_A|HCP|hollow|A_A_B|FCC|hollow|A_A_B|HCP|top|A|top|B,True
MoY3,L12,111,4,111,hollow|A_A_A|FCC|hollow|A_A_A|HCP|hollow|A_A_B|HCP|top|B,True
MoZn3,L12,111,4,111,hollow|A_A_B|FCC|hollow|A_A_B|HCP|top|A|top|B,True
MoZr3,L12,111,2,111,hollow|A_A_A|FCC|hollow|A_A_A|HCP,True
Nb3Ni,L12,111,3,111,hollow|A_A_A|FCC|hollow|A_A_A|HCP|top|B,True
Nb3Os,L12,111,3,111,hollow|A_A_A|FCC|hollow|A_A_A|HCP|top|B,True
Nb3Pb,L12,111,2,111,hollow|A_A_A|FCC|hollow|A_A_A|HCP,True
Nb3Pd,L12,111,4,111,hollow|A_A_A|FCC|hollow|A_A_A|HCP|hollow|A_A_B|FCC|top|B,True
Nb3Pt,L12,111,5,111,bridge|A_A|A|hollow|A_A_A|FCC|hollow|A_A_A|HCP|hollow|A_A_B|FCC|hollow|A_A_B|HCP,True
Nb3Re,L12,111,2,111,hollow|A_A_A|HCP|top|B,True
Nb3Rh,L12,111,3,111,hollow|A_A_A|FCC|hollow|A_A_A|HCP|top|B,True
Nb3Ru,L12,111,1,111,top|B,True
Nb3Sc,L12,111,5,111,hollow|A_A_A|FCC|hollow|A_A_A|HCP|hollow|A_A_B|FCC|hollow|A_A_B|HCP|top|B,True
Nb3Sn,L12,111,2,111,hollow|A_A_A|FCC|hollow|A_A_A|HCP,True
Nb3Ta,L12,111,2,111,bridge|A_A|A|hollow|A_A_A|HCP,True
Nb3Tc,L12,111,3,111,hollow|A_A_A|FCC|hollow|A_A_A|HCP|top|B,True
Nb3Ti,L12,111,3,111,hollow|A_A_A|HCP|hollow|A_A_B|HCP|top|B,True
Nb3Tl,L12,111,3,111,hollow|A_A_A|FCC|hollow|A_A_A|HCP|top|B,True
Nb3V,L12,111,3,111,hollow|A_A_A|HCP|hollow|A_A_B|HCP|top|B,True
Nb3W,L12,111,4,111,bridge|A_A|A|hollow|A_A_A|HCP|hollow|A_A_B|HCP|top|B,True
Nb3Y,L12,111,3,111,bridge|A_A|B|hollow|A_A_B|HCP|top|B,True
Nb3Zn,L12,111,2,111,hollow|A_A_A|FCC|hollow|A_A_A|HCP,True
Nb3Zr,L12,111,2,111,hollow|A_A_B|HCP|top|B,True
NbNi3,L12,111,2,111,hollow|A_A_A|FCC|top|B,True
NbOs3,L12,111,6,111,hollow|A_A_A|FCC|hollow|A_A_A|HCP|hollow|A_A_B|FCC|hollow|A_A_B|HCP|top|A|top|B,True
NbPb3,L12,111,5,111,bridge|A_A|A|hollow|A_A_A|FCC|hollow|A_A_A|HCP|top|A|top|B,True
NbPd3,L12,111,5,111,hollow|A_A_A|FCC|hollow|A_A_A|HCP|hollow|A_A_B|FCC|hollow|A_A_B|HCP|top|B,True
NbPt3,L12,111,5,111,bridge|A_B|A|hollow|A_A_B|FCC|hollow|A_A_B|HCP|top|A|top|B,True
NbRe3,L12,111,6,111,bridge|A_B|A|hollow|A_A_A|FCC|hollow|A_A_A|HCP|hollow|A_A_B|FCC|hollow|A_A_B|HCP|top|B,True
NbRh3,L12,111,4,111,hollow|A_A_A|FCC|hollow|A_A_A|HCP|hollow|A_A_B|FCC|hollow|A_A_B|HCP,True
NbRu3,L12,111,3,111,hollow|A_A_A|FCC|hollow|A_A_B|FCC|hollow|A_A_B|HCP,True
NbSc3,L12,111,3,111,hollow|A_A_A|FCC|hollow|A_A_A|HCP|hollow|A_A_B|HCP,True
NbSn3,L12,111,3,111,bridge|A_A|B|top|A|top|B,True
NbTa3,L12,111,2,111,hollow|A_A_A|HCP|hollow|A_A_B|HCP,True
NbTc3,L12,111,4,111,hollow|A_A_A|FCC|hollow|A_A_A|HCP|hollow|A_A_B|FCC|hollow|A_A_B|HCP,True
NbTi3,L12,111,5,111,bridge|A_A|A|hollow|A_A_A|FCC|hollow|A_A_A|HCP|hollow|A_A_B|FCC|hollow|A_A_B|HCP,True
NbTl3,L12,111,3,111,hollow|A_A_A|FCC|hollow|A_A_A|HCP|top|B,True
NbV3,L12,111,3,111,hollow|A_A_A|FCC|hollow|A_A_A|HCP|hollow|A_A_B|HCP,True
NbW3,L12,111,5,111,bridge|A_A|B|hollow|A_A_A|FCC|hollow|A_A_A|HCP|hollow|A_A_B|HCP|top|B,True
NbY3,L12,111,6,111,bridge|A_B|A|hollow|A_A_A|FCC|hollow|A_A_A|HCP|hollow|A_A_B|FCC|hollow|A_A_B|HCP|top|B,True
NbZn3,L12,111,7,111,bridge|A_B|A|hollow|A_A_A|FCC|hollow|A_A_A|HCP|hollow|A_A_B|FCC|hollow|A_A_B|HCP|top|A|top|B,True
NbZr3,L12,111,4,111,hollow|A_A_A|FCC|hollow|A_A_A|HCP|hollow|A_A_B|HCP|top|B,True
Ni3Os,L12,111,2,111,hollow|A_A_B|FCC|hollow|A_A_B|HCP,True
Ni3Pb,L12,111,1,111,hollow|A_A_A|HCP,True
Ni3Pd,L12,111,3,111,bridge|A_B|A|hollow|A_A_A|FCC|hollow|A_A_B|FCC,True
Ni3Pt,L12,111,3,111,hollow|A_A_A|FCC|hollow|A_A_B|FCC|top|B,True
Ni3Re,L12,111,4,111,hollow|A_A_B|FCC|hollow|A_A_B|HCP|top|A|top|B,True
Ni3Rh,L12,111,5,111,bridge|A_A|A|bridge|A_B|A|hollow|A_A_A|FCC|hollow|A_A_B|FCC|top|B,True
Ni3Ru,L12,111,1,111,hollow|A_A_B|FCC,True
Ni3Sc,L12,111,4,111,bridge|A_A|A|bridge|A_A|B|hollow|A_A_A|HCP|top|B,True
Ni3Sn,L12,111,3,111,hollow|A_A_A|FCC|hollow|A_A_A|HCP|top|B,True
Ni3Ta,L12,111,3,111,hollow|A_A_A|FCC|hollow|A_A_B|HCP|top|B,True
Ni3Tc,L12,111,2,111,hollow|A_A_B|FCC|hollow|A_A_B|HCP,True
Ni3Ti,L12,111,2,111,hollow|A_A_B|FCC|hollow|A_A_B|HCP,True
Ni3Tl,L12,111,3,111,hollow|A_A_A|FCC|hollow|A_A_A|HCP|top|B,True
Ni3V,L12,111,3,111,hollow|A_A_B|FCC|hollow|A_A_B|HCP|top|A,True
Ni3Y,L12,111,3,111,bridge|A_A|A|top|A|top|B,True
Ni3Zn,L12,111,3,111,hollow|A_A_A|FCC|hollow|A_A_A|HCP|top|B,True
Ni3Zr,L12,111,4,111,bridge|A_A|A|bridge|A_A|B|top|A|top|B,True
NiOs3,L12,111,4,111,bridge|A_A|A|bridge|A_A|B|top|A|top|B,True
NiPb3,L12,111,2,111,bridge|A_B|B|top|B,True
NiPd3,L12,111,2,111,bridge|A_A|A|hollow|A_A_B|FCC,True
NiPt3,L12,111,4,111,hollow|A_A_B|FCC|hollow|A_A_B|HCP|top|A|top|B,True
NiRe3,L12,111,3,111,bridge|A_A|A|hollow|A_A_A|HCP|hollow|A_A_B|HCP,True
NiRh3,L12,111,5,111,bridge|A_A|B|bridge|A_B|A|hollow|A_A_A|FCC|top|A|top|B,True
NiSn3,L12,111,1,111,top|B,True
NiTa3,L12,111,2,111,hollow|A_A_A|FCC|top|B,True
NiTi3,L12,111,3,111,bridge|A_B|A|hollow|A_A_A|FCC|hollow|A_A_A|HCP,True
NiTl3,L12,111,1,111,hollow-tilt|A_A_A|FCC,True
NiV3,L12,111,3,111,hollow|A_A_A|FCC|hollow|A_A_A|HCP|hollow|A_A_B|HCP,True
NiW3,L12,111,4,111,hollow|A_A_A|FCC|hollow|A_A_A|HCP|hollow|A_A_B|HCP|top|B,True
NiZn3,L12,111,2,111,bridge|A_A|B|hollow|A_A_B|HCP,True
NiZr3,L12,111,1,111,hollow|A_A_A|HCP,True
Os3Pb,L12,111,2,111,hollow|A_A_A|FCC|hollow|A_A_A|HCP,True
Os3Pd,L12,111,2,111,hollow|A_A_A|FCC|hollow|A_A_A|HCP,True
Os3Pt,L12,111,5,111,bridge|A_B|A|hollow|A_A_A|FCC|hollow|A_A_A|HCP|top|A|top|B,True
Os3Re,L12,111,3,111,bridge|A_B|A|hollow|A_A_B|FCC|hollow|A_A_B|HCP,True
Os3Rh,L12,111,3,111,bridge|A_A|A|bridge|A_A|B|bridge|A_B|A,True
Os3Ru,L12,111,5,111,bridge|A_A|A|bridge|A_B|A|hollow|A_A_B|FCC|top|A|top|B,True
Os3Sc,L12,111,3,111,bridge|A_A|B|hollow|A_A_A|FCC|hollow|A_A_B|HCP,True
Os3Sn,L12,111,3,111,hollow|A_A_A|FCC|hollow|A_A_A|HCP|top|A,True
Os3Ta,L12,111,4,111,hollow|A_A_A|HCP|hollow|A_A_B|FCC|hollow|A_A_B|HCP|top|B,True
Os3Tc,L12,111,5,111,bridge|A_B|A|hollow|A_A_B|FCC|hollow|A_A_B|HCP|top|A|top|B,True
Os3Ti,L12,111,3,111,hollow|A_A_A|FCC|hollow|A_A_B|FCC|hollow|A_A_B|HCP,True
Os3V,L12,111,6,111,hollow|A_A_A|FCC|hollow|A_A_A|HCP|hollow|A_A_B|FCC|hollow|A_A_B|HCP|top|A|top|B,True
Os3W,L12,111,4,111,hollow|A_A_A|FCC|hollow|A_A_A|HCP|hollow|A_A_B|FCC|hollow|A_A_B|HCP,True
Os3Y,L12,111,7,111,bridge-tilt|A_A|B|bridge|A_A|A|bridge|A_A|B|hollow|A_A_A|FCC|hollow|A_A_A|HCP|top-tilt|A|top|B,True
Os3Zn,L12,111,4,111,hollow|A_A_A|FCC|hollow|A_A_A|HCP|top|A|top|B,True
Os3Zr,L12,111,4,111,hollow|A_A_A|HCP|hollow|A_A_B|FCC|hollow|A_A_B|HCP|top|B,True
OsPb3,L12,111,1,111,top|B,True
OsPd3,L12,111,5,111,bridge|A_A|A|bridge|A_A|B|hollow|A_A_B|HCP|top|A|top|B,True
OsPt3,L12,111,3,111,bridge|A_A|A|bridge|A_B|A|hollow|A_A_B|FCC,True
OsRe3,L12,111,4,111,bridge|A_B|A|hollow|A_A_A|FCC|hollow|A_A_A|HCP|hollow|A_A_B|FCC,True
OsRh3,L12,111,8,111,bridge|A_A|A|bridge|A_A|B|bridge|A_B|A|hollow|A_A_A|FCC|hollow|A_A_A|HCP|hollow|A_A_B|FCC|hollow|A_A_B|HCP|top|B,True
OsRu3,L12,111,4,111,bridge|A_A|B|hollow|A_A_A|FCC|hollow|A_A_B|FCC|top|B,True
OsSc3,L12,111,2,111,hollow|A_A_A|FCC|hollow|A_A_A|HCP,True
OsSn3,L12,111,3,111,hollow|A_A_A|FCC|hollow|A_A_A|HCP|top|B,True
OsTa3,L12,111,5,111,hollow|A_A_A|FCC|hollow|A_A_A|HCP|hollow|A_A_B|FCC|hollow|A_A_B|HCP|top|B,True
OsTc3,L12,111,3,111,bridge|A_B|A|hollow|A_A_A|FCC|hollow|A_A_A|HCP,True
OsTi3,L12,111,2,111,hollow|A_A_A|FCC|hollow|A_A_A|HCP,True
OsTl3,L12,111,1,111,hollow|A_A_A|HCP,True
OsV3,L12,111,1,111,hollow|A_A_A|HCP,True
OsW3,L12,111,5,111,bridge|A_B|A|hollow|A_A_A|FCC|hollow|A_A_A|HCP|hollow|A_A_B|HCP|top|B,True
OsY3,L12,111,2,111,hollow|A_A_A|FCC|top|B,True
OsZn3,L12,111,3,111,hollow|A_A_A|FCC|hollow|A_A_A|HCP|top|B,True
OsZr3,L12,111,3,111,hollow|A_A_A|FCC|hollow|A_A_A|HCP|hollow|A_A_B|HCP,True
Pb3Pd,L12,111,3,111,bridge|A_A|A|bridge|A_A|B|top|B,True
Pb3Pt,L12,111,2,111,bridge|A_B|B|top|B,True
Pb3Re,L12,111,3,111,bridge|A_A|A|hollow|A_A_A|HCP|top|B,True
Pb3Rh,L12,111,5,111,bridge|A_A|A|bridge|A_A|B|hollow|A_A_A|FCC|hollow|A_A_A|HCP|top|B,True
Pb3Ru,L12,111,2,111,bridge|A_A|A|hollow|A_A_A|HCP,True
Pb3Sc,L12,111,3,111,bridge|A_A|B|top|A|top|B,True
Pb3Sn,L12,111,3,111,bridge|A_A|B|top|A|top|B,True
Pb3Ta,L12,111,4,111,bridge|A_A|A|hollow|A_A_A|HCP|top-tilt|A|top|B,True
Pb3Tc,L12,111,3,111,bridge|A_A|A|hollow|A_A_A|HCP|top|B,True
Pb3Ti,L12,111,4,111,bridge|A_A|A|hollow|A_A_A|HCP|top|A|top|B,True
Pb3Tl,L12,111,7,111,bridge-tilt|A_B|A|bridge|A_A|A|bridge|A_A|B|hollow|A_A_A|FCC|hollow|A_A_A|HCP|top|A|top|B,True
Pb3V,L12,111,4,111,bridge|A_A|A|bridge|A_A|B|top|A|top|B,True
Pb3W,L12,111,2,111,hollow|A_A_A|HCP|top|B,True
Pb3Y,L12,111,6,111,bridge|A_A|B|bridge|A_B|A|hollow-tilt|A_A_B|FCC|top-tilt|B|top|A|top|B,True
Pb3Zn,L12,111,2,111,bridge-tilt|A_B|A|bridge|A_A|A,True
Pb3Zr,L12,111,4,111,bridge|A_A|A|hollow|A_A_A|HCP|top|A|top|B,True
PbPd3,L12,111,3,111,hollow|A_A_A|FCC|hollow|A_A_A|HCP|top|B,True
PbPt3,L12,111,3,111,hollow|A_A_A|FCC|hollow|A_A_A|HCP|top|A,True
PbRh3,L12,111,2,111,hollow|A_A_A|FCC|hollow|A_A_A|HCP,True
PbRu3,L12,111,3,111,hollow|A_A_A|FCC|hollow|A_A_A|HCP|top|A,True
PbSc3,L12,111,2,111,hollow|A_A_A|FCC|hollow|A_A_A|HCP,True
PbSn3,L12,111,4,111,bridge|A_A|A|bridge|A_A|B|top|A|top|B,True
PbTa3,L12,111,2,111,hollow|A_A_A|FCC|hollow|A_A_A|HCP,True
PbTc3,L12,111,2,111,hollow|A_A_A|FCC|hollow|A_A_A|HCP,True
PbTi3,L12,111,2,111,hollow|A_A_A|FCC|hollow|A_A_A|HCP,True
PbTl3,L12,111,5,111,hollow|A_A_A|FCC|hollow|A_A_A|HCP|hollow|A_A_B|FCC|hollow|A_A_B|HCP|top|B,True
PbV3,L12,111,2,111,hollow|A_A_A|FCC|hollow|A_A_A|HCP,True
PbW3,L12,111,2,111,hollow|A_A_A|FCC|hollow|A_A_A|HCP,True
PbY3,L12,111,3,111,hollow|A_A_A|FCC|hollow|A_A_A|HCP|top|B,True
PbZn3,L12,111,5,111,bridge-tilt|A_A|B|bridge|A_A|A|hollow|A_A_A|FCC|hollow|A_A_A|HCP|top-tilt|A,True
PbZr3,L12,111,2,111,hollow|A_A_A|FCC|hollow|A_A_A|HCP,True
Pd3Pt,L12,111,8,111,bridge|A_A|B|bridge|A_B|A|hollow|A_A_A|FCC|hollow|A_A_A|HCP|hollow|A_A_B|FCC|hollow|A_A_B|HCP|top|A|top|B,True
Pd3Re,L12,111,6,111,hollow|A_A_A|FCC|hollow|A_A_A|HCP|hollow|A_A_B|FCC|hollow|A_A_B|HCP|top|A|top|B,True
Pd3Rh,L12,111,8,111,bridge|A_A|A|bridge|A_A|B|hollow|A_A_A|FCC|hollow|A_A_A|HCP|hollow|A_A_B|FCC|hollow|A_A_B|HCP|top|A|top|B,True
Pd3Ru,L12,111,8,111,bridge|A_A|B|bridge|A_B|A|hollow|A_A_A|FCC|hollow|A_A_A|HCP|hollow|A_A_B|FCC|hollow|A_A_B|HCP|top|A|top|B,True
Pd3Sc,L12,111,4,111,bridge|A_A|B|hollow|A_A_A|HCP|hollow|A_A_B|HCP|top|B,True
Pd3Sn,L12,111,3,111,hollow|A_A_A|FCC|hollow|A_A_A|HCP|top|B,True
Pd3Ta,L12,111,4,111,hollow|A_A_B|FCC|hollow|A_A_B|HCP|top|A|top|B,True
Pd3Tc,L12,111,2,111,hollow|A_A_B|FCC|hollow|A_A_B|HCP,True
Pd3Ti,L12,111,3,111,bridge|A_A|B|hollow|A_A_B|FCC|hollow|A_A_B|HCP,True
Pd3Tl,L12,111,3,111,hollow|A_A_A|FCC|hollow|A_A_A|HCP|top|B,True
Pd3V,L12,111,5,111,bridge|A_A|B|bridge|A_B|A|hollow|A_A_A|HCP|hollow|A_A_B|HCP|top|B,True
Pd3W,L12,111,3,111,hollow|A_A_B|HCP|top|A|top|B,True
Pd3Y,L12,111,5,111,bridge|A_A|A|bridge|A_A|B|hollow|A_A_A|FCC|hollow|A_A_A|HCP|top|B,True
Pd3Zn,L12,111,3,111,hollow|A_A_A|FCC|hollow|A_A_A|HCP|top|B,True
Pd3Zr,L12,111,4,111,hollow|A_A_A|HCP|hollow|A_A_B|FCC|hollow|A_A_B|HCP|top|B,True
PdPt3,L12,111,6,111,bridge|A_A|A|bridge|A_B|A|hollow|A_A_A|FCC|hollow|A_A_A|HCP|hollow|A_A_B|FCC|hollow|A_A_B|HCP,True
PdRe3,L12,111,3,111,hollow|A_A_A|FCC|hollow|A_A_A|HCP|hollow|A_A_B|FCC,True
PdRh3,L12,111,4,111,hollow|A_A_A|FCC|hollow|A_A_A|HCP|hollow|A_A_B|FCC|hollow|A_A_B|HCP,True
PdRu3,L12,111,4,111,bridge|A_B|A|hollow|A_A_A|FCC|hollow|A_A_A|HCP|hollow|A_A_B|FCC,True
PdSc3,L12,111,4,111,hollow|A_A_A|FCC|hollow|A_A_A|HCP|hollow|A_A_B|FCC|top|B,True
PdSn3,L12,111,3,111,bridge-tilt|A_A|B|bridge|A_A|A|top|B,True
PdTa3,L12,111,4,111,bridge|A_A|A|hollow|A_A_A|FCC|hollow|A_A_A|HCP|hollow|A_A_B|FCC,True
PdTc3,L12,111,4,111,hollow|A_A_A|FCC|hollow|A_A_A|HCP|hollow|A_A_B|FCC|top|B,True
PdTi3,L12,111,3,111,hollow|A_A_A|FCC|hollow|A_A_A|HCP|hollow|A_A_B|FCC,True
PdTl3,L12,111,3,111,hollow|A_A_A|FCC|hollow|A_A_A|HCP|top|B,True
PdV3,L12,111,1,111,hollow|A_A_A|HCP,True
PdW3,L12,111,3,111,hollow|A_A_A|FCC|hollow|A_A_A|HCP|top|B,True
PdY3,L12,111,3,111,hollow|A_A_A|FCC|hollow|A_A_A|HCP|top|B,True
PdZn3,L12,111,6,111,bridge|A_A|B|bridge|A_B|A|hollow|A_A_A|FCC|hollow|A_A_A|HCP|hollow|A_A_B|FCC|hollow|A_A_B|HCP,True
PdZr3,L12,111,3,111,bridge|A_A|A|hollow|A_A_A|FCC|hollow|A_A_A|HCP,True
Pt3Re,L12,111,6,111,hollow|A_A_A|FCC|hollow|A_A_A|HCP|hollow|A_A_B|FCC|hollow|A_A_B|HCP|top|A|top|B,True
Pt3Rh,L12,111,7,111,bridge|A_A|A|bridge|A_B|A|hollow|A_A_A|HCP|hollow|A_A_B|FCC|hollow|A_A_B|HCP|top|A|top|B,True
Pt3Ru,L12,111,6,111,bridge|A_B|A|hollow|A_A_A|FCC|hollow|A_A_A|HCP|hollow|A_A_B|FCC|hollow|A_A_B|HCP|top|A,True
Pt3Sc,L12,111,2,111,bridge|A_A|A|bridge|A_A|B,True
Pt3Sn,L12,111,3,111,hollow|A_A_A|FCC|hollow|A_A_A|HCP|top|A,True
Pt3Ta,L12,111,5,111,bridge|A_B|A|hollow|A_A_A|FCC|hollow|A_A_A|HCP|hollow|A_A_B|FCC|hollow|A_A_B|HCP,True
Pt3Tc,L12,111,5,111,bridge|A_B|A|hollow|A_A_A|FCC|hollow|A_A_A|HCP|hollow|A_A_B|FCC|hollow|A_A_B|HCP,True
Pt3Ti,L12,111,7,111,bridge-tilt|A_A|B|bridge|A_A|B|hollow|A_A_A|FCC|hollow|A_A_A|HCP|hollow|A_A_B|HCP|top|A|top|B,True
Pt3Tl,L12,111,3,111,hollow|A_A_A|FCC|hollow|A_A_A|HCP|top|A,True
Pt3V,L12,111,5,111,bridge|A_A|B|hollow|A_A_B|FCC|hollow|A_A_B|HCP|top|A|top|B,True
Pt3W,L12,111,6,111,hollow|A_A_A|FCC|hollow|A_A_A|HCP|hollow|A_A_B|FCC|hollow|A_A_B|HCP|top|A|top|B,True
Pt3Y,L12,111,5,111,bridge|A_A|A|bridge|A_A|B|top-tilt|A|top|A|top|B,True
Pt3Zn,L12,111,3,111,bridge|A_A|A|bridge|A_A|B|top-tilt|A,True
Pt3Zr,L12,111,3,111,bridge|A_A|B|hollow|A_A_B|HCP|top-tilt|A,True
PtRe3,L12,111,5,111,hollow|A_A_A|FCC|hollow|A_A_A|HCP|hollow|A_A_B|FCC|top|A|top|B,True
PtRh3,L12,111,5,111,bridge|A_B|A|hollow|A_A_A|FCC|hollow|A_A_A|HCP|hollow|A_A_B|FCC|hollow|A_A_B|HCP,True
PtRu3,L12,111,5,111,bridge|A_B|A|hollow|A_A_A|FCC|hollow|A_A_A|HCP|hollow|A_A_B|FCC|hollow|A_A_B|HCP,True
PtSc3,L12,111,2,111,hollow|A_A_A|FCC|hollow|A_A_A|HCP,True
PtSn3,L12,111,1,111,top|B,True
PtTa3,L12,111,3,111,hollow|A_A_A|FCC|hollow|A_A_A|HCP|hollow|A_A_B|FCC,True
PtTc3,L12,111,4,111,hollow|A_A_A|FCC|hollow|A_A_A|HCP|hollow|A_A_B|FCC|top|B,True
PtTi3,L12,111,4,111,hollow|A_A_A|FCC|hollow|A_A_A|HCP|hollow|A_A_B|FCC|hollow|A_A_B|HCP,True
PtTl3,L12,111,4,111,hollow|A_A_A|FCC|hollow|A_A_A|HCP|top-tilt|B|top|B,True
PtV3,L12,111,3,111,hollow|A_A_A|FCC|hollow|A_A_A|HCP|hollow|A_A_B|HCP,True
PtW3,L12,111,3,111,hollow|A_A_A|FCC|hollow|A_A_A|HCP|top|B,True
PtY3,L12,111,2,111,hollow|A_A_A|FCC|hollow|A_A_A|HCP,True
PtZn3,L12,111,4,111,bridge|A_A|A|hollow|A_A_A|FCC|hollow|A_A_A|HCP|top|B,True
PtZr3,L12,111,3,111,bridge|A_B|A|hollow|A_A_A|FCC|hollow|A_A_A|HCP,True
Re3Rh,L12,111,4,111,bridge|A_B|A|hollow|A_A_A|FCC|hollow|A_A_A|HCP|hollow|A_A_B|FCC,True
Re3Ru,L12,111,6,111,bridge|A_A|A|bridge|A_A|B|hollow|A_A_A|FCC|hollow|A_A_A|HCP|hollow|A_A_B|FCC|hollow|A_A_B|HCP,True
Re3Sc,L12,111,4,111,hollow|A_A_A|FCC|hollow|A_A_A|HCP|hollow|A_A_B|FCC|hollow|A_A_B|HCP,True
Re3Sn,L12,111,3,111,hollow|A_A_A|FCC|hollow|A_A_A|HCP|top-tilt|A,True
Re3Ta,L12,111,6,111,bridge|A_A|B|bridge|A_B|A|hollow|A_A_A|FCC|hollow|A_A_A|HCP|hollow|A_A_B|FCC|hollow|A_A_B|HCP,True
Re3Tc,L12,111,5,111,bridge|A_A|A|hollow|A_A_A|FCC|hollow|A_A_A|HCP|hollow|A_A_B|FCC|hollow|A_A_B|HCP,True
Re3Ti,L12,111,4,111,hollow|A_A_A|FCC|hollow|A_A_A|HCP|hollow|A_A_B|FCC|hollow|A_A_B|HCP,True
Re3V,L12,111,5,111,bridge|A_B|A|hollow|A_A_A|FCC|hollow|A_A_A|HCP|hollow|A_A_B|FCC|hollow|A_A_B|HCP,True
Re3W,L12,111,7,111,bridge|A_B|A|hollow|A_A_A|FCC|hollow|A_A_A|HCP|hollow|A_A_B|FCC|hollow|A_A_B|HCP|top|A|top|B,True
Re3Y,L12,111,6,111,bridge-tilt|A_A|A|bridge-tilt|A_B|B|bridge|A_A|A|bridge|A_A|B|hollow|A_A_A|FCC|hollow|A_A_A|HCP,True
Re3Zn,L12,111,4,111,hollow|A_A_A|FCC|hollow|A_A_A|HCP|top|A|top|B,True
Re3Zr,L12,111,5,111,bridge|A_A|B|hollow|A_A_A|FCC|hollow|A_A_A|HCP|hollow|A_A_B|FCC|hollow|A_A_B|HCP,True
ReRh3,L12,111,6,111,bridge|A_A|B|bridge|A_B|A|hollow|A_A_A|FCC|hollow|A_A_A|HCP|hollow|A_A_B|FCC|hollow|A_A_B|HCP,True
ReRu3,L12,111,6,111,bridge|A_A|A|bridge|A_A|B|hollow|A_A_A|FCC|hollow|A_A_A|HCP|hollow|A_A_B|FCC|hollow|A_A_B|HCP,True
ReSc3,L12,111,4,111,hollow|A_A_A|FCC|hollow|A_A_A|HCP|hollow|A_A_B|FCC|hollow|A_A_B|HCP,True
ReSn3,L12,111,1,111,top|B,True
ReTa3,L12,111,2,111,bridge|A_B|A|hollow|A_A_A|HCP,True
ReTc3,L12,111,5,111,bridge|A_A|B|bridge|A_B|A|hollow|A_A_A|FCC|top|A|top|B,True
ReTi3,L12,111,2,111,hollow|A_A_A|FCC|hollow|A_A_A|HCP,True
ReTl3,L12,111,1,111,hollow|A_A_A|HCP,True
ReV3,L12,111,2,111,hollow|A_A_A|FCC|hollow|A_A_A|HCP,True
ReW3,L12,111,7,111,bridge|A_A|A|hollow|A_A_A|FCC|hollow|A_A_A|HCP|hollow|A_A_B|FCC|hollow|A_A_B|HCP|top|A|top|B,True
ReY3,L12,111,5,111,hollow-tilt|A_A_B|FCC|hollow-tilt|A_A_B|HCP|hollow|A_A_A|FCC|hollow|A_A_A|HCP|top|B,True
ReZn3,L12,111,2,111,top|A|top|B,True
ReZr3,L12,111,3,111,hollow|A_A_A|FCC|hollow|A_A_A|HCP|hollow|A_A_B|HCP,True
Rh3Ru,L12,111,5,111,bridge|A_B|A|hollow|A_A_A|FCC|hollow|A_A_A|HCP|hollow|A_A_B|FCC|hollow|A_A_B|HCP,True
Rh3Sc,L12,111,2,111,bridge|A_A|B|hollow|A_A_B|HCP,True
Rh3Sn,L12,111,3,111,hollow|A_A_A|FCC|hollow|A_A_A|HCP|top|B,True
Rh3Ta,L12,111,2,111,hollow|A_A_B|FCC|hollow|A_A_B|HCP,True
Rh3Tc,L12,111,2,111,hollow|A_A_B|FCC|hollow|A_A_B|HCP,True
Rh3Ti,L12,111,2,111,hollow|A_A_B|FCC|hollow|A_A_B|HCP,True
Rh3Tl,L12,111,3,111,hollow|A_A_A|FCC|hollow|A_A_A|HCP|top|A,True
Rh3V,L12,111,4,111,hollow|A_A_A|FCC|hollow|A_A_A|HCP|hollow|A_A_B|FCC|hollow|A_A_B|HCP,True
Rh3W,L12,111,4,111,hollow|A_A_A|FCC|hollow|A_A_A|HCP|hollow|A_A_B|FCC|hollow|A_A_B|HCP,True
Rh3Y,L12,111,4,111,bridge|A_A|A|bridge|A_A|B|hollow|A_A_A|FCC|hollow|A_A_A|HCP,True
Rh3Zn,L12,111,3,111,bridge|A_A|A|hollow|A_A_A|FCC|hollow|A_A_A|HCP,True
Rh3Zr,L12,111,2,111,hollow|A_A_B|FCC|hollow|A_A_B|HCP,True
RhRu3,L12,111,6,111,bridge|A_A|B|bridge|A_B|A|hollow|A_A_A|FCC|hollow|A_A_A|HCP|hollow|A_A_B|FCC|hollow|A_A_B|HCP,True
RhSc3,L12,111,2,111,hollow|A_A_A|FCC|hollow|A_A_A|HCP,True
RhSn3,L12,111,2,111,bridge|A_A|A|top|B,True
RhTa3,L12,111,3,111,bridge|A_A|A|hollow|A_A_A|HCP|hollow|A_A_B|HCP,True
RhTc3,L12,111,4,111,bridge|A_B|A|hollow|A_A_A|FCC|hollow|A_A_A|HCP|top|B,True
RhTi3,L12,111,1,111,hollow|A_A_A|HCP,True
RhTl3,L12,111,2,111,hollow|A_A_A|FCC|top|B,True
RhV3,L12,111,2,111,hollow|A_A_A|HCP|hollow|A_A_B|HCP,True
RhW3,L12,111,5,111,hollow|A_A_A|FCC|hollow|A_A_A|HCP|hollow|A_A_B|FCC|hollow|A_A_B|HCP|top|B,True
RhY3,L12,111,1,111,top|B,True
RhZn3,L12,111,2,111,bridge|A_A|B|top|B,True
RhZr3,L12,111,2,111,hollow|A_A_A|FCC|hollow|A_A_A|HCP,True
Ru3Sc,L12,111,3,111,bridge|A_A|B|hollow|A_A_B|FCC|hollow|A_A_B|HCP,True
Ru3Sn,L12,111,4,111,hollow|A_A_A|FCC|hollow|A_A_A|HCP|top|A|top|B,True
Ru3Ta,L12,111,3,111,hollow|A_A_B|FCC|hollow|A_A_B|HCP|top|B,True
Ru3Tc,L12,111,2,111,hollow|A_A_B|FCC|hollow|A_A_B|HCP,True
Ru3Ti,L12,111,2,111,hollow|A_A_B|FCC|hollow|A_A_B|HCP,True
Ru3Tl,L12,111,3,111,hollow|A_A_A|FCC|hollow|A_A_A|HCP|top|A,True
Ru3V,L12,111,4,111,hollow|A_A_A|FCC|hollow|A_A_A|HCP|hollow|A_A_B|FCC|hollow|A_A_B|HCP,True
Ru3W,L12,111,4,111,hollow|A_A_A|FCC|hollow|A_A_A|HCP|hollow|A_A_B|FCC|hollow|A_A_B|HCP,True
Ru3Y,L12,111,4,111,bridge|A_A|A|bridge|A_A|B|hollow|A_A_A|FCC|hollow|A_A_A|HCP,True
Ru3Zn,L12,111,3,111,hollow|A_A_A|FCC|hollow|A_A_A|HCP|top|B,True
Ru3Zr,L12,111,1,111,hollow|A_A_B|HCP,True
RuSc3,L12,111,3,111,hollow|A_A_A|FCC|hollow|A_A_A|HCP|hollow|A_A_B|HCP,True
RuSn3,L12,111,1,111,top|B,True
RuTa3,L12,111,2,111,hollow|A_A_A|HCP|hollow|A_A_B|HCP,True
RuTc3,L12,111,6,111,bridge|A_B|A|hollow|A_A_A|FCC|hollow|A_A_A|HCP|hollow|A_A_B|FCC|hollow|A_A_B|HCP|top|B,True
RuTi3,L12,111,2,111,hollow|A_A_A|FCC|hollow|A_A_A|HCP,True
RuTl3,L12,111,2,111,hollow-tilt|A_A_A|FCC|hollow|A_A_A|HCP,True
RuV3,L12,111,1,111,hollow|A_A_A|HCP,True
RuW3,L12,111,6,111,bridge|A_A|A|bridge|A_B|A|hollow|A_A_A|FCC|hollow|A_A_A|HCP|hollow|A_A_B|HCP|top|B,True
RuY3,L12,111,3,111,hollow|A_A_A|FCC|hollow|A_A_A|HCP|top|B,True
RuZn3,L12,111,1,111,top|B,True
RuZr3,L12,111,2,111,hollow|A_A_A|HCP|top|B,True
Sc3Sn,L12,111,2,111,hollow|A_A_A|FCC|hollow|A_A_A|HCP,True
Sc3Ta,L12,111,3,111,bridge|A_B|A|hollow|A_A_A|FCC|hollow|A_A_A|HCP,True
Sc3Tc,L12,111,3,111,hollow|A_A_A|FCC|hollow|A_A_A|HCP|hollow|A_A_B|HCP,True
Sc3Ti,L12,111,3,111,hollow|A_A_A|FCC|hollow|A_A_A|HCP|hollow|A_A_B|FCC,True
Sc3Tl,L12,111,2,111,hollow|A_A_A|FCC|hollow|A_A_A|HCP,True
Sc3V,L12,111,3,111,bridge|A_B|A|hollow|A_A_A|FCC|hollow|A_A_A|HCP,True
Sc3W,L12,111,3,111,hollow|A_A_A|FCC|hollow|A_A_A|HCP|hollow|A_A_B|HCP,True
Sc3Y,L12,111,2,111,hollow|A_A_B|FCC|hollow|A_A_B|HCP,True
Sc3Zn,L12,111,2,111,hollow|A_A_A|FCC|hollow|A_A_A|HCP,True
Sc3Zr,L12,111,3,111,bridge|A_A|B|bridge|A_B|A|hollow|A_A_A|FCC,True
ScSn3,L12,111,7,111,bridge|A_A|B|bridge|A_B|A|hollow|A_A_A|FCC|hollow|A_A_A|HCP|top-tilt|B|top|A|top|B,True
ScTa3,L12,111,3,111,hollow|A_A_A|FCC|hollow|A_A_B|FCC|hollow|A_A_B|HCP,True
ScTc3,L12,111,6,111,bridge|A_A|B|hollow|A_A_A|FCC|hollow|A_A_A|HCP|hollow|A_A_B|FCC|hollow|A_A_B|HCP|top|B,True
ScTi3,L12,111,4,111,hollow|A_A_A|FCC|hollow|A_A_A|HCP|hollow|A_A_B|FCC|hollow|A_A_B|HCP,True
ScTl3,L12,111,3,111,bridge-tilt|A_B|A|hollow-tilt|A_A_B|FCC|top-tilt|B,True
ScV3,L12,111,5,111,bridge|A_A|B|hollow|A_A_A|FCC|hollow|A_A_A|HCP|hollow|A_A_B|HCP|top|B,True
ScW3,L12,111,5,111,bridge|A_A|B|hollow|A_A_A|FCC|hollow|A_A_A|HCP|hollow|A_A_B|FCC|hollow|A_A_B|HCP,True
ScY3,L12,111,4,111,hollow|A_A_A|FCC|hollow|A_A_A|HCP|hollow|A_A_B|FCC|top|B,True
ScZn3,L12,111,3,111,bridge|A_B|A|hollow|A_A_B|FCC|hollow|A_A_B|HCP,True
ScZr3,L12,111,2,111,bridge|A_A|B|hollow|A_A_B|HCP,True
Sn3Ta,L12,111,2,111,bridge|A_A|A|hollow|A_A_A|HCP,True
Sn3Tc,L12,111,2,111,bridge|A_A|B|top|B,True
Sn3Ti,L12,111,4,111,bridge|A_A|A|bridge|A_A|B|top|A|top|B,True
Sn3Tl,L12,111,3,111,bridge|A_A|A|bridge|A_A|B|top|A,True
Sn3V,L12,111,3,111,bridge|A_A|B|top|A|top|B,True
Sn3W,L12,111,2,111,bridge|A_A|B|top|B,True
Sn3Y,L12,111,3,111,bridge|A_A|B|bridge|A_B|A|hollow|A_A_B|HCP,True
Sn3Zn,L12,111,6,111,bridge|A_A|A|bridge|A_A|B|hollow-tilt|A_A_B|FCC|hollow|A_A_A|FCC|hollow|A_A_A|HCP|top|B,True
Sn3Zr,L12,111,6,111,bridge|A_A|A|bridge|A_A|B|hollow|A_A_A|FCC|hollow|A_A_A|HCP|top|A|top|B,True
SnTa3,L12,111,2,111,hollow|A_A_A|FCC|hollow|A_A_A|HCP,True
SnTc3,L12,111,3,111,hollow|A_A_A|FCC|hollow|A_A_A|HCP|top|A,True
SnTi3,L12,111,2,111,hollow|A_A_A|FCC|hollow|A_A_A|HCP,True
SnTl3,L12,111,4,111,hollow|A_A_A|FCC|hollow|A_A_A|HCP|top|A|top|B,True
SnV3,L12,111,2,111,hollow|A_A_A|FCC|hollow|A_A_A|HCP,True
SnW3,L12,111,2,111,hollow|A_A_A|FCC|hollow|A_A_A|HCP,True
SnY3,L12,111,4,111,hollow|A_A_A|FCC|hollow|A_A_A|HCP|top|A|top|B,True
SnZn3,L12,111,3,111,bridge-tilt|A_A|B|bridge|A_A|A|bridge|A_A|B,True
SnZr3,L12,111,2,111,hollow|A_A_A|FCC|hollow|A_A_A|HCP,True
Ta3Tc,L12,111,2,111,hollow|A_A_A|HCP|hollow|A_A_B|HCP,True
Ta3Ti,L12,111,2,111,hollow|A_A_A|HCP|hollow|A_A_B|HCP,True
Ta3Tl,L12,111,2,111,hollow|A_A_A|FCC|hollow|A_A_A|HCP,True
Ta3V,L12,111,4,111,hollow|A_A_A|FCC|hollow|A_A_A|HCP|hollow|A_A_B|FCC|hollow|A_A_B|HCP,True
Ta3W,L12,111,6,111,bridge|A_A|A|hollow|A_A_A|FCC|hollow|A_A_A|HCP|hollow|A_A_B|FCC|hollow|A_A_B|HCP|top|B,True
Ta3Y,L12,111,4,111,bridge|A_A|B|hollow|A_A_A|FCC|hollow|A_A_A|HCP|hollow|A_A_B|HCP,True
Ta3Zn,L12,111,2,111,hollow|A_A_A|FCC|hollow|A_A_A|HCP,True
Ta3Zr,L12,111,2,111,hollow|A_A_B|FCC|hollow|A_A_B|HCP,True
TaTc3,L12,111,5,111,bridge|A_B|A|hollow|A_A_A|FCC|hollow|A_A_A|HCP|hollow|A_A_B|FCC|hollow|A_A_B|HCP,True
TaTi3,L12,111,4,111,hollow|A_A_A|FCC|hollow|A_A_A|HCP|hollow|A_A_B|FCC|hollow|A_A_B|HCP,True
TaTl3,L12,111,2,111,hollow|A_A_A|HCP|top|B,True
TaV3,L12,111,2,111,hollow|A_A_B|HCP|top|B,True
TaW3,L12,111,2,111,bridge|A_A|B|hollow|A_A_B|HCP,True
TaY3,L12,111,6,111,bridge|A_B|A|hollow|A_A_A|FCC|hollow|A_A_A|HCP|hollow|A_A_B|FCC|hollow|A_A_B|HCP|top|B,True
TaZn3,L12,111,3,111,bridge|A_B|A|hollow|A_A_B|FCC|hollow|A_A_B|HCP,True
TaZr3,L12,111,3,111,hollow|A_A_A|FCC|hollow|A_A_A|HCP|hollow|A_A_B|HCP,True
Tc3Ti,L12,111,4,111,hollow|A_A_A|FCC|hollow|A_A_A|HCP|hollow|A_A_B|FCC|hollow|A_A_B|HCP,True
Tc3Tl,L12,111,1,111,hollow|A_A_A|HCP,True
Tc3V,L12,111,3,111,bridge|A_B|A|hollow|A_A_B|FCC|hollow|A_A_B|HCP,True
Tc3W,L12,111,3,111,bridge|A_B|A|hollow|A_A_B|FCC|hollow|A_A_B|HCP,True
Tc3Y,L12,111,1,111,bridge|A_A|B,True
Tc3Zn,L12,111,3,111,bridge|A_A|A|hollow|A_A_A|FCC|hollow|A_A_A|HCP,True
Tc3Zr,L12,111,2,111,bridge|A_A|B|hollow|A_A_B|HCP,True
TcTi3,L12,111,3,111,hollow|A_A_A|FCC|hollow|A_A_A|HCP|hollow|A_A_B|HCP,True
TcTl3,L12,111,2,111,bridge|A_A|A|hollow|A_A_A|HCP,True
TcV3,L12,111,2,111,hollow|A_A_A|HCP|top|B,True
TcW3,L12,111,4,111,hollow|A_A_A|HCP|hollow|A_A_B|HCP|top|A|top|B,True
TcY3,L12,111,6,111,bridge|A_A|A|hollow-tilt|A_A_B|FCC|hollow-tilt|A_A_B|HCP|hollow|A_A_A|FCC|hollow|A_A_A|HCP|top|B,True
TcZn3,L12,111,5,111,bridge-tilt|A_B|A|hollow-tilt|A_A_B|HCP|hollow|A_A_A|FCC|hollow|A_A_A|HCP|top|B,True
TcZr3,L12,111,3,111,hollow|A_A_A|FCC|hollow|A_A_A|HCP|hollow|A_A_B|HCP,True
Ti3Tl,L12,111,2,111,hollow|A_A_A|FCC|hollow|A_A_A|HCP,True
Ti3V,L12,111,4,111,hollow|A_A_A|FCC|hollow|A_A_A|HCP|hollow|A_A_B|FCC|hollow|A_A_B|HCP,True
Ti3W,L12,111,3,111,hollow|A_A_A|FCC|hollow|A_A_A|HCP|hollow|A_A_B|HCP,True
Ti3Y,L12,111,4,111,bridge|A_A|B|hollow|A_A_A|HCP|hollow|A_A_B|HCP|top|B,True
Ti3Zn,L12,111,3,111,hollow|A_A_A|FCC|hollow|A_A_A|HCP|top|B,True
Ti3Zr,L12,111,4,111,hollow|A_A_A|FCC|hollow|A_A_A|HCP|hollow|A_A_B|FCC|hollow|A_A_B|HCP,True
TiTl3,L12,111,2,111,bridge|A_A|B|top|B,True
TiV3,L12,111,2,111,hollow|A_A_B|HCP|top|B,True
TiW3,L12,111,1,111,hollow|A_A_B|HCP,True
TiY3,L12,111,5,111,hollow|A_A_A|FCC|hollow|A_A_A|HCP|hollow|A_A_B|FCC|hollow|A_A_B|HCP|top|B,True
TiZn3,L12,111,6,111,bridge|A_B|A|hollow|A_A_A|HCP|hollow|A_A_B|FCC|hollow|A_A_B|HCP|top|A|top|B,True
TiZr3,L12,111,5,111,bridge|A_A|A|hollow|A_A_A|FCC|hollow|A_A_A|HCP|hollow|A_A_B|FCC|hollow|A_A_B|HCP,True
Tl3V,L12,111,1,111,hollow|A_A_A|HCP,True
Tl3W,L12,111,3,111,bridge|A_A|A|hollow|A_A_A|HCP|top|B,True
Tl3Y,L12,111,3,111,bridge|A_B|A|hollow|A_A_B|FCC|hollow|A_A_B|HCP,True
Tl3Zn,L12,111,3,111,bridge-tilt|A_B|A|bridge|A_A|B|hollow|A_A_A|FCC,True
Tl3Zr,L12,111,2,111,bridge|A_A|B|top|B,True
TlV3,L12,111,3,111,hollow|A_A_A|FCC|hollow|A_A_A|HCP|top|B,True
TlW3,L12,111,2,111,hollow|A_A_A|FCC|hollow|A_A_A|HCP,True
TlY3,L12,111,2,111,hollow|A_A_A|FCC|hollow|A_A_A|HCP,True
TlZn3,L12,111,4,111,bridge|A_A|A|bridge|A_A|B|top-tilt|A|top|B,True
TlZr3,L12,111,2,111,hollow|A_A_A|FCC|hollow|A_A_A|HCP,True
V3W,L12,111,2,111,hollow|A_A_A|HCP|top|B,True
V3Y,L12,111,3,111,bridge-tilt|A_A|A|bridge|A_A|B|top|B,True
V3Zn,L12,111,2,111,hollow|A_A_A|FCC|hollow|A_A_A|HCP,True
V3Zr,L12,111,5,111,hollow|A_A_A|FCC|hollow|A_A_A|HCP|hollow|A_A_B|FCC|hollow|A_A_B|HCP|top|B,True
VW3,L12,111,5,111,hollow|A_A_A|FCC|hollow|A_A_A|HCP|hollow|A_A_B|FCC|hollow|A_A_B|HCP|top|B,True
VY3,L12,111,4,111,hollow|A_A_A|FCC|hollow|A_A_A|HCP|hollow|A_A_B|FCC|top|B,True
VZn3,L12,111,3,111,bridge|A_B|A|hollow|A_A_B|FCC|hollow|A_A_B|HCP,True
VZr3,L12,111,3,111,hollow|A_A_A|FCC|hollow|A_A_A|HCP|hollow|A_A_B|HCP,True
W3Y,L12,111,4,111,bridge|A_A|B|hollow|A_A_A|HCP|hollow|A_A_B|HCP|top-tilt|A,True
W3Zn,L12,111,3,111,hollow|A_A_A|FCC|hollow|A_A_A|HCP|top|B,True
W3Zr,L12,111,3,111,hollow|A_A_A|FCC|hollow|A_A_A|HCP|top|B,True
WY3,L12,111,4,111,hollow|A_A_A|FCC|hollow|A_A_A|HCP|hollow|A_A_B|HCP|top|B,True
WZn3,L12,111,5,111,bridge|A_B|A|hollow|A_A_A|FCC|hollow|A_A_A|HCP|hollow|A_A_B|FCC|hollow|A_A_B|HCP,True
WZr3,L12,111,2,111,hollow|A_A_A|FCC|hollow|A_A_A|HCP,True
Y3Zn,L12,111,4,111,hollow|A_A_A|FCC|hollow|A_A_A|HCP|hollow|A_A_B|FCC|top|B,True
Y3Zr,L12,111,4,111,hollow|A_A_A|FCC|hollow|A_A_A|HCP|hollow|A_A_B|FCC|top|B,True
YZn3,L12,111,5,111,bridge|A_B|A|hollow|A_A_A|FCC|hollow|A_A_A|HCP|hollow|A_A_B|FCC|hollow|A_A_B|HCP,True
YZr3,L12,111,2,111,hollow|A_A_B|FCC|hollow|A_A_B|HCP,True
Zn3Zr,L12,111,5,111,bridge|A_B|A|hollow|A_A_A|FCC|hollow|A_A_A|HCP|hollow|A_A_B|FCC|hollow|A_A_B|HCP,True
ZnZr3,L12,111,2,111,hollow|A_A_A|FCC|hollow|A_A_A|HCP,True
