comp,structure,facet,y_true,pred_base,pred_lin,pred_strat,has_3d_or_Ln
Ag,A1,111,0.3381553230438214,0.45114797353744507,0.4375768544460783,0.44239606001920956,False
Al,A1,111,0.3025029679320425,0.2583392858505249,0.24449557644787753,0.24798931967816287,False
Au,A1,111,0.322403197239538,0.11052030324935913,0.10142386128464224,0.10176838973112362,False
Bi,A1,111,0.9373754384442066,0.8067557215690613,0.7885131386038677,0.7980038080508258,False
Cd,A1,111,0.8254392339413528,0.7884547710418701,0.7700447660834314,0.7818481925122962,False
Co,A1,111,-0.4487178968547312,-0.15863223373889923,-0.1698842321692613,-0.15492457199727752,True
Cr,A1,111,-0.8785783046577933,-1.322441816329956,-1.3021938247163654,-1.3187341545883344,True
Cu,A1,111,-0.0535604389505977,-0.08430247753858566,-0.09083961761157765,-0.08003687651811703,True
Fe,A1,111,-0.9568485850604418,-0.1622173935174942,-0.16866764683962007,-0.15615139296622124,True
Ga,A1,111,0.6488109577412899,0.5458018183708191,0.5269044700337524,0.535451852198457,False
Hf,A1,111,-0.996874897958122,-1.012817621231079,-1.0071572628691525,-1.0215695347493146,False
In,A1,111,0.8628978808419845,0.6937819719314575,0.6594582963181664,0.6796257184286687,False
Ir,A1,111,-0.3241198273562702,-0.27540668845176697,-0.27986705522128996,-0.285756654624129,False
La,A1,111,-0.6875738460575747,-0.8026521801948547,-0.7997526735600405,-0.798386579174386,True
Mo,A1,111,-0.989086999957152,-0.7788287997245789,-0.776252734131266,-0.7854353782541528,False
Nb,A1,111,-0.9435531028566118,-0.992041826248169,-0.9866543904427669,-1.0007937397664044,False
Os,A1,111,-0.258513452957203,-0.49951159954071045,-0.5005424992042801,-0.5061260026556461,False
Pb,A1,111,0.7541599663427689,0.8024666905403137,0.7842804507049181,0.7937147770220783,False
Pd,A1,111,-0.2897280394563211,0.017254680395126343,0.009383428236439109,0.00850276687689084,False
Pt,A1,111,-0.3123140323577615,-0.34750646352767944,-0.3538012113908296,-0.3541208666426151,False
Re,A1,111,-0.5119850445580312,-0.56416255235672,-0.5643959799363458,-0.5729144658749554,False
Rh,A1,111,-0.2842750142580996,-0.33320680260658264,-0.33973371777287975,-0.3473630561093714,False
Ru,A1,111,-0.4111656428567301,-0.49417829513549805,-0.49539388398475936,-0.5007926982504337,False
Sc,A1,111,-1.0030774607575663,-0.9758861064910889,-0.9650180869733588,-0.9721784447494671,True
Sn,A1,111,0.4576520744422225,0.7468774318695068,0.7026848152334062,0.7402630287545712,False
Ta,A1,111,-1.0196725954583314,-0.955457329750061,-0.9479622936080787,-0.9658072959224231,False
Tc,A1,111,-0.5594789777596532,-0.574005126953125,-0.5740145284874848,-0.5881613804559138,False
Ti,A1,111,-1.0104374598585937,-0.9935231804847717,-0.9880723374703604,-0.9920383798226603,True
Tl,A1,111,0.952849191839988,0.7054300308227539,0.6707910856459571,0.6912737773199651,False
V,A1,111,-0.9956605899596696,-1.064688801765442,-1.0514172240893485,-1.0609811400238203,True
W,A1,111,-0.8795113830592243,-1.0698879957199097,-1.0511670972215166,-1.0765023988348452,False
Y,A1,111,-0.9701319580571806,-0.9388858079910278,-0.9341665643982549,-0.9454923865206017,False
Zn,A1,111,0.5527372213337287,0.5332332849502563,0.5185838469275409,0.537498885970725,True
Zr,A1,111,-0.9923391684578462,-0.9810400009155273,-0.9653958560700325,-0.987654404030463,False
AgAl,L10,101,0.3565099457419194,0.2675509452819824,0.24476375578868928,0.25339469177919366,False
AgAu,L10,101,0.319611853440648,0.3149935305118561,0.3032110129494934,0.30624161699362057,False
AgBi,L10,101,0.5529278370459281,0.5874119997024536,0.56778313748564,0.5770620335300916,False
AgCd,L10,101,0.5179861071456173,0.7214847803115845,0.6864112928723581,0.7073285268087957,False
AgCo,L10,101,-0.2369697921594422,-0.2559187412261963,-0.260201433300191,-0.25165314020572765,True
AgCu,L10,101,0.0519798657487911,0.04217454046010971,0.025487450686072326,0.04588220220173141,True
AgFe,L10,101,-0.307076657357328,-0.011096944101154804,-0.018595753335491294,-0.006831343080686165,True
AgGa,L10,101,0.5760452682452808,0.5544342994689941,0.53915785005761,0.5478277209394202,False
AgHf,L10,101,-0.7885401892626476,-0.6948571801185608,-0.6915955667648775,-0.7090134336213496,False
AgHg,L10,101,0.8759339024409485,0.7406973242759705,0.7233225216620929,0.731945410757735,False
AgIn,L10,101,0.6587715486394075,0.657039999961853,0.6361870659679225,0.646690033789491,False
AgIr,L10,101,-0.3156479711605868,-0.2873212993144989,-0.29509016412486444,-0.30147755281728766,False
AgLa,L10,101,-0.557652413556724,-0.5467110872268677,-0.5471737670917733,-0.542445486206399,True
AgMn,L10,101,2.436977796141065,0.4935700297355652,0.47559092489391075,0.4996360302868382,True
AgMo,L10,101,-0.6168012543630255,-0.5504952669143677,-0.5511409927823928,-0.5646515204171565,False
AgNb,L10,101,-0.65941591425414,-0.6762584447860718,-0.6735002299148956,-0.6904146982888606,False
AgNi,L10,101,-0.291363443763629,-0.28106293082237244,-0.28501531464525237,-0.2767973298019038,True
AgOs,L10,101,0.2189407537453291,-0.43989405035972595,-0.4414627020626975,-0.450244016532088,False
AgPb,L10,101,0.6026781380433306,0.5483602285385132,0.5110421455579729,0.5417458254235775,False
AgPd,L10,101,-0.1992359022615062,-0.2046475112438202,-0.20960373110216465,-0.2133994247620557,False
AgPt,L10,101,-0.340017534158477,-0.25456666946411133,-0.2593934072191909,-0.2649166356364734,False
AgRe,L10,101,-0.6132330256577632,-0.3887285590171814,-0.39359581002847027,-0.39534296213211706,False
AgRh,L10,101,-0.2951587514607752,-0.3553820550441742,-0.3584759801433731,-0.3619886335737481,False
AgRu,L10,101,-0.2220487019576182,-0.41445374488830566,-0.41646964137516856,-0.4248037110606677,False
AgSc,L10,101,-0.7761592817577991,-0.7307069301605225,-0.7237316718957826,-0.7343064580570877,True
AgSn,L10,101,0.6815708787480901,0.6408891081809998,0.6244550209630244,0.6342825296514258,False
AgTa,L10,101,-0.7509863026561732,-0.5924665927886963,-0.5919763112144821,-0.6066228462914851,False
AgTc,L10,101,-0.4841148731565852,-0.3177315890789032,-0.3250574232814418,-0.32434599219383886,False
AgTi,L10,101,-0.6904830151533758,-0.7703145742416382,-0.7678525149073147,-0.7688297735795268,True
AgTl,L10,101,0.5993133143429361,0.7040737271308899,0.6694714920426071,0.6899174736281011,False
AgV,L10,101,-0.6302911619559097,-0.6251861453056335,-0.6246179325624883,-0.6209205442851649,True
AgW,L10,101,-0.7226739462630292,-0.7189439535140991,-0.7171440853406114,-0.7276958670323346,False
AgY,L10,101,-0.8020107766596709,-0.7018442749977112,-0.698807798364464,-0.7121942411700732,False
AgZn,L10,101,0.4393295612399299,0.3767210841178894,0.3453467634669231,0.3731215562213242,True
AgZr,L10,101,-0.7236569574588145,-0.7978574633598328,-0.7950266022177095,-0.8044640418894067,False
AlAu,L10,101,0.2635778996418878,0.2822580933570862,0.25907283615162546,0.2681018398542974,False
AlBi,L10,101,-0.007878648058039,0.3655804395675659,0.35313338384637405,0.3568285260493304,False
AlCd,L10,101,0.3112805440423756,0.3439226448535919,0.3314649657771538,0.337316066324018,False
AlCo,L10,101,-0.5014731510591162,-0.4055480659008026,-0.4077205256993225,-0.3994820653495296,True
AlCr,L10,101,-0.5565228689583535,-0.5030574798583984,-0.5039655877781115,-0.5066570077549637,True
AlCu,L10,101,0.3316152029447323,0.22391557693481445,0.21306480348861953,0.2254003775969259,True
AlFe,L10,101,-0.4489709627586933,-0.4631294012069702,-0.4661397956093764,-0.45942173946534853,True
AlGa,L10,101,0.2968157887380869,0.3540516793727875,0.32346238683654777,0.3474372762578518,False
AlHf,L10,101,-0.7161285199590282,-0.716487467288971,-0.7147461578464829,-0.7230940458185449,False
AlHg,L10,101,0.3256716925634748,0.2800389230251312,0.2569137304938304,0.26588266952234246,False
AlIn,L10,101,0.2940169618423454,0.2826038599014282,0.2712468313138679,0.2738519463831927,False
AlIr,L10,101,-0.4380794703565414,-0.3648874759674072,-0.3677386933040323,-0.37363938948564274,False
AlLa,L10,101,-0.6369331886080261,-0.62078857421875,-0.6191770702305355,-0.6147225736674771,True
AlMn,L10,101,-0.4175079362603071,-0.2200067788362503,-0.2307167655743061,-0.22360630673281554,True
AlMo,L10,101,-0.5090157383574194,-0.46609899401664734,-0.46762063978797525,-0.47485090753488285,False
AlNb,L10,101,-0.5882064437582528,-0.5164047479629517,-0.5173425644567539,-0.5230113264925256,False
AlNi,L10,101,-0.1591562549574234,0.08583483844995499,0.06796602705017343,0.0895425001915767,True
AlOs,L10,101,-0.4702253664572424,-0.4513649046421051,-0.4530801057187038,-0.4601168181603406,False
AlPb,L10,101,0.3172568442433032,0.20655597746372223,0.19362262719943701,0.1962060112913602,False
AlPd,L10,101,0.1806880787417242,0.16352617740631104,0.14355455087230617,0.14936992390352224,False
AlPt,L10,101,0.1566234193424236,0.02375137060880661,0.015794774264564812,0.014999457090571107,False
AlRe,L10,101,-0.303342983356714,-0.5556808114051819,-0.555213912671095,-0.5660307775775439,False
AlRh,L10,101,-0.2053098912574285,-0.3368237018585205,-0.3434883874570241,-0.34343810497345617,False
AlRu,L10,101,-0.4789350501586966,-0.4038965404033661,-0.4062353126758072,-0.4126484539216016,False
AlSc,L10,101,-0.7062105147278714,-0.7532116174697876,-0.749272094447856,-0.7471456169185147,True
AlSn,L10,101,0.2672231366405242,0.3100283145904541,0.2809635252093518,0.30341391147551844,False
AlTa,L10,101,-0.6545292938580758,-0.5122984647750854,-0.513291264776846,-0.5189050433046594,False
AlTc,L10,101,-0.5566971579582685,-0.40947335958480835,-0.4118429971622725,-0.41607993811438226,False
AlTi,L10,101,-0.740299303758519,-0.6932488679885864,-0.6900307856530694,-0.6895412062469647,True
AlV,L10,101,-0.6535091391587855,-0.45387208461761475,-0.45564721920064594,-0.45238728395550326,True
AlW,L10,101,-0.7872179881587442,-0.462027907371521,-0.46506811510883106,-0.47618416087430976,False
AlY,L10,101,-0.7685483937375182,-0.73176109790802,-0.7247493344359873,-0.7383755010229557,False
AlZn,L10,101,0.4380779736393663,0.3859246075153351,0.3729045183121193,0.38740940817744657,True
AlZr,L10,101,-0.6815838041574978,-0.7034543752670288,-0.6999600678664554,-0.7176106287698176,False
AuBi,L10,101,0.4926344853420517,0.29309964179992676,0.264621082372147,0.2864852386849911,False
AuCd,L10,101,0.5153372149443669,0.5455624461174011,0.5304047916349207,0.5389558675878272,False
AuCo,L10,101,-0.0711847080592349,-0.150401309132576,-0.1618760880306624,-0.14669364739095428,True
AuCu,L10,101,0.164787242641097,0.2694152295589447,0.2582314542554627,0.27368083057941334,True
AuFe,L10,101,-0.1319357552556255,0.17802293598651886,0.16559120131735963,0.18408893653779182,True
AuHf,L10,101,-0.7750506899601248,-0.7262131571769714,-0.7243177966457087,-0.7349650706952069,False
AuHg,L10,101,0.5184404011424988,0.5526988506317139,0.5377937019632999,0.5439469371134784,False
AuIn,L10,101,0.5106184889419012,0.45072904229164124,0.43684121577167623,0.4441224637620673,False
AuIr,L10,101,-0.2504065013590377,-0.4087512493133545,-0.41323345772114456,-0.42290750281614325,False
AuLa,L10,101,-0.4661164475573685,-0.5364040732383728,-0.5370021518502428,-0.5321384722179041,True
AuMn,L10,101,2.735531848041348,0.6437606811523438,0.6231411997825516,0.6498266817036167,True
AuMo,L10,101,-0.5152569414594552,-0.5035615563392639,-0.5040109227418013,-0.513911522511626,False
AuNb,L10,101,-0.6223029880593174,-0.6186437606811523,-0.6155491838747856,-0.625258163796088,False
AuNi,L10,101,-0.1759625497570311,-0.04165661707520485,-0.048951354521257054,-0.04017181641309338,True
AuPb,L10,101,0.5020889446432477,0.34915560483932495,0.32415968120081756,0.3349993513365362,False
AuPd,L10,101,-0.1260632664588854,-0.06273344904184341,-0.07888971842267348,-0.06934785215677908,False
AuPt,L10,101,-0.2475212783601534,-0.216141939163208,-0.22110030216631674,-0.22274851769278192,False
AuRe,L10,101,0.915233807544638,-0.3440910279750824,-0.35032334770594703,-0.35824728147787116,False
AuRh,L10,101,-0.2423990074593973,-0.21663525700569153,-0.22143399907688097,-0.22538717052392704,False
AuSc,L10,101,-0.6233578373566786,-0.6025349497795105,-0.6012443475323042,-0.5964689492282376,True
AuSn,L10,101,0.5387188687427908,0.44548535346984863,0.41172976673197365,0.43887095035491297,False
AuTa,L10,101,-0.7162545086602847,-0.5418496131896973,-0.5424467206077531,-0.5484561917192712,False
AuTi,L10,101,-0.6281077205594272,-0.682019829750061,-0.6793318701478107,-0.6759538291987881,True
AuTl,L10,101,0.2780317704428228,0.35272979736328125,0.32218628082131584,0.3461153942483456,False
AuV,L10,101,-0.5488374218575416,-0.5166562795639038,-0.5175907280265328,-0.5151714789017924,True
AuW,L10,101,-0.6580915362564781,-0.4932515025138855,-0.49544660384303973,-0.5074077560166743,False
AuY,L10,101,-0.6962519645594227,-0.6058850884437561,-0.6032323369312406,-0.6124994915586918,False
AuZn,L10,101,0.524432211947925,0.43612468242645264,0.42243240962261835,0.4376094830885641,True
AuZr,L10,101,-0.6872889428586575,-0.7330811619758606,-0.7287849678230878,-0.7472374154786494,False
BiCu,L10,101,0.1744655155426073,0.5468997359275818,0.532070767699528,0.5511653369480505,True
BiGa,L10,101,0.8939351852395987,0.5355953574180603,0.5168774403550497,0.5252453912456982,False
BiHf,L10,101,-0.2824438241577525,-0.2490563988685608,-0.2578609519917828,-0.26321265237134955,False
BiHg,L10,101,0.4630864599394328,0.812536358833313,0.7660700122855126,0.8059219557183773,False
BiIn,L10,101,0.8237215154413491,0.7137888073921204,0.6967674902273562,0.7050368938738849,False
BiIr,L10,101,-0.4837907855607852,-0.1803572177886963,-0.19244024543845148,-0.18697162090363195,False
BiLa,L10,101,-0.3376018435583034,0.2554430067539215,0.244442778446904,0.25970860777439014,True
BiMn,L10,101,0.4562210277445331,1.6028916835784912,1.5735762937712305,1.6043764842406028,True
BiMo,L10,101,-0.620225126755912,-0.20467738807201385,-0.21038118765717906,-0.21502735424437588,False
BiNb,L10,101,-0.4183871360573619,-0.3078347444534302,-0.31504838671939556,-0.32199099795621894,False
BiOs,L10,101,-0.4789867517601749,-0.3711863160133362,-0.3766610445525191,-0.37780071912827184,False
BiPb,L10,101,0.759293666041259,0.6501724123954773,0.6339867960630344,0.6414204988772418,False
BiPd,L10,101,0.3205782656414442,0.4371333718299866,0.4234275925826585,0.43052679330041266,False
BiPt,L10,101,-0.0095305151580475,0.03241867199540138,0.022546684403788757,0.02206870582303934,False
BiRe,L10,101,-0.8045950418554355,-0.3557136058807373,-0.3617241452452013,-0.36232800899567297,False
BiRh,L10,101,0.0104566545424233,-0.032347336411476135,-0.03956698851121193,-0.04109924992971164,False
BiRu,L10,101,-0.0931523222561452,-0.10992784798145294,-0.11729736017487319,-0.12027781415381499,False
BiSc,L10,101,-0.3085979097586175,-0.17640623450279236,-0.18717715694316528,-0.17269857276117065,True
BiSn,L10,101,0.9018761473426196,0.7700127959251404,0.7250190152782365,0.7633983928102047,False
BiTc,L10,101,-0.3105365848559529,-0.5328035354614258,-0.5334489127675578,-0.5415554489796612,False
BiTi,L10,101,-0.1464761581582649,-0.16628257930278778,-0.17190856370078184,-0.16479777864067632,True
BiTl,L10,101,0.4887998571403216,0.765073299407959,0.7423211221161004,0.7547233332355969,False
BiV,L10,101,-0.4717083869572605,-0.18771550059318542,-0.19818032332912158,-0.18400783885156372,True
BiW,L10,101,-0.8800546583579205,-0.45371365547180176,-0.45633051092446364,-0.4603280585867374,False
BiY,L10,101,-0.2975915852611877,-0.24731996655464172,-0.25171561698080874,-0.25607188007287723,False
BiZr,L10,101,-0.1473950866556777,-0.2908211052417755,-0.2946453001837127,-0.299573018760011,False
CdCu,L10,101,0.1719347208427564,0.28498101234436035,0.27359275614204415,0.289246613364829,True
CdFe,L10,101,-0.354356572856858,-0.050223659723997116,-0.05864278143584902,-0.04415765917272415,True
CdGa,L10,101,0.6277596868394824,0.5699901580810547,0.5319230433989158,0.563375754966119,False
CdHf,L10,101,-0.8495894732577369,-0.7789483070373535,-0.770302478346647,-0.7855627101522892,False
CdHg,L10,101,0.8832392065424131,0.8849431276321411,0.865241134742102,0.8783365491025672,False
CdIn,L10,101,0.691230239744101,0.7422066330909729,0.7065722822888675,0.7280503795881841,False
CdIr,L10,101,-0.4416690599564106,-0.43023866415023804,-0.432231391433152,-0.43899057766847355,False
CdLa,L10,101,-0.5019433636580004,-0.5084577798843384,-0.5095020070085339,-0.506972979222227,True
CdMn,L10,101,0.579831324143953,0.7906778454780579,0.7537315595188177,0.7943855072196796,True
CdMo,L10,101,-0.6520467993604768,-0.3278844952583313,-0.33485874030858953,-0.33449889837326696,False
CdNb,L10,101,-0.7326810686599572,-0.753105878829956,-0.7508742455032481,-0.75971245735953,False
CdNi,L10,101,-0.3147166614571404,-0.32396239042282104,-0.3275691399093625,-0.31789638987154806,True
CdPb,L10,101,0.6613563580404218,0.6799262166023254,0.663349737522289,0.67117430308409,False
CdPd,L10,101,-0.0091910530563552,0.02943074144423008,0.019611282166601032,0.019080775271868036,False
CdPt,L10,101,-0.2506792955600474,-0.12419524788856506,-0.13822313142870513,-0.13080965100350073,False
CdRe,L10,101,-0.6615913283557973,-0.627898097038269,-0.6272942585681348,-0.6366500105565045,False
CdRh,L10,101,-0.4932215709586387,-0.37157872319221497,-0.3743483696619287,-0.381928689364577,False
CdRu,L10,101,-0.2779519050554597,-0.4476318061351776,-0.45045927244297507,-0.4542462092501133,False
CdSc,L10,101,-0.7526811636589343,-0.759619951248169,-0.7573010938951917,-0.7581351505860575,True
CdSn,L10,101,0.5711483075438366,0.6547690033912659,0.6381490631052391,0.648162424861692,False
CdTa,L10,101,-0.8513863769576062,-0.7888033986091614,-0.7829990110840089,-0.8029596521119502,False
CdTi,L10,101,-0.7743505410571458,-0.7952491044998169,-0.792453169521715,-0.7937643038377055,True
CdTl,L10,101,0.7361237169434673,0.6942538022994995,0.6727466434967132,0.6839038361271375,False
CdV,L10,101,-0.6743833998579873,-0.7177876234054565,-0.7112597531131641,-0.7213871513020218,True
CdW,L10,101,-0.818570536458509,-0.7197197675704956,-0.7179351773312086,-0.7263263461000695,False
CdY,L10,101,-0.7315892118594718,-0.6944636702537537,-0.6912127077462303,-0.7086199237565425,False
CdZn,L10,101,0.5824954546415313,0.5431139469146729,0.5059775395722358,0.5395144190181076,True
CdZr,L10,101,-0.7891495881585513,-0.7802452445030212,-0.7776502125844004,-0.7868518230325952,False
CoCr,L10,101,-0.8218424332580696,-0.7150866985321045,-0.7118174178997666,-0.7090206979808316,True
CoCu,L10,101,-0.3274339017579848,-0.27916136384010315,-0.28782286219193254,-0.28276089173666835,True
CoGa,L10,101,-0.2063212023558378,-0.2244289070367813,-0.22927630678110347,-0.22294410637466985,True
CoHf,L10,101,-0.7001018311557061,-0.6455214023590088,-0.6434750911555649,-0.6394554018077359,True
CoHg,L10,101,-0.2214588952546989,-0.331349641084671,-0.3379268226951746,-0.32764197934304934,True
CoIn,L10,101,-0.2371152370605784,-0.32713115215301514,-0.3304783578467098,-0.3228655511325465,True
CoIr,L10,101,-0.2903481870589246,-0.27713412046432495,-0.2815641186929509,-0.27106811991305196,True
CoLa,L10,101,-0.6657599762538382,-0.6102609038352966,-0.607456620416856,-0.6138604317318619,True
CoMo,L10,101,-0.7002693172607621,-0.6767831444740295,-0.6716752351005539,-0.6803826723705948,True
CoNi,L10,101,-0.3152359908626465,-0.32170942425727844,-0.32525422896661155,-0.32022462359516696,True
CoOs,L10,101,-0.3730498411595988,-0.3007667064666748,-0.30817165419149145,-0.2970590447250531,True
CoPb,L10,101,-0.2179570622601829,-0.034373801201581955,-0.041566832517291076,-0.030108200181113317,True
CoPd,L10,101,-0.2472205925577952,-0.23842042684555054,-0.2430804788582242,-0.23693562618343908,True
CoPt,L10,101,-0.2265422538611972,-0.31863388419151306,-0.3223343097001668,-0.3125678836402401,True
CoRe,L10,101,-0.5378762682584863,-0.532833993434906,-0.5339577441852559,-0.5291263316932843,True
CoRh,L10,101,-0.3271718561581735,-0.13220958411693573,-0.13811738942734422,-0.1279439830964671,True
CoRu,L10,101,-0.4108924406600351,-0.18644650280475616,-0.19180249042035208,-0.1849617021426447,True
CoSc,L10,101,-0.801564782158465,-0.8418636918067932,-0.8363656506344836,-0.8357976912555203,True
CoSn,L10,101,0.0906295548420814,0.03604348376393318,0.019522338855600112,0.039751145505554884,True
CoTi,L10,101,-0.6703603328560064,-0.7596002817153931,-0.7516244637291125,-0.7631998096119583,True
CoTl,L10,101,-0.3015377800611247,0.21914896368980408,0.20836201563150866,0.22063376435191553,True
CoV,L10,101,-0.7558862565628885,-0.7781379222869873,-0.7737601906978001,-0.7720719217357144,True
CoW,L10,101,-0.6961881538581736,-0.5255076289176941,-0.5256383014177517,-0.5291071568142593,True
CoY,L10,101,-0.7642674988591978,-0.35377830266952515,-0.35677545637006913,-0.3495127016490565,True
CoZn,L10,101,-0.2861415791548722,-0.408578097820282,-0.41085537051497933,-0.40431249679981335,True
CoZr,L10,101,-0.6983764933602004,-0.6045247912406921,-0.6031992072510188,-0.5984587906894192,True
CrCu,L10,101,-0.632293103458295,-0.6077829003334045,-0.6074433064283615,-0.6035172993129359,True
CrFe,L10,101,-0.6638087840537708,-0.8470953106880188,-0.8415052967892589,-0.8410293101367459,True
CrGa,L10,101,-0.3052468277591913,-0.35590624809265137,-0.3589514192704635,-0.3498402475413784,True
CrHf,L10,101,-0.9850956340551136,-0.8512377142906189,-0.8400885460667915,-0.8548372421871842,True
CrIr,L10,101,-0.5588404625586634,-0.5619116425514221,-0.5622483696585807,-0.5582039808098004,True
CrLa,L10,101,-0.7592103991582633,-0.42912396788597107,-0.4330547626932845,-0.4254163061443494,True
CrMn,L10,101,-2.308307951257092,-0.7341468930244446,-0.7321473104659592,-0.7298812920039759,True
CrMo,L10,101,-0.7782740143584022,-0.7544499635696411,-0.7522003328251712,-0.7529651629075297,True
CrNb,L10,101,-0.8770520181596737,-0.780114471912384,-0.7745452612654213,-0.7764068101707623,True
CrOs,L10,101,-0.6130424099564777,-0.6443443298339844,-0.643524444377273,-0.6400787288135157,True
CrPb,L10,101,-1.0139933075579108,-0.25880545377731323,-0.2635576730020926,-0.25273945322604024,True
CrPd,L10,101,-0.5999023047579328,-0.48661068081855774,-0.4880883316878414,-0.49021020871512294,True
CrPt,L10,101,-0.4320631693580878,-0.5029565095901489,-0.5040743992274158,-0.5014717089280375,True
CrRe,L10,101,-0.6340068763592797,-0.809390127658844,-0.804462977122885,-0.8033241271075711,True
CrRh,L10,101,-0.6004727913559407,-0.5977268815040588,-0.5953566438857294,-0.6013264094006241,True
CrRu,L10,101,-0.61795828245792,-0.6089604496955872,-0.6086589368665036,-0.6074756490334757,True
CrSc,L10,101,-0.9091928802581322,-0.8506144285202026,-0.843137046670266,-0.8469067667785809,True
CrSn,L10,101,-0.4243003057590329,-0.4868535101413727,-0.48832275197444064,-0.4904530380379379,True
CrTa,L10,101,-0.9064487482564516,-0.9772849678993225,-0.972051556038602,-0.9758001672372111,True
CrTc,L10,101,-0.5766187480612359,-0.6591198444366455,-0.656825507633196,-0.6554121826950238,True
CrTi,L10,101,-0.941223808359581,-0.9807583093643188,-0.975519100198478,-0.9764927083438502,True
CrTl,L10,101,-0.1442355728567861,-0.07891128957271576,-0.08551925133044036,-0.07464568855224712,True
CrV,L10,101,-0.8788667453581809,-1.0120391845703125,-1.0035494300488799,-1.0059731840190396,True
CrW,L10,101,-0.7321943930573696,-0.864457368850708,-0.852850411787106,-0.8680568967472733,True
CrZn,L10,101,-0.6304055857608262,-0.4999774098396301,-0.5004897861312768,-0.49391140928835714,True
CrZr,L10,101,-0.959658568556705,-0.8612898588180542,-0.8535235328374561,-0.8575821970764325,True
CuFe,L10,101,-0.4068556317569971,-0.1569795310497284,-0.16987211420187612,-0.16057905894629362,True
CuGa,L10,101,0.40488185414236,0.36997190117836,0.35716542017402003,0.37145670184047147,True
CuHf,L10,101,-0.900437073351867,-0.7323481440544128,-0.7280717899661772,-0.7286404823127911,True
CuHg,L10,101,0.1518510867399811,0.4590771794319153,0.4454018978213425,0.4633427804523839,True
CuIn,L10,101,0.5264374187400165,0.3256467282772064,0.3134337653975204,0.3271315289393179,True
CuIr,L10,101,-0.3816852377558177,-0.316707044839859,-0.3236805469849489,-0.3129993830982373,True
CuLa,L10,101,-0.4418257975548556,-0.5558360815048218,-0.5561788903001169,-0.5515704804843531,True
CuMn,L10,101,1.2319306414438245,-0.278185099363327,-0.2825966212088338,-0.27211909881205404,True
CuMo,L10,101,-0.6376167385596716,-0.5568651556968689,-0.5573384724042965,-0.5531574939552472,True
CuNb,L10,101,-0.6933164005594961,-0.6888746619224548,-0.6833480304319474,-0.6924741898190201,True
CuNi,L10,101,-0.3379883811566913,-0.3365384042263031,-0.3398846475357434,-0.3350536035641916,True
CuOs,L10,101,-0.3346941711560873,-0.34756696224212646,-0.35370520138073347,-0.3438593005005048,True
CuPb,L10,101,0.2622999170426112,0.2675075829029083,0.25634886752145286,0.27177318392337696,True
CuPd,L10,101,-0.2265848396554872,-0.21426257491111755,-0.2190924858720464,-0.20999697389064892,True
CuPt,L10,101,-0.3097967072598919,-0.27276015281677246,-0.2772670461211071,-0.2666941522654995,True
CuRe,L10,101,-0.6352791446615527,-0.3673812747001648,-0.37298776957561114,-0.37098080259673,True
CuRh,L10,101,-0.3218690376588426,-0.3015362322330475,-0.3053511578311407,-0.300051431570936,True
CuRu,L10,101,-0.2778132629527761,-0.39848893880844116,-0.4007854992304552,-0.3924229382571682,True
CuSc,L10,101,-0.7085063392578093,-0.7442865371704102,-0.7368410251248777,-0.7478860650669754,True
CuSn,L10,101,0.338114233841253,0.6059198975563049,0.5899540512712388,0.6074046982184164,True
CuTa,L10,101,-0.7544451416533491,-0.7377229928970337,-0.7333011616727073,-0.734015331155412,True
CuTc,L10,101,-0.4819174178546461,-0.3773401379585266,-0.38260176327359247,-0.3809396658550918,True
CuTi,L10,101,-0.7582701098571931,-0.7726997137069702,-0.7702057171367637,-0.7712149130448588,True
CuTl,L10,101,0.1130993550405321,0.3090304732322693,0.28512058743452323,0.31273813497389097,True
CuV,L10,101,-0.6598280306634194,-0.6958017349243164,-0.6943058759820695,-0.6915361339038477,True
CuW,L10,101,-0.7465658133578188,-0.6634631156921387,-0.6624318071737513,-0.6619783150300272,True
CuY,L10,101,-0.7041307486569792,-0.6254717111587524,-0.624088103979037,-0.6217640494171307,True
CuZn,L10,101,0.1591721735394742,0.19342392683029175,0.18323841612421204,0.19768952785076038,True
CuZr,L10,101,-0.800465306157065,-0.7498838305473328,-0.7460028105706827,-0.7438178299960598,True
FeGa,L10,101,-0.0747986519554331,-0.2718038558959961,-0.27999272009500925,-0.2680961941543744,True
FeHf,L10,101,-0.8501132923547345,-0.8263999223709106,-0.8231884520056253,-0.822134321350442,True
FeHg,L10,101,-0.2929968070556867,-0.07850988209247589,-0.08531115094475178,-0.07702508143036442,True
FeIn,L10,101,-0.1507682098590237,0.16151341795921326,0.14937192335146238,0.16757941851048622,True
FeIr,L10,101,-0.1688999712632437,-0.17469298839569092,-0.1869721649682682,-0.17829251629225615,True
FeLa,L10,101,-0.5849809423588965,-0.6945264935493469,-0.6930792435565215,-0.6930416928872355,True
FeNb,L10,101,-0.47461565125829,-0.7848429083824158,-0.7759929531240729,-0.788442436278981,True
FeNi,L10,101,-0.1414612362559353,-0.2547254264354706,-0.26423312688603307,-0.2583249543320358,True
FeOs,L10,101,-0.3823339571599433,-0.3706456422805786,-0.3735351865487711,-0.36916084161846713,True
FePb,L10,101,0.1574377200386436,-0.24296723306179047,-0.25193659722039013,-0.23925957132016876,True
FePd,L10,101,0.0371892540433975,0.05692489817738533,0.04853251567139142,0.06119049919785397,True
FePt,L10,101,0.0790905675467286,-0.16074487566947937,-0.16644501042629234,-0.1592600750073679,True
FeRh,L10,101,1.257930846645678,-0.3801543414592743,-0.3853185125670731,-0.3837538693558395,True
FeRu,L10,101,-0.3861679051614999,-0.28871601819992065,-0.29270260763805284,-0.28723121753780917,True
FeSc,L10,101,-0.7481535975593658,-0.854046106338501,-0.8483338963009383,-0.847980105787228,True
FeSn,L10,101,0.0202134323417624,-0.07102209329605103,-0.08689133181543222,-0.07462162119261624,True
FeTa,L10,101,-0.7314279843585325,-0.7257578372955322,-0.7238923967496322,-0.7242730366334208,True
FeTc,L10,101,-0.5427003023641817,-0.497329443693161,-0.4994141703455051,-0.49362178195153933,True
FeTi,L10,101,-0.7972667440544399,-0.9040508270263672,-0.8910727718604271,-0.9076503549229324,True
FeTl,L10,101,-0.3600207584595125,0.24055777490139008,0.22975308739245007,0.2448233759218587,True
FeV,L10,101,-0.9640035462607272,-0.6786234378814697,-0.6773891312605137,-0.6771386372193583,True
FeW,L10,101,-0.70616888136189,-0.7141842246055603,-0.7109308096143288,-0.7081182240542874,True
FeY,L10,101,-0.7977594061548814,-0.6239707469940186,-0.6206916997937714,-0.6275702748905838,True
FeZn,L10,101,-0.38484094195789,-0.30383944511413574,-0.30749262380362186,-0.2995738440936671,True
FeZr,L10,101,-0.7780525137595475,-0.8007445335388184,-0.7978700868260307,-0.7964789325183497,True
GaHf,L10,101,-0.5681539668575795,-0.525598406791687,-0.5256603617132848,-0.5359483729640491,False
GaHg,L10,101,0.5618039183473513,0.5316242575645447,0.5129761530946962,0.5212742913921826,False
GaIn,L10,101,0.6473242637448777,0.5970664620399475,0.5580617109227273,0.5904520589250118,False
GaIr,L10,101,-0.3816259169534248,-0.33951085805892944,-0.34281729993931953,-0.34611743658850336,False
GaLa,L10,101,-0.4901132145596136,-0.25721287727355957,-0.2657966649104044,-0.2535052155319379,True
GaMn,L10,101,-0.1297021087584369,0.42998313903808594,0.3967643848419689,0.42638361114152074,True
GaMo,L10,101,-0.3720148561614849,-0.3973877429962158,-0.39981201850113113,-0.40613965651445133,False
GaNb,L10,101,-0.4787592646598284,-0.4373282492160797,-0.43894200812813283,-0.44767821538844177,False
GaNi,L10,101,0.084107394236554,0.06140109896659851,0.04094612340926165,0.05780157107003329,True
GaOs,L10,101,-0.5129443819596133,-0.3917258381843567,-0.39433311669877424,-0.3983324167139306,False
GaPb,L10,101,0.638584511442815,0.5256834626197815,0.5071397983090419,0.5153334964474194,False
GaPd,L10,101,0.4121928725371901,0.2722530663013458,0.24449641148668533,0.26563866318641016,False
GaPt,L10,101,0.1413113015451301,0.060575321316719055,0.05191168885271803,0.05396874278714513,False
GaRe,L10,101,-0.1763226924585694,-0.48755261301994324,-0.48990196205852177,-0.501708866522732,False
GaRh,L10,101,-0.0179595133585905,-0.26840782165527344,-0.2774417088299639,-0.2750222247702091,False
GaSc,L10,101,-0.4939034881526538,-0.5111271739006042,-0.5114435354933122,-0.5050611733493313,True
GaSn,L10,101,0.59604359444441,0.542727530002594,0.5056045040498934,0.5361131268876583,False
GaTa,L10,101,-0.5493334853590284,-0.539104163646698,-0.5387639961690349,-0.5457185667616337,False
GaTc,L10,101,-0.4427433654554704,-0.37226414680480957,-0.37513201914919236,-0.3788707253343835,False
GaTi,L10,101,-0.4976953945578941,-0.5708158612251282,-0.5709115843022748,-0.5671081994835064,True
GaTl,L10,101,0.5097405136412192,0.4308156669139862,0.41751164446601036,0.4220637533957507,False
GaV,L10,101,-0.4727357527580977,-0.40652045607566833,-0.4089296333015607,-0.40503565541355685,True
GaW,L10,101,-0.5119821873585977,-0.4441525340080261,-0.4476765615139692,-0.4583087875108149,False
GaY,L10,101,-0.4915380026641003,-0.5456100702285767,-0.5460872136735377,-0.5543619837468121,False
GaZn,L10,101,0.5877169109380986,0.5678126215934753,0.5485283196900826,0.5738786221447483,True
GaZr,L10,101,-0.5045243634585574,-0.5528868436813354,-0.5534678384752435,-0.5670430971841243,False
HfHg,L10,101,-0.7465794190565873,-0.6770998239517212,-0.6743188360807884,-0.69125607745451,False
HfIn,L10,101,-0.6485404764598286,-0.5944375395774841,-0.5942732578555967,-0.6031894530957196,False
HfIr,L10,101,-0.4705539439591746,-0.6729748249053955,-0.6718161537295156,-0.6795814034349694,False
HfLa,L10,101,-0.8974375624556785,-0.8462068438529968,-0.8388487589011195,-0.8424991821113751,True
HfMo,L10,101,-0.8695185465576003,-0.8396167755126953,-0.8362316811127277,-0.8483686890309308,False
HfNb,L10,101,-0.9404942711580304,-0.98350989818573,-0.9755216932442731,-0.993859864358092,False
HfNi,L10,101,-0.7641575647566867,-0.6728306412696838,-0.670165204270639,-0.6691229795280621,True
HfOs,L10,101,-0.9600706849587084,-0.8915111422538757,-0.8874443341937631,-0.9002630557721112,False
HfPb,L10,101,-0.5425050606599768,-0.4435102939605713,-0.44501537150207787,-0.45386026013293335,False
HfPd,L10,101,-0.8281139769560184,-0.6557221412658691,-0.6513435620106148,-0.6623365443808048,False
HfPt,L10,101,-0.7392532981602642,-0.58023601770401,-0.5784714783820533,-0.5868504208189457,False
HfRe,L10,101,-0.9952181328580708,-0.8646411895751953,-0.8609160882226811,-0.8712477681047692,False
HfRh,L10,101,-0.4928969390557256,-0.6091146469116211,-0.6081737645286769,-0.6232709004144099,False
HfRu,L10,101,-0.8050686559572284,-0.7801842093467712,-0.7775798546447144,-0.7889361228650067,False
HfSc,L10,101,-0.9922797115568472,-0.9582293033599854,-0.9532510485926539,-0.9567445026978739,True
HfSn,L10,101,-0.3699671995591131,-0.3338005542755127,-0.3403113987959416,-0.34795680777830146,False
HfTa,L10,101,-0.9892985684591338,-0.9889089465141296,-0.9835626659832671,-0.9976608600323651,False
HfTc,L10,101,-0.8825617791580669,-0.8944060206413269,-0.8902823654748342,-0.9010125991709008,False
HfTi,L10,101,-1.0341502761575327,-0.9992076754570007,-0.990943500991076,-0.9931416749057278,True
HfTl,L10,101,-0.5947250668604909,-0.5817226767539978,-0.579906655306049,-0.5883370798689335,False
HfV,L10,101,-1.0123649782571815,-0.9846470952033997,-0.9793151037838195,-0.9831622945412882,True
HfW,L10,101,-0.8887315522578945,-0.9443514943122864,-0.9343369992753057,-0.9585077478150752,False
HfY,L10,101,-0.9793830122571024,-1.0032459497451782,-0.9868328259899385,-1.0098603528601138,False
HfZn,L10,101,-0.7604056591580672,-0.8108749985694885,-0.807869831438701,-0.8093901979073771,True
HfZr,L10,101,-0.9995041979591122,-0.9782793521881104,-0.9673465564245437,-0.9924356056908992,False
HgIn,L10,101,0.7328914126419761,0.7475710511207581,0.7297084829163861,0.7409644725911841,False
HgLa,L10,101,-0.4621769194590968,-0.4907311201095581,-0.4929944388016133,-0.4870234583679364,True
HgMn,L10,101,1.6984137623412892,1.1504610776901245,1.127703387381945,1.1547266787105932,True
HgMo,L10,101,0.3753417199414173,-0.41667431592941284,-0.41894753204192536,-0.42328089445898676,False
HgNb,L10,101,-0.6444970009569886,-0.4422740638256073,-0.4458489345218189,-0.45643031732839606,False
HgNi,L10,101,-0.1462435008643012,-0.28709784150123596,-0.2948727544821943,-0.2833901797596143,True
HgPb,L10,101,0.8996727054409632,0.7492862939834595,0.7050102598732251,0.7426718908685238,False
HgPd,L10,101,0.1363034544420145,0.06842827796936035,0.05965949369656982,0.06182169943978642,False
HgPt,L10,101,-0.1537735711562788,-0.23726055026054382,-0.24638437306436536,-0.2514168037633326,False
HgRh,L10,101,-0.2955233840611697,-0.26198145747184753,-0.2661845062870112,-0.27073337099008304,False
HgSc,L10,101,-0.6605302204579573,-0.6390810012817383,-0.6373290413149416,-0.6353733395401165,True
HgTa,L10,101,-0.7547314054563401,-0.6622300148010254,-0.6612152176165031,-0.6688365933305993,False
HgTi,L10,101,-0.6626992398550726,-0.6371229887008667,-0.6354240248407579,-0.633415326959245,True
HgTl,L10,101,0.8336789771429096,0.6931172013282776,0.6763674380356541,0.6843652878100421,False
HgY,L10,101,-0.672301320860214,-0.5618515014648438,-0.5621898563671819,-0.5760077549676326,False
HgZr,L10,101,-0.6831250569584597,-0.7125865817070007,-0.7108975054797166,-0.7191931602365746,False
InIr,L10,101,-0.4235794762598459,-0.36321839690208435,-0.36896904978019596,-0.36983280001702,False
InLa,L10,101,-0.340624620060197,-0.48347800970077515,-0.48477135492359014,-0.4792124086803065,True
InMn,L10,101,0.3467976586407815,0.8482599258422852,0.8240453138794253,0.8543259263935581,True
InMo,L10,101,-0.3793102281588005,-0.36225980520248413,-0.36800036381509116,-0.3764160587052729,False
InNb,L10,101,-0.5868456024608975,-0.5060460567474365,-0.5070429353801256,-0.514797970265672,False
InNi,L10,101,-0.0499871760611938,0.001082102069631219,-0.008238983432378328,0.007148102620904186,True
InOs,L10,101,-0.6411939471608719,-0.4785769581794739,-0.4794655579558848,-0.48892692435183593,False
InPb,L10,101,0.7697382115411813,0.6594544053077698,0.6182891965148452,0.6528400021928341,False
InPd,L10,101,0.3145411481428084,0.33077916502952576,0.31849747835167347,0.32417258649995184,False
InPt,L10,101,0.0569184598398635,-0.024804191663861275,-0.039678416664638734,-0.03896044516665005,False
InRh,L10,101,-0.1436580112558374,-0.2516116499900818,-0.25595092244294104,-0.2603635635083173,False
InRu,L10,101,-0.3646925449565685,-0.37451592087745667,-0.3772339309253728,-0.3848658870498187,False
InSc,L10,101,-0.5583373240578737,-0.5519019365310669,-0.5511185897272115,-0.5555014644276322,True
InSn,L10,101,0.5754111068427221,0.6285130977630615,0.6126120103993974,0.6197611842448261,False
InTa,L10,101,-0.6713051120559328,-0.560924768447876,-0.5603656800804165,-0.571274734620238,False
InTc,L10,101,-0.4849242757581748,-0.47384434938430786,-0.475764090780912,-0.4804587524992435,False
InTi,L10,101,-0.5968573509589703,-0.5831894278526306,-0.5832329913662555,-0.5817046271905192,True
InTl,L10,101,0.6213757601445025,0.7171937227249146,0.695283276321487,0.7068437565525525,False
InV,L10,101,-0.5328899181613167,-0.27542680501937866,-0.2842176289403323,-0.27902633291594386,True
InW,L10,101,-0.5536571020556664,-0.636766791343689,-0.636092949053302,-0.6433733698732629,False
InY,L10,101,-0.5240675793565686,-0.5029160976409912,-0.5048496143820508,-0.51707235114378,False
InZn,L10,101,0.5212371872412689,0.5588778853416443,0.5282055608153642,0.562585547083266,True
InZr,L10,101,-0.5973389923592265,-0.5399441123008728,-0.5404956869637035,-0.5486960258191083,False
IrLa,L10,101,-0.8481957061585206,-0.6770216226577759,-0.6742427514045591,-0.6733139609161541,True
IrMn,L10,101,0.1877977330450733,-0.058662477880716324,-0.06553643944533682,-0.05439687686024768,True
IrMo,L10,101,-0.6051530134563734,-0.5948976874351501,-0.5947844762806677,-0.6015042659647241,False
IrNb,L10,101,-0.7355022089568308,-0.6907037496566772,-0.6893076865546794,-0.6973103281862512,False
IrNi,L10,101,-0.2969021848611817,-0.28612232208251953,-0.29392363874019345,-0.28241466034089785,True
IrOs,L10,101,-0.2034812862575279,-0.2557220458984375,-0.2600073218731567,-0.264473959416673,False
IrPb,L10,101,-0.3865613817569908,-0.30247703194618225,-0.3064614975933848,-0.3128269981185443,False
IrPd,L10,101,-0.3615801067562358,-0.3118016719818115,-0.3189079442969548,-0.3259579254846003,False
IrPt,L10,101,-0.3870200295559414,-0.3409624397754669,-0.3441279498767162,-0.34971435329370243,False
IrRe,L10,101,-0.3876562317591094,-0.38035309314727783,-0.3829684847398737,-0.3907030593196399,False
IrRh,L10,101,-0.2461151300585413,-0.271237850189209,-0.28017373514506755,-0.27785225330414465,False
IrRu,L10,101,-0.2916324282586799,-0.3171638548374176,-0.3206419965683253,-0.3259157683556531,False
IrSc,L10,101,-0.7752222577573491,-0.7700578570365906,-0.7658221743328149,-0.7639918564853176,True
IrSn,L10,101,-0.1763399716573701,-0.19077089428901672,-0.20249330246409492,-0.1973852974039524,False
IrTa,L10,101,-0.6516986297565097,-0.696759045124054,-0.6952819010611756,-0.7033656236536279,False
IrTc,L10,101,-0.4564697398591022,-0.4276489317417145,-0.42943285465816217,-0.43799889791407653,False
IrTi,L10,101,-0.5217167879590932,-0.6044743657112122,-0.6018704666948068,-0.6080738936077774,True
IrTl,L10,101,-0.2954856962596466,-0.38161715865135193,-0.3843597933105168,-0.38822373718092584,False
IrV,L10,101,-0.684479775659355,-0.6055558323860168,-0.6047112738551887,-0.6018481706443951,True
IrW,L10,101,-0.5593578870602585,-0.6234418153762817,-0.6221131499137463,-0.6375980688790706,False
IrY,L10,101,-0.7626078765560749,-0.42831146717071533,-0.43032951119972784,-0.43706338068895084,False
IrZn,L10,101,-0.4592371375537993,-0.3713398277759552,-0.37411367406665524,-0.3652738272246822,True
IrZr,L10,101,-0.503276449358026,-0.6063453555107117,-0.603676665221157,-0.6129597586256473,False
LaMn,L10,101,-0.3887037339581809,-0.5980393886566162,-0.5956583290999268,-0.6016389165531815,True
LaMo,L10,101,-0.8722224056573111,-0.7583590149879456,-0.7560413683442785,-0.7540934139674769,True
LaNb,L10,101,-0.8446183615587586,-0.8301504850387573,-0.8248583639815003,-0.8240844844874844,True
LaNi,L10,101,-0.4328118905604867,-0.36077767610549927,-0.3666128497051323,-0.36437720400206447,True
LaOs,L10,101,-0.9485461197573102,-0.8398504853248596,-0.8364573337727065,-0.8383656846627482,True
LaPb,L10,101,-0.451336992557998,-0.41924014687538147,-0.42117189762253493,-0.4131741463241085,True
LaPd,L10,101,-0.3075248287559304,-0.4478377401828766,-0.45065807511607286,-0.4514372680794418,True
LaPt,L10,101,-0.2077416366582554,-0.4063768982887268,-0.40878799776653396,-0.4048920976266153,True
LaRe,L10,101,-0.850289350054453,-0.5044271349906921,-0.5063197535795251,-0.5007194732490704,True
LaRh,L10,101,-0.7462173715602773,-0.6130117774009705,-0.6101122328535592,-0.6166113052975357,True
LaRu,L10,101,-0.8112963893572385,-0.8416432738304138,-0.8382261166759793,-0.8401584731683024,True
LaSc,L10,101,-0.8400835844595065,-0.7004649043083191,-0.697051510750392,-0.6967572425666974,True
LaSn,L10,101,-0.3927925164561827,-0.2683790922164917,-0.27249809809459064,-0.26411349119602306,True
LaTa,L10,101,-0.8865168177571547,-0.8338808417320251,-0.8305676242543081,-0.8323960410699137,True
LaTc,L10,101,-0.7351876453567172,-0.5625907182693481,-0.5629090653264764,-0.5588830565277264,True
LaTi,L10,101,-0.8972936142590413,-0.59034264087677,-0.5902321520529655,-0.5860770398563013,True
LaTl,L10,101,-0.4132384700596674,-0.46502935886383057,-0.4661561276801132,-0.4589633583125576,True
LaV,L10,101,0.069056505742111,-0.8144505620002747,-0.8094344481904283,-0.8083845614490017,True
LaW,L10,101,-0.856283337557187,-0.6995959281921387,-0.6936980255746736,-0.7031954560887039,True
LaY,L10,101,-0.8467770406577699,-0.8087578415870667,-0.805781023382173,-0.8072730409249552,True
LaZn,L10,101,-0.4459039676575855,-0.4375763237476349,-0.441278344768005,-0.4338686620060132,True
LaZr,L10,101,-0.8797745171604845,-0.809482216835022,-0.7997790168585135,-0.8130817447315872,True
MnMo,L10,101,-0.6508342600563708,-0.6202714443206787,-0.618669031561725,-0.6142054437694058,True
MnNb,L10,101,-0.7620614719589582,-0.992928683757782,-0.9768728408380246,-0.9965282116543472,True
MnPb,L10,101,2.739388517443359,0.7182639837265015,0.6963347219573975,0.7243299842777744,True
MnRe,L10,101,-0.6035985630578296,-0.5783519744873047,-0.578460311944528,-0.5768671738251933,True
MnRh,L10,101,1.3509743232434914,-0.2058764398097992,-0.21155915986681398,-0.19981043925852623,True
MnRu,L10,101,-0.2137226987606197,-0.30590328574180603,-0.3136387271119586,-0.30950281363837123,True
MnSc,L10,101,-0.7527115043585297,-0.8531326651573181,-0.8419178759027177,-0.8567321930538834,True
MnSn,L10,101,0.7874445229399782,1.178486943244934,1.1553610893655255,1.1827525442654028,True
MnTa,L10,101,-0.8384575682566435,-0.8832569718360901,-0.8770312299448543,-0.8771909712848172,True
MnTi,L10,101,-0.8175842598566021,-0.9135533571243286,-0.9091969901020269,-0.9092877561038599,True
MnTl,L10,101,1.574204135341489,1.1323882341384888,1.1093729286101448,1.1338730348006003,True
MnV,L10,101,-1.3852587621576902,-0.857360303401947,-0.8497003358483082,-0.8536526416603253,True
MnW,L10,101,-0.6618876602578609,-0.753966212272644,-0.7461854987878981,-0.7575657401692093,True
MnY,L10,101,-0.5304935476587787,-0.7504516839981079,-0.7482555905832821,-0.7489668833359965,True
MnZn,L10,101,-0.1883271305623282,-0.22200879454612732,-0.2274079051348591,-0.21594279399485436,True
MnZr,L10,101,-0.7553742743611735,-0.902907133102417,-0.8899686833824529,-0.9065066609989822,True
MoNb,L10,101,-0.8513363079573253,-0.7427531480789185,-0.7389974866811254,-0.7531031142512805,False
MoNi,L10,101,-0.6066137204606719,-0.5561048984527588,-0.5551760055566812,-0.559704426349324,True
MoOs,L10,101,-0.644105837257456,-0.622762143611908,-0.622275824837261,-0.6293687221414819,False
MoPd,L10,101,-0.6042444252588837,-0.5627428889274597,-0.561584126336676,-0.5693572920423954,False
MoPt,L10,101,-0.4702611494567179,-0.5278368592262268,-0.5285474815916528,-0.5365887727444623,False
MoRe,L10,101,-0.7670182975589057,-0.7127594947814941,-0.7095311267765492,-0.7231094609538562,False
MoRh,L10,101,-0.6385340343576615,-0.6535420417785645,-0.6492389580826192,-0.6601564448935001,False
MoRu,L10,101,-0.6656460966578095,-0.6359159350395203,-0.6352534857929716,-0.6425225135690942,False
MoSc,L10,101,-0.8803568407556384,-0.8961505889892578,-0.8896981751728864,-0.8900845884379849,True
MoSn,L10,101,-0.3026130379575704,-0.3358628451824188,-0.3425608046808524,-0.3424772482973545,False
MoTa,L10,101,-0.8092143102576017,-0.86761075258255,-0.8638458885094008,-0.874217331112124,False
MoTc,L10,101,-0.7153773497584268,-0.7655670046806335,-0.7603915397802428,-0.7797232581834224,False
MoTi,L10,101,-0.8623505237546567,-0.8474796414375305,-0.8400871065963925,-0.8437719796959088,True
MoV,L10,101,-0.8654654109586488,-0.647209107875824,-0.6463954420107154,-0.6457243072137125,True
MoW,L10,101,-0.7665932557565327,-0.8467654585838318,-0.8393922540121104,-0.8609217120866206,False
MoY,L10,101,-0.8349214488580117,-0.9094550609588623,-0.8962898603595386,-0.916069464073798,False
MoZn,L10,101,-0.6216231116549977,-0.41822436451911926,-0.4204768253390549,-0.4167395638570078,True
MoZr,L10,101,-0.8716874299597919,-0.913127601146698,-0.9039582205842517,-0.9272838546494868,False
NbNi,L10,101,-0.7151740806575333,-0.697601318359375,-0.6961128961807364,-0.6961165176972636,True
NbOs,L10,101,-0.6599582371554504,-0.634127140045166,-0.6325092626482033,-0.6482833935479548,False
NbPb,L10,101,-0.1336544262585164,-0.41137710213661194,-0.41361760553249954,-0.42012901565484745,False
NbPd,L10,101,-0.6374099320591711,-0.6681032776832581,-0.6670098369708417,-0.674709856212832,False
NbPt,L10,101,-0.5907364221556861,-0.6275577545166016,-0.6261176859139984,-0.6417140080193904,False
NbRe,L10,101,-0.8832238321583361,-0.9134464263916016,-0.9090914640716937,-0.922198339909837,False
NbRh,L10,101,-0.7299510865586569,-0.7184827923774719,-0.715153807852834,-0.728832758549834,False
NbRu,L10,101,-0.6286197026556408,-0.6509748101234436,-0.6489009290574373,-0.6651310636262324,False
NbSc,L10,101,-0.9421714448571664,-0.9565150141716003,-0.951594278600056,-0.9522494131511317,True
NbSn,L10,101,-0.1079143619562899,-0.30927127599716187,-0.3131362977086107,-0.3196212421695239,False
NbTa,L10,101,-0.9725415261554816,-1.068232536315918,-1.049568965400209,-1.0748469394308535,False
NbTc,L10,101,-0.8001642121552948,-0.8011831641197205,-0.7983029553083172,-0.8099350776379559,False
NbTi,L10,101,-0.9596631944577608,-0.9802156090736389,-0.972285318280409,-0.974149608522366,True
NbTl,L10,101,-0.5816905418568865,-0.42589834332466125,-0.4294784266300579,-0.4325127464395969,False
NbV,L10,101,-0.9187873421569464,-0.9574107527732849,-0.952443458473276,-0.9559259521111735,True
NbW,L10,101,-1.3500004278602944,-1.041403889656067,-1.0353119195607117,-1.0480104681856408,False
NbY,L10,101,-0.9171841834567828,-0.8834957480430603,-0.8751283913612478,-0.8976520015458491,False
NbZn,L10,101,-0.7527215725631038,-0.7364704012870789,-0.7344402958140351,-0.7322048002666102,True
NbZr,L10,101,-0.9376193884554312,-0.9251168966293335,-0.9181552503269305,-0.9354668628016956,False
NiOs,L10,101,-0.3470011997623885,-0.2727271616458893,-0.2808910353976985,-0.2690194999042676,True
NiPb,L10,101,-0.1360548784568607,-0.023624083027243614,-0.03095832870170393,-0.019358482006774976,True
NiPd,L10,101,-0.2947020083583709,-0.2731819152832031,-0.2776813939335209,-0.26711591473193014,True
NiPt,L10,101,-0.2844645415525235,-0.31288230419158936,-0.3203760662694147,-0.31648183208815456,True
NiRe,L10,101,-0.5273061422549006,-0.5210177302360535,-0.5213038852790801,-0.5246172581326187,True
NiRh,L10,101,-0.2919482163551663,-0.2954511046409607,-0.2993475106548165,-0.2939663039788492,True
NiRu,L10,101,-0.3931489856540509,-0.31801992654800415,-0.3249578938759263,-0.31431226480638247,True
NiSn,L10,101,0.1859514407415474,0.1041889488697052,0.08225225530872746,0.10058942097313998,True
NiTa,L10,101,-0.7533702920618168,-0.7086902856826782,-0.7070251154709583,-0.7044246846622095,True
NiTi,L10,101,-0.6018371701638614,-0.7084971070289612,-0.7053436725066894,-0.7024311064776882,True
NiTl,L10,101,-0.1792096842609396,0.24663101136684418,0.21976163320134218,0.24303148347027895,True
NiV,L10,101,-0.7307859318597991,-0.7344383597373962,-0.7324566862009967,-0.7329535590752848,True
NiW,L10,101,-0.6159996070627756,-0.6323591470718384,-0.6305442304964207,-0.6262931465205654,True
NiY,L10,101,-0.5896553138581737,-0.45796772837638855,-0.46043726779363847,-0.46156725627295375,True
NiZn,L10,101,-0.3478827125718169,-0.3130432963371277,-0.31657556804771286,-0.30877769531665905,True
NiZr,L10,101,-0.7126098158541652,-0.6799524426460266,-0.6773008280514886,-0.6738864420947537,True
OsPb,L10,101,-0.550632964960613,-0.4535122513771057,-0.4548414928505952,-0.46386221754946777,False
OsPd,L10,101,-0.365895288056862,-0.29570209980010986,-0.30379080222223226,-0.3023165029150455,False
OsPt,L10,101,-0.3084410360597474,-0.2802274823188782,-0.2843277340298775,-0.2868340608484521,False
OsRe,L10,101,-0.4547781441569611,-0.45249196887016296,-0.455790278939973,-0.4666482223729517,False
OsRh,L10,101,-0.325144744157086,-0.33468177914619446,-0.34142063826480823,-0.3412961822611301,False
OsRu,L10,101,-0.3685326153599533,-0.3847382962703705,-0.38743913861096824,-0.3913448747999444,False
OsSc,L10,101,-0.9887059044585556,-0.8140718340873718,-0.8075835241423525,-0.8103641723457501,True
OsSn,L10,101,-0.4719058055588618,-0.39886194467544556,-0.40126685423593084,-0.40761385819368107,False
OsTa,L10,101,-0.5921112774549044,-0.6648436784744263,-0.6637938840939456,-0.6714502570040002,False
OsTc,L10,101,-0.5086146426610583,-0.4892009496688843,-0.49150568437466524,-0.5033572031716731,False
OsTi,L10,101,-0.9127955314570216,-0.7149775624275208,-0.7132297990036426,-0.7107119614070521,True
OsV,L10,101,-0.6761930929560265,-0.6263939738273621,-0.6249854044327675,-0.6226863120857403,True
OsW,L10,101,-0.6412320430563057,-0.6024425029754639,-0.601682210674183,-0.6165987564782527,False
OsY,L10,101,-1.025804408657649,-0.7117416858673096,-0.7100364307423502,-0.720493599385545,False
OsZn,L10,101,-0.3316856804585484,-0.4815389811992645,-0.48237550812038466,-0.47547298064799154,True
OsZr,L10,101,-0.9844546699596036,-0.9135470986366272,-0.9002401931862196,-0.9201615017515629,False
PbPd,L10,101,0.1459305699400204,0.2890746295452118,0.2776325972793174,0.2803227160269763,False
PbPt,L10,101,-0.2109260487586368,-0.1608291119337082,-0.16730377147601952,-0.17117907810607022,False
PbRh,L10,101,0.0338445668394626,0.10923385620117188,0.0871224604750547,0.10261945308623621,False
PbRu,L10,101,-0.2176846762585853,-0.24284137785434723,-0.2527606158974428,-0.2494557809692829,False
PbSc,L10,101,-0.4584220206588441,-0.522197425365448,-0.5230576773783102,-0.5207126247033366,True
PbSn,L10,101,0.5554386313424686,0.6347607970237732,0.6020346047529335,0.6206045435209844,False
PbTa,L10,101,-0.3629775474573478,-0.2945866584777832,-0.29836138698935055,-0.3033385719960187,False
PbTc,L10,101,-0.4321194968569841,-0.4417046010494232,-0.44364265935178776,-0.44831117957899713,False
PbTi,L10,101,-0.3925134637565577,-0.4837357997894287,-0.4861884557439833,-0.48002813804780703,True
PbTl,L10,101,0.7083804865442573,0.6661850214004517,0.6497890544080288,0.6574331078822162,False
PbV,L10,101,0.2872547969427899,-0.33880385756492615,-0.34214969160090203,-0.33273785701365316,True
PbW,L10,101,-0.4731749443589876,-0.5838574171066284,-0.5836001538477197,-0.5980136706094172,False
PbY,L10,101,-0.515090407759061,-0.5139170289039612,-0.5148105100086587,-0.5226689424221966,False
PbZn,L10,101,0.4746536110406225,0.45076438784599304,0.4335378132786994,0.45683038839726603,True
PbZr,L10,101,-0.4794373722570242,-0.3778269588947296,-0.3830717258879271,-0.3844413620096653,False
PdPt,L10,101,-0.306656241459649,-0.2618778347969055,-0.2703353594112259,-0.2760340882996943,False
PdRe,L10,101,-0.5346972982578961,-0.3876802325248718,-0.39023203136054324,-0.39643214604310734,False
PdRh,L10,101,-0.3482116981603838,-0.3254220187664032,-0.3290031077449047,-0.33577198493876526,False
PdRu,L10,101,-0.4009121213557307,-0.31829676032066345,-0.32560302297646737,-0.3249111634355991,False
PdSc,L10,101,-0.4248483430555723,-0.5654115676879883,-0.5656285874980136,-0.5611459666675196,True
PdSn,L10,101,0.4071767261421257,0.294104665517807,0.27963219481675244,0.28375469934544495,False
PdTa,L10,101,-0.6868651255562952,-0.6235422492027283,-0.6202780406282432,-0.6301566523176639,False
PdTc,L10,101,-0.5313112497560439,-0.4811537563800812,-0.48256358687962936,-0.4877603349096551,False
PdTi,L10,101,-0.6002902030586199,-0.6708331108093262,-0.6683418155789217,-0.6647671102580532,True
PdTl,L10,101,0.1442301306424553,0.2298397272825241,0.20355182138048772,0.22322532416758845,False
PdV,L10,101,-0.5959200548595334,-0.6297415494918823,-0.6291617758332957,-0.6282567488297709,True
PdW,L10,101,-0.6570209042574504,-0.5614654421806335,-0.5618142462696692,-0.5756216956834224,False
PdY,L10,101,-0.5593933978588836,-0.4765542447566986,-0.4792012786536718,-0.49071049825948737,False
PdZn,L10,101,0.0239496913427785,-0.14480826258659363,-0.1505505645533468,-0.140542661566125,True
PdZr,L10,101,-0.7327033820574513,-0.679407000541687,-0.6767649749096855,-0.6897569667140491,False
PtRe,L10,101,-0.407946808357309,-0.3479125201702118,-0.3510982224089097,-0.35826248634257385,False
PtRh,L10,101,-0.2918899839596349,-0.304536908864975,-0.3123196670604119,-0.31115131197991064,False
PtRu,L10,101,-0.2627947560604013,-0.2835957705974579,-0.2875148816090085,-0.2923476841156934,False
PtSc,L10,101,-0.3141585560578903,-0.473926305770874,-0.47489666478692044,-0.46786030521960104,True
PtSn,L10,101,0.090479347943102,0.04344439134001732,0.023611245975987013,0.036829988225081656,False
PtTa,L10,101,-0.6402336573582659,-0.6328788995742798,-0.6322571165107567,-0.6394854781038537,False
PtTc,L10,101,-0.317942435055528,-0.37475866079330444,-0.37759313136692196,-0.38136523932287836,False
PtTi,L10,101,-0.4675625965601,-0.5632099509239197,-0.5635115376598187,-0.5595022891822979,True
PtTl,L10,101,-0.1294923090599411,-0.09371708333492279,-0.10013054783811252,-0.1024689968531583,False
PtV,L10,101,-0.5279507798577185,-0.5853167176246643,-0.5843288147506136,-0.5792507170733914,True
PtW,L10,101,-0.5967384371606101,-0.495374858379364,-0.49751248837504336,-0.5095311118821528,False
PtY,L10,101,-0.4012551207588046,-0.3767993450164795,-0.379494081325229,-0.385551258534715,False
PtZn,L10,101,-0.184417262854339,-0.2301843911409378,-0.23543977338740038,-0.22411839058966485,True
PtZr,L10,101,-0.6218896471573032,-0.5959554314613342,-0.5936465381130909,-0.6025698345762699,False
ReRh,L10,101,-0.5128989389586138,-0.4923698902130127,-0.4930160079597366,-0.5027198563853748,False
ReRu,L10,101,-0.5409469367577628,-0.5121276378631592,-0.5124264111336976,-0.5224776040355212,False
ReSc,L10,101,-0.7408489736580748,-0.8573219180107117,-0.845962057400838,-0.8609214459072769,True
ReSn,L10,101,-0.4978314514582678,-0.48015743494033813,-0.48158060627521226,-0.48676401346991205,False
ReTa,L10,101,-0.8680319886579753,-0.8885431289672852,-0.8800391584860681,-0.902699382470074,False
ReTc,L10,101,-0.5787217798560675,-0.5719878673553467,-0.5705089566147753,-0.5786022704702823,False
ReTi,L10,101,-0.9373894522604758,-0.8112048506736755,-0.8081952667930035,-0.8097200500115641,True
ReV,L10,101,-0.8003759167577016,-0.886794924736023,-0.874414431287967,-0.8903944526325882,True
ReW,L10,101,-0.8024086071590943,-0.7543801069259644,-0.7521314115683511,-0.7609866854555383,False
ReY,L10,101,0.3694837892444695,-0.8236296772956848,-0.818452193118599,-0.8339796434680469,False
ReZn,L10,101,-0.6297775470584099,-0.5023966431617737,-0.503327635466495,-0.5059961710583389,True
ReZr,L10,101,-1.009977451459207,-0.8093487620353699,-0.8063640313515541,-0.8159553405649438,False
RhRu,L10,101,-0.3754184560557121,-0.4070996940135956,-0.4116266038710709,-0.42125594751638434,False
RhSc,L10,101,-0.6155066728597092,-0.5794985294342041,-0.5795304949723422,-0.5752329284137354,True
RhSn,L10,101,0.2075902052393132,0.09701519459486008,0.08786362889033003,0.09040861606528615,False
RhTa,L10,101,-0.6896970142579164,-0.6104254126548767,-0.609449052726052,-0.6245816661576655,False
RhTc,L10,101,-0.5373319044583411,-0.5100895166397095,-0.5110332781035051,-0.5188414301579449,False
RhTi,L10,101,-0.5065067128589078,-0.5817225575447083,-0.5807978406001675,-0.5756565569934353,True
RhTl,L10,101,-0.1167323469589689,-0.20710159838199615,-0.21704171166677014,-0.22125785188478495,False
RhV,L10,101,-0.6771317496558993,-0.6257506608963013,-0.6251750323580768,-0.6214850598758326,True
RhW,L10,101,-0.6240996196601998,-0.6347002983093262,-0.6328442239073863,-0.6450502644816882,False
RhY,L10,101,-0.672236965960991,-0.4800187051296234,-0.4817246322287241,-0.4866331082445591,False
RhZn,L10,101,-0.3876823546588355,-0.37031275033950806,-0.37309269821314994,-0.3660471493190394,True
RhZr,L10,101,-0.5173599731560614,-0.5945485830307007,-0.5933983824337286,-0.6048985492030627,False
RuSc,L10,101,-0.8256713470572947,-0.8453676700592041,-0.8380322984158827,-0.8416600083175824,True
RuSn,L10,101,-0.1516723080557938,-0.24501216411590576,-0.24943813113607322,-0.25376407763414127,False
RuTa,L10,101,-0.5788449113560716,-0.6220791935920715,-0.6204450003015074,-0.6324291597644336,False
RuTc,L10,101,-0.5539392841555753,-0.5554147362709045,-0.554509743284091,-0.5620291393858402,False
RuTi,L10,101,-0.7697258303587375,-0.6609270572662354,-0.659889331752444,-0.6566614562457667,True
RuTl,L10,101,-0.3148982974553007,-0.2897016108036041,-0.2939106704704993,-0.3000515769759662,False
RuV,L10,101,-0.6000750970588058,-0.6151782274246216,-0.6122036599907764,-0.6187777553211868,True
RuW,L10,101,-0.6813141393567719,-0.6233887672424316,-0.6228940579199828,-0.6299953457720056,False
RuY,L10,101,-0.8822797332568086,-0.8984618782997131,-0.8919688316344426,-0.9088118444720752,False
RuZn,L10,101,-0.4848710774594735,-0.38392436504364014,-0.38895798245846874,-0.38752389294020534,True
RuZr,L10,101,-0.8398800433596705,-0.7113739848136902,-0.7097011453698628,-0.7179805633432641,False
ScSn,L10,101,-0.3893600725559452,-0.4403495490550995,-0.4423057516277701,-0.438864748392988,True
ScTa,L10,101,-1.00175090585887,-0.9467296600341797,-0.9366507969101141,-0.943021998292558,True
ScTc,L10,101,-0.8403143370587429,-0.8172634840011597,-0.814172035041527,-0.812997882980691,True
ScTi,L10,101,-0.9865953895559584,-0.9368818998336792,-0.9297134228262943,-0.9308158992824063,True
ScTl,L10,101,-0.5010432111548369,-0.5335664749145508,-0.5346704001198448,-0.529858813172929,True
ScV,L10,101,-0.915210133559384,-0.9513503313064575,-0.9464974419209364,-0.9470847302859888,True
ScW,L10,101,-0.9728735050584588,-0.8826779127120972,-0.8764623507761713,-0.8766119121608242,True
ScY,L10,101,-0.9876037073581472,-0.9646377563476562,-0.9495616115566482,-0.9682372842442215,True
ScZn,L10,101,-0.7132581270625167,-0.6910879015922546,-0.6896539662223704,-0.686822300571786,True
ScZr,L10,101,-0.9718579761583612,-0.955998420715332,-0.9484938721045588,-0.9499324201640591,True
SnTa,L10,101,-0.0428441878566161,-0.3011054992675781,-0.3051140766864389,-0.3114554654399402,False
SnTc,L10,101,-0.2451225948561557,-0.4252335727214813,-0.4292696660336203,-0.4393898262242701,False
SnTi,L10,101,-0.2679096798592297,-0.2189585417509079,-0.2237267638437899,-0.21469294073043926,True
SnTl,L10,101,0.5398356238447661,0.5355508327484131,0.5168336984364695,0.525200866576051,False
SnV,L10,101,-0.1292659103591802,-0.2427455484867096,-0.25266810504428133,-0.24634507638327482,True
SnW,L10,101,-0.4668319708571005,-0.5561773180961609,-0.5565156442151992,-0.5649292316143963,False
SnY,L10,101,-0.4270528733604521,-0.4064539074897766,-0.4086104424431269,-0.41680387366213867,False
SnZn,L10,101,0.5590407383433842,0.4873526394367218,0.4521472132813211,0.4837531115401566,True
SnZr,L10,101,-0.3299923160584228,-0.3575393557548523,-0.3606043943999595,-0.3641459342844262,False
TaTc,L10,101,-0.7731275253563297,-0.876069188117981,-0.8640601206024093,-0.8826835912329166,False
TaTi,L10,101,-1.010037860759411,-0.9486516118049622,-0.9438016032047224,-0.9471668111428507,True
TaTl,L10,101,-0.6807001144579488,-0.5470032691955566,-0.5477435104336401,-0.5611595226983455,False
TaV,L10,101,-0.9063755496563032,-1.005152702331543,-0.9886735488589394,-1.0087522302281082,True
TaW,L10,101,-0.91359146445663,-0.9512259364128113,-0.9463414573703037,-0.9578325149423852,False
TaY,L10,101,-0.9710515668584492,-0.8699266910552979,-0.8619265981994703,-0.8840829445580867,False
TaZn,L10,101,-0.8231181028595245,-0.7957558631896973,-0.7929469504632846,-0.7914902621692286,True
TaZr,L10,101,-0.9901263387573352,-0.9495599865913391,-0.9446978147695165,-0.956166565120913,False
TcTi,L10,101,-0.8280957453598319,-0.826977550983429,-0.823758492563016,-0.8227119499629603,True
TcTl,L10,101,-0.391304053758148,-0.10729546844959259,-0.11471125831118664,-0.11764543462195463,False
TcV,L10,101,-0.7158123235558094,-0.8332211971282959,-0.822695930266719,-0.8368207250248612,True
TcW,L10,101,-0.559483467556646,-0.709723711013794,-0.703475089251109,-0.7163381141287296,False
TcY,L10,101,-0.8660009309596433,-0.49571093916893005,-0.49692584765772035,-0.502317517698504,False
TcZn,L10,101,-0.4135171146544678,-0.5001092553138733,-0.5021187428208398,-0.4964015935722516,True
TcZr,L10,101,-0.9086985855601312,-0.885591983795166,-0.8816029331378558,-0.8943438973134015,False
TiTl,L10,101,-0.5016681205551947,-0.4836023449897766,-0.4860586130686196,-0.47989468324815493,True
TiV,L10,101,-0.9599188454585316,-0.9945073127746582,-0.9783968028632041,-0.9981068406712235,True
TiW,L10,101,-0.9260783602576056,-0.8952823281288147,-0.8911469391248081,-0.8937975274667033,True
TiY,L10,101,-0.9631374078589658,-0.90926593542099,-0.9002010757644826,-0.9055582736793683,True
TiZn,L10,101,-0.7977060718539803,-0.8002461194992065,-0.7973782202342548,-0.7959805184787379,True
TiZr,L10,101,-1.0243551302582716,-0.9761689901351929,-0.9709505213189407,-0.9746841894730814,True
TlW,L10,101,-0.0685220742588796,-0.36128613352775574,-0.3643010024753363,-0.36789271205732965,False
TlY,L10,101,-0.5402051545561051,-0.5097906589508057,-0.5115381069259306,-0.5239469124535945,False
TlZn,L10,101,0.5333062523432375,0.3822590708732605,0.3695929152476355,0.38652467189372913,True
TlZr,L10,101,-0.5605906987575224,-0.5470709800720215,-0.5475981729093258,-0.5536775586015954,False
VW,L10,101,-0.9020726135595112,-1.0056449174880981,-0.993971437812497,-1.0019372557464765,True
VZn,L10,101,-0.6942655335578536,-0.712084949016571,-0.7103751845933474,-0.7078193479961024,True
VZr,L10,101,-0.9766520777584162,-0.9467641115188599,-0.9394219035932486,-0.9406981109675869,True
WY,L10,101,-0.932389088359713,-0.8153097629547119,-0.8102785442497763,-0.825659729127074,False
WZn,L10,101,-0.7703786314586694,-0.5204042792320251,-0.5207116777214759,-0.5240038071285904,True
WZr,L10,101,-0.9184333220573252,-0.8887295722961426,-0.8846819252928677,-0.8953361508257165,False
YZn,L10,101,-0.6480782911521317,-0.7058526277542114,-0.7042537197870823,-0.7043678270921,True
YZr,L10,101,-0.9500130853566304,-0.9837465286254883,-0.9726657567617742,-0.9979027821282771,False
ZnZr,L10,101,-0.7499974409647336,-0.7411987781524658,-0.7374704428354316,-0.7351327776011929,True
Ag3Al,L12,111,0.247755024146528,0.10005797445774078,0.08899687672567358,0.08970800828537874,False
Ag3Au,L12,111,0.3406195860452783,0.1682886779308319,0.1481881482486224,0.15413242442804312,False
Ag3Bi,L12,111,0.4380253196441401,0.5268756747245789,0.4903015891699056,0.5202612716096432,False
Ag3Co,L12,111,-0.0883542749570267,-0.20327091217041016,-0.20824521581032512,-0.19900531114994152,True
Ag3Cr,L12,111,-0.3059894264578986,-0.3578132688999176,-0.36087463982292617,-0.3563284682378061,True
Ag3Cu,L12,111,0.17736107893964,0.1205659732222557,0.10914434147514757,0.12663197377352867,True
Ag3Fe,L12,111,-0.0167537769584384,-0.10576362162828445,-0.11844657644535564,-0.10205595988666274,True
Ag3Ga,L12,111,0.3677878398457608,0.3832555413246155,0.3573366594325812,0.3690992878218267,False
Ag3Hf,L12,111,-0.297241238759824,-0.2567797601222992,-0.26621632020903985,-0.26339416323723486,False
Ag3Hg,L12,111,0.8014798826416438,0.5224395990371704,0.5079319529582118,0.513687685518935,False
Ag3Ir,L12,111,-0.5486835413603046,-0.40974634885787964,-0.41211233108397577,-0.41635292738745355,False
Ag3La,L12,111,0.0406928558377615,-0.1003694087266922,-0.10790695986538518,-0.09430340817541924,True
Ag3Mo,L12,111,-0.4323369158582579,-0.36942851543426514,-0.3749750437653665,-0.3835847689370539,False
Ag3Nb,L12,111,-0.3711555207619028,-0.30227130651474,-0.31013252118319523,-0.30888570962967565,False
Ag3Ni,L12,111,-0.0399177395583763,-0.20914767682552338,-0.21404477997154217,-0.20488207580505474,True
Ag3Os,L12,111,-0.6063403820580504,-0.4613754451274872,-0.46295914210021355,-0.4701273586457227,False
Ag3Pb,L12,111,0.3461151970487037,0.5239723920822144,0.5091038304005836,0.5173658135526404,False
Ag3Pd,L12,111,0.1306173636412779,-0.051237478852272034,-0.05963877745592897,-0.06158744502463408,False
Ag3Pt,L12,111,-0.2271203596528437,-0.2281005084514618,-0.2374722594645922,-0.24225676195425058,False
Ag3Re,L12,111,-0.6347889315574946,-0.43865567445755005,-0.4417939789107535,-0.4452700775724857,False
Ag3Rh,L12,111,-0.2688362274556937,-0.3214295208454132,-0.324851626382609,-0.3301814343636487,False
Ag3Ru,L12,111,-0.3949160929541619,-0.3776337504386902,-0.38042972329864183,-0.3842403289682641,False
Ag3Sc,L12,111,-0.0923675459625599,-0.1316370666027069,-0.13862492713704547,-0.12557106605143395,True
Ag3Sn,L12,111,0.3734438620458888,0.4544488191604614,0.4371574716804033,0.44409885298809937,False
Ag3Ta,L12,111,-0.4795935656574954,-0.11501024663448334,-0.1274429297576345,-0.12916650013727213,False
Ag3Tc,L12,111,-0.4454118497587558,-0.4274536371231079,-0.4309798615216577,-0.4340680402380436,False
Ag3Ti,L12,111,-0.2201225441594658,-0.17895624041557312,-0.18424995529254745,-0.17469063939510449,True
Ag3Tl,L12,111,0.7931348314459967,0.5724268555641174,0.5569094841787767,0.5658202770345435,False
Ag3V,L12,111,-0.2819521144546968,-0.3514541983604431,-0.35457763730994496,-0.3453881978091701,True
Ag3W,L12,111,-0.5802978632554812,-0.6182969212532043,-0.6171075089091158,-0.6324531747559932,False
Ag3Y,L12,111,-0.0326275376564524,-0.13836516439914703,-0.15190235208868086,-0.1449795675140827,False
Ag3Zn,L12,111,0.3950823544446677,0.3370816707611084,0.3247155929542972,0.3385664714232199,True
Ag3Zr,L12,111,-0.2488920518580641,-0.23253482580184937,-0.23774888701766825,-0.2428847919742114,False
AgAl3,L12,111,0.3362416824411696,0.41296902298927307,0.38033945759611415,0.4063546198743374,False
AgAu3,L12,111,0.3214871259451968,0.27174997329711914,0.26025869290273435,0.2651433947675452,False
AgBi3,L12,111,0.5619426963394574,0.710917592048645,0.6761301190314122,0.6967613385458562,False
AgCd3,L12,111,0.776154927943054,0.6079374551773071,0.5685562479800185,0.6013230520623715,False
AgCo3,L12,111,-0.3658450830543813,-0.10837320983409882,-0.11477460599289058,-0.10688840917198734,True
AgCr3,L12,111,-0.8646380488562215,-0.9490777254104614,-0.9416948437694296,-0.9430117248591885,True
AgCu3,L12,111,-0.0537509186605973,-0.013806588016450405,-0.031657165734977434,-0.017406115913015625,True
AgFe3,L12,111,0.8750464030463547,0.22523699700832367,0.2146335718758154,0.2295025980287923,True
AgGa3,L12,111,0.6736503251386523,0.5153067111968994,0.496945471894886,0.5049567450245374,False
AgHf3,L12,111,-1.0657516725577525,-1.0958448648452759,-1.0762250952797854,-1.1024592679602114,False
AgHg3,L12,111,0.9169062191404294,0.9593877196311951,0.9386889068363032,0.9527811411016212,False
AgIn3,L12,111,0.6964427164430447,0.6639345288276672,0.6429603878743279,0.6535845626553052,False
AgIr3,L12,111,-0.345902403953886,-0.33712339401245117,-0.34377770144843817,-0.34373779712738683,False
AgLa3,L12,111,-0.7339733372600392,-0.7419930696487427,-0.7399102378547344,-0.7405082689866312,True
AgMo3,L12,111,-0.9597363930579093,-0.9419130682945251,-0.9276238660465917,-0.9485274714094608,False
AgNb3,L12,111,-1.039290914660313,-0.9745219945907593,-0.9591035644596314,-0.9811363977056949,False
AgNi3,L12,111,-0.3702986341586154,-0.26312774419784546,-0.2674569629683597,-0.261642943535734,True
AgOs3,L12,111,-0.38174877635808,-0.27397653460502625,-0.2821065924849242,-0.288132788107815,False
AgPb3,L12,111,0.6533934907429568,0.584430456161499,0.5691084632322065,0.5756785426432636,False
AgPd3,L12,111,-0.2910649347604419,-0.2055235356092453,-0.21062408000842486,-0.21213011413881921,False
AgPt3,L12,111,-0.3025258254556036,-0.32262977957725525,-0.329442975356036,-0.336786033080044,False
AgRe3,L12,111,-0.6690813977611185,-0.6984031200408936,-0.6968730878370648,-0.707155033559129,False
AgRh3,L12,111,-0.450878344657184,-0.40636634826660156,-0.40852442252559773,-0.4167163144389636,False
AgRu3,L12,111,-0.4305786523536596,-0.3540951907634735,-0.3600567350745905,-0.3682514442662623,False
AgSc3,L12,111,-1.1699184827584477,-1.12925386428833,-1.1220639337895284,-1.1249882632678614,True
AgSn3,L12,111,0.6960582195397649,0.6107186079025269,0.5906800116532588,0.6003686417301648,False
AgTa3,L12,111,-1.0373963221563542,-0.9898248314857483,-0.9738764731393577,-0.996439234600684,False
AgTc3,L12,111,-0.6613775828581936,-0.6966888904571533,-0.6951813773396387,-0.7054408039753888,False
AgTi3,L12,111,-1.1141933780590705,-1.099706768989563,-1.0896758038135683,-1.09364076843829,True
AgTl3,L12,111,0.6428769712411224,0.6759132146835327,0.6341780470301889,0.669298811568597,False
AgV3,L12,111,-1.023126536357239,-0.9800675511360168,-0.974796880230915,-0.9785827504739054,True
AgW3,L12,111,-1.0488953087578636,-0.9949800372123718,-0.9895096867529521,-1.0015866157419457,False
AgY3,L12,111,-1.0834441061587938,-1.1091865301132202,-1.0947105646911408,-1.123342783616009,False
AgZn3,L12,111,0.5287924280355867,0.44410648941993713,0.4306278712340066,0.44837209044040577,True
AgZr3,L12,111,-1.0387228770586887,-1.056410312652588,-1.0471405063502335,-1.06676027882495,False
Al3Au,L12,111,0.3352901004118678,0.3837960958480835,0.3578625831587417,0.36963984234529473,False
Al3Bi,L12,111,0.3132471107410595,0.2578832507133484,0.2306242141364341,0.2512688475984127,False
Al3Cd,L12,111,0.3015158749713293,0.35501983761787415,0.34271151191808064,0.34626792409963864,False
Al3Co,L12,111,0.125612237742672,0.16619104146957397,0.15611320483994262,0.16767584213168543,True
Al3Cr,L12,111,0.0508349467718574,0.16844896972179413,0.15618554696531456,0.1745149702730671,True
Al3Cu,L12,111,0.3458673013419968,0.3762941062450409,0.35056364446827154,0.3800017679866626,True
Al3Fe,L12,111,0.1905376472432465,-0.04648330435156822,-0.06320230665784032,-0.050082832248133445,True
Al3Ga,L12,111,0.2957257006428619,0.3240256905555725,0.29447618030118,0.31741128744063685,False
Al3Hf,L12,111,-0.1796038411584675,-0.1915844976902008,-0.19671232065966088,-0.20033641120843632,False
Al3Hg,L12,111,0.3198962123824742,0.2529188394546509,0.24167970966706037,0.24631226092507696,False
Al3In,L12,111,0.2749036857922249,0.32086336612701416,0.3059204730371789,0.3105133999546521,False
Al3Ir,L12,111,-0.0184463250070336,0.3552308976650238,0.33007053848105755,0.34107464416223504,False
Al3La,L12,111,-0.271641040867479,-0.17650343477725983,-0.18871991665953902,-0.18010296267382506,True
Al3Mn,L12,111,0.1516074088713424,0.16912522912025452,0.15925891980717535,0.17339083014072315,True
Al3Mo,L12,111,0.1472798464319851,0.0060286452062428,-0.0019046022689982178,-0.0005779333233311285,False
Al3Nb,L12,111,0.0357829697914269,-0.08991996198892593,-0.09656844882639964,-0.09652654051849986,False
Al3Ni,L12,111,0.526165168842482,0.2545144855976105,0.2407380168169149,0.26058048614888346,True
Al3Os,L12,111,-0.2302932070169561,0.03918358311057091,0.022577447410242556,0.02502732960778213,False
Al3Pb,L12,111,0.1938590688223769,0.36491140723228455,0.3339460487259039,0.3582970041173489,False
Al3Pd,L12,111,0.3953969180611523,0.3469298183917999,0.3347277677458048,0.3381779048735644,False
Al3Pt,L12,111,0.4502826874804952,0.19260303676128387,0.182171541095762,0.18599645823170996,False
Al3Re,L12,111,-0.0857998062992635,-0.05212501809000969,-0.06051071360686317,-0.06247498426237173,False
Al3Rh,L12,111,0.4143990355724156,0.30220648646354675,0.2784813005673054,0.288050232960758,False
Al3Ru,L12,111,0.0368318325827488,0.05720467120409012,0.04689694164105842,0.046854705031728075,False
Al3Sc,L12,111,-0.2349613199175735,-0.21097972989082336,-0.22081487660224672,-0.20727206814920165,True
Al3Sn,L12,111,0.3015822707511972,0.35485923290252686,0.3242419752638894,0.3482448297875912,False
Al3Ta,L12,111,-0.0070063871180252,-0.3336118161678314,-0.33687388820515557,-0.34236372968606693,False
Al3Tc,L12,111,0.1655575969225822,0.044392652809619904,0.035945707759013706,0.037786074280045975,False
Al3Ti,L12,111,-0.1583022256381525,-0.09836860001087189,-0.10594132569818496,-0.09230259945959893,True
Al3Tl,L12,111,0.3856005477519204,0.19325506687164307,0.17247879004416766,0.17909881336885428,False
Al3V,L12,111,-0.0197225389074162,-0.08310260623693466,-0.09855350371888916,-0.08670213413349988,True
Al3W,L12,111,-0.0194730105185669,-0.21651872992515564,-0.22734950573956964,-0.2231331330400913,False
Al3Y,L12,111,-0.2886036651679831,-0.22790564596652985,-0.23255633385395655,-0.23665755948476536,False
Al3Zn,L12,111,0.3741389768411238,0.356902539730072,0.34427105867247815,0.3583873403921835,True
Al3Zr,L12,111,-0.1806929767880944,-0.1414024531841278,-0.14821863660491405,-0.15175241935648984,False
AlAu3,L12,111,0.3127471015423282,0.19750815629959106,0.17233987362984815,0.1908937531846554,False
AlCd3,L12,111,0.320634321141398,0.4009964168071747,0.38777451469719404,0.39438983827760077,False
AlCo3,L12,111,-0.5420023303513233,-0.47101694345474243,-0.47381385147072197,-0.46730928171312075,True
AlCr3,L12,111,-0.9366599151571506,-0.9510156512260437,-0.9461671583867554,-0.946750050205575,True
AlCu3,L12,111,-0.0413019826582683,0.09079484641551971,0.07989659600869611,0.09686084696679267,True
AlFe3,L12,111,-0.53569146625793,-0.3660522401332855,-0.37169015165967706,-0.36234457839166384,True
AlGa3,L12,111,0.3208846659408948,0.3499206602573395,0.337679320226328,0.34116874673910397,False
AlHf3,L12,111,-1.038593486958206,-1.0427162647247314,-1.0336872020531078,-1.0530662308970935,False
AlHg3,L12,111,0.2341642985402643,0.24718843400478363,0.22029975262212673,0.24057403088984797,False
AlIn3,L12,111,0.2552061813412649,0.3127061426639557,0.2835486216761906,0.30609173954902,False
AlIr3,L12,111,-0.2943101644550268,-0.3297753632068634,-0.333212164254945,-0.3363819417364373,False
AlLa3,L12,111,-0.679119677256466,-0.6057260632514954,-0.6048768972052729,-0.6020184015098736,True
AlMo3,L12,111,-0.8961292390585811,-0.786541223526001,-0.7838618878716471,-0.7931478020555749,False
AlNb3,L12,111,-0.9920329042570016,-1.077670931816101,-1.0680273603074342,-1.0880208979884631,False
AlNi3,L12,111,-0.5874389467562366,-0.4647617042064667,-0.466995972248162,-0.4683612321030319,True
AlOs3,L12,111,-0.3214234512588234,-0.37318676710128784,-0.3760422854754029,-0.37979334563086176,False
AlPb3,L12,111,0.1969010294424436,0.2609754502773285,0.23836623493915401,0.2468191967745397,False
AlPd3,L12,111,-0.2357480010605002,-0.2810661196708679,-0.28966165745180217,-0.2876805227858036,False
AlPt3,L12,111,-0.2789783184552732,-0.26743370294570923,-0.27170526453422966,-0.27404028147528314,False
AlRe3,L12,111,-0.5452315053580321,-0.6115759611129761,-0.6105684601233478,-0.6257322146157649,False
AlRh3,L12,111,-0.3471613387582408,-0.3767381012439728,-0.3794336420854479,-0.3854900147622083,False
AlRu3,L12,111,-0.4449715695581915,-0.38068559765815735,-0.38344070600433783,-0.38729217618773126,False
AlSc3,L12,111,-1.1436588169571849,-1.07185959815979,-1.0583939337375414,-1.0681519364181684,True
AlSn3,L12,111,0.2678951217431233,0.31292739510536194,0.3011720194626095,0.30417548158712643,False
AlTa3,L12,111,-1.0317385311600162,-1.025644302368164,-1.0169153676224154,-1.0359942685405261,False
AlTc3,L12,111,-0.5548239262561481,-0.6072356700897217,-0.6058624284008768,-0.6175856362620837,False
AlTi3,L12,111,-1.0808609295590657,-1.0509060621261597,-1.0328424967915846,-1.054505590022725,True
AlTl3,L12,111,0.1521261939424505,0.3354838192462921,0.3234321296984566,0.3267319057280566,False
AlV3,L12,111,-1.0439829736596664,-1.0926587581634521,-1.0827516981851497,-1.0865927576121792,True
AlW3,L12,111,-0.925317393956874,-0.9290990233421326,-0.9194973558766828,-0.9432552768449214,False
AlY3,L12,111,-1.0991291560576144,-0.8561984300613403,-0.8525955096982967,-0.8649503435795758,False
AlZn3,L12,111,0.4581315390396696,0.38544416427612305,0.369365930058243,0.39151016482739603,True
AlZr3,L12,111,-1.041334897859059,-1.0471947193145752,-1.0292596755924217,-1.0538091224295107,False
Au3Bi,L12,111,0.3253033864430392,0.4455924332141876,0.43209429483278383,0.4368405196959521,False
Au3Cd,L12,111,0.3967598002427905,0.4495832324028015,0.43571074838218676,0.4429766538732276,False
Au3Co,L12,111,0.1451081058412739,-0.024455472826957703,-0.033327603532470634,-0.018389472275684736,True
Au3Cr,L12,111,-0.056515187056874,-0.0728951022028923,-0.08646768540088319,-0.0691874404612706,True
Au3Cu,L12,111,0.28385745554354,0.2695348858833313,0.24187236005322216,0.2659353579867661,True
Au3Fe,L12,111,0.2186829259417493,0.047795619815588,0.039523164657345386,0.05206122083605664,True
Au3Ga,L12,111,0.4808360374418328,0.41980233788490295,0.406328622769357,0.41319575935532904,False
Au3Hf,L12,111,-0.0853173484601654,-0.030814707279205322,-0.03957504158976126,-0.041164673451567366,False
Au3Hg,L12,111,0.3797920057450312,0.373851478099823,0.3579770452250307,0.36350151192746094,False
Au3In,L12,111,0.3515584262432014,0.4444243311882019,0.41684983801703224,0.43026807768541314,False
Au3Ir,L12,111,-0.4685147228583162,-0.2589866518974304,-0.26834678862373806,-0.2656010550123661,False
Au3La,L12,111,0.2112327210425348,0.04050400108098984,0.03232733273754229,0.04476960210145848,True
Au3Mn,L12,111,0.3329738673428721,0.19735634326934814,0.18686120039435314,0.1988411439314596,True
Au3Mo,L12,111,-0.1919620271573592,-0.2141488492488861,-0.21968613897779413,-0.22449881542124814,False
Au3Nb,L12,111,-0.0929682372616014,-0.1298300325870514,-0.14186159931028422,-0.14398628608984018,False
Au3Ni,L12,111,0.1123545795426537,-0.027015328407287598,-0.04440849523728337,-0.030614856303852817,True
Au3Os,L12,111,-0.4786587185580799,-0.30412188172340393,-0.31143601735252757,-0.3182781352261927,False
Au3Pb,L12,111,0.3179325028441155,0.329849511384964,0.30009832565044264,0.3232351082700283,False
Au3Pd,L12,111,0.1715285908403814,-0.11341200768947601,-0.1195667485621225,-0.12216392120771152,False
Au3Pt,L12,111,-0.2301619120580369,-0.03439268097281456,-0.04178468318854314,-0.04099925950238849,False
Au3Re,L12,111,-0.4346142366548235,-0.1751253753900528,-0.18134870425289687,-0.18547534156241482,False
Au3Rh,L12,111,-0.0826730822545585,-0.1975429356098175,-0.2077417662884514,-0.2116991891126063,False
Au3Ru,L12,111,-0.1720043818595229,-0.2517918646335602,-0.2614011525989552,-0.25840626774849584,False
Au3Sc,L12,111,0.1856849051410165,0.33752506971359253,0.3254465651487383,0.34179067073406116,True
Au3Sn,L12,111,0.367990836742166,0.40685102343559265,0.39386181405588694,0.39809910991735714,False
Au3Ta,L12,111,-0.3479194479577643,-0.04394180327653885,-0.051205941870067107,-0.05054838180611278,False
Au3Tc,L12,111,-0.2132515336588483,-0.2311314195394516,-0.23637015286981103,-0.24148138571181363,False
Au3Ti,L12,111,0.0824590646416538,-0.019414687529206276,-0.034434786330236784,-0.01570702578758457,True
Au3Tl,L12,111,0.4777263205442352,0.3446807563304901,0.31441597333174637,0.33806635321555445,False
Au3V,L12,111,-0.0111679601604635,-0.013628142885863781,-0.021093700865845735,-0.009362541865395143,True
Au3W,L12,111,-0.3924270675588275,-0.2204713672399521,-0.22537175880460386,-0.227077945769526,False
Au3Y,L12,111,0.2148967339426519,0.10154972970485687,0.09046240666846442,0.09119976353249483,False
Au3Zn,L12,111,0.4564876993399878,0.405530720949173,0.3890993617380238,0.41159672150044596,True
Au3Zr,L12,111,0.068916911340267,0.01140668336302042,-0.004447635134057451,-0.002749570139768358,False
AuBi3,L12,111,0.3279457478429606,0.556620717048645,0.5416640485317855,0.5478688035304096,False
AuCd3,L12,111,0.6808788932439995,0.5891112685203552,0.5694525328762713,0.5787613023479932,False
AuCo3,L12,111,-0.3105032508601368,-0.12991945445537567,-0.14374911209854244,-0.1335189823519409,True
AuCr3,L12,111,-0.8698846757569925,-0.8360456228256226,-0.8254225477681407,-0.8396451507221878,True
AuCu3,L12,111,-0.0507439246566434,0.1289476454257965,0.11936850128011645,0.13043244608790797,True
AuFe3,L12,111,1.0180645386363096,0.1476658433675766,0.1281234969939925,0.1513735051091983,True
AuGa3,L12,111,0.6293537297397336,0.5366565585136414,0.4997437667226279,0.5300421553987057,False
AuHf3,L12,111,-1.08070840976049,-1.0557575225830078,-1.049473356028188,-1.0623641011125817,False
AuIn3,L12,111,0.5299479594441721,0.45402732491493225,0.43674338737352303,0.4436773587425702,False
AuIr3,L12,111,-0.3477080153597569,-0.2987375557422638,-0.30672114211557955,-0.30535195885719946,False
AuLa3,L12,111,-0.7790389264582416,-0.5393669605255127,-0.539997310890115,-0.5378821598634013,True
AuMo3,L12,111,-0.9662132467592244,-0.941705584526062,-0.9317627044106028,-0.9558618380288508,False
AuNb3,L12,111,-1.041499798756348,-1.0349903106689453,-1.0290386793573492,-1.0437422241871808,False
AuNi3,L12,111,-0.374049859455198,-0.2156890481710434,-0.22119926094779516,-0.20962304761977044,True
AuPb3,L12,111,0.3562046340421432,0.43382924795150757,0.40047730527235426,0.4272148448365719,False
AuPd3,L12,111,-0.3154678318560115,-0.2005646973848343,-0.20557455138796718,-0.2093166109030698,False
AuPt3,L12,111,-0.2847493086582915,-0.33924952149391174,-0.3425875206842003,-0.3495994876662738,False
AuRe3,L12,111,-0.6697868529581399,-0.6328219771385193,-0.6292364170592849,-0.639436380253455,False
AuRh3,L12,111,-0.4236683213593721,-0.27944064140319824,-0.2835514289861211,-0.28604721993277216,False
AuRu3,L12,111,-0.3908508482554396,-0.04799915850162506,-0.05520896873709777,-0.05460573703119899,False
AuSc3,L12,111,-1.1755339598593937,-1.1532319784164429,-1.1375638667843762,-1.1495243166748212,True
AuSn3,L12,111,0.4230548407404342,0.5191693305969238,0.5047046446080108,0.5104174170786884,False
AuTa3,L12,111,-1.1318215928576765,-1.0392624139785767,-1.0302940705751353,-1.0496123801509387,False
AuTc3,L12,111,-0.6456265454571337,-0.6475121378898621,-0.6455319784622706,-0.6616683913926509,False
AuTi3,L12,111,-1.1019900248565762,-1.0716674327850342,-1.0582069695636367,-1.0679597710434126,True
AuTl3,L12,111,0.5369757075432346,0.3878147602081299,0.37507562191504135,0.3790628466898944,False
AuV3,L12,111,-1.020260497359203,-0.8944763541221619,-0.8880533736320592,-0.8884103535708889,True
AuW3,L12,111,-1.0323465695609857,-0.7806043028831482,-0.7719011280330945,-0.7872187059980839,False
AuY3,L12,111,-1.0823610930574148,-0.8762742280960083,-0.8724075807310185,-0.8850261416142438,False
AuZn3,L12,111,0.4518051643399587,0.48743879795074463,0.4695674811793895,0.4935047985020176,True
AuZr3,L12,111,-1.0465269659570993,-1.1028770208358765,-1.0830137318563635,-1.109491423950812,False
Bi3Cd,L12,111,0.9762737035426028,0.7897921204566956,0.7713642082671116,0.7831855419271216,False
Bi3Cu,L12,111,1.0283198289480708,0.325381875038147,0.3131724585675884,0.32686667570025846,True
Bi3Hf,L12,111,-0.2518574123596124,0.15675826370716095,0.1447003654987622,0.14640829753479892,False
Bi3Nb,L12,111,1.0322041179433938,0.08367729932069778,0.06586688446800407,0.06952104581790901,False
Bi3Pd,L12,111,0.4174933780423373,0.6862550377845764,0.6441617388973897,0.6796406346696408,False
Bi3Pt,L12,111,0.9924398505436614,-0.03420324996113777,-0.041398521734100094,-0.042955163479373275,False
Bi3Re,L12,111,1.1227773452419854,-0.7188347578048706,-0.7170620179273988,-0.7254413363344445,False
Bi3Rh,L12,111,0.0856407558394778,0.2462877780199051,0.23265593612102353,0.23593781184754306,False
Bi3Ru,L12,111,-0.2991963766607739,0.34012481570243835,0.3153733218848881,0.3259685621996496,False
Bi3W,L12,111,-0.9786668086589714,-0.012837967835366726,-0.028036073939290022,-0.026994221338155502,False
BiCd3,L12,111,0.6993060342402089,0.6842167973518372,0.6421940815285757,0.6776023942369015,False
BiCu3,L12,111,0.1002547654434522,0.15860983729362488,0.14863351368223177,0.16009463795573634,True
BiPd3,L12,111,-0.2103037244587255,0.21351449191570282,0.202802989950494,0.2069079133861289,False
BiPt3,L12,111,-0.2801820139565905,-0.17385800182819366,-0.1846978954345376,-0.18801425533098245,False
BiRh3,L12,111,-0.426395854457013,-0.4635724127292633,-0.4652176590304779,-0.4701789912588372,False
BiRu3,L12,111,-0.48740731455743,-0.44941651821136475,-0.4527980692740158,-0.4635727717141535,False
Cd3Co,L12,111,-0.012274511055665,-0.045376311987638474,-0.05388065087556671,-0.03931031143636551,True
Cd3Cr,L12,111,-0.248391090258309,-0.30149713158607483,-0.30888230942384715,-0.29778946984445315,True
Cd3Cu,L12,111,0.4914009933427508,0.3741115927696228,0.342827637264833,0.3705120648730576,True
Cd3Fe,L12,111,0.1128394863417554,0.08188368380069733,0.07316342861470904,0.08614928482116596,True
Cd3Ga,L12,111,0.7090460769441336,0.5805001258850098,0.5648746526706844,0.5738935473554359,False
Cd3Hf,L12,111,-0.3676385853604813,-0.2533321976661682,-0.25818063763992244,-0.26368216383853027,False
Cd3In,L12,111,0.7558789094410088,0.6873834729194641,0.6703268218994686,0.6807768943898902,False
Cd3Ir,L12,111,-0.5294110788590558,-0.10391110181808472,-0.11138638940561676,-0.11426106799044676,False
Cd3La,L12,111,-0.0010255970582591,-0.0825277790427208,-0.09583964156175348,-0.07882011730109909,True
Cd3Mn,L12,111,0.2023007204416274,0.28101739287376404,0.2529572345995572,0.27741786497719884,True
Cd3Mo,L12,111,-0.4066235187592326,-0.4192526042461395,-0.42138965060601896,-0.42800451776437504,False
Cd3Nb,L12,111,-0.3962951658567988,-0.37737125158309937,-0.3801707393267682,-0.3839778301126733,False
Cd3Ni,L12,111,0.0988853526405648,0.14189819991588593,0.1301015440902253,0.14796420046715889,True
Cd3Os,L12,111,-0.757736902759433,-0.474424809217453,-0.4771294790020223,-0.48858106272024177,False
Cd3Pb,L12,111,0.6501279886406621,0.7408300042152405,0.7052329136286621,0.7266737507124517,False
Cd3Pd,L12,111,0.3924137340409572,0.43266621232032776,0.3993545448790632,0.4260518092053921,False
Cd3Pt,L12,111,0.6438431113429317,-0.05331633985042572,-0.0602605312984254,-0.06206825336866122,False
Cd3Re,L12,111,-0.7768923564571821,-0.6642827987670898,-0.6632405146172584,-0.6708893772966638,False
Cd3Rh,L12,111,-0.121809446859487,-0.03539729490876198,-0.044077066569771645,-0.04574726108112402,False
Cd3Ru,L12,111,-0.4270342335575776,-0.3668642044067383,-0.3724801390849303,-0.38102045790952704,False
Cd3Sc,L12,111,-0.0961502003583234,-0.10355119407176971,-0.11829396901864662,-0.10715072196833493,True
Cd3Sn,L12,111,0.6956241979433173,0.7191135883331299,0.7020223218437527,0.7103616748148944,False
Cd3Ta,L12,111,-0.481345570557977,-0.5355895161628723,-0.5361982952557426,-0.5443414296811078,False
Cd3Tc,L12,111,-0.4756434251603139,-0.5156441926956177,-0.5165921930941048,-0.5222507712251916,False
Cd3Ti,L12,111,-0.2204783329570716,-0.1642513871192932,-0.170665882497007,-0.15818538656802025,True
Cd3Tl,L12,111,0.7074218294447121,0.816544771194458,0.7788983639140648,0.8023885176916692,False
Cd3V,L12,111,-0.2440442077558771,-0.37536799907684326,-0.3806979183981115,-0.37896752697340846,True
Cd3W,L12,111,-0.6197230767565713,-0.7444285154342651,-0.7422938676869089,-0.7531804289525006,False
Cd3Y,L12,111,-0.0996884966579898,-0.12160571664571762,-0.12782992832640672,-0.12821229517529154,False
Cd3Zn,L12,111,0.5908048588471786,0.6299988627433777,0.6096213164205991,0.6360648632946506,True
Cd3Zr,L12,111,-0.3179024342561831,-0.23002997040748596,-0.23528806739601948,-0.240379936579848,False
CdCo3,L12,111,-0.4686789434553873,-0.3600385785102844,-0.36583925745506285,-0.35633091676866274,True
CdCr3,L12,111,-0.8233479031577815,-0.8671963810920715,-0.8554945736501632,-0.8707959089886368,True
CdCu3,L12,111,0.0317273850387493,0.025375984609127045,0.017183674487361217,0.026860785271238516,True
CdFe3,L12,111,0.7984746574448138,0.9460760354995728,0.9049236994168856,0.9497836972411945,True
CdGa3,L12,111,0.6196447079428538,0.6075989007949829,0.5756078798731167,0.5934426472921941,False
CdHf3,L12,111,-1.0935788499582202,-1.1019762754440308,-1.0951446787317018,-1.1107281889622662,False
CdHg3,L12,111,0.978912799645542,0.9268328547477722,0.9012369176806395,0.9164828885754102,False
CdIn3,L12,111,0.6948066319392012,0.7221336960792542,0.6787979404184251,0.7155192929643185,False
CdIr3,L12,111,-0.4309713125576024,-0.43071219325065613,-0.4326986999883259,-0.43946410676889164,False
CdLa3,L12,111,-0.7159930071602219,-0.7946788668632507,-0.7900103427287193,-0.7886128663119778,True
CdMo3,L12,111,-0.9257277415553916,-0.9313889741897583,-0.9267983084457618,-0.9401408877079938,False
CdNb3,L12,111,-1.0646543735592502,-1.0470420122146606,-1.0379369021856861,-1.0573919783870227,False
CdNi3,L12,111,-0.4951126261648539,-0.43904533982276917,-0.44270760005027987,-0.4353376780811475,True
CdOs3,L12,111,-0.464302536655822,-0.45153018832206726,-0.4542226559542017,-0.4581445914370029,False
CdPb3,L12,111,0.6986881997409284,0.6783717274665833,0.6614357445435397,0.6717651489370093,False
CdPd3,L12,111,-0.2809613479575716,-0.2519642114639282,-0.26069006093221053,-0.266120464966717,False
CdPt3,L12,111,-0.3441199223588853,-0.3404126763343811,-0.3469530778637498,-0.34702707944931677,False
CdRe3,L12,111,-0.6061296299585308,-0.6592983603477478,-0.6583228182848496,-0.6659049388773217,False
CdRh3,L12,111,-0.4271346435589009,-0.4293823838233948,-0.4333061842739184,-0.44353863732618354,False
CdRu3,L12,111,-0.4828685917591144,-0.42950576543807983,-0.4315081204916933,-0.43825767895631534,False
CdSc3,L12,111,-1.1753614396575074,-1.1603366136550903,-1.1527383626358,-1.1560710126346216,True
CdSn3,L12,111,0.8041487751407033,0.6083263158798218,0.5883297765205506,0.5979763497074597,False
CdTa3,L12,111,-1.0698910682576468,-1.0829933881759644,-1.0638186576670614,-1.0896077912909,False
CdTc3,L12,111,-0.6043863326585495,-0.6626394987106323,-0.6615792776005334,-0.6713914122288678,False
CdTi3,L12,111,-1.1196625941583704,-1.089125156402588,-1.0792802177285157,-1.083059155851315,True
CdTl3,L12,111,0.7341375579426597,0.7395776510238647,0.7040144569729825,0.7254213975210759,False
CdV3,L12,111,-1.0439628371559309,-1.0301640033721924,-1.024275773154373,-1.0258984023517237,True
CdW3,L12,111,-1.0379981018586193,-0.9879188537597656,-0.9798531386490573,-0.9982688199321277,False
CdY3,L12,111,-1.1095851302588642,-1.0261234045028687,-1.008918047983685,-1.0327378076178042,False
CdZn3,L12,111,0.5215459004475917,0.5476172566413879,0.5327788626566913,0.5518828576618566,True
CdZr3,L12,111,-1.0761065565593242,-1.094568133354187,-1.0846275062437798,-1.104918099526549,False
Co3Cu,L12,111,-0.3832111160581632,-0.3327202796936035,-0.3395270643812659,-0.3363198075901687,True
Co3Fe,L12,111,0.3253775374405734,-0.30319586396217346,-0.30685749709653015,-0.2989302629417048,True
Co3Hf,L12,111,-0.6377591901609492,-0.6172113418579102,-0.6167993488271177,-0.6157265411957987,True
Co3Hg,L12,111,-0.3066649490565112,-0.2167968600988388,-0.22174645365063872,-0.21531205943672735,True
Co3In,L12,111,-0.4410148983579063,-0.06247253343462944,-0.07067631791785497,-0.056406532883356474,True
Co3Ir,L12,111,-0.2723146586567679,-0.3344099819660187,-0.3409043315490707,-0.330702320224397,True
Co3La,L12,111,-0.3811193770588659,-0.39268410205841064,-0.39741437494736714,-0.39628362995497585,True
Co3Mo,L12,111,-0.5248709954530284,-0.47423458099365234,-0.47564935310751405,-0.4699689799731837,True
Co3Nb,L12,111,-0.5683234937596069,-0.6011660695075989,-0.6009689241430785,-0.5996812688454874,True
Co3Ni,L12,111,-0.3427804419615938,-0.3627316951751709,-0.3656568738627665,-0.3566656946238979,True
Co3Os,L12,111,-0.4306489937580124,-0.32596614956855774,-0.3326890422401283,-0.32225848782693606,True
Co3Pb,L12,111,-0.3410001371584883,-0.07116779685020447,-0.07921871716237885,-0.06510179629893151,True
Co3Pd,L12,111,-0.3373044231547908,-0.286302387714386,-0.2940988306661755,-0.2825947259727643,True
Co3Pt,L12,111,-0.3056619374610534,-0.3453522026538849,-0.3517215513003992,-0.3489517305504501,True
Co3Re,L12,111,-0.466742853553086,-0.4111933708190918,-0.41343628781315617,-0.40692776979862316,True
Co3Rh,L12,111,-0.2855593915582801,-0.35162174701690674,-0.35476602298497745,-0.35013694635479525,True
Co3Ru,L12,111,-0.3727363660572962,-0.3247913718223572,-0.32838354767858974,-0.3187253712710842,True
Co3Sc,L12,111,-0.6379649082582262,-0.5954906940460205,-0.5949185613159793,-0.5917830323043988,True
Co3Sn,L12,111,0.821398071341747,-0.4528765380382538,-0.45552238237386394,-0.456476065934819,True
Co3Ta,L12,111,-0.5856761932581946,-0.5909076929092407,-0.5887735997696371,-0.594507220805806,True
Co3Tc,L12,111,-0.4409808841582787,-0.4549110531806946,-0.4565796700507316,-0.45064545216022595,True
Co3Ti,L12,111,-0.5997914183598994,-0.6656301617622375,-0.6645698362985033,-0.6641453611001261,True
Co3Tl,L12,111,1.2518493743419017,-0.26071879267692566,-0.26543737508694154,-0.25465279212565267,True
Co3V,L12,111,-0.5055949953593597,-0.6901103258132935,-0.6869771921229441,-0.6864026640716717,True
Co3W,L12,111,-0.5425541772628719,-0.22248612344264984,-0.2331102519394327,-0.22608565133921507,True
Co3Y,L12,111,-0.40970847335754,-0.5833455324172974,-0.5833269615552656,-0.5790799313968287,True
Co3Zn,L12,111,-0.5095173802610304,-0.44383835792541504,-0.4457478450277906,-0.44235355726330355,True
Co3Zr,L12,111,-0.6151398633582801,-0.6009678244590759,-0.6007733336139115,-0.5994830237969645,True
CoCr3,L12,111,-0.8427703004553848,-0.7946324944496155,-0.7886703350142757,-0.7909248327079937,True
CoCu3,L12,111,-0.2800658213591021,-0.34073406457901,-0.3439025747456005,-0.3364684635585414,True
CoHf3,L12,111,-1.0161517144578909,-1.0426175594329834,-1.029943368068302,-1.0389098976913618,True
CoHg3,L12,111,0.1898598117413996,-0.1092161238193512,-0.12376272559054015,-0.11281565171591641,True
CoIn3,L12,111,0.8620600422446216,0.09021186828613281,0.08115139974395721,0.09169666894824428,True
CoIr3,L12,111,-0.2132946637566135,-0.276683509349823,-0.28474029950724655,-0.2729758476082013,True
CoMn3,L12,111,-0.6750926645536026,-0.6483151912689209,-0.6474431423375834,-0.6440495902484522,True
CoMo3,L12,111,-0.8436342618578863,-0.8196998238563538,-0.8165763697627472,-0.8154342228358851,True
CoNi3,L12,111,-0.3012198151545533,-0.30581527948379517,-0.30974105818636916,-0.2997492789325222,True
CoOs3,L12,111,-0.2617155524557972,-0.2724171280860901,-0.28131217534397923,-0.2760166559826553,True
CoPd3,L12,111,-0.2043123219545748,-0.2567240595817566,-0.2611390242757598,-0.2552392589196451,True
CoRe3,L12,111,-0.6620280709603037,-0.6236487627029419,-0.6203808656287716,-0.6272482905995072,True
CoTc3,L12,111,-0.7481893806607047,-0.6522288918495178,-0.6501210674628201,-0.6485212301078961,True
CoTi3,L12,111,-1.0623380043607256,-1.090095043182373,-1.083419525035807,-1.0858294421619044,True
CoV3,L12,111,-1.0710604774567116,-1.0910001993179321,-1.0770164701238036,-1.0872925375763105,True
CoZn3,L12,111,-0.0989090265565835,-0.08322399109601974,-0.08996213759699795,-0.08173919043390827,True
Cr3Cu,L12,111,-0.9631512857585848,-0.9110082983970642,-0.897789310101436,-0.9146078262936295,True
Cr3Ga,L12,111,-0.9200387936570849,-0.7906374931335449,-0.787895818201985,-0.7863718921130762,True
Cr3Hf,L12,111,0.1380157307403635,-0.5254356861114502,-0.5262525775163484,-0.5239508854493388,True
Cr3Hg,L12,111,-0.7516616891579986,-0.8225260376930237,-0.8173679556829495,-0.8164600371417507,True
Cr3In,L12,111,-0.7614070381596036,-0.8559523820877075,-0.8523436246632126,-0.8544675814255961,True
Cr3Ir,L12,111,-0.8275780487592499,-0.7982956171035767,-0.7935635099007743,-0.7922296165523037,True
Cr3La,L12,111,-0.647101130357413,-0.7184070944786072,-0.7145080726699894,-0.7146994327369854,True
Cr3Mo,L12,111,-1.300261283558001,-0.8475731015205383,-0.8365508366753592,-0.8511726294171036,True
Cr3Nb,L12,111,-1.0583096311592897,-0.42343518137931824,-0.4255172830477918,-0.4191695803588496,True
Cr3Os,L12,111,-0.8185210117580652,-0.7629103064537048,-0.7605473909431794,-0.7614255057915934,True
Cr3Pb,L12,111,-0.57807346865863,-0.6949475407600403,-0.6920323098570046,-0.6888815402087674,True
Cr3Pd,L12,111,-0.90646834046035,-0.9272390604019165,-0.917687735204631,-0.9235313986602948,True
Cr3Pt,L12,111,-0.877356649557413,-0.8336490392684937,-0.8266308473071046,-0.8299413775268719,True
Cr3Re,L12,111,-0.9411810864575898,-0.8019038438796997,-0.7924630784885147,-0.805503371776265,True
Cr3Rh,L12,111,-0.8606802890562619,-0.8314515948295593,-0.8281737628466669,-0.8271859938090906,True
Cr3Ru,L12,111,-0.8355762908604163,-0.7458391785621643,-0.7437048470175606,-0.7443543779000529,True
Cr3Sc,L12,111,-0.7849714162575481,-0.9445235729217529,-0.9372207540357815,-0.93845757237048,True
Cr3Sn,L12,111,-0.6839200374588188,-0.7224733829498291,-0.7184643018598001,-0.7187657212082074,True
Cr3Ta,L12,111,-1.1572455969571536,-0.9123551845550537,-0.899089554386238,-0.915954712451619,True
Cr3Tc,L12,111,-0.942017292359168,-1.0525990724563599,-1.0464161225219044,-1.0483334714358912,True
Cr3Ti,L12,111,-0.8945411827580472,-0.6936160326004028,-0.6921488862762066,-0.6893504315799341,True
Cr3Tl,L12,111,-0.6750760656568389,-0.8282361626625061,-0.8249985279544961,-0.8267513620003947,True
Cr3W,L12,111,-0.6389513208586948,-1.0668079853057861,-1.0573553861960114,-1.0607419847545132,True
Cr3Zn,L12,111,-0.9649200256598932,-0.9778867959976196,-0.9669646252678017,-0.9741791342559979,True
Cr3Zr,L12,111,0.2859297384430022,-0.5075942277908325,-0.5083452308056557,-0.5111937556873978,True
CrCu3,L12,111,-0.4180159726592762,-0.4590608477592468,-0.4607665043286003,-0.45757604709713534,True
CrGa3,L12,111,0.594557716839546,0.04527059942483902,0.028499710867887905,0.04897826116646072,True
CrHf3,L12,111,-1.0657992924561484,-1.0329393148422241,-1.0270146265681823,-1.0286737138217554,True
CrHg3,L12,111,-0.1804063048575415,-0.1768229752779007,-0.18230782280844904,-0.17533817461578924,True
CrIn3,L12,111,-0.0966771488592428,0.04361461102962494,0.033545796975395864,0.049680611580897906,True
CrIr3,L12,111,-0.3149695913589028,-0.31997889280319214,-0.3272269042033355,-0.32357842069975734,True
CrLa3,L12,111,-0.7116176887566041,-0.7611880898475647,-0.7531572870022389,-0.76478761774413,True
CrMo3,L12,111,-0.8125506980568105,-0.8051761984825134,-0.8003231295194316,-0.7991101979312405,True
CrNb3,L12,111,0.1918173987405964,-1.0397499799728394,-1.022072743182795,-1.0433495078694046,True
CrNi3,L12,111,-0.5695141278547169,-0.39792147278785706,-0.4003387369173064,-0.3936558717673884,True
CrOs3,L12,111,-0.4492223958577312,-0.503909707069397,-0.5050148333051184,-0.5024249064072855,True
CrPb3,L12,111,-0.1826358695606984,-0.0008488206658512354,-0.01637142832236909,0.0028588410757704693,True
CrPd3,L12,111,-0.225745368460565,-0.24962791800498962,-0.25399324987965566,-0.245362316984521,True
CrPt3,L12,111,-0.2013498185615105,-0.24948963522911072,-0.254405628086956,-0.24342363467783776,True
CrRe3,L12,111,-0.6771724306554177,-0.6563938856124878,-0.6541733303598226,-0.6526862238708661,True
CrRh3,L12,111,-0.4214436547581215,-0.4462067186832428,-0.44798968059884087,-0.44194111766277416,True
CrRu3,L12,111,-0.510914140558242,-0.5365486741065979,-0.5364181215150956,-0.530482673555325,True
CrSc3,L12,111,-1.0741549560579813,-1.0150610208511353,-0.9982387481526409,-1.0186605487477005,True
CrSn3,L12,111,-0.0349400971599322,0.19898107647895813,0.18872256392190953,0.20324667749942676,True
CrTa3,L12,111,-1.124859152157086,-1.0563699007034302,-1.0471008048498354,-1.0503039001521572,True
CrTc3,L12,111,-0.6237930834567749,-0.6428002715110779,-0.6388691689834398,-0.6463997994076431,True
CrTi3,L12,111,-1.0720474343570174,-1.0446906089782715,-1.0385546294101788,-1.04320580831616,True
CrTl3,L12,111,-0.2586869254582495,0.15310120582580566,0.14319864329427298,0.15458600648791712,True
CrV3,L12,111,-1.033015153158857,-1.0679603815078735,-1.0546002543552537,-1.064252719766252,True
CrW3,L12,111,-1.2157972840568334,-0.7678442597389221,-0.7654020095723176,-0.7635786587184534,True
CrY3,L12,111,-1.02772308335895,-1.0379105806350708,-1.0318653862674405,-1.0364257799729593,True
CrZn3,L12,111,-0.3669187081604548,-0.36633941531181335,-0.36920116968185646,-0.36027341476054037,True
CrZr3,L12,111,-1.0105652172596535,-1.004721999168396,-0.9882577606922811,-1.0083215270649613,True
Cu3Fe,L12,111,-0.2306666832582493,-0.11761150509119034,-0.12388919963040321,-0.11612670442907887,True
Cu3Ga,L12,111,-0.0548152919572828,0.1419847309589386,0.1301865539032089,0.14805073151021156,True
Cu3Hf,L12,111,-0.3078211607562195,-0.32396766543388367,-0.3307446496263412,-0.320260003692262,True
Cu3Hg,L12,111,0.0490189950442356,0.07890095561742783,0.057839970346600184,0.07530142772086261,True
Cu3In,L12,111,-0.0177097128607499,0.0895993560552597,0.06816789148774405,0.08599982815869449,True
Cu3Ir,L12,111,-0.4423089356559728,-0.37564021348953247,-0.3783501768035515,-0.37137461246906384,True
Cu3La,L12,111,-0.3049759384584547,0.3212130069732666,0.3090594120279013,0.3226978076353781,True
Cu3Mn,L12,111,-0.1645476464609316,-0.2636474072933197,-0.26831450417330993,-0.2575814067420467,True
Cu3Mo,L12,111,-0.4550276725558149,-0.38572728633880615,-0.3908326676567693,-0.38201962459718447,True
Cu3Nb,L12,111,-0.3839594291630135,-0.4024830460548401,-0.40687398729312807,-0.4060825739514053,True
Cu3Ni,L12,111,-0.1902417235605469,-0.2976236939430237,-0.30135852624440457,-0.29335809292255505,True
Cu3Os,L12,111,-0.5754687950529558,-0.46501588821411133,-0.4666418062463836,-0.46353108755199984,True
Cu3Pb,L12,111,0.0587923717403384,0.07718605548143387,0.06830000376567827,0.07867085614354534,True
Cu3Pd,L12,111,-0.0551279507553488,-0.20814067125320435,-0.2137835857464171,-0.20207467070193139,True
Cu3Pt,L12,111,-0.158058683758071,-0.2476624846458435,-0.25650476583454507,-0.2439548229042218,True
Cu3Re,L12,111,-0.6107450888584651,-0.4228345453739166,-0.4265207261951599,-0.42643407327048183,True
Cu3Rh,L12,111,-0.3278170380644667,-0.32404765486717224,-0.32743536711972454,-0.3197820538467036,True
Cu3Ru,L12,111,-0.4284463683570436,-0.3348463177680969,-0.3382152182701818,-0.33336151710598544,True
Cu3Sc,L12,111,-0.2619633121566664,-0.3140142261981964,-0.31779586605953136,-0.3079482256469234,True
Cu3Sn,L12,111,0.0268425335389395,0.3365577459335327,0.3119027994067828,0.3402654076751544,True
Cu3Ta,L12,111,-0.4375084393604709,-0.44553983211517334,-0.44700923003976756,-0.43947383156390035,True
Cu3Tc,L12,111,-0.4785883771537271,-0.44740042090415955,-0.45083654021066644,-0.44369275916253786,True
Cu3Ti,L12,111,-0.3270285881580719,-0.2889978587627411,-0.29731872509747687,-0.2925973866593063,True
Cu3V,L12,111,-0.3820026585590028,-0.4131883382797241,-0.41540504825644037,-0.4089227372592555,True
Cu3W,L12,111,-0.5425994841561703,-0.5361785292625427,-0.5368515730137677,-0.5346937286004313,True
Cu3Y,L12,111,-0.1741815647537521,-0.2895399332046509,-0.29375183519051445,-0.2834739326533779,True
Cu3Zn,L12,111,-0.0336309574549602,0.051761120557785034,0.03481455777188258,0.05546878229940674,True
Cu3Zr,L12,111,-0.2857530006576496,-0.2886943519115448,-0.2970257285095133,-0.29229387980811,True
CuFe3,L12,111,0.3254214839480767,-0.21096999943256378,-0.21584316352137034,-0.20670439841209515,True
CuGa3,L12,111,0.5065819522360755,0.5035218596458435,0.48536779998603463,0.5095878601971164,True
CuHf3,L12,111,-1.0394257471552637,-1.0776078701019287,-1.0586196369072705,-1.081207397998494,True
CuHg3,L12,111,0.5045968818422182,0.43988049030303955,0.42613792688776325,0.44136529096515104,True
CuIn3,L12,111,0.2898759334430281,0.5047726631164551,0.486596614124461,0.510838663667728,True
CuIr3,L12,111,-0.2681845147589854,-0.2727542221546173,-0.281637596043749,-0.2763537500511825,True
CuLa3,L12,111,-0.6943588686580995,-0.4631158709526062,-0.4647672303900225,-0.4616310702904947,True
CuMo3,L12,111,-0.9551784862551074,-0.9378688931465149,-0.9280298579744771,-0.9341612314048932,True
CuNb3,L12,111,-1.026397208660427,-1.0141077041625977,-1.0084303985439194,-1.009842103142129,True
CuNi3,L12,111,-0.3829591386592881,-0.3505263328552246,-0.3536660838339915,-0.3444603323039516,True
CuOs3,L12,111,-0.2488992628632047,-0.33265987038612366,-0.33946874701247154,-0.33625939828268886,True
CuPb3,L12,111,0.2307397458435218,0.4646977186203003,0.43027681900971937,0.4610981907237351,True
CuPd3,L12,111,-0.2259924477611719,-0.21869416534900665,-0.22361835380974268,-0.2172093646868952,True
CuPt3,L12,111,-0.2333588415558267,-0.2520396411418915,-0.26076344900977766,-0.24833197940026977,True
CuRe3,L12,111,-0.5808688941606022,-0.6896094083786011,-0.6881948953291627,-0.6853438073581324,True
CuRh3,L12,111,-0.4119789911555642,-0.3848804533481598,-0.3875793921924665,-0.3833956526860483,True
CuRu3,L12,111,-0.4645354660596865,-0.34521484375,-0.3514167459742118,-0.3415071820083783,True
CuSc3,L12,111,-1.1997319551582848,-1.1313611268997192,-1.1241435142111558,-1.1270955258792505,True
CuSn3,L12,111,0.9081010234376948,0.40090250968933105,0.38455251519870526,0.40696851024060404,True
CuTa3,L12,111,-1.0334242763555892,-1.0446356534957886,-1.0319068398425153,-1.040927991754167,True
CuTc3,L12,111,-0.6146530516625432,-0.6982739567756653,-0.6967456213333123,-0.6940083557551966,True
CuTi3,L12,111,-1.078655038657388,-1.0908942222595215,-1.0810181831146721,-1.0848282217082486,True
CuTl3,L12,111,0.2815080247465005,0.5392683744430542,0.5022651370069903,0.5356688465464889,True
CuV3,L12,111,-1.039755685159406,-1.0342814922332764,-1.028339172360291,-1.0300158912128077,True
CuW3,L12,111,-0.938827165758056,-0.9894763827323914,-0.9813832860043692,-0.9834103821811184,True
CuY3,L12,111,-1.0598673468584536,-0.9588448405265808,-0.943969300993493,-0.9624443684231461,True
CuZn3,L12,111,0.4088329470332894,0.3348306715488434,0.32249473482764146,0.33631547221095487,True
CuZr3,L12,111,-1.0128132858580727,-1.0798784494400024,-1.0732713014654596,-1.078393648777891,True
Fe3Ga,L12,111,-0.40121212685969,0.3358530104160309,0.31121713845449933,0.33956067215765257,True
Fe3Hf,L12,111,-0.6587663785603297,-0.5905292630195618,-0.5884082746838201,-0.594128790916127,True
Fe3In,L12,111,1.7738788211436542,-0.009126809425652027,-0.016651499459870205,-0.004861208405183388,True
Fe3La,L12,111,-0.3568645100594665,-0.4302261471748352,-0.4323179030258312,-0.4287413465127237,True
Fe3Mo,L12,111,-0.5932589175563123,-0.6515915393829346,-0.6494385141652071,-0.6455255388316616,True
Fe3Nb,L12,111,-0.6470126933627114,-0.7254300117492676,-0.7213409057315021,-0.7217223500076458,True
Fe3Pb,L12,111,0.3508256236391673,0.46282923221588135,0.43475658693477537,0.46653689395750303,True
Fe3Sc,L12,111,-0.4845928411586726,-0.6797333359718323,-0.6745232632069644,-0.6833328638683975,True
Fe3Sn,L12,111,0.0060096341412929,0.2877154052257538,0.2762912284968659,0.2919810062462224,True
Fe3Ta,L12,111,-0.6617877945600128,-0.676622211933136,-0.6754147019109098,-0.6751374112710246,True
Fe3Ti,L12,111,-0.753943499758833,-0.6650673151016235,-0.662677383514755,-0.6590013145503506,True
Fe3Tl,L12,111,0.1637329375453475,1.0525765419006348,1.0085416338392563,1.0562842036422564,True
Fe3V,L12,111,-0.6768769149557272,-0.6648761630058289,-0.6601805853772388,-0.6684756909023941,True
Fe3W,L12,111,-0.6227423158552199,-0.7205712199211121,-0.7187499750586305,-0.7163056189006434,True
Fe3Y,L12,111,-0.3135951443609599,-0.5402843952178955,-0.5408314997324729,-0.5360187941974268,True
Fe3Zn,L12,111,0.1811625092387032,-0.2414207011461258,-0.24604057921113553,-0.23993590048401434,True
Fe3Zr,L12,111,-0.5071444115592101,-0.5064137578010559,-0.5068129820294819,-0.500347757249783,True
FeGa3,L12,111,0.3900788612382087,0.2695784568786621,0.2419144222106851,0.2659789289820969,True
FeHg3,L12,111,0.2407363919419651,-0.0216183140873909,-0.030540322513466917,-0.015552313536117933,True
FeIn3,L12,111,0.1704322442429031,0.603364884853363,0.5714884629707229,0.6070725465949848,True
FeIr3,L12,111,-0.2623596459588668,-0.18864184617996216,-0.19380832547876106,-0.18437624515949352,True
FeLa3,L12,111,-0.6816263899590638,-0.6658822894096375,-0.6634780304394491,-0.6598162888583645,True
FeMo3,L12,111,-0.8273882493585631,-0.8102163076400757,-0.8038323524335984,-0.806508645898454,True
FeNb3,L12,111,-0.9777507374555796,-0.9965571165084839,-0.9851296097520453,-0.9928494547668621,True
FeNi3,L12,111,-0.2995592403594571,-0.2111753225326538,-0.21604578938145408,-0.20690972151218517,True
FeOs3,L12,111,-0.3028444708606628,-0.2956499755382538,-0.2997544619678801,-0.2895839749869808,True
FePb3,L12,111,0.8329180107439527,0.12318625301122665,0.10059169401342803,0.11958672511466144,True
FePd3,L12,111,-0.1593976198628013,-0.15715719759464264,-0.16273727698866042,-0.152891596574174,True
FePt3,L12,111,-0.2436605272586973,-0.27451494336128235,-0.2789909871571967,-0.26844894281000936,True
FeRe3,L12,111,-0.5837384705582451,-0.5558493733406067,-0.556350183492484,-0.552141711598985,True
FeRh3,L12,111,-0.323354779257869,-0.09334723651409149,-0.0997655595336435,-0.08908163549362286,True
FeRu3,L12,111,-0.4449698007583436,-0.32230594754219055,-0.3259418175689318,-0.31623994699091756,True
FeSc3,L12,111,-1.139676566958741,-1.0224432945251465,-1.0103151453595043,-1.0187356327835249,True
FeSn3,L12,111,1.0284722127408088,0.1658155620098114,0.1559927303499229,0.17008116303028004,True
FeTa3,L12,111,-1.0007093901576525,-1.0836786031723022,-1.0739294158061365,-1.0776126026210293,True
FeTc3,L12,111,-0.6634664647562829,-0.6035706996917725,-0.600998094096591,-0.6071702275883377,True
FeW3,L12,111,-0.8384083155569613,-0.7831963896751404,-0.7775437629949233,-0.7794887279335186,True
FeZn3,L12,111,-0.0498769700706986,-0.2681342661380768,-0.2723964471212906,-0.2666494654759653,True
FeZr3,L12,111,-0.9623771219584968,-0.9913891553878784,-0.9859668871649585,-0.989904354725767,True
Ga3Hf,L12,111,0.1781995977444523,0.12156358361244202,0.10272772817578667,0.10740733010965324,False
Ga3Hg,L12,111,0.5644650556432964,0.5488389134407043,0.5115042538843545,0.5422245103257687,False
Ga3In,L12,111,0.6012831464477415,0.6147422194480896,0.5990220341061484,0.6059903059298541,False
Ga3Ir,L12,111,0.6911115981429532,0.0436437614262104,0.03520684409981505,0.037037182896636475,False
Ga3La,L12,111,0.0479245532415291,0.08923133462667465,0.078360571016065,0.09529733517794761,True
Ga3Mn,L12,111,0.4074263905431792,0.2880277633666992,0.27366212561198466,0.2940937639179722,True
Ga3Mo,L12,111,0.046970658143465,0.15330824255943298,0.13361317745846757,0.1391519890566442,False
Ga3Nb,L12,111,0.0223428591425829,-0.004269017372280359,-0.022449875536458788,-0.010883420487216019,False
Ga3Ni,L12,111,0.4735695095451149,0.3395601511001587,0.3274549125588086,0.3438257521206273,True
Ga3Os,L12,111,-0.3149883671567011,-0.04038316011428833,-0.04769494926567637,-0.04698973864386226,False
Ga3Pb,L12,111,0.5562084414423509,0.4958696663379669,0.4778501335039511,0.48551970016560486,False
Ga3Pd,L12,111,0.6394286086370187,0.44285038113594055,0.415318488929497,0.4286941276331518,False
Ga3Pt,L12,111,0.2603411055397657,0.4672950506210327,0.43278420693530817,0.46068064750609705,False
Ga3Re,L12,111,-0.2485407528574512,0.036715131253004074,0.017115016196518746,0.030100728138068415,False
Ga3Rh,L12,111,0.2696450858429955,0.3456260859966278,0.3334411619144348,0.3368741724783923,False
Ga3Ru,L12,111,0.0291610795402732,0.18002359569072723,0.16976053989322437,0.17341701716115332,False
Ga3Sc,L12,111,0.1595534051384959,0.11354902386665344,0.10225075125144129,0.1196150244179264,True
Ga3Sn,L12,111,0.5496465522456049,0.5851749777793884,0.553790888921241,0.5710187242765996,False
Ga3Ta,L12,111,-0.1911548015623054,-0.23108184337615967,-0.24140830716184863,-0.23769624649109533,False
Ga3Tc,L12,111,0.0277869046413172,0.1144588366150856,0.10531065585548673,0.10570692309685009,False
Ga3Ti,L12,111,0.296155368342653,0.1099255383014679,0.10060110191231647,0.11141033896357937,True
Ga3Tl,L12,111,0.4313262851437969,0.6023352146148682,0.5864173675626899,0.5957286360852942,False
Ga3V,L12,111,0.1086517903468404,0.23436161875724792,0.2209394407135458,0.24042761930852088,True
Ga3W,L12,111,-0.20848545975511,-0.3080691993236542,-0.31527649576966044,-0.32222545282644294,False
Ga3Y,L12,111,0.0553859146466777,0.12428611516952515,0.10165346859394067,0.11767171205458948,False
Ga3Zn,L12,111,0.5717753939470924,0.5822519063949585,0.5669585321236904,0.5865175074154272,True
Ga3Zr,L12,111,0.2215267875444908,0.09639085829257965,0.08724765250831681,0.08978427976300572,False
GaHf3,L12,111,-1.042542539055802,-1.0725418329238892,-1.0590577029479982,-1.086698086426678,False
GaHg3,L12,111,0.7381302843432707,0.7081947326660156,0.6734809573092307,0.6940384791632268,False
GaIn3,L12,111,0.6319875195413545,0.6521280407905579,0.6359167342209118,0.6433761272723224,False
GaIr3,L12,111,-0.2727171149590219,-0.29268133640289307,-0.2968380120002177,-0.3030313025752551,False
GaLa3,L12,111,-0.6963548236589929,-0.724660336971283,-0.7178944686620906,-0.7282598648678482,True
GaMo3,L12,111,-0.8959656986616835,-0.7975902557373047,-0.7947629725297192,-0.8041968342668786,False
GaNb3,L12,111,-1.0163262754567484,-1.007899522781372,-0.9961650193392084,-1.0220557762841609,False
GaNi3,L12,111,-0.566984149560966,-0.42361438274383545,-0.4256941303221489,-0.4193487817233668,True
GaOs3,L12,111,-0.3065584165587722,-0.34512338042259216,-0.34835467011451166,-0.3517299589521661,False
GaPb3,L12,111,0.6936501481477819,0.6153398156166077,0.5831392769665326,0.6011835621138188,False
GaPd3,L12,111,-0.2286773950608847,-0.19185930490493774,-0.19698351785188561,-0.20061121842317325,False
GaPt3,L12,111,-0.33819219456106,-0.23802530765533447,-0.24314284529077496,-0.2483752738276965,False
GaRe3,L12,111,-0.5275522691581216,-0.547519862651825,-0.5482461216294315,-0.5616761161546138,False
GaRh3,L12,111,-0.3767198405539318,-0.3857508599758148,-0.3883280041370928,-0.39450277349405033,False
GaRu3,L12,111,-0.4510052858522329,-0.38482075929641724,-0.38752049744954387,-0.39142733782599115,False
GaSc3,L12,111,-1.1606232099574925,-1.1521902084350586,-1.136550293635646,-1.148482546693437,True
GaSn3,L12,111,0.5841722200430297,0.6240550875663757,0.608212563138132,0.6153031740481403,False
GaTa3,L12,111,-1.0281375126569117,-1.013055443763733,-1.0073919612309303,-1.0218073572819684,False
GaTc3,L12,111,-0.5397026962591269,-0.5610383749008179,-0.560477289313099,-0.5713883410731799,False
GaTi3,L12,111,-1.0903123954585396,-1.083552360534668,-1.0643582731426942,-1.0871518884312332,True
GaTl3,L12,111,0.498617044148915,0.5506152510643005,0.5353899390608216,0.5440086725347266,False
GaV3,L12,111,-1.0459566152630655,-1.0031856298446655,-0.994851522281733,-0.9971196292933926,True
GaW3,L12,111,-0.92254373765806,-0.9170039296150208,-0.9035773161468504,-0.9236183327299564,False
GaY3,L12,111,-1.1026086756564553,-1.0953549146652222,-1.0885405354039062,-1.101961493194796,False
GaZn3,L12,111,0.4639421219553981,0.5573017597198486,0.5266720950428577,0.5610094214614704,True
GaZr3,L12,111,-1.0671291127573284,-1.0632117986679077,-1.0447220929354566,-1.0698262017828433,False
Hf3Hg,L12,111,-1.1037337303559696,-1.0984992980957031,-1.0916428152522757,-1.105105876625277,False
Hf3In,L12,111,-1.0809342641577755,-1.088501214981079,-1.078667245300541,-1.0988511811534412,False
Hf3Ir,L12,111,-1.0621359599562936,-1.0556260347366333,-1.042599752403909,-1.0697822882394221,False
Hf3La,L12,111,-0.8797006381600738,-0.9019579887390137,-0.8890524073284995,-0.9055575166355789,True
Hf3Mn,L12,111,-1.0208296234586385,-1.0201246738433838,-1.0143683259185428,-1.015859072822915,True
Hf3Mo,L12,111,-1.103110181457822,-0.9938990473747253,-0.9884872140654826,-1.0026509608929608,False
Hf3Nb,L12,111,-1.059876598758791,-1.0368705987930298,-1.0308393298775107,-1.0434771773226037,False
Hf3Ni,L12,111,-1.0183171963571738,-1.026231288909912,-1.0174920348435363,-1.0201652883586392,True
Hf3Os,L12,111,-1.1064650729558425,-1.0815811157226562,-1.0678523260340211,-1.095737369225445,False
Hf3Pb,L12,111,-1.0606635519606868,-1.1099519729614258,-1.0898436825629807,-1.1165663760763613,False
Hf3Pd,L12,111,-1.0477418181571636,-1.0706170797348022,-1.0641974350979801,-1.0793689932530377,False
Hf3Pt,L12,111,-1.065279963258007,-1.0573960542678833,-1.0510899476237383,-1.0640026327974572,False
Hf3Re,L12,111,-1.1010495994587188,-1.0730804204940796,-1.0635175509347847,-1.0834303866664416,False
Hf3Rh,L12,111,-1.084838417455984,-1.0453474521636963,-1.039202677405194,-1.0519540306932702,False
Hf3Ru,L12,111,-1.1211457506569502,-1.0940028429031372,-1.084072153692489,-1.1043528090754993,False
Hf3Sc,L12,111,-0.997516270256682,-1.0057661533355713,-0.9940893922571998,-1.0020584915939497,True
Hf3Sn,L12,111,-1.0387681840574885,-1.083312749862671,-1.0641269600469336,-1.0899271529776065,False
Hf3Ta,L12,111,-1.0555910779575868,-1.0576287508010864,-1.051379728176105,-1.0663806643193219,False
Hf3Tc,L12,111,-1.1359518727576583,-1.0672916173934937,-1.0608530082528147,-1.0738981959230676,False
Hf3Ti,L12,111,-1.0413520409556156,-1.027886986732483,-1.0191186252241515,-1.02182098618121,True
Hf3Tl,L12,111,-1.0971772834591036,-1.0794812440872192,-1.065809290101434,-1.093637497590008,False
Hf3V,L12,111,-1.0617528235588622,-1.0352097749710083,-1.0227360847366582,-1.0315021132293867,True
Hf3W,L12,111,-1.1007051032565585,-1.0475507974624634,-1.029603422964082,-1.054165200577399,False
Hf3Y,L12,111,-0.9765232318559072,-0.9854060411453247,-0.9801057767543646,-0.9941579546635602,False
Hf3Zn,L12,111,-1.0627718899549734,-1.0761260986328125,-1.0695691949792359,-1.074641297970701,True
Hf3Zr,L12,111,-0.9944119956589644,-1.0196666717529297,-1.011042824743478,-1.0300166379252917,False
HfHg3,L12,111,-0.1993945445564975,-0.13175822794437408,-0.14552420994622126,-0.13837263105930975,False
HfIn3,L12,111,-0.0743499362569934,0.04300687462091446,0.034797327119497956,0.034254961102678956,False
HfIr3,L12,111,-0.5797401659574177,-0.553260862827301,-0.5528365071900319,-0.5636108289996631,False
HfLa3,L12,111,-0.8007995980578642,-0.7867531776428223,-0.7778370708867679,-0.7903527055393875,True
HfMo3,L12,111,0.1442090417413339,-0.8049058318138123,-0.8019805923725676,-0.8115124103433862,False
HfNb3,L12,111,-0.9739582868560036,-1.0317100286483765,-1.0228744574299493,-1.0420599948207385,False
HfNi3,L12,111,-0.4243616674566226,-0.4876644015312195,-0.48910556267376304,-0.4912639294277847,True
HfOs3,L12,111,-0.634295861257641,-0.6330922245979309,-0.6324675850928038,-0.6396988031275048,False
HfPb3,L12,111,-0.2648338410571966,-0.23441098630428314,-0.24361193618936827,-0.24856723980707193,False
HfPd3,L12,111,-0.3219042764567064,-0.4345587491989136,-0.4383424447214217,-0.44871500270170234,False
HfPt3,L12,111,-0.3124061429579967,-0.3457023799419403,-0.3488056235167307,-0.3544542934601758,False
HfRe3,L12,111,-0.7863235499598602,-0.7666842341423035,-0.7625078602877858,-0.7770342003146655,False
HfRh3,L12,111,-0.6121823941602713,-0.6388018727302551,-0.6350092323939329,-0.6454162758451908,False
HfRu3,L12,111,-0.6367160417566708,-0.6344022154808044,-0.6337129352437133,-0.6431541289990399,False
HfSc3,L12,111,-1.0084736143571431,-0.9987212419509888,-0.9904656190666682,-0.9926552413997158,True
HfSn3,L12,111,-0.1010761411589271,0.24004629254341125,0.21340493930675442,0.2334318894284756,False
HfTc3,L12,111,-0.7590604644601342,-0.5987822413444519,-0.5975576123330989,-0.609132207516814,False
HfTi3,L12,111,-1.0188369337547272,-1.0188539028167725,-1.0068229051136794,-1.0151462410751508,True
HfTl3,L12,111,-0.2527024619584779,-0.10450268536806107,-0.11077446412189867,-0.11325459888629658,False
HfV3,L12,111,-0.9497764824581908,-0.9607749581336975,-0.9531864372039667,-0.9547089575824246,True
HfW3,L12,111,-0.8350277092567637,-0.928778350353241,-0.9149439956400731,-0.9353927534681766,False
HfY3,L12,111,-0.9774296430577748,-1.0009407997131348,-0.9954364619749548,-1.0096927132313702,False
HfZn3,L12,111,-0.4376459928525662,-0.3568301200866699,-0.3598590494418053,-0.35076411953539693,True
HfZr3,L12,111,-1.0042099986594335,-1.0092304944992065,-0.9926101294891312,-1.015844897614142,False
Hg3In,L12,111,0.8916720144416388,0.8307644724845886,0.8122064970309625,0.8220125589663532,False
Hg3Ir,L12,111,-0.4706965316572393,-0.4677959680557251,-0.4693846605643054,-0.474402546585299,False
Hg3La,L12,111,0.1817358530434205,-0.009281287901103497,-0.01680394861897143,-0.005015686880634858,True
Hg3Mn,L12,111,0.2647281248437423,0.2939828038215637,0.2821938237902696,0.2954676044836752,True
Hg3Mo,L12,111,-0.3751806285572172,-0.18206650018692017,-0.18816780292616975,-0.1924164663592822,False
Hg3Nb,L12,111,-0.1928276213611468,-0.1726100891828537,-0.18348375913585427,-0.1867663426856425,False
Hg3Ni,L12,111,0.289998520643195,0.09942252933979034,0.07765089407565093,0.09582300144322513,True
Hg3Os,L12,111,-0.787379895856219,-0.47101494669914246,-0.4724720137443632,-0.47976686021737797,False
Hg3Pb,L12,111,0.6891276161450435,1.0090038776397705,0.9876406999450631,1.0023972991101966,False
Hg3Pd,L12,111,0.5965457805405379,0.4864678680896759,0.46861362042609445,0.47611790191731385,False
Hg3Pt,L12,111,0.0090330909415854,0.07787930965423584,0.06720811652288913,0.0675293434818738,False
Hg3Re,L12,111,-0.8287088178576312,-0.5916255712509155,-0.5911580529968038,-0.6057818247537043,False
Hg3Rh,L12,111,0.0434598453403225,-0.1395982801914215,-0.15309276580842482,-0.14621268330635717,False
Hg3Ru,L12,111,-0.3705628567613246,-0.35925981402397156,-0.36218495950082524,-0.36801172754220707,False
Hg3Sc,L12,111,0.1024470506390855,0.11003191024065018,0.10070604952149106,0.11151671090276165,True
Hg3Sn,L12,111,0.9812795097432456,0.7011150121688843,0.6794872321601649,0.6907650459965222,False
Hg3Ta,L12,111,-0.4207137093571589,-0.34792810678482056,-0.35405657108597177,-0.3620843602876093,False
Hg3Tc,L12,111,-0.4845306630586208,-0.4769173562526703,-0.4787306812340426,-0.48353175936760595,False
Hg3Ti,L12,111,0.0201403697401758,-0.09635046124458313,-0.11134259332189804,-0.09994998914114835,True
Hg3Tl,L12,111,1.1242690733425036,0.728082001209259,0.7108729205918481,0.7193300876910236,False
Hg3V,L12,111,-0.1222019711594555,-0.17491695284843445,-0.18042732219387583,-0.173432152186323,True
Hg3W,L12,111,-0.6456587909551388,-0.7179158329963684,-0.7145968157115564,-0.7282657991687305,False
Hg3Y,L12,111,0.0936524674407621,0.1343775987625122,0.11519491566977964,0.12022134525972343,False
Hg3Zn,L12,111,0.7714689915419797,0.5429257154464722,0.5057958264487502,0.5393261875499069,True
Hg3Zr,L12,111,-0.0647505763581364,-0.07250268757343292,-0.07919483634026263,-0.08125460109166843,False
HgIn3,L12,111,0.6789447081401079,0.6944737434387207,0.677322153047112,0.6878671649091468,False
HgIr3,L12,111,-0.3980947907575398,-0.38110336661338806,-0.3837055682741812,-0.3914533327857501,False
HgLa3,L12,111,-0.7385569588577425,-0.6457424759864807,-0.641709486653325,-0.649342003883046,True
HgMo3,L12,111,-0.8987178580564148,-0.851239800453186,-0.8455769257378984,-0.8615897666255481,False
HgNb3,L12,111,-1.0770148725559636,-1.042209506034851,-1.0331893522649307,-1.0525594722072131,False
HgPb3,L12,111,0.7374540815408466,0.694719135761261,0.6779483285547371,0.6859672222430255,False
HgPd3,L12,111,-0.2826902233600492,-0.21486282348632812,-0.22038756142988564,-0.22521278965869015,False
HgPt3,L12,111,-0.3030497807585277,-0.36527082324028015,-0.37095040180492805,-0.3718852263552158,False
HgRe3,L12,111,-0.5835288068583111,-0.6521888375282288,-0.6479326144972822,-0.6588032406431644,False
HgRh3,L12,111,-0.4347795456587562,-0.40587398409843445,-0.4082918176433089,-0.41248056262800836,False
HgRu3,L12,111,-0.4324333802569242,-0.3389548659324646,-0.3422980452163275,-0.34930483210482666,False
HgSc3,L12,111,-1.1866740283576007,-1.1365163326263428,-1.1154881341217453,-1.140115860522908,True
HgSn3,L12,111,0.6001172747428711,0.7451974153518677,0.7277634970044148,0.7364455018336322,False
HgTa3,L12,111,-1.0718248452567138,-1.095219612121582,-1.088407044573717,-1.101826190651156,False
HgTc3,L12,111,-0.5585816822594722,-0.5367067456245422,-0.5365734141095729,-0.5470567117969043,False
HgTi3,L12,111,-1.1292660357566715,-1.070324182510376,-1.0515881791207147,-1.0739237104069412,True
HgTl3,L12,111,0.7026299047402347,0.7687546610832214,0.7506084424013576,0.7621480825536475,False
HgV3,L12,111,-1.0455620502570753,-0.9638954997062683,-0.9562521191388331,-0.9578294991549954,True
HgW3,L12,111,-1.0320309174594229,-0.9678738713264465,-0.9572227131679039,-0.9820301248292354,False
HgY3,L12,111,-1.1136935050571708,-1.0709302425384521,-1.0521732516475044,-1.0775446456533877,False
HgZn3,L12,111,0.4417749122449379,0.602661669254303,0.5871001808308587,0.6069272702747717,True
HgZr3,L12,111,-1.0851435931571984,-1.0930771827697754,-1.0831627668175898,-1.1034271489421374,False
In3Ir,L12,111,-0.19088608906074,0.10624749958515167,0.08423951962713852,0.09963309647021601,False
In3La,L12,111,0.1284522899450451,0.10489002615213394,0.09586754668178031,0.10915562717260258,True
In3Mn,L12,111,0.3228660628419959,0.1565851867198944,0.13283404234819626,0.15298565882332918,True
In3Mo,L12,111,-0.1961359813567185,-0.020954085513949394,-0.028323405781119235,-0.029705999032184897,False
In3Nb,L12,111,-0.1775018977595834,-0.244032084941864,-0.24861699633868603,-0.25063866347143793,False
In3Ni,L12,111,0.205453431340203,0.40035873651504517,0.384018301646889,0.40642473706631815,True
In3Os,L12,111,-0.4251898458596486,-0.0021410048939287663,-0.017628637936963225,-0.016297258396717543,False
In3Pb,L12,111,0.7593290408413225,0.7050083875656128,0.6622656712372117,0.6983939844506771,False
In3Pd,L12,111,0.530727429443715,0.4186428487300873,0.4054987352849482,0.40989093521185177,False
In3Pt,L12,111,0.01643295474517,0.2760915458202362,0.2645421313721453,0.2694849672906623,False
In3Re,L12,111,-0.4833269675609415,-0.19151000678539276,-0.19679819361894846,-0.19811658531496668,False
In3Rh,L12,111,0.1841292303443253,0.1333029568195343,0.12165740679114645,0.12295299064717226,False
In3Ru,L12,111,-0.0759111894576278,0.16404461860656738,0.14405895980053904,0.1498883651037786,False
In3Sc,L12,111,0.250460107840837,0.07881465554237366,0.05775665879224086,0.07521512764580844,True
In3Sn,L12,111,0.5244443209421945,0.6588108539581299,0.6425117581868687,0.6500589404398944,False
In3Ta,L12,111,-0.4106174695579909,-0.28929778933525085,-0.2932765888045996,-0.29590436786482477,False
In3Tc,L12,111,-0.1724680638571669,-0.14401882886886597,-0.15078901597176153,-0.154368795041228,False
In3Ti,L12,111,0.1026631090435614,-0.0008676353609189391,-0.016389733773728737,0.0028400263807027656,True
In3Tl,L12,111,0.6774235917410181,0.6406264901161194,0.6077415353838137,0.6264702366133306,False
In3V,L12,111,-0.0649473146577008,-0.10917218029499054,-0.12372030380450792,-0.11277170819155576,True
In3W,L12,111,-0.4820219095590516,-0.20801375806331635,-0.21292575700551175,-0.21676567158155186,False
In3Y,L12,111,0.1816276878426208,0.09314316511154175,0.084043446236412,0.08653658658196782,False
In3Zn,L12,111,0.5155840222442123,0.5479118227958679,0.5289773802315267,0.5539778233471409,True
In3Zr,L12,111,0.1153042934393226,-0.055154066532850266,-0.06920683347853944,-0.06931032003563904,False
InIr3,L12,111,-0.4110567973575314,-0.4022236168384552,-0.40458436557805827,-0.4109755303566907,False
InLa3,L12,111,-0.7335825818581441,-0.7452473044395447,-0.7431208981436495,-0.7437625037774332,True
InMo3,L12,111,-0.8618099696568322,-0.884544849395752,-0.8722422747295179,-0.8911592525106876,False
InNb3,L12,111,-1.0141778006609172,-1.0354373455047607,-1.0294252679820357,-1.0420439240343347,False
InNi3,L12,111,-0.5471882758565414,-0.5035079121589661,-0.5046184184653364,-0.5020231114968546,True
InOs3,L12,111,-0.4874290836587249,-0.3937654197216034,-0.39865323871208824,-0.40792167322439216,False
InPb3,L12,111,0.7328836574424997,0.7836125493049622,0.765673988099013,0.7748606357867267,False
InPd3,L12,111,-0.2625199209569189,-0.2267628014087677,-0.23207833576944323,-0.23711276758112973,False
InPt3,L12,111,-0.3557186386596811,-0.4027746021747589,-0.40741857615672716,-0.4169308556775477,False
InRe3,L12,111,-0.5746485078588819,-0.6480623483657837,-0.6439490232205143,-0.6546767514807194,False
InRh3,L12,111,-0.4134156161553335,-0.4289732277393341,-0.4310817602963197,-0.435579806268908,False
InRu3,L12,111,-0.4733142667600702,-0.40818312764167786,-0.4126807129867859,-0.4223393811444666,False
InSc3,L12,111,-1.1649932221580173,-1.1333422660827637,-1.126098628032903,-1.129076665062295,True
InSn3,L12,111,0.5849059751426751,0.5966886281967163,0.5808463894538181,0.5900820496671424,False
InTa3,L12,111,-1.0621582732592003,-1.0570383071899414,-1.0439737999028225,-1.0711945606927302,False
InTc3,L12,111,-0.5714972935556659,-0.6208053231239319,-0.6202946593309228,-0.6295572366421673,False
InTi3,L12,111,-1.1078865956578454,-1.0764182806015015,-1.066796730908665,-1.0703522800502285,True
InTl3,L12,111,0.6974265439430667,0.6461198329925537,0.6130861939320692,0.6319635794897649,False
InV3,L12,111,-0.9724932259586864,-1.0251350402832031,-1.0193128733599073,-1.0208694392627344,True
InW3,L12,111,-0.9655457514554372,-0.8507093191146851,-0.8450557703491924,-0.8610592852870471,False
InY3,L12,111,-1.1210083331597789,-1.065735936164856,-1.0471588210397533,-1.0723503392797915,False
InZn3,L12,111,0.4803889544428159,0.5136278867721558,0.4775125643000392,0.5100283588755905,True
InZr3,L12,111,-1.091705890458769,-1.0685392618179321,-1.0620839466041447,-1.075145840347506,False
Ir3La,L12,111,-0.5874529606580552,-0.5771389603614807,-0.577063540699453,-0.573431298619859,True
Ir3Mn,L12,111,-0.3018482620563816,-0.23283769190311432,-0.2431033516900058,-0.23643721979967955,True
Ir3Mo,L12,111,-0.3286034469556114,-0.27434444427490234,-0.2783850859250288,-0.28309635779313785,False
Ir3Nb,L12,111,-0.4701523039575193,-0.47225573658943176,-0.47369650391908225,-0.4810076501076673,False
Ir3Ni,L12,111,-0.2619860336626232,-0.2457324117422104,-0.25029455560745184,-0.24424761108009893,True
Ir3Os,L12,111,-0.3043910297592163,-0.27406811714172363,-0.27855201621658615,-0.2844180833140857,False
Ir3Pb,L12,111,-0.4035197882576256,-0.41112983226776123,-0.41554766129553644,-0.42528608577055,False
Ir3Pd,L12,111,-0.3379501492590577,-0.3286280930042267,-0.33557658770315724,-0.33524249611916235,False
Ir3Pt,L12,111,-0.3562847715574833,-0.3474743664264679,-0.35055433218773147,-0.3562262799447034,False
Ir3Re,L12,111,-0.2139084164582243,-0.271533340215683,-0.27575000728569443,-0.2781399187452569,False
Ir3Rh,L12,111,-0.3174543988561424,-0.23858436942100525,-0.2436920786580073,-0.24893433559336728,False
Ir3Ru,L12,111,-0.2530911765597636,-0.24205127358436584,-0.24709803407194914,-0.2524012397567279,False
Ir3Sc,L12,111,-0.5486239484589248,-0.5473745465278625,-0.5481047386716216,-0.5436668847862408,True
Ir3Sn,L12,111,-0.3897569505561193,-0.4057062864303589,-0.4099856087556778,-0.41232068954529455,False
Ir3Ta,L12,111,-0.4661780812557197,-0.49183008074760437,-0.4930137084561558,-0.5005819942658398,False
Ir3Tc,L12,111,-0.2367538698590294,-0.2270096242427826,-0.2318224679473622,-0.2336162027723565,False
Ir3Ti,L12,111,-0.5300880979584406,-0.5061901807785034,-0.5065933355280171,-0.5001241802272305,True
Ir3Tl,L12,111,-0.4104955625579976,-0.22319354116916656,-0.23269810550747527,-0.23734979467195536,False
Ir3V,L12,111,-0.4171173167587483,-0.4085114300251007,-0.4126936118823536,-0.4121109579216659,True
Ir3W,L12,111,-0.2957284218600478,-0.35775989294052124,-0.3636995705911117,-0.3643742960554569,False
Ir3Y,L12,111,-0.6007035439569961,-0.5117715001106262,-0.5126931660912265,-0.5205234136288617,False
Ir3Zn,L12,111,-0.3074910866625657,-0.31151220202445984,-0.31519354847339986,-0.31002740136234835,True
Ir3Zr,L12,111,-0.5908406417574668,-0.5604095458984375,-0.5598595152287341,-0.5707595120707996,False
IrLa3,L12,111,-0.6590037978594125,-0.05593352019786835,-0.07232526710361287,-0.05953304809443357,True
IrMo3,L12,111,-0.8022590806567393,-0.8033002614974976,-0.8003922413012963,-0.812052175015733,False
IrNb3,L12,111,-1.0972035424592548,-1.0067474842071533,-0.9983507586545747,-1.0170974503795154,False
IrNi3,L12,111,-0.3343985194651111,-0.36489659547805786,-0.3705891333293725,-0.36849612337462306,True
IrOs3,L12,111,-0.2644799570580005,-0.23828183114528656,-0.24294373896708,-0.24488840967486047,False
IrPb3,L12,111,-0.37695004885515,-0.2676663100719452,-0.27226275397543226,-0.27801627624430725,False
IrPd3,L12,111,-0.4272943743589792,-0.36674121022224426,-0.37236987015301765,-0.3733556133371799,False
IrPt3,L12,111,-0.4133130292602516,-0.35363873839378357,-0.3567560066625924,-0.3602453169233575,False
IrRe3,L12,111,-0.6276868964586981,-0.5657721161842346,-0.5660043546509682,-0.5799283696870234,False
IrRh3,L12,111,-0.239029285755322,-0.3448569178581238,-0.3512434179249705,-0.35147132097305944,False
IrRu3,L12,111,-0.3956644059571488,-0.3480485677719116,-0.35124068893732135,-0.35465514630148554,False
IrSc3,L12,111,-1.1564397317588089,-1.015386700630188,-1.0034495471744629,-1.0116790388885664,True
IrSn3,L12,111,-0.1675660691571181,-0.09322474896907806,-0.09964468105408124,-0.10197666248731357,False
IrTa3,L12,111,-1.11518346435966,-1.1274558305740356,-1.1202116171087482,-1.1340624091036096,False
IrTc3,L12,111,-0.6508402466597261,-0.6436550617218018,-0.6417792989779205,-0.6578113152245906,False
IrTi3,L12,111,-1.058097790558321,-1.0919885635375977,-1.085288171040057,-1.087722962517129,True
IrTl3,L12,111,1.0518623019425206,-0.07181177288293839,-0.07985137198979489,-0.08216173905530043,False
IrV3,L12,111,-1.0334248206590644,-1.056956171989441,-1.0476767693895335,-1.050890171438168,True
IrW3,L12,111,-0.8566636166605974,-0.8032289743423462,-0.7937423204648708,-0.8098433774572819,False
IrY3,L12,111,-0.086833974956761,-0.9957202672958374,-0.9902400050878064,-1.0023268458254113,False
IrZn3,L12,111,-0.3938884549561123,-0.22201822698116302,-0.2315546026963279,-0.21831056523954132,True
IrZr3,L12,111,-1.0892386343575424,-1.0834133625030518,-1.0642240885309247,-1.0900277656179873,False
La3Mn,L12,111,-0.6969091194577857,-0.7186830639839172,-0.7169123553006007,-0.7171982633218058,True
La3Mo,L12,111,-0.6923620972583819,-0.6749246716499329,-0.6723614461022611,-0.6688586710986599,True
La3Nb,L12,111,-0.7849097824573334,-0.7852879166603088,-0.7795786801358399,-0.7815802549186871,True
La3Ni,L12,111,-0.064908810559217,-0.5588679313659668,-0.5578433562698857,-0.562467459262532,True
La3Os,L12,111,-0.6581620136593926,-0.5603432655334473,-0.5606268654181409,-0.5560776645129786,True
La3Pb,L12,111,-0.7877530999603266,-0.7527169585227966,-0.7504905328746206,-0.7512321578606852,True
La3Pd,L12,111,-0.6983046553604879,-0.25011757016181946,-0.25462099635420893,-0.248632769499708,True
La3Pt,L12,111,-0.006656856959097,-0.7607226371765137,-0.7566510691840801,-0.7546566366252407,True
La3Re,L12,111,-0.6596744223597568,-0.688553512096405,-0.6854625155540185,-0.6848458503547833,True
La3Rh,L12,111,-0.6802345276582571,-0.412858784198761,-0.4168904197452761,-0.4164583120953262,True
La3Ru,L12,111,-0.6836850672579828,-0.6939370632171631,-0.6924656996537844,-0.6896714621966944,True
La3Sc,L12,111,-0.7672402064553978,-0.7968590259552002,-0.7940415339813666,-0.7953742252930888,True
La3Sn,L12,111,-0.7636050377577419,-0.7338468432426453,-0.7302477561590343,-0.7277808426913723,True
La3Ta,L12,111,-0.8123674293592273,-0.8053123950958252,-0.7990611705341467,-0.8016047333542035,True
La3Tc,L12,111,-0.674320949757174,-0.6993716955184937,-0.6959878910501484,-0.6956640337768719,True
La3Ti,L12,111,-0.7609894794577201,-0.8073899149894714,-0.7977591701917257,-0.8109894428860367,True
La3Tl,L12,111,-0.7536168271608119,-0.7595700025558472,-0.7572364476967196,-0.7553044015353785,True
La3V,L12,111,-0.7504468369579342,-0.5776175260543823,-0.5777356978433866,-0.5761327253922709,True
La3W,L12,111,-0.7925120989593495,-0.7305580377578735,-0.727016768419413,-0.7244920372066006,True
La3Y,L12,111,-0.774886877358739,-0.7844528555870056,-0.7787662210550692,-0.7807451938453839,True
La3Zn,L12,111,-0.6909913237568333,-0.6179302334785461,-0.6148603656983301,-0.6215297613751114,True
La3Zr,L12,111,-0.7775393071596852,-0.7957322001457214,-0.7929235982703959,-0.7914665991252527,True
LaMo3,L12,111,-0.5860508940595253,-0.7393752336502075,-0.7373274549199733,-0.7378904329880961,True
LaNb3,L12,111,-0.7269528002570667,-0.7594284415245056,-0.7544191246617274,-0.7557207797828839,True
LaNi3,L12,111,1.153537365645235,-0.4019576907157898,-0.40432193281087236,-0.39769208969532116,True
LaOs3,L12,111,-0.7266028618605276,-0.6274078488349915,-0.6268593236419319,-0.62592304817288,True
LaPb3,L12,111,0.4671624531411282,0.09080987423658371,0.07280640715077644,0.09451753597820542,True
LaPd3,L12,111,-0.4584775318571417,-0.345340371131897,-0.3484483702585208,-0.34107477011142834,True
LaPt3,L12,111,-0.4477235928597736,-0.030924644321203232,-0.03968304592035186,-0.024858643769930265,True
LaRe3,L12,111,-0.8793428085582207,-0.6774869561195374,-0.6746954900229443,-0.6737792943779156,True
LaRh3,L12,111,-0.7599132691566126,-0.6007984280586243,-0.6005505861193075,-0.5965328270381556,True
LaRu3,L12,111,-0.6323063009612895,-0.7198722958564758,-0.7165188836305322,-0.7138062953052029,True
LaSc3,L12,111,-0.905740980158015,-0.89453125,-0.8818828521713403,-0.8981307778965653,True
LaSn3,L12,111,0.4416808969445185,0.12866245210170746,0.11932768464091673,0.1329280531221761,True
LaTa3,L12,111,-0.7127434237581554,-0.777330756187439,-0.7729672147119736,-0.771264755636166,True
LaTc3,L12,111,-0.7991037845594917,-0.7582331299781799,-0.7503046556501417,-0.7618326578747452,True
LaTi3,L12,111,-0.9534132838552694,-0.7912324666976929,-0.788490314867624,-0.7897476660355814,True
LaTl3,L12,111,0.2453630075406465,0.11686787009239197,0.10745047524474874,0.11835267075450344,True
LaV3,L12,111,-0.6446462553567187,-0.7151136994361877,-0.7113038175630017,-0.711406037694566,True
LaW3,L12,111,-0.6718834900557056,-0.7071649432182312,-0.7055198107651296,-0.7028993421977625,True
LaY3,L12,111,-0.9223803332579052,-0.8114435076713562,-0.8064802583746737,-0.8053775071200833,True
LaZn3,L12,111,-0.0141369941620439,-0.06056811660528183,-0.07447434538361945,-0.05686045486366013,True
LaZr3,L12,111,-0.9346391976605162,-0.8834726810455322,-0.8795114707440281,-0.8792070800250635,True
Mn3Mo,L12,111,-0.5378897378568297,-0.795264720916748,-0.7924685768333932,-0.7937799202546366,True
Mn3Ni,L12,111,-0.6458247804611972,-0.6826634407043457,-0.6799641663149171,-0.6765974401530728,True
Mn3Os,L12,111,-0.6139260995614393,-0.5440526008605957,-0.5448727056988459,-0.540344939118974,True
Mn3Re,L12,111,-0.6520610853612823,-0.5658450722694397,-0.5645788828993525,-0.569444600166005,True
Mn3Tc,L12,111,-0.5977541020538126,-0.6121007204055786,-0.6117044051816316,-0.6078351193851099,True
Mn3V,L12,111,-0.457629080857231,-0.7771198749542236,-0.7745557750764538,-0.7728542739337549,True
Mn3W,L12,111,-0.5946405754575323,-0.7701042890548706,-0.7676450454584568,-0.7686194883927592,True
MnMo3,L12,111,-0.8090834235581212,-0.8184545636177063,-0.8118476295105937,-0.8147469018760846,True
MnNb3,L12,111,-0.9277822010580792,-0.640786349773407,-0.6400132039488008,-0.6365207487529383,True
MnNi3,L12,111,-0.4143813481559562,-0.007052749395370483,-0.014810835798840356,-0.005567948733259014,True
MnOs3,L12,111,-0.3602912396517865,-0.38321760296821594,-0.38578263600370805,-0.37715160241694295,True
MnPb3,L12,111,0.0973611069430546,0.3412570357322693,0.31647489693619274,0.34496469747389097,True
MnPd3,L12,111,-0.3235214490550504,-0.004476326517760754,-0.022650005688512935,-0.008075854414325973,True
MnPt3,L12,111,-0.3015768285613092,-0.00900693703442812,-0.01653320177996283,-0.004741336013959481,True
MnRh3,L12,111,-0.3174666439581131,0.14584505558013916,0.12635199114926662,0.14955271732176087,True
MnRu3,L12,111,-0.3961298566564153,-0.420182466506958,-0.4243552744482326,-0.4164748047653363,True
MnSn3,L12,111,0.2053766951439968,0.49401935935020447,0.4795518715200948,0.49550416001231595,True
MnTa3,L12,111,-0.9561711576597816,-1.0382449626922607,-1.0256891212328039,-1.0345373009506391,True
MnTc3,L12,111,-0.5818177550563348,-0.5886989831924438,-0.5866413763675208,-0.5922985110890091,True
MnTi3,L12,111,-1.0072485578557178,-1.0449031591415405,-1.0388213070634318,-1.0406375581210718,True
MnTl3,L12,111,0.1456128770414864,0.4038521349430084,0.38745028555187355,0.4099181354942814,True
MnW3,L12,111,-0.856705930457764,-0.8391048908233643,-0.8357265208292821,-0.8348392898028956,True
MnY3,L12,111,-1.0687000260577122,-0.9539398550987244,-0.9464714964124534,-0.9478738545474514,True
MnZn3,L12,111,0.0107204689420825,-0.08982325345277786,-0.10293765465621364,-0.08611559171115615,True
MnZr3,L12,111,-0.9771543998567438,-0.989459753036499,-0.9841062368006077,-0.9851941520160303,True
Mo3Nb,L12,111,-0.8220423008596924,-0.5692480206489563,-0.5685426081292132,-0.5795979868213184,False
Mo3Ni,L12,111,-0.9021245872599764,-0.8426573872566223,-0.8353953728725765,-0.8389497255150006,True
Mo3Os,L12,111,-0.8011363389586847,-0.7386589050292969,-0.7314082745653405,-0.7452733081442325,False
Mo3Pb,L12,111,-0.7173124871578409,-0.6972987055778503,-0.6914803544244964,-0.703913108692786,False
Mo3Pd,L12,111,-0.9337080241557204,-0.8979148864746094,-0.8937639552199096,-0.9066667999928448,False
Mo3Pt,L12,111,-0.8804545295560899,-0.8328297734260559,-0.8295306298492175,-0.8394363519556298,False
Mo3Re,L12,111,-0.8338876883599085,-0.8909174203872681,-0.8845570065416947,-0.9012673865596301,False
Mo3Rh,L12,111,-0.8254814116580462,-0.8317475318908691,-0.824780806650806,-0.845903785393658,False
Mo3Ru,L12,111,-0.7930961913579893,-0.7366769909858704,-0.7294949930362016,-0.743291394100806,False
Mo3Sc,L12,111,-1.0760185276548953,-0.7085780501365662,-0.7069143543142596,-0.7043124491160975,True
Mo3Sn,L12,111,-0.7794485938565856,-0.6680505871772766,-0.666957851995561,-0.6746571657068505,False
Mo3Ta,L12,111,-0.8588636570557071,-0.7802901864051819,-0.7776844395287347,-0.7890420999234173,False
Mo3Tc,L12,111,-0.8043939497574399,-0.8087350726127625,-0.80575855928652,-0.8153416511423364,False
Mo3Ti,L12,111,-1.1454253800575032,-0.30241793394088745,-0.3064034385408116,-0.29635193338961446,True
Mo3Tl,L12,111,-0.809946568656386,-0.7849907279014587,-0.7792895351696213,-0.7991469814042476,False
Mo3V,L12,111,0.200890082241159,-0.9058891534805298,-0.8928474381538227,-0.909488681377095,True
Mo3W,L12,111,-1.1134760859594903,-0.8313015699386597,-0.8280257087673198,-0.8400534834568951,False
Mo3Zn,L12,111,-0.9450295925625768,-0.8789834976196289,-0.8750663514488638,-0.8774986969575175,True
Mo3Zr,L12,111,-0.523143072557076,-0.29015040397644043,-0.294351573785023,-0.3005003701488025,False
MoNb3,L12,111,-1.2987431604587698,-0.6574411392211914,-0.6551922387145078,-0.6715973927239802,False
MoNi3,L12,111,-0.4347071634610699,-0.37957409024238586,-0.382232375933415,-0.37530848922191723,True
MoOs3,L12,111,-0.4940402253587024,-0.5242167711257935,-0.5243030154312394,-0.5345667372981555,False
MoPb3,L12,111,0.9176339876439954,0.6558434963226318,0.6225466739178357,0.641687242819843,False
MoPd3,L12,111,-0.2756136307607164,-0.19292937219142914,-0.20457703354992954,-0.1995437753063648,False
MoPt3,L12,111,-0.1194836898566507,-0.26079609990119934,-0.2651565396023886,-0.26740267843077326,False
MoRe3,L12,111,-0.6747238142588401,-0.6509177684783936,-0.6488454313172305,-0.6650740219811824,False
MoRh3,L12,111,-0.4604838270560947,-0.43754690885543823,-0.43944363091543337,-0.44629882237367374,False
MoRu3,L12,111,-0.5634327917568669,-0.571450412273407,-0.5716511622807519,-0.5780569908029809,False
MoSc3,L12,111,-1.0382367456613508,-1.101061224937439,-1.0868051812585466,-1.0973535631958173,True
MoSn3,L12,111,0.8263202025418934,0.20694918930530548,0.19658600312565755,0.19819727578706997,False
MoTa3,L12,111,-1.2211973831572038,-1.1892409324645996,-1.177635941865079,-1.1995908986369617,False
MoTc3,L12,111,-0.6309865488574076,-0.6498087644577026,-0.6476870807184436,-0.6601587306300647,False
MoTi3,L12,111,-1.069648614858096,-1.1167372465133667,-1.0963939860941259,-1.120336774409932,True
MoTl3,L12,111,0.9584482062428208,0.547362744808197,0.5325276942344378,0.5386108312899616,False
MoV3,L12,111,-1.2635298609556855,-1.146567463874817,-1.1357126799211548,-1.140501463323544,True
MoW3,L12,111,-0.8657768452567041,-0.9803846478462219,-0.9647631974909557,-0.9869990509611576,False
MoY3,L12,111,-1.0205652648573675,-1.0252678394317627,-1.0194439279839778,-1.0340197529499981,False
MoZn3,L12,111,-0.4666840770578062,-0.38547205924987793,-0.38799745857053053,-0.37940605869860494,True
MoZr3,L12,111,-1.0432210548596856,-1.045951247215271,-1.0280592641984518,-1.0525656503302065,False
Nb3Ni,L12,111,-0.9947773084595326,-0.9679209589958191,-0.9628129320719165,-0.9664361583337077,True
Nb3Os,L12,111,-0.9712537474578936,-0.6232783198356628,-0.6227850894141059,-0.6298848983652368,False
Nb3Pb,L12,111,-1.0178737869564145,-1.0268487930297852,-1.0180986831387042,-1.0371987592021472,False
Nb3Pd,L12,111,-1.0093088677558342,-1.0065720081329346,-0.9948734355671226,-1.0207282616357234,False
Nb3Pt,L12,111,-1.002887797457305,-1.0161486864089966,-0.9992887484937953,-1.0227630895239321,False
Nb3Re,L12,111,-1.262723451559367,-0.8784742951393127,-0.8745787464532194,-0.8872262086575482,False
Nb3Rh,L12,111,-1.06936806545761,-0.940610945224762,-0.9358686018864331,-0.9472175237543359,False
Nb3Ru,L12,111,-0.0209866437571406,-0.9956125020980835,-0.9874115313752808,-1.0059624682704456,False
Nb3Sc,L12,111,-0.9336950987589888,-0.9340677261352539,-0.9243315743943213,-0.9303600643936322,True
Nb3Sn,L12,111,-1.0363595684602558,-0.9549911618232727,-0.9446886906210495,-0.9691474153260615,False
Nb3Ta,L12,111,-1.139370438958366,-1.1234570741653442,-1.1028811100782199,-1.1300714772802798,False
Nb3Tc,L12,111,-0.9847930435562092,-0.94514000415802,-0.9403686971313737,-0.9538919176762555,False
Nb3Ti,L12,111,-1.051363109057064,-0.9466961026191711,-0.9418722784660238,-0.9452113019570597,True
Nb3Tl,L12,111,-1.0260240045599571,-0.9990663528442383,-0.9908046628532533,-1.0094163190166003,False
Nb3V,L12,111,-1.1575975762598034,-1.0070472955703735,-0.9953358587441437,-1.003339633828752,True
Nb3W,L12,111,-1.230589664358348,-1.2709370851516724,-1.2452539752754876,-1.277551488266608,False
Nb3Y,L12,111,-0.8540211191602509,-0.9537244439125061,-0.9488403668452403,-0.9624763574307416,False
Nb3Zn,L12,111,-1.0538035620620292,-1.0737007856369019,-1.0548478524726654,-1.0773003135334671,True
Nb3Zr,L12,111,-0.988418824354966,-0.9827298521995544,-0.9774647437354517,-0.9914817657177899,False
NbNi3,L12,111,-0.369979988957283,-0.33435022830963135,-0.33777435788557447,-0.32828422775835836,True
NbOs3,L12,111,-0.5753770926594086,-0.5718469023704529,-0.5703728731641599,-0.5784613054853885,False
NbPb3,L12,111,-0.1997786332567273,0.11223991960287094,0.10288449343613185,0.10563334107329701,False
NbPd3,L12,111,-0.2133571137555634,-0.29688724875450134,-0.30096998371605516,-0.3072372149268634,False
NbPt3,L12,111,-0.1323210684595039,-0.30639103055000305,-0.31410958160514507,-0.3130054336649387,False
NbRe3,L12,111,-0.7754637587595141,-0.8196052312850952,-0.8164831655386899,-0.8262118098146691,False
NbRh3,L12,111,-0.5750346374579465,-0.5213199853897095,-0.5227553774465197,-0.5354762388924983,False
NbRu3,L12,111,-0.6157123908551227,-0.5671484470367432,-0.5658371225672627,-0.5737628501516788,False
NbSc3,L12,111,-0.9757647145588352,-0.9977564215660095,-0.9922488950658203,-0.9962716209038981,True
NbSn3,L12,111,-0.0226080340571286,0.29419463872909546,0.2706863037057495,0.2800383852263067,False
NbTa3,L12,111,-1.0850588297571164,-1.0894147157669067,-1.0827481347848464,-1.0981666292851422,False
NbTc3,L12,111,-0.7178890964596292,-0.6468498706817627,-0.6460410150355832,-0.6534564492113366,False
NbTi3,L12,111,-0.988968902557616,-1.0360260009765625,-1.0235302185448003,-1.0323183392349409,True
NbTl3,L12,111,-0.3399597099587197,-0.20655249059200287,-0.21148368556758065,-0.21530440411023838,False
NbV3,L12,111,-1.0922720233602092,-1.1183688640594482,-1.1080098161611032,-1.1123028635081753,True
NbW3,L12,111,-1.261291996760491,-1.243818759918213,-1.2312542820722765,-1.254168726090575,False
NbY3,L12,111,-0.9829120566582504,-0.976789116859436,-0.9612921776214107,-0.9834035199743717,False
NbZn3,L12,111,-0.4821281699614417,-0.30675214529037476,-0.31049722933493257,-0.30526734462826327,True
NbZr3,L12,111,-1.046353901455376,-1.0081244707107544,-0.9963838787661056,-1.0222807242135432,False
Ni3Os,L12,111,-0.4447194561571166,-0.366372287273407,-0.37200153631593674,-0.3626646255317853,True
Ni3Pb,L12,111,-0.4663587649619956,-0.3074992299079895,-0.3151794046730382,-0.3110987578045547,True
Ni3Pd,L12,111,-0.3762539815570278,-0.320800244808197,-0.32423061687021065,-0.3165346437877284,True
Ni3Pt,L12,111,-0.3387032243544752,-0.34682759642601013,-0.35003606650956376,-0.34534279576389865,True
Ni3Re,L12,111,-0.4744945604606698,-0.48313096165657043,-0.48393950129756974,-0.47706496110529745,True
Ni3Rh,L12,111,-0.323434508557483,-0.37044817209243774,-0.37596710211616896,-0.36674051035081606,True
Ni3Ru,L12,111,-0.3479280194578393,-0.4090974032878876,-0.4132592932366877,-0.4126969311844528,True
Ni3Sc,L12,111,-0.6414939526575552,-0.47187310457229614,-0.47331889837185603,-0.4676075035518275,True
Ni3Sn,L12,111,-0.5179895085593387,-0.16090402007102966,-0.1664348790924966,-0.15663841905056103,True
Ni3Ta,L12,111,-0.4861841628580521,-0.21499942243099213,-0.21997308383778227,-0.21351462176888067,True
Ni3Tc,L12,111,-0.4093477863561645,-0.4424446225166321,-0.4439684347386314,-0.4363786219653591,True
Ni3Ti,L12,111,-0.4873478576618879,-0.553155243396759,-0.5537289736101978,-0.5494475816551373,True
Ni3Tl,L12,111,-0.4727692227597515,0.11569507420063019,0.09335993030635487,0.11209554630406497,True
Ni3V,L12,111,-0.3814804720595646,-0.43636757135391235,-0.43827978585625144,-0.4321019703334437,True
Ni3Y,L12,111,-0.4083034134591514,-0.4152587950229645,-0.4175509650900544,-0.413773994360853,True
Ni3Zn,L12,111,-0.5048955266601922,-0.43599972128868103,-0.43763683594174324,-0.42993372073740804,True
Ni3Zr,L12,111,-0.4759392128534898,-0.4566192030906677,-0.45789382383842525,-0.45055320253939474,True
NiOs3,L12,111,-0.1735448183598862,-0.27896299958229065,-0.2876313671713625,-0.28256252747885585,True
NiPb3,L12,111,0.0345926077434626,0.017674395814538002,0.009585210672079385,0.019159196476649473,True
NiPd3,L12,111,-0.2528377025582529,-0.2767724394798279,-0.2848268226299096,-0.2730647777382062,True
NiPt3,L12,111,-0.2480652339572486,-0.25674867630004883,-0.2653450281280317,-0.25304101455842715,True
NiRe3,L12,111,-0.5993545396549678,-0.6818368434906006,-0.6805244352357912,-0.6775712424701319,True
NiRh3,L12,111,-0.3460794140619043,-0.3522981107234955,-0.3554067135538768,-0.3462321101722225,True
NiSn3,L12,111,0.1846612129457128,0.39379963278770447,0.38098187383407156,0.3980652338081731,True
NiTa3,L12,111,-1.0005866668570604,-1.0117828845977783,-1.0060875424729843,-1.0102980839356668,True
NiTi3,L12,111,-1.049743079357512,-1.073128342628479,-1.0596283380197171,-1.0694206808868574,True
NiTl3,L12,111,0.8748961962419628,-0.004215436987578869,-0.011804645579231087,5.016403288977001e-05,True
NiV3,L12,111,-1.0122951810580787,-0.9992315173149109,-0.9909669237051751,-0.993165516763638,True
NiW3,L12,111,-0.8927591092569571,-0.8259740471839905,-0.8191635886678881,-0.8222663854423687,True
NiZn3,L12,111,0.1043096698495276,0.06808381527662277,0.0593196433908355,0.06956861593873424,True
NiZr3,L12,111,-0.9371754347584726,-1.0214486122131348,-1.0093473853923451,-1.0177409504715131,True
Os3Pb,L12,111,-0.3658332461590987,-0.44827204942703247,-0.4510773444872819,-0.45488645254196813,False
Os3Pd,L12,111,-0.2917113412576952,-0.32650911808013916,-0.329864495164125,-0.33526103159837467,False
Os3Pt,L12,111,-0.2725388804601323,-0.23849160969257355,-0.2431507085604063,-0.24509818822214746,False
Os3Re,L12,111,-0.3754388646584345,-0.41014742851257324,-0.41223903075458107,-0.4204973946849353,False
Os3Rh,L12,111,-0.1966931344604461,-0.27608972787857056,-0.2841625894885002,-0.2902459813813593,False
Os3Ru,L12,111,-0.3224339460566341,-0.3576500117778778,-0.36359349454831696,-0.36426441489281347,False
Os3Sc,L12,111,-0.5398432430547189,-0.5899091362953186,-0.5898043422321109,-0.5856435352748499,True
Os3Sn,L12,111,-0.4112953051580632,-0.39925143122673035,-0.4017579413610814,-0.40585800975630426,False
Os3Ta,L12,111,-0.5704625806565389,-0.5770727396011353,-0.5771365716822084,-0.5858246531193707,False
Os3Tc,L12,111,-0.4098113322570214,-0.43530791997909546,-0.43733163042682976,-0.4419144985086694,False
Os3Ti,L12,111,-0.5682607715561687,-0.5328601002693176,-0.5327943934168169,-0.5267940997180447,True
Os3V,L12,111,-0.517219154359708,-0.5524807572364807,-0.553072743277721,-0.548773095494859,True
Os3W,L12,111,-0.4705925841544456,-0.4962557256221771,-0.4973993742790615,-0.5028701287371128,False
Os3Y,L12,111,-0.6374130613575915,-0.6694938540458679,-0.6683435902595221,-0.6782457675641034,False
Os3Zn,L12,111,-0.3197572982598728,-0.28618013858795166,-0.2902006836863359,-0.2846953379258402,True
Os3Zr,L12,111,-0.6356328925566856,-0.5994234085083008,-0.5981875076720101,-0.6097733746806628,False
OsPb3,L12,111,-0.5384339654583243,0.21771882474422455,0.19628040512212774,0.20356257124143576,False
OsPd3,L12,111,-0.4275063510603729,-0.37595775723457336,-0.3786635491149227,-0.3847096707528089,False
OsPt3,L12,111,-0.2164556741617787,-0.3383004665374756,-0.3416551502710912,-0.34865043270983764,False
OsRe3,L12,111,-0.5212702491580501,-0.5284974575042725,-0.5285245940039336,-0.5351118606192081,False
OsRh3,L12,111,-0.3162123352585411,-0.3252961039543152,-0.328667415875769,-0.3340480174725507,False
OsRu3,L12,111,-0.4004157856570316,-0.39973634481430054,-0.4020109756321224,-0.4100863109866626,False
OsSc3,L12,111,-1.1284099655594844,-1.1354659795761108,-1.1144741541780898,-1.139065507472676,True
OsSn3,L12,111,-0.3469573893553104,-0.06058697775006294,-0.06762823593294748,-0.06719355627963687,False
OsTa3,L12,111,-1.04215300805933,-1.1633548736572266,-1.152204964259074,-1.1737048398295886,False
OsTc3,L12,111,-0.5683892093574912,-0.558197021484375,-0.5571956796017558,-0.5648114245993107,False
OsTi3,L12,111,-1.0860901411606108,-1.0710142850875854,-1.0645258290855433,-1.069529484425474,True
OsTl3,L12,111,1.019189321244113,0.1461414396762848,0.13427018699282425,0.13579147350392276,False
OsV3,L12,111,-1.190190147360198,-1.0959253311157227,-1.0859608442438735,-1.0898593305644497,True
OsW3,L12,111,-0.8617310566578169,-0.8135531544685364,-0.8037089803230305,-0.820167557583472,False
OsY3,L12,111,-1.0267817055564308,-1.0351277589797974,-1.029119826848995,-1.0417343375093713,False
OsZn3,L12,111,-0.6151028558515179,-0.33885079622268677,-0.34522494950647764,-0.3351431344810651,True
OsZr3,L12,111,-0.9961365170592842,-1.1106237173080444,-1.0904921647991057,-1.11723812042298,False
Pb3Pd,L12,111,0.3774316903445935,0.2850029766559601,0.27333423733282813,0.27839639812638617,False
Pb3Pt,L12,111,-0.0984637121609637,-0.010238174349069595,-0.01936024751664945,-0.02058814052143164,False
Pb3Re,L12,111,-0.5563624579581017,-0.2042226344347,-0.21424067054897572,-0.2183788879374888,False
Pb3Rh,L12,111,-0.0153880375573578,0.14810386300086975,0.12464642186683472,0.1414894598859341,False
Pb3Ru,L12,111,0.8688117308420544,-0.1301882266998291,-0.13612258570093297,-0.1389401402180646,False
Pb3Sc,L12,111,0.2283633756424308,0.2074200063943863,0.1967901101484695,0.20890480705649775,True
Pb3Sn,L12,111,0.5312258060412489,0.5690779089927673,0.5536053803087293,0.5624713304631934,False
Pb3Ta,L12,111,-0.4237616564559801,-0.06260214000940323,-0.07080364598757738,-0.07295210618176527,False
Pb3Tc,L12,111,-0.2692272550584391,0.12460041791200638,0.10568236668350299,0.1104441644092176,False
Pb3Ti,L12,111,-0.033616127256181,-0.08257829397916794,-0.0980473480853422,-0.08617782187573315,True
Pb3Tl,L12,111,0.6826507625419538,0.7136852145195007,0.6966652582091182,0.7049333010012653,False
Pb3V,L12,111,-0.1251315486578903,-0.038328204303979874,-0.04566750950187045,-0.0368434036418684,True
Pb3W,L12,111,-0.4990932433601927,-0.7556736469268799,-0.7516908410193043,-0.7660236130992419,False
Pb3Y,L12,111,0.3865192040402974,0.18456482887268066,0.1640237644154604,0.17040857536989187,False
Pb3Zn,L12,111,0.4224809526431556,0.4586397707462311,0.43068051858076667,0.46234743248785276,True
Pb3Zr,L12,111,-0.0798130297580144,0.01888062059879303,-0.00010189587346077708,0.01226621748385737,False
PbPd3,L12,111,-0.3146214216603482,-0.14667804539203644,-0.15256653629457073,-0.15328462392161035,False
PbPt3,L12,111,-0.3692775270601203,-0.4154667258262634,-0.4197671713009574,-0.4296229793290522,False
PbRh3,L12,111,-0.4634393915575572,-0.4120109975337982,-0.414243173722351,-0.42076291105203373,False
PbRu3,L12,111,-0.4525665388564164,-0.37063607573509216,-0.37341177622404315,-0.3793879892533277,False
PbSc3,L12,111,-1.1693530301590442,-1.1295944452285767,-1.1190380497539738,-1.1235284446773037,True
PbSn3,L12,111,0.5401982156409133,0.6009600162506104,0.5618204336476961,0.5943456131356747,False
PbTa3,L12,111,-1.0422403565598586,-1.0390596389770508,-1.0329990586129851,-1.0456662175066247,False
PbTc3,L12,111,-0.5291438630583514,-0.48855143785476685,-0.4892646846264029,-0.4989014040271289,False
PbTi3,L12,111,-1.1063676562580156,-1.0600720643997192,-1.0416910858129964,-1.0636715922962845,True
PbTl3,L12,111,0.6637309594416649,0.7109721302986145,0.6935996249959521,0.7043655517690406,False
PbV3,L12,111,-0.9390292102570754,-0.9733455777168274,-0.9625463208491843,-0.9696379159752057,True
PbW3,L12,111,-0.7618633730589579,-0.7580428719520569,-0.7501209861472392,-0.7646572750669925,False
PbY3,L12,111,-1.103241068255528,-1.0765808820724487,-1.070017888826964,-1.0831874606020226,False
PbZn3,L12,111,0.5020718014430088,0.4541884660720825,0.4263496941424021,0.4578961278137042,True
PbZr3,L12,111,-1.0787992590585134,-1.0948115587234497,-1.0880740817695111,-1.1035634722416852,False
Pd3Pt,L12,111,-0.3042111625536279,-0.3401232957839966,-0.3434215370671581,-0.3467298743135705,False
Pd3Re,L12,111,-0.4208409225566072,-0.40021809935569763,-0.4024842608488883,-0.4105680655280597,False
Pd3Rh,L12,111,-0.3009608988604384,-0.2942727506160736,-0.3018534655348537,-0.30842900411886237,False
Pd3Ru,L12,111,-0.2929378944599818,-0.35232827067375183,-0.3584560421995866,-0.3589426737886875,False
Pd3Sc,L12,111,-0.4619620854600441,-0.37374570965766907,-0.3764805602421662,-0.36948010863720043,True
Pd3Sn,L12,111,-0.2572142454582433,-0.08972115814685822,-0.09637230698598462,-0.09632773667643214,False
Pd3Ta,L12,111,-0.2494644433563451,-0.2501310706138611,-0.25503578693140083,-0.26048103678622314,False
Pd3Tc,L12,111,-0.3018165607563503,-0.3601318597793579,-0.3631621845581433,-0.3667384383089318,False
Pd3Ti,L12,111,-0.284559373259043,-0.3494511544704437,-0.352609807263298,-0.34338515391917074,True
Pd3Tl,L12,111,-0.2901782518592597,-0.27008458971977234,-0.27831998804966396,-0.2842408432225611,False
Pd3V,L12,111,-0.2213671927592884,-0.3077235817909241,-0.31539598738260116,-0.3113231096874893,True
Pd3W,L12,111,-0.3618263698581074,-0.35710954666137695,-0.3600629392626508,-0.36586146017961246,False
Pd3Y,L12,111,-0.4990907942546698,-0.38074347376823425,-0.3834978071480002,-0.38735005229780817,False
Pd3Zn,L12,111,-0.201806289557652,-0.2373737096786499,-0.24250270251444536,-0.23130770912737694,True
Pd3Zr,L12,111,-0.2776876824600265,-0.40505701303482056,-0.4096392106571132,-0.4192132665376093,False
PdPt3,L12,111,-0.2856422502581779,-0.290171355009079,-0.2984515838609933,-0.29678575812401464,False
PdRe3,L12,111,-0.7395368407587455,-0.7081673741340637,-0.7065374715009131,-0.7147739526636376,False
PdRh3,L12,111,-0.3802535108579548,-0.34357312321662903,-0.3498194607000359,-0.3577293767194178,False
PdRu3,L12,111,-0.4156532082551791,-0.41483432054519653,-0.41702940797085003,-0.42358623406343204,False
PdSc3,L12,111,-1.1533185860562014,-1.0995335578918457,-1.0926632262150255,-1.0980487572297342,True
PdSn3,L12,111,0.5187282976449126,0.38918352127075195,0.36310419104414704,0.3750272677679632,False
PdTa3,L12,111,-1.005359951758663,-1.032690167427063,-1.026768752093939,-1.0414420809452984,False
PdTc3,L12,111,-0.7132511882582264,-0.6902619004249573,-0.6874290438550997,-0.7006118665973193,False
PdTi3,L12,111,-1.0612775767576466,-1.0761336088180542,-1.062552262848586,-1.0724259470764326,True
PdTl3,L12,111,0.2143964526449338,0.14381253719329834,0.1342787496729546,0.13506062367506283,False
PdV3,L12,111,-0.998508397357881,-0.9586851596832275,-0.9511333777563914,-0.9526191591319546,True
PdW3,L12,111,-0.9522086358583408,-0.85134357213974,-0.8401907381210381,-0.8579579752546757,False
PdY3,L12,111,-1.053809140360471,-1.0074689388275146,-0.9909095754512927,-1.0140833419424502,False
PdZn3,L12,111,0.3282978632423976,0.3104262053966522,0.29841704671230374,0.3119110060587637,True
PdZr3,L12,111,-1.0015606983606349,-1.0335650444030762,-1.021135870898344,-1.047721297905865,False
Pt3Re,L12,111,-0.3615346638534618,-0.32906174659729004,-0.3323835909138737,-0.33781366011552555,False
Pt3Rh,L12,111,-0.3090545167642347,-0.28492000699043274,-0.28882172208610574,-0.29367192050866825,False
Pt3Ru,L12,111,-0.249490838358696,-0.2573907971382141,-0.2617968341552734,-0.263997375667788,False
Pt3Sc,L12,111,-0.4234631475582944,-0.2713202238082886,-0.27585243130308923,-0.2652542232570156,True
Pt3Sn,L12,111,-0.3437683512556475,-0.3157326877117157,-0.32273256207464507,-0.32988894121450446,False
Pt3Ta,L12,111,-0.089353340858878,-0.31785309314727783,-0.3251747197355981,-0.3244674962622135,False
Pt3Tc,L12,111,-0.1599445687597551,-0.26087498664855957,-0.2650925706882987,-0.2696269001667951,False
Pt3Ti,L12,111,-0.2928098648580715,-0.3286145031452179,-0.3320668482158419,-0.3271297024831064,True
Pt3Tl,L12,111,-0.3653801765567266,-0.36186090111732483,-0.36480138850868793,-0.3722108672896869,False
Pt3V,L12,111,-0.2101000472566454,-0.20763236284255981,-0.21328421348182333,-0.20156636229128685,True
Pt3W,L12,111,-0.2932981730582185,-0.3381690979003906,-0.34456170221834254,-0.3523253514031794,False
Pt3Y,L12,111,-0.4619318808572359,-0.4357973635196686,-0.43903464959467015,-0.44241176663460424,False
Pt3Zn,L12,111,-0.2581308609578343,-0.25681427121162415,-0.26108519909882033,-0.2525486701911555,True
Pt3Zr,L12,111,-0.3094801027609435,-0.30951082706451416,-0.3132189721074632,-0.3161174055940881,False
PtRe3,L12,111,-0.7218894419556534,-0.6423416137695312,-0.6405014011689368,-0.6564978672723201,False
PtRh3,L12,111,-0.3370233295599689,-0.3436836004257202,-0.3501107317831673,-0.3502980035406559,False
PtRu3,L12,111,-0.4023136436580614,-0.3576318025588989,-0.36069560333283324,-0.36423838108847284,False
PtSc3,L12,111,-1.1554723671569889,-1.1310408115386963,-1.1159733321287466,-1.1273331497970747,True
PtSn3,L12,111,0.0364442064428942,0.11897649616003036,0.10976896887754138,0.11022458264179485,False
PtTa3,L12,111,-1.0345770866578905,-1.0033119916915894,-0.9977765046386755,-1.0120639052098248,False
PtTc3,L12,111,-0.6978469598606978,-0.6622817516326904,-0.6599407907129815,-0.6726317178050525,False
PtTi3,L12,111,-1.0652673099602623,-1.0703048706054688,-1.0515695359756834,-1.073904398502034,True
PtTl3,L12,111,-0.1970421204595993,0.5686516761779785,0.5531848547903668,0.5620450976484046,False
PtV3,L12,111,-0.9926591743560208,-0.9326656460762024,-0.9255712915082163,-0.9265996455249295,True
PtW3,L12,111,-0.9265522465566108,-0.8242227435112,-0.8140090877906262,-0.8308371466261356,False
PtY3,L12,111,-1.048718162560334,-0.8212830424308777,-0.8181385106395686,-0.8278896209604516,False
PtZn3,L12,111,0.0062897753387289,0.23588187992572784,0.21395185405984044,0.23958954166734955,True
PtZr3,L12,111,-1.0155865339574746,-1.0673284530639648,-1.0486961900179954,-1.0739428561789004,False
Re3Rh,L12,111,-0.6814451621566775,-0.6260797381401062,-0.6255489964708858,-0.6326863166696801,False
Re3Ru,L12,111,-0.5605346432557496,-0.598295271396637,-0.5970792033976239,-0.608645237568999,False
Re3Sc,L12,111,-0.7149197902571984,-0.9736225605010986,-0.9628158067412858,-0.9699148987594769,True
Re3Sn,L12,111,-0.5122298110572672,-0.45278996229171753,-0.4554388046943633,-0.4594043654066532,False
Re3Ta,L12,111,-0.7878199039577964,-0.7792813777923584,-0.776688883194627,-0.7880332913105939,False
Re3Tc,L12,111,-0.572267239657748,-0.5922713875770569,-0.5921933428182031,-0.5988779661066308,False
Re3Ti,L12,111,-0.7055775778598843,-0.8071284890174866,-0.8041734879927233,-0.8056436883553751,True
Re3V,L12,111,-0.7371728517564122,-0.6788472533226013,-0.6762150681394228,-0.6727812527713284,True
Re3W,L12,111,-0.6836473794564597,-0.6364781260490417,-0.6347966162187124,-0.6506343795518306,False
Re3Y,L12,111,-0.8714957257570575,-0.7809516787528992,-0.7722364744813764,-0.7875660818678348,False
Re3Zn,L12,111,-0.5701920995624903,-0.6009814739227295,-0.6007312273897385,-0.5967158729022608,True
Re3Zr,L12,111,-0.7998625740574141,-0.7265331149101257,-0.7246572933259627,-0.7331396934396996,False
ReRh3,L12,111,-0.3642356657573771,-0.40892407298088074,-0.41340160369578366,-0.4230803264836695,False
ReRu3,L12,111,-0.5005157184595816,-0.5202022790908813,-0.5216679232935854,-0.5343585325936702,False
ReSc3,L12,111,-1.0850823674581704,-1.046507716178894,-1.0404047857348753,-1.0422421151584254,True
ReSn3,L12,111,-0.3791687289585468,-0.0642348900437355,-0.07240769200587205,-0.07458485621609755,False
ReTa3,L12,111,-1.23920220355555,-1.1075125932693481,-1.0874887771507664,-1.1141269963842837,False
ReTc3,L12,111,-0.5755810419568377,-0.6220080256462097,-0.6214815624747706,-0.6307599391644452,False
ReTi3,L12,111,-1.073456303855863,-1.051337718963623,-1.0421570896984995,-1.0452717184123501,True
ReTl3,L12,111,1.017162889443199,-0.26240307092666626,-0.2708463793555335,-0.276559324429455,False
ReV3,L12,111,-0.9895086402566164,-1.1382514238357544,-1.1309432963218116,-1.1339858228152857,True
ReW3,L12,111,-0.8951361596582217,-0.910654604434967,-0.9063133792433559,-0.917261182964541,False
ReY3,L12,111,-1.0451444915588295,-0.8720282316207886,-0.8639712578903916,-0.8861844851235774,False
ReZn3,L12,111,-0.6999991082620625,-0.5992691516876221,-0.5990413991849382,-0.5950035506671534,True
ReZr3,L12,111,-1.047073370557854,-1.031180739402771,-1.0223544731769483,-1.041530705575133,False
Rh3Ru,L12,111,-0.3246466397567644,-0.3370756506919861,-0.3434978505526226,-0.35123190419477485,False
Rh3Sc,L12,111,-0.5802850739555367,-0.6536557674407959,-0.6493487454922489,-0.6572552953373612,True
Rh3Sn,L12,111,-0.4189444251596512,-0.30342140793800354,-0.3070800781995294,-0.31217332145623905,False
Rh3Ta,L12,111,-0.5723122744593354,-0.35685431957244873,-0.35992853091477717,-0.36346089810202264,False
Rh3Tc,L12,111,-0.3736218244584677,-0.4239213466644287,-0.42577080114393884,-0.43427131283679077,False
Rh3Ti,L12,111,-0.5688507143558752,-0.5595975518226624,-0.5599969127455302,-0.5558898900810406,True
Rh3Tl,L12,111,-0.4318929621576615,-0.3233325183391571,-0.3304643956651331,-0.32994692145409277,False
Rh3V,L12,111,-0.5000236005571139,-0.5328373908996582,-0.5334823234616655,-0.5285717898791895,True
Rh3W,L12,111,-0.4515633912587589,-0.4944136440753937,-0.4956210829296875,-0.5010280471903293,False
Rh3Y,L12,111,-0.7391056764563189,-0.6492118239402771,-0.648327996336637,-0.6579637374585126,False
Rh3Zn,L12,111,-0.3835232306582554,-0.42839381098747253,-0.43051010198783124,-0.42690901032536105,True
Rh3Zr,L12,111,-0.6362350805565882,-0.6062027215957642,-0.6048476393125314,-0.6165526877681262,False
RhRu3,L12,111,-0.4370311516604204,-0.39081501960754395,-0.3956100177192917,-0.3974294227224796,False
RhSc3,L12,111,-1.1447542111590965,-0.9862645864486694,-0.9809109366731776,-0.984779785786558,True
RhSn3,L12,111,0.2044779031430437,0.1178048774600029,0.10643178623371827,0.10745491128764086,False
RhTa3,L12,111,-1.040919379959604,-1.0584107637405396,-1.0400873150157224,-1.065025166855475,False
RhTc3,L12,111,-0.6999317599574795,-0.6358345746994019,-0.6351732148752587,-0.6424411532289758,False
RhTi3,L12,111,-1.0930215608559308,-1.0826234817504883,-1.068866479096442,-1.0789158200088667,True
RhTl3,L12,111,-0.2413973564570994,0.769496738910675,0.7245208290137849,0.7628823357957394,False
RhV3,L12,111,-0.9435150068593146,-0.9542831778526306,-0.9493577620672473,-0.9527983771905192,True
RhW3,L12,111,-0.8720130141582274,-0.7823649644851685,-0.7767348413876665,-0.7965212179879573,False
RhY3,L12,111,0.0567483886416368,-0.9869832396507263,-0.9816622562909568,-0.9957351531689618,False
RhZn3,L12,111,-0.0466816732650556,0.0022915222216397524,-0.005591684834574159,0.003776322883751222,True
RhZr3,L12,111,-1.0970574172597196,-1.0464588403701782,-1.0336806798398466,-1.060615093872967,False
Ru3Sc,L12,111,-0.5850383584574672,-0.6092592477798462,-0.6089002597423653,-0.6049936467593775,True
Ru3Sn,L12,111,-0.4543506533582047,-0.36091849207878113,-0.36393828377903376,-0.36752507060835504,False
Ru3Ta,L12,111,-0.6129169654586519,-0.5961939692497253,-0.5950148424904957,-0.6065439354220874,False
Ru3Tc,L12,111,-0.4969206864579689,-0.5087836980819702,-0.5098235611316503,-0.5153902766115441,False
Ru3Ti,L12,111,-0.5643566181560971,-0.5809247493743896,-0.5800140580296249,-0.5748587488231167,True
Ru3Tl,L12,111,-0.449579273156786,-0.3311185836791992,-0.33770201915294706,-0.345274837181988,False
Ru3V,L12,111,-0.5495107675587576,-0.5875730514526367,-0.5855544349797299,-0.591172579349202,True
Ru3W,L12,111,-0.5661823660584275,-0.5647305846214294,-0.5649565502089631,-0.5734824981396649,False
Ru3Y,L12,111,-0.7423026057576578,-0.6600935459136963,-0.6591073562432432,-0.6667001244432702,False
Ru3Zn,L12,111,-0.4610804367611933,-0.38602060079574585,-0.3885363566651666,-0.37995460024447286,True
Ru3Zr,L12,111,-0.6428056773611104,-0.6531932950019836,-0.651059367814488,-0.6673495485047725,False
RuSc3,L12,111,-1.1367449485578334,-1.1206910610198975,-1.1002108823364611,-1.1242905889164627,True
RuSn3,L12,111,0.0077960614444521,0.3514596223831177,0.33890102248728743,0.34485304385354376,False
RuTa3,L12,111,-1.215406392558151,-1.076578974723816,-1.0629855743583303,-1.0907352282266047,False
RuTc3,L12,111,-0.5923674725590615,-0.594549834728241,-0.5943840778339399,-0.6033017482464764,False
RuTi3,L12,111,-1.1279100925557657,-1.0634781122207642,-1.0570905662636068,-1.0619933115586526,True
RuTl3,L12,111,0.9946807080423524,0.7260382771492004,0.6908415435130054,0.7118820236464116,False
RuV3,L12,111,-1.2229813614603415,-1.0339552164077759,-1.0280171826779922,-1.0296896153873072,True
RuW3,L12,111,-0.8381323921593946,-0.8240014314651489,-0.8188174117881899,-0.834351397637511,False
RuY3,L12,111,-1.0649362834583087,-0.8891385197639465,-0.8806184342717795,-0.9032947732667354,False
RuZn3,L12,111,-0.3565236874628397,-0.3327999711036682,-0.33607270799548267,-0.3285343700831996,True
RuZr3,L12,111,-1.1136160885571087,-1.0760066509246826,-1.0663923377497433,-1.0863566170970447,False
Sc3Sn,L12,111,-1.165852421657263,-1.1067053079605103,-1.0867094476559946,-1.1103048358570755,True
Sc3Ta,L12,111,-0.9746324488578182,-1.021506905555725,-1.0094041009513024,-1.0177992438141035,True
Sc3Tc,L12,111,-1.1049913043561617,-1.0891029834747314,-1.06971668128439,-1.0927025113712967,True
Sc3Ti,L12,111,-0.9985587384571488,-1.0289498567581177,-1.0230775762547706,-1.024684255737649,True
Sc3Tl,L12,111,-1.17476741526022,-1.1638981103897095,-1.156165931460135,-1.162413309727598,True
Sc3V,L12,111,-1.0342736797565235,-1.0020124912261963,-0.9936990076344846,-0.9959464906749234,True
Sc3W,L12,111,-1.0241894129567015,-1.0662643909454346,-1.0529501679395332,-1.062556729203813,True
Sc3Y,L12,111,-0.9760543797592334,-0.9905602335929871,-0.9745864087054013,-0.9941597614895523,True
Sc3Zn,L12,111,-1.159178149459848,-1.1451119184494019,-1.1377136676101895,-1.1408463174289332,True
Sc3Zr,L12,111,-0.9531988581574922,-0.9947676062583923,-0.9893443630699503,-0.9905020052379236,True
ScSn3,L12,111,0.4544551450426581,0.30073097348213196,0.2861420111895424,0.30679697403340495,True
ScTa3,L12,111,-0.9972176253567966,-0.9747722148895264,-0.9593451197770452,-0.9783717427860916,True
ScTc3,L12,111,-0.7089591366556931,-0.8930306434631348,-0.8889254047230215,-0.8915458428010233,True
ScTi3,L12,111,-0.9967290449594371,-1.0109044313430786,-1.002434625971331,-1.0048384307918057,True
ScTl3,L12,111,0.1861268180410036,0.05911848321557045,0.03874255329528596,0.05551895531900523,True
ScV3,L12,111,-0.8885676036579468,-0.9784951210021973,-0.9732455050805978,-0.9770103203400858,True
ScW3,L12,111,-0.9024424162589356,-0.953914999961853,-0.943641656452362,-0.9502073382202313,True
ScY3,L12,111,-0.9855922418564376,-0.9833866357803345,-0.967661228353639,-0.9869861636768997,True
ScZn3,L12,111,-0.1618719510579183,-0.27679672837257385,-0.28094291819311873,-0.27531192771046237,True
ScZr3,L12,111,-0.9633340101581496,-0.9918956160545349,-0.9805942787506302,-0.9881879543129132,True
Sn3Ta,L12,111,0.8111170663405858,-0.15218599140644073,-0.1578313753677692,-0.16093790492467624,False
Sn3Tc,L12,111,-0.0760929614579879,0.01789591833949089,0.009803766990135084,0.011289339809916962,False
Sn3Ti,L12,111,0.1181355019407703,0.04826231300830841,0.03998372710515931,0.05252791402877705,True
Sn3Tl,L12,111,0.591697392240377,0.47722598910331726,0.4629833660388291,0.47061941057374335,False
Sn3V,L12,111,0.026807566941926,-0.059887826442718506,-0.0681370505029695,-0.05382182589144554,True
Sn3W,L12,111,-0.3342747076557941,-0.10680370777845383,-0.11945851133790927,-0.1209599612812426,False
Sn3Y,L12,111,0.530346470143769,0.28513211011886597,0.25692946161353597,0.2785177070039303,False
Sn3Zn,L12,111,0.4674899421379734,0.6465155482292175,0.6303779705262441,0.6507811492496862,True
Sn3Zr,L12,111,0.082329674541171,0.18711329996585846,0.17675531237880318,0.18050672143628455,False
SnTa3,L12,111,-1.0599544232599951,-1.029744267463684,-1.0209432546524748,-1.0400942336360461,False
SnTc3,L12,111,-0.545730834160139,-0.4100852906703949,-0.41421297066184626,-0.41669969378533056,False
SnTi3,L12,111,-1.106412010757566,-1.0917009115219116,-1.0849354596973353,-1.0902161108598,True
SnTl3,L12,111,0.4137880039425283,0.5146420001983643,0.48516697629792754,0.5004857466955754,False
SnV3,L12,111,-0.98462705415929,-0.992863118648529,-0.9768095462098314,-0.9964626465450943,True
SnW3,L12,111,-0.7992616106557477,-0.7519808411598206,-0.749764272190552,-0.7585874196893945,False
SnY3,L12,111,-1.0993150097592377,-1.0828336477279663,-1.069070956663808,-1.0969899012307551,False
SnZn3,L12,111,0.4848559751417554,0.6247809529304504,0.6089288931255331,0.6290465539509191,True
SnZr3,L12,111,-1.0477011371576452,-1.0844954252243042,-1.0778264555211652,-1.0911020037538781,False
Ta3Tc,L12,111,-1.2990371793593738,-1.1968541145324707,-1.1800053141744256,-1.2110103680352595,False
Ta3Ti,L12,111,-1.0443250206580783,-1.0297355651855469,-1.0124051216725627,-1.0333350930821121,True
Ta3Tl,L12,111,-1.0621950086560616,-1.0259865522384644,-1.020153199374032,-1.0347384657566998,False
Ta3V,L12,111,-1.0705701283577298,-1.04887056350708,-1.0426786139650268,-1.0473857628449685,True
Ta3W,L12,111,-1.116336410656885,-1.0734246969223022,-1.0638557749263764,-1.0837746630946643,False
Ta3Y,L12,111,-0.8906755335546848,-0.9491722583770752,-0.9390272832148948,-0.963328511879864,False
Ta3Zn,L12,111,-1.0691352721541705,-1.0477714538574219,-1.0386535201235496,-1.041705453306149,True
Ta3Zr,L12,111,-0.9932436749613488,-1.0170540809631348,-1.0050717977330266,-1.0312103344659236,False
TaTc3,L12,111,-0.7294629143570717,-0.656188428401947,-0.6552129521886096,-0.6649403419201825,False
TaTi3,L12,111,-1.0164245085570371,-1.048941731452942,-1.039803224045106,-1.042875730901669,True
TaTl3,L12,111,-0.5776027117599085,-0.3236972391605377,-0.33081648641960065,-0.3303116422754734,False
TaV3,L12,111,-1.0230262624563409,-1.13266122341156,-1.1254265319222079,-1.1283956223910914,True
TaW3,L12,111,-1.2757767524553572,-1.0877851247787476,-1.0779637440825731,-1.0981350909511096,False
TaY3,L12,111,-0.9736778735595806,-0.9986082911491394,-0.9823557667755478,-1.005222694264075,False
TaZn3,L12,111,-0.5540522114524435,-0.41359564661979675,-0.41591008639632404,-0.41211084595768527,True
TaZr3,L12,111,-1.0422859356576453,-1.0169490575790405,-1.0083729866768871,-1.0272990237514026,False
Tc3Ti,L12,111,-0.6821642230597433,-0.783152163028717,-0.774360757284683,-0.7867516909252823,True
Tc3Tl,L12,111,-0.4993483500611262,-0.5896392464637756,-0.589537997825562,-0.5983911599820111,False
Tc3V,L12,111,-0.6702192418551647,-0.6071017384529114,-0.6068251139375967,-0.6056169377908,True
Tc3W,L12,111,-0.6502311197573079,-0.678212583065033,-0.6755915554901036,-0.688562549237395,False
Tc3Y,L12,111,-0.8840906507566331,-0.8522261381149292,-0.8447051332901115,-0.866382391617718,False
Tc3Zn,L12,111,-0.596463874257978,-0.6005008220672607,-0.5997930838351264,-0.596793160325639,True
Tc3Zr,L12,111,-0.7508023537584165,-0.7099857926368713,-0.7037280951421687,-0.716600195751807,False
TcTi3,L12,111,-1.0850385572548191,-1.0592432022094727,-1.0529123620852194,-1.0577584015473611,True
TcTl3,L12,111,0.9519849583421376,0.20771358907222748,0.18654597390884087,0.1935573355694387,False
TcV3,L12,111,-1.3200698103564434,-1.1625927686691284,-1.154964879525528,-1.1583271676486597,True
TcW3,L12,111,-0.898258257758215,-0.8708259463310242,-0.8670308706671024,-0.8795778598492596,False
TcY3,L12,111,-1.0469589465564866,-0.9335184097290039,-0.9264090634347575,-0.943868375901366,False
TcZn3,L12,111,-0.4258483613584474,-0.452841579914093,-0.4554886348289227,-0.4564411078106582,True
TcZr3,L12,111,-1.0243955392570283,-1.030155897140503,-1.0242145386950752,-1.0367624756700768,False
Ti3Tl,L12,111,-1.123477766256627,-0.980909526348114,-0.9729670363742646,-0.9748435257968411,True
Ti3V,L12,111,-1.0513364419593645,-1.0042644739151,-0.9926283577046707,-1.0005568121734785,True
Ti3W,L12,111,-1.050459691158693,-1.0374268293380737,-1.019830041884196,-1.041026357234639,True
Ti3Y,L12,111,-0.959663738757598,-1.0066698789596558,-1.0010902808063735,-1.002404277939187,True
Ti3Zn,L12,111,-1.1052043695590044,-1.0902190208435059,-1.083473411670832,-1.0887342201813943,True
Ti3Zr,L12,111,-1.0112610123605634,-0.9947922229766846,-0.9866056728966998,-0.9887262224254116,True
TiTl3,L12,111,-0.0880489631553871,-0.047472402453422546,-0.061733083430446846,-0.043764740711800844,True
TiV3,L12,111,-0.9814601932584708,-1.0549958944320679,-1.0487814584927841,-1.0507302934115992,True
TiW3,L12,111,-1.053664647958584,-1.0019149780273438,-0.9936032087338191,-0.9958489774760708,True
TiY3,L12,111,-0.9883833135581596,-1.0094056129455566,-0.9927791836869782,-1.013005140842122,True
TiZn3,L12,111,-0.3385362824546689,-0.35663309693336487,-0.35959274844689365,-0.35236749591289623,True
TiZr3,L12,111,-1.020667035357263,-1.01888906955719,-1.0102788929231343,-1.012823069005917,True
Tl3V,L12,111,1.0113510821402372,-0.048968542367219925,-0.0656014823469329,-0.05256807026378515,True
Tl3W,L12,111,-0.6467354093610709,0.7220316529273987,0.7049020530962733,0.7132797394091632,False
Tl3Y,L12,111,0.2298276202427871,0.12231335043907166,0.11282304011086372,0.11570677190949773,False
Tl3Zn,L12,111,0.5056718674468641,0.4631589949131012,0.44571452110063636,0.4692249954643742,True
Tl3Zr,L12,111,-0.0856408918579916,-0.08216528594493866,-0.09764864227572462,-0.08877968905987432,False
TlV3,L12,111,-0.9759675753584532,-0.838505208492279,-0.8351347162634057,-0.8342396074718104,True
TlW3,L12,111,-0.9351109070584868,-0.7995981574058533,-0.7948431513287958,-0.8099481235782153,False
TlY3,L12,111,-1.1113915579580578,-1.064331293106079,-1.04580281994157,-1.0709456962210147,False
TlZn3,L12,111,0.4346851222444741,0.5520890951156616,0.5368440482053534,0.553573895777773,True
TlZr3,L12,111,-1.1165911091584064,-1.0854685306549072,-1.0756878760671298,-1.0958184968272693,False
V3W,L12,111,-1.1904229406599995,-1.0832931995391846,-1.0641080867396178,-1.0868927274357498,True
V3Y,L12,111,-0.8013340295574096,-0.932491660118103,-0.927886508870045,-0.9282260590976343,True
V3Zn,L12,111,-1.065601193556148,-1.0377135276794434,-1.0316709718689359,-1.0362287270173318,True
V3Zr,L12,111,-0.9417665394566654,-0.9138948917388916,-0.9071305301411746,-0.9078288911876187,True
VW3,L12,111,-1.30115925916013,-1.2120367288589478,-1.19477699168849,-1.2083290671173261,True
VY3,L12,111,-1.0060386036556963,-0.9496453404426575,-0.9350883741711313,-0.9532448683392227,True
VZn3,L12,111,-0.3861208294538016,-0.331459105014801,-0.33487336060586936,-0.32997430435268954,True
VZr3,L12,111,-1.0211528946556143,-1.0075349807739258,-0.9958103441259327,-1.0038273190323042,True
W3Y,L12,111,-0.7973097380590559,-0.8808561563491821,-0.8769293181913156,-0.8896080698674176,False
W3Zn,L12,111,-0.9919399774580312,-0.9858500361442566,-0.9805439391846611,-0.9815844351237879,True
W3Zr,L12,111,-0.8004512923571099,-0.9144086241722107,-0.9100171323125071,-0.9210152027017846,False
WY3,L12,111,-1.004813683258334,-0.9648685455322266,-0.954298730347666,-0.9790247990350154,False
WZn3,L12,111,-0.5749425268577113,-0.6203110814094543,-0.6198069102542657,-0.6160454803889857,True
WZr3,L12,111,-1.0317967635591856,-0.984336256980896,-0.9763335245149494,-0.994686223153258,False
Y3Zn,L12,111,-1.0800679897610903,-0.9082070589065552,-0.8950850758821662,-0.9118065868031204,True
Y3Zr,L12,111,-0.951071880358512,-0.9942784905433655,-0.9888616726547251,-1.003030404061601,False
YZn3,L12,111,-0.1502267032619499,-0.2030673325061798,-0.2087994371348675,-0.19700133195490685,True
YZr3,L12,111,-0.97245268095773,-0.9720476269721985,-0.9567148827321904,-0.9786620300871341,False
Zn3Zr,L12,111,-0.3706385043614943,-0.3420211374759674,-0.3452939664850602,-0.3405363368138559,True
ZnZr3,L12,111,-1.0478193706576064,-1.045177936553955,-1.0324344453183791,-1.0414702748123335,True
