melting_point_wmean,melting_point_max,melting_point_min,melting_point_range,melting_point_wstd,mendeleev_number_wmean,mendeleev_number_max,mendeleev_number_min,mendeleev_number_range,mendeleev_number_wstd,covalent_radius_wmean,covalent_radius_max,covalent_radius_min,covalent_radius_range,covalent_radius_wstd,n_valence_wmean,n_valence_max,n_valence_min,n_valence_range,n_valence_wstd,nd_valence_wmean,nd_valence_max,nd_valence_min,nd_valence_range,nd_valence_wstd,n_unfilled_wmean,n_unfilled_max,n_unfilled_min,n_unfilled_range,n_unfilled_wstd,nd_unfilled_wmean,nd_unfilled_max,nd_unfilled_min,nd_unfilled_range,nd_unfilled_wstd,en_mode,radius_mode,group_mode,period_mode,ie1_mode,d_el_mode,melting_point_mode,mendeleev_number_mode,covalent_radius_mode,n_valence_mode,nd_valence_mode,n_unfilled_mode,nd_unfilled_mode
1234.9299999999998,1234.9299999999998,1234.9299999999998,0.0,0.0,72.0,72.0,72.0,0.0,0.0,128.0,128.0,128.0,0.0,0.0,11.0,11.0,11.0,0.0,0.0,10.0,10.0,10.0,0.0,0.0,1.0,1.0,1.0,0.0,0.0,0.0,0.0,0.0,0.0,0.0,1.93,160.0,11.0,5.0,7.576234,10.0,1234.9299999999998,72.0,128.0,11.0,10.0,1.0,0.0
933.473,933.473,933.473,0.0,0.0,82.0,82.0,82.0,0.0,0.0,126.0,126.0,126.0,0.0,0.0,3.0,3.0,3.0,0.0,0.0,0.0,0.0,0.0,0.0,0.0,5.0,5.0,5.0,0.0,0.0,0.0,0.0,0.0,0.0,0.0,1.61,125.0,13.0,3.0,5.985769,0.0,933.473,82.0,126.0,3.0,0.0,5.0,0.0
1337.33,1337.33,1337.33,0.0,0.0,73.0,73.0,73.0,0.0,0.0,124.0,124.0,124.0,0.0,0.0,11.0,11.0,11.0,0.0,0.0,10.0,10.0,10.0,0.0,0.0,1.0,1.0,1.0,0.0,0.0,0.0,0.0,0.0,0.0,0.0,2.4,135.0,11.0,6.0,9.225554,10.0,1337.33,73.0,124.0,11.0,10.0,1.0,0.0
544.5519999999999,544.5519999999999,544.5519999999999,0.0,0.0,97.0,97.0,97.0,0.0,0.0,151.0,151.0,151.0,0.0,0.0,5.0,5.0,5.0,0.0,0.0,10.0,10.0,10.0,0.0,0.0,3.0,3.0,3.0,0.0,0.0,0.0,0.0,0.0,0.0,0.0,1.9,160.0,15.0,6.0,7.285516,10.0,544.5519999999999,97.0,151.0,5.0,10.0,3.0,0.0
594.219,594.219,594.219,0.0,0.0,78.0,78.0,78.0,0.0,0.0,136.0,136.0,136.0,0.0,0.0,12.0,12.0,12.0,0.0,0.0,10.0,10.0,10.0,0.0,0.0,0.0,0.0,0.0,0.0,0.0,0.0,0.0,0.0,0.0,0.0,1.69,155.0,12.0,5.0,8.99382,10.0,594.219,78.0,136.0,12.0,10.0,0.0,0.0
1768.15,1768.15,1768.15,0.0,0.0,63.0,63.0,63.0,0.0,0.0,111.00000000000001,111.00000000000001,111.00000000000001,0.0,0.0,9.0,9.0,9.0,0.0,0.0,7.0,7.0,7.0,0.0,0.0,3.0,3.0,3.0,0.0,0.0,3.0,3.0,3.0,0.0,0.0,1.88,135.0,9.0,4.0,7.88101,7.0,1768.15,63.0,111.00000000000001,9.0,7.0,3.0,3.0
2180.15,2180.15,2180.15,0.0,0.0,51.0,51.0,51.0,0.0,0.0,122.0,122.0,122.0,0.0,0.0,6.0,6.0,6.0,0.0,0.0,5.0,5.0,5.0,0.0,0.0,6.0,6.0,6.0,0.0,0.0,5.0,5.0,5.0,0.0,0.0,1.66,140.0,6.0,4.0,6.76651,5.0,2180.15,51.0,122.0,6.0,5.0,6.0,5.0
1357.77,1357.77,1357.77,0.0,0.0,71.0,71.0,71.0,0.0,0.0,112.00000000000001,112.00000000000001,112.00000000000001,0.0,0.0,11.0,11.0,11.0,0.0,0.0,10.0,10.0,10.0,0.0,0.0,1.0,1.0,1.0,0.0,0.0,0.0,0.0,0.0,0.0,0.0,1.9,135.0,11.0,4.0,7.72638,10.0,1357.77,71.0,112.00000000000001,11.0,10.0,1.0,0.0
1811.15,1811.15,1811.15,0.0,0.0,59.0,59.0,59.0,0.0,0.0,115.99999999999999,115.99999999999999,115.99999999999999,0.0,0.0,8.0,8.0,8.0,0.0,0.0,6.0,6.0,6.0,0.0,0.0,4.0,4.0,4.0,0.0,0.0,4.0,4.0,4.0,0.0,0.0,1.83,140.0,8.0,4.0,7.9024681,6.0,1811.15,59.0,115.99999999999999,8.0,6.0,4.0,4.0
302.91459999999995,302.91459999999995,302.91459999999995,0.0,0.0,83.0,83.0,83.0,0.0,0.0,124.0,124.0,124.0,0.0,0.0,3.0,3.0,3.0,0.0,0.0,10.0,10.0,10.0,0.0,0.0,5.0,5.0,5.0,0.0,0.0,0.0,0.0,0.0,0.0,0.0,1.81,130.0,13.0,4.0,5.999302,10.0,302.91459999999995,83.0,124.0,3.0,10.0,5.0,0.0
2506.15,2506.15,2506.15,0.0,0.0,45.0,45.0,45.0,0.0,0.0,152.0,152.0,152.0,0.0,0.0,4.0,4.0,4.0,0.0,0.0,2.0,2.0,2.0,0.0,0.0,8.0,8.0,8.0,0.0,0.0,8.0,8.0,8.0,0.0,0.0,1.3,155.0,4.0,6.0,6.82507,2.0,2506.15,45.0,152.0,4.0,2.0,8.0,8.0
429.7485,429.7485,429.7485,0.0,0.0,84.0,84.0,84.0,0.0,0.0,142.0,142.0,142.0,0.0,0.0,3.0,3.0,3.0,0.0,0.0,10.0,10.0,10.0,0.0,0.0,5.0,5.0,5.0,0.0,0.0,0.0,0.0,0.0,0.0,0.0,1.78,155.0,13.0,5.0,5.7863558,10.0,429.7485,84.0,142.0,3.0,10.0,5.0,0.0
2719.15,2719.15,2719.15,0.0,0.0,65.0,65.0,65.0,0.0,0.0,122.0,122.0,122.0,0.0,0.0,9.0,9.0,9.0,0.0,0.0,7.0,7.0,7.0,0.0,0.0,3.0,3.0,3.0,0.0,0.0,3.0,3.0,3.0,0.0,0.0,2.2,135.0,9.0,6.0,8.96702,7.0,2719.15,65.0,122.0,9.0,7.0,3.0,3.0
1193.15,1193.15,1193.15,0.0,0.0,13.0,13.0,13.0,0.0,0.0,180.0,180.0,180.0,0.0,0.0,3.0,3.0,3.0,0.0,0.0,1.0,1.0,1.0,0.0,0.0,9.0,9.0,9.0,0.0,0.0,9.0,9.0,9.0,0.0,0.0,1.1,195.0,3.0,6.0,5.5769,1.0,1193.15,13.0,180.0,3.0,1.0,9.0,9.0
2895.15,2895.15,2895.15,0.0,0.0,52.0,52.0,52.0,0.0,0.0,138.0,138.0,138.0,0.0,0.0,6.0,6.0,6.0,0.0,0.0,5.0,5.0,5.0,0.0,0.0,6.0,6.0,6.0,0.0,0.0,5.0,5.0,5.0,0.0,0.0,2.16,145.0,6.0,5.0,7.09243,5.0,2895.15,52.0,138.0,6.0,5.0,6.0,5.0
2750.15,2750.15,2750.15,0.0,0.0,48.0,48.0,48.0,0.0,0.0,147.0,147.0,147.0,0.0,0.0,5.0,5.0,5.0,0.0,0.0,4.0,4.0,4.0,0.0,0.0,7.0,7.0,7.0,0.0,0.0,6.0,6.0,6.0,0.0,0.0,1.6,145.0,5.0,5.0,6.75885,4.0,2750.15,48.0,147.0,5.0,4.0,7.0,6.0
3306.15,3306.15,3306.15,0.0,0.0,61.0,61.0,61.0,0.0,0.0,129.0,129.0,129.0,0.0,0.0,8.0,8.0,8.0,0.0,0.0,6.0,6.0,6.0,0.0,0.0,4.0,4.0,4.0,0.0,0.0,4.0,4.0,4.0,0.0,0.0,2.2,130.0,8.0,6.0,8.43823,6.0,3306.15,61.0,129.0,8.0,6.0,4.0,4.0
600.612,600.612,600.612,0.0,0.0,91.0,91.0,91.0,0.0,0.0,144.0,144.0,144.0,0.0,0.0,4.0,4.0,4.0,0.0,0.0,10.0,10.0,10.0,0.0,0.0,4.0,4.0,4.0,0.0,0.0,0.0,0.0,0.0,0.0,0.0,1.8,180.0,14.0,6.0,7.4166799,10.0,600.612,91.0,144.0,4.0,10.0,4.0,0.0
1827.9499999999998,1827.9499999999998,1827.9499999999998,0.0,0.0,68.0,68.0,68.0,0.0,0.0,120.0,120.0,120.0,0.0,0.0,10.0,10.0,10.0,0.0,0.0,10.0,10.0,10.0,0.0,0.0,0.0,0.0,0.0,0.0,0.0,0.0,0.0,0.0,0.0,0.0,2.2,140.0,10.0,5.0,8.336839,10.0,1827.9499999999998,68.0,120.0,10.0,10.0,0.0,0.0
2041.35,2041.35,2041.35,0.0,0.0,69.0,69.0,69.0,0.0,0.0,123.0,123.0,123.0,0.0,0.0,10.0,10.0,10.0,0.0,0.0,9.0,9.0,9.0,0.0,0.0,2.0,2.0,2.0,0.0,0.0,1.0,1.0,1.0,0.0,0.0,2.2,135.0,10.0,6.0,8.95883,9.0,2041.35,69.0,123.0,10.0,9.0,2.0,1.0
3458.15,3458.15,3458.15,0.0,0.0,57.0,57.0,57.0,0.0,0.0,131.0,131.0,131.0,0.0,0.0,7.0,7.0,7.0,0.0,0.0,5.0,5.0,5.0,0.0,0.0,5.0,5.0,5.0,0.0,0.0,5.0,5.0,5.0,0.0,0.0,1.9,135.0,7.0,6.0,7.83352,5.0,3458.15,57.0,131.0,7.0,5.0,5.0,5.0
2236.15,2236.15,2236.15,0.0,0.0,64.0,64.0,64.0,0.0,0.0,125.0,125.0,125.0,0.0,0.0,9.0,9.0,9.0,0.0,0.0,8.0,8.0,8.0,0.0,0.0,3.0,3.0,3.0,0.0,0.0,2.0,2.0,2.0,0.0,0.0,2.28,135.0,9.0,5.0,7.4589,8.0,2236.15,64.0,125.0,9.0,8.0,3.0,2.0
2606.15,2606.15,2606.15,0.0,0.0,60.0,60.0,60.0,0.0,0.0,125.0,125.0,125.0,0.0,0.0,8.0,8.0,8.0,0.0,0.0,7.0,7.0,7.0,0.0,0.0,4.0,4.0,4.0,0.0,0.0,3.0,3.0,3.0,0.0,0.0,2.2,130.0,8.0,5.0,7.3605,7.0,2606.15,60.0,125.0,8.0,7.0,4.0,3.0
1814.15,1814.15,1814.15,0.0,0.0,11.0,11.0,11.0,0.0,0.0,148.0,148.0,148.0,0.0,0.0,3.0,3.0,3.0,0.0,0.0,1.0,1.0,1.0,0.0,0.0,9.0,9.0,9.0,0.0,0.0,9.0,9.0,9.0,0.0,0.0,1.36,160.0,3.0,4.0,6.56149,1.0,1814.15,11.0,148.0,3.0,1.0,9.0,9.0
505.08,505.08,505.08,0.0,0.0,90.0,90.0,90.0,0.0,0.0,140.0,140.0,140.0,0.0,0.0,4.0,4.0,4.0,0.0,0.0,10.0,10.0,10.0,0.0,0.0,4.0,4.0,4.0,0.0,0.0,0.0,0.0,0.0,0.0,0.0,1.96,145.0,14.0,5.0,7.343918,10.0,505.08,90.0,140.0,4.0,10.0,4.0,0.0
3290.15,3290.15,3290.15,0.0,0.0,49.0,49.0,49.0,0.0,0.0,146.0,146.0,146.0,0.0,0.0,5.0,5.0,5.0,0.0,0.0,3.0,3.0,3.0,0.0,0.0,7.0,7.0,7.0,0.0,0.0,7.0,7.0,7.0,0.0,0.0,1.5,145.0,5.0,6.0,7.549571,3.0,3290.15,49.0,146.0,5.0,3.0,7.0,7.0
2430.15,2430.15,2430.15,0.0,0.0,56.0,56.0,56.0,0.0,0.0,128.0,128.0,128.0,0.0,0.0,7.0,7.0,7.0,0.0,0.0,5.0,5.0,5.0,0.0,0.0,5.0,5.0,5.0,0.0,0.0,5.0,5.0,5.0,0.0,0.0,2.1,135.0,7.0,5.0,7.11938,5.0,2430.15,56.0,128.0,7.0,5.0,5.0,5.0
1943.15,1943.15,1943.15,0.0,0.0,43.0,43.0,43.0,0.0,0.0,136.0,136.0,136.0,0.0,0.0,4.0,4.0,4.0,0.0,0.0,2.0,2.0,2.0,0.0,0.0,8.0,8.0,8.0,0.0,0.0,8.0,8.0,8.0,0.0,0.0,1.54,140.0,4.0,4.0,6.82812,2.0,1943.15,43.0,136.0,4.0,2.0,8.0,8.0
577.15,577.15,577.15,0.0,0.0,85.0,85.0,85.0,0.0,0.0,144.0,144.0,144.0,0.0,0.0,3.0,3.0,3.0,0.0,0.0,10.0,10.0,10.0,0.0,0.0,5.0,5.0,5.0,0.0,0.0,0.0,0.0,0.0,0.0,0.0,1.8,190.0,13.0,6.0,6.1082873,10.0,577.15,85.0,144.0,3.0,10.0,5.0,0.0
2183.15,2183.15,2183.15,0.0,0.0,47.0,47.0,47.0,0.0,0.0,134.0,134.0,134.0,0.0,0.0,5.0,5.0,5.0,0.0,0.0,3.0,3.0,3.0,0.0,0.0,7.0,7.0,7.0,0.0,0.0,7.0,7.0,7.0,0.0,0.0,1.63,135.0,5.0,4.0,6.746187,3.0,2183.15,47.0,134.0,5.0,3.0,7.0,7.0
3687.15,3687.15,3687.15,0.0,0.0,53.0,53.0,53.0,0.0,0.0,137.0,137.0,137.0,0.0,0.0,6.0,6.0,6.0,0.0,0.0,4.0,4.0,4.0,0.0,0.0,6.0,6.0,6.0,0.0,0.0,6.0,6.0,6.0,0.0,0.0,1.7,135.0,6.0,6.0,7.86403,4.0,3687.15,53.0,137.0,6.0,4.0,6.0,6.0
1795.15,1795.15,1795.15,0.0,0.0,12.0,12.0,12.0,0.0,0.0,163.0,163.0,163.0,0.0,0.0,3.0,3.0,3.0,0.0,0.0,1.0,1.0,1.0,0.0,0.0,9.0,9.0,9.0,0.0,0.0,9.0,9.0,9.0,0.0,0.0,1.22,180.0,3.0,5.0,6.21726,1.0,1795.15,12.0,163.0,3.0,1.0,9.0,9.0
692.6769999999999,692.6769999999999,692.6769999999999,0.0,0.0,77.0,77.0,77.0,0.0,0.0,118.0,118.0,118.0,0.0,0.0,12.0,12.0,12.0,0.0,0.0,10.0,10.0,10.0,0.0,0.0,0.0,0.0,0.0,0.0,0.0,0.0,0.0,0.0,0.0,0.0,1.65,135.0,12.0,4.0,9.394197,10.0,692.6769999999999,77.0,118.0,12.0,10.0,0.0,0.0
2127.15,2127.15,2127.15,0.0,0.0,44.0,44.0,44.0,0.0,0.0,154.0,154.0,154.0,0.0,0.0,4.0,4.0,4.0,0.0,0.0,2.0,2.0,2.0,0.0,0.0,8.0,8.0,8.0,0.0,0.0,8.0,8.0,8.0,0.0,0.0,1.33,155.0,4.0,5.0,6.634126,2.0,2127.15,44.0,154.0,4.0,2.0,8.0,8.0
1084.2015,1234.9299999999998,933.473,301.4569999999999,150.72849999999994,77.0,82.0,72.0,10.0,5.0,127.0,128.0,126.0,2.0,1.0,7.0,11.0,3.0,8.0,4.0,5.0,10.0,0.0,10.0,5.0,3.0,5.0,1.0,4.0,2.0,0.0,0.0,0.0,0.0,0.0,1.93,160.0,11.0,5.0,7.576234,10.0,1234.9299999999998,72.0,128.0,11.0,10.0,1.0,0.0
1286.1299999999999,1337.33,1234.9299999999998,102.40000000000009,51.200000000000045,72.5,73.0,72.0,1.0,0.5,126.0,128.0,124.0,4.0,2.0,11.0,11.0,11.0,0.0,0.0,10.0,10.0,10.0,0.0,0.0,1.0,1.0,1.0,0.0,0.0,0.0,0.0,0.0,0.0,0.0,1.93,160.0,11.0,5.0,7.576234,10.0,1234.9299999999998,72.0,128.0,11.0,10.0,1.0,0.0
889.7409999999999,1234.9299999999998,544.5519999999999,690.3779999999999,345.18899999999996,84.5,97.0,72.0,25.0,12.5,139.5,151.0,128.0,23.0,11.5,8.0,11.0,5.0,6.0,3.0,10.0,10.0,10.0,0.0,0.0,2.0,3.0,1.0,2.0,1.0,0.0,0.0,0.0,0.0,0.0,1.93,160.0,11.0,5.0,7.576234,10.0,1234.9299999999998,72.0,128.0,11.0,10.0,1.0,0.0
914.5745,1234.9299999999998,594.219,640.7109999999998,320.3554999999999,75.0,78.0,72.0,6.0,3.0,132.0,136.0,128.0,8.0,4.0,11.5,12.0,11.0,1.0,0.5,10.0,10.0,10.0,0.0,0.0,0.5,1.0,0.0,1.0,0.5,0.0,0.0,0.0,0.0,0.0,1.93,160.0,11.0,5.0,7.576234,10.0,1234.9299999999998,72.0,128.0,11.0,10.0,1.0,0.0
1501.54,1768.15,1234.9299999999998,533.2200000000003,266.6100000000001,67.5,72.0,63.0,9.0,4.5,119.5,128.0,111.00000000000001,16.999999999999986,8.499999999999993,10.0,11.0,9.0,2.0,1.0,8.5,10.0,7.0,3.0,1.5,2.0,3.0,1.0,2.0,1.0,1.5,3.0,0.0,3.0,1.5,1.93,160.0,11.0,5.0,7.576234,10.0,1234.9299999999998,72.0,128.0,11.0,10.0,1.0,0.0
1296.35,1357.77,1234.9299999999998,122.84000000000015,61.42000000000007,71.5,72.0,71.0,1.0,0.5,120.0,128.0,112.00000000000001,15.999999999999986,7.999999999999993,11.0,11.0,11.0,0.0,0.0,10.0,10.0,10.0,0.0,0.0,1.0,1.0,1.0,0.0,0.0,0.0,0.0,0.0,0.0,0.0,1.93,160.0,11.0,5.0,7.576234,10.0,1234.9299999999998,72.0,128.0,11.0,10.0,1.0,0.0
1523.04,1811.15,1234.9299999999998,576.2200000000003,288.1100000000001,65.5,72.0,59.0,13.0,6.5,122.0,128.0,115.99999999999999,12.000000000000014,6.000000000000007,9.5,11.0,8.0,3.0,1.5,8.0,10.0,6.0,4.0,2.0,2.5,4.0,1.0,3.0,1.5,2.0,4.0,0.0,4.0,2.0,1.93,160.0,11.0,5.0,7.576234,10.0,1234.9299999999998,72.0,128.0,11.0,10.0,1.0,0.0
768.9223,1234.9299999999998,302.91459999999995,932.0153999999999,466.00769999999994,77.5,83.0,72.0,11.0,5.5,126.0,128.0,124.0,4.0,2.0,7.0,11.0,3.0,8.0,4.0,10.0,10.0,10.0,0.0,0.0,3.0,5.0,1.0,4.0,2.0,0.0,0.0,0.0,0.0,0.0,1.93,160.0,11.0,5.0,7.576234,10.0,1234.9299999999998,72.0,128.0,11.0,10.0,1.0,0.0
1870.54,2506.15,1234.9299999999998,1271.2200000000003,635.6100000000001,58.5,72.0,45.0,27.0,13.5,140.0,152.0,128.0,24.0,12.0,7.5,11.0,4.0,7.0,3.5,6.0,10.0,2.0,8.0,4.0,4.5,8.0,1.0,7.0,3.5,4.0,8.0,0.0,8.0,4.0,1.93,160.0,11.0,5.0,7.576234,10.0,1234.9299999999998,72.0,128.0,11.0,10.0,1.0,0.0
734.6254999999999,1234.9299999999998,234.32099999999997,1000.6089999999999,500.3044999999999,75.5,79.0,72.0,7.0,3.5,130.5,133.0,128.0,5.0,2.5,11.5,12.0,11.0,1.0,0.5,10.0,10.0,10.0,0.0,0.0,0.5,1.0,0.0,1.0,0.5,0.0,0.0,0.0,0.0,0.0,1.93,160.0,11.0,5.0,7.576234,10.0,1234.9299999999998,72.0,128.0,11.0,10.0,1.0,0.0
832.3392499999999,1234.9299999999998,429.7485,805.1814999999999,402.5907499999999,78.0,84.0,72.0,12.0,6.0,135.0,142.0,128.0,14.0,7.0,7.0,11.0,3.0,8.0,4.0,10.0,10.0,10.0,0.0,0.0,3.0,5.0,1.0,4.0,2.0,0.0,0.0,0.0,0.0,0.0,1.93,160.0,11.0,5.0,7.576234,10.0,1234.9299999999998,72.0,128.0,11.0,10.0,1.0,0.0
1977.04,2719.15,1234.9299999999998,1484.2200000000003,742.1100000000001,68.5,72.0,65.0,7.0,3.5,125.0,128.0,122.0,6.0,3.0,10.0,11.0,9.0,2.0,1.0,8.5,10.0,7.0,3.0,1.5,2.0,3.0,1.0,2.0,1.0,1.5,3.0,0.0,3.0,1.5,1.93,160.0,11.0,5.0,7.576234,10.0,1234.9299999999998,72.0,128.0,11.0,10.0,1.0,0.0
1214.04,1234.9299999999998,1193.15,41.779999999999745,20.889999999999873,42.5,72.0,13.0,59.0,29.5,154.0,180.0,128.0,52.0,26.0,7.0,11.0,3.0,8.0,4.0,5.5,10.0,1.0,9.0,4.5,5.0,9.0,1.0,8.0,4.0,4.5,9.0,0.0,9.0,4.5,1.93,160.0,11.0,5.0,7.576234,10.0,1234.9299999999998,72.0,128.0,11.0,10.0,1.0,0.0
1377.04,1519.15,1234.9299999999998,284.22000000000025,142.11000000000013,63.5,72.0,55.0,17.0,8.5,123.5,128.0,119.0,9.0,4.5,9.0,11.0,7.0,4.0,2.0,7.5,10.0,5.0,5.0,2.5,3.0,5.0,1.0,4.0,2.0,2.5,5.0,0.0,5.0,2.5,1.93,160.0,11.0,5.0,7.576234,10.0,1234.9299999999998,72.0,128.0,11.0,10.0,1.0,0.0
2065.04,2895.15,1234.9299999999998,1660.2200000000003,830.1100000000001,62.0,72.0,52.0,20.0,10.0,133.0,138.0,128.0,10.0,5.0,8.5,11.0,6.0,5.0,2.5,7.5,10.0,5.0,5.0,2.5,3.5,6.0,1.0,5.0,2.5,2.5,5.0,0.0,5.0,2.5,1.93,160.0,11.0,5.0,7.576234,10.0,1234.9299999999998,72.0,128.0,11.0,10.0,1.0,0.0
1992.54,2750.15,1234.9299999999998,1515.2200000000003,757.6100000000001,60.0,72.0,48.0,24.0,12.0,137.5,147.0,128.0,19.0,9.5,8.0,11.0,5.0,6.0,3.0,7.0,10.0,4.0,6.0,3.0,4.0,7.0,1.0,6.0,3.0,3.0,6.0,0.0,6.0,3.0,1.93,160.0,11.0,5.0,7.576234,10.0,1234.9299999999998,72.0,128.0,11.0,10.0,1.0,0.0
1481.54,1728.15,1234.9299999999998,493.22000000000025,246.61000000000013,69.5,72.0,67.0,5.0,2.5,119.0,128.0,110.00000000000001,17.999999999999986,8.999999999999993,10.5,11.0,10.0,1.0,0.5,9.0,10.0,8.0,2.0,1.0,1.5,2.0,1.0,1.0,0.5,1.0,2.0,0.0,2.0,1.0,1.93,160.0,11.0,5.0,7.576234,10.0,1234.9299999999998,72.0,128.0,11.0,10.0,1.0,0.0
2270.54,3306.15,1234.9299999999998,2071.2200000000003,1035.6100000000001,66.5,72.0,61.0,11.0,5.5,128.5,129.0,128.0,1.0,0.5,9.5,11.0,8.0,3.0,1.5,8.0,10.0,6.0,4.0,2.0,2.5,4.0,1.0,3.0,1.5,2.0,4.0,0.0,4.0,2.0,1.93,160.0,11.0,5.0,7.576234,10.0,1234.9299999999998,72.0,128.0,11.0,10.0,1.0,0.0
917.771,1234.9299999999998,600.612,634.3179999999999,317.15899999999993,81.5,91.0,72.0,19.0,9.5,136.0,144.0,128.0,16.0,8.0,7.5,11.0,4.0,7.0,3.5,10.0,10.0,10.0,0.0,0.0,2.5,4.0,1.0,3.0,1.5,0.0,0.0,0.0,0.0,0.0,1.93,160.0,11.0,5.0,7.576234,10.0,1234.9299999999998,72.0,128.0,11.0,10.0,1.0,0.0
1531.4399999999998,1827.9499999999998,1234.9299999999998,593.02,296.51,70.0,72.0,68.0,4.0,2.0,124.0,128.0,120.0,8.0,4.0,10.5,11.0,10.0,1.0,0.5,10.0,10.0,10.0,0.0,0.0,0.5,1.0,0.0,1.0,0.5,0.0,0.0,0.0,0.0,0.0,1.93,160.0,11.0,5.0,7.576234,10.0,1234.9299999999998,72.0,128.0,11.0,10.0,1.0,0.0
1638.1399999999999,2041.35,1234.9299999999998,806.4200000000001,403.21000000000004,70.5,72.0,69.0,3.0,1.5,125.5,128.0,123.0,5.0,2.5,10.5,11.0,10.0,1.0,0.5,9.5,10.0,9.0,1.0,0.5,1.5,2.0,1.0,1.0,0.5,0.5,1.0,0.0,1.0,0.5,1.93,160.0,11.0,5.0,7.576234,10.0,1234.9299999999998,72.0,128.0,11.0,10.0,1.0,0.0
2346.54,3458.15,1234.9299999999998,2223.2200000000003,1111.6100000000001,64.5,72.0,57.0,15.0,7.5,129.5,131.0,128.0,3.0,1.5,9.0,11.0,7.0,4.0,2.0,7.5,10.0,5.0,5.0,2.5,3.0,5.0,1.0,4.0,2.0,2.5,5.0,0.0,5.0,2.5,1.93,160.0,11.0,5.0,7.576234,10.0,1234.9299999999998,72.0,128.0,11.0,10.0,1.0,0.0
1735.54,2236.15,1234.9299999999998,1001.2200000000003,500.6100000000001,68.0,72.0,64.0,8.0,4.0,126.5,128.0,125.0,3.0,1.5,10.0,11.0,9.0,2.0,1.0,9.0,10.0,8.0,2.0,1.0,2.0,3.0,1.0,2.0,1.0,1.0,2.0,0.0,2.0,1.0,1.93,160.0,11.0,5.0,7.576234,10.0,1234.9299999999998,72.0,128.0,11.0,10.0,1.0,0.0
1920.54,2606.15,1234.9299999999998,1371.2200000000003,685.6100000000001,66.0,72.0,60.0,12.0,6.0,126.5,128.0,125.0,3.0,1.5,9.5,11.0,8.0,3.0,1.5,8.5,10.0,7.0,3.0,1.5,2.5,4.0,1.0,3.0,1.5,1.5,3.0,0.0,3.0,1.5,1.93,160.0,11.0,5.0,7.576234,10.0,1234.9299999999998,72.0,128.0,11.0,10.0,1.0,0.0
1524.54,1814.15,1234.9299999999998,579.2200000000003,289.6100000000001,41.5,72.0,11.0,61.0,30.5,138.0,148.0,128.0,20.0,10.0,7.0,11.0,3.0,8.0,4.0,5.5,10.0,1.0,9.0,4.5,5.0,9.0,1.0,8.0,4.0,4.5,9.0,0.0,9.0,4.5,1.93,160.0,11.0,5.0,7.576234,10.0,1234.9299999999998,72.0,128.0,11.0,10.0,1.0,0.0
870.0049999999999,1234.9299999999998,505.08,729.8499999999999,364.9249999999999,81.0,90.0,72.0,18.0,9.0,134.0,140.0,128.0,12.0,6.0,7.5,11.0,4.0,7.0,3.5,10.0,10.0,10.0,0.0,0.0,2.5,4.0,1.0,3.0,1.5,0.0,0.0,0.0,0.0,0.0,1.93,160.0,11.0,5.0,7.576234,10.0,1234.9299999999998,72.0,128.0,11.0,10.0,1.0,0.0
2262.54,3290.15,1234.9299999999998,2055.2200000000003,1027.6100000000001,60.5,72.0,49.0,23.0,11.5,137.0,146.0,128.0,18.0,9.0,8.0,11.0,5.0,6.0,3.0,6.5,10.0,3.0,7.0,3.5,4.0,7.0,1.0,6.0,3.0,3.5,7.0,0.0,7.0,3.5,1.93,160.0,11.0,5.0,7.576234,10.0,1234.9299999999998,72.0,128.0,11.0,10.0,1.0,0.0
1832.54,2430.15,1234.9299999999998,1195.2200000000003,597.6100000000001,64.0,72.0,56.0,16.0,8.0,128.0,128.0,128.0,0.0,0.0,9.0,11.0,7.0,4.0,2.0,7.5,10.0,5.0,5.0,2.5,3.0,5.0,1.0,4.0,2.0,2.5,5.0,0.0,5.0,2.5,1.93,160.0,11.0,5.0,7.576234,10.0,1234.9299999999998,72.0,128.0,11.0,10.0,1.0,0.0
1589.04,1943.15,1234.9299999999998,708.2200000000003,354.1100000000001,57.5,72.0,43.0,29.0,14.5,132.0,136.0,128.0,8.0,4.0,7.5,11.0,4.0,7.0,3.5,6.0,10.0,2.0,8.0,4.0,4.5,8.0,1.0,7.0,3.5,4.0,8.0,0.0,8.0,4.0,1.93,160.0,11.0,5.0,7.576234,10.0,1234.9299999999998,72.0,128.0,11.0,10.0,1.0,0.0
906.04,1234.9299999999998,577.15,657.7799999999999,328.88999999999993,78.5,85.0,72.0,13.0,6.5,136.0,144.0,128.0,16.0,8.0,7.0,11.0,3.0,8.0,4.0,10.0,10.0,10.0,0.0,0.0,3.0,5.0,1.0,4.0,2.0,0.0,0.0,0.0,0.0,0.0,1.93,160.0,11.0,5.0,7.576234,10.0,1234.9299999999998,72.0,128.0,11.0,10.0,1.0,0.0
1709.04,2183.15,1234.9299999999998,948.2200000000003,474.1100000000001,59.5,72.0,47.0,25.0,12.5,131.0,134.0,128.0,6.0,3.0,8.0,11.0,5.0,6.0,3.0,6.5,10.0,3.0,7.0,3.5,4.0,7.0,1.0,6.0,3.0,3.5,7.0,0.0,7.0,3.5,1.93,160.0,11.0,5.0,7.576234,10.0,1234.9299999999998,72.0,128.0,11.0,10.0,1.0,0.0
2461.04,3687.15,1234.9299999999998,2452.2200000000003,1226.1100000000001,62.5,72.0,53.0,19.0,9.5,132.5,137.0,128.0,9.0,4.5,8.5,11.0,6.0,5.0,2.5,7.0,10.0,4.0,6.0,3.0,3.5,6.0,1.0,5.0,2.5,3.0,6.0,0.0,6.0,3.0,1.93,160.0,11.0,5.0,7.576234,10.0,1234.9299999999998,72.0,128.0,11.0,10.0,1.0,0.0
1515.04,1795.15,1234.9299999999998,560.2200000000003,280.1100000000001,42.0,72.0,12.0,60.0,30.0,145.5,163.0,128.0,35.0,17.5,7.0,11.0,3.0,8.0,4.0,5.5,10.0,1.0,9.0,4.5,5.0,9.0,1.0,8.0,4.0,4.5,9.0,0.0,9.0,4.5,1.93,160.0,11.0,5.0,7.576234,10.0,1234.9299999999998,72.0,128.0,11.0,10.0,1.0,0.0
963.8034999999999,1234.9299999999998,692.6769999999999,542.2529999999999,271.12649999999996,74.5,77.0,72.0,5.0,2.5,123.0,128.0,118.0,10.0,5.0,11.5,12.0,11.0,1.0,0.5,10.0,10.0,10.0,0.0,0.0,0.5,1.0,0.0,1.0,0.5,0.0,0.0,0.0,0.0,0.0,1.93,160.0,11.0,5.0,7.576234,10.0,1234.9299999999998,72.0,128.0,11.0,10.0,1.0,0.0
1681.04,2127.15,1234.9299999999998,892.2200000000003,446.1100000000001,58.0,72.0,44.0,28.0,14.0,141.0,154.0,128.0,26.0,13.0,7.5,11.0,4.0,7.0,3.5,6.0,10.0,2.0,8.0,4.0,4.5,8.0,1.0,7.0,3.5,4.0,8.0,0.0,8.0,4.0,1.93,160.0,11.0,5.0,7.576234,10.0,1234.9299999999998,72.0,128.0,11.0,10.0,1.0,0.0
1135.4015,1337.33,933.473,403.85699999999997,201.92849999999999,77.5,82.0,73.0,9.0,4.5,125.0,126.0,124.0,2.0,1.0,7.0,11.0,3.0,8.0,4.0,5.0,10.0,0.0,10.0,5.0,3.0,5.0,1.0,4.0,2.0,0.0,0.0,0.0,0.0,0.0,1.61,125.0,13.0,3.0,5.985769,0.0,933.473,82.0,126.0,3.0,0.0,5.0,0.0
739.0124999999999,933.473,544.5519999999999,388.92100000000005,194.46050000000002,89.5,97.0,82.0,15.0,7.5,138.5,151.0,126.0,25.0,12.5,4.0,5.0,3.0,2.0,1.0,5.0,10.0,0.0,10.0,5.0,4.0,5.0,3.0,2.0,1.0,0.0,0.0,0.0,0.0,0.0,1.61,125.0,13.0,3.0,5.985769,0.0,933.473,82.0,126.0,3.0,0.0,5.0,0.0
763.846,933.473,594.219,339.2539999999999,169.62699999999995,80.0,82.0,78.0,4.0,2.0,131.0,136.0,126.0,10.0,5.0,7.5,12.0,3.0,9.0,4.5,5.0,10.0,0.0,10.0,5.0,2.5,5.0,0.0,5.0,2.5,0.0,0.0,0.0,0.0,0.0,1.61,125.0,13.0,3.0,5.985769,0.0,933.473,82.0,126.0,3.0,0.0,5.0,0.0
1350.8115,1768.15,933.473,834.6770000000001,417.33850000000007,72.5,82.0,63.0,19.0,9.5,118.5,126.0,111.00000000000001,14.999999999999986,7.499999999999993,6.0,9.0,3.0,6.0,3.0,3.5,7.0,0.0,7.0,3.5,4.0,5.0,3.0,2.0,1.0,1.5,3.0,0.0,3.0,1.5,1.61,125.0,13.0,3.0,5.985769,0.0,933.473,82.0,126.0,3.0,0.0,5.0,0.0
1556.8115,2180.15,933.473,1246.6770000000001,623.3385000000001,66.5,82.0,51.0,31.0,15.5,124.0,126.0,122.0,4.0,2.0,4.5,6.0,3.0,3.0,1.5,2.5,5.0,0.0,5.0,2.5,5.5,6.0,5.0,1.0,0.5,2.5,5.0,0.0,5.0,2.5,1.61,125.0,13.0,3.0,5.985769,0.0,933.473,82.0,126.0,3.0,0.0,5.0,0.0
1145.6215,1357.77,933.473,424.297,212.1485,76.5,82.0,71.0,11.0,5.5,119.0,126.0,112.00000000000001,13.999999999999986,6.999999999999993,7.0,11.0,3.0,8.0,4.0,5.0,10.0,0.0,10.0,5.0,3.0,5.0,1.0,4.0,2.0,0.0,0.0,0.0,0.0,0.0,1.61,125.0,13.0,3.0,5.985769,0.0,933.473,82.0,126.0,3.0,0.0,5.0,0.0
1372.3115,1811.15,933.473,877.6770000000001,438.83850000000007,70.5,82.0,59.0,23.0,11.5,121.0,126.0,115.99999999999999,10.000000000000014,5.000000000000007,5.5,8.0,3.0,5.0,2.5,3.0,6.0,0.0,6.0,3.0,4.5,5.0,4.0,1.0,0.5,2.0,4.0,0.0,4.0,2.0,1.61,125.0,13.0,3.0,5.985769,0.0,933.473,82.0,126.0,3.0,0.0,5.0,0.0
618.1938,933.473,302.91459999999995,630.5584,315.2792,82.5,83.0,82.0,1.0,0.5,125.0,126.0,124.0,2.0,1.0,3.0,3.0,3.0,0.0,0.0,5.0,10.0,0.0,10.0,5.0,5.0,5.0,5.0,0.0,0.0,0.0,0.0,0.0,0.0,0.0,1.61,125.0,13.0,3.0,5.985769,0.0,933.473,82.0,126.0,3.0,0.0,5.0,0.0
1719.8115,2506.15,933.473,1572.6770000000001,786.3385000000001,63.5,82.0,45.0,37.0,18.5,139.0,152.0,126.0,26.0,13.0,3.5,4.0,3.0,1.0,0.5,1.0,2.0,0.0,2.0,1.0,6.5,8.0,5.0,3.0,1.5,4.0,8.0,0.0,8.0,4.0,1.61,125.0,13.0,3.0,5.985769,0.0,933.473,82.0,126.0,3.0,0.0,5.0,0.0
583.8969999999999,933.473,234.32099999999997,699.152,349.57599999999996,80.5,82.0,79.0,3.0,1.5,129.5,133.0,126.0,7.0,3.5,7.5,12.0,3.0,9.0,4.5,5.0,10.0,0.0,10.0,5.0,2.5,5.0,0.0,5.0,2.5,0.0,0.0,0.0,0.0,0.0,1.61,125.0,13.0,3.0,5.985769,0.0,933.473,82.0,126.0,3.0,0.0,5.0,0.0
681.6107499999999,933.473,429.7485,503.7245,251.86225,83.0,84.0,82.0,2.0,1.0,134.0,142.0,126.0,16.0,8.0,3.0,3.0,3.0,0.0,0.0,5.0,10.0,0.0,10.0,5.0,5.0,5.0,5.0,0.0,0.0,0.0,0.0,0.0,0.0,0.0,1.61,125.0,13.0,3.0,5.985769,0.0,933.473,82.0,126.0,3.0,0.0,5.0,0.0
1826.3115,2719.15,933.473,1785.6770000000001,892.8385000000001,73.5,82.0,65.0,17.0,8.5,124.0,126.0,122.0,4.0,2.0,6.0,9.0,3.0,6.0,3.0,3.5,7.0,0.0,7.0,3.5,4.0,5.0,3.0,2.0,1.0,1.5,3.0,0.0,3.0,1.5,1.61,125.0,13.0,3.0,5.985769,0.0,933.473,82.0,126.0,3.0,0.0,5.0,0.0
1063.3115,1193.15,933.473,259.67700000000013,129.83850000000007,47.5,82.0,13.0,69.0,34.5,153.0,180.0,126.0,54.0,27.0,3.0,3.0,3.0,0.0,0.0,0.5,1.0,0.0,1.0,0.5,7.0,9.0,5.0,4.0,2.0,4.5,9.0,0.0,9.0,4.5,1.61,125.0,13.0,3.0,5.985769,0.0,933.473,82.0,126.0,3.0,0.0,5.0,0.0
1226.3115,1519.15,933.473,585.6770000000001,292.83850000000007,68.5,82.0,55.0,27.0,13.5,122.5,126.0,119.0,7.0,3.5,5.0,7.0,3.0,4.0,2.0,2.5,5.0,0.0,5.0,2.5,5.0,5.0,5.0,0.0,0.0,2.5,5.0,0.0,5.0,2.5,1.61,125.0,13.0,3.0,5.985769,0.0,933.473,82.0,126.0,3.0,0.0,5.0,0.0
1914.3115,2895.15,933.473,1961.6770000000001,980.8385000000001,67.0,82.0,52.0,30.0,15.0,132.0,138.0,126.0,12.0,6.0,4.5,6.0,3.0,3.0,1.5,2.5,5.0,0.0,5.0,2.5,5.5,6.0,5.0,1.0,0.5,2.5,5.0,0.0,5.0,2.5,1.61,125.0,13.0,3.0,5.985769,0.0,933.473,82.0,126.0,3.0,0.0,5.0,0.0
1841.8115,2750.15,933.473,1816.6770000000001,908.3385000000001,65.0,82.0,48.0,34.0,17.0,136.5,147.0,126.0,21.0,10.5,4.0,5.0,3.0,2.0,1.0,2.0,4.0,0.0,4.0,2.0,6.0,7.0,5.0,2.0,1.0,3.0,6.0,0.0,6.0,3.0,1.61,125.0,13.0,3.0,5.985769,0.0,933.473,82.0,126.0,3.0,0.0,5.0,0.0
1330.8115,1728.15,933.473,794.6770000000001,397.33850000000007,74.5,82.0,67.0,15.0,7.5,118.0,126.0,110.00000000000001,15.999999999999986,7.999999999999993,6.5,10.0,3.0,7.0,3.5,4.0,8.0,0.0,8.0,4.0,3.5,5.0,2.0,3.0,1.5,1.0,2.0,0.0,2.0,1.0,1.61,125.0,13.0,3.0,5.985769,0.0,933.473,82.0,126.0,3.0,0.0,5.0,0.0
2119.8115,3306.15,933.473,2372.677,1186.3385,71.5,82.0,61.0,21.0,10.5,127.5,129.0,126.0,3.0,1.5,5.5,8.0,3.0,5.0,2.5,3.0,6.0,0.0,6.0,3.0,4.5,5.0,4.0,1.0,0.5,2.0,4.0,0.0,4.0,2.0,1.61,125.0,13.0,3.0,5.985769,0.0,933.473,82.0,126.0,3.0,0.0,5.0,0.0
767.0425,933.473,600.612,332.861,166.4305,86.5,91.0,82.0,9.0,4.5,135.0,144.0,126.0,18.0,9.0,3.5,4.0,3.0,1.0,0.5,5.0,10.0,0.0,10.0,5.0,4.5,5.0,4.0,1.0,0.5,0.0,0.0,0.0,0.0,0.0,1.61,125.0,13.0,3.0,5.985769,0.0,933.473,82.0,126.0,3.0,0.0,5.0,0.0
1380.7115,1827.9499999999998,933.473,894.4769999999999,447.23849999999993,75.0,82.0,68.0,14.0,7.0,123.0,126.0,120.0,6.0,3.0,6.5,10.0,3.0,7.0,3.5,5.0,10.0,0.0,10.0,5.0,2.5,5.0,0.0,5.0,2.5,0.0,0.0,0.0,0.0,0.0,1.61,125.0,13.0,3.0,5.985769,0.0,933.473,82.0,126.0,3.0,0.0,5.0,0.0
1487.4115,2041.35,933.473,1107.877,553.9385,75.5,82.0,69.0,13.0,6.5,124.5,126.0,123.0,3.0,1.5,6.5,10.0,3.0,7.0,3.5,4.5,9.0,0.0,9.0,4.5,3.5,5.0,2.0,3.0,1.5,0.5,1.0,0.0,1.0,0.5,1.61,125.0,13.0,3.0,5.985769,0.0,933.473,82.0,126.0,3.0,0.0,5.0,0.0
2195.8115,3458.15,933.473,2524.677,1262.3385,69.5,82.0,57.0,25.0,12.5,128.5,131.0,126.0,5.0,2.5,5.0,7.0,3.0,4.0,2.0,2.5,5.0,0.0,5.0,2.5,5.0,5.0,5.0,0.0,0.0,2.5,5.0,0.0,5.0,2.5,1.61,125.0,13.0,3.0,5.985769,0.0,933.473,82.0,126.0,3.0,0.0,5.0,0.0
1584.8115,2236.15,933.473,1302.6770000000001,651.3385000000001,73.0,82.0,64.0,18.0,9.0,125.5,126.0,125.0,1.0,0.5,6.0,9.0,3.0,6.0,3.0,4.0,8.0,0.0,8.0,4.0,4.0,5.0,3.0,2.0,1.0,1.0,2.0,0.0,2.0,1.0,1.61,125.0,13.0,3.0,5.985769,0.0,933.473,82.0,126.0,3.0,0.0,5.0,0.0
1769.8115,2606.15,933.473,1672.6770000000001,836.3385000000001,71.0,82.0,60.0,22.0,11.0,125.5,126.0,125.0,1.0,0.5,5.5,8.0,3.0,5.0,2.5,3.5,7.0,0.0,7.0,3.5,4.5,5.0,4.0,1.0,0.5,1.5,3.0,0.0,3.0,1.5,1.61,125.0,13.0,3.0,5.985769,0.0,933.473,82.0,126.0,3.0,0.0,5.0,0.0
1373.8115,1814.15,933.473,880.6770000000001,440.33850000000007,46.5,82.0,11.0,71.0,35.5,137.0,148.0,126.0,22.0,11.0,3.0,3.0,3.0,0.0,0.0,0.5,1.0,0.0,1.0,0.5,7.0,9.0,5.0,4.0,2.0,4.5,9.0,0.0,9.0,4.5,1.61,125.0,13.0,3.0,5.985769,0.0,933.473,82.0,126.0,3.0,0.0,5.0,0.0
719.2764999999999,933.473,505.08,428.393,214.1965,86.0,90.0,82.0,8.0,4.0,133.0,140.0,126.0,14.0,7.0,3.5,4.0,3.0,1.0,0.5,5.0,10.0,0.0,10.0,5.0,4.5,5.0,4.0,1.0,0.5,0.0,0.0,0.0,0.0,0.0,1.61,125.0,13.0,3.0,5.985769,0.0,933.473,82.0,126.0,3.0,0.0,5.0,0.0
2111.8115,3290.15,933.473,2356.677,1178.3385,65.5,82.0,49.0,33.0,16.5,136.0,146.0,126.0,20.0,10.0,4.0,5.0,3.0,2.0,1.0,1.5,3.0,0.0,3.0,1.5,6.0,7.0,5.0,2.0,1.0,3.5,7.0,0.0,7.0,3.5,1.61,125.0,13.0,3.0,5.985769,0.0,933.473,82.0,126.0,3.0,0.0,5.0,0.0
1681.8115,2430.15,933.473,1496.6770000000001,748.3385000000001,69.0,82.0,56.0,26.0,13.0,127.0,128.0,126.0,2.0,1.0,5.0,7.0,3.0,4.0,2.0,2.5,5.0,0.0,5.0,2.5,5.0,5.0,5.0,0.0,0.0,2.5,5.0,0.0,5.0,2.5,1.61,125.0,13.0,3.0,5.985769,0.0,933.473,82.0,126.0,3.0,0.0,5.0,0.0
1438.3115,1943.15,933.473,1009.6770000000001,504.83850000000007,62.5,82.0,43.0,39.0,19.5,131.0,136.0,126.0,10.0,5.0,3.5,4.0,3.0,1.0,0.5,1.0,2.0,0.0,2.0,1.0,6.5,8.0,5.0,3.0,1.5,4.0,8.0,0.0,8.0,4.0,1.61,125.0,13.0,3.0,5.985769,0.0,933.473,82.0,126.0,3.0,0.0,5.0,0.0
1558.3115,2183.15,933.473,1249.6770000000001,624.8385000000001,64.5,82.0,47.0,35.0,17.5,130.0,134.0,126.0,8.0,4.0,4.0,5.0,3.0,2.0,1.0,1.5,3.0,0.0,3.0,1.5,6.0,7.0,5.0,2.0,1.0,3.5,7.0,0.0,7.0,3.5,1.61,125.0,13.0,3.0,5.985769,0.0,933.473,82.0,126.0,3.0,0.0,5.0,0.0
2310.3115,3687.15,933.473,2753.677,1376.8385,67.5,82.0,53.0,29.0,14.5,131.5,137.0,126.0,11.0,5.5,4.5,6.0,3.0,3.0,1.5,2.0,4.0,0.0,4.0,2.0,5.5,6.0,5.0,1.0,0.5,3.0,6.0,0.0,6.0,3.0,1.61,125.0,13.0,3.0,5.985769,0.0,933.473,82.0,126.0,3.0,0.0,5.0,0.0
1364.3115,1795.15,933.473,861.6770000000001,430.83850000000007,47.0,82.0,12.0,70.0,35.0,144.5,163.0,126.0,37.0,18.5,3.0,3.0,3.0,0.0,0.0,0.5,1.0,0.0,1.0,0.5,7.0,9.0,5.0,4.0,2.0,4.5,9.0,0.0,9.0,4.5,1.61,125.0,13.0,3.0,5.985769,0.0,933.473,82.0,126.0,3.0,0.0,5.0,0.0
813.0749999999999,933.473,692.6769999999999,240.79600000000005,120.39800000000002,79.5,82.0,77.0,5.0,2.5,122.0,126.0,118.0,8.0,4.0,7.5,12.0,3.0,9.0,4.5,5.0,10.0,0.0,10.0,5.0,2.5,5.0,0.0,5.0,2.5,0.0,0.0,0.0,0.0,0.0,1.61,125.0,13.0,3.0,5.985769,0.0,933.473,82.0,126.0,3.0,0.0,5.0,0.0
1530.3115,2127.15,933.473,1193.6770000000001,596.8385000000001,63.0,82.0,44.0,38.0,19.0,140.0,154.0,126.0,28.0,14.0,3.5,4.0,3.0,1.0,0.5,1.0,2.0,0.0,2.0,1.0,6.5,8.0,5.0,3.0,1.5,4.0,8.0,0.0,8.0,4.0,1.61,125.0,13.0,3.0,5.985769,0.0,933.473,82.0,126.0,3.0,0.0,5.0,0.0
940.9409999999999,1337.33,544.5519999999999,792.778,396.389,85.0,97.0,73.0,24.0,12.0,137.5,151.0,124.0,27.0,13.5,8.0,11.0,5.0,6.0,3.0,10.0,10.0,10.0,0.0,0.0,2.0,3.0,1.0,2.0,1.0,0.0,0.0,0.0,0.0,0.0,2.4,135.0,11.0,6.0,9.225554,10.0,1337.33,73.0,124.0,11.0,10.0,1.0,0.0
965.7745,1337.33,594.219,743.1109999999999,371.55549999999994,75.5,78.0,73.0,5.0,2.5,130.0,136.0,124.0,12.0,6.0,11.5,12.0,11.0,1.0,0.5,10.0,10.0,10.0,0.0,0.0,0.5,1.0,0.0,1.0,0.5,0.0,0.0,0.0,0.0,0.0,2.4,135.0,11.0,6.0,9.225554,10.0,1337.33,73.0,124.0,11.0,10.0,1.0,0.0
1552.74,1768.15,1337.33,430.82000000000016,215.41000000000008,68.0,73.0,63.0,10.0,5.0,117.5,124.0,111.00000000000001,12.999999999999986,6.499999999999993,10.0,11.0,9.0,2.0,1.0,8.5,10.0,7.0,3.0,1.5,2.0,3.0,1.0,2.0,1.0,1.5,3.0,0.0,3.0,1.5,2.4,135.0,11.0,6.0,9.225554,10.0,1337.33,73.0,124.0,11.0,10.0,1.0,0.0
1347.55,1357.77,1337.33,20.440000000000055,10.220000000000027,72.0,73.0,71.0,2.0,1.0,118.0,124.0,112.00000000000001,11.999999999999986,5.999999999999993,11.0,11.0,11.0,0.0,0.0,10.0,10.0,10.0,0.0,0.0,1.0,1.0,1.0,0.0,0.0,0.0,0.0,0.0,0.0,0.0,2.4,135.0,11.0,6.0,9.225554,10.0,1337.33,73.0,124.0,11.0,10.0,1.0,0.0
1574.24,1811.15,1337.33,473.82000000000016,236.91000000000008,66.0,73.0,59.0,14.0,7.0,120.0,124.0,115.99999999999999,8.000000000000014,4.000000000000007,9.5,11.0,8.0,3.0,1.5,8.0,10.0,6.0,4.0,2.0,2.5,4.0,1.0,3.0,1.5,2.0,4.0,0.0,4.0,2.0,2.4,135.0,11.0,6.0,9.225554,10.0,1337.33,73.0,124.0,11.0,10.0,1.0,0.0
1921.74,2506.15,1337.33,1168.8200000000002,584.4100000000001,59.0,73.0,45.0,28.0,14.0,138.0,152.0,124.0,28.0,14.0,7.5,11.0,4.0,7.0,3.5,6.0,10.0,2.0,8.0,4.0,4.5,8.0,1.0,7.0,3.5,4.0,8.0,0.0,8.0,4.0,2.4,135.0,11.0,6.0,9.225554,10.0,1337.33,73.0,124.0,11.0,10.0,1.0,0.0
785.8254999999999,1337.33,234.32099999999997,1103.009,551.5045,76.0,79.0,73.0,6.0,3.0,128.5,133.0,124.0,9.0,4.5,11.5,12.0,11.0,1.0,0.5,10.0,10.0,10.0,0.0,0.0,0.5,1.0,0.0,1.0,0.5,0.0,0.0,0.0,0.0,0.0,2.4,135.0,11.0,6.0,9.225554,10.0,1337.33,73.0,124.0,11.0,10.0,1.0,0.0
883.5392499999999,1337.33,429.7485,907.5815,453.79074999999995,78.5,84.0,73.0,11.0,5.5,133.0,142.0,124.0,18.0,9.0,7.0,11.0,3.0,8.0,4.0,10.0,10.0,10.0,0.0,0.0,3.0,5.0,1.0,4.0,2.0,0.0,0.0,0.0,0.0,0.0,2.4,135.0,11.0,6.0,9.225554,10.0,1337.33,73.0,124.0,11.0,10.0,1.0,0.0
2028.24,2719.15,1337.33,1381.8200000000002,690.9100000000001,69.0,73.0,65.0,8.0,4.0,123.0,124.0,122.0,2.0,1.0,10.0,11.0,9.0,2.0,1.0,8.5,10.0,7.0,3.0,1.5,2.0,3.0,1.0,2.0,1.0,1.5,3.0,0.0,3.0,1.5,2.4,135.0,11.0,6.0,9.225554,10.0,1337.33,73.0,124.0,11.0,10.0,1.0,0.0
1265.24,1337.33,1193.15,144.17999999999984,72.08999999999992,43.0,73.0,13.0,60.0,30.0,152.0,180.0,124.0,56.0,28.0,7.0,11.0,3.0,8.0,4.0,5.5,10.0,1.0,9.0,4.5,5.0,9.0,1.0,8.0,4.0,4.5,9.0,0.0,9.0,4.5,2.4,135.0,11.0,6.0,9.225554,10.0,1337.33,73.0,124.0,11.0,10.0,1.0,0.0
1428.24,1519.15,1337.33,181.82000000000016,90.91000000000008,64.0,73.0,55.0,18.0,9.0,121.5,124.0,119.0,5.0,2.5,9.0,11.0,7.0,4.0,2.0,7.5,10.0,5.0,5.0,2.5,3.0,5.0,1.0,4.0,2.0,2.5,5.0,0.0,5.0,2.5,2.4,135.0,11.0,6.0,9.225554,10.0,1337.33,73.0,124.0,11.0,10.0,1.0,0.0
2116.24,2895.15,1337.33,1557.8200000000002,778.9100000000001,62.5,73.0,52.0,21.0,10.5,131.0,138.0,124.0,14.0,7.0,8.5,11.0,6.0,5.0,2.5,7.5,10.0,5.0,5.0,2.5,3.5,6.0,1.0,5.0,2.5,2.5,5.0,0.0,5.0,2.5,2.4,135.0,11.0,6.0,9.225554,10.0,1337.33,73.0,124.0,11.0,10.0,1.0,0.0
2043.74,2750.15,1337.33,1412.8200000000002,706.4100000000001,60.5,73.0,48.0,25.0,12.5,135.5,147.0,124.0,23.0,11.5,8.0,11.0,5.0,6.0,3.0,7.0,10.0,4.0,6.0,3.0,4.0,7.0,1.0,6.0,3.0,3.0,6.0,0.0,6.0,3.0,2.4,135.0,11.0,6.0,9.225554,10.0,1337.33,73.0,124.0,11.0,10.0,1.0,0.0
1532.74,1728.15,1337.33,390.82000000000016,195.41000000000008,70.0,73.0,67.0,6.0,3.0,117.0,124.0,110.00000000000001,13.999999999999986,6.999999999999993,10.5,11.0,10.0,1.0,0.5,9.0,10.0,8.0,2.0,1.0,1.5,2.0,1.0,1.0,0.5,1.0,2.0,0.0,2.0,1.0,2.4,135.0,11.0,6.0,9.225554,10.0,1337.33,73.0,124.0,11.0,10.0,1.0,0.0
968.971,1337.33,600.612,736.718,368.359,82.0,91.0,73.0,18.0,9.0,134.0,144.0,124.0,20.0,10.0,7.5,11.0,4.0,7.0,3.5,10.0,10.0,10.0,0.0,0.0,2.5,4.0,1.0,3.0,1.5,0.0,0.0,0.0,0.0,0.0,2.4,135.0,11.0,6.0,9.225554,10.0,1337.33,73.0,124.0,11.0,10.0,1.0,0.0
1582.6399999999999,1827.9499999999998,1337.33,490.6199999999999,245.30999999999995,70.5,73.0,68.0,5.0,2.5,122.0,124.0,120.0,4.0,2.0,10.5,11.0,10.0,1.0,0.5,10.0,10.0,10.0,0.0,0.0,0.5,1.0,0.0,1.0,0.5,0.0,0.0,0.0,0.0,0.0,2.4,135.0,11.0,6.0,9.225554,10.0,1337.33,73.0,124.0,11.0,10.0,1.0,0.0
1689.34,2041.35,1337.33,704.02,352.01,71.0,73.0,69.0,4.0,2.0,123.5,124.0,123.0,1.0,0.5,10.5,11.0,10.0,1.0,0.5,9.5,10.0,9.0,1.0,0.5,1.5,2.0,1.0,1.0,0.5,0.5,1.0,0.0,1.0,0.5,2.4,135.0,11.0,6.0,9.225554,10.0,1337.33,73.0,124.0,11.0,10.0,1.0,0.0
2397.74,3458.15,1337.33,2120.82,1060.41,65.0,73.0,57.0,16.0,8.0,127.5,131.0,124.0,7.0,3.5,9.0,11.0,7.0,4.0,2.0,7.5,10.0,5.0,5.0,2.5,3.0,5.0,1.0,4.0,2.0,2.5,5.0,0.0,5.0,2.5,2.4,135.0,11.0,6.0,9.225554,10.0,1337.33,73.0,124.0,11.0,10.0,1.0,0.0
1786.74,2236.15,1337.33,898.8200000000002,449.4100000000001,68.5,73.0,64.0,9.0,4.5,124.5,125.0,124.0,1.0,0.5,10.0,11.0,9.0,2.0,1.0,9.0,10.0,8.0,2.0,1.0,2.0,3.0,1.0,2.0,1.0,1.0,2.0,0.0,2.0,1.0,2.4,135.0,11.0,6.0,9.225554,10.0,1337.33,73.0,124.0,11.0,10.0,1.0,0.0
1575.74,1814.15,1337.33,476.82000000000016,238.41000000000008,42.0,73.0,11.0,62.0,31.0,136.0,148.0,124.0,24.0,12.0,7.0,11.0,3.0,8.0,4.0,5.5,10.0,1.0,9.0,4.5,5.0,9.0,1.0,8.0,4.0,4.5,9.0,0.0,9.0,4.5,2.4,135.0,11.0,6.0,9.225554,10.0,1337.33,73.0,124.0,11.0,10.0,1.0,0.0
921.2049999999999,1337.33,505.08,832.25,416.12499999999994,81.5,90.0,73.0,17.0,8.5,132.0,140.0,124.0,16.0,8.0,7.5,11.0,4.0,7.0,3.5,10.0,10.0,10.0,0.0,0.0,2.5,4.0,1.0,3.0,1.5,0.0,0.0,0.0,0.0,0.0,2.4,135.0,11.0,6.0,9.225554,10.0,1337.33,73.0,124.0,11.0,10.0,1.0,0.0
2313.74,3290.15,1337.33,1952.8200000000002,976.4100000000001,61.0,73.0,49.0,24.0,12.0,135.0,146.0,124.0,22.0,11.0,8.0,11.0,5.0,6.0,3.0,6.5,10.0,3.0,7.0,3.5,4.0,7.0,1.0,6.0,3.0,3.5,7.0,0.0,7.0,3.5,2.4,135.0,11.0,6.0,9.225554,10.0,1337.33,73.0,124.0,11.0,10.0,1.0,0.0
1640.24,1943.15,1337.33,605.8200000000002,302.9100000000001,58.0,73.0,43.0,30.0,15.0,130.0,136.0,124.0,12.0,6.0,7.5,11.0,4.0,7.0,3.5,6.0,10.0,2.0,8.0,4.0,4.5,8.0,1.0,7.0,3.5,4.0,8.0,0.0,8.0,4.0,2.4,135.0,11.0,6.0,9.225554,10.0,1337.33,73.0,124.0,11.0,10.0,1.0,0.0
957.24,1337.33,577.15,760.18,380.09,79.0,85.0,73.0,12.0,6.0,134.0,144.0,124.0,20.0,10.0,7.0,11.0,3.0,8.0,4.0,10.0,10.0,10.0,0.0,0.0,3.0,5.0,1.0,4.0,2.0,0.0,0.0,0.0,0.0,0.0,2.4,135.0,11.0,6.0,9.225554,10.0,1337.33,73.0,124.0,11.0,10.0,1.0,0.0
1760.24,2183.15,1337.33,845.8200000000002,422.9100000000001,60.0,73.0,47.0,26.0,13.0,129.0,134.0,124.0,10.0,5.0,8.0,11.0,5.0,6.0,3.0,6.5,10.0,3.0,7.0,3.5,4.0,7.0,1.0,6.0,3.0,3.5,7.0,0.0,7.0,3.5,2.4,135.0,11.0,6.0,9.225554,10.0,1337.33,73.0,124.0,11.0,10.0,1.0,0.0
2512.24,3687.15,1337.33,2349.82,1174.91,63.0,73.0,53.0,20.0,10.0,130.5,137.0,124.0,13.0,6.5,8.5,11.0,6.0,5.0,2.5,7.0,10.0,4.0,6.0,3.0,3.5,6.0,1.0,5.0,2.5,3.0,6.0,0.0,6.0,3.0,2.4,135.0,11.0,6.0,9.225554,10.0,1337.33,73.0,124.0,11.0,10.0,1.0,0.0
1566.24,1795.15,1337.33,457.82000000000016,228.91000000000008,42.5,73.0,12.0,61.0,30.5,143.5,163.0,124.0,39.0,19.5,7.0,11.0,3.0,8.0,4.0,5.5,10.0,1.0,9.0,4.5,5.0,9.0,1.0,8.0,4.0,4.5,9.0,0.0,9.0,4.5,2.4,135.0,11.0,6.0,9.225554,10.0,1337.33,73.0,124.0,11.0,10.0,1.0,0.0
1015.0034999999999,1337.33,692.6769999999999,644.653,322.3265,75.0,77.0,73.0,4.0,2.0,121.0,124.0,118.0,6.0,3.0,11.5,12.0,11.0,1.0,0.5,10.0,10.0,10.0,0.0,0.0,0.5,1.0,0.0,1.0,0.5,0.0,0.0,0.0,0.0,0.0,2.4,135.0,11.0,6.0,9.225554,10.0,1337.33,73.0,124.0,11.0,10.0,1.0,0.0
1732.24,2127.15,1337.33,789.8200000000002,394.9100000000001,58.5,73.0,44.0,29.0,14.5,139.0,154.0,124.0,30.0,15.0,7.5,11.0,4.0,7.0,3.5,6.0,10.0,2.0,8.0,4.0,4.5,8.0,1.0,7.0,3.5,4.0,8.0,0.0,8.0,4.0,2.4,135.0,11.0,6.0,9.225554,10.0,1337.33,73.0,124.0,11.0,10.0,1.0,0.0
951.161,1357.77,544.5519999999999,813.2180000000001,406.60900000000004,84.0,97.0,71.0,26.0,13.0,131.5,151.0,112.00000000000001,38.999999999999986,19.499999999999993,8.0,11.0,5.0,6.0,3.0,10.0,10.0,10.0,0.0,0.0,2.0,3.0,1.0,2.0,1.0,0.0,0.0,0.0,0.0,0.0,1.9,160.0,15.0,6.0,7.285516,10.0,544.5519999999999,97.0,151.0,5.0,10.0,3.0,0.0
423.73329999999993,544.5519999999999,302.91459999999995,241.63739999999996,120.81869999999998,90.0,97.0,83.0,14.0,7.0,137.5,151.0,124.0,27.0,13.5,4.0,5.0,3.0,2.0,1.0,10.0,10.0,10.0,0.0,0.0,4.0,5.0,3.0,2.0,1.0,0.0,0.0,0.0,0.0,0.0,1.9,160.0,15.0,6.0,7.285516,10.0,544.5519999999999,97.0,151.0,5.0,10.0,3.0,0.0
1525.351,2506.15,544.5519999999999,1961.5980000000002,980.7990000000001,71.0,97.0,45.0,52.0,26.0,151.5,152.0,151.0,1.0,0.5,4.5,5.0,4.0,1.0,0.5,6.0,10.0,2.0,8.0,4.0,5.5,8.0,3.0,5.0,2.5,4.0,8.0,0.0,8.0,4.0,1.9,160.0,15.0,6.0,7.285516,10.0,544.5519999999999,97.0,151.0,5.0,10.0,3.0,0.0
389.4364999999999,544.5519999999999,234.32099999999997,310.23099999999994,155.11549999999997,88.0,97.0,79.0,18.0,9.0,142.0,151.0,133.0,18.0,9.0,8.5,12.0,5.0,7.0,3.5,10.0,10.0,10.0,0.0,0.0,1.5,3.0,0.0,3.0,1.5,0.0,0.0,0.0,0.0,0.0,1.9,160.0,15.0,6.0,7.285516,10.0,544.5519999999999,97.0,151.0,5.0,10.0,3.0,0.0
487.1502499999999,544.5519999999999,429.7485,114.80349999999993,57.401749999999964,90.5,97.0,84.0,13.0,6.5,146.5,151.0,142.0,9.0,4.5,4.0,5.0,3.0,2.0,1.0,10.0,10.0,10.0,0.0,0.0,4.0,5.0,3.0,2.0,1.0,0.0,0.0,0.0,0.0,0.0,1.9,160.0,15.0,6.0,7.285516,10.0,544.5519999999999,97.0,151.0,5.0,10.0,3.0,0.0
1631.851,2719.15,544.5519999999999,2174.598,1087.2990000000002,81.0,97.0,65.0,32.0,16.0,136.5,151.0,122.0,29.0,14.5,7.0,9.0,5.0,4.0,2.0,8.5,10.0,7.0,3.0,1.5,3.0,3.0,3.0,0.0,0.0,1.5,3.0,0.0,3.0,1.5,1.9,160.0,15.0,6.0,7.285516,10.0,544.5519999999999,97.0,151.0,5.0,10.0,3.0,0.0
868.851,1193.15,544.5519999999999,648.5980000000002,324.2990000000001,55.0,97.0,13.0,84.0,42.0,165.5,180.0,151.0,29.0,14.5,4.0,5.0,3.0,2.0,1.0,5.5,10.0,1.0,9.0,4.5,6.0,9.0,3.0,6.0,3.0,4.5,9.0,0.0,9.0,4.5,1.9,160.0,15.0,6.0,7.285516,10.0,544.5519999999999,97.0,151.0,5.0,10.0,3.0,0.0
1031.851,1519.15,544.5519999999999,974.5980000000002,487.2990000000001,76.0,97.0,55.0,42.0,21.0,135.0,151.0,119.0,32.0,16.0,6.0,7.0,5.0,2.0,1.0,7.5,10.0,5.0,5.0,2.5,4.0,5.0,3.0,2.0,1.0,2.5,5.0,0.0,5.0,2.5,1.9,160.0,15.0,6.0,7.285516,10.0,544.5519999999999,97.0,151.0,5.0,10.0,3.0,0.0
1719.851,2895.15,544.5519999999999,2350.598,1175.299,74.5,97.0,52.0,45.0,22.5,144.5,151.0,138.0,13.0,6.5,5.5,6.0,5.0,1.0,0.5,7.5,10.0,5.0,5.0,2.5,4.5,6.0,3.0,3.0,1.5,2.5,5.0,0.0,5.0,2.5,1.9,160.0,15.0,6.0,7.285516,10.0,544.5519999999999,97.0,151.0,5.0,10.0,3.0,0.0
1647.351,2750.15,544.5519999999999,2205.598,1102.799,72.5,97.0,48.0,49.0,24.5,149.0,151.0,147.0,4.0,2.0,5.0,5.0,5.0,0.0,0.0,7.0,10.0,4.0,6.0,3.0,5.0,7.0,3.0,4.0,2.0,3.0,6.0,0.0,6.0,3.0,1.9,160.0,15.0,6.0,7.285516,10.0,544.5519999999999,97.0,151.0,5.0,10.0,3.0,0.0
1925.351,3306.15,544.5519999999999,2761.598,1380.7990000000002,79.0,97.0,61.0,36.0,18.0,140.0,151.0,129.0,22.0,11.0,6.5,8.0,5.0,3.0,1.5,8.0,10.0,6.0,4.0,2.0,3.5,4.0,3.0,1.0,0.5,2.0,4.0,0.0,4.0,2.0,1.9,160.0,15.0,6.0,7.285516,10.0,544.5519999999999,97.0,151.0,5.0,10.0,3.0,0.0
572.5819999999999,600.612,544.5519999999999,56.06000000000006,28.03000000000003,94.0,97.0,91.0,6.0,3.0,147.5,151.0,144.0,7.0,3.5,4.5,5.0,4.0,1.0,0.5,10.0,10.0,10.0,0.0,0.0,3.5,4.0,3.0,1.0,0.5,0.0,0.0,0.0,0.0,0.0,1.9,160.0,15.0,6.0,7.285516,10.0,544.5519999999999,97.0,151.0,5.0,10.0,3.0,0.0
1186.2509999999997,1827.9499999999998,544.5519999999999,1283.398,641.699,82.5,97.0,68.0,29.0,14.5,135.5,151.0,120.0,31.0,15.5,7.5,10.0,5.0,5.0,2.5,10.0,10.0,10.0,0.0,0.0,1.5,3.0,0.0,3.0,1.5,0.0,0.0,0.0,0.0,0.0,1.9,160.0,15.0,6.0,7.285516,10.0,544.5519999999999,97.0,151.0,5.0,10.0,3.0,0.0
1292.951,2041.35,544.5519999999999,1496.798,748.399,83.0,97.0,69.0,28.0,14.0,137.0,151.0,123.0,28.0,14.0,7.5,10.0,5.0,5.0,2.5,9.5,10.0,9.0,1.0,0.5,2.5,3.0,2.0,1.0,0.5,0.5,1.0,0.0,1.0,0.5,1.9,160.0,15.0,6.0,7.285516,10.0,544.5519999999999,97.0,151.0,5.0,10.0,3.0,0.0
2001.351,3458.15,544.5519999999999,2913.598,1456.799,77.0,97.0,57.0,40.0,20.0,141.0,151.0,131.0,20.0,10.0,6.0,7.0,5.0,2.0,1.0,7.5,10.0,5.0,5.0,2.5,4.0,5.0,3.0,2.0,1.0,2.5,5.0,0.0,5.0,2.5,1.9,160.0,15.0,6.0,7.285516,10.0,544.5519999999999,97.0,151.0,5.0,10.0,3.0,0.0
1390.351,2236.15,544.5519999999999,1691.5980000000002,845.7990000000001,80.5,97.0,64.0,33.0,16.5,138.0,151.0,125.0,26.0,13.0,7.0,9.0,5.0,4.0,2.0,9.0,10.0,8.0,2.0,1.0,3.0,3.0,3.0,0.0,0.0,1.0,2.0,0.0,2.0,1.0,1.9,160.0,15.0,6.0,7.285516,10.0,544.5519999999999,97.0,151.0,5.0,10.0,3.0,0.0
1575.351,2606.15,544.5519999999999,2061.598,1030.7990000000002,78.5,97.0,60.0,37.0,18.5,138.0,151.0,125.0,26.0,13.0,6.5,8.0,5.0,3.0,1.5,8.5,10.0,7.0,3.0,1.5,3.5,4.0,3.0,1.0,0.5,1.5,3.0,0.0,3.0,1.5,1.9,160.0,15.0,6.0,7.285516,10.0,544.5519999999999,97.0,151.0,5.0,10.0,3.0,0.0
1179.351,1814.15,544.5519999999999,1269.5980000000002,634.7990000000001,54.0,97.0,11.0,86.0,43.0,149.5,151.0,148.0,3.0,1.5,4.0,5.0,3.0,2.0,1.0,5.5,10.0,1.0,9.0,4.5,6.0,9.0,3.0,6.0,3.0,4.5,9.0,0.0,9.0,4.5,1.9,160.0,15.0,6.0,7.285516,10.0,544.5519999999999,97.0,151.0,5.0,10.0,3.0,0.0
524.8159999999999,544.5519999999999,505.08,39.47199999999992,19.73599999999996,93.5,97.0,90.0,7.0,3.5,145.5,151.0,140.0,11.0,5.5,4.5,5.0,4.0,1.0,0.5,10.0,10.0,10.0,0.0,0.0,3.5,4.0,3.0,1.0,0.5,0.0,0.0,0.0,0.0,0.0,1.9,160.0,15.0,6.0,7.285516,10.0,544.5519999999999,97.0,151.0,5.0,10.0,3.0,0.0
1487.351,2430.15,544.5519999999999,1885.5980000000002,942.7990000000001,76.5,97.0,56.0,41.0,20.5,139.5,151.0,128.0,23.0,11.5,6.0,7.0,5.0,2.0,1.0,7.5,10.0,5.0,5.0,2.5,4.0,5.0,3.0,2.0,1.0,2.5,5.0,0.0,5.0,2.5,1.9,160.0,15.0,6.0,7.285516,10.0,544.5519999999999,97.0,151.0,5.0,10.0,3.0,0.0
1243.851,1943.15,544.5519999999999,1398.5980000000002,699.2990000000001,70.0,97.0,43.0,54.0,27.0,143.5,151.0,136.0,15.0,7.5,4.5,5.0,4.0,1.0,0.5,6.0,10.0,2.0,8.0,4.0,5.5,8.0,3.0,5.0,2.5,4.0,8.0,0.0,8.0,4.0,1.9,160.0,15.0,6.0,7.285516,10.0,544.5519999999999,97.0,151.0,5.0,10.0,3.0,0.0
560.8509999999999,577.15,544.5519999999999,32.59800000000007,16.299000000000035,91.0,97.0,85.0,12.0,6.0,147.5,151.0,144.0,7.0,3.5,4.0,5.0,3.0,2.0,1.0,10.0,10.0,10.0,0.0,0.0,4.0,5.0,3.0,2.0,1.0,0.0,0.0,0.0,0.0,0.0,1.9,160.0,15.0,6.0,7.285516,10.0,544.5519999999999,97.0,151.0,5.0,10.0,3.0,0.0
1363.851,2183.15,544.5519999999999,1638.5980000000002,819.299,72.0,97.0,47.0,50.0,25.0,142.5,151.0,134.0,17.0,8.5,5.0,5.0,5.0,0.0,0.0,6.5,10.0,3.0,7.0,3.5,5.0,7.0,3.0,4.0,2.0,3.5,7.0,0.0,7.0,3.5,1.9,160.0,15.0,6.0,7.285516,10.0,544.5519999999999,97.0,151.0,5.0,10.0,3.0,0.0
2115.851,3687.15,544.5519999999999,3142.598,1571.299,75.0,97.0,53.0,44.0,22.0,144.0,151.0,137.0,14.0,7.0,5.5,6.0,5.0,1.0,0.5,7.0,10.0,4.0,6.0,3.0,4.5,6.0,3.0,3.0,1.5,3.0,6.0,0.0,6.0,3.0,1.9,160.0,15.0,6.0,7.285516,10.0,544.5519999999999,97.0,151.0,5.0,10.0,3.0,0.0
1169.851,1795.15,544.5519999999999,1250.5980000000002,625.2990000000001,54.5,97.0,12.0,85.0,42.5,157.0,163.0,151.0,12.0,6.0,4.0,5.0,3.0,2.0,1.0,5.5,10.0,1.0,9.0,4.5,6.0,9.0,3.0,6.0,3.0,4.5,9.0,0.0,9.0,4.5,1.9,160.0,15.0,6.0,7.285516,10.0,544.5519999999999,97.0,151.0,5.0,10.0,3.0,0.0
1335.851,2127.15,544.5519999999999,1582.5980000000002,791.2990000000001,70.5,97.0,44.0,53.0,26.5,152.5,154.0,151.0,3.0,1.5,4.5,5.0,4.0,1.0,0.5,6.0,10.0,2.0,8.0,4.0,5.5,8.0,3.0,5.0,2.5,4.0,8.0,0.0,8.0,4.0,1.9,160.0,15.0,6.0,7.285516,10.0,544.5519999999999,97.0,151.0,5.0,10.0,3.0,0.0
975.9945,1357.77,594.219,763.5509999999999,381.77549999999997,74.5,78.0,71.0,7.0,3.5,124.0,136.0,112.00000000000001,23.999999999999986,11.999999999999993,11.5,12.0,11.0,1.0,0.5,10.0,10.0,10.0,0.0,0.0,0.5,1.0,0.0,1.0,0.5,0.0,0.0,0.0,0.0,0.0,1.69,155.0,12.0,5.0,8.99382,10.0,594.219,78.0,136.0,12.0,10.0,0.0,0.0
1202.6845,1811.15,594.219,1216.931,608.4655,68.5,78.0,59.0,19.0,9.5,126.0,136.0,115.99999999999999,20.000000000000014,10.000000000000007,10.0,12.0,8.0,4.0,2.0,8.0,10.0,6.0,4.0,2.0,2.0,4.0,0.0,4.0,2.0,2.0,4.0,0.0,4.0,2.0,1.69,155.0,12.0,5.0,8.99382,10.0,594.219,78.0,136.0,12.0,10.0,0.0,0.0
448.5668,594.219,302.91459999999995,291.3044000000001,145.65220000000005,80.5,83.0,78.0,5.0,2.5,130.0,136.0,124.0,12.0,6.0,7.5,12.0,3.0,9.0,4.5,10.0,10.0,10.0,0.0,0.0,2.5,5.0,0.0,5.0,2.5,0.0,0.0,0.0,0.0,0.0,1.69,155.0,12.0,5.0,8.99382,10.0,594.219,78.0,136.0,12.0,10.0,0.0,0.0
1550.1845,2506.15,594.219,1911.931,955.9655,61.5,78.0,45.0,33.0,16.5,144.0,152.0,136.0,16.0,8.0,8.0,12.0,4.0,8.0,4.0,6.0,10.0,2.0,8.0,4.0,4.0,8.0,0.0,8.0,4.0,4.0,8.0,0.0,8.0,4.0,1.69,155.0,12.0,5.0,8.99382,10.0,594.219,78.0,136.0,12.0,10.0,0.0,0.0
414.27,594.219,234.32099999999997,359.8980000000001,179.94900000000004,78.5,79.0,78.0,1.0,0.5,134.5,136.0,133.0,3.0,1.5,12.0,12.0,12.0,0.0,0.0,10.0,10.0,10.0,0.0,0.0,0.0,0.0,0.0,0.0,0.0,0.0,0.0,0.0,0.0,0.0,1.69,155.0,12.0,5.0,8.99382,10.0,594.219,78.0,136.0,12.0,10.0,0.0,0.0
511.98375,594.219,429.7485,164.47050000000007,82.23525000000004,81.0,84.0,78.0,6.0,3.0,139.0,142.0,136.0,6.0,3.0,7.5,12.0,3.0,9.0,4.5,10.0,10.0,10.0,0.0,0.0,2.5,5.0,0.0,5.0,2.5,0.0,0.0,0.0,0.0,0.0,1.69,155.0,12.0,5.0,8.99382,10.0,594.219,78.0,136.0,12.0,10.0,0.0,0.0
1656.6845,2719.15,594.219,2124.931,1062.4655,71.5,78.0,65.0,13.0,6.5,129.0,136.0,122.0,14.0,7.0,10.5,12.0,9.0,3.0,1.5,8.5,10.0,7.0,3.0,1.5,1.5,3.0,0.0,3.0,1.5,1.5,3.0,0.0,3.0,1.5,1.69,155.0,12.0,5.0,8.99382,10.0,594.219,78.0,136.0,12.0,10.0,0.0,0.0
893.6845000000001,1193.15,594.219,598.931,299.4655,45.5,78.0,13.0,65.0,32.5,158.0,180.0,136.0,44.0,22.0,7.5,12.0,3.0,9.0,4.5,5.5,10.0,1.0,9.0,4.5,4.5,9.0,0.0,9.0,4.5,4.5,9.0,0.0,9.0,4.5,1.69,155.0,12.0,5.0,8.99382,10.0,594.219,78.0,136.0,12.0,10.0,0.0,0.0
1056.6845,1519.15,594.219,924.931,462.4655,66.5,78.0,55.0,23.0,11.5,127.5,136.0,119.0,17.0,8.5,9.5,12.0,7.0,5.0,2.5,7.5,10.0,5.0,5.0,2.5,2.5,5.0,0.0,5.0,2.5,2.5,5.0,0.0,5.0,2.5,1.69,155.0,12.0,5.0,8.99382,10.0,594.219,78.0,136.0,12.0,10.0,0.0,0.0
1744.6845,2895.15,594.219,2300.931,1150.4655,65.0,78.0,52.0,26.0,13.0,137.0,138.0,136.0,2.0,1.0,9.0,12.0,6.0,6.0,3.0,7.5,10.0,5.0,5.0,2.5,3.0,6.0,0.0,6.0,3.0,2.5,5.0,0.0,5.0,2.5,1.69,155.0,12.0,5.0,8.99382,10.0,594.219,78.0,136.0,12.0,10.0,0.0,0.0
1672.1845,2750.15,594.219,2155.931,1077.9655,63.0,78.0,48.0,30.0,15.0,141.5,147.0,136.0,11.0,5.5,8.5,12.0,5.0,7.0,3.5,7.0,10.0,4.0,6.0,3.0,3.5,7.0,0.0,7.0,3.5,3.0,6.0,0.0,6.0,3.0,1.69,155.0,12.0,5.0,8.99382,10.0,594.219,78.0,136.0,12.0,10.0,0.0,0.0
1161.1845,1728.15,594.219,1133.931,566.9655,72.5,78.0,67.0,11.0,5.5,123.0,136.0,110.00000000000001,25.999999999999986,12.999999999999993,11.0,12.0,10.0,2.0,1.0,9.0,10.0,8.0,2.0,1.0,1.0,2.0,0.0,2.0,1.0,1.0,2.0,0.0,2.0,1.0,1.69,155.0,12.0,5.0,8.99382,10.0,594.219,78.0,136.0,12.0,10.0,0.0,0.0
597.4155000000001,600.612,594.219,6.392999999999915,3.1964999999999577,84.5,91.0,78.0,13.0,6.5,140.0,144.0,136.0,8.0,4.0,8.0,12.0,4.0,8.0,4.0,10.0,10.0,10.0,0.0,0.0,2.0,4.0,0.0,4.0,2.0,0.0,0.0,0.0,0.0,0.0,1.69,155.0,12.0,5.0,8.99382,10.0,594.219,78.0,136.0,12.0,10.0,0.0,0.0
1211.0845,1827.9499999999998,594.219,1233.7309999999998,616.8654999999999,73.0,78.0,68.0,10.0,5.0,128.0,136.0,120.0,16.0,8.0,11.0,12.0,10.0,2.0,1.0,10.0,10.0,10.0,0.0,0.0,0.0,0.0,0.0,0.0,0.0,0.0,0.0,0.0,0.0,0.0,1.69,155.0,12.0,5.0,8.99382,10.0,594.219,78.0,136.0,12.0,10.0,0.0,0.0
1317.7845,2041.35,594.219,1447.1309999999999,723.5654999999999,73.5,78.0,69.0,9.0,4.5,129.5,136.0,123.0,13.0,6.5,11.0,12.0,10.0,2.0,1.0,9.5,10.0,9.0,1.0,0.5,1.0,2.0,0.0,2.0,1.0,0.5,1.0,0.0,1.0,0.5,1.69,155.0,12.0,5.0,8.99382,10.0,594.219,78.0,136.0,12.0,10.0,0.0,0.0
2026.1845,3458.15,594.219,2863.931,1431.9655,67.5,78.0,57.0,21.0,10.5,133.5,136.0,131.0,5.0,2.5,9.5,12.0,7.0,5.0,2.5,7.5,10.0,5.0,5.0,2.5,2.5,5.0,0.0,5.0,2.5,2.5,5.0,0.0,5.0,2.5,1.69,155.0,12.0,5.0,8.99382,10.0,594.219,78.0,136.0,12.0,10.0,0.0,0.0
1415.1845,2236.15,594.219,1641.931,820.9655,71.0,78.0,64.0,14.0,7.0,130.5,136.0,125.0,11.0,5.5,10.5,12.0,9.0,3.0,1.5,9.0,10.0,8.0,2.0,1.0,1.5,3.0,0.0,3.0,1.5,1.0,2.0,0.0,2.0,1.0,1.69,155.0,12.0,5.0,8.99382,10.0,594.219,78.0,136.0,12.0,10.0,0.0,0.0
1600.1845,2606.15,594.219,2011.931,1005.9655,69.0,78.0,60.0,18.0,9.0,130.5,136.0,125.0,11.0,5.5,10.0,12.0,8.0,4.0,2.0,8.5,10.0,7.0,3.0,1.5,2.0,4.0,0.0,4.0,2.0,1.5,3.0,0.0,3.0,1.5,1.69,155.0,12.0,5.0,8.99382,10.0,594.219,78.0,136.0,12.0,10.0,0.0,0.0
1204.1845,1814.15,594.219,1219.931,609.9655,44.5,78.0,11.0,67.0,33.5,142.0,148.0,136.0,12.0,6.0,7.5,12.0,3.0,9.0,4.5,5.5,10.0,1.0,9.0,4.5,4.5,9.0,0.0,9.0,4.5,4.5,9.0,0.0,9.0,4.5,1.69,155.0,12.0,5.0,8.99382,10.0,594.219,78.0,136.0,12.0,10.0,0.0,0.0
549.6495,594.219,505.08,89.13900000000007,44.56950000000003,84.0,90.0,78.0,12.0,6.0,138.0,140.0,136.0,4.0,2.0,8.0,12.0,4.0,8.0,4.0,10.0,10.0,10.0,0.0,0.0,2.0,4.0,0.0,4.0,2.0,0.0,0.0,0.0,0.0,0.0,1.69,155.0,12.0,5.0,8.99382,10.0,594.219,78.0,136.0,12.0,10.0,0.0,0.0
1942.1845,3290.15,594.219,2695.931,1347.9655,63.5,78.0,49.0,29.0,14.5,141.0,146.0,136.0,10.0,5.0,8.5,12.0,5.0,7.0,3.5,6.5,10.0,3.0,7.0,3.5,3.5,7.0,0.0,7.0,3.5,3.5,7.0,0.0,7.0,3.5,1.69,155.0,12.0,5.0,8.99382,10.0,594.219,78.0,136.0,12.0,10.0,0.0,0.0
1268.6845,1943.15,594.219,1348.931,674.4655,60.5,78.0,43.0,35.0,17.5,136.0,136.0,136.0,0.0,0.0,8.0,12.0,4.0,8.0,4.0,6.0,10.0,2.0,8.0,4.0,4.0,8.0,0.0,8.0,4.0,4.0,8.0,0.0,8.0,4.0,1.69,155.0,12.0,5.0,8.99382,10.0,594.219,78.0,136.0,12.0,10.0,0.0,0.0
585.6845000000001,594.219,577.15,17.069000000000074,8.534500000000037,81.5,85.0,78.0,7.0,3.5,140.0,144.0,136.0,8.0,4.0,7.5,12.0,3.0,9.0,4.5,10.0,10.0,10.0,0.0,0.0,2.5,5.0,0.0,5.0,2.5,0.0,0.0,0.0,0.0,0.0,1.69,155.0,12.0,5.0,8.99382,10.0,594.219,78.0,136.0,12.0,10.0,0.0,0.0
1388.6845,2183.15,594.219,1588.931,794.4655,62.5,78.0,47.0,31.0,15.5,135.0,136.0,134.0,2.0,1.0,8.5,12.0,5.0,7.0,3.5,6.5,10.0,3.0,7.0,3.5,3.5,7.0,0.0,7.0,3.5,3.5,7.0,0.0,7.0,3.5,1.69,155.0,12.0,5.0,8.99382,10.0,594.219,78.0,136.0,12.0,10.0,0.0,0.0
2140.6845000000003,3687.15,594.219,3092.931,1546.4655,65.5,78.0,53.0,25.0,12.5,136.5,137.0,136.0,1.0,0.5,9.0,12.0,6.0,6.0,3.0,7.0,10.0,4.0,6.0,3.0,3.0,6.0,0.0,6.0,3.0,3.0,6.0,0.0,6.0,3.0,1.69,155.0,12.0,5.0,8.99382,10.0,594.219,78.0,136.0,12.0,10.0,0.0,0.0
1194.6845,1795.15,594.219,1200.931,600.4655,45.0,78.0,12.0,66.0,33.0,149.5,163.0,136.0,27.0,13.5,7.5,12.0,3.0,9.0,4.5,5.5,10.0,1.0,9.0,4.5,4.5,9.0,0.0,9.0,4.5,4.5,9.0,0.0,9.0,4.5,1.69,155.0,12.0,5.0,8.99382,10.0,594.219,78.0,136.0,12.0,10.0,0.0,0.0
643.448,692.6769999999999,594.219,98.45799999999986,49.22899999999993,77.5,78.0,77.0,1.0,0.5,127.0,136.0,118.0,18.0,9.0,12.0,12.0,12.0,0.0,0.0,10.0,10.0,10.0,0.0,0.0,0.0,0.0,0.0,0.0,0.0,0.0,0.0,0.0,0.0,0.0,1.69,155.0,12.0,5.0,8.99382,10.0,594.219,78.0,136.0,12.0,10.0,0.0,0.0
1360.6845,2127.15,594.219,1532.931,766.4655,61.0,78.0,44.0,34.0,17.0,145.0,154.0,136.0,18.0,9.0,8.0,12.0,4.0,8.0,4.0,6.0,10.0,2.0,8.0,4.0,4.0,8.0,0.0,8.0,4.0,4.0,8.0,0.0,8.0,4.0,1.69,155.0,12.0,5.0,8.99382,10.0,594.219,78.0,136.0,12.0,10.0,0.0,0.0
1974.15,2180.15,1768.15,412.0,206.0,57.0,63.0,51.0,12.0,6.0,116.5,122.0,111.00000000000001,10.999999999999986,5.499999999999993,7.5,9.0,6.0,3.0,1.5,6.0,7.0,5.0,2.0,1.0,4.5,6.0,3.0,3.0,1.5,4.0,5.0,3.0,2.0,1.0,1.88,135.0,9.0,4.0,7.88101,7.0,1768.15,63.0,111.00000000000001,9.0,7.0,3.0,3.0
1562.96,1768.15,1357.77,410.3800000000001,205.19000000000005,67.0,71.0,63.0,8.0,4.0,111.50000000000001,112.00000000000001,111.00000000000001,1.0,0.5,10.0,11.0,9.0,2.0,1.0,8.5,10.0,7.0,3.0,1.5,2.0,3.0,1.0,2.0,1.0,1.5,3.0,0.0,3.0,1.5,1.88,135.0,9.0,4.0,7.88101,7.0,1768.15,63.0,111.00000000000001,9.0,7.0,3.0,3.0
1035.5323,1768.15,302.91459999999995,1465.2354,732.6177000000001,73.0,83.0,63.0,20.0,10.0,117.5,124.0,111.00000000000001,12.999999999999986,6.499999999999993,6.0,9.0,3.0,6.0,3.0,8.5,10.0,7.0,3.0,1.5,4.0,5.0,3.0,2.0,1.0,1.5,3.0,0.0,3.0,1.5,1.88,135.0,9.0,4.0,7.88101,7.0,1768.15,63.0,111.00000000000001,9.0,7.0,3.0,3.0
2137.15,2506.15,1768.15,738.0,369.0,54.0,63.0,45.0,18.0,9.0,131.5,152.0,111.00000000000001,40.999999999999986,20.499999999999993,6.5,9.0,4.0,5.0,2.5,4.5,7.0,2.0,5.0,2.5,5.5,8.0,3.0,5.0,2.5,5.5,8.0,3.0,5.0,2.5,1.88,135.0,9.0,4.0,7.88101,7.0,1768.15,63.0,111.00000000000001,9.0,7.0,3.0,3.0
1001.2355,1768.15,234.32099999999997,1533.8290000000002,766.9145000000001,71.0,79.0,63.0,16.0,8.0,122.0,133.0,111.00000000000001,21.999999999999986,10.999999999999993,10.5,12.0,9.0,3.0,1.5,8.5,10.0,7.0,3.0,1.5,1.5,3.0,0.0,3.0,1.5,1.5,3.0,0.0,3.0,1.5,1.88,135.0,9.0,4.0,7.88101,7.0,1768.15,63.0,111.00000000000001,9.0,7.0,3.0,3.0
1098.9492500000001,1768.15,429.7485,1338.4015000000002,669.2007500000001,73.5,84.0,63.0,21.0,10.5,126.5,142.0,111.00000000000001,30.999999999999986,15.499999999999993,6.0,9.0,3.0,6.0,3.0,8.5,10.0,7.0,3.0,1.5,4.0,5.0,3.0,2.0,1.0,1.5,3.0,0.0,3.0,1.5,1.88,135.0,9.0,4.0,7.88101,7.0,1768.15,63.0,111.00000000000001,9.0,7.0,3.0,3.0
2243.65,2719.15,1768.15,951.0,475.5,64.0,65.0,63.0,2.0,1.0,116.5,122.0,111.00000000000001,10.999999999999986,5.499999999999993,9.0,9.0,9.0,0.0,0.0,7.0,7.0,7.0,0.0,0.0,3.0,3.0,3.0,0.0,0.0,3.0,3.0,3.0,0.0,0.0,1.88,135.0,9.0,4.0,7.88101,7.0,1768.15,63.0,111.00000000000001,9.0,7.0,3.0,3.0
1480.65,1768.15,1193.15,575.0,287.5,38.0,63.0,13.0,50.0,25.0,145.5,180.0,111.00000000000001,68.99999999999999,34.49999999999999,6.0,9.0,3.0,6.0,3.0,4.0,7.0,1.0,6.0,3.0,6.0,9.0,3.0,6.0,3.0,6.0,9.0,3.0,6.0,3.0,1.88,135.0,9.0,4.0,7.88101,7.0,1768.15,63.0,111.00000000000001,9.0,7.0,3.0,3.0
2331.65,2895.15,1768.15,1127.0,563.5,57.5,63.0,52.0,11.0,5.5,124.5,138.0,111.00000000000001,26.999999999999986,13.499999999999993,7.5,9.0,6.0,3.0,1.5,6.0,7.0,5.0,2.0,1.0,4.5,6.0,3.0,3.0,1.5,4.0,5.0,3.0,2.0,1.0,1.88,135.0,9.0,4.0,7.88101,7.0,1768.15,63.0,111.00000000000001,9.0,7.0,3.0,3.0
1748.15,1768.15,1728.15,40.0,20.0,65.0,67.0,63.0,4.0,2.0,110.50000000000001,111.00000000000001,110.00000000000001,1.0,0.5,9.5,10.0,9.0,1.0,0.5,7.5,8.0,7.0,1.0,0.5,2.5,3.0,2.0,1.0,0.5,2.5,3.0,2.0,1.0,0.5,1.88,135.0,9.0,4.0,7.88101,7.0,1768.15,63.0,111.00000000000001,9.0,7.0,3.0,3.0
2537.15,3306.15,1768.15,1538.0,769.0,62.0,63.0,61.0,2.0,1.0,120.0,129.0,111.00000000000001,17.999999999999986,8.999999999999993,8.5,9.0,8.0,1.0,0.5,6.5,7.0,6.0,1.0,0.5,3.5,4.0,3.0,1.0,0.5,3.5,4.0,3.0,1.0,0.5,1.88,135.0,9.0,4.0,7.88101,7.0,1768.15,63.0,111.00000000000001,9.0,7.0,3.0,3.0
1184.381,1768.15,600.612,1167.538,583.769,77.0,91.0,63.0,28.0,14.0,127.5,144.0,111.00000000000001,32.999999999999986,16.499999999999993,6.5,9.0,4.0,5.0,2.5,8.5,10.0,7.0,3.0,1.5,3.5,4.0,3.0,1.0,0.5,1.5,3.0,0.0,3.0,1.5,1.88,135.0,9.0,4.0,7.88101,7.0,1768.15,63.0,111.00000000000001,9.0,7.0,3.0,3.0
1798.05,1827.9499999999998,1768.15,59.79999999999973,29.899999999999864,65.5,68.0,63.0,5.0,2.5,115.5,120.0,111.00000000000001,8.999999999999986,4.499999999999993,9.5,10.0,9.0,1.0,0.5,8.5,10.0,7.0,3.0,1.5,1.5,3.0,0.0,3.0,1.5,1.5,3.0,0.0,3.0,1.5,1.88,135.0,9.0,4.0,7.88101,7.0,1768.15,63.0,111.00000000000001,9.0,7.0,3.0,3.0
1904.75,2041.35,1768.15,273.1999999999998,136.5999999999999,66.0,69.0,63.0,6.0,3.0,117.0,123.0,111.00000000000001,11.999999999999986,5.999999999999993,9.5,10.0,9.0,1.0,0.5,8.0,9.0,7.0,2.0,1.0,2.5,3.0,2.0,1.0,0.5,2.0,3.0,1.0,2.0,1.0,1.88,135.0,9.0,4.0,7.88101,7.0,1768.15,63.0,111.00000000000001,9.0,7.0,3.0,3.0
2613.15,3458.15,1768.15,1690.0,845.0,60.0,63.0,57.0,6.0,3.0,121.0,131.0,111.00000000000001,19.999999999999986,9.999999999999993,8.0,9.0,7.0,2.0,1.0,6.0,7.0,5.0,2.0,1.0,4.0,5.0,3.0,2.0,1.0,4.0,5.0,3.0,2.0,1.0,1.88,135.0,9.0,4.0,7.88101,7.0,1768.15,63.0,111.00000000000001,9.0,7.0,3.0,3.0
2002.15,2236.15,1768.15,468.0,234.0,63.5,64.0,63.0,1.0,0.5,118.0,125.0,111.00000000000001,13.999999999999986,6.999999999999993,9.0,9.0,9.0,0.0,0.0,7.5,8.0,7.0,1.0,0.5,3.0,3.0,3.0,0.0,0.0,2.5,3.0,2.0,1.0,0.5,1.88,135.0,9.0,4.0,7.88101,7.0,1768.15,63.0,111.00000000000001,9.0,7.0,3.0,3.0
2187.15,2606.15,1768.15,838.0,419.0,61.5,63.0,60.0,3.0,1.5,118.0,125.0,111.00000000000001,13.999999999999986,6.999999999999993,8.5,9.0,8.0,1.0,0.5,7.0,7.0,7.0,0.0,0.0,3.5,4.0,3.0,1.0,0.5,3.0,3.0,3.0,0.0,0.0,1.88,135.0,9.0,4.0,7.88101,7.0,1768.15,63.0,111.00000000000001,9.0,7.0,3.0,3.0
1791.15,1814.15,1768.15,46.0,23.0,37.0,63.0,11.0,52.0,26.0,129.5,148.0,111.00000000000001,36.999999999999986,18.499999999999993,6.0,9.0,3.0,6.0,3.0,4.0,7.0,1.0,6.0,3.0,6.0,9.0,3.0,6.0,3.0,6.0,9.0,3.0,6.0,3.0,1.88,135.0,9.0,4.0,7.88101,7.0,1768.15,63.0,111.00000000000001,9.0,7.0,3.0,3.0
1136.615,1768.15,505.08,1263.0700000000002,631.5350000000001,76.5,90.0,63.0,27.0,13.5,125.5,140.0,111.00000000000001,28.999999999999986,14.499999999999993,6.5,9.0,4.0,5.0,2.5,8.5,10.0,7.0,3.0,1.5,3.5,4.0,3.0,1.0,0.5,1.5,3.0,0.0,3.0,1.5,1.88,135.0,9.0,4.0,7.88101,7.0,1768.15,63.0,111.00000000000001,9.0,7.0,3.0,3.0
1855.65,1943.15,1768.15,175.0,87.5,53.0,63.0,43.0,20.0,10.0,123.5,136.0,111.00000000000001,24.999999999999986,12.499999999999993,6.5,9.0,4.0,5.0,2.5,4.5,7.0,2.0,5.0,2.5,5.5,8.0,3.0,5.0,2.5,5.5,8.0,3.0,5.0,2.5,1.88,135.0,9.0,4.0,7.88101,7.0,1768.15,63.0,111.00000000000001,9.0,7.0,3.0,3.0
1172.65,1768.15,577.15,1191.0,595.5,74.0,85.0,63.0,22.0,11.0,127.5,144.0,111.00000000000001,32.999999999999986,16.499999999999993,6.0,9.0,3.0,6.0,3.0,8.5,10.0,7.0,3.0,1.5,4.0,5.0,3.0,2.0,1.0,1.5,3.0,0.0,3.0,1.5,1.88,135.0,9.0,4.0,7.88101,7.0,1768.15,63.0,111.00000000000001,9.0,7.0,3.0,3.0
1975.65,2183.15,1768.15,415.0,207.5,55.0,63.0,47.0,16.0,8.0,122.5,134.0,111.00000000000001,22.999999999999986,11.499999999999993,7.0,9.0,5.0,4.0,2.0,5.0,7.0,3.0,4.0,2.0,5.0,7.0,3.0,4.0,2.0,5.0,7.0,3.0,4.0,2.0,1.88,135.0,9.0,4.0,7.88101,7.0,1768.15,63.0,111.00000000000001,9.0,7.0,3.0,3.0
2727.65,3687.15,1768.15,1919.0,959.5,58.0,63.0,53.0,10.0,5.0,124.0,137.0,111.00000000000001,25.999999999999986,12.999999999999993,7.5,9.0,6.0,3.0,1.5,5.5,7.0,4.0,3.0,1.5,4.5,6.0,3.0,3.0,1.5,4.5,6.0,3.0,3.0,1.5,1.88,135.0,9.0,4.0,7.88101,7.0,1768.15,63.0,111.00000000000001,9.0,7.0,3.0,3.0
1781.65,1795.15,1768.15,27.0,13.5,37.5,63.0,12.0,51.0,25.5,137.0,163.0,111.00000000000001,51.999999999999986,25.999999999999993,6.0,9.0,3.0,6.0,3.0,4.0,7.0,1.0,6.0,3.0,6.0,9.0,3.0,6.0,3.0,6.0,9.0,3.0,6.0,3.0,1.88,135.0,9.0,4.0,7.88101,7.0,1768.15,63.0,111.00000000000001,9.0,7.0,3.0,3.0
1230.4135,1768.15,692.6769999999999,1075.4730000000002,537.7365000000001,70.0,77.0,63.0,14.0,7.0,114.5,118.0,111.00000000000001,6.999999999999986,3.499999999999993,10.5,12.0,9.0,3.0,1.5,8.5,10.0,7.0,3.0,1.5,1.5,3.0,0.0,3.0,1.5,1.5,3.0,0.0,3.0,1.5,1.88,135.0,9.0,4.0,7.88101,7.0,1768.15,63.0,111.00000000000001,9.0,7.0,3.0,3.0
1947.65,2127.15,1768.15,359.0,179.5,53.5,63.0,44.0,19.0,9.5,132.5,154.0,111.00000000000001,42.999999999999986,21.499999999999993,6.5,9.0,4.0,5.0,2.5,4.5,7.0,2.0,5.0,2.5,5.5,8.0,3.0,5.0,2.5,5.5,8.0,3.0,5.0,2.5,1.88,135.0,9.0,4.0,7.88101,7.0,1768.15,63.0,111.00000000000001,9.0,7.0,3.0,3.0
1768.96,2180.15,1357.77,822.3800000000001,411.19000000000005,61.0,71.0,51.0,20.0,10.0,117.0,122.0,112.00000000000001,9.999999999999986,4.999999999999993,8.5,11.0,6.0,5.0,2.5,7.5,10.0,5.0,5.0,2.5,3.5,6.0,1.0,5.0,2.5,2.5,5.0,0.0,5.0,2.5,1.66,140.0,6.0,4.0,6.76651,5.0,2180.15,51.0,122.0,6.0,5.0,6.0,5.0
1995.65,2180.15,1811.15,369.0,184.5,55.0,59.0,51.0,8.0,4.0,119.0,122.0,115.99999999999999,6.000000000000014,3.000000000000007,7.0,8.0,6.0,2.0,1.0,5.5,6.0,5.0,1.0,0.5,5.0,6.0,4.0,2.0,1.0,4.5,5.0,4.0,1.0,0.5,1.66,140.0,6.0,4.0,6.76651,5.0,2180.15,51.0,122.0,6.0,5.0,6.0,5.0
1241.5323,2180.15,302.91459999999995,1877.2354,938.6177,67.0,83.0,51.0,32.0,16.0,123.0,124.0,122.0,2.0,1.0,4.5,6.0,3.0,3.0,1.5,7.5,10.0,5.0,5.0,2.5,5.5,6.0,5.0,1.0,0.5,2.5,5.0,0.0,5.0,2.5,1.66,140.0,6.0,4.0,6.76651,5.0,2180.15,51.0,122.0,6.0,5.0,6.0,5.0
2343.15,2506.15,2180.15,326.0,163.0,48.0,51.0,45.0,6.0,3.0,137.0,152.0,122.0,30.0,15.0,5.0,6.0,4.0,2.0,1.0,3.5,5.0,2.0,3.0,1.5,7.0,8.0,6.0,2.0,1.0,6.5,8.0,5.0,3.0,1.5,1.66,140.0,6.0,4.0,6.76651,5.0,2180.15,51.0,122.0,6.0,5.0,6.0,5.0
2449.65,2719.15,2180.15,539.0,269.5,58.0,65.0,51.0,14.0,7.0,122.0,122.0,122.0,0.0,0.0,7.5,9.0,6.0,3.0,1.5,6.0,7.0,5.0,2.0,1.0,4.5,6.0,3.0,3.0,1.5,4.0,5.0,3.0,2.0,1.0,1.66,140.0,6.0,4.0,6.76651,5.0,2180.15,51.0,122.0,6.0,5.0,6.0,5.0
1686.65,2180.15,1193.15,987.0,493.5,32.0,51.0,13.0,38.0,19.0,151.0,180.0,122.0,58.0,29.0,4.5,6.0,3.0,3.0,1.5,3.0,5.0,1.0,4.0,2.0,7.5,9.0,6.0,3.0,1.5,7.0,9.0,5.0,4.0,2.0,1.66,140.0,6.0,4.0,6.76651,5.0,2180.15,51.0,122.0,6.0,5.0,6.0,5.0
1849.65,2180.15,1519.15,661.0,330.5,53.0,55.0,51.0,4.0,2.0,120.5,122.0,119.0,3.0,1.5,6.5,7.0,6.0,1.0,0.5,5.0,5.0,5.0,0.0,0.0,5.5,6.0,5.0,1.0,0.5,5.0,5.0,5.0,0.0,0.0,1.66,140.0,6.0,4.0,6.76651,5.0,2180.15,51.0,122.0,6.0,5.0,6.0,5.0
2537.65,2895.15,2180.15,715.0,357.5,51.5,52.0,51.0,1.0,0.5,130.0,138.0,122.0,16.0,8.0,6.0,6.0,6.0,0.0,0.0,5.0,5.0,5.0,0.0,0.0,6.0,6.0,6.0,0.0,0.0,5.0,5.0,5.0,0.0,0.0,1.66,140.0,6.0,4.0,6.76651,5.0,2180.15,51.0,122.0,6.0,5.0,6.0,5.0
2465.15,2750.15,2180.15,570.0,285.0,49.5,51.0,48.0,3.0,1.5,134.5,147.0,122.0,25.0,12.5,5.5,6.0,5.0,1.0,0.5,4.5,5.0,4.0,1.0,0.5,6.5,7.0,6.0,1.0,0.5,5.5,6.0,5.0,1.0,0.5,1.66,140.0,6.0,4.0,6.76651,5.0,2180.15,51.0,122.0,6.0,5.0,6.0,5.0
2743.15,3306.15,2180.15,1126.0,563.0,56.0,61.0,51.0,10.0,5.0,125.5,129.0,122.0,7.0,3.5,7.0,8.0,6.0,2.0,1.0,5.5,6.0,5.0,1.0,0.5,5.0,6.0,4.0,2.0,1.0,4.5,5.0,4.0,1.0,0.5,1.66,140.0,6.0,4.0,6.76651,5.0,2180.15,51.0,122.0,6.0,5.0,6.0,5.0
1390.381,2180.15,600.612,1579.538,789.769,71.0,91.0,51.0,40.0,20.0,133.0,144.0,122.0,22.0,11.0,5.0,6.0,4.0,2.0,1.0,7.5,10.0,5.0,5.0,2.5,5.0,6.0,4.0,2.0,1.0,2.5,5.0,0.0,5.0,2.5,1.66,140.0,6.0,4.0,6.76651,5.0,2180.15,51.0,122.0,6.0,5.0,6.0,5.0
2004.05,2180.15,1827.9499999999998,352.2000000000003,176.10000000000014,59.5,68.0,51.0,17.0,8.5,121.0,122.0,120.0,2.0,1.0,8.0,10.0,6.0,4.0,2.0,7.5,10.0,5.0,5.0,2.5,3.0,6.0,0.0,6.0,3.0,2.5,5.0,0.0,5.0,2.5,1.66,140.0,6.0,4.0,6.76651,5.0,2180.15,51.0,122.0,6.0,5.0,6.0,5.0
2110.75,2180.15,2041.35,138.80000000000018,69.40000000000009,60.0,69.0,51.0,18.0,9.0,122.5,123.0,122.0,1.0,0.5,8.0,10.0,6.0,4.0,2.0,7.0,9.0,5.0,4.0,2.0,4.0,6.0,2.0,4.0,2.0,3.0,5.0,1.0,4.0,2.0,1.66,140.0,6.0,4.0,6.76651,5.0,2180.15,51.0,122.0,6.0,5.0,6.0,5.0
2819.15,3458.15,2180.15,1278.0,639.0,54.0,57.0,51.0,6.0,3.0,126.5,131.0,122.0,9.0,4.5,6.5,7.0,6.0,1.0,0.5,5.0,5.0,5.0,0.0,0.0,5.5,6.0,5.0,1.0,0.5,5.0,5.0,5.0,0.0,0.0,1.66,140.0,6.0,4.0,6.76651,5.0,2180.15,51.0,122.0,6.0,5.0,6.0,5.0
2208.15,2236.15,2180.15,56.0,28.0,57.5,64.0,51.0,13.0,6.5,123.5,125.0,122.0,3.0,1.5,7.5,9.0,6.0,3.0,1.5,6.5,8.0,5.0,3.0,1.5,4.5,6.0,3.0,3.0,1.5,3.5,5.0,2.0,3.0,1.5,1.66,140.0,6.0,4.0,6.76651,5.0,2180.15,51.0,122.0,6.0,5.0,6.0,5.0
2393.15,2606.15,2180.15,426.0,213.0,55.5,60.0,51.0,9.0,4.5,123.5,125.0,122.0,3.0,1.5,7.0,8.0,6.0,2.0,1.0,6.0,7.0,5.0,2.0,1.0,5.0,6.0,4.0,2.0,1.0,4.0,5.0,3.0,2.0,1.0,1.66,140.0,6.0,4.0,6.76651,5.0,2180.15,51.0,122.0,6.0,5.0,6.0,5.0
1997.15,2180.15,1814.15,366.0,183.0,31.0,51.0,11.0,40.0,20.0,135.0,148.0,122.0,26.0,13.0,4.5,6.0,3.0,3.0,1.5,3.0,5.0,1.0,4.0,2.0,7.5,9.0,6.0,3.0,1.5,7.0,9.0,5.0,4.0,2.0,1.66,140.0,6.0,4.0,6.76651,5.0,2180.15,51.0,122.0,6.0,5.0,6.0,5.0
1342.615,2180.15,505.08,1675.0700000000002,837.5350000000001,70.5,90.0,51.0,39.0,19.5,131.0,140.0,122.0,18.0,9.0,5.0,6.0,4.0,2.0,1.0,7.5,10.0,5.0,5.0,2.5,5.0,6.0,4.0,2.0,1.0,2.5,5.0,0.0,5.0,2.5,1.66,140.0,6.0,4.0,6.76651,5.0,2180.15,51.0,122.0,6.0,5.0,6.0,5.0
2735.15,3290.15,2180.15,1110.0,555.0,50.0,51.0,49.0,2.0,1.0,134.0,146.0,122.0,24.0,12.0,5.5,6.0,5.0,1.0,0.5,4.0,5.0,3.0,2.0,1.0,6.5,7.0,6.0,1.0,0.5,6.0,7.0,5.0,2.0,1.0,1.66,140.0,6.0,4.0,6.76651,5.0,2180.15,51.0,122.0,6.0,5.0,6.0,5.0
2305.15,2430.15,2180.15,250.0,125.0,53.5,56.0,51.0,5.0,2.5,125.0,128.0,122.0,6.0,3.0,6.5,7.0,6.0,1.0,0.5,5.0,5.0,5.0,0.0,0.0,5.5,6.0,5.0,1.0,0.5,5.0,5.0,5.0,0.0,0.0,1.66,140.0,6.0,4.0,6.76651,5.0,2180.15,51.0,122.0,6.0,5.0,6.0,5.0
2061.65,2180.15,1943.15,237.0,118.5,47.0,51.0,43.0,8.0,4.0,129.0,136.0,122.0,14.0,7.0,5.0,6.0,4.0,2.0,1.0,3.5,5.0,2.0,3.0,1.5,7.0,8.0,6.0,2.0,1.0,6.5,8.0,5.0,3.0,1.5,1.66,140.0,6.0,4.0,6.76651,5.0,2180.15,51.0,122.0,6.0,5.0,6.0,5.0
1378.65,2180.15,577.15,1603.0,801.5000000000001,68.0,85.0,51.0,34.0,17.0,133.0,144.0,122.0,22.0,11.0,4.5,6.0,3.0,3.0,1.5,7.5,10.0,5.0,5.0,2.5,5.5,6.0,5.0,1.0,0.5,2.5,5.0,0.0,5.0,2.5,1.66,140.0,6.0,4.0,6.76651,5.0,2180.15,51.0,122.0,6.0,5.0,6.0,5.0
2181.65,2183.15,2180.15,3.0,1.5,49.0,51.0,47.0,4.0,2.0,128.0,134.0,122.0,12.0,6.0,5.5,6.0,5.0,1.0,0.5,4.0,5.0,3.0,2.0,1.0,6.5,7.0,6.0,1.0,0.5,6.0,7.0,5.0,2.0,1.0,1.66,140.0,6.0,4.0,6.76651,5.0,2180.15,51.0,122.0,6.0,5.0,6.0,5.0
2933.65,3687.15,2180.15,1507.0,753.5,52.0,53.0,51.0,2.0,1.0,129.5,137.0,122.0,15.0,7.5,6.0,6.0,6.0,0.0,0.0,4.5,5.0,4.0,1.0,0.5,6.0,6.0,6.0,0.0,0.0,5.5,6.0,5.0,1.0,0.5,1.66,140.0,6.0,4.0,6.76651,5.0,2180.15,51.0,122.0,6.0,5.0,6.0,5.0
1436.4135,2180.15,692.6769999999999,1487.4730000000002,743.7365000000002,64.0,77.0,51.0,26.0,13.0,120.0,122.0,118.0,4.0,2.0,9.0,12.0,6.0,6.0,3.0,7.5,10.0,5.0,5.0,2.5,3.0,6.0,0.0,6.0,3.0,2.5,5.0,0.0,5.0,2.5,1.66,140.0,6.0,4.0,6.76651,5.0,2180.15,51.0,122.0,6.0,5.0,6.0,5.0
2153.65,2180.15,2127.15,53.0,26.5,47.5,51.0,44.0,7.0,3.5,138.0,154.0,122.0,32.0,16.0,5.0,6.0,4.0,2.0,1.0,3.5,5.0,2.0,3.0,1.5,7.0,8.0,6.0,2.0,1.0,6.5,8.0,5.0,3.0,1.5,1.66,140.0,6.0,4.0,6.76651,5.0,2180.15,51.0,122.0,6.0,5.0,6.0,5.0
1584.46,1811.15,1357.77,453.3800000000001,226.69000000000005,65.0,71.0,59.0,12.0,6.0,114.0,115.99999999999999,112.00000000000001,3.9999999999999716,1.9999999999999858,9.5,11.0,8.0,3.0,1.5,8.0,10.0,6.0,4.0,2.0,2.5,4.0,1.0,3.0,1.5,2.0,4.0,0.0,4.0,2.0,1.9,135.0,11.0,4.0,7.72638,10.0,1357.77,71.0,112.00000000000001,11.0,10.0,1.0,0.0
830.3423,1357.77,302.91459999999995,1054.8554,527.4277,77.0,83.0,71.0,12.0,6.0,118.0,124.0,112.00000000000001,11.999999999999986,5.999999999999993,7.0,11.0,3.0,8.0,4.0,10.0,10.0,10.0,0.0,0.0,3.0,5.0,1.0,4.0,2.0,0.0,0.0,0.0,0.0,0.0,1.9,135.0,11.0,4.0,7.72638,10.0,1357.77,71.0,112.00000000000001,11.0,10.0,1.0,0.0
1931.96,2506.15,1357.77,1148.38,574.19,58.0,71.0,45.0,26.0,13.0,132.0,152.0,112.00000000000001,39.999999999999986,19.999999999999993,7.5,11.0,4.0,7.0,3.5,6.0,10.0,2.0,8.0,4.0,4.5,8.0,1.0,7.0,3.5,4.0,8.0,0.0,8.0,4.0,1.9,135.0,11.0,4.0,7.72638,10.0,1357.77,71.0,112.00000000000001,11.0,10.0,1.0,0.0
796.0455,1357.77,234.32099999999997,1123.449,561.7245,75.0,79.0,71.0,8.0,4.0,122.5,133.0,112.00000000000001,20.999999999999986,10.499999999999993,11.5,12.0,11.0,1.0,0.5,10.0,10.0,10.0,0.0,0.0,0.5,1.0,0.0,1.0,0.5,0.0,0.0,0.0,0.0,0.0,1.9,135.0,11.0,4.0,7.72638,10.0,1357.77,71.0,112.00000000000001,11.0,10.0,1.0,0.0
893.75925,1357.77,429.7485,928.0215000000001,464.01075,77.5,84.0,71.0,13.0,6.5,127.0,142.0,112.00000000000001,29.999999999999986,14.999999999999993,7.0,11.0,3.0,8.0,4.0,10.0,10.0,10.0,0.0,0.0,3.0,5.0,1.0,4.0,2.0,0.0,0.0,0.0,0.0,0.0,1.9,135.0,11.0,4.0,7.72638,10.0,1357.77,71.0,112.00000000000001,11.0,10.0,1.0,0.0
2038.46,2719.15,1357.77,1361.38,680.69,68.0,71.0,65.0,6.0,3.0,117.0,122.0,112.00000000000001,9.999999999999986,4.999999999999993,10.0,11.0,9.0,2.0,1.0,8.5,10.0,7.0,3.0,1.5,2.0,3.0,1.0,2.0,1.0,1.5,3.0,0.0,3.0,1.5,1.9,135.0,11.0,4.0,7.72638,10.0,1357.77,71.0,112.00000000000001,11.0,10.0,1.0,0.0
1275.46,1357.77,1193.15,164.6199999999999,82.30999999999995,42.0,71.0,13.0,58.0,29.0,146.0,180.0,112.00000000000001,67.99999999999999,33.99999999999999,7.0,11.0,3.0,8.0,4.0,5.5,10.0,1.0,9.0,4.5,5.0,9.0,1.0,8.0,4.0,4.5,9.0,0.0,9.0,4.5,1.9,135.0,11.0,4.0,7.72638,10.0,1357.77,71.0,112.00000000000001,11.0,10.0,1.0,0.0
1438.46,1519.15,1357.77,161.3800000000001,80.69000000000005,63.0,71.0,55.0,16.0,8.0,115.5,119.0,112.00000000000001,6.999999999999986,3.499999999999993,9.0,11.0,7.0,4.0,2.0,7.5,10.0,5.0,5.0,2.5,3.0,5.0,1.0,4.0,2.0,2.5,5.0,0.0,5.0,2.5,1.9,135.0,11.0,4.0,7.72638,10.0,1357.77,71.0,112.00000000000001,11.0,10.0,1.0,0.0
2126.46,2895.15,1357.77,1537.38,768.69,61.5,71.0,52.0,19.0,9.5,125.0,138.0,112.00000000000001,25.999999999999986,12.999999999999993,8.5,11.0,6.0,5.0,2.5,7.5,10.0,5.0,5.0,2.5,3.5,6.0,1.0,5.0,2.5,2.5,5.0,0.0,5.0,2.5,1.9,135.0,11.0,4.0,7.72638,10.0,1357.77,71.0,112.00000000000001,11.0,10.0,1.0,0.0
2053.96,2750.15,1357.77,1392.38,696.19,59.5,71.0,48.0,23.0,11.5,129.5,147.0,112.00000000000001,34.999999999999986,17.499999999999993,8.0,11.0,5.0,6.0,3.0,7.0,10.0,4.0,6.0,3.0,4.0,7.0,1.0,6.0,3.0,3.0,6.0,0.0,6.0,3.0,1.9,135.0,11.0,4.0,7.72638,10.0,1357.77,71.0,112.00000000000001,11.0,10.0,1.0,0.0
1542.96,1728.15,1357.77,370.3800000000001,185.19000000000005,69.0,71.0,67.0,4.0,2.0,111.00000000000001,112.00000000000001,110.00000000000001,2.0,1.0,10.5,11.0,10.0,1.0,0.5,9.0,10.0,8.0,2.0,1.0,1.5,2.0,1.0,1.0,0.5,1.0,2.0,0.0,2.0,1.0,1.9,135.0,11.0,4.0,7.72638,10.0,1357.77,71.0,112.00000000000001,11.0,10.0,1.0,0.0
2331.96,3306.15,1357.77,1948.38,974.19,66.0,71.0,61.0,10.0,5.0,120.5,129.0,112.00000000000001,16.999999999999986,8.499999999999993,9.5,11.0,8.0,3.0,1.5,8.0,10.0,6.0,4.0,2.0,2.5,4.0,1.0,3.0,1.5,2.0,4.0,0.0,4.0,2.0,1.9,135.0,11.0,4.0,7.72638,10.0,1357.77,71.0,112.00000000000001,11.0,10.0,1.0,0.0
979.191,1357.77,600.612,757.158,378.57899999999995,81.0,91.0,71.0,20.0,10.0,128.0,144.0,112.00000000000001,31.999999999999986,15.999999999999993,7.5,11.0,4.0,7.0,3.5,10.0,10.0,10.0,0.0,0.0,2.5,4.0,1.0,3.0,1.5,0.0,0.0,0.0,0.0,0.0,1.9,135.0,11.0,4.0,7.72638,10.0,1357.77,71.0,112.00000000000001,11.0,10.0,1.0,0.0
1592.86,1827.9499999999998,1357.77,470.17999999999984,235.08999999999992,69.5,71.0,68.0,3.0,1.5,116.0,120.0,112.00000000000001,7.999999999999986,3.999999999999993,10.5,11.0,10.0,1.0,0.5,10.0,10.0,10.0,0.0,0.0,0.5,1.0,0.0,1.0,0.5,0.0,0.0,0.0,0.0,0.0,1.9,135.0,11.0,4.0,7.72638,10.0,1357.77,71.0,112.00000000000001,11.0,10.0,1.0,0.0
1699.56,2041.35,1357.77,683.5799999999999,341.78999999999996,70.0,71.0,69.0,2.0,1.0,117.5,123.0,112.00000000000001,10.999999999999986,5.499999999999993,10.5,11.0,10.0,1.0,0.5,9.5,10.0,9.0,1.0,0.5,1.5,2.0,1.0,1.0,0.5,0.5,1.0,0.0,1.0,0.5,1.9,135.0,11.0,4.0,7.72638,10.0,1357.77,71.0,112.00000000000001,11.0,10.0,1.0,0.0
2407.96,3458.15,1357.77,2100.38,1050.19,64.0,71.0,57.0,14.0,7.0,121.5,131.0,112.00000000000001,18.999999999999986,9.499999999999993,9.0,11.0,7.0,4.0,2.0,7.5,10.0,5.0,5.0,2.5,3.0,5.0,1.0,4.0,2.0,2.5,5.0,0.0,5.0,2.5,1.9,135.0,11.0,4.0,7.72638,10.0,1357.77,71.0,112.00000000000001,11.0,10.0,1.0,0.0
1796.96,2236.15,1357.77,878.3800000000001,439.19000000000005,67.5,71.0,64.0,7.0,3.5,118.5,125.0,112.00000000000001,12.999999999999986,6.499999999999993,10.0,11.0,9.0,2.0,1.0,9.0,10.0,8.0,2.0,1.0,2.0,3.0,1.0,2.0,1.0,1.0,2.0,0.0,2.0,1.0,1.9,135.0,11.0,4.0,7.72638,10.0,1357.77,71.0,112.00000000000001,11.0,10.0,1.0,0.0
1981.96,2606.15,1357.77,1248.38,624.19,65.5,71.0,60.0,11.0,5.5,118.5,125.0,112.00000000000001,12.999999999999986,6.499999999999993,9.5,11.0,8.0,3.0,1.5,8.5,10.0,7.0,3.0,1.5,2.5,4.0,1.0,3.0,1.5,1.5,3.0,0.0,3.0,1.5,1.9,135.0,11.0,4.0,7.72638,10.0,1357.77,71.0,112.00000000000001,11.0,10.0,1.0,0.0
1585.96,1814.15,1357.77,456.3800000000001,228.19000000000005,41.0,71.0,11.0,60.0,30.0,130.0,148.0,112.00000000000001,35.999999999999986,17.999999999999993,7.0,11.0,3.0,8.0,4.0,5.5,10.0,1.0,9.0,4.5,5.0,9.0,1.0,8.0,4.0,4.5,9.0,0.0,9.0,4.5,1.9,135.0,11.0,4.0,7.72638,10.0,1357.77,71.0,112.00000000000001,11.0,10.0,1.0,0.0
931.425,1357.77,505.08,852.69,426.34499999999997,80.5,90.0,71.0,19.0,9.5,126.0,140.0,112.00000000000001,27.999999999999986,13.999999999999993,7.5,11.0,4.0,7.0,3.5,10.0,10.0,10.0,0.0,0.0,2.5,4.0,1.0,3.0,1.5,0.0,0.0,0.0,0.0,0.0,1.9,135.0,11.0,4.0,7.72638,10.0,1357.77,71.0,112.00000000000001,11.0,10.0,1.0,0.0
2323.96,3290.15,1357.77,1932.38,966.19,60.0,71.0,49.0,22.0,11.0,129.0,146.0,112.00000000000001,33.999999999999986,16.999999999999993,8.0,11.0,5.0,6.0,3.0,6.5,10.0,3.0,7.0,3.5,4.0,7.0,1.0,6.0,3.0,3.5,7.0,0.0,7.0,3.5,1.9,135.0,11.0,4.0,7.72638,10.0,1357.77,71.0,112.00000000000001,11.0,10.0,1.0,0.0
1893.96,2430.15,1357.77,1072.38,536.19,63.5,71.0,56.0,15.0,7.5,120.0,128.0,112.00000000000001,15.999999999999986,7.999999999999993,9.0,11.0,7.0,4.0,2.0,7.5,10.0,5.0,5.0,2.5,3.0,5.0,1.0,4.0,2.0,2.5,5.0,0.0,5.0,2.5,1.9,135.0,11.0,4.0,7.72638,10.0,1357.77,71.0,112.00000000000001,11.0,10.0,1.0,0.0
1650.46,1943.15,1357.77,585.3800000000001,292.69000000000005,57.0,71.0,43.0,28.0,14.0,124.0,136.0,112.00000000000001,23.999999999999986,11.999999999999993,7.5,11.0,4.0,7.0,3.5,6.0,10.0,2.0,8.0,4.0,4.5,8.0,1.0,7.0,3.5,4.0,8.0,0.0,8.0,4.0,1.9,135.0,11.0,4.0,7.72638,10.0,1357.77,71.0,112.00000000000001,11.0,10.0,1.0,0.0
967.46,1357.77,577.15,780.62,390.31,78.0,85.0,71.0,14.0,7.0,128.0,144.0,112.00000000000001,31.999999999999986,15.999999999999993,7.0,11.0,3.0,8.0,4.0,10.0,10.0,10.0,0.0,0.0,3.0,5.0,1.0,4.0,2.0,0.0,0.0,0.0,0.0,0.0,1.9,135.0,11.0,4.0,7.72638,10.0,1357.77,71.0,112.00000000000001,11.0,10.0,1.0,0.0
1770.46,2183.15,1357.77,825.3800000000001,412.69000000000005,59.0,71.0,47.0,24.0,12.0,123.0,134.0,112.00000000000001,21.999999999999986,10.999999999999993,8.0,11.0,5.0,6.0,3.0,6.5,10.0,3.0,7.0,3.5,4.0,7.0,1.0,6.0,3.0,3.5,7.0,0.0,7.0,3.5,1.9,135.0,11.0,4.0,7.72638,10.0,1357.77,71.0,112.00000000000001,11.0,10.0,1.0,0.0
2522.46,3687.15,1357.77,2329.38,1164.69,62.0,71.0,53.0,18.0,9.0,124.5,137.0,112.00000000000001,24.999999999999986,12.499999999999993,8.5,11.0,6.0,5.0,2.5,7.0,10.0,4.0,6.0,3.0,3.5,6.0,1.0,5.0,2.5,3.0,6.0,0.0,6.0,3.0,1.9,135.0,11.0,4.0,7.72638,10.0,1357.77,71.0,112.00000000000001,11.0,10.0,1.0,0.0
1576.46,1795.15,1357.77,437.3800000000001,218.69000000000005,41.5,71.0,12.0,59.0,29.5,137.5,163.0,112.00000000000001,50.999999999999986,25.499999999999993,7.0,11.0,3.0,8.0,4.0,5.5,10.0,1.0,9.0,4.5,5.0,9.0,1.0,8.0,4.0,4.5,9.0,0.0,9.0,4.5,1.9,135.0,11.0,4.0,7.72638,10.0,1357.77,71.0,112.00000000000001,11.0,10.0,1.0,0.0
1025.2235,1357.77,692.6769999999999,665.0930000000001,332.54650000000004,74.0,77.0,71.0,6.0,3.0,115.0,118.0,112.00000000000001,5.999999999999986,2.999999999999993,11.5,12.0,11.0,1.0,0.5,10.0,10.0,10.0,0.0,0.0,0.5,1.0,0.0,1.0,0.5,0.0,0.0,0.0,0.0,0.0,1.9,135.0,11.0,4.0,7.72638,10.0,1357.77,71.0,112.00000000000001,11.0,10.0,1.0,0.0
1742.46,2127.15,1357.77,769.3800000000001,384.69000000000005,57.5,71.0,44.0,27.0,13.5,133.0,154.0,112.00000000000001,41.999999999999986,20.999999999999993,7.5,11.0,4.0,7.0,3.5,6.0,10.0,2.0,8.0,4.0,4.5,8.0,1.0,7.0,3.5,4.0,8.0,0.0,8.0,4.0,1.9,135.0,11.0,4.0,7.72638,10.0,1357.77,71.0,112.00000000000001,11.0,10.0,1.0,0.0
1057.0323,1811.15,302.91459999999995,1508.2354,754.1177000000001,71.0,83.0,59.0,24.0,12.0,120.0,124.0,115.99999999999999,8.000000000000014,4.000000000000007,5.5,8.0,3.0,5.0,2.5,8.0,10.0,6.0,4.0,2.0,4.5,5.0,4.0,1.0,0.5,2.0,4.0,0.0,4.0,2.0,1.83,140.0,8.0,4.0,7.9024681,6.0,1811.15,59.0,115.99999999999999,8.0,6.0,4.0,4.0
2158.65,2506.15,1811.15,695.0,347.5,52.0,59.0,45.0,14.0,7.0,134.0,152.0,115.99999999999999,36.000000000000014,18.000000000000007,6.0,8.0,4.0,4.0,2.0,4.0,6.0,2.0,4.0,2.0,6.0,8.0,4.0,4.0,2.0,6.0,8.0,4.0,4.0,2.0,1.83,140.0,8.0,4.0,7.9024681,6.0,1811.15,59.0,115.99999999999999,8.0,6.0,4.0,4.0
1022.7355,1811.15,234.32099999999997,1576.8290000000002,788.4145000000001,69.0,79.0,59.0,20.0,10.0,124.5,133.0,115.99999999999999,17.000000000000014,8.500000000000007,10.0,12.0,8.0,4.0,2.0,8.0,10.0,6.0,4.0,2.0,2.0,4.0,0.0,4.0,2.0,2.0,4.0,0.0,4.0,2.0,1.83,140.0,8.0,4.0,7.9024681,6.0,1811.15,59.0,115.99999999999999,8.0,6.0,4.0,4.0
1120.4492500000001,1811.15,429.7485,1381.4015000000002,690.7007500000001,71.5,84.0,59.0,25.0,12.5,129.0,142.0,115.99999999999999,26.000000000000014,13.000000000000007,5.5,8.0,3.0,5.0,2.5,8.0,10.0,6.0,4.0,2.0,4.5,5.0,4.0,1.0,0.5,2.0,4.0,0.0,4.0,2.0,1.83,140.0,8.0,4.0,7.9024681,6.0,1811.15,59.0,115.99999999999999,8.0,6.0,4.0,4.0
2265.15,2719.15,1811.15,908.0,454.0,62.0,65.0,59.0,6.0,3.0,119.0,122.0,115.99999999999999,6.000000000000014,3.000000000000007,8.5,9.0,8.0,1.0,0.5,6.5,7.0,6.0,1.0,0.5,3.5,4.0,3.0,1.0,0.5,3.5,4.0,3.0,1.0,0.5,1.83,140.0,8.0,4.0,7.9024681,6.0,1811.15,59.0,115.99999999999999,8.0,6.0,4.0,4.0
1502.15,1811.15,1193.15,618.0,309.0,36.0,59.0,13.0,46.0,23.0,148.0,180.0,115.99999999999999,64.00000000000001,32.00000000000001,5.5,8.0,3.0,5.0,2.5,3.5,6.0,1.0,5.0,2.5,6.5,9.0,4.0,5.0,2.5,6.5,9.0,4.0,5.0,2.5,1.83,140.0,8.0,4.0,7.9024681,6.0,1811.15,59.0,115.99999999999999,8.0,6.0,4.0,4.0
2280.65,2750.15,1811.15,939.0,469.5,53.5,59.0,48.0,11.0,5.5,131.5,147.0,115.99999999999999,31.000000000000014,15.500000000000007,6.5,8.0,5.0,3.0,1.5,5.0,6.0,4.0,2.0,1.0,5.5,7.0,4.0,3.0,1.5,5.0,6.0,4.0,2.0,1.0,1.83,140.0,8.0,4.0,7.9024681,6.0,1811.15,59.0,115.99999999999999,8.0,6.0,4.0,4.0
1769.65,1811.15,1728.15,83.0,41.5,63.0,67.0,59.0,8.0,4.0,113.0,115.99999999999999,110.00000000000001,5.999999999999972,2.999999999999986,9.0,10.0,8.0,2.0,1.0,7.0,8.0,6.0,2.0,1.0,3.0,4.0,2.0,2.0,1.0,3.0,4.0,2.0,2.0,1.0,1.83,140.0,8.0,4.0,7.9024681,6.0,1811.15,59.0,115.99999999999999,8.0,6.0,4.0,4.0
2558.65,3306.15,1811.15,1495.0,747.5,60.0,61.0,59.0,2.0,1.0,122.5,129.0,115.99999999999999,13.000000000000014,6.500000000000007,8.0,8.0,8.0,0.0,0.0,6.0,6.0,6.0,0.0,0.0,4.0,4.0,4.0,0.0,0.0,4.0,4.0,4.0,0.0,0.0,1.83,140.0,8.0,4.0,7.9024681,6.0,1811.15,59.0,115.99999999999999,8.0,6.0,4.0,4.0
1205.881,1811.15,600.612,1210.538,605.2690000000001,75.0,91.0,59.0,32.0,16.0,130.0,144.0,115.99999999999999,28.000000000000014,14.000000000000007,6.0,8.0,4.0,4.0,2.0,8.0,10.0,6.0,4.0,2.0,4.0,4.0,4.0,0.0,0.0,2.0,4.0,0.0,4.0,2.0,1.83,140.0,8.0,4.0,7.9024681,6.0,1811.15,59.0,115.99999999999999,8.0,6.0,4.0,4.0
1819.55,1827.9499999999998,1811.15,16.799999999999727,8.399999999999864,63.5,68.0,59.0,9.0,4.5,118.0,120.0,115.99999999999999,4.000000000000014,2.000000000000007,9.0,10.0,8.0,2.0,1.0,8.0,10.0,6.0,4.0,2.0,2.0,4.0,0.0,4.0,2.0,2.0,4.0,0.0,4.0,2.0,1.83,140.0,8.0,4.0,7.9024681,6.0,1811.15,59.0,115.99999999999999,8.0,6.0,4.0,4.0
1926.25,2041.35,1811.15,230.19999999999982,115.09999999999991,64.0,69.0,59.0,10.0,5.0,119.5,123.0,115.99999999999999,7.000000000000014,3.500000000000007,9.0,10.0,8.0,2.0,1.0,7.5,9.0,6.0,3.0,1.5,3.0,4.0,2.0,2.0,1.0,2.5,4.0,1.0,3.0,1.5,1.83,140.0,8.0,4.0,7.9024681,6.0,1811.15,59.0,115.99999999999999,8.0,6.0,4.0,4.0
2023.65,2236.15,1811.15,425.0,212.5,61.5,64.0,59.0,5.0,2.5,120.5,125.0,115.99999999999999,9.000000000000014,4.500000000000007,8.5,9.0,8.0,1.0,0.5,7.0,8.0,6.0,2.0,1.0,3.5,4.0,3.0,1.0,0.5,3.0,4.0,2.0,2.0,1.0,1.83,140.0,8.0,4.0,7.9024681,6.0,1811.15,59.0,115.99999999999999,8.0,6.0,4.0,4.0
2208.65,2606.15,1811.15,795.0,397.5,59.5,60.0,59.0,1.0,0.5,120.5,125.0,115.99999999999999,9.000000000000014,4.500000000000007,8.0,8.0,8.0,0.0,0.0,6.5,7.0,6.0,1.0,0.5,4.0,4.0,4.0,0.0,0.0,3.5,4.0,3.0,1.0,0.5,1.83,140.0,8.0,4.0,7.9024681,6.0,1811.15,59.0,115.99999999999999,8.0,6.0,4.0,4.0
1812.65,1814.15,1811.15,3.0,1.5,35.0,59.0,11.0,48.0,24.0,132.0,148.0,115.99999999999999,32.000000000000014,16.000000000000007,5.5,8.0,3.0,5.0,2.5,3.5,6.0,1.0,5.0,2.5,6.5,9.0,4.0,5.0,2.5,6.5,9.0,4.0,5.0,2.5,1.83,140.0,8.0,4.0,7.9024681,6.0,1811.15,59.0,115.99999999999999,8.0,6.0,4.0,4.0
1158.115,1811.15,505.08,1306.0700000000002,653.0350000000001,74.5,90.0,59.0,31.0,15.5,128.0,140.0,115.99999999999999,24.000000000000014,12.000000000000007,6.0,8.0,4.0,4.0,2.0,8.0,10.0,6.0,4.0,2.0,4.0,4.0,4.0,0.0,0.0,2.0,4.0,0.0,4.0,2.0,1.83,140.0,8.0,4.0,7.9024681,6.0,1811.15,59.0,115.99999999999999,8.0,6.0,4.0,4.0
2550.65,3290.15,1811.15,1479.0,739.5,54.0,59.0,49.0,10.0,5.0,131.0,146.0,115.99999999999999,30.000000000000014,15.000000000000007,6.5,8.0,5.0,3.0,1.5,4.5,6.0,3.0,3.0,1.5,5.5,7.0,4.0,3.0,1.5,5.5,7.0,4.0,3.0,1.5,1.83,140.0,8.0,4.0,7.9024681,6.0,1811.15,59.0,115.99999999999999,8.0,6.0,4.0,4.0
2120.65,2430.15,1811.15,619.0,309.5,57.5,59.0,56.0,3.0,1.5,122.0,128.0,115.99999999999999,12.000000000000014,6.000000000000007,7.5,8.0,7.0,1.0,0.5,5.5,6.0,5.0,1.0,0.5,4.5,5.0,4.0,1.0,0.5,4.5,5.0,4.0,1.0,0.5,1.83,140.0,8.0,4.0,7.9024681,6.0,1811.15,59.0,115.99999999999999,8.0,6.0,4.0,4.0
1877.15,1943.15,1811.15,132.0,66.0,51.0,59.0,43.0,16.0,8.0,126.0,136.0,115.99999999999999,20.000000000000014,10.000000000000007,6.0,8.0,4.0,4.0,2.0,4.0,6.0,2.0,4.0,2.0,6.0,8.0,4.0,4.0,2.0,6.0,8.0,4.0,4.0,2.0,1.83,140.0,8.0,4.0,7.9024681,6.0,1811.15,59.0,115.99999999999999,8.0,6.0,4.0,4.0
1194.15,1811.15,577.15,1234.0,617.0,72.0,85.0,59.0,26.0,13.0,130.0,144.0,115.99999999999999,28.000000000000014,14.000000000000007,5.5,8.0,3.0,5.0,2.5,8.0,10.0,6.0,4.0,2.0,4.5,5.0,4.0,1.0,0.5,2.0,4.0,0.0,4.0,2.0,1.83,140.0,8.0,4.0,7.9024681,6.0,1811.15,59.0,115.99999999999999,8.0,6.0,4.0,4.0
1997.15,2183.15,1811.15,372.0,186.0,53.0,59.0,47.0,12.0,6.0,125.0,134.0,115.99999999999999,18.000000000000014,9.000000000000007,6.5,8.0,5.0,3.0,1.5,4.5,6.0,3.0,3.0,1.5,5.5,7.0,4.0,3.0,1.5,5.5,7.0,4.0,3.0,1.5,1.83,140.0,8.0,4.0,7.9024681,6.0,1811.15,59.0,115.99999999999999,8.0,6.0,4.0,4.0
2749.15,3687.15,1811.15,1876.0,938.0,56.0,59.0,53.0,6.0,3.0,126.5,137.0,115.99999999999999,21.000000000000014,10.500000000000007,7.0,8.0,6.0,2.0,1.0,5.0,6.0,4.0,2.0,1.0,5.0,6.0,4.0,2.0,1.0,5.0,6.0,4.0,2.0,1.0,1.83,140.0,8.0,4.0,7.9024681,6.0,1811.15,59.0,115.99999999999999,8.0,6.0,4.0,4.0
1803.15,1811.15,1795.15,16.0,8.0,35.5,59.0,12.0,47.0,23.5,139.5,163.0,115.99999999999999,47.000000000000014,23.500000000000007,5.5,8.0,3.0,5.0,2.5,3.5,6.0,1.0,5.0,2.5,6.5,9.0,4.0,5.0,2.5,6.5,9.0,4.0,5.0,2.5,1.83,140.0,8.0,4.0,7.9024681,6.0,1811.15,59.0,115.99999999999999,8.0,6.0,4.0,4.0
1251.9135,1811.15,692.6769999999999,1118.4730000000002,559.2365000000001,68.0,77.0,59.0,18.0,9.0,117.0,118.0,115.99999999999999,2.000000000000014,1.000000000000007,10.0,12.0,8.0,4.0,2.0,8.0,10.0,6.0,4.0,2.0,2.0,4.0,0.0,4.0,2.0,2.0,4.0,0.0,4.0,2.0,1.83,140.0,8.0,4.0,7.9024681,6.0,1811.15,59.0,115.99999999999999,8.0,6.0,4.0,4.0
1969.15,2127.15,1811.15,316.0,158.0,51.5,59.0,44.0,15.0,7.5,135.0,154.0,115.99999999999999,38.000000000000014,19.000000000000007,6.0,8.0,4.0,4.0,2.0,4.0,6.0,2.0,4.0,2.0,6.0,8.0,4.0,4.0,2.0,6.0,8.0,4.0,4.0,2.0,1.83,140.0,8.0,4.0,7.9024681,6.0,1811.15,59.0,115.99999999999999,8.0,6.0,4.0,4.0
1404.5323,2506.15,302.91459999999995,2203.2354,1101.6177,64.0,83.0,45.0,38.0,19.0,138.0,152.0,124.0,28.0,14.0,3.5,4.0,3.0,1.0,0.5,6.0,10.0,2.0,8.0,4.0,6.5,8.0,5.0,3.0,1.5,4.0,8.0,0.0,8.0,4.0,1.81,130.0,13.0,4.0,5.999302,10.0,302.91459999999995,83.0,124.0,3.0,10.0,5.0,0.0
268.6178,302.91459999999995,234.32099999999997,68.59359999999998,34.29679999999999,81.0,83.0,79.0,4.0,2.0,128.5,133.0,124.0,9.0,4.5,7.5,12.0,3.0,9.0,4.5,10.0,10.0,10.0,0.0,0.0,2.5,5.0,0.0,5.0,2.5,0.0,0.0,0.0,0.0,0.0,1.81,130.0,13.0,4.0,5.999302,10.0,302.91459999999995,83.0,124.0,3.0,10.0,5.0,0.0
366.33155,429.7485,302.91459999999995,126.83390000000003,63.416950000000014,83.5,84.0,83.0,1.0,0.5,133.0,142.0,124.0,18.0,9.0,3.0,3.0,3.0,0.0,0.0,10.0,10.0,10.0,0.0,0.0,5.0,5.0,5.0,0.0,0.0,0.0,0.0,0.0,0.0,0.0,1.81,130.0,13.0,4.0,5.999302,10.0,302.91459999999995,83.0,124.0,3.0,10.0,5.0,0.0
1511.0323,2719.15,302.91459999999995,2416.2354,1208.1177000000002,74.0,83.0,65.0,18.0,9.0,123.0,124.0,122.0,2.0,1.0,6.0,9.0,3.0,6.0,3.0,8.5,10.0,7.0,3.0,1.5,4.0,5.0,3.0,2.0,1.0,1.5,3.0,0.0,3.0,1.5,1.81,130.0,13.0,4.0,5.999302,10.0,302.91459999999995,83.0,124.0,3.0,10.0,5.0,0.0
748.0323000000001,1193.15,302.91459999999995,890.2354000000001,445.11770000000007,48.0,83.0,13.0,70.0,35.0,152.0,180.0,124.0,56.0,28.0,3.0,3.0,3.0,0.0,0.0,5.5,10.0,1.0,9.0,4.5,7.0,9.0,5.0,4.0,2.0,4.5,9.0,0.0,9.0,4.5,1.81,130.0,13.0,4.0,5.999302,10.0,302.91459999999995,83.0,124.0,3.0,10.0,5.0,0.0
911.0323000000001,1519.15,302.91459999999995,1216.2354,608.1177000000001,69.0,83.0,55.0,28.0,14.0,121.5,124.0,119.0,5.0,2.5,5.0,7.0,3.0,4.0,2.0,7.5,10.0,5.0,5.0,2.5,5.0,5.0,5.0,0.0,0.0,2.5,5.0,0.0,5.0,2.5,1.81,130.0,13.0,4.0,5.999302,10.0,302.91459999999995,83.0,124.0,3.0,10.0,5.0,0.0
1599.0323,2895.15,302.91459999999995,2592.2354,1296.1177000000002,67.5,83.0,52.0,31.0,15.5,131.0,138.0,124.0,14.0,7.0,4.5,6.0,3.0,3.0,1.5,7.5,10.0,5.0,5.0,2.5,5.5,6.0,5.0,1.0,0.5,2.5,5.0,0.0,5.0,2.5,1.81,130.0,13.0,4.0,5.999302,10.0,302.91459999999995,83.0,124.0,3.0,10.0,5.0,0.0
1526.5323,2750.15,302.91459999999995,2447.2354,1223.6177000000002,65.5,83.0,48.0,35.0,17.5,135.5,147.0,124.0,23.0,11.5,4.0,5.0,3.0,2.0,1.0,7.0,10.0,4.0,6.0,3.0,6.0,7.0,5.0,2.0,1.0,3.0,6.0,0.0,6.0,3.0,1.81,130.0,13.0,4.0,5.999302,10.0,302.91459999999995,83.0,124.0,3.0,10.0,5.0,0.0
1015.5323000000001,1728.15,302.91459999999995,1425.2354,712.6177000000001,75.0,83.0,67.0,16.0,8.0,117.0,124.0,110.00000000000001,13.999999999999986,6.999999999999993,6.5,10.0,3.0,7.0,3.5,9.0,10.0,8.0,2.0,1.0,3.5,5.0,2.0,3.0,1.5,1.0,2.0,0.0,2.0,1.0,1.81,130.0,13.0,4.0,5.999302,10.0,302.91459999999995,83.0,124.0,3.0,10.0,5.0,0.0
1804.5323,3306.15,302.91459999999995,3003.2354,1501.6177000000002,72.0,83.0,61.0,22.0,11.0,126.5,129.0,124.0,5.0,2.5,5.5,8.0,3.0,5.0,2.5,8.0,10.0,6.0,4.0,2.0,4.5,5.0,4.0,1.0,0.5,2.0,4.0,0.0,4.0,2.0,1.81,130.0,13.0,4.0,5.999302,10.0,302.91459999999995,83.0,124.0,3.0,10.0,5.0,0.0
451.76329999999996,600.612,302.91459999999995,297.6974,148.8487,87.0,91.0,83.0,8.0,4.0,134.0,144.0,124.0,20.0,10.0,3.5,4.0,3.0,1.0,0.5,10.0,10.0,10.0,0.0,0.0,4.5,5.0,4.0,1.0,0.5,0.0,0.0,0.0,0.0,0.0,1.81,130.0,13.0,4.0,5.999302,10.0,302.91459999999995,83.0,124.0,3.0,10.0,5.0,0.0
1065.4323,1827.9499999999998,302.91459999999995,1525.0353999999998,762.5176999999999,75.5,83.0,68.0,15.0,7.5,122.0,124.0,120.0,4.0,2.0,6.5,10.0,3.0,7.0,3.5,10.0,10.0,10.0,0.0,0.0,2.5,5.0,0.0,5.0,2.5,0.0,0.0,0.0,0.0,0.0,1.81,130.0,13.0,4.0,5.999302,10.0,302.91459999999995,83.0,124.0,3.0,10.0,5.0,0.0
1172.1323,2041.35,302.91459999999995,1738.4353999999998,869.2177,76.0,83.0,69.0,14.0,7.0,123.5,124.0,123.0,1.0,0.5,6.5,10.0,3.0,7.0,3.5,9.5,10.0,9.0,1.0,0.5,3.5,5.0,2.0,3.0,1.5,0.5,1.0,0.0,1.0,0.5,1.81,130.0,13.0,4.0,5.999302,10.0,302.91459999999995,83.0,124.0,3.0,10.0,5.0,0.0
1880.5323,3458.15,302.91459999999995,3155.2354,1577.6177000000002,70.0,83.0,57.0,26.0,13.0,127.5,131.0,124.0,7.0,3.5,5.0,7.0,3.0,4.0,2.0,7.5,10.0,5.0,5.0,2.5,5.0,5.0,5.0,0.0,0.0,2.5,5.0,0.0,5.0,2.5,1.81,130.0,13.0,4.0,5.999302,10.0,302.91459999999995,83.0,124.0,3.0,10.0,5.0,0.0
1269.5323,2236.15,302.91459999999995,1933.2354,966.6177000000001,73.5,83.0,64.0,19.0,9.5,124.5,125.0,124.0,1.0,0.5,6.0,9.0,3.0,6.0,3.0,9.0,10.0,8.0,2.0,1.0,4.0,5.0,3.0,2.0,1.0,1.0,2.0,0.0,2.0,1.0,1.81,130.0,13.0,4.0,5.999302,10.0,302.91459999999995,83.0,124.0,3.0,10.0,5.0,0.0
1058.5323,1814.15,302.91459999999995,1511.2354,755.6177000000001,47.0,83.0,11.0,72.0,36.0,136.0,148.0,124.0,24.0,12.0,3.0,3.0,3.0,0.0,0.0,5.5,10.0,1.0,9.0,4.5,7.0,9.0,5.0,4.0,2.0,4.5,9.0,0.0,9.0,4.5,1.81,130.0,13.0,4.0,5.999302,10.0,302.91459999999995,83.0,124.0,3.0,10.0,5.0,0.0
403.9973,505.08,302.91459999999995,202.16540000000003,101.08270000000002,86.5,90.0,83.0,7.0,3.5,132.0,140.0,124.0,16.0,8.0,3.5,4.0,3.0,1.0,0.5,10.0,10.0,10.0,0.0,0.0,4.5,5.0,4.0,1.0,0.5,0.0,0.0,0.0,0.0,0.0,1.81,130.0,13.0,4.0,5.999302,10.0,302.91459999999995,83.0,124.0,3.0,10.0,5.0,0.0
1796.5323,3290.15,302.91459999999995,2987.2354,1493.6177000000002,66.0,83.0,49.0,34.0,17.0,135.0,146.0,124.0,22.0,11.0,4.0,5.0,3.0,2.0,1.0,6.5,10.0,3.0,7.0,3.5,6.0,7.0,5.0,2.0,1.0,3.5,7.0,0.0,7.0,3.5,1.81,130.0,13.0,4.0,5.999302,10.0,302.91459999999995,83.0,124.0,3.0,10.0,5.0,0.0
1366.5323,2430.15,302.91459999999995,2127.2354,1063.6177000000002,69.5,83.0,56.0,27.0,13.5,126.0,128.0,124.0,4.0,2.0,5.0,7.0,3.0,4.0,2.0,7.5,10.0,5.0,5.0,2.5,5.0,5.0,5.0,0.0,0.0,2.5,5.0,0.0,5.0,2.5,1.81,130.0,13.0,4.0,5.999302,10.0,302.91459999999995,83.0,124.0,3.0,10.0,5.0,0.0
1123.0323,1943.15,302.91459999999995,1640.2354,820.1177,63.0,83.0,43.0,40.0,20.0,130.0,136.0,124.0,12.0,6.0,3.5,4.0,3.0,1.0,0.5,6.0,10.0,2.0,8.0,4.0,6.5,8.0,5.0,3.0,1.5,4.0,8.0,0.0,8.0,4.0,1.81,130.0,13.0,4.0,5.999302,10.0,302.91459999999995,83.0,124.0,3.0,10.0,5.0,0.0
440.03229999999996,577.15,302.91459999999995,274.2354,137.1177,84.0,85.0,83.0,2.0,1.0,134.0,144.0,124.0,20.0,10.0,3.0,3.0,3.0,0.0,0.0,10.0,10.0,10.0,0.0,0.0,5.0,5.0,5.0,0.0,0.0,0.0,0.0,0.0,0.0,0.0,1.81,130.0,13.0,4.0,5.999302,10.0,302.91459999999995,83.0,124.0,3.0,10.0,5.0,0.0
1243.0323,2183.15,302.91459999999995,1880.2354,940.1177000000001,65.0,83.0,47.0,36.0,18.0,129.0,134.0,124.0,10.0,5.0,4.0,5.0,3.0,2.0,1.0,6.5,10.0,3.0,7.0,3.5,6.0,7.0,5.0,2.0,1.0,3.5,7.0,0.0,7.0,3.5,1.81,130.0,13.0,4.0,5.999302,10.0,302.91459999999995,83.0,124.0,3.0,10.0,5.0,0.0
1995.0323,3687.15,302.91459999999995,3384.2354,1692.1177000000002,68.0,83.0,53.0,30.0,15.0,130.5,137.0,124.0,13.0,6.5,4.5,6.0,3.0,3.0,1.5,7.0,10.0,4.0,6.0,3.0,5.5,6.0,5.0,1.0,0.5,3.0,6.0,0.0,6.0,3.0,1.81,130.0,13.0,4.0,5.999302,10.0,302.91459999999995,83.0,124.0,3.0,10.0,5.0,0.0
1049.0323,1795.15,302.91459999999995,1492.2354,746.1177000000001,47.5,83.0,12.0,71.0,35.5,143.5,163.0,124.0,39.0,19.5,3.0,3.0,3.0,0.0,0.0,5.5,10.0,1.0,9.0,4.5,7.0,9.0,5.0,4.0,2.0,4.5,9.0,0.0,9.0,4.5,1.81,130.0,13.0,4.0,5.999302,10.0,302.91459999999995,83.0,124.0,3.0,10.0,5.0,0.0
497.79579999999993,692.6769999999999,302.91459999999995,389.76239999999996,194.88119999999998,80.0,83.0,77.0,6.0,3.0,121.0,124.0,118.0,6.0,3.0,7.5,12.0,3.0,9.0,4.5,10.0,10.0,10.0,0.0,0.0,2.5,5.0,0.0,5.0,2.5,0.0,0.0,0.0,0.0,0.0,1.81,130.0,13.0,4.0,5.999302,10.0,302.91459999999995,83.0,124.0,3.0,10.0,5.0,0.0
1215.0323,2127.15,302.91459999999995,1824.2354,912.1177000000001,63.5,83.0,44.0,39.0,19.5,139.0,154.0,124.0,30.0,15.0,3.5,4.0,3.0,1.0,0.5,6.0,10.0,2.0,8.0,4.0,6.5,8.0,5.0,3.0,1.5,4.0,8.0,0.0,8.0,4.0,1.81,130.0,13.0,4.0,5.999302,10.0,302.91459999999995,83.0,124.0,3.0,10.0,5.0,0.0
1370.2355,2506.15,234.32099999999997,2271.829,1135.9145,62.0,79.0,45.0,34.0,17.0,142.5,152.0,133.0,19.0,9.5,8.0,12.0,4.0,8.0,4.0,6.0,10.0,2.0,8.0,4.0,4.0,8.0,0.0,8.0,4.0,4.0,8.0,0.0,8.0,4.0,1.3,155.0,4.0,6.0,6.82507,2.0,2506.15,45.0,152.0,4.0,2.0,8.0,8.0
1467.9492500000001,2506.15,429.7485,2076.4015,1038.2007500000002,64.5,84.0,45.0,39.0,19.5,147.0,152.0,142.0,10.0,5.0,3.5,4.0,3.0,1.0,0.5,6.0,10.0,2.0,8.0,4.0,6.5,8.0,5.0,3.0,1.5,4.0,8.0,0.0,8.0,4.0,1.3,155.0,4.0,6.0,6.82507,2.0,2506.15,45.0,152.0,4.0,2.0,8.0,8.0
2612.65,2719.15,2506.15,213.0,106.5,55.0,65.0,45.0,20.0,10.0,137.0,152.0,122.0,30.0,15.0,6.5,9.0,4.0,5.0,2.5,4.5,7.0,2.0,5.0,2.5,5.5,8.0,3.0,5.0,2.5,5.5,8.0,3.0,5.0,2.5,1.3,155.0,4.0,6.0,6.82507,2.0,2506.15,45.0,152.0,4.0,2.0,8.0,8.0
1849.65,2506.15,1193.15,1313.0,656.5,29.0,45.0,13.0,32.0,16.0,166.0,180.0,152.0,28.0,14.0,3.5,4.0,3.0,1.0,0.5,1.5,2.0,1.0,1.0,0.5,8.5,9.0,8.0,1.0,0.5,8.5,9.0,8.0,1.0,0.5,1.3,155.0,4.0,6.0,6.82507,2.0,2506.15,45.0,152.0,4.0,2.0,8.0,8.0
2700.65,2895.15,2506.15,389.0,194.5,48.5,52.0,45.0,7.0,3.5,145.0,152.0,138.0,14.0,7.0,5.0,6.0,4.0,2.0,1.0,3.5,5.0,2.0,3.0,1.5,7.0,8.0,6.0,2.0,1.0,6.5,8.0,5.0,3.0,1.5,1.3,155.0,4.0,6.0,6.82507,2.0,2506.15,45.0,152.0,4.0,2.0,8.0,8.0
2628.15,2750.15,2506.15,244.0,122.0,46.5,48.0,45.0,3.0,1.5,149.5,152.0,147.0,5.0,2.5,4.5,5.0,4.0,1.0,0.5,3.0,4.0,2.0,2.0,1.0,7.5,8.0,7.0,1.0,0.5,7.0,8.0,6.0,2.0,1.0,1.3,155.0,4.0,6.0,6.82507,2.0,2506.15,45.0,152.0,4.0,2.0,8.0,8.0
2117.15,2506.15,1728.15,778.0,389.0,56.0,67.0,45.0,22.0,11.0,131.0,152.0,110.00000000000001,41.999999999999986,20.999999999999993,7.0,10.0,4.0,6.0,3.0,5.0,8.0,2.0,6.0,3.0,5.0,8.0,2.0,6.0,3.0,5.0,8.0,2.0,6.0,3.0,1.3,155.0,4.0,6.0,6.82507,2.0,2506.15,45.0,152.0,4.0,2.0,8.0,8.0
2906.15,3306.15,2506.15,800.0,400.0,53.0,61.0,45.0,16.0,8.0,140.5,152.0,129.0,23.0,11.5,6.0,8.0,4.0,4.0,2.0,4.0,6.0,2.0,4.0,2.0,6.0,8.0,4.0,4.0,2.0,6.0,8.0,4.0,4.0,2.0,1.3,155.0,4.0,6.0,6.82507,2.0,2506.15,45.0,152.0,4.0,2.0,8.0,8.0
1553.381,2506.15,600.612,1905.538,952.7690000000001,68.0,91.0,45.0,46.0,23.0,148.0,152.0,144.0,8.0,4.0,4.0,4.0,4.0,0.0,0.0,6.0,10.0,2.0,8.0,4.0,6.0,8.0,4.0,4.0,2.0,4.0,8.0,0.0,8.0,4.0,1.3,155.0,4.0,6.0,6.82507,2.0,2506.15,45.0,152.0,4.0,2.0,8.0,8.0
2167.05,2506.15,1827.9499999999998,678.2000000000003,339.10000000000014,56.5,68.0,45.0,23.0,11.5,136.0,152.0,120.0,32.0,16.0,7.0,10.0,4.0,6.0,3.0,6.0,10.0,2.0,8.0,4.0,4.0,8.0,0.0,8.0,4.0,4.0,8.0,0.0,8.0,4.0,1.3,155.0,4.0,6.0,6.82507,2.0,2506.15,45.0,152.0,4.0,2.0,8.0,8.0
2273.75,2506.15,2041.35,464.8000000000002,232.4000000000001,57.0,69.0,45.0,24.0,12.0,137.5,152.0,123.0,29.0,14.5,7.0,10.0,4.0,6.0,3.0,5.5,9.0,2.0,7.0,3.5,5.0,8.0,2.0,6.0,3.0,4.5,8.0,1.0,7.0,3.5,1.3,155.0,4.0,6.0,6.82507,2.0,2506.15,45.0,152.0,4.0,2.0,8.0,8.0
2982.15,3458.15,2506.15,952.0,476.0,51.0,57.0,45.0,12.0,6.0,141.5,152.0,131.0,21.0,10.5,5.5,7.0,4.0,3.0,1.5,3.5,5.0,2.0,3.0,1.5,6.5,8.0,5.0,3.0,1.5,6.5,8.0,5.0,3.0,1.5,1.3,155.0,4.0,6.0,6.82507,2.0,2506.15,45.0,152.0,4.0,2.0,8.0,8.0
2371.15,2506.15,2236.15,270.0,135.0,54.5,64.0,45.0,19.0,9.5,138.5,152.0,125.0,27.0,13.5,6.5,9.0,4.0,5.0,2.5,5.0,8.0,2.0,6.0,3.0,5.5,8.0,3.0,5.0,2.5,5.0,8.0,2.0,6.0,3.0,1.3,155.0,4.0,6.0,6.82507,2.0,2506.15,45.0,152.0,4.0,2.0,8.0,8.0
2556.15,2606.15,2506.15,100.0,50.0,52.5,60.0,45.0,15.0,7.5,138.5,152.0,125.0,27.0,13.5,6.0,8.0,4.0,4.0,2.0,4.5,7.0,2.0,5.0,2.5,6.0,8.0,4.0,4.0,2.0,5.5,8.0,3.0,5.0,2.5,1.3,155.0,4.0,6.0,6.82507,2.0,2506.15,45.0,152.0,4.0,2.0,8.0,8.0
2160.15,2506.15,1814.15,692.0,346.0,28.0,45.0,11.0,34.0,17.0,150.0,152.0,148.0,4.0,2.0,3.5,4.0,3.0,1.0,0.5,1.5,2.0,1.0,1.0,0.5,8.5,9.0,8.0,1.0,0.5,8.5,9.0,8.0,1.0,0.5,1.3,155.0,4.0,6.0,6.82507,2.0,2506.15,45.0,152.0,4.0,2.0,8.0,8.0
1505.615,2506.15,505.08,2001.0700000000002,1000.5350000000001,67.5,90.0,45.0,45.0,22.5,146.0,152.0,140.0,12.0,6.0,4.0,4.0,4.0,0.0,0.0,6.0,10.0,2.0,8.0,4.0,6.0,8.0,4.0,4.0,2.0,4.0,8.0,0.0,8.0,4.0,1.3,155.0,4.0,6.0,6.82507,2.0,2506.15,45.0,152.0,4.0,2.0,8.0,8.0
2898.15,3290.15,2506.15,784.0,392.0,47.0,49.0,45.0,4.0,2.0,149.0,152.0,146.0,6.0,3.0,4.5,5.0,4.0,1.0,0.5,2.5,3.0,2.0,1.0,0.5,7.5,8.0,7.0,1.0,0.5,7.5,8.0,7.0,1.0,0.5,1.3,155.0,4.0,6.0,6.82507,2.0,2506.15,45.0,152.0,4.0,2.0,8.0,8.0
2468.15,2506.15,2430.15,76.0,38.0,50.5,56.0,45.0,11.0,5.5,140.0,152.0,128.0,24.0,12.0,5.5,7.0,4.0,3.0,1.5,3.5,5.0,2.0,3.0,1.5,6.5,8.0,5.0,3.0,1.5,6.5,8.0,5.0,3.0,1.5,1.3,155.0,4.0,6.0,6.82507,2.0,2506.15,45.0,152.0,4.0,2.0,8.0,8.0
2224.65,2506.15,1943.15,563.0,281.5,44.0,45.0,43.0,2.0,1.0,144.0,152.0,136.0,16.0,8.0,4.0,4.0,4.0,0.0,0.0,2.0,2.0,2.0,0.0,0.0,8.0,8.0,8.0,0.0,0.0,8.0,8.0,8.0,0.0,0.0,1.3,155.0,4.0,6.0,6.82507,2.0,2506.15,45.0,152.0,4.0,2.0,8.0,8.0
1541.65,2506.15,577.15,1929.0,964.5000000000001,65.0,85.0,45.0,40.0,20.0,148.0,152.0,144.0,8.0,4.0,3.5,4.0,3.0,1.0,0.5,6.0,10.0,2.0,8.0,4.0,6.5,8.0,5.0,3.0,1.5,4.0,8.0,0.0,8.0,4.0,1.3,155.0,4.0,6.0,6.82507,2.0,2506.15,45.0,152.0,4.0,2.0,8.0,8.0
2344.65,2506.15,2183.15,323.0,161.5,46.0,47.0,45.0,2.0,1.0,143.0,152.0,134.0,18.0,9.0,4.5,5.0,4.0,1.0,0.5,2.5,3.0,2.0,1.0,0.5,7.5,8.0,7.0,1.0,0.5,7.5,8.0,7.0,1.0,0.5,1.3,155.0,4.0,6.0,6.82507,2.0,2506.15,45.0,152.0,4.0,2.0,8.0,8.0
3096.65,3687.15,2506.15,1181.0,590.5,49.0,53.0,45.0,8.0,4.0,144.5,152.0,137.0,15.0,7.5,5.0,6.0,4.0,2.0,1.0,3.0,4.0,2.0,2.0,1.0,7.0,8.0,6.0,2.0,1.0,7.0,8.0,6.0,2.0,1.0,1.3,155.0,4.0,6.0,6.82507,2.0,2506.15,45.0,152.0,4.0,2.0,8.0,8.0
2150.65,2506.15,1795.15,711.0,355.5,28.5,45.0,12.0,33.0,16.5,157.5,163.0,152.0,11.0,5.5,3.5,4.0,3.0,1.0,0.5,1.5,2.0,1.0,1.0,0.5,8.5,9.0,8.0,1.0,0.5,8.5,9.0,8.0,1.0,0.5,1.3,155.0,4.0,6.0,6.82507,2.0,2506.15,45.0,152.0,4.0,2.0,8.0,8.0
1599.4135,2506.15,692.6769999999999,1813.4730000000002,906.7365000000001,61.0,77.0,45.0,32.0,16.0,135.0,152.0,118.0,34.0,17.0,8.0,12.0,4.0,8.0,4.0,6.0,10.0,2.0,8.0,4.0,4.0,8.0,0.0,8.0,4.0,4.0,8.0,0.0,8.0,4.0,1.3,155.0,4.0,6.0,6.82507,2.0,2506.15,45.0,152.0,4.0,2.0,8.0,8.0
2316.65,2506.15,2127.15,379.0,189.5,44.5,45.0,44.0,1.0,0.5,153.0,154.0,152.0,2.0,1.0,4.0,4.0,4.0,0.0,0.0,2.0,2.0,2.0,0.0,0.0,8.0,8.0,8.0,0.0,0.0,8.0,8.0,8.0,0.0,0.0,1.3,155.0,4.0,6.0,6.82507,2.0,2506.15,45.0,152.0,4.0,2.0,8.0,8.0
332.03475,429.7485,234.32099999999997,195.4275,97.71375,81.5,84.0,79.0,5.0,2.5,137.5,142.0,133.0,9.0,4.5,7.5,12.0,3.0,9.0,4.5,10.0,10.0,10.0,0.0,0.0,2.5,5.0,0.0,5.0,2.5,0.0,0.0,0.0,0.0,0.0,1.9,150.0,12.0,6.0,10.437504,10.0,234.32099999999997,79.0,133.0,12.0,10.0,0.0,0.0
713.7355,1193.15,234.32099999999997,958.8290000000002,479.41450000000003,46.0,79.0,13.0,66.0,33.0,156.5,180.0,133.0,47.0,23.5,7.5,12.0,3.0,9.0,4.5,5.5,10.0,1.0,9.0,4.5,4.5,9.0,0.0,9.0,4.5,4.5,9.0,0.0,9.0,4.5,1.9,150.0,12.0,6.0,10.437504,10.0,234.32099999999997,79.0,133.0,12.0,10.0,0.0,0.0
876.7355,1519.15,234.32099999999997,1284.8290000000002,642.4145000000001,67.0,79.0,55.0,24.0,12.0,126.0,133.0,119.0,14.0,7.0,9.5,12.0,7.0,5.0,2.5,7.5,10.0,5.0,5.0,2.5,2.5,5.0,0.0,5.0,2.5,2.5,5.0,0.0,5.0,2.5,1.9,150.0,12.0,6.0,10.437504,10.0,234.32099999999997,79.0,133.0,12.0,10.0,0.0,0.0
1564.7355,2895.15,234.32099999999997,2660.829,1330.4145,65.5,79.0,52.0,27.0,13.5,135.5,138.0,133.0,5.0,2.5,9.0,12.0,6.0,6.0,3.0,7.5,10.0,5.0,5.0,2.5,3.0,6.0,0.0,6.0,3.0,2.5,5.0,0.0,5.0,2.5,1.9,150.0,12.0,6.0,10.437504,10.0,234.32099999999997,79.0,133.0,12.0,10.0,0.0,0.0
1492.2355,2750.15,234.32099999999997,2515.829,1257.9145,63.5,79.0,48.0,31.0,15.5,140.0,147.0,133.0,14.0,7.0,8.5,12.0,5.0,7.0,3.5,7.0,10.0,4.0,6.0,3.0,3.5,7.0,0.0,7.0,3.5,3.0,6.0,0.0,6.0,3.0,1.9,150.0,12.0,6.0,10.437504,10.0,234.32099999999997,79.0,133.0,12.0,10.0,0.0,0.0
981.2355,1728.15,234.32099999999997,1493.8290000000002,746.9145000000001,73.0,79.0,67.0,12.0,6.0,121.5,133.0,110.00000000000001,22.999999999999986,11.499999999999993,11.0,12.0,10.0,2.0,1.0,9.0,10.0,8.0,2.0,1.0,1.0,2.0,0.0,2.0,1.0,1.0,2.0,0.0,2.0,1.0,1.9,150.0,12.0,6.0,10.437504,10.0,234.32099999999997,79.0,133.0,12.0,10.0,0.0,0.0
417.4665,600.612,234.32099999999997,366.291,183.14550000000003,85.0,91.0,79.0,12.0,6.0,138.5,144.0,133.0,11.0,5.5,8.0,12.0,4.0,8.0,4.0,10.0,10.0,10.0,0.0,0.0,2.0,4.0,0.0,4.0,2.0,0.0,0.0,0.0,0.0,0.0,1.9,150.0,12.0,6.0,10.437504,10.0,234.32099999999997,79.0,133.0,12.0,10.0,0.0,0.0
1031.1354999999999,1827.9499999999998,234.32099999999997,1593.629,796.8145,73.5,79.0,68.0,11.0,5.5,126.5,133.0,120.0,13.0,6.5,11.0,12.0,10.0,2.0,1.0,10.0,10.0,10.0,0.0,0.0,0.0,0.0,0.0,0.0,0.0,0.0,0.0,0.0,0.0,0.0,1.9,150.0,12.0,6.0,10.437504,10.0,234.32099999999997,79.0,133.0,12.0,10.0,0.0,0.0
1137.8355,2041.35,234.32099999999997,1807.029,903.5145,74.0,79.0,69.0,10.0,5.0,128.0,133.0,123.0,10.0,5.0,11.0,12.0,10.0,2.0,1.0,9.5,10.0,9.0,1.0,0.5,1.0,2.0,0.0,2.0,1.0,0.5,1.0,0.0,1.0,0.5,1.9,150.0,12.0,6.0,10.437504,10.0,234.32099999999997,79.0,133.0,12.0,10.0,0.0,0.0
1235.2355,2236.15,234.32099999999997,2001.8290000000002,1000.9145000000001,71.5,79.0,64.0,15.0,7.5,129.0,133.0,125.0,8.0,4.0,10.5,12.0,9.0,3.0,1.5,9.0,10.0,8.0,2.0,1.0,1.5,3.0,0.0,3.0,1.5,1.0,2.0,0.0,2.0,1.0,1.9,150.0,12.0,6.0,10.437504,10.0,234.32099999999997,79.0,133.0,12.0,10.0,0.0,0.0
1024.2355,1814.15,234.32099999999997,1579.8290000000002,789.9145000000001,45.0,79.0,11.0,68.0,34.0,140.5,148.0,133.0,15.0,7.5,7.5,12.0,3.0,9.0,4.5,5.5,10.0,1.0,9.0,4.5,4.5,9.0,0.0,9.0,4.5,4.5,9.0,0.0,9.0,4.5,1.9,150.0,12.0,6.0,10.437504,10.0,234.32099999999997,79.0,133.0,12.0,10.0,0.0,0.0
1762.2355,3290.15,234.32099999999997,3055.829,1527.9145,64.0,79.0,49.0,30.0,15.0,139.5,146.0,133.0,13.0,6.5,8.5,12.0,5.0,7.0,3.5,6.5,10.0,3.0,7.0,3.5,3.5,7.0,0.0,7.0,3.5,3.5,7.0,0.0,7.0,3.5,1.9,150.0,12.0,6.0,10.437504,10.0,234.32099999999997,79.0,133.0,12.0,10.0,0.0,0.0
1088.7355,1943.15,234.32099999999997,1708.8290000000002,854.4145000000001,61.0,79.0,43.0,36.0,18.0,134.5,136.0,133.0,3.0,1.5,8.0,12.0,4.0,8.0,4.0,6.0,10.0,2.0,8.0,4.0,4.0,8.0,0.0,8.0,4.0,4.0,8.0,0.0,8.0,4.0,1.9,150.0,12.0,6.0,10.437504,10.0,234.32099999999997,79.0,133.0,12.0,10.0,0.0,0.0
405.7355,577.15,234.32099999999997,342.829,171.4145,82.0,85.0,79.0,6.0,3.0,138.5,144.0,133.0,11.0,5.5,7.5,12.0,3.0,9.0,4.5,10.0,10.0,10.0,0.0,0.0,2.5,5.0,0.0,5.0,2.5,0.0,0.0,0.0,0.0,0.0,1.9,150.0,12.0,6.0,10.437504,10.0,234.32099999999997,79.0,133.0,12.0,10.0,0.0,0.0
1014.7355,1795.15,234.32099999999997,1560.8290000000002,780.4145000000001,45.5,79.0,12.0,67.0,33.5,148.0,163.0,133.0,30.0,15.0,7.5,12.0,3.0,9.0,4.5,5.5,10.0,1.0,9.0,4.5,4.5,9.0,0.0,9.0,4.5,4.5,9.0,0.0,9.0,4.5,1.9,150.0,12.0,6.0,10.437504,10.0,234.32099999999997,79.0,133.0,12.0,10.0,0.0,0.0
1180.7355,2127.15,234.32099999999997,1892.8290000000002,946.4145000000001,61.5,79.0,44.0,35.0,17.5,143.5,154.0,133.0,21.0,10.5,8.0,12.0,4.0,8.0,4.0,6.0,10.0,2.0,8.0,4.0,4.0,8.0,0.0,8.0,4.0,4.0,8.0,0.0,8.0,4.0,1.9,150.0,12.0,6.0,10.437504,10.0,234.32099999999997,79.0,133.0,12.0,10.0,0.0,0.0
1574.4492500000001,2719.15,429.7485,2289.4015,1144.7007500000002,74.5,84.0,65.0,19.0,9.5,132.0,142.0,122.0,20.0,10.0,6.0,9.0,3.0,6.0,3.0,8.5,10.0,7.0,3.0,1.5,4.0,5.0,3.0,2.0,1.0,1.5,3.0,0.0,3.0,1.5,1.78,155.0,13.0,5.0,5.7863558,10.0,429.7485,84.0,142.0,3.0,10.0,5.0,0.0
811.44925,1193.15,429.7485,763.4015000000002,381.7007500000001,48.5,84.0,13.0,71.0,35.5,161.0,180.0,142.0,38.0,19.0,3.0,3.0,3.0,0.0,0.0,5.5,10.0,1.0,9.0,4.5,7.0,9.0,5.0,4.0,2.0,4.5,9.0,0.0,9.0,4.5,1.78,155.0,13.0,5.0,5.7863558,10.0,429.7485,84.0,142.0,3.0,10.0,5.0,0.0
974.44925,1519.15,429.7485,1089.4015000000002,544.7007500000001,69.5,84.0,55.0,29.0,14.5,130.5,142.0,119.0,23.0,11.5,5.0,7.0,3.0,4.0,2.0,7.5,10.0,5.0,5.0,2.5,5.0,5.0,5.0,0.0,0.0,2.5,5.0,0.0,5.0,2.5,1.78,155.0,13.0,5.0,5.7863558,10.0,429.7485,84.0,142.0,3.0,10.0,5.0,0.0
1662.4492500000001,2895.15,429.7485,2465.4015,1232.7007500000002,68.0,84.0,52.0,32.0,16.0,140.0,142.0,138.0,4.0,2.0,4.5,6.0,3.0,3.0,1.5,7.5,10.0,5.0,5.0,2.5,5.5,6.0,5.0,1.0,0.5,2.5,5.0,0.0,5.0,2.5,1.78,155.0,13.0,5.0,5.7863558,10.0,429.7485,84.0,142.0,3.0,10.0,5.0,0.0
1589.9492500000001,2750.15,429.7485,2320.4015,1160.2007500000002,66.0,84.0,48.0,36.0,18.0,144.5,147.0,142.0,5.0,2.5,4.0,5.0,3.0,2.0,1.0,7.0,10.0,4.0,6.0,3.0,6.0,7.0,5.0,2.0,1.0,3.0,6.0,0.0,6.0,3.0,1.78,155.0,13.0,5.0,5.7863558,10.0,429.7485,84.0,142.0,3.0,10.0,5.0,0.0
1078.9492500000001,1728.15,429.7485,1298.4015000000002,649.2007500000001,75.5,84.0,67.0,17.0,8.5,126.0,142.0,110.00000000000001,31.999999999999986,15.999999999999993,6.5,10.0,3.0,7.0,3.5,9.0,10.0,8.0,2.0,1.0,3.5,5.0,2.0,3.0,1.5,1.0,2.0,0.0,2.0,1.0,1.78,155.0,13.0,5.0,5.7863558,10.0,429.7485,84.0,142.0,3.0,10.0,5.0,0.0
1867.9492500000001,3306.15,429.7485,2876.4015,1438.2007500000002,72.5,84.0,61.0,23.0,11.5,135.5,142.0,129.0,13.0,6.5,5.5,8.0,3.0,5.0,2.5,8.0,10.0,6.0,4.0,2.0,4.5,5.0,4.0,1.0,0.5,2.0,4.0,0.0,4.0,2.0,1.78,155.0,13.0,5.0,5.7863558,10.0,429.7485,84.0,142.0,3.0,10.0,5.0,0.0
515.18025,600.612,429.7485,170.8635,85.43175,87.5,91.0,84.0,7.0,3.5,143.0,144.0,142.0,2.0,1.0,3.5,4.0,3.0,1.0,0.5,10.0,10.0,10.0,0.0,0.0,4.5,5.0,4.0,1.0,0.5,0.0,0.0,0.0,0.0,0.0,1.78,155.0,13.0,5.0,5.7863558,10.0,429.7485,84.0,142.0,3.0,10.0,5.0,0.0
1128.84925,1827.9499999999998,429.7485,1398.2015,699.10075,76.0,84.0,68.0,16.0,8.0,131.0,142.0,120.0,22.0,11.0,6.5,10.0,3.0,7.0,3.5,10.0,10.0,10.0,0.0,0.0,2.5,5.0,0.0,5.0,2.5,0.0,0.0,0.0,0.0,0.0,1.78,155.0,13.0,5.0,5.7863558,10.0,429.7485,84.0,142.0,3.0,10.0,5.0,0.0
1235.54925,2041.35,429.7485,1611.6015,805.80075,76.5,84.0,69.0,15.0,7.5,132.5,142.0,123.0,19.0,9.5,6.5,10.0,3.0,7.0,3.5,9.5,10.0,9.0,1.0,0.5,3.5,5.0,2.0,3.0,1.5,0.5,1.0,0.0,1.0,0.5,1.78,155.0,13.0,5.0,5.7863558,10.0,429.7485,84.0,142.0,3.0,10.0,5.0,0.0
1332.9492500000001,2236.15,429.7485,1806.4015000000002,903.2007500000001,74.0,84.0,64.0,20.0,10.0,133.5,142.0,125.0,17.0,8.5,6.0,9.0,3.0,6.0,3.0,9.0,10.0,8.0,2.0,1.0,4.0,5.0,3.0,2.0,1.0,1.0,2.0,0.0,2.0,1.0,1.78,155.0,13.0,5.0,5.7863558,10.0,429.7485,84.0,142.0,3.0,10.0,5.0,0.0
1517.9492500000001,2606.15,429.7485,2176.4015,1088.20075,72.0,84.0,60.0,24.0,12.0,133.5,142.0,125.0,17.0,8.5,5.5,8.0,3.0,5.0,2.5,8.5,10.0,7.0,3.0,1.5,4.5,5.0,4.0,1.0,0.5,1.5,3.0,0.0,3.0,1.5,1.78,155.0,13.0,5.0,5.7863558,10.0,429.7485,84.0,142.0,3.0,10.0,5.0,0.0
1121.9492500000001,1814.15,429.7485,1384.4015000000002,692.2007500000001,47.5,84.0,11.0,73.0,36.5,145.0,148.0,142.0,6.0,3.0,3.0,3.0,3.0,0.0,0.0,5.5,10.0,1.0,9.0,4.5,7.0,9.0,5.0,4.0,2.0,4.5,9.0,0.0,9.0,4.5,1.78,155.0,13.0,5.0,5.7863558,10.0,429.7485,84.0,142.0,3.0,10.0,5.0,0.0
467.41425,505.08,429.7485,75.3315,37.66575,87.0,90.0,84.0,6.0,3.0,141.0,142.0,140.0,2.0,1.0,3.5,4.0,3.0,1.0,0.5,10.0,10.0,10.0,0.0,0.0,4.5,5.0,4.0,1.0,0.5,0.0,0.0,0.0,0.0,0.0,1.78,155.0,13.0,5.0,5.7863558,10.0,429.7485,84.0,142.0,3.0,10.0,5.0,0.0
1859.9492500000001,3290.15,429.7485,2860.4015,1430.2007500000002,66.5,84.0,49.0,35.0,17.5,144.0,146.0,142.0,4.0,2.0,4.0,5.0,3.0,2.0,1.0,6.5,10.0,3.0,7.0,3.5,6.0,7.0,5.0,2.0,1.0,3.5,7.0,0.0,7.0,3.5,1.78,155.0,13.0,5.0,5.7863558,10.0,429.7485,84.0,142.0,3.0,10.0,5.0,0.0
1429.9492500000001,2430.15,429.7485,2000.4015000000002,1000.2007500000001,70.0,84.0,56.0,28.0,14.0,135.0,142.0,128.0,14.0,7.0,5.0,7.0,3.0,4.0,2.0,7.5,10.0,5.0,5.0,2.5,5.0,5.0,5.0,0.0,0.0,2.5,5.0,0.0,5.0,2.5,1.78,155.0,13.0,5.0,5.7863558,10.0,429.7485,84.0,142.0,3.0,10.0,5.0,0.0
1186.4492500000001,1943.15,429.7485,1513.4015000000002,756.7007500000001,63.5,84.0,43.0,41.0,20.5,139.0,142.0,136.0,6.0,3.0,3.5,4.0,3.0,1.0,0.5,6.0,10.0,2.0,8.0,4.0,6.5,8.0,5.0,3.0,1.5,4.0,8.0,0.0,8.0,4.0,1.78,155.0,13.0,5.0,5.7863558,10.0,429.7485,84.0,142.0,3.0,10.0,5.0,0.0
503.44925,577.15,429.7485,147.4015,73.70075,84.5,85.0,84.0,1.0,0.5,143.0,144.0,142.0,2.0,1.0,3.0,3.0,3.0,0.0,0.0,10.0,10.0,10.0,0.0,0.0,5.0,5.0,5.0,0.0,0.0,0.0,0.0,0.0,0.0,0.0,1.78,155.0,13.0,5.0,5.7863558,10.0,429.7485,84.0,142.0,3.0,10.0,5.0,0.0
1306.4492500000001,2183.15,429.7485,1753.4015000000002,876.7007500000001,65.5,84.0,47.0,37.0,18.5,138.0,142.0,134.0,8.0,4.0,4.0,5.0,3.0,2.0,1.0,6.5,10.0,3.0,7.0,3.5,6.0,7.0,5.0,2.0,1.0,3.5,7.0,0.0,7.0,3.5,1.78,155.0,13.0,5.0,5.7863558,10.0,429.7485,84.0,142.0,3.0,10.0,5.0,0.0
2058.44925,3687.15,429.7485,3257.4015,1628.7007500000002,68.5,84.0,53.0,31.0,15.5,139.5,142.0,137.0,5.0,2.5,4.5,6.0,3.0,3.0,1.5,7.0,10.0,4.0,6.0,3.0,5.5,6.0,5.0,1.0,0.5,3.0,6.0,0.0,6.0,3.0,1.78,155.0,13.0,5.0,5.7863558,10.0,429.7485,84.0,142.0,3.0,10.0,5.0,0.0
1112.4492500000001,1795.15,429.7485,1365.4015000000002,682.7007500000001,48.0,84.0,12.0,72.0,36.0,152.5,163.0,142.0,21.0,10.5,3.0,3.0,3.0,0.0,0.0,5.5,10.0,1.0,9.0,4.5,7.0,9.0,5.0,4.0,2.0,4.5,9.0,0.0,9.0,4.5,1.78,155.0,13.0,5.0,5.7863558,10.0,429.7485,84.0,142.0,3.0,10.0,5.0,0.0
561.2127499999999,692.6769999999999,429.7485,262.92849999999993,131.46424999999996,80.5,84.0,77.0,7.0,3.5,130.0,142.0,118.0,24.0,12.0,7.5,12.0,3.0,9.0,4.5,10.0,10.0,10.0,0.0,0.0,2.5,5.0,0.0,5.0,2.5,0.0,0.0,0.0,0.0,0.0,1.78,155.0,13.0,5.0,5.7863558,10.0,429.7485,84.0,142.0,3.0,10.0,5.0,0.0
1278.4492500000001,2127.15,429.7485,1697.4015000000002,848.7007500000001,64.0,84.0,44.0,40.0,20.0,148.0,154.0,142.0,12.0,6.0,3.5,4.0,3.0,1.0,0.5,6.0,10.0,2.0,8.0,4.0,6.5,8.0,5.0,3.0,1.5,4.0,8.0,0.0,8.0,4.0,1.78,155.0,13.0,5.0,5.7863558,10.0,429.7485,84.0,142.0,3.0,10.0,5.0,0.0
1956.15,2719.15,1193.15,1526.0,763.0,39.0,65.0,13.0,52.0,26.0,151.0,180.0,122.0,58.0,29.0,6.0,9.0,3.0,6.0,3.0,4.0,7.0,1.0,6.0,3.0,6.0,9.0,3.0,6.0,3.0,6.0,9.0,3.0,6.0,3.0,2.2,135.0,9.0,6.0,8.96702,7.0,2719.15,65.0,122.0,9.0,7.0,3.0,3.0
2119.15,2719.15,1519.15,1200.0,600.0,60.0,65.0,55.0,10.0,5.0,120.5,122.0,119.0,3.0,1.5,8.0,9.0,7.0,2.0,1.0,6.0,7.0,5.0,2.0,1.0,4.0,5.0,3.0,2.0,1.0,4.0,5.0,3.0,2.0,1.0,2.2,135.0,9.0,6.0,8.96702,7.0,2719.15,65.0,122.0,9.0,7.0,3.0,3.0
2807.15,2895.15,2719.15,176.0,88.0,58.5,65.0,52.0,13.0,6.5,130.0,138.0,122.0,16.0,8.0,7.5,9.0,6.0,3.0,1.5,6.0,7.0,5.0,2.0,1.0,4.5,6.0,3.0,3.0,1.5,4.0,5.0,3.0,2.0,1.0,2.2,135.0,9.0,6.0,8.96702,7.0,2719.15,65.0,122.0,9.0,7.0,3.0,3.0
2734.65,2750.15,2719.15,31.0,15.5,56.5,65.0,48.0,17.0,8.5,134.5,147.0,122.0,25.0,12.5,7.0,9.0,5.0,4.0,2.0,5.5,7.0,4.0,3.0,1.5,5.0,7.0,3.0,4.0,2.0,4.5,6.0,3.0,3.0,1.5,2.2,135.0,9.0,6.0,8.96702,7.0,2719.15,65.0,122.0,9.0,7.0,3.0,3.0
2223.65,2719.15,1728.15,991.0,495.5,66.0,67.0,65.0,2.0,1.0,116.0,122.0,110.00000000000001,11.999999999999986,5.999999999999993,9.5,10.0,9.0,1.0,0.5,7.5,8.0,7.0,1.0,0.5,2.5,3.0,2.0,1.0,0.5,2.5,3.0,2.0,1.0,0.5,2.2,135.0,9.0,6.0,8.96702,7.0,2719.15,65.0,122.0,9.0,7.0,3.0,3.0
3012.65,3306.15,2719.15,587.0,293.5,63.0,65.0,61.0,4.0,2.0,125.5,129.0,122.0,7.0,3.5,8.5,9.0,8.0,1.0,0.5,6.5,7.0,6.0,1.0,0.5,3.5,4.0,3.0,1.0,0.5,3.5,4.0,3.0,1.0,0.5,2.2,135.0,9.0,6.0,8.96702,7.0,2719.15,65.0,122.0,9.0,7.0,3.0,3.0
1659.881,2719.15,600.612,2118.538,1059.269,78.0,91.0,65.0,26.0,13.0,133.0,144.0,122.0,22.0,11.0,6.5,9.0,4.0,5.0,2.5,8.5,10.0,7.0,3.0,1.5,3.5,4.0,3.0,1.0,0.5,1.5,3.0,0.0,3.0,1.5,2.2,135.0,9.0,6.0,8.96702,7.0,2719.15,65.0,122.0,9.0,7.0,3.0,3.0
2273.55,2719.15,1827.9499999999998,891.2000000000003,445.60000000000014,66.5,68.0,65.0,3.0,1.5,121.0,122.0,120.0,2.0,1.0,9.5,10.0,9.0,1.0,0.5,8.5,10.0,7.0,3.0,1.5,1.5,3.0,0.0,3.0,1.5,1.5,3.0,0.0,3.0,1.5,2.2,135.0,9.0,6.0,8.96702,7.0,2719.15,65.0,122.0,9.0,7.0,3.0,3.0
2380.25,2719.15,2041.35,677.8000000000002,338.9000000000001,67.0,69.0,65.0,4.0,2.0,122.5,123.0,122.0,1.0,0.5,9.5,10.0,9.0,1.0,0.5,8.0,9.0,7.0,2.0,1.0,2.5,3.0,2.0,1.0,0.5,2.0,3.0,1.0,2.0,1.0,2.2,135.0,9.0,6.0,8.96702,7.0,2719.15,65.0,122.0,9.0,7.0,3.0,3.0
3088.65,3458.15,2719.15,739.0,369.5,61.0,65.0,57.0,8.0,4.0,126.5,131.0,122.0,9.0,4.5,8.0,9.0,7.0,2.0,1.0,6.0,7.0,5.0,2.0,1.0,4.0,5.0,3.0,2.0,1.0,4.0,5.0,3.0,2.0,1.0,2.2,135.0,9.0,6.0,8.96702,7.0,2719.15,65.0,122.0,9.0,7.0,3.0,3.0
2477.65,2719.15,2236.15,483.0,241.5,64.5,65.0,64.0,1.0,0.5,123.5,125.0,122.0,3.0,1.5,9.0,9.0,9.0,0.0,0.0,7.5,8.0,7.0,1.0,0.5,3.0,3.0,3.0,0.0,0.0,2.5,3.0,2.0,1.0,0.5,2.2,135.0,9.0,6.0,8.96702,7.0,2719.15,65.0,122.0,9.0,7.0,3.0,3.0
2662.65,2719.15,2606.15,113.0,56.5,62.5,65.0,60.0,5.0,2.5,123.5,125.0,122.0,3.0,1.5,8.5,9.0,8.0,1.0,0.5,7.0,7.0,7.0,0.0,0.0,3.5,4.0,3.0,1.0,0.5,3.0,3.0,3.0,0.0,0.0,2.2,135.0,9.0,6.0,8.96702,7.0,2719.15,65.0,122.0,9.0,7.0,3.0,3.0
2266.65,2719.15,1814.15,905.0,452.5,38.0,65.0,11.0,54.0,27.0,135.0,148.0,122.0,26.0,13.0,6.0,9.0,3.0,6.0,3.0,4.0,7.0,1.0,6.0,3.0,6.0,9.0,3.0,6.0,3.0,6.0,9.0,3.0,6.0,3.0,2.2,135.0,9.0,6.0,8.96702,7.0,2719.15,65.0,122.0,9.0,7.0,3.0,3.0
1612.115,2719.15,505.08,2214.07,1107.035,77.5,90.0,65.0,25.0,12.5,131.0,140.0,122.0,18.0,9.0,6.5,9.0,4.0,5.0,2.5,8.5,10.0,7.0,3.0,1.5,3.5,4.0,3.0,1.0,0.5,1.5,3.0,0.0,3.0,1.5,2.2,135.0,9.0,6.0,8.96702,7.0,2719.15,65.0,122.0,9.0,7.0,3.0,3.0
3004.65,3290.15,2719.15,571.0,285.5,57.0,65.0,49.0,16.0,8.0,134.0,146.0,122.0,24.0,12.0,7.0,9.0,5.0,4.0,2.0,5.0,7.0,3.0,4.0,2.0,5.0,7.0,3.0,4.0,2.0,5.0,7.0,3.0,4.0,2.0,2.2,135.0,9.0,6.0,8.96702,7.0,2719.15,65.0,122.0,9.0,7.0,3.0,3.0
2574.65,2719.15,2430.15,289.0,144.5,60.5,65.0,56.0,9.0,4.5,125.0,128.0,122.0,6.0,3.0,8.0,9.0,7.0,2.0,1.0,6.0,7.0,5.0,2.0,1.0,4.0,5.0,3.0,2.0,1.0,4.0,5.0,3.0,2.0,1.0,2.2,135.0,9.0,6.0,8.96702,7.0,2719.15,65.0,122.0,9.0,7.0,3.0,3.0
2331.15,2719.15,1943.15,776.0,388.0,54.0,65.0,43.0,22.0,11.0,129.0,136.0,122.0,14.0,7.0,6.5,9.0,4.0,5.0,2.5,4.5,7.0,2.0,5.0,2.5,5.5,8.0,3.0,5.0,2.5,5.5,8.0,3.0,5.0,2.5,2.2,135.0,9.0,6.0,8.96702,7.0,2719.15,65.0,122.0,9.0,7.0,3.0,3.0
1648.15,2719.15,577.15,2142.0,1071.0,75.0,85.0,65.0,20.0,10.0,133.0,144.0,122.0,22.0,11.0,6.0,9.0,3.0,6.0,3.0,8.5,10.0,7.0,3.0,1.5,4.0,5.0,3.0,2.0,1.0,1.5,3.0,0.0,3.0,1.5,2.2,135.0,9.0,6.0,8.96702,7.0,2719.15,65.0,122.0,9.0,7.0,3.0,3.0
2451.15,2719.15,2183.15,536.0,268.0,56.0,65.0,47.0,18.0,9.0,128.0,134.0,122.0,12.0,6.0,7.0,9.0,5.0,4.0,2.0,5.0,7.0,3.0,4.0,2.0,5.0,7.0,3.0,4.0,2.0,5.0,7.0,3.0,4.0,2.0,2.2,135.0,9.0,6.0,8.96702,7.0,2719.15,65.0,122.0,9.0,7.0,3.0,3.0
3203.15,3687.15,2719.15,968.0,484.0,59.0,65.0,53.0,12.0,6.0,129.5,137.0,122.0,15.0,7.5,7.5,9.0,6.0,3.0,1.5,5.5,7.0,4.0,3.0,1.5,4.5,6.0,3.0,3.0,1.5,4.5,6.0,3.0,3.0,1.5,2.2,135.0,9.0,6.0,8.96702,7.0,2719.15,65.0,122.0,9.0,7.0,3.0,3.0
2257.15,2719.15,1795.15,924.0,462.0,38.5,65.0,12.0,53.0,26.5,142.5,163.0,122.0,41.0,20.5,6.0,9.0,3.0,6.0,3.0,4.0,7.0,1.0,6.0,3.0,6.0,9.0,3.0,6.0,3.0,6.0,9.0,3.0,6.0,3.0,2.2,135.0,9.0,6.0,8.96702,7.0,2719.15,65.0,122.0,9.0,7.0,3.0,3.0
1705.9135,2719.15,692.6769999999999,2026.4730000000002,1013.2365000000001,71.0,77.0,65.0,12.0,6.0,120.0,122.0,118.0,4.0,2.0,10.5,12.0,9.0,3.0,1.5,8.5,10.0,7.0,3.0,1.5,1.5,3.0,0.0,3.0,1.5,1.5,3.0,0.0,3.0,1.5,2.2,135.0,9.0,6.0,8.96702,7.0,2719.15,65.0,122.0,9.0,7.0,3.0,3.0
2423.15,2719.15,2127.15,592.0,296.0,54.5,65.0,44.0,21.0,10.5,138.0,154.0,122.0,32.0,16.0,6.5,9.0,4.0,5.0,2.5,4.5,7.0,2.0,5.0,2.5,5.5,8.0,3.0,5.0,2.5,5.5,8.0,3.0,5.0,2.5,2.2,135.0,9.0,6.0,8.96702,7.0,2719.15,65.0,122.0,9.0,7.0,3.0,3.0
1356.15,1519.15,1193.15,326.0,163.0,34.0,55.0,13.0,42.0,21.0,149.5,180.0,119.0,61.0,30.5,5.0,7.0,3.0,4.0,2.0,3.0,5.0,1.0,4.0,2.0,7.0,9.0,5.0,4.0,2.0,7.0,9.0,5.0,4.0,2.0,1.1,195.0,3.0,6.0,5.5769,1.0,1193.15,13.0,180.0,3.0,1.0,9.0,9.0
2044.15,2895.15,1193.15,1702.0,851.0,32.5,52.0,13.0,39.0,19.5,159.0,180.0,138.0,42.0,21.0,4.5,6.0,3.0,3.0,1.5,3.0,5.0,1.0,4.0,2.0,7.5,9.0,6.0,3.0,1.5,7.0,9.0,5.0,4.0,2.0,1.1,195.0,3.0,6.0,5.5769,1.0,1193.15,13.0,180.0,3.0,1.0,9.0,9.0
1971.65,2750.15,1193.15,1557.0,778.5,30.5,48.0,13.0,35.0,17.5,163.5,180.0,147.0,33.0,16.5,4.0,5.0,3.0,2.0,1.0,2.5,4.0,1.0,3.0,1.5,8.0,9.0,7.0,2.0,1.0,7.5,9.0,6.0,3.0,1.5,1.1,195.0,3.0,6.0,5.5769,1.0,1193.15,13.0,180.0,3.0,1.0,9.0,9.0
1460.65,1728.15,1193.15,535.0,267.5,40.0,67.0,13.0,54.0,27.0,145.0,180.0,110.00000000000001,69.99999999999999,34.99999999999999,6.5,10.0,3.0,7.0,3.5,4.5,8.0,1.0,7.0,3.5,5.5,9.0,2.0,7.0,3.5,5.5,9.0,2.0,7.0,3.5,1.1,195.0,3.0,6.0,5.5769,1.0,1193.15,13.0,180.0,3.0,1.0,9.0,9.0
2249.65,3306.15,1193.15,2113.0,1056.5,37.0,61.0,13.0,48.0,24.0,154.5,180.0,129.0,51.0,25.5,5.5,8.0,3.0,5.0,2.5,3.5,6.0,1.0,5.0,2.5,6.5,9.0,4.0,5.0,2.5,6.5,9.0,4.0,5.0,2.5,1.1,195.0,3.0,6.0,5.5769,1.0,1193.15,13.0,180.0,3.0,1.0,9.0,9.0
896.8810000000001,1193.15,600.612,592.5380000000001,296.26900000000006,52.0,91.0,13.0,78.0,39.0,162.0,180.0,144.0,36.0,18.0,3.5,4.0,3.0,1.0,0.5,5.5,10.0,1.0,9.0,4.5,6.5,9.0,4.0,5.0,2.5,4.5,9.0,0.0,9.0,4.5,1.1,195.0,3.0,6.0,5.5769,1.0,1193.15,13.0,180.0,3.0,1.0,9.0,9.0
1510.55,1827.9499999999998,1193.15,634.7999999999997,317.39999999999986,40.5,68.0,13.0,55.0,27.5,150.0,180.0,120.0,60.0,30.0,6.5,10.0,3.0,7.0,3.5,5.5,10.0,1.0,9.0,4.5,4.5,9.0,0.0,9.0,4.5,4.5,9.0,0.0,9.0,4.5,1.1,195.0,3.0,6.0,5.5769,1.0,1193.15,13.0,180.0,3.0,1.0,9.0,9.0
1617.25,2041.35,1193.15,848.1999999999998,424.0999999999999,41.0,69.0,13.0,56.0,28.0,151.5,180.0,123.0,57.0,28.5,6.5,10.0,3.0,7.0,3.5,5.0,9.0,1.0,8.0,4.0,5.5,9.0,2.0,7.0,3.5,5.0,9.0,1.0,8.0,4.0,1.1,195.0,3.0,6.0,5.5769,1.0,1193.15,13.0,180.0,3.0,1.0,9.0,9.0
2325.65,3458.15,1193.15,2265.0,1132.5,35.0,57.0,13.0,44.0,22.0,155.5,180.0,131.0,49.0,24.5,5.0,7.0,3.0,4.0,2.0,3.0,5.0,1.0,4.0,2.0,7.0,9.0,5.0,4.0,2.0,7.0,9.0,5.0,4.0,2.0,1.1,195.0,3.0,6.0,5.5769,1.0,1193.15,13.0,180.0,3.0,1.0,9.0,9.0
1714.65,2236.15,1193.15,1043.0,521.5,38.5,64.0,13.0,51.0,25.5,152.5,180.0,125.0,55.0,27.5,6.0,9.0,3.0,6.0,3.0,4.5,8.0,1.0,7.0,3.5,6.0,9.0,3.0,6.0,3.0,5.5,9.0,2.0,7.0,3.5,1.1,195.0,3.0,6.0,5.5769,1.0,1193.15,13.0,180.0,3.0,1.0,9.0,9.0
1899.65,2606.15,1193.15,1413.0,706.5,36.5,60.0,13.0,47.0,23.5,152.5,180.0,125.0,55.0,27.5,5.5,8.0,3.0,5.0,2.5,4.0,7.0,1.0,6.0,3.0,6.5,9.0,4.0,5.0,2.5,6.0,9.0,3.0,6.0,3.0,1.1,195.0,3.0,6.0,5.5769,1.0,1193.15,13.0,180.0,3.0,1.0,9.0,9.0
1503.65,1814.15,1193.15,621.0,310.5,12.0,13.0,11.0,2.0,1.0,164.0,180.0,148.0,32.0,16.0,3.0,3.0,3.0,0.0,0.0,1.0,1.0,1.0,0.0,0.0,9.0,9.0,9.0,0.0,0.0,9.0,9.0,9.0,0.0,0.0,1.1,195.0,3.0,6.0,5.5769,1.0,1193.15,13.0,180.0,3.0,1.0,9.0,9.0
849.115,1193.15,505.08,688.0700000000002,344.035,51.5,90.0,13.0,77.0,38.5,160.0,180.0,140.0,40.0,20.0,3.5,4.0,3.0,1.0,0.5,5.5,10.0,1.0,9.0,4.5,6.5,9.0,4.0,5.0,2.5,4.5,9.0,0.0,9.0,4.5,1.1,195.0,3.0,6.0,5.5769,1.0,1193.15,13.0,180.0,3.0,1.0,9.0,9.0
2241.65,3290.15,1193.15,2097.0,1048.5,31.0,49.0,13.0,36.0,18.0,163.0,180.0,146.0,34.0,17.0,4.0,5.0,3.0,2.0,1.0,2.0,3.0,1.0,2.0,1.0,8.0,9.0,7.0,2.0,1.0,8.0,9.0,7.0,2.0,1.0,1.1,195.0,3.0,6.0,5.5769,1.0,1193.15,13.0,180.0,3.0,1.0,9.0,9.0
1811.65,2430.15,1193.15,1237.0,618.5,34.5,56.0,13.0,43.0,21.5,154.0,180.0,128.0,52.0,26.0,5.0,7.0,3.0,4.0,2.0,3.0,5.0,1.0,4.0,2.0,7.0,9.0,5.0,4.0,2.0,7.0,9.0,5.0,4.0,2.0,1.1,195.0,3.0,6.0,5.5769,1.0,1193.15,13.0,180.0,3.0,1.0,9.0,9.0
1568.15,1943.15,1193.15,750.0,375.0,28.0,43.0,13.0,30.0,15.0,158.0,180.0,136.0,44.0,22.0,3.5,4.0,3.0,1.0,0.5,1.5,2.0,1.0,1.0,0.5,8.5,9.0,8.0,1.0,0.5,8.5,9.0,8.0,1.0,0.5,1.1,195.0,3.0,6.0,5.5769,1.0,1193.15,13.0,180.0,3.0,1.0,9.0,9.0
885.1500000000001,1193.15,577.15,616.0000000000001,308.00000000000006,49.0,85.0,13.0,72.0,36.0,162.0,180.0,144.0,36.0,18.0,3.0,3.0,3.0,0.0,0.0,5.5,10.0,1.0,9.0,4.5,7.0,9.0,5.0,4.0,2.0,4.5,9.0,0.0,9.0,4.5,1.1,195.0,3.0,6.0,5.5769,1.0,1193.15,13.0,180.0,3.0,1.0,9.0,9.0
1688.15,2183.15,1193.15,990.0,495.0,30.0,47.0,13.0,34.0,17.0,157.0,180.0,134.0,46.0,23.0,4.0,5.0,3.0,2.0,1.0,2.0,3.0,1.0,2.0,1.0,8.0,9.0,7.0,2.0,1.0,8.0,9.0,7.0,2.0,1.0,1.1,195.0,3.0,6.0,5.5769,1.0,1193.15,13.0,180.0,3.0,1.0,9.0,9.0
2440.15,3687.15,1193.15,2494.0,1247.0,33.0,53.0,13.0,40.0,20.0,158.5,180.0,137.0,43.0,21.5,4.5,6.0,3.0,3.0,1.5,2.5,4.0,1.0,3.0,1.5,7.5,9.0,6.0,3.0,1.5,7.5,9.0,6.0,3.0,1.5,1.1,195.0,3.0,6.0,5.5769,1.0,1193.15,13.0,180.0,3.0,1.0,9.0,9.0
1494.15,1795.15,1193.15,602.0,301.0,12.5,13.0,12.0,1.0,0.5,171.5,180.0,163.0,17.0,8.5,3.0,3.0,3.0,0.0,0.0,1.0,1.0,1.0,0.0,0.0,9.0,9.0,9.0,0.0,0.0,9.0,9.0,9.0,0.0,0.0,1.1,195.0,3.0,6.0,5.5769,1.0,1193.15,13.0,180.0,3.0,1.0,9.0,9.0
942.9135,1193.15,692.6769999999999,500.4730000000002,250.2365000000001,45.0,77.0,13.0,64.0,32.0,149.0,180.0,118.0,62.0,31.0,7.5,12.0,3.0,9.0,4.5,5.5,10.0,1.0,9.0,4.5,4.5,9.0,0.0,9.0,4.5,4.5,9.0,0.0,9.0,4.5,1.1,195.0,3.0,6.0,5.5769,1.0,1193.15,13.0,180.0,3.0,1.0,9.0,9.0
1660.15,2127.15,1193.15,934.0,467.0,28.5,44.0,13.0,31.0,15.5,167.0,180.0,154.0,26.0,13.0,3.5,4.0,3.0,1.0,0.5,1.5,2.0,1.0,1.0,0.5,8.5,9.0,8.0,1.0,0.5,8.5,9.0,8.0,1.0,0.5,1.1,195.0,3.0,6.0,5.5769,1.0,1193.15,13.0,180.0,3.0,1.0,9.0,9.0
2207.15,2895.15,1519.15,1376.0,688.0,53.5,55.0,52.0,3.0,1.5,128.5,138.0,119.0,19.0,9.5,6.5,7.0,6.0,1.0,0.5,5.0,5.0,5.0,0.0,0.0,5.5,6.0,5.0,1.0,0.5,5.0,5.0,5.0,0.0,0.0,1.55,140.0,7.0,4.0,7.434038,5.0,1519.15,55.0,119.0,7.0,5.0,5.0,5.0
2134.65,2750.15,1519.15,1231.0,615.5,51.5,55.0,48.0,7.0,3.5,133.0,147.0,119.0,28.0,14.0,6.0,7.0,5.0,2.0,1.0,4.5,5.0,4.0,1.0,0.5,6.0,7.0,5.0,2.0,1.0,5.5,6.0,5.0,1.0,0.5,1.55,140.0,7.0,4.0,7.434038,5.0,1519.15,55.0,119.0,7.0,5.0,5.0,5.0
1059.881,1519.15,600.612,918.5380000000001,459.26900000000006,73.0,91.0,55.0,36.0,18.0,131.5,144.0,119.0,25.0,12.5,5.5,7.0,4.0,3.0,1.5,7.5,10.0,5.0,5.0,2.5,4.5,5.0,4.0,1.0,0.5,2.5,5.0,0.0,5.0,2.5,1.55,140.0,7.0,4.0,7.434038,5.0,1519.15,55.0,119.0,7.0,5.0,5.0,5.0
2488.65,3458.15,1519.15,1939.0,969.5,56.0,57.0,55.0,2.0,1.0,125.0,131.0,119.0,12.0,6.0,7.0,7.0,7.0,0.0,0.0,5.0,5.0,5.0,0.0,0.0,5.0,5.0,5.0,0.0,0.0,5.0,5.0,5.0,0.0,0.0,1.55,140.0,7.0,4.0,7.434038,5.0,1519.15,55.0,119.0,7.0,5.0,5.0,5.0
1877.65,2236.15,1519.15,717.0,358.5,59.5,64.0,55.0,9.0,4.5,122.0,125.0,119.0,6.0,3.0,8.0,9.0,7.0,2.0,1.0,6.5,8.0,5.0,3.0,1.5,4.0,5.0,3.0,2.0,1.0,3.5,5.0,2.0,3.0,1.5,1.55,140.0,7.0,4.0,7.434038,5.0,1519.15,55.0,119.0,7.0,5.0,5.0,5.0
2062.65,2606.15,1519.15,1087.0,543.5,57.5,60.0,55.0,5.0,2.5,122.0,125.0,119.0,6.0,3.0,7.5,8.0,7.0,1.0,0.5,6.0,7.0,5.0,2.0,1.0,4.5,5.0,4.0,1.0,0.5,4.0,5.0,3.0,2.0,1.0,1.55,140.0,7.0,4.0,7.434038,5.0,1519.15,55.0,119.0,7.0,5.0,5.0,5.0
1666.65,1814.15,1519.15,295.0,147.5,33.0,55.0,11.0,44.0,22.0,133.5,148.0,119.0,29.0,14.5,5.0,7.0,3.0,4.0,2.0,3.0,5.0,1.0,4.0,2.0,7.0,9.0,5.0,4.0,2.0,7.0,9.0,5.0,4.0,2.0,1.55,140.0,7.0,4.0,7.434038,5.0,1519.15,55.0,119.0,7.0,5.0,5.0,5.0
1012.115,1519.15,505.08,1014.0700000000002,507.0350000000001,72.5,90.0,55.0,35.0,17.5,129.5,140.0,119.0,21.0,10.5,5.5,7.0,4.0,3.0,1.5,7.5,10.0,5.0,5.0,2.5,4.5,5.0,4.0,1.0,0.5,2.5,5.0,0.0,5.0,2.5,1.55,140.0,7.0,4.0,7.434038,5.0,1519.15,55.0,119.0,7.0,5.0,5.0,5.0
2404.65,3290.15,1519.15,1771.0,885.5,52.0,55.0,49.0,6.0,3.0,132.5,146.0,119.0,27.0,13.5,6.0,7.0,5.0,2.0,1.0,4.0,5.0,3.0,2.0,1.0,6.0,7.0,5.0,2.0,1.0,6.0,7.0,5.0,2.0,1.0,1.55,140.0,7.0,4.0,7.434038,5.0,1519.15,55.0,119.0,7.0,5.0,5.0,5.0
1731.15,1943.15,1519.15,424.0,212.0,49.0,55.0,43.0,12.0,6.0,127.5,136.0,119.0,17.0,8.5,5.5,7.0,4.0,3.0,1.5,3.5,5.0,2.0,3.0,1.5,6.5,8.0,5.0,3.0,1.5,6.5,8.0,5.0,3.0,1.5,1.55,140.0,7.0,4.0,7.434038,5.0,1519.15,55.0,119.0,7.0,5.0,5.0,5.0
1048.15,1519.15,577.15,942.0000000000001,471.00000000000006,70.0,85.0,55.0,30.0,15.0,131.5,144.0,119.0,25.0,12.5,5.0,7.0,3.0,4.0,2.0,7.5,10.0,5.0,5.0,2.5,5.0,5.0,5.0,0.0,0.0,2.5,5.0,0.0,5.0,2.5,1.55,140.0,7.0,4.0,7.434038,5.0,1519.15,55.0,119.0,7.0,5.0,5.0,5.0
1851.15,2183.15,1519.15,664.0,332.0,51.0,55.0,47.0,8.0,4.0,126.5,134.0,119.0,15.0,7.5,6.0,7.0,5.0,2.0,1.0,4.0,5.0,3.0,2.0,1.0,6.0,7.0,5.0,2.0,1.0,6.0,7.0,5.0,2.0,1.0,1.55,140.0,7.0,4.0,7.434038,5.0,1519.15,55.0,119.0,7.0,5.0,5.0,5.0
2603.15,3687.15,1519.15,2168.0,1084.0,54.0,55.0,53.0,2.0,1.0,128.0,137.0,119.0,18.0,9.0,6.5,7.0,6.0,1.0,0.5,4.5,5.0,4.0,1.0,0.5,5.5,6.0,5.0,1.0,0.5,5.5,6.0,5.0,1.0,0.5,1.55,140.0,7.0,4.0,7.434038,5.0,1519.15,55.0,119.0,7.0,5.0,5.0,5.0
1657.15,1795.15,1519.15,276.0,138.0,33.5,55.0,12.0,43.0,21.5,141.0,163.0,119.0,44.0,22.0,5.0,7.0,3.0,4.0,2.0,3.0,5.0,1.0,4.0,2.0,7.0,9.0,5.0,4.0,2.0,7.0,9.0,5.0,4.0,2.0,1.55,140.0,7.0,4.0,7.434038,5.0,1519.15,55.0,119.0,7.0,5.0,5.0,5.0
1105.9135,1519.15,692.6769999999999,826.4730000000002,413.2365000000001,66.0,77.0,55.0,22.0,11.0,118.5,119.0,118.0,1.0,0.5,9.5,12.0,7.0,5.0,2.5,7.5,10.0,5.0,5.0,2.5,2.5,5.0,0.0,5.0,2.5,2.5,5.0,0.0,5.0,2.5,1.55,140.0,7.0,4.0,7.434038,5.0,1519.15,55.0,119.0,7.0,5.0,5.0,5.0
1823.15,2127.15,1519.15,608.0,304.0,49.5,55.0,44.0,11.0,5.5,136.5,154.0,119.0,35.0,17.5,5.5,7.0,4.0,3.0,1.5,3.5,5.0,2.0,3.0,1.5,6.5,8.0,5.0,3.0,1.5,6.5,8.0,5.0,3.0,1.5,1.55,140.0,7.0,4.0,7.434038,5.0,1519.15,55.0,119.0,7.0,5.0,5.0,5.0
2822.65,2895.15,2750.15,145.0,72.5,50.0,52.0,48.0,4.0,2.0,142.5,147.0,138.0,9.0,4.5,5.5,6.0,5.0,1.0,0.5,4.5,5.0,4.0,1.0,0.5,6.5,7.0,6.0,1.0,0.5,5.5,6.0,5.0,1.0,0.5,2.16,145.0,6.0,5.0,7.09243,5.0,2895.15,52.0,138.0,6.0,5.0,6.0,5.0
2311.65,2895.15,1728.15,1167.0,583.5,59.5,67.0,52.0,15.0,7.5,124.0,138.0,110.00000000000001,27.999999999999986,13.999999999999993,8.0,10.0,6.0,4.0,2.0,6.5,8.0,5.0,3.0,1.5,4.0,6.0,2.0,4.0,2.0,3.5,5.0,2.0,3.0,1.5,2.16,145.0,6.0,5.0,7.09243,5.0,2895.15,52.0,138.0,6.0,5.0,6.0,5.0
3100.65,3306.15,2895.15,411.0,205.5,56.5,61.0,52.0,9.0,4.5,133.5,138.0,129.0,9.0,4.5,7.0,8.0,6.0,2.0,1.0,5.5,6.0,5.0,1.0,0.5,5.0,6.0,4.0,2.0,1.0,4.5,5.0,4.0,1.0,0.5,2.16,145.0,6.0,5.0,7.09243,5.0,2895.15,52.0,138.0,6.0,5.0,6.0,5.0
2361.55,2895.15,1827.9499999999998,1067.2000000000003,533.6000000000001,60.0,68.0,52.0,16.0,8.0,129.0,138.0,120.0,18.0,9.0,8.0,10.0,6.0,4.0,2.0,7.5,10.0,5.0,5.0,2.5,3.0,6.0,0.0,6.0,3.0,2.5,5.0,0.0,5.0,2.5,2.16,145.0,6.0,5.0,7.09243,5.0,2895.15,52.0,138.0,6.0,5.0,6.0,5.0
2468.25,2895.15,2041.35,853.8000000000002,426.9000000000001,60.5,69.0,52.0,17.0,8.5,130.5,138.0,123.0,15.0,7.5,8.0,10.0,6.0,4.0,2.0,7.0,9.0,5.0,4.0,2.0,4.0,6.0,2.0,4.0,2.0,3.0,5.0,1.0,4.0,2.0,2.16,145.0,6.0,5.0,7.09243,5.0,2895.15,52.0,138.0,6.0,5.0,6.0,5.0
3176.65,3458.15,2895.15,563.0,281.5,54.5,57.0,52.0,5.0,2.5,134.5,138.0,131.0,7.0,3.5,6.5,7.0,6.0,1.0,0.5,5.0,5.0,5.0,0.0,0.0,5.5,6.0,5.0,1.0,0.5,5.0,5.0,5.0,0.0,0.0,2.16,145.0,6.0,5.0,7.09243,5.0,2895.15,52.0,138.0,6.0,5.0,6.0,5.0
2565.65,2895.15,2236.15,659.0,329.5,58.0,64.0,52.0,12.0,6.0,131.5,138.0,125.0,13.0,6.5,7.5,9.0,6.0,3.0,1.5,6.5,8.0,5.0,3.0,1.5,4.5,6.0,3.0,3.0,1.5,3.5,5.0,2.0,3.0,1.5,2.16,145.0,6.0,5.0,7.09243,5.0,2895.15,52.0,138.0,6.0,5.0,6.0,5.0
2750.65,2895.15,2606.15,289.0,144.5,56.0,60.0,52.0,8.0,4.0,131.5,138.0,125.0,13.0,6.5,7.0,8.0,6.0,2.0,1.0,6.0,7.0,5.0,2.0,1.0,5.0,6.0,4.0,2.0,1.0,4.0,5.0,3.0,2.0,1.0,2.16,145.0,6.0,5.0,7.09243,5.0,2895.15,52.0,138.0,6.0,5.0,6.0,5.0
2354.65,2895.15,1814.15,1081.0,540.5,31.5,52.0,11.0,41.0,20.5,143.0,148.0,138.0,10.0,5.0,4.5,6.0,3.0,3.0,1.5,3.0,5.0,1.0,4.0,2.0,7.5,9.0,6.0,3.0,1.5,7.0,9.0,5.0,4.0,2.0,2.16,145.0,6.0,5.0,7.09243,5.0,2895.15,52.0,138.0,6.0,5.0,6.0,5.0
1700.115,2895.15,505.08,2390.07,1195.035,71.0,90.0,52.0,38.0,19.0,139.0,140.0,138.0,2.0,1.0,5.0,6.0,4.0,2.0,1.0,7.5,10.0,5.0,5.0,2.5,5.0,6.0,4.0,2.0,1.0,2.5,5.0,0.0,5.0,2.5,2.16,145.0,6.0,5.0,7.09243,5.0,2895.15,52.0,138.0,6.0,5.0,6.0,5.0
3092.65,3290.15,2895.15,395.0,197.5,50.5,52.0,49.0,3.0,1.5,142.0,146.0,138.0,8.0,4.0,5.5,6.0,5.0,1.0,0.5,4.0,5.0,3.0,2.0,1.0,6.5,7.0,6.0,1.0,0.5,6.0,7.0,5.0,2.0,1.0,2.16,145.0,6.0,5.0,7.09243,5.0,2895.15,52.0,138.0,6.0,5.0,6.0,5.0
2662.65,2895.15,2430.15,465.0,232.5,54.0,56.0,52.0,4.0,2.0,133.0,138.0,128.0,10.0,5.0,6.5,7.0,6.0,1.0,0.5,5.0,5.0,5.0,0.0,0.0,5.5,6.0,5.0,1.0,0.5,5.0,5.0,5.0,0.0,0.0,2.16,145.0,6.0,5.0,7.09243,5.0,2895.15,52.0,138.0,6.0,5.0,6.0,5.0
2419.15,2895.15,1943.15,952.0,476.0,47.5,52.0,43.0,9.0,4.5,137.0,138.0,136.0,2.0,1.0,5.0,6.0,4.0,2.0,1.0,3.5,5.0,2.0,3.0,1.5,7.0,8.0,6.0,2.0,1.0,6.5,8.0,5.0,3.0,1.5,2.16,145.0,6.0,5.0,7.09243,5.0,2895.15,52.0,138.0,6.0,5.0,6.0,5.0
2539.15,2895.15,2183.15,712.0,356.0,49.5,52.0,47.0,5.0,2.5,136.0,138.0,134.0,4.0,2.0,5.5,6.0,5.0,1.0,0.5,4.0,5.0,3.0,2.0,1.0,6.5,7.0,6.0,1.0,0.5,6.0,7.0,5.0,2.0,1.0,2.16,145.0,6.0,5.0,7.09243,5.0,2895.15,52.0,138.0,6.0,5.0,6.0,5.0
3291.15,3687.15,2895.15,792.0,396.0,52.5,53.0,52.0,1.0,0.5,137.5,138.0,137.0,1.0,0.5,6.0,6.0,6.0,0.0,0.0,4.5,5.0,4.0,1.0,0.5,6.0,6.0,6.0,0.0,0.0,5.5,6.0,5.0,1.0,0.5,2.16,145.0,6.0,5.0,7.09243,5.0,2895.15,52.0,138.0,6.0,5.0,6.0,5.0
2345.15,2895.15,1795.15,1100.0,550.0,32.0,52.0,12.0,40.0,20.0,150.5,163.0,138.0,25.0,12.5,4.5,6.0,3.0,3.0,1.5,3.0,5.0,1.0,4.0,2.0,7.5,9.0,6.0,3.0,1.5,7.0,9.0,5.0,4.0,2.0,2.16,145.0,6.0,5.0,7.09243,5.0,2895.15,52.0,138.0,6.0,5.0,6.0,5.0
1793.9135,2895.15,692.6769999999999,2202.473,1101.2365,64.5,77.0,52.0,25.0,12.5,128.0,138.0,118.0,20.0,10.0,9.0,12.0,6.0,6.0,3.0,7.5,10.0,5.0,5.0,2.5,3.0,6.0,0.0,6.0,3.0,2.5,5.0,0.0,5.0,2.5,2.16,145.0,6.0,5.0,7.09243,5.0,2895.15,52.0,138.0,6.0,5.0,6.0,5.0
2511.15,2895.15,2127.15,768.0,384.0,48.0,52.0,44.0,8.0,4.0,146.0,154.0,138.0,16.0,8.0,5.0,6.0,4.0,2.0,1.0,3.5,5.0,2.0,3.0,1.5,7.0,8.0,6.0,2.0,1.0,6.5,8.0,5.0,3.0,1.5,2.16,145.0,6.0,5.0,7.09243,5.0,2895.15,52.0,138.0,6.0,5.0,6.0,5.0
2239.15,2750.15,1728.15,1022.0,511.0,57.5,67.0,48.0,19.0,9.5,128.5,147.0,110.00000000000001,36.999999999999986,18.499999999999993,7.5,10.0,5.0,5.0,2.5,6.0,8.0,4.0,4.0,2.0,4.5,7.0,2.0,5.0,2.5,4.0,6.0,2.0,4.0,2.0,1.6,145.0,5.0,5.0,6.75885,4.0,2750.15,48.0,147.0,5.0,4.0,7.0,6.0
3028.15,3306.15,2750.15,556.0,278.0,54.5,61.0,48.0,13.0,6.5,138.0,147.0,129.0,18.0,9.0,6.5,8.0,5.0,3.0,1.5,5.0,6.0,4.0,2.0,1.0,5.5,7.0,4.0,3.0,1.5,5.0,6.0,4.0,2.0,1.0,1.6,145.0,5.0,5.0,6.75885,4.0,2750.15,48.0,147.0,5.0,4.0,7.0,6.0
1675.381,2750.15,600.612,2149.538,1074.7690000000002,69.5,91.0,48.0,43.0,21.5,145.5,147.0,144.0,3.0,1.5,4.5,5.0,4.0,1.0,0.5,7.0,10.0,4.0,6.0,3.0,5.5,7.0,4.0,3.0,1.5,3.0,6.0,0.0,6.0,3.0,1.6,145.0,5.0,5.0,6.75885,4.0,2750.15,48.0,147.0,5.0,4.0,7.0,6.0
2289.05,2750.15,1827.9499999999998,922.2000000000003,461.10000000000014,58.0,68.0,48.0,20.0,10.0,133.5,147.0,120.0,27.0,13.5,7.5,10.0,5.0,5.0,2.5,7.0,10.0,4.0,6.0,3.0,3.5,7.0,0.0,7.0,3.5,3.0,6.0,0.0,6.0,3.0,1.6,145.0,5.0,5.0,6.75885,4.0,2750.15,48.0,147.0,5.0,4.0,7.0,6.0
2395.75,2750.15,2041.35,708.8000000000002,354.4000000000001,58.5,69.0,48.0,21.0,10.5,135.0,147.0,123.0,24.0,12.0,7.5,10.0,5.0,5.0,2.5,6.5,9.0,4.0,5.0,2.5,4.5,7.0,2.0,5.0,2.5,3.5,6.0,1.0,5.0,2.5,1.6,145.0,5.0,5.0,6.75885,4.0,2750.15,48.0,147.0,5.0,4.0,7.0,6.0
3104.15,3458.15,2750.15,708.0,354.0,52.5,57.0,48.0,9.0,4.5,139.0,147.0,131.0,16.0,8.0,6.0,7.0,5.0,2.0,1.0,4.5,5.0,4.0,1.0,0.5,6.0,7.0,5.0,2.0,1.0,5.5,6.0,5.0,1.0,0.5,1.6,145.0,5.0,5.0,6.75885,4.0,2750.15,48.0,147.0,5.0,4.0,7.0,6.0
2493.15,2750.15,2236.15,514.0,257.0,56.0,64.0,48.0,16.0,8.0,136.0,147.0,125.0,22.0,11.0,7.0,9.0,5.0,4.0,2.0,6.0,8.0,4.0,4.0,2.0,5.0,7.0,3.0,4.0,2.0,4.0,6.0,2.0,4.0,2.0,1.6,145.0,5.0,5.0,6.75885,4.0,2750.15,48.0,147.0,5.0,4.0,7.0,6.0
2678.15,2750.15,2606.15,144.0,72.0,54.0,60.0,48.0,12.0,6.0,136.0,147.0,125.0,22.0,11.0,6.5,8.0,5.0,3.0,1.5,5.5,7.0,4.0,3.0,1.5,5.5,7.0,4.0,3.0,1.5,4.5,6.0,3.0,3.0,1.5,1.6,145.0,5.0,5.0,6.75885,4.0,2750.15,48.0,147.0,5.0,4.0,7.0,6.0
2282.15,2750.15,1814.15,936.0,468.0,29.5,48.0,11.0,37.0,18.5,147.5,148.0,147.0,1.0,0.5,4.0,5.0,3.0,2.0,1.0,2.5,4.0,1.0,3.0,1.5,8.0,9.0,7.0,2.0,1.0,7.5,9.0,6.0,3.0,1.5,1.6,145.0,5.0,5.0,6.75885,4.0,2750.15,48.0,147.0,5.0,4.0,7.0,6.0
1627.615,2750.15,505.08,2245.07,1122.535,69.0,90.0,48.0,42.0,21.0,143.5,147.0,140.0,7.0,3.5,4.5,5.0,4.0,1.0,0.5,7.0,10.0,4.0,6.0,3.0,5.5,7.0,4.0,3.0,1.5,3.0,6.0,0.0,6.0,3.0,1.6,145.0,5.0,5.0,6.75885,4.0,2750.15,48.0,147.0,5.0,4.0,7.0,6.0
3020.15,3290.15,2750.15,540.0,270.0,48.5,49.0,48.0,1.0,0.5,146.5,147.0,146.0,1.0,0.5,5.0,5.0,5.0,0.0,0.0,3.5,4.0,3.0,1.0,0.5,7.0,7.0,7.0,0.0,0.0,6.5,7.0,6.0,1.0,0.5,1.6,145.0,5.0,5.0,6.75885,4.0,2750.15,48.0,147.0,5.0,4.0,7.0,6.0
2590.15,2750.15,2430.15,320.0,160.0,52.0,56.0,48.0,8.0,4.0,137.5,147.0,128.0,19.0,9.5,6.0,7.0,5.0,2.0,1.0,4.5,5.0,4.0,1.0,0.5,6.0,7.0,5.0,2.0,1.0,5.5,6.0,5.0,1.0,0.5,1.6,145.0,5.0,5.0,6.75885,4.0,2750.15,48.0,147.0,5.0,4.0,7.0,6.0
2346.65,2750.15,1943.15,807.0,403.5,45.5,48.0,43.0,5.0,2.5,141.5,147.0,136.0,11.0,5.5,4.5,5.0,4.0,1.0,0.5,3.0,4.0,2.0,2.0,1.0,7.5,8.0,7.0,1.0,0.5,7.0,8.0,6.0,2.0,1.0,1.6,145.0,5.0,5.0,6.75885,4.0,2750.15,48.0,147.0,5.0,4.0,7.0,6.0
1663.65,2750.15,577.15,2173.0,1086.5,66.5,85.0,48.0,37.0,18.5,145.5,147.0,144.0,3.0,1.5,4.0,5.0,3.0,2.0,1.0,7.0,10.0,4.0,6.0,3.0,6.0,7.0,5.0,2.0,1.0,3.0,6.0,0.0,6.0,3.0,1.6,145.0,5.0,5.0,6.75885,4.0,2750.15,48.0,147.0,5.0,4.0,7.0,6.0
2466.65,2750.15,2183.15,567.0,283.5,47.5,48.0,47.0,1.0,0.5,140.5,147.0,134.0,13.0,6.5,5.0,5.0,5.0,0.0,0.0,3.5,4.0,3.0,1.0,0.5,7.0,7.0,7.0,0.0,0.0,6.5,7.0,6.0,1.0,0.5,1.6,145.0,5.0,5.0,6.75885,4.0,2750.15,48.0,147.0,5.0,4.0,7.0,6.0
3218.65,3687.15,2750.15,937.0,468.5,50.5,53.0,48.0,5.0,2.5,142.0,147.0,137.0,10.0,5.0,5.5,6.0,5.0,1.0,0.5,4.0,4.0,4.0,0.0,0.0,6.5,7.0,6.0,1.0,0.5,6.0,6.0,6.0,0.0,0.0,1.6,145.0,5.0,5.0,6.75885,4.0,2750.15,48.0,147.0,5.0,4.0,7.0,6.0
2272.65,2750.15,1795.15,955.0,477.5,30.0,48.0,12.0,36.0,18.0,155.0,163.0,147.0,16.0,8.0,4.0,5.0,3.0,2.0,1.0,2.5,4.0,1.0,3.0,1.5,8.0,9.0,7.0,2.0,1.0,7.5,9.0,6.0,3.0,1.5,1.6,145.0,5.0,5.0,6.75885,4.0,2750.15,48.0,147.0,5.0,4.0,7.0,6.0
1721.4135,2750.15,692.6769999999999,2057.473,1028.7365,62.5,77.0,48.0,29.0,14.5,132.5,147.0,118.0,29.0,14.5,8.5,12.0,5.0,7.0,3.5,7.0,10.0,4.0,6.0,3.0,3.5,7.0,0.0,7.0,3.5,3.0,6.0,0.0,6.0,3.0,1.6,145.0,5.0,5.0,6.75885,4.0,2750.15,48.0,147.0,5.0,4.0,7.0,6.0
2438.65,2750.15,2127.15,623.0,311.5,46.0,48.0,44.0,4.0,2.0,150.5,154.0,147.0,7.0,3.5,4.5,5.0,4.0,1.0,0.5,3.0,4.0,2.0,2.0,1.0,7.5,8.0,7.0,1.0,0.5,7.0,8.0,6.0,2.0,1.0,1.6,145.0,5.0,5.0,6.75885,4.0,2750.15,48.0,147.0,5.0,4.0,7.0,6.0
2517.15,3306.15,1728.15,1578.0,789.0,64.0,67.0,61.0,6.0,3.0,119.5,129.0,110.00000000000001,18.999999999999986,9.499999999999993,9.0,10.0,8.0,2.0,1.0,7.0,8.0,6.0,2.0,1.0,3.0,4.0,2.0,2.0,1.0,3.0,4.0,2.0,2.0,1.0,1.91,135.0,10.0,4.0,7.639878,8.0,1728.15,67.0,110.00000000000001,10.0,8.0,2.0,2.0
1164.381,1728.15,600.612,1127.538,563.769,79.0,91.0,67.0,24.0,12.0,127.0,144.0,110.00000000000001,33.999999999999986,16.999999999999993,7.0,10.0,4.0,6.0,3.0,9.0,10.0,8.0,2.0,1.0,3.0,4.0,2.0,2.0,1.0,1.0,2.0,0.0,2.0,1.0,1.91,135.0,10.0,4.0,7.639878,8.0,1728.15,67.0,110.00000000000001,10.0,8.0,2.0,2.0
1778.05,1827.9499999999998,1728.15,99.79999999999973,49.899999999999864,67.5,68.0,67.0,1.0,0.5,115.0,120.0,110.00000000000001,9.999999999999986,4.999999999999993,10.0,10.0,10.0,0.0,0.0,9.0,10.0,8.0,2.0,1.0,1.0,2.0,0.0,2.0,1.0,1.0,2.0,0.0,2.0,1.0,1.91,135.0,10.0,4.0,7.639878,8.0,1728.15,67.0,110.00000000000001,10.0,8.0,2.0,2.0
1884.75,2041.35,1728.15,313.1999999999998,156.5999999999999,68.0,69.0,67.0,2.0,1.0,116.5,123.0,110.00000000000001,12.999999999999986,6.499999999999993,10.0,10.0,10.0,0.0,0.0,8.5,9.0,8.0,1.0,0.5,2.0,2.0,2.0,0.0,0.0,1.5,2.0,1.0,1.0,0.5,1.91,135.0,10.0,4.0,7.639878,8.0,1728.15,67.0,110.00000000000001,10.0,8.0,2.0,2.0
2593.15,3458.15,1728.15,1730.0,865.0,62.0,67.0,57.0,10.0,5.0,120.5,131.0,110.00000000000001,20.999999999999986,10.499999999999993,8.5,10.0,7.0,3.0,1.5,6.5,8.0,5.0,3.0,1.5,3.5,5.0,2.0,3.0,1.5,3.5,5.0,2.0,3.0,1.5,1.91,135.0,10.0,4.0,7.639878,8.0,1728.15,67.0,110.00000000000001,10.0,8.0,2.0,2.0
1982.15,2236.15,1728.15,508.0,254.0,65.5,67.0,64.0,3.0,1.5,117.5,125.0,110.00000000000001,14.999999999999986,7.499999999999993,9.5,10.0,9.0,1.0,0.5,8.0,8.0,8.0,0.0,0.0,2.5,3.0,2.0,1.0,0.5,2.0,2.0,2.0,0.0,0.0,1.91,135.0,10.0,4.0,7.639878,8.0,1728.15,67.0,110.00000000000001,10.0,8.0,2.0,2.0
2167.15,2606.15,1728.15,878.0,439.0,63.5,67.0,60.0,7.0,3.5,117.5,125.0,110.00000000000001,14.999999999999986,7.499999999999993,9.0,10.0,8.0,2.0,1.0,7.5,8.0,7.0,1.0,0.5,3.0,4.0,2.0,2.0,1.0,2.5,3.0,2.0,1.0,0.5,1.91,135.0,10.0,4.0,7.639878,8.0,1728.15,67.0,110.00000000000001,10.0,8.0,2.0,2.0
1116.615,1728.15,505.08,1223.0700000000002,611.5350000000001,78.5,90.0,67.0,23.0,11.5,125.0,140.0,110.00000000000001,29.999999999999986,14.999999999999993,7.0,10.0,4.0,6.0,3.0,9.0,10.0,8.0,2.0,1.0,3.0,4.0,2.0,2.0,1.0,1.0,2.0,0.0,2.0,1.0,1.91,135.0,10.0,4.0,7.639878,8.0,1728.15,67.0,110.00000000000001,10.0,8.0,2.0,2.0
2509.15,3290.15,1728.15,1562.0,781.0,58.0,67.0,49.0,18.0,9.0,128.0,146.0,110.00000000000001,35.999999999999986,17.999999999999993,7.5,10.0,5.0,5.0,2.5,5.5,8.0,3.0,5.0,2.5,4.5,7.0,2.0,5.0,2.5,4.5,7.0,2.0,5.0,2.5,1.91,135.0,10.0,4.0,7.639878,8.0,1728.15,67.0,110.00000000000001,10.0,8.0,2.0,2.0
1835.65,1943.15,1728.15,215.0,107.5,55.0,67.0,43.0,24.0,12.0,123.0,136.0,110.00000000000001,25.999999999999986,12.999999999999993,7.0,10.0,4.0,6.0,3.0,5.0,8.0,2.0,6.0,3.0,5.0,8.0,2.0,6.0,3.0,5.0,8.0,2.0,6.0,3.0,1.91,135.0,10.0,4.0,7.639878,8.0,1728.15,67.0,110.00000000000001,10.0,8.0,2.0,2.0
1152.65,1728.15,577.15,1151.0,575.5,76.0,85.0,67.0,18.0,9.0,127.0,144.0,110.00000000000001,33.999999999999986,16.999999999999993,6.5,10.0,3.0,7.0,3.5,9.0,10.0,8.0,2.0,1.0,3.5,5.0,2.0,3.0,1.5,1.0,2.0,0.0,2.0,1.0,1.91,135.0,10.0,4.0,7.639878,8.0,1728.15,67.0,110.00000000000001,10.0,8.0,2.0,2.0
1955.65,2183.15,1728.15,455.0,227.5,57.0,67.0,47.0,20.0,10.0,122.0,134.0,110.00000000000001,23.999999999999986,11.999999999999993,7.5,10.0,5.0,5.0,2.5,5.5,8.0,3.0,5.0,2.5,4.5,7.0,2.0,5.0,2.5,4.5,7.0,2.0,5.0,2.5,1.91,135.0,10.0,4.0,7.639878,8.0,1728.15,67.0,110.00000000000001,10.0,8.0,2.0,2.0
2707.65,3687.15,1728.15,1959.0,979.5,60.0,67.0,53.0,14.0,7.0,123.5,137.0,110.00000000000001,26.999999999999986,13.499999999999993,8.0,10.0,6.0,4.0,2.0,6.0,8.0,4.0,4.0,2.0,4.0,6.0,2.0,4.0,2.0,4.0,6.0,2.0,4.0,2.0,1.91,135.0,10.0,4.0,7.639878,8.0,1728.15,67.0,110.00000000000001,10.0,8.0,2.0,2.0
1761.65,1795.15,1728.15,67.0,33.5,39.5,67.0,12.0,55.0,27.5,136.5,163.0,110.00000000000001,52.999999999999986,26.499999999999993,6.5,10.0,3.0,7.0,3.5,4.5,8.0,1.0,7.0,3.5,5.5,9.0,2.0,7.0,3.5,5.5,9.0,2.0,7.0,3.5,1.91,135.0,10.0,4.0,7.639878,8.0,1728.15,67.0,110.00000000000001,10.0,8.0,2.0,2.0
1210.4135,1728.15,692.6769999999999,1035.4730000000002,517.7365000000001,72.0,77.0,67.0,10.0,5.0,114.0,118.0,110.00000000000001,7.999999999999986,3.999999999999993,11.0,12.0,10.0,2.0,1.0,9.0,10.0,8.0,2.0,1.0,1.0,2.0,0.0,2.0,1.0,1.0,2.0,0.0,2.0,1.0,1.91,135.0,10.0,4.0,7.639878,8.0,1728.15,67.0,110.00000000000001,10.0,8.0,2.0,2.0
1927.65,2127.15,1728.15,399.0,199.5,55.5,67.0,44.0,23.0,11.5,132.0,154.0,110.00000000000001,43.999999999999986,21.999999999999993,7.0,10.0,4.0,6.0,3.0,5.0,8.0,2.0,6.0,3.0,5.0,8.0,2.0,6.0,3.0,5.0,8.0,2.0,6.0,3.0,1.91,135.0,10.0,4.0,7.639878,8.0,1728.15,67.0,110.00000000000001,10.0,8.0,2.0,2.0
1953.381,3306.15,600.612,2705.538,1352.7690000000002,76.0,91.0,61.0,30.0,15.0,136.5,144.0,129.0,15.0,7.5,6.0,8.0,4.0,4.0,2.0,8.0,10.0,6.0,4.0,2.0,4.0,4.0,4.0,0.0,0.0,2.0,4.0,0.0,4.0,2.0,2.2,130.0,8.0,6.0,8.43823,6.0,3306.15,61.0,129.0,8.0,6.0,4.0,4.0
2567.05,3306.15,1827.9499999999998,1478.2000000000003,739.1000000000001,64.5,68.0,61.0,7.0,3.5,124.5,129.0,120.0,9.0,4.5,9.0,10.0,8.0,2.0,1.0,8.0,10.0,6.0,4.0,2.0,2.0,4.0,0.0,4.0,2.0,2.0,4.0,0.0,4.0,2.0,2.2,130.0,8.0,6.0,8.43823,6.0,3306.15,61.0,129.0,8.0,6.0,4.0,4.0
2673.75,3306.15,2041.35,1264.8000000000002,632.4000000000001,65.0,69.0,61.0,8.0,4.0,126.0,129.0,123.0,6.0,3.0,9.0,10.0,8.0,2.0,1.0,7.5,9.0,6.0,3.0,1.5,3.0,4.0,2.0,2.0,1.0,2.5,4.0,1.0,3.0,1.5,2.2,130.0,8.0,6.0,8.43823,6.0,3306.15,61.0,129.0,8.0,6.0,4.0,4.0
3382.15,3458.15,3306.15,152.0,76.0,59.0,61.0,57.0,4.0,2.0,130.0,131.0,129.0,2.0,1.0,7.5,8.0,7.0,1.0,0.5,5.5,6.0,5.0,1.0,0.5,4.5,5.0,4.0,1.0,0.5,4.5,5.0,4.0,1.0,0.5,2.2,130.0,8.0,6.0,8.43823,6.0,3306.15,61.0,129.0,8.0,6.0,4.0,4.0
2771.15,3306.15,2236.15,1070.0,535.0,62.5,64.0,61.0,3.0,1.5,127.0,129.0,125.0,4.0,2.0,8.5,9.0,8.0,1.0,0.5,7.0,8.0,6.0,2.0,1.0,3.5,4.0,3.0,1.0,0.5,3.0,4.0,2.0,2.0,1.0,2.2,130.0,8.0,6.0,8.43823,6.0,3306.15,61.0,129.0,8.0,6.0,4.0,4.0
2956.15,3306.15,2606.15,700.0,350.0,60.5,61.0,60.0,1.0,0.5,127.0,129.0,125.0,4.0,2.0,8.0,8.0,8.0,0.0,0.0,6.5,7.0,6.0,1.0,0.5,4.0,4.0,4.0,0.0,0.0,3.5,4.0,3.0,1.0,0.5,2.2,130.0,8.0,6.0,8.43823,6.0,3306.15,61.0,129.0,8.0,6.0,4.0,4.0
2560.15,3306.15,1814.15,1492.0,746.0,36.0,61.0,11.0,50.0,25.0,138.5,148.0,129.0,19.0,9.5,5.5,8.0,3.0,5.0,2.5,3.5,6.0,1.0,5.0,2.5,6.5,9.0,4.0,5.0,2.5,6.5,9.0,4.0,5.0,2.5,2.2,130.0,8.0,6.0,8.43823,6.0,3306.15,61.0,129.0,8.0,6.0,4.0,4.0
1905.615,3306.15,505.08,2801.07,1400.535,75.5,90.0,61.0,29.0,14.5,134.5,140.0,129.0,11.0,5.5,6.0,8.0,4.0,4.0,2.0,8.0,10.0,6.0,4.0,2.0,4.0,4.0,4.0,0.0,0.0,2.0,4.0,0.0,4.0,2.0,2.2,130.0,8.0,6.0,8.43823,6.0,3306.15,61.0,129.0,8.0,6.0,4.0,4.0
3298.15,3306.15,3290.15,16.0,8.0,55.0,61.0,49.0,12.0,6.0,137.5,146.0,129.0,17.0,8.5,6.5,8.0,5.0,3.0,1.5,4.5,6.0,3.0,3.0,1.5,5.5,7.0,4.0,3.0,1.5,5.5,7.0,4.0,3.0,1.5,2.2,130.0,8.0,6.0,8.43823,6.0,3306.15,61.0,129.0,8.0,6.0,4.0,4.0
2868.15,3306.15,2430.15,876.0,438.0,58.5,61.0,56.0,5.0,2.5,128.5,129.0,128.0,1.0,0.5,7.5,8.0,7.0,1.0,0.5,5.5,6.0,5.0,1.0,0.5,4.5,5.0,4.0,1.0,0.5,4.5,5.0,4.0,1.0,0.5,2.2,130.0,8.0,6.0,8.43823,6.0,3306.15,61.0,129.0,8.0,6.0,4.0,4.0
2624.65,3306.15,1943.15,1363.0,681.5,52.0,61.0,43.0,18.0,9.0,132.5,136.0,129.0,7.0,3.5,6.0,8.0,4.0,4.0,2.0,4.0,6.0,2.0,4.0,2.0,6.0,8.0,4.0,4.0,2.0,6.0,8.0,4.0,4.0,2.0,2.2,130.0,8.0,6.0,8.43823,6.0,3306.15,61.0,129.0,8.0,6.0,4.0,4.0
2744.65,3306.15,2183.15,1123.0,561.5,54.0,61.0,47.0,14.0,7.0,131.5,134.0,129.0,5.0,2.5,6.5,8.0,5.0,3.0,1.5,4.5,6.0,3.0,3.0,1.5,5.5,7.0,4.0,3.0,1.5,5.5,7.0,4.0,3.0,1.5,2.2,130.0,8.0,6.0,8.43823,6.0,3306.15,61.0,129.0,8.0,6.0,4.0,4.0
3496.65,3687.15,3306.15,381.0,190.5,57.0,61.0,53.0,8.0,4.0,133.0,137.0,129.0,8.0,4.0,7.0,8.0,6.0,2.0,1.0,5.0,6.0,4.0,2.0,1.0,5.0,6.0,4.0,2.0,1.0,5.0,6.0,4.0,2.0,1.0,2.2,130.0,8.0,6.0,8.43823,6.0,3306.15,61.0,129.0,8.0,6.0,4.0,4.0
2550.65,3306.15,1795.15,1511.0,755.5,36.5,61.0,12.0,49.0,24.5,146.0,163.0,129.0,34.0,17.0,5.5,8.0,3.0,5.0,2.5,3.5,6.0,1.0,5.0,2.5,6.5,9.0,4.0,5.0,2.5,6.5,9.0,4.0,5.0,2.5,2.2,130.0,8.0,6.0,8.43823,6.0,3306.15,61.0,129.0,8.0,6.0,4.0,4.0
1999.4135,3306.15,692.6769999999999,2613.473,1306.7365000000002,69.0,77.0,61.0,16.0,8.0,123.5,129.0,118.0,11.0,5.5,10.0,12.0,8.0,4.0,2.0,8.0,10.0,6.0,4.0,2.0,2.0,4.0,0.0,4.0,2.0,2.0,4.0,0.0,4.0,2.0,2.2,130.0,8.0,6.0,8.43823,6.0,3306.15,61.0,129.0,8.0,6.0,4.0,4.0
2716.65,3306.15,2127.15,1179.0,589.5,52.5,61.0,44.0,17.0,8.5,141.5,154.0,129.0,25.0,12.5,6.0,8.0,4.0,4.0,2.0,4.0,6.0,2.0,4.0,2.0,6.0,8.0,4.0,4.0,2.0,6.0,8.0,4.0,4.0,2.0,2.2,130.0,8.0,6.0,8.43823,6.0,3306.15,61.0,129.0,8.0,6.0,4.0,4.0
1214.281,1827.9499999999998,600.612,1227.3379999999997,613.669,79.5,91.0,68.0,23.0,11.5,132.0,144.0,120.0,24.0,12.0,7.0,10.0,4.0,6.0,3.0,10.0,10.0,10.0,0.0,0.0,2.0,4.0,0.0,4.0,2.0,0.0,0.0,0.0,0.0,0.0,1.8,180.0,14.0,6.0,7.4166799,10.0,600.612,91.0,144.0,4.0,10.0,4.0,0.0
1320.981,2041.35,600.612,1440.7379999999998,720.369,80.0,91.0,69.0,22.0,11.0,133.5,144.0,123.0,21.0,10.5,7.0,10.0,4.0,6.0,3.0,9.5,10.0,9.0,1.0,0.5,3.0,4.0,2.0,2.0,1.0,0.5,1.0,0.0,1.0,0.5,1.8,180.0,14.0,6.0,7.4166799,10.0,600.612,91.0,144.0,4.0,10.0,4.0,0.0
1418.381,2236.15,600.612,1635.538,817.769,77.5,91.0,64.0,27.0,13.5,134.5,144.0,125.0,19.0,9.5,6.5,9.0,4.0,5.0,2.5,9.0,10.0,8.0,2.0,1.0,3.5,4.0,3.0,1.0,0.5,1.0,2.0,0.0,2.0,1.0,1.8,180.0,14.0,6.0,7.4166799,10.0,600.612,91.0,144.0,4.0,10.0,4.0,0.0
1603.381,2606.15,600.612,2005.538,1002.769,75.5,91.0,60.0,31.0,15.5,134.5,144.0,125.0,19.0,9.5,6.0,8.0,4.0,4.0,2.0,8.5,10.0,7.0,3.0,1.5,4.0,4.0,4.0,0.0,0.0,1.5,3.0,0.0,3.0,1.5,1.8,180.0,14.0,6.0,7.4166799,10.0,600.612,91.0,144.0,4.0,10.0,4.0,0.0
1207.381,1814.15,600.612,1213.538,606.7690000000001,51.0,91.0,11.0,80.0,40.0,146.0,148.0,144.0,4.0,2.0,3.5,4.0,3.0,1.0,0.5,5.5,10.0,1.0,9.0,4.5,6.5,9.0,4.0,5.0,2.5,4.5,9.0,0.0,9.0,4.5,1.8,180.0,14.0,6.0,7.4166799,10.0,600.612,91.0,144.0,4.0,10.0,4.0,0.0
552.846,600.612,505.08,95.53199999999998,47.76599999999999,90.5,91.0,90.0,1.0,0.5,142.0,144.0,140.0,4.0,2.0,4.0,4.0,4.0,0.0,0.0,10.0,10.0,10.0,0.0,0.0,4.0,4.0,4.0,0.0,0.0,0.0,0.0,0.0,0.0,0.0,1.8,180.0,14.0,6.0,7.4166799,10.0,600.612,91.0,144.0,4.0,10.0,4.0,0.0
1945.381,3290.15,600.612,2689.538,1344.7690000000002,70.0,91.0,49.0,42.0,21.0,145.0,146.0,144.0,2.0,1.0,4.5,5.0,4.0,1.0,0.5,6.5,10.0,3.0,7.0,3.5,5.5,7.0,4.0,3.0,1.5,3.5,7.0,0.0,7.0,3.5,1.8,180.0,14.0,6.0,7.4166799,10.0,600.612,91.0,144.0,4.0,10.0,4.0,0.0
1515.381,2430.15,600.612,1829.538,914.769,73.5,91.0,56.0,35.0,17.5,136.0,144.0,128.0,16.0,8.0,5.5,7.0,4.0,3.0,1.5,7.5,10.0,5.0,5.0,2.5,4.5,5.0,4.0,1.0,0.5,2.5,5.0,0.0,5.0,2.5,1.8,180.0,14.0,6.0,7.4166799,10.0,600.612,91.0,144.0,4.0,10.0,4.0,0.0
1271.881,1943.15,600.612,1342.538,671.269,67.0,91.0,43.0,48.0,24.0,140.0,144.0,136.0,8.0,4.0,4.0,4.0,4.0,0.0,0.0,6.0,10.0,2.0,8.0,4.0,6.0,8.0,4.0,4.0,2.0,4.0,8.0,0.0,8.0,4.0,1.8,180.0,14.0,6.0,7.4166799,10.0,600.612,91.0,144.0,4.0,10.0,4.0,0.0
588.881,600.612,577.15,23.46199999999999,11.730999999999995,88.0,91.0,85.0,6.0,3.0,144.0,144.0,144.0,0.0,0.0,3.5,4.0,3.0,1.0,0.5,10.0,10.0,10.0,0.0,0.0,4.5,5.0,4.0,1.0,0.5,0.0,0.0,0.0,0.0,0.0,1.8,180.0,14.0,6.0,7.4166799,10.0,600.612,91.0,144.0,4.0,10.0,4.0,0.0
1391.881,2183.15,600.612,1582.538,791.269,69.0,91.0,47.0,44.0,22.0,139.0,144.0,134.0,10.0,5.0,4.5,5.0,4.0,1.0,0.5,6.5,10.0,3.0,7.0,3.5,5.5,7.0,4.0,3.0,1.5,3.5,7.0,0.0,7.0,3.5,1.8,180.0,14.0,6.0,7.4166799,10.0,600.612,91.0,144.0,4.0,10.0,4.0,0.0
2143.881,3687.15,600.612,3086.538,1543.2690000000002,72.0,91.0,53.0,38.0,19.0,140.5,144.0,137.0,7.0,3.5,5.0,6.0,4.0,2.0,1.0,7.0,10.0,4.0,6.0,3.0,5.0,6.0,4.0,2.0,1.0,3.0,6.0,0.0,6.0,3.0,1.8,180.0,14.0,6.0,7.4166799,10.0,600.612,91.0,144.0,4.0,10.0,4.0,0.0
1197.881,1795.15,600.612,1194.538,597.2690000000001,51.5,91.0,12.0,79.0,39.5,153.5,163.0,144.0,19.0,9.5,3.5,4.0,3.0,1.0,0.5,5.5,10.0,1.0,9.0,4.5,6.5,9.0,4.0,5.0,2.5,4.5,9.0,0.0,9.0,4.5,1.8,180.0,14.0,6.0,7.4166799,10.0,600.612,91.0,144.0,4.0,10.0,4.0,0.0
646.6444999999999,692.6769999999999,600.612,92.06499999999994,46.03249999999997,84.0,91.0,77.0,14.0,7.0,131.0,144.0,118.0,26.0,13.0,8.0,12.0,4.0,8.0,4.0,10.0,10.0,10.0,0.0,0.0,2.0,4.0,0.0,4.0,2.0,0.0,0.0,0.0,0.0,0.0,1.8,180.0,14.0,6.0,7.4166799,10.0,600.612,91.0,144.0,4.0,10.0,4.0,0.0
1363.881,2127.15,600.612,1526.538,763.269,67.5,91.0,44.0,47.0,23.5,149.0,154.0,144.0,10.0,5.0,4.0,4.0,4.0,0.0,0.0,6.0,10.0,2.0,8.0,4.0,6.0,8.0,4.0,4.0,2.0,4.0,8.0,0.0,8.0,4.0,1.8,180.0,14.0,6.0,7.4166799,10.0,600.612,91.0,144.0,4.0,10.0,4.0,0.0
1934.6499999999999,2041.35,1827.9499999999998,213.4000000000001,106.70000000000005,68.5,69.0,68.0,1.0,0.5,121.5,123.0,120.0,3.0,1.5,10.0,10.0,10.0,0.0,0.0,9.5,10.0,9.0,1.0,0.5,1.0,2.0,0.0,2.0,1.0,0.5,1.0,0.0,1.0,0.5,2.2,140.0,10.0,5.0,8.336839,10.0,1827.9499999999998,68.0,120.0,10.0,10.0,0.0,0.0
2643.05,3458.15,1827.9499999999998,1630.2000000000003,815.1000000000001,62.5,68.0,57.0,11.0,5.5,125.5,131.0,120.0,11.0,5.5,8.5,10.0,7.0,3.0,1.5,7.5,10.0,5.0,5.0,2.5,2.5,5.0,0.0,5.0,2.5,2.5,5.0,0.0,5.0,2.5,2.2,140.0,10.0,5.0,8.336839,10.0,1827.9499999999998,68.0,120.0,10.0,10.0,0.0,0.0
2032.05,2236.15,1827.9499999999998,408.2000000000003,204.10000000000014,66.0,68.0,64.0,4.0,2.0,122.5,125.0,120.0,5.0,2.5,9.5,10.0,9.0,1.0,0.5,9.0,10.0,8.0,2.0,1.0,1.5,3.0,0.0,3.0,1.5,1.0,2.0,0.0,2.0,1.0,2.2,140.0,10.0,5.0,8.336839,10.0,1827.9499999999998,68.0,120.0,10.0,10.0,0.0,0.0
2217.05,2606.15,1827.9499999999998,778.2000000000003,389.10000000000014,64.0,68.0,60.0,8.0,4.0,122.5,125.0,120.0,5.0,2.5,9.0,10.0,8.0,2.0,1.0,8.5,10.0,7.0,3.0,1.5,2.0,4.0,0.0,4.0,2.0,1.5,3.0,0.0,3.0,1.5,2.2,140.0,10.0,5.0,8.336839,10.0,1827.9499999999998,68.0,120.0,10.0,10.0,0.0,0.0
1821.05,1827.9499999999998,1814.15,13.799999999999727,6.899999999999864,39.5,68.0,11.0,57.0,28.5,134.0,148.0,120.0,28.0,14.0,6.5,10.0,3.0,7.0,3.5,5.5,10.0,1.0,9.0,4.5,4.5,9.0,0.0,9.0,4.5,4.5,9.0,0.0,9.0,4.5,2.2,140.0,10.0,5.0,8.336839,10.0,1827.9499999999998,68.0,120.0,10.0,10.0,0.0,0.0
1166.5149999999999,1827.9499999999998,505.08,1322.87,661.435,79.0,90.0,68.0,22.0,11.0,130.0,140.0,120.0,20.0,10.0,7.0,10.0,4.0,6.0,3.0,10.0,10.0,10.0,0.0,0.0,2.0,4.0,0.0,4.0,2.0,0.0,0.0,0.0,0.0,0.0,2.2,140.0,10.0,5.0,8.336839,10.0,1827.9499999999998,68.0,120.0,10.0,10.0,0.0,0.0
2559.05,3290.15,1827.9499999999998,1462.2000000000003,731.1000000000001,58.5,68.0,49.0,19.0,9.5,133.0,146.0,120.0,26.0,13.0,7.5,10.0,5.0,5.0,2.5,6.5,10.0,3.0,7.0,3.5,3.5,7.0,0.0,7.0,3.5,3.5,7.0,0.0,7.0,3.5,2.2,140.0,10.0,5.0,8.336839,10.0,1827.9499999999998,68.0,120.0,10.0,10.0,0.0,0.0
2129.05,2430.15,1827.9499999999998,602.2000000000003,301.10000000000014,62.0,68.0,56.0,12.0,6.0,124.0,128.0,120.0,8.0,4.0,8.5,10.0,7.0,3.0,1.5,7.5,10.0,5.0,5.0,2.5,2.5,5.0,0.0,5.0,2.5,2.5,5.0,0.0,5.0,2.5,2.2,140.0,10.0,5.0,8.336839,10.0,1827.9499999999998,68.0,120.0,10.0,10.0,0.0,0.0
1885.55,1943.15,1827.9499999999998,115.20000000000027,57.600000000000136,55.5,68.0,43.0,25.0,12.5,128.0,136.0,120.0,16.0,8.0,7.0,10.0,4.0,6.0,3.0,6.0,10.0,2.0,8.0,4.0,4.0,8.0,0.0,8.0,4.0,4.0,8.0,0.0,8.0,4.0,2.2,140.0,10.0,5.0,8.336839,10.0,1827.9499999999998,68.0,120.0,10.0,10.0,0.0,0.0
1202.55,1827.9499999999998,577.15,1250.7999999999997,625.4,76.5,85.0,68.0,17.0,8.5,132.0,144.0,120.0,24.0,12.0,6.5,10.0,3.0,7.0,3.5,10.0,10.0,10.0,0.0,0.0,2.5,5.0,0.0,5.0,2.5,0.0,0.0,0.0,0.0,0.0,2.2,140.0,10.0,5.0,8.336839,10.0,1827.9499999999998,68.0,120.0,10.0,10.0,0.0,0.0
2005.55,2183.15,1827.9499999999998,355.2000000000003,177.60000000000014,57.5,68.0,47.0,21.0,10.5,127.0,134.0,120.0,14.0,7.0,7.5,10.0,5.0,5.0,2.5,6.5,10.0,3.0,7.0,3.5,3.5,7.0,0.0,7.0,3.5,3.5,7.0,0.0,7.0,3.5,2.2,140.0,10.0,5.0,8.336839,10.0,1827.9499999999998,68.0,120.0,10.0,10.0,0.0,0.0
2757.55,3687.15,1827.9499999999998,1859.2000000000003,929.6000000000001,60.5,68.0,53.0,15.0,7.5,128.5,137.0,120.0,17.0,8.5,8.0,10.0,6.0,4.0,2.0,7.0,10.0,4.0,6.0,3.0,3.0,6.0,0.0,6.0,3.0,3.0,6.0,0.0,6.0,3.0,2.2,140.0,10.0,5.0,8.336839,10.0,1827.9499999999998,68.0,120.0,10.0,10.0,0.0,0.0
1811.55,1827.9499999999998,1795.15,32.79999999999973,16.399999999999864,40.0,68.0,12.0,56.0,28.0,141.5,163.0,120.0,43.0,21.5,6.5,10.0,3.0,7.0,3.5,5.5,10.0,1.0,9.0,4.5,4.5,9.0,0.0,9.0,4.5,4.5,9.0,0.0,9.0,4.5,2.2,140.0,10.0,5.0,8.336839,10.0,1827.9499999999998,68.0,120.0,10.0,10.0,0.0,0.0
1260.3134999999997,1827.9499999999998,692.6769999999999,1135.273,567.6365,72.5,77.0,68.0,9.0,4.5,119.0,120.0,118.0,2.0,1.0,11.0,12.0,10.0,2.0,1.0,10.0,10.0,10.0,0.0,0.0,0.0,0.0,0.0,0.0,0.0,0.0,0.0,0.0,0.0,0.0,2.2,140.0,10.0,5.0,8.336839,10.0,1827.9499999999998,68.0,120.0,10.0,10.0,0.0,0.0
1977.55,2127.15,1827.9499999999998,299.2000000000003,149.60000000000014,56.0,68.0,44.0,24.0,12.0,137.0,154.0,120.0,34.0,17.0,7.0,10.0,4.0,6.0,3.0,6.0,10.0,2.0,8.0,4.0,4.0,8.0,0.0,8.0,4.0,4.0,8.0,0.0,8.0,4.0,2.2,140.0,10.0,5.0,8.336839,10.0,1827.9499999999998,68.0,120.0,10.0,10.0,0.0,0.0
2749.75,3458.15,2041.35,1416.8000000000002,708.4000000000001,63.0,69.0,57.0,12.0,6.0,127.0,131.0,123.0,8.0,4.0,8.5,10.0,7.0,3.0,1.5,7.0,9.0,5.0,4.0,2.0,3.5,5.0,2.0,3.0,1.5,3.0,5.0,1.0,4.0,2.0,2.2,135.0,10.0,6.0,8.95883,9.0,2041.35,69.0,123.0,10.0,9.0,2.0,1.0
2138.75,2236.15,2041.35,194.80000000000018,97.40000000000009,66.5,69.0,64.0,5.0,2.5,124.0,125.0,123.0,2.0,1.0,9.5,10.0,9.0,1.0,0.5,8.5,9.0,8.0,1.0,0.5,2.5,3.0,2.0,1.0,0.5,1.5,2.0,1.0,1.0,0.5,2.2,135.0,10.0,6.0,8.95883,9.0,2041.35,69.0,123.0,10.0,9.0,2.0,1.0
2323.75,2606.15,2041.35,564.8000000000002,282.4000000000001,64.5,69.0,60.0,9.0,4.5,124.0,125.0,123.0,2.0,1.0,9.0,10.0,8.0,2.0,1.0,8.0,9.0,7.0,2.0,1.0,3.0,4.0,2.0,2.0,1.0,2.0,3.0,1.0,2.0,1.0,2.2,135.0,10.0,6.0,8.95883,9.0,2041.35,69.0,123.0,10.0,9.0,2.0,1.0
1927.75,2041.35,1814.15,227.19999999999982,113.59999999999991,40.0,69.0,11.0,58.0,29.0,135.5,148.0,123.0,25.0,12.5,6.5,10.0,3.0,7.0,3.5,5.0,9.0,1.0,8.0,4.0,5.5,9.0,2.0,7.0,3.5,5.0,9.0,1.0,8.0,4.0,2.2,135.0,10.0,6.0,8.95883,9.0,2041.35,69.0,123.0,10.0,9.0,2.0,1.0
1273.215,2041.35,505.08,1536.27,768.135,79.5,90.0,69.0,21.0,10.5,131.5,140.0,123.0,17.0,8.5,7.0,10.0,4.0,6.0,3.0,9.5,10.0,9.0,1.0,0.5,3.0,4.0,2.0,2.0,1.0,0.5,1.0,0.0,1.0,0.5,2.2,135.0,10.0,6.0,8.95883,9.0,2041.35,69.0,123.0,10.0,9.0,2.0,1.0
2665.75,3290.15,2041.35,1248.8000000000002,624.4000000000001,59.0,69.0,49.0,20.0,10.0,134.5,146.0,123.0,23.0,11.5,7.5,10.0,5.0,5.0,2.5,6.0,9.0,3.0,6.0,3.0,4.5,7.0,2.0,5.0,2.5,4.0,7.0,1.0,6.0,3.0,2.2,135.0,10.0,6.0,8.95883,9.0,2041.35,69.0,123.0,10.0,9.0,2.0,1.0
2235.75,2430.15,2041.35,388.8000000000002,194.4000000000001,62.5,69.0,56.0,13.0,6.5,125.5,128.0,123.0,5.0,2.5,8.5,10.0,7.0,3.0,1.5,7.0,9.0,5.0,4.0,2.0,3.5,5.0,2.0,3.0,1.5,3.0,5.0,1.0,4.0,2.0,2.2,135.0,10.0,6.0,8.95883,9.0,2041.35,69.0,123.0,10.0,9.0,2.0,1.0
1992.25,2041.35,1943.15,98.19999999999982,49.09999999999991,56.0,69.0,43.0,26.0,13.0,129.5,136.0,123.0,13.0,6.5,7.0,10.0,4.0,6.0,3.0,5.5,9.0,2.0,7.0,3.5,5.0,8.0,2.0,6.0,3.0,4.5,8.0,1.0,7.0,3.5,2.2,135.0,10.0,6.0,8.95883,9.0,2041.35,69.0,123.0,10.0,9.0,2.0,1.0
1309.25,2041.35,577.15,1464.1999999999998,732.0999999999999,77.0,85.0,69.0,16.0,8.0,133.5,144.0,123.0,21.0,10.5,6.5,10.0,3.0,7.0,3.5,9.5,10.0,9.0,1.0,0.5,3.5,5.0,2.0,3.0,1.5,0.5,1.0,0.0,1.0,0.5,2.2,135.0,10.0,6.0,8.95883,9.0,2041.35,69.0,123.0,10.0,9.0,2.0,1.0
2112.25,2183.15,2041.35,141.80000000000018,70.90000000000009,58.0,69.0,47.0,22.0,11.0,128.5,134.0,123.0,11.0,5.5,7.5,10.0,5.0,5.0,2.5,6.0,9.0,3.0,6.0,3.0,4.5,7.0,2.0,5.0,2.5,4.0,7.0,1.0,6.0,3.0,2.2,135.0,10.0,6.0,8.95883,9.0,2041.35,69.0,123.0,10.0,9.0,2.0,1.0
2864.25,3687.15,2041.35,1645.8000000000002,822.9000000000001,61.0,69.0,53.0,16.0,8.0,130.0,137.0,123.0,14.0,7.0,8.0,10.0,6.0,4.0,2.0,6.5,9.0,4.0,5.0,2.5,4.0,6.0,2.0,4.0,2.0,3.5,6.0,1.0,5.0,2.5,2.2,135.0,10.0,6.0,8.95883,9.0,2041.35,69.0,123.0,10.0,9.0,2.0,1.0
1918.25,2041.35,1795.15,246.19999999999982,123.09999999999991,40.5,69.0,12.0,57.0,28.5,143.0,163.0,123.0,40.0,20.0,6.5,10.0,3.0,7.0,3.5,5.0,9.0,1.0,8.0,4.0,5.5,9.0,2.0,7.0,3.5,5.0,9.0,1.0,8.0,4.0,2.2,135.0,10.0,6.0,8.95883,9.0,2041.35,69.0,123.0,10.0,9.0,2.0,1.0
1367.0135,2041.35,692.6769999999999,1348.673,674.3365,73.0,77.0,69.0,8.0,4.0,120.5,123.0,118.0,5.0,2.5,11.0,12.0,10.0,2.0,1.0,9.5,10.0,9.0,1.0,0.5,1.0,2.0,0.0,2.0,1.0,0.5,1.0,0.0,1.0,0.5,2.2,135.0,10.0,6.0,8.95883,9.0,2041.35,69.0,123.0,10.0,9.0,2.0,1.0
2084.25,2127.15,2041.35,85.80000000000018,42.90000000000009,56.5,69.0,44.0,25.0,12.5,138.5,154.0,123.0,31.0,15.5,7.0,10.0,4.0,6.0,3.0,5.5,9.0,2.0,7.0,3.5,5.0,8.0,2.0,6.0,3.0,4.5,8.0,1.0,7.0,3.5,2.2,135.0,10.0,6.0,8.95883,9.0,2041.35,69.0,123.0,10.0,9.0,2.0,1.0
2847.15,3458.15,2236.15,1222.0,611.0,60.5,64.0,57.0,7.0,3.5,128.0,131.0,125.0,6.0,3.0,8.0,9.0,7.0,2.0,1.0,6.5,8.0,5.0,3.0,1.5,4.0,5.0,3.0,2.0,1.0,3.5,5.0,2.0,3.0,1.5,1.9,135.0,7.0,6.0,7.83352,5.0,3458.15,57.0,131.0,7.0,5.0,5.0,5.0
3032.15,3458.15,2606.15,852.0,426.0,58.5,60.0,57.0,3.0,1.5,128.0,131.0,125.0,6.0,3.0,7.5,8.0,7.0,1.0,0.5,6.0,7.0,5.0,2.0,1.0,4.5,5.0,4.0,1.0,0.5,4.0,5.0,3.0,2.0,1.0,1.9,135.0,7.0,6.0,7.83352,5.0,3458.15,57.0,131.0,7.0,5.0,5.0,5.0
2636.15,3458.15,1814.15,1644.0,822.0,34.0,57.0,11.0,46.0,23.0,139.5,148.0,131.0,17.0,8.5,5.0,7.0,3.0,4.0,2.0,3.0,5.0,1.0,4.0,2.0,7.0,9.0,5.0,4.0,2.0,7.0,9.0,5.0,4.0,2.0,1.9,135.0,7.0,6.0,7.83352,5.0,3458.15,57.0,131.0,7.0,5.0,5.0,5.0
1981.615,3458.15,505.08,2953.07,1476.535,73.5,90.0,57.0,33.0,16.5,135.5,140.0,131.0,9.0,4.5,5.5,7.0,4.0,3.0,1.5,7.5,10.0,5.0,5.0,2.5,4.5,5.0,4.0,1.0,0.5,2.5,5.0,0.0,5.0,2.5,1.9,135.0,7.0,6.0,7.83352,5.0,3458.15,57.0,131.0,7.0,5.0,5.0,5.0
3374.15,3458.15,3290.15,168.0,84.0,53.0,57.0,49.0,8.0,4.0,138.5,146.0,131.0,15.0,7.5,6.0,7.0,5.0,2.0,1.0,4.0,5.0,3.0,2.0,1.0,6.0,7.0,5.0,2.0,1.0,6.0,7.0,5.0,2.0,1.0,1.9,135.0,7.0,6.0,7.83352,5.0,3458.15,57.0,131.0,7.0,5.0,5.0,5.0
2944.15,3458.15,2430.15,1028.0,514.0,56.5,57.0,56.0,1.0,0.5,129.5,131.0,128.0,3.0,1.5,7.0,7.0,7.0,0.0,0.0,5.0,5.0,5.0,0.0,0.0,5.0,5.0,5.0,0.0,0.0,5.0,5.0,5.0,0.0,0.0,1.9,135.0,7.0,6.0,7.83352,5.0,3458.15,57.0,131.0,7.0,5.0,5.0,5.0
2700.65,3458.15,1943.15,1515.0,757.5,50.0,57.0,43.0,14.0,7.0,133.5,136.0,131.0,5.0,2.5,5.5,7.0,4.0,3.0,1.5,3.5,5.0,2.0,3.0,1.5,6.5,8.0,5.0,3.0,1.5,6.5,8.0,5.0,3.0,1.5,1.9,135.0,7.0,6.0,7.83352,5.0,3458.15,57.0,131.0,7.0,5.0,5.0,5.0
2820.65,3458.15,2183.15,1275.0,637.5,52.0,57.0,47.0,10.0,5.0,132.5,134.0,131.0,3.0,1.5,6.0,7.0,5.0,2.0,1.0,4.0,5.0,3.0,2.0,1.0,6.0,7.0,5.0,2.0,1.0,6.0,7.0,5.0,2.0,1.0,1.9,135.0,7.0,6.0,7.83352,5.0,3458.15,57.0,131.0,7.0,5.0,5.0,5.0
3572.65,3687.15,3458.15,229.0,114.5,55.0,57.0,53.0,4.0,2.0,134.0,137.0,131.0,6.0,3.0,6.5,7.0,6.0,1.0,0.5,4.5,5.0,4.0,1.0,0.5,5.5,6.0,5.0,1.0,0.5,5.5,6.0,5.0,1.0,0.5,1.9,135.0,7.0,6.0,7.83352,5.0,3458.15,57.0,131.0,7.0,5.0,5.0,5.0
2626.65,3458.15,1795.15,1663.0,831.5,34.5,57.0,12.0,45.0,22.5,147.0,163.0,131.0,32.0,16.0,5.0,7.0,3.0,4.0,2.0,3.0,5.0,1.0,4.0,2.0,7.0,9.0,5.0,4.0,2.0,7.0,9.0,5.0,4.0,2.0,1.9,135.0,7.0,6.0,7.83352,5.0,3458.15,57.0,131.0,7.0,5.0,5.0,5.0
2075.4135,3458.15,692.6769999999999,2765.473,1382.7365,67.0,77.0,57.0,20.0,10.0,124.5,131.0,118.0,13.0,6.5,9.5,12.0,7.0,5.0,2.5,7.5,10.0,5.0,5.0,2.5,2.5,5.0,0.0,5.0,2.5,2.5,5.0,0.0,5.0,2.5,1.9,135.0,7.0,6.0,7.83352,5.0,3458.15,57.0,131.0,7.0,5.0,5.0,5.0
2792.65,3458.15,2127.15,1331.0,665.5,50.5,57.0,44.0,13.0,6.5,142.5,154.0,131.0,23.0,11.5,5.5,7.0,4.0,3.0,1.5,3.5,5.0,2.0,3.0,1.5,6.5,8.0,5.0,3.0,1.5,6.5,8.0,5.0,3.0,1.5,1.9,135.0,7.0,6.0,7.83352,5.0,3458.15,57.0,131.0,7.0,5.0,5.0,5.0
2421.15,2606.15,2236.15,370.0,185.0,62.0,64.0,60.0,4.0,2.0,125.0,125.0,125.0,0.0,0.0,8.5,9.0,8.0,1.0,0.5,7.5,8.0,7.0,1.0,0.5,3.5,4.0,3.0,1.0,0.5,2.5,3.0,2.0,1.0,0.5,2.28,135.0,9.0,5.0,7.4589,8.0,2236.15,64.0,125.0,9.0,8.0,3.0,2.0
2025.15,2236.15,1814.15,422.0,211.0,37.5,64.0,11.0,53.0,26.5,136.5,148.0,125.0,23.0,11.5,6.0,9.0,3.0,6.0,3.0,4.5,8.0,1.0,7.0,3.5,6.0,9.0,3.0,6.0,3.0,5.5,9.0,2.0,7.0,3.5,2.28,135.0,9.0,5.0,7.4589,8.0,2236.15,64.0,125.0,9.0,8.0,3.0,2.0
1370.615,2236.15,505.08,1731.0700000000002,865.5350000000001,77.0,90.0,64.0,26.0,13.0,132.5,140.0,125.0,15.0,7.5,6.5,9.0,4.0,5.0,2.5,9.0,10.0,8.0,2.0,1.0,3.5,4.0,3.0,1.0,0.5,1.0,2.0,0.0,2.0,1.0,2.28,135.0,9.0,5.0,7.4589,8.0,2236.15,64.0,125.0,9.0,8.0,3.0,2.0
2763.15,3290.15,2236.15,1054.0,527.0,56.5,64.0,49.0,15.0,7.5,135.5,146.0,125.0,21.0,10.5,7.0,9.0,5.0,4.0,2.0,5.5,8.0,3.0,5.0,2.5,5.0,7.0,3.0,4.0,2.0,4.5,7.0,2.0,5.0,2.5,2.28,135.0,9.0,5.0,7.4589,8.0,2236.15,64.0,125.0,9.0,8.0,3.0,2.0
2333.15,2430.15,2236.15,194.0,97.0,60.0,64.0,56.0,8.0,4.0,126.5,128.0,125.0,3.0,1.5,8.0,9.0,7.0,2.0,1.0,6.5,8.0,5.0,3.0,1.5,4.0,5.0,3.0,2.0,1.0,3.5,5.0,2.0,3.0,1.5,2.28,135.0,9.0,5.0,7.4589,8.0,2236.15,64.0,125.0,9.0,8.0,3.0,2.0
2089.65,2236.15,1943.15,293.0,146.5,53.5,64.0,43.0,21.0,10.5,130.5,136.0,125.0,11.0,5.5,6.5,9.0,4.0,5.0,2.5,5.0,8.0,2.0,6.0,3.0,5.5,8.0,3.0,5.0,2.5,5.0,8.0,2.0,6.0,3.0,2.28,135.0,9.0,5.0,7.4589,8.0,2236.15,64.0,125.0,9.0,8.0,3.0,2.0
1406.65,2236.15,577.15,1659.0,829.5000000000001,74.5,85.0,64.0,21.0,10.5,134.5,144.0,125.0,19.0,9.5,6.0,9.0,3.0,6.0,3.0,9.0,10.0,8.0,2.0,1.0,4.0,5.0,3.0,2.0,1.0,1.0,2.0,0.0,2.0,1.0,2.28,135.0,9.0,5.0,7.4589,8.0,2236.15,64.0,125.0,9.0,8.0,3.0,2.0
2209.65,2236.15,2183.15,53.0,26.5,55.5,64.0,47.0,17.0,8.5,129.5,134.0,125.0,9.0,4.5,7.0,9.0,5.0,4.0,2.0,5.5,8.0,3.0,5.0,2.5,5.0,7.0,3.0,4.0,2.0,4.5,7.0,2.0,5.0,2.5,2.28,135.0,9.0,5.0,7.4589,8.0,2236.15,64.0,125.0,9.0,8.0,3.0,2.0
2961.65,3687.15,2236.15,1451.0,725.5,58.5,64.0,53.0,11.0,5.5,131.0,137.0,125.0,12.0,6.0,7.5,9.0,6.0,3.0,1.5,6.0,8.0,4.0,4.0,2.0,4.5,6.0,3.0,3.0,1.5,4.0,6.0,2.0,4.0,2.0,2.28,135.0,9.0,5.0,7.4589,8.0,2236.15,64.0,125.0,9.0,8.0,3.0,2.0
2015.65,2236.15,1795.15,441.0,220.5,38.0,64.0,12.0,52.0,26.0,144.0,163.0,125.0,38.0,19.0,6.0,9.0,3.0,6.0,3.0,4.5,8.0,1.0,7.0,3.5,6.0,9.0,3.0,6.0,3.0,5.5,9.0,2.0,7.0,3.5,2.28,135.0,9.0,5.0,7.4589,8.0,2236.15,64.0,125.0,9.0,8.0,3.0,2.0
1464.4135,2236.15,692.6769999999999,1543.4730000000002,771.7365000000001,70.5,77.0,64.0,13.0,6.5,121.5,125.0,118.0,7.0,3.5,10.5,12.0,9.0,3.0,1.5,9.0,10.0,8.0,2.0,1.0,1.5,3.0,0.0,3.0,1.5,1.0,2.0,0.0,2.0,1.0,2.28,135.0,9.0,5.0,7.4589,8.0,2236.15,64.0,125.0,9.0,8.0,3.0,2.0
2181.65,2236.15,2127.15,109.0,54.5,54.0,64.0,44.0,20.0,10.0,139.5,154.0,125.0,29.0,14.5,6.5,9.0,4.0,5.0,2.5,5.0,8.0,2.0,6.0,3.0,5.5,8.0,3.0,5.0,2.5,5.0,8.0,2.0,6.0,3.0,2.28,135.0,9.0,5.0,7.4589,8.0,2236.15,64.0,125.0,9.0,8.0,3.0,2.0
2210.15,2606.15,1814.15,792.0,396.0,35.5,60.0,11.0,49.0,24.5,136.5,148.0,125.0,23.0,11.5,5.5,8.0,3.0,5.0,2.5,4.0,7.0,1.0,6.0,3.0,6.5,9.0,4.0,5.0,2.5,6.0,9.0,3.0,6.0,3.0,2.2,130.0,8.0,5.0,7.3605,7.0,2606.15,60.0,125.0,8.0,7.0,4.0,3.0
1555.615,2606.15,505.08,2101.07,1050.535,75.0,90.0,60.0,30.0,15.0,132.5,140.0,125.0,15.0,7.5,6.0,8.0,4.0,4.0,2.0,8.5,10.0,7.0,3.0,1.5,4.0,4.0,4.0,0.0,0.0,1.5,3.0,0.0,3.0,1.5,2.2,130.0,8.0,5.0,7.3605,7.0,2606.15,60.0,125.0,8.0,7.0,4.0,3.0
2948.15,3290.15,2606.15,684.0,342.0,54.5,60.0,49.0,11.0,5.5,135.5,146.0,125.0,21.0,10.5,6.5,8.0,5.0,3.0,1.5,5.0,7.0,3.0,4.0,2.0,5.5,7.0,4.0,3.0,1.5,5.0,7.0,3.0,4.0,2.0,2.2,130.0,8.0,5.0,7.3605,7.0,2606.15,60.0,125.0,8.0,7.0,4.0,3.0
2518.15,2606.15,2430.15,176.0,88.0,58.0,60.0,56.0,4.0,2.0,126.5,128.0,125.0,3.0,1.5,7.5,8.0,7.0,1.0,0.5,6.0,7.0,5.0,2.0,1.0,4.5,5.0,4.0,1.0,0.5,4.0,5.0,3.0,2.0,1.0,2.2,130.0,8.0,5.0,7.3605,7.0,2606.15,60.0,125.0,8.0,7.0,4.0,3.0
2274.65,2606.15,1943.15,663.0,331.5,51.5,60.0,43.0,17.0,8.5,130.5,136.0,125.0,11.0,5.5,6.0,8.0,4.0,4.0,2.0,4.5,7.0,2.0,5.0,2.5,6.0,8.0,4.0,4.0,2.0,5.5,8.0,3.0,5.0,2.5,2.2,130.0,8.0,5.0,7.3605,7.0,2606.15,60.0,125.0,8.0,7.0,4.0,3.0
1591.65,2606.15,577.15,2029.0,1014.5000000000001,72.5,85.0,60.0,25.0,12.5,134.5,144.0,125.0,19.0,9.5,5.5,8.0,3.0,5.0,2.5,8.5,10.0,7.0,3.0,1.5,4.5,5.0,4.0,1.0,0.5,1.5,3.0,0.0,3.0,1.5,2.2,130.0,8.0,5.0,7.3605,7.0,2606.15,60.0,125.0,8.0,7.0,4.0,3.0
2394.65,2606.15,2183.15,423.0,211.5,53.5,60.0,47.0,13.0,6.5,129.5,134.0,125.0,9.0,4.5,6.5,8.0,5.0,3.0,1.5,5.0,7.0,3.0,4.0,2.0,5.5,7.0,4.0,3.0,1.5,5.0,7.0,3.0,4.0,2.0,2.2,130.0,8.0,5.0,7.3605,7.0,2606.15,60.0,125.0,8.0,7.0,4.0,3.0
3146.65,3687.15,2606.15,1081.0,540.5,56.5,60.0,53.0,7.0,3.5,131.0,137.0,125.0,12.0,6.0,7.0,8.0,6.0,2.0,1.0,5.5,7.0,4.0,3.0,1.5,5.0,6.0,4.0,2.0,1.0,4.5,6.0,3.0,3.0,1.5,2.2,130.0,8.0,5.0,7.3605,7.0,2606.15,60.0,125.0,8.0,7.0,4.0,3.0
2200.65,2606.15,1795.15,811.0,405.5,36.0,60.0,12.0,48.0,24.0,144.0,163.0,125.0,38.0,19.0,5.5,8.0,3.0,5.0,2.5,4.0,7.0,1.0,6.0,3.0,6.5,9.0,4.0,5.0,2.5,6.0,9.0,3.0,6.0,3.0,2.2,130.0,8.0,5.0,7.3605,7.0,2606.15,60.0,125.0,8.0,7.0,4.0,3.0
1649.4135,2606.15,692.6769999999999,1913.4730000000002,956.7365000000001,68.5,77.0,60.0,17.0,8.5,121.5,125.0,118.0,7.0,3.5,10.0,12.0,8.0,4.0,2.0,8.5,10.0,7.0,3.0,1.5,2.0,4.0,0.0,4.0,2.0,1.5,3.0,0.0,3.0,1.5,2.2,130.0,8.0,5.0,7.3605,7.0,2606.15,60.0,125.0,8.0,7.0,4.0,3.0
2366.65,2606.15,2127.15,479.0,239.5,52.0,60.0,44.0,16.0,8.0,139.5,154.0,125.0,29.0,14.5,6.0,8.0,4.0,4.0,2.0,4.5,7.0,2.0,5.0,2.5,6.0,8.0,4.0,4.0,2.0,5.5,8.0,3.0,5.0,2.5,2.2,130.0,8.0,5.0,7.3605,7.0,2606.15,60.0,125.0,8.0,7.0,4.0,3.0
1159.615,1814.15,505.08,1309.0700000000002,654.5350000000001,50.5,90.0,11.0,79.0,39.5,144.0,148.0,140.0,8.0,4.0,3.5,4.0,3.0,1.0,0.5,5.5,10.0,1.0,9.0,4.5,6.5,9.0,4.0,5.0,2.5,4.5,9.0,0.0,9.0,4.5,1.36,160.0,3.0,4.0,6.56149,1.0,1814.15,11.0,148.0,3.0,1.0,9.0,9.0
2552.15,3290.15,1814.15,1476.0,738.0,30.0,49.0,11.0,38.0,19.0,147.0,148.0,146.0,2.0,1.0,4.0,5.0,3.0,2.0,1.0,2.0,3.0,1.0,2.0,1.0,8.0,9.0,7.0,2.0,1.0,8.0,9.0,7.0,2.0,1.0,1.36,160.0,3.0,4.0,6.56149,1.0,1814.15,11.0,148.0,3.0,1.0,9.0,9.0
2122.15,2430.15,1814.15,616.0,308.0,33.5,56.0,11.0,45.0,22.5,138.0,148.0,128.0,20.0,10.0,5.0,7.0,3.0,4.0,2.0,3.0,5.0,1.0,4.0,2.0,7.0,9.0,5.0,4.0,2.0,7.0,9.0,5.0,4.0,2.0,1.36,160.0,3.0,4.0,6.56149,1.0,1814.15,11.0,148.0,3.0,1.0,9.0,9.0
1878.65,1943.15,1814.15,129.0,64.5,27.0,43.0,11.0,32.0,16.0,142.0,148.0,136.0,12.0,6.0,3.5,4.0,3.0,1.0,0.5,1.5,2.0,1.0,1.0,0.5,8.5,9.0,8.0,1.0,0.5,8.5,9.0,8.0,1.0,0.5,1.36,160.0,3.0,4.0,6.56149,1.0,1814.15,11.0,148.0,3.0,1.0,9.0,9.0
1195.65,1814.15,577.15,1237.0,618.5,48.0,85.0,11.0,74.0,37.0,146.0,148.0,144.0,4.0,2.0,3.0,3.0,3.0,0.0,0.0,5.5,10.0,1.0,9.0,4.5,7.0,9.0,5.0,4.0,2.0,4.5,9.0,0.0,9.0,4.5,1.36,160.0,3.0,4.0,6.56149,1.0,1814.15,11.0,148.0,3.0,1.0,9.0,9.0
1998.65,2183.15,1814.15,369.0,184.5,29.0,47.0,11.0,36.0,18.0,141.0,148.0,134.0,14.0,7.0,4.0,5.0,3.0,2.0,1.0,2.0,3.0,1.0,2.0,1.0,8.0,9.0,7.0,2.0,1.0,8.0,9.0,7.0,2.0,1.0,1.36,160.0,3.0,4.0,6.56149,1.0,1814.15,11.0,148.0,3.0,1.0,9.0,9.0
2750.65,3687.15,1814.15,1873.0,936.5,32.0,53.0,11.0,42.0,21.0,142.5,148.0,137.0,11.0,5.5,4.5,6.0,3.0,3.0,1.5,2.5,4.0,1.0,3.0,1.5,7.5,9.0,6.0,3.0,1.5,7.5,9.0,6.0,3.0,1.5,1.36,160.0,3.0,4.0,6.56149,1.0,1814.15,11.0,148.0,3.0,1.0,9.0,9.0
1804.65,1814.15,1795.15,19.0,9.5,11.5,12.0,11.0,1.0,0.5,155.5,163.0,148.0,15.0,7.5,3.0,3.0,3.0,0.0,0.0,1.0,1.0,1.0,0.0,0.0,9.0,9.0,9.0,0.0,0.0,9.0,9.0,9.0,0.0,0.0,1.36,160.0,3.0,4.0,6.56149,1.0,1814.15,11.0,148.0,3.0,1.0,9.0,9.0
1253.4135,1814.15,692.6769999999999,1121.4730000000002,560.7365000000001,44.0,77.0,11.0,66.0,33.0,133.0,148.0,118.0,30.0,15.0,7.5,12.0,3.0,9.0,4.5,5.5,10.0,1.0,9.0,4.5,4.5,9.0,0.0,9.0,4.5,4.5,9.0,0.0,9.0,4.5,1.36,160.0,3.0,4.0,6.56149,1.0,1814.15,11.0,148.0,3.0,1.0,9.0,9.0
1970.65,2127.15,1814.15,313.0,156.5,27.5,44.0,11.0,33.0,16.5,151.0,154.0,148.0,6.0,3.0,3.5,4.0,3.0,1.0,0.5,1.5,2.0,1.0,1.0,0.5,8.5,9.0,8.0,1.0,0.5,8.5,9.0,8.0,1.0,0.5,1.36,160.0,3.0,4.0,6.56149,1.0,1814.15,11.0,148.0,3.0,1.0,9.0,9.0
1897.615,3290.15,505.08,2785.07,1392.535,69.5,90.0,49.0,41.0,20.5,143.0,146.0,140.0,6.0,3.0,4.5,5.0,4.0,1.0,0.5,6.5,10.0,3.0,7.0,3.5,5.5,7.0,4.0,3.0,1.5,3.5,7.0,0.0,7.0,3.5,1.96,145.0,14.0,5.0,7.343918,10.0,505.08,90.0,140.0,4.0,10.0,4.0,0.0
1467.615,2430.15,505.08,1925.0700000000002,962.5350000000001,73.0,90.0,56.0,34.0,17.0,134.0,140.0,128.0,12.0,6.0,5.5,7.0,4.0,3.0,1.5,7.5,10.0,5.0,5.0,2.5,4.5,5.0,4.0,1.0,0.5,2.5,5.0,0.0,5.0,2.5,1.96,145.0,14.0,5.0,7.343918,10.0,505.08,90.0,140.0,4.0,10.0,4.0,0.0
1224.115,1943.15,505.08,1438.0700000000002,719.0350000000001,66.5,90.0,43.0,47.0,23.5,138.0,140.0,136.0,4.0,2.0,4.0,4.0,4.0,0.0,0.0,6.0,10.0,2.0,8.0,4.0,6.0,8.0,4.0,4.0,2.0,4.0,8.0,0.0,8.0,4.0,1.96,145.0,14.0,5.0,7.343918,10.0,505.08,90.0,140.0,4.0,10.0,4.0,0.0
541.115,577.15,505.08,72.07,36.035,87.5,90.0,85.0,5.0,2.5,142.0,144.0,140.0,4.0,2.0,3.5,4.0,3.0,1.0,0.5,10.0,10.0,10.0,0.0,0.0,4.5,5.0,4.0,1.0,0.5,0.0,0.0,0.0,0.0,0.0,1.96,145.0,14.0,5.0,7.343918,10.0,505.08,90.0,140.0,4.0,10.0,4.0,0.0
1344.115,2183.15,505.08,1678.0700000000002,839.0350000000001,68.5,90.0,47.0,43.0,21.5,137.0,140.0,134.0,6.0,3.0,4.5,5.0,4.0,1.0,0.5,6.5,10.0,3.0,7.0,3.5,5.5,7.0,4.0,3.0,1.5,3.5,7.0,0.0,7.0,3.5,1.96,145.0,14.0,5.0,7.343918,10.0,505.08,90.0,140.0,4.0,10.0,4.0,0.0
2096.1150000000002,3687.15,505.08,3182.07,1591.035,71.5,90.0,53.0,37.0,18.5,138.5,140.0,137.0,3.0,1.5,5.0,6.0,4.0,2.0,1.0,7.0,10.0,4.0,6.0,3.0,5.0,6.0,4.0,2.0,1.0,3.0,6.0,0.0,6.0,3.0,1.96,145.0,14.0,5.0,7.343918,10.0,505.08,90.0,140.0,4.0,10.0,4.0,0.0
1150.115,1795.15,505.08,1290.0700000000002,645.0350000000001,51.0,90.0,12.0,78.0,39.0,151.5,163.0,140.0,23.0,11.5,3.5,4.0,3.0,1.0,0.5,5.5,10.0,1.0,9.0,4.5,6.5,9.0,4.0,5.0,2.5,4.5,9.0,0.0,9.0,4.5,1.96,145.0,14.0,5.0,7.343918,10.0,505.08,90.0,140.0,4.0,10.0,4.0,0.0
598.8784999999999,692.6769999999999,505.08,187.59699999999992,93.79849999999996,83.5,90.0,77.0,13.0,6.5,129.0,140.0,118.0,22.0,11.0,8.0,12.0,4.0,8.0,4.0,10.0,10.0,10.0,0.0,0.0,2.0,4.0,0.0,4.0,2.0,0.0,0.0,0.0,0.0,0.0,1.96,145.0,14.0,5.0,7.343918,10.0,505.08,90.0,140.0,4.0,10.0,4.0,0.0
1316.115,2127.15,505.08,1622.0700000000002,811.0350000000001,67.0,90.0,44.0,46.0,23.0,147.0,154.0,140.0,14.0,7.0,4.0,4.0,4.0,0.0,0.0,6.0,10.0,2.0,8.0,4.0,6.0,8.0,4.0,4.0,2.0,4.0,8.0,0.0,8.0,4.0,1.96,145.0,14.0,5.0,7.343918,10.0,505.08,90.0,140.0,4.0,10.0,4.0,0.0
2860.15,3290.15,2430.15,860.0,430.0,52.5,56.0,49.0,7.0,3.5,137.0,146.0,128.0,18.0,9.0,6.0,7.0,5.0,2.0,1.0,4.0,5.0,3.0,2.0,1.0,6.0,7.0,5.0,2.0,1.0,6.0,7.0,5.0,2.0,1.0,1.5,145.0,5.0,6.0,7.549571,3.0,3290.15,49.0,146.0,5.0,3.0,7.0,7.0
2616.65,3290.15,1943.15,1347.0,673.5,46.0,49.0,43.0,6.0,3.0,141.0,146.0,136.0,10.0,5.0,4.5,5.0,4.0,1.0,0.5,2.5,3.0,2.0,1.0,0.5,7.5,8.0,7.0,1.0,0.5,7.5,8.0,7.0,1.0,0.5,1.5,145.0,5.0,6.0,7.549571,3.0,3290.15,49.0,146.0,5.0,3.0,7.0,7.0
1933.65,3290.15,577.15,2713.0,1356.5,67.0,85.0,49.0,36.0,18.0,145.0,146.0,144.0,2.0,1.0,4.0,5.0,3.0,2.0,1.0,6.5,10.0,3.0,7.0,3.5,6.0,7.0,5.0,2.0,1.0,3.5,7.0,0.0,7.0,3.5,1.5,145.0,5.0,6.0,7.549571,3.0,3290.15,49.0,146.0,5.0,3.0,7.0,7.0
2736.65,3290.15,2183.15,1107.0,553.5,48.0,49.0,47.0,2.0,1.0,140.0,146.0,134.0,12.0,6.0,5.0,5.0,5.0,0.0,0.0,3.0,3.0,3.0,0.0,0.0,7.0,7.0,7.0,0.0,0.0,7.0,7.0,7.0,0.0,0.0,1.5,145.0,5.0,6.0,7.549571,3.0,3290.15,49.0,146.0,5.0,3.0,7.0,7.0
3488.65,3687.15,3290.15,397.0,198.5,51.0,53.0,49.0,4.0,2.0,141.5,146.0,137.0,9.0,4.5,5.5,6.0,5.0,1.0,0.5,3.5,4.0,3.0,1.0,0.5,6.5,7.0,6.0,1.0,0.5,6.5,7.0,6.0,1.0,0.5,1.5,145.0,5.0,6.0,7.549571,3.0,3290.15,49.0,146.0,5.0,3.0,7.0,7.0
2542.65,3290.15,1795.15,1495.0,747.5,30.5,49.0,12.0,37.0,18.5,154.5,163.0,146.0,17.0,8.5,4.0,5.0,3.0,2.0,1.0,2.0,3.0,1.0,2.0,1.0,8.0,9.0,7.0,2.0,1.0,8.0,9.0,7.0,2.0,1.0,1.5,145.0,5.0,6.0,7.549571,3.0,3290.15,49.0,146.0,5.0,3.0,7.0,7.0
1991.4135,3290.15,692.6769999999999,2597.473,1298.7365000000002,63.0,77.0,49.0,28.0,14.0,132.0,146.0,118.0,28.0,14.0,8.5,12.0,5.0,7.0,3.5,6.5,10.0,3.0,7.0,3.5,3.5,7.0,0.0,7.0,3.5,3.5,7.0,0.0,7.0,3.5,1.5,145.0,5.0,6.0,7.549571,3.0,3290.15,49.0,146.0,5.0,3.0,7.0,7.0
2708.65,3290.15,2127.15,1163.0,581.5,46.5,49.0,44.0,5.0,2.5,150.0,154.0,146.0,8.0,4.0,4.5,5.0,4.0,1.0,0.5,2.5,3.0,2.0,1.0,0.5,7.5,8.0,7.0,1.0,0.5,7.5,8.0,7.0,1.0,0.5,1.5,145.0,5.0,6.0,7.549571,3.0,3290.15,49.0,146.0,5.0,3.0,7.0,7.0
2186.65,2430.15,1943.15,487.0,243.5,49.5,56.0,43.0,13.0,6.5,132.0,136.0,128.0,8.0,4.0,5.5,7.0,4.0,3.0,1.5,3.5,5.0,2.0,3.0,1.5,6.5,8.0,5.0,3.0,1.5,6.5,8.0,5.0,3.0,1.5,2.1,135.0,7.0,5.0,7.11938,5.0,2430.15,56.0,128.0,7.0,5.0,5.0,5.0
1503.65,2430.15,577.15,1853.0,926.5000000000001,70.5,85.0,56.0,29.0,14.5,136.0,144.0,128.0,16.0,8.0,5.0,7.0,3.0,4.0,2.0,7.5,10.0,5.0,5.0,2.5,5.0,5.0,5.0,0.0,0.0,2.5,5.0,0.0,5.0,2.5,2.1,135.0,7.0,5.0,7.11938,5.0,2430.15,56.0,128.0,7.0,5.0,5.0,5.0
2306.65,2430.15,2183.15,247.0,123.5,51.5,56.0,47.0,9.0,4.5,131.0,134.0,128.0,6.0,3.0,6.0,7.0,5.0,2.0,1.0,4.0,5.0,3.0,2.0,1.0,6.0,7.0,5.0,2.0,1.0,6.0,7.0,5.0,2.0,1.0,2.1,135.0,7.0,5.0,7.11938,5.0,2430.15,56.0,128.0,7.0,5.0,5.0,5.0
3058.65,3687.15,2430.15,1257.0,628.5,54.5,56.0,53.0,3.0,1.5,132.5,137.0,128.0,9.0,4.5,6.5,7.0,6.0,1.0,0.5,4.5,5.0,4.0,1.0,0.5,5.5,6.0,5.0,1.0,0.5,5.5,6.0,5.0,1.0,0.5,2.1,135.0,7.0,5.0,7.11938,5.0,2430.15,56.0,128.0,7.0,5.0,5.0,5.0
2112.65,2430.15,1795.15,635.0,317.5,34.0,56.0,12.0,44.0,22.0,145.5,163.0,128.0,35.0,17.5,5.0,7.0,3.0,4.0,2.0,3.0,5.0,1.0,4.0,2.0,7.0,9.0,5.0,4.0,2.0,7.0,9.0,5.0,4.0,2.0,2.1,135.0,7.0,5.0,7.11938,5.0,2430.15,56.0,128.0,7.0,5.0,5.0,5.0
1561.4135,2430.15,692.6769999999999,1737.4730000000002,868.7365000000001,66.5,77.0,56.0,21.0,10.5,123.0,128.0,118.0,10.0,5.0,9.5,12.0,7.0,5.0,2.5,7.5,10.0,5.0,5.0,2.5,2.5,5.0,0.0,5.0,2.5,2.5,5.0,0.0,5.0,2.5,2.1,135.0,7.0,5.0,7.11938,5.0,2430.15,56.0,128.0,7.0,5.0,5.0,5.0
2278.65,2430.15,2127.15,303.0,151.5,50.0,56.0,44.0,12.0,6.0,141.0,154.0,128.0,26.0,13.0,5.5,7.0,4.0,3.0,1.5,3.5,5.0,2.0,3.0,1.5,6.5,8.0,5.0,3.0,1.5,6.5,8.0,5.0,3.0,1.5,2.1,135.0,7.0,5.0,7.11938,5.0,2430.15,56.0,128.0,7.0,5.0,5.0,5.0
1260.15,1943.15,577.15,1366.0,683.0000000000001,64.0,85.0,43.0,42.0,21.0,140.0,144.0,136.0,8.0,4.0,3.5,4.0,3.0,1.0,0.5,6.0,10.0,2.0,8.0,4.0,6.5,8.0,5.0,3.0,1.5,4.0,8.0,0.0,8.0,4.0,1.54,140.0,4.0,4.0,6.82812,2.0,1943.15,43.0,136.0,4.0,2.0,8.0,8.0
2063.15,2183.15,1943.15,240.0,120.0,45.0,47.0,43.0,4.0,2.0,135.0,136.0,134.0,2.0,1.0,4.5,5.0,4.0,1.0,0.5,2.5,3.0,2.0,1.0,0.5,7.5,8.0,7.0,1.0,0.5,7.5,8.0,7.0,1.0,0.5,1.54,140.0,4.0,4.0,6.82812,2.0,1943.15,43.0,136.0,4.0,2.0,8.0,8.0
2815.15,3687.15,1943.15,1744.0,872.0,48.0,53.0,43.0,10.0,5.0,136.5,137.0,136.0,1.0,0.5,5.0,6.0,4.0,2.0,1.0,3.0,4.0,2.0,2.0,1.0,7.0,8.0,6.0,2.0,1.0,7.0,8.0,6.0,2.0,1.0,1.54,140.0,4.0,4.0,6.82812,2.0,1943.15,43.0,136.0,4.0,2.0,8.0,8.0
1869.15,1943.15,1795.15,148.0,74.0,27.5,43.0,12.0,31.0,15.5,149.5,163.0,136.0,27.0,13.5,3.5,4.0,3.0,1.0,0.5,1.5,2.0,1.0,1.0,0.5,8.5,9.0,8.0,1.0,0.5,8.5,9.0,8.0,1.0,0.5,1.54,140.0,4.0,4.0,6.82812,2.0,1943.15,43.0,136.0,4.0,2.0,8.0,8.0
1317.9135,1943.15,692.6769999999999,1250.4730000000002,625.2365000000001,60.0,77.0,43.0,34.0,17.0,127.0,136.0,118.0,18.0,9.0,8.0,12.0,4.0,8.0,4.0,6.0,10.0,2.0,8.0,4.0,4.0,8.0,0.0,8.0,4.0,4.0,8.0,0.0,8.0,4.0,1.54,140.0,4.0,4.0,6.82812,2.0,1943.15,43.0,136.0,4.0,2.0,8.0,8.0
2035.15,2127.15,1943.15,184.0,92.0,43.5,44.0,43.0,1.0,0.5,145.0,154.0,136.0,18.0,9.0,4.0,4.0,4.0,0.0,0.0,2.0,2.0,2.0,0.0,0.0,8.0,8.0,8.0,0.0,0.0,8.0,8.0,8.0,0.0,0.0,1.54,140.0,4.0,4.0,6.82812,2.0,1943.15,43.0,136.0,4.0,2.0,8.0,8.0
2132.15,3687.15,577.15,3110.0,1555.0,69.0,85.0,53.0,32.0,16.0,140.5,144.0,137.0,7.0,3.5,4.5,6.0,3.0,3.0,1.5,7.0,10.0,4.0,6.0,3.0,5.5,6.0,5.0,1.0,0.5,3.0,6.0,0.0,6.0,3.0,1.8,190.0,13.0,6.0,6.1082873,10.0,577.15,85.0,144.0,3.0,10.0,5.0,0.0
1186.15,1795.15,577.15,1218.0,609.0,48.5,85.0,12.0,73.0,36.5,153.5,163.0,144.0,19.0,9.5,3.0,3.0,3.0,0.0,0.0,5.5,10.0,1.0,9.0,4.5,7.0,9.0,5.0,4.0,2.0,4.5,9.0,0.0,9.0,4.5,1.8,190.0,13.0,6.0,6.1082873,10.0,577.15,85.0,144.0,3.0,10.0,5.0,0.0
634.9134999999999,692.6769999999999,577.15,115.52699999999993,57.763499999999965,81.0,85.0,77.0,8.0,4.0,131.0,144.0,118.0,26.0,13.0,7.5,12.0,3.0,9.0,4.5,10.0,10.0,10.0,0.0,0.0,2.5,5.0,0.0,5.0,2.5,0.0,0.0,0.0,0.0,0.0,1.8,190.0,13.0,6.0,6.1082873,10.0,577.15,85.0,144.0,3.0,10.0,5.0,0.0
1352.15,2127.15,577.15,1550.0,775.0000000000001,64.5,85.0,44.0,41.0,20.5,149.0,154.0,144.0,10.0,5.0,3.5,4.0,3.0,1.0,0.5,6.0,10.0,2.0,8.0,4.0,6.5,8.0,5.0,3.0,1.5,4.0,8.0,0.0,8.0,4.0,1.8,190.0,13.0,6.0,6.1082873,10.0,577.15,85.0,144.0,3.0,10.0,5.0,0.0
2935.15,3687.15,2183.15,1504.0,752.0,50.0,53.0,47.0,6.0,3.0,135.5,137.0,134.0,3.0,1.5,5.5,6.0,5.0,1.0,0.5,3.5,4.0,3.0,1.0,0.5,6.5,7.0,6.0,1.0,0.5,6.5,7.0,6.0,1.0,0.5,1.63,135.0,5.0,4.0,6.746187,3.0,2183.15,47.0,134.0,5.0,3.0,7.0,7.0
1437.9135,2183.15,692.6769999999999,1490.4730000000002,745.2365000000001,62.0,77.0,47.0,30.0,15.0,126.0,134.0,118.0,16.0,8.0,8.5,12.0,5.0,7.0,3.5,6.5,10.0,3.0,7.0,3.5,3.5,7.0,0.0,7.0,3.5,3.5,7.0,0.0,7.0,3.5,1.63,135.0,5.0,4.0,6.746187,3.0,2183.15,47.0,134.0,5.0,3.0,7.0,7.0
2155.15,2183.15,2127.15,56.0,28.0,45.5,47.0,44.0,3.0,1.5,144.0,154.0,134.0,20.0,10.0,4.5,5.0,4.0,1.0,0.5,2.5,3.0,2.0,1.0,0.5,7.5,8.0,7.0,1.0,0.5,7.5,8.0,7.0,1.0,0.5,1.63,135.0,5.0,4.0,6.746187,3.0,2183.15,47.0,134.0,5.0,3.0,7.0,7.0
2741.15,3687.15,1795.15,1892.0,946.0,32.5,53.0,12.0,41.0,20.5,150.0,163.0,137.0,26.0,13.0,4.5,6.0,3.0,3.0,1.5,2.5,4.0,1.0,3.0,1.5,7.5,9.0,6.0,3.0,1.5,7.5,9.0,6.0,3.0,1.5,1.7,135.0,6.0,6.0,7.86403,4.0,3687.15,53.0,137.0,6.0,4.0,6.0,6.0
2189.9135,3687.15,692.6769999999999,2994.473,1497.2365,65.0,77.0,53.0,24.0,12.0,127.5,137.0,118.0,19.0,9.5,9.0,12.0,6.0,6.0,3.0,7.0,10.0,4.0,6.0,3.0,3.0,6.0,0.0,6.0,3.0,3.0,6.0,0.0,6.0,3.0,1.7,135.0,6.0,6.0,7.86403,4.0,3687.15,53.0,137.0,6.0,4.0,6.0,6.0
2907.15,3687.15,2127.15,1560.0,780.0,48.5,53.0,44.0,9.0,4.5,145.5,154.0,137.0,17.0,8.5,5.0,6.0,4.0,2.0,1.0,3.0,4.0,2.0,2.0,1.0,7.0,8.0,6.0,2.0,1.0,7.0,8.0,6.0,2.0,1.0,1.7,135.0,6.0,6.0,7.86403,4.0,3687.15,53.0,137.0,6.0,4.0,6.0,6.0
1243.9135,1795.15,692.6769999999999,1102.4730000000002,551.2365000000001,44.5,77.0,12.0,65.0,32.5,140.5,163.0,118.0,45.0,22.5,7.5,12.0,3.0,9.0,4.5,5.5,10.0,1.0,9.0,4.5,4.5,9.0,0.0,9.0,4.5,4.5,9.0,0.0,9.0,4.5,1.22,180.0,3.0,5.0,6.21726,1.0,1795.15,12.0,163.0,3.0,1.0,9.0,9.0
1961.15,2127.15,1795.15,332.0,166.0,28.0,44.0,12.0,32.0,16.0,158.5,163.0,154.0,9.0,4.5,3.5,4.0,3.0,1.0,0.5,1.5,2.0,1.0,1.0,0.5,8.5,9.0,8.0,1.0,0.5,8.5,9.0,8.0,1.0,0.5,1.22,180.0,3.0,5.0,6.21726,1.0,1795.15,12.0,163.0,3.0,1.0,9.0,9.0
1409.9135,2127.15,692.6769999999999,1434.4730000000002,717.2365000000001,60.5,77.0,44.0,33.0,16.5,136.0,154.0,118.0,36.0,18.0,8.0,12.0,4.0,8.0,4.0,6.0,10.0,2.0,8.0,4.0,4.0,8.0,0.0,8.0,4.0,4.0,8.0,0.0,8.0,4.0,1.65,135.0,12.0,4.0,9.394197,10.0,692.6769999999999,77.0,118.0,12.0,10.0,0.0,0.0
1159.5657499999998,1234.9299999999998,933.473,301.4569999999999,130.5347100743227,74.5,82.0,72.0,10.0,4.330127018922194,127.5,128.0,126.0,2.0,0.8660254037844386,9.0,11.0,3.0,8.0,3.4641016151377544,7.5,10.0,0.0,10.0,4.330127018922194,2.0,5.0,1.0,4.0,1.7320508075688772,0.0,0.0,0.0,0.0,0.0,1.93,160.0,11.0,5.0,7.576234,10.0,1234.9299999999998,72.0,128.0,11.0,10.0,1.0,0.0
1260.5299999999997,1337.33,1234.9299999999998,102.40000000000009,44.3405006737633,72.25,73.0,72.0,1.0,0.4330127018922193,127.0,128.0,124.0,4.0,1.7320508075688772,11.0,11.0,11.0,0.0,0.0,10.0,10.0,10.0,0.0,0.0,1.0,1.0,1.0,0.0,0.0,0.0,0.0,0.0,0.0,0.0,1.93,160.0,11.0,5.0,7.576234,10.0,1234.9299999999998,72.0,128.0,11.0,10.0,1.0,0.0
1062.3355,1234.9299999999998,544.5519999999999,690.3779999999999,298.94244310694654,78.25,97.0,72.0,25.0,10.825317547305483,133.75,151.0,128.0,23.0,9.959292143521045,9.5,11.0,5.0,6.0,2.598076211353316,10.0,10.0,10.0,0.0,0.0,1.5,3.0,1.0,2.0,0.8660254037844386,0.0,0.0,0.0,0.0,0.0,1.93,160.0,11.0,5.0,7.576234,10.0,1234.9299999999998,72.0,128.0,11.0,10.0,1.0,0.0
1368.235,1768.15,1234.9299999999998,533.2200000000003,230.8910329029693,69.75,72.0,63.0,9.0,3.897114317029974,123.75,128.0,111.00000000000001,16.999999999999986,7.361215932167722,10.5,11.0,9.0,2.0,0.8660254037844386,9.25,10.0,7.0,3.0,1.299038105676658,1.5,3.0,1.0,2.0,0.8660254037844386,0.75,3.0,0.0,3.0,1.299038105676658,1.93,160.0,11.0,5.0,7.576234,10.0,1234.9299999999998,72.0,128.0,11.0,10.0,1.0,0.0
1471.235,2180.15,1234.9299999999998,945.2200000000003,409.2922660825637,66.75,72.0,51.0,21.0,9.093266739736606,126.5,128.0,122.0,6.0,2.598076211353316,9.75,11.0,6.0,5.0,2.165063509461097,8.75,10.0,5.0,5.0,2.165063509461097,2.25,6.0,1.0,5.0,2.165063509461097,1.25,5.0,0.0,5.0,2.165063509461097,1.93,160.0,11.0,5.0,7.576234,10.0,1234.9299999999998,72.0,128.0,11.0,10.0,1.0,0.0
1265.6399999999999,1357.77,1234.9299999999998,122.84000000000015,53.19128030044028,71.75,72.0,71.0,1.0,0.4330127018922193,124.0,128.0,112.00000000000001,15.999999999999986,6.928203230275503,11.0,11.0,11.0,0.0,0.0,10.0,10.0,10.0,0.0,0.0,1.0,1.0,1.0,0.0,0.0,0.0,0.0,0.0,0.0,0.0,1.93,160.0,11.0,5.0,7.576234,10.0,1234.9299999999998,72.0,128.0,11.0,10.0,1.0,0.0
1378.985,1811.15,1234.9299999999998,576.2200000000003,249.51057908433472,68.75,72.0,59.0,13.0,5.629165124598851,125.0,128.0,115.99999999999999,12.000000000000014,5.196152422706638,10.25,11.0,8.0,3.0,1.299038105676658,9.0,10.0,6.0,4.0,1.7320508075688772,1.75,4.0,1.0,3.0,1.299038105676658,1.0,4.0,0.0,4.0,1.7320508075688772,1.93,160.0,11.0,5.0,7.576234,10.0,1234.9299999999998,72.0,128.0,11.0,10.0,1.0,0.0
1001.9261499999999,1234.9299999999998,302.91459999999995,932.0153999999999,403.5745065591575,74.75,83.0,72.0,11.0,4.763139720814412,127.0,128.0,124.0,4.0,1.7320508075688772,9.0,11.0,3.0,8.0,3.4641016151377544,10.0,10.0,10.0,0.0,0.0,2.0,5.0,1.0,4.0,1.7320508075688772,0.0,0.0,0.0,0.0,0.0,1.93,160.0,11.0,5.0,7.576234,10.0,1234.9299999999998,72.0,128.0,11.0,10.0,1.0,0.0
1552.735,2506.15,1234.9299999999998,1271.2200000000003,550.4544068994271,65.25,72.0,45.0,27.0,11.691342951089922,134.0,152.0,128.0,24.0,10.392304845413264,9.25,11.0,4.0,7.0,3.031088913245535,8.0,10.0,2.0,8.0,3.4641016151377544,2.75,8.0,1.0,7.0,3.031088913245535,2.0,8.0,0.0,8.0,3.4641016151377544,1.93,160.0,11.0,5.0,7.576234,10.0,1234.9299999999998,72.0,128.0,11.0,10.0,1.0,0.0
984.7777499999999,1234.9299999999998,234.32099999999997,1000.6089999999999,433.2764066276716,73.75,79.0,72.0,7.0,3.031088913245535,129.25,133.0,128.0,5.0,2.165063509461097,11.25,12.0,11.0,1.0,0.4330127018922193,10.0,10.0,10.0,0.0,0.0,0.75,1.0,0.0,1.0,0.4330127018922193,0.0,0.0,0.0,0.0,0.0,1.93,160.0,11.0,5.0,7.576234,10.0,1234.9299999999998,72.0,128.0,11.0,10.0,1.0,0.0
1605.985,2719.15,1234.9299999999998,1484.2200000000003,642.6861124024698,70.25,72.0,65.0,7.0,3.031088913245535,126.5,128.0,122.0,6.0,2.598076211353316,10.5,11.0,9.0,2.0,0.8660254037844386,9.25,10.0,7.0,3.0,1.299038105676658,1.5,3.0,1.0,2.0,0.8660254037844386,0.75,3.0,0.0,3.0,1.299038105676658,1.93,160.0,11.0,5.0,7.576234,10.0,1234.9299999999998,72.0,128.0,11.0,10.0,1.0,0.0
1224.485,1234.9299999999998,1193.15,41.779999999999745,18.091270685056813,57.25,72.0,13.0,59.0,25.54774941164094,141.0,180.0,128.0,52.0,22.516660498395403,9.0,11.0,3.0,8.0,3.4641016151377544,7.75,10.0,1.0,9.0,3.897114317029974,3.0,9.0,1.0,8.0,3.4641016151377544,2.25,9.0,0.0,9.0,3.897114317029974,1.93,160.0,11.0,5.0,7.576234,10.0,1234.9299999999998,72.0,128.0,11.0,10.0,1.0,0.0
1649.985,2895.15,1234.9299999999998,1660.2200000000003,718.8963479355004,67.0,72.0,52.0,20.0,8.660254037844387,130.5,138.0,128.0,10.0,4.330127018922194,9.75,11.0,6.0,5.0,2.165063509461097,8.75,10.0,5.0,5.0,2.165063509461097,2.25,6.0,1.0,5.0,2.165063509461097,1.25,5.0,0.0,5.0,2.165063509461097,1.93,160.0,11.0,5.0,7.576234,10.0,1234.9299999999998,72.0,128.0,11.0,10.0,1.0,0.0
1613.735,2750.15,1234.9299999999998,1515.2200000000003,656.1095061611287,66.0,72.0,48.0,24.0,10.392304845413264,132.75,147.0,128.0,19.0,8.227241335952167,9.5,11.0,5.0,6.0,2.598076211353316,8.5,10.0,4.0,6.0,2.598076211353316,2.5,7.0,1.0,6.0,2.598076211353316,1.5,6.0,0.0,6.0,2.598076211353316,1.93,160.0,11.0,5.0,7.576234,10.0,1234.9299999999998,72.0,128.0,11.0,10.0,1.0,0.0
1358.235,1728.15,1234.9299999999998,493.22000000000025,213.57052482728054,70.75,72.0,67.0,5.0,2.165063509461097,123.5,128.0,110.00000000000001,17.999999999999986,7.794228634059942,10.75,11.0,10.0,1.0,0.4330127018922193,9.5,10.0,8.0,2.0,0.8660254037844386,1.25,2.0,1.0,1.0,0.4330127018922193,0.5,2.0,0.0,2.0,0.8660254037844386,1.93,160.0,11.0,5.0,7.576234,10.0,1234.9299999999998,72.0,128.0,11.0,10.0,1.0,0.0
1752.735,3306.15,1234.9299999999998,2071.2200000000003,896.8645684132026,69.25,72.0,61.0,11.0,4.763139720814412,128.25,129.0,128.0,1.0,0.4330127018922193,10.25,11.0,8.0,3.0,1.299038105676658,9.0,10.0,6.0,4.0,1.7320508075688772,1.75,4.0,1.0,3.0,1.299038105676658,1.0,4.0,0.0,4.0,1.7320508075688772,1.93,160.0,11.0,5.0,7.576234,10.0,1234.9299999999998,72.0,128.0,11.0,10.0,1.0,0.0
1076.3504999999998,1234.9299999999998,600.612,634.3179999999999,274.6677510388687,76.75,91.0,72.0,19.0,8.227241335952167,132.0,144.0,128.0,16.0,6.928203230275509,9.25,11.0,4.0,7.0,3.031088913245535,10.0,10.0,10.0,0.0,0.0,1.75,4.0,1.0,3.0,1.299038105676658,0.0,0.0,0.0,0.0,0.0,1.93,160.0,11.0,5.0,7.576234,10.0,1234.9299999999998,72.0,128.0,11.0,10.0,1.0,0.0
1383.185,1827.9499999999998,1234.9299999999998,593.02,256.7851924761239,71.0,72.0,68.0,4.0,1.7320508075688772,126.0,128.0,120.0,8.0,3.4641016151377544,10.75,11.0,10.0,1.0,0.4330127018922193,10.0,10.0,10.0,0.0,0.0,0.75,1.0,0.0,1.0,0.4330127018922193,0.0,0.0,0.0,0.0,0.0,1.93,160.0,11.0,5.0,7.576234,10.0,1234.9299999999998,72.0,128.0,11.0,10.0,1.0,0.0
1436.5349999999999,2041.35,1234.9299999999998,806.4200000000001,349.19010305992356,71.25,72.0,69.0,3.0,1.299038105676658,126.75,128.0,123.0,5.0,2.165063509461097,10.75,11.0,10.0,1.0,0.4330127018922193,9.75,10.0,9.0,1.0,0.4330127018922193,1.25,2.0,1.0,1.0,0.4330127018922193,0.25,1.0,0.0,1.0,0.4330127018922193,1.93,160.0,11.0,5.0,7.576234,10.0,1234.9299999999998,72.0,128.0,11.0,10.0,1.0,0.0
1790.735,3458.15,1234.9299999999998,2223.2200000000003,962.6824991008199,68.25,72.0,57.0,15.0,6.49519052838329,128.75,131.0,128.0,3.0,1.299038105676658,10.0,11.0,7.0,4.0,1.7320508075688772,8.75,10.0,5.0,5.0,2.165063509461097,2.0,5.0,1.0,4.0,1.7320508075688772,1.25,5.0,0.0,5.0,2.165063509461097,1.93,160.0,11.0,5.0,7.576234,10.0,1234.9299999999998,72.0,128.0,11.0,10.0,1.0,0.0
1485.235,2236.15,1234.9299999999998,1001.2200000000003,433.54097738852795,70.0,72.0,64.0,8.0,3.4641016151377544,127.25,128.0,125.0,3.0,1.299038105676658,10.5,11.0,9.0,2.0,0.8660254037844386,9.5,10.0,8.0,2.0,0.8660254037844386,1.5,3.0,1.0,2.0,0.8660254037844386,0.5,2.0,0.0,2.0,0.8660254037844386,1.93,160.0,11.0,5.0,7.576234,10.0,1234.9299999999998,72.0,128.0,11.0,10.0,1.0,0.0
1577.735,2606.15,1234.9299999999998,1371.2200000000003,593.7556770886491,69.0,72.0,60.0,12.0,5.196152422706632,127.25,128.0,125.0,3.0,1.299038105676658,10.25,11.0,8.0,3.0,1.299038105676658,9.25,10.0,7.0,3.0,1.299038105676658,1.75,4.0,1.0,3.0,1.299038105676658,0.75,3.0,0.0,3.0,1.299038105676658,1.93,160.0,11.0,5.0,7.576234,10.0,1234.9299999999998,72.0,128.0,11.0,10.0,1.0,0.0
1379.735,1814.15,1234.9299999999998,579.2200000000003,250.80961719001138,56.75,72.0,11.0,61.0,26.413774815425377,133.0,148.0,128.0,20.0,8.660254037844387,9.0,11.0,3.0,8.0,3.4641016151377544,7.75,10.0,1.0,9.0,3.897114317029974,3.0,9.0,1.0,8.0,3.4641016151377544,2.25,9.0,0.0,9.0,3.897114317029974,1.93,160.0,11.0,5.0,7.576234,10.0,1234.9299999999998,72.0,128.0,11.0,10.0,1.0,0.0
1052.4675,1234.9299999999998,505.08,729.8499999999999,316.0343204760362,76.5,90.0,72.0,18.0,7.794228634059948,131.0,140.0,128.0,12.0,5.196152422706632,9.25,11.0,4.0,7.0,3.031088913245535,10.0,10.0,10.0,0.0,0.0,1.75,4.0,1.0,3.0,1.299038105676658,0.0,0.0,0.0,0.0,0.0,1.93,160.0,11.0,5.0,7.576234,10.0,1234.9299999999998,72.0,128.0,11.0,10.0,1.0,0.0
1748.735,3290.15,1234.9299999999998,2055.2200000000003,889.936365182927,66.25,72.0,49.0,23.0,9.959292143521045,132.5,146.0,128.0,18.0,7.794228634059948,9.5,11.0,5.0,6.0,2.598076211353316,8.25,10.0,3.0,7.0,3.031088913245535,2.5,7.0,1.0,6.0,2.598076211353316,1.75,7.0,0.0,7.0,3.031088913245535,1.93,160.0,11.0,5.0,7.576234,10.0,1234.9299999999998,72.0,128.0,11.0,10.0,1.0,0.0
1533.735,2430.15,1234.9299999999998,1195.2200000000003,517.5454415556185,68.0,72.0,56.0,16.0,6.928203230275509,128.0,128.0,128.0,0.0,0.0,10.0,11.0,7.0,4.0,1.7320508075688772,8.75,10.0,5.0,5.0,2.165063509461097,2.0,5.0,1.0,4.0,1.7320508075688772,1.25,5.0,0.0,5.0,2.165063509461097,1.93,160.0,11.0,5.0,7.576234,10.0,1234.9299999999998,72.0,128.0,11.0,10.0,1.0,0.0
1411.985,1943.15,1234.9299999999998,708.2200000000003,306.6682557341077,64.75,72.0,43.0,29.0,12.55736835487436,130.0,136.0,128.0,8.0,3.4641016151377544,9.25,11.0,4.0,7.0,3.031088913245535,8.0,10.0,2.0,8.0,3.4641016151377544,2.75,8.0,1.0,7.0,3.031088913245535,2.0,8.0,0.0,8.0,3.4641016151377544,1.93,160.0,11.0,5.0,7.576234,10.0,1234.9299999999998,72.0,128.0,11.0,10.0,1.0,0.0
1070.485,1234.9299999999998,577.15,657.7799999999999,284.82709505066396,75.25,85.0,72.0,13.0,5.629165124598851,132.0,144.0,128.0,16.0,6.928203230275509,9.0,11.0,3.0,8.0,3.4641016151377544,10.0,10.0,10.0,0.0,0.0,2.0,5.0,1.0,4.0,1.7320508075688772,0.0,0.0,0.0,0.0,0.0,1.93,160.0,11.0,5.0,7.576234,10.0,1234.9299999999998,72.0,128.0,11.0,10.0,1.0,0.0
1471.985,2183.15,1234.9299999999998,948.2200000000003,410.5913041882403,65.75,72.0,47.0,25.0,10.825317547305483,129.5,134.0,128.0,6.0,2.598076211353316,9.5,11.0,5.0,6.0,2.598076211353316,8.25,10.0,3.0,7.0,3.031088913245535,2.5,7.0,1.0,6.0,2.598076211353316,1.75,7.0,0.0,7.0,3.031088913245535,1.93,160.0,11.0,5.0,7.576234,10.0,1234.9299999999998,72.0,128.0,11.0,10.0,1.0,0.0
1847.985,3687.15,1234.9299999999998,2452.2200000000003,1061.8424078341382,67.25,72.0,53.0,19.0,8.227241335952167,130.25,137.0,128.0,9.0,3.897114317029974,9.75,11.0,6.0,5.0,2.165063509461097,8.5,10.0,4.0,6.0,2.598076211353316,2.25,6.0,1.0,5.0,2.165063509461097,1.5,6.0,0.0,6.0,2.598076211353316,1.93,160.0,11.0,5.0,7.576234,10.0,1234.9299999999998,72.0,128.0,11.0,10.0,1.0,0.0
1374.985,1795.15,1234.9299999999998,560.2200000000003,242.58237585405922,57.0,72.0,12.0,60.0,25.98076211353316,136.75,163.0,128.0,35.0,15.155444566227676,9.0,11.0,3.0,8.0,3.4641016151377544,7.75,10.0,1.0,9.0,3.897114317029974,3.0,9.0,1.0,8.0,3.4641016151377544,2.25,9.0,0.0,9.0,3.897114317029974,1.93,160.0,11.0,5.0,7.576234,10.0,1234.9299999999998,72.0,128.0,11.0,10.0,1.0,0.0
1099.36675,1234.9299999999998,692.6769999999999,542.2529999999999,234.80243663916156,73.25,77.0,72.0,5.0,2.165063509461097,125.5,128.0,118.0,10.0,4.330127018922194,11.25,12.0,11.0,1.0,0.4330127018922193,10.0,10.0,10.0,0.0,0.0,0.75,1.0,0.0,1.0,0.4330127018922193,0.0,0.0,0.0,0.0,0.0,1.93,160.0,11.0,5.0,7.576234,10.0,1234.9299999999998,72.0,128.0,11.0,10.0,1.0,0.0
1457.985,2127.15,1234.9299999999998,892.2200000000003,386.34259288227605,65.0,72.0,44.0,28.0,12.12435565298214,134.5,154.0,128.0,26.0,11.258330249197702,9.25,11.0,4.0,7.0,3.031088913245535,8.0,10.0,2.0,8.0,3.4641016151377544,2.75,8.0,1.0,7.0,3.031088913245535,2.0,8.0,0.0,8.0,3.4641016151377544,1.93,160.0,11.0,5.0,7.576234,10.0,1234.9299999999998,72.0,128.0,11.0,10.0,1.0,0.0
1008.8372499999999,1234.9299999999998,933.473,301.4569999999999,130.5347100743227,79.5,82.0,72.0,10.0,4.330127018922194,126.5,128.0,126.0,2.0,0.8660254037844386,5.0,11.0,3.0,8.0,3.4641016151377544,2.5,10.0,0.0,10.0,4.330127018922194,4.0,5.0,1.0,4.0,1.7320508075688772,0.0,0.0,0.0,0.0,0.0,1.61,125.0,13.0,3.0,5.985769,0.0,933.473,82.0,126.0,3.0,0.0,5.0,0.0
1311.73,1337.33,1234.9299999999998,102.40000000000009,44.3405006737633,72.75,73.0,72.0,1.0,0.4330127018922193,125.0,128.0,124.0,4.0,1.7320508075688772,11.0,11.0,11.0,0.0,0.0,10.0,10.0,10.0,0.0,0.0,1.0,1.0,1.0,0.0,0.0,0.0,0.0,0.0,0.0,0.0,2.4,135.0,11.0,6.0,9.225554,10.0,1337.33,73.0,124.0,11.0,10.0,1.0,0.0
717.1464999999998,1234.9299999999998,544.5519999999999,690.3779999999999,298.94244310694654,90.75,97.0,72.0,25.0,10.825317547305483,145.25,151.0,128.0,23.0,9.959292143521045,6.5,11.0,5.0,6.0,2.598076211353316,10.0,10.0,10.0,0.0,0.0,2.5,3.0,1.0,2.0,0.8660254037844386,0.0,0.0,0.0,0.0,0.0,1.9,160.0,15.0,6.0,7.285516,10.0,544.5519999999999,97.0,151.0,5.0,10.0,3.0,0.0
754.39675,1234.9299999999998,594.219,640.7109999999998,277.43600124206563,76.5,78.0,72.0,6.0,2.598076211353316,134.0,136.0,128.0,8.0,3.4641016151377544,11.75,12.0,11.0,1.0,0.4330127018922193,10.0,10.0,10.0,0.0,0.0,0.25,1.0,0.0,1.0,0.4330127018922193,0.0,0.0,0.0,0.0,0.0,1.69,155.0,12.0,5.0,8.99382,10.0,594.219,78.0,136.0,12.0,10.0,0.0,0.0
1634.8450000000003,1768.15,1234.9299999999998,533.2200000000003,230.8910329029693,65.25,72.0,63.0,9.0,3.897114317029974,115.25000000000001,128.0,111.00000000000001,16.999999999999986,7.361215932167722,9.5,11.0,9.0,2.0,0.8660254037844386,7.75,10.0,7.0,3.0,1.299038105676658,2.5,3.0,1.0,2.0,0.8660254037844386,2.25,3.0,0.0,3.0,1.299038105676658,1.88,135.0,9.0,4.0,7.88101,7.0,1768.15,63.0,111.00000000000001,9.0,7.0,3.0,3.0
1943.8450000000003,2180.15,1234.9299999999998,945.2200000000003,409.2922660825637,56.25,72.0,51.0,21.0,9.093266739736606,123.5,128.0,122.0,6.0,2.598076211353316,7.25,11.0,6.0,5.0,2.165063509461097,6.25,10.0,5.0,5.0,2.165063509461097,4.75,6.0,1.0,5.0,2.165063509461097,3.75,5.0,0.0,5.0,2.165063509461097,1.66,140.0,6.0,4.0,6.76651,5.0,2180.15,51.0,122.0,6.0,5.0,6.0,5.0
1327.06,1357.77,1234.9299999999998,122.84000000000015,53.19128030044028,71.25,72.0,71.0,1.0,0.4330127018922193,116.00000000000001,128.0,112.00000000000001,15.999999999999986,6.928203230275503,11.0,11.0,11.0,0.0,0.0,10.0,10.0,10.0,0.0,0.0,1.0,1.0,1.0,0.0,0.0,0.0,0.0,0.0,0.0,0.0,1.9,135.0,11.0,4.0,7.72638,10.0,1357.77,71.0,112.00000000000001,11.0,10.0,1.0,0.0
1667.0950000000003,1811.15,1234.9299999999998,576.2200000000003,249.51057908433472,62.25,72.0,59.0,13.0,5.629165124598851,118.99999999999999,128.0,115.99999999999999,12.000000000000014,5.196152422706638,8.75,11.0,8.0,3.0,1.299038105676658,7.0,10.0,6.0,4.0,1.7320508075688772,3.25,4.0,1.0,3.0,1.299038105676658,3.0,4.0,0.0,4.0,1.7320508075688772,1.83,140.0,8.0,4.0,7.9024681,6.0,1811.15,59.0,115.99999999999999,8.0,6.0,4.0,4.0
535.9184499999999,1234.9299999999998,302.91459999999995,932.0153999999999,403.5745065591575,80.25,83.0,72.0,11.0,4.763139720814412,125.0,128.0,124.0,4.0,1.7320508075688772,5.0,11.0,3.0,8.0,3.4641016151377544,10.0,10.0,10.0,0.0,0.0,4.0,5.0,1.0,4.0,1.7320508075688772,0.0,0.0,0.0,0.0,0.0,1.81,130.0,13.0,4.0,5.999302,10.0,302.91459999999995,83.0,124.0,3.0,10.0,5.0,0.0
2188.3450000000003,2506.15,1234.9299999999998,1271.2200000000003,550.4544068994271,51.75,72.0,45.0,27.0,11.691342951089922,146.0,152.0,128.0,24.0,10.392304845413264,5.75,11.0,4.0,7.0,3.031088913245535,4.0,10.0,2.0,8.0,3.4641016151377544,6.25,8.0,1.0,7.0,3.031088913245535,6.0,8.0,0.0,8.0,3.4641016151377544,1.3,155.0,4.0,6.0,6.82507,2.0,2506.15,45.0,152.0,4.0,2.0,8.0,8.0
484.47324999999995,1234.9299999999998,234.32099999999997,1000.6089999999999,433.2764066276716,77.25,79.0,72.0,7.0,3.031088913245535,131.75,133.0,128.0,5.0,2.165063509461097,11.75,12.0,11.0,1.0,0.4330127018922193,10.0,10.0,10.0,0.0,0.0,0.25,1.0,0.0,1.0,0.4330127018922193,0.0,0.0,0.0,0.0,0.0,1.9,150.0,12.0,6.0,10.437504,10.0,234.32099999999997,79.0,133.0,12.0,10.0,0.0,0.0
631.043875,1234.9299999999998,429.7485,805.1814999999999,348.65381682862994,81.0,84.0,72.0,12.0,5.196152422706632,138.5,142.0,128.0,14.0,6.06217782649107,5.0,11.0,3.0,8.0,3.4641016151377544,10.0,10.0,10.0,0.0,0.0,4.0,5.0,1.0,4.0,1.7320508075688772,0.0,0.0,0.0,0.0,0.0,1.78,155.0,13.0,5.0,5.7863558,10.0,429.7485,84.0,142.0,3.0,10.0,5.0,0.0
2348.0950000000003,2719.15,1234.9299999999998,1484.2200000000003,642.6861124024698,66.75,72.0,65.0,7.0,3.031088913245535,123.5,128.0,122.0,6.0,2.598076211353316,9.5,11.0,9.0,2.0,0.8660254037844386,7.75,10.0,7.0,3.0,1.299038105676658,2.5,3.0,1.0,2.0,0.8660254037844386,2.25,3.0,0.0,3.0,1.299038105676658,2.2,135.0,9.0,6.0,8.96702,7.0,2719.15,65.0,122.0,9.0,7.0,3.0,3.0
1203.595,1234.9299999999998,1193.15,41.779999999999745,18.091270685056813,27.75,72.0,13.0,59.0,25.54774941164094,167.0,180.0,128.0,52.0,22.516660498395403,5.0,11.0,3.0,8.0,3.4641016151377544,3.25,10.0,1.0,9.0,3.897114317029974,7.0,9.0,1.0,8.0,3.4641016151377544,6.75,9.0,0.0,9.0,3.897114317029974,1.1,195.0,3.0,6.0,5.5769,1.0,1193.15,13.0,180.0,3.0,1.0,9.0,9.0
2480.0950000000003,2895.15,1234.9299999999998,1660.2200000000003,718.8963479355004,57.0,72.0,52.0,20.0,8.660254037844387,135.5,138.0,128.0,10.0,4.330127018922194,7.25,11.0,6.0,5.0,2.165063509461097,6.25,10.0,5.0,5.0,2.165063509461097,4.75,6.0,1.0,5.0,2.165063509461097,3.75,5.0,0.0,5.0,2.165063509461097,2.16,145.0,6.0,5.0,7.09243,5.0,2895.15,52.0,138.0,6.0,5.0,6.0,5.0
2371.3450000000003,2750.15,1234.9299999999998,1515.2200000000003,656.1095061611287,54.0,72.0,48.0,24.0,10.392304845413264,142.25,147.0,128.0,19.0,8.227241335952167,6.5,11.0,5.0,6.0,2.598076211353316,5.5,10.0,4.0,6.0,2.598076211353316,5.5,7.0,1.0,6.0,2.598076211353316,4.5,6.0,0.0,6.0,2.598076211353316,1.6,145.0,5.0,5.0,6.75885,4.0,2750.15,48.0,147.0,5.0,4.0,7.0,6.0
1604.8450000000003,1728.15,1234.9299999999998,493.22000000000025,213.57052482728054,68.25,72.0,67.0,5.0,2.165063509461097,114.50000000000001,128.0,110.00000000000001,17.999999999999986,7.794228634059942,10.25,11.0,10.0,1.0,0.4330127018922193,8.5,10.0,8.0,2.0,0.8660254037844386,1.75,2.0,1.0,1.0,0.4330127018922193,1.5,2.0,0.0,2.0,0.8660254037844386,1.91,135.0,10.0,4.0,7.639878,8.0,1728.15,67.0,110.00000000000001,10.0,8.0,2.0,2.0
2788.3450000000003,3306.15,1234.9299999999998,2071.2200000000003,896.8645684132026,63.75,72.0,61.0,11.0,4.763139720814412,128.75,129.0,128.0,1.0,0.4330127018922193,8.75,11.0,8.0,3.0,1.299038105676658,7.0,10.0,6.0,4.0,1.7320508075688772,3.25,4.0,1.0,3.0,1.299038105676658,3.0,4.0,0.0,4.0,1.7320508075688772,2.2,130.0,8.0,6.0,8.43823,6.0,3306.15,61.0,129.0,8.0,6.0,4.0,4.0
759.1914999999999,1234.9299999999998,600.612,634.3179999999999,274.6677510388687,86.25,91.0,72.0,19.0,8.227241335952167,140.0,144.0,128.0,16.0,6.928203230275509,5.75,11.0,4.0,7.0,3.031088913245535,10.0,10.0,10.0,0.0,0.0,3.25,4.0,1.0,3.0,1.299038105676658,0.0,0.0,0.0,0.0,0.0,1.8,180.0,14.0,6.0,7.4166799,10.0,600.612,91.0,144.0,4.0,10.0,4.0,0.0
1679.6949999999997,1827.9499999999998,1234.9299999999998,593.02,256.7851924761239,69.0,72.0,68.0,4.0,1.7320508075688772,122.0,128.0,120.0,8.0,3.4641016151377544,10.25,11.0,10.0,1.0,0.4330127018922193,10.0,10.0,10.0,0.0,0.0,0.25,1.0,0.0,1.0,0.4330127018922193,0.0,0.0,0.0,0.0,0.0,2.2,140.0,10.0,5.0,8.336839,10.0,1827.9499999999998,68.0,120.0,10.0,10.0,0.0,0.0
1839.745,2041.35,1234.9299999999998,806.4200000000001,349.19010305992356,69.75,72.0,69.0,3.0,1.299038105676658,124.25,128.0,123.0,5.0,2.165063509461097,10.25,11.0,10.0,1.0,0.4330127018922193,9.25,10.0,9.0,1.0,0.4330127018922193,1.75,2.0,1.0,1.0,0.4330127018922193,0.75,1.0,0.0,1.0,0.4330127018922193,2.2,135.0,10.0,6.0,8.95883,9.0,2041.35,69.0,123.0,10.0,9.0,2.0,1.0
2902.3450000000003,3458.15,1234.9299999999998,2223.2200000000003,962.68249910082,60.75,72.0,57.0,15.0,6.49519052838329,130.25,131.0,128.0,3.0,1.299038105676658,8.0,11.0,7.0,4.0,1.7320508075688772,6.25,10.0,5.0,5.0,2.165063509461097,4.0,5.0,1.0,4.0,1.7320508075688772,3.75,5.0,0.0,5.0,2.165063509461097,1.9,135.0,7.0,6.0,7.83352,5.0,3458.15,57.0,131.0,7.0,5.0,5.0,5.0
1985.8450000000003,2236.15,1234.9299999999998,1001.2200000000003,433.54097738852795,66.0,72.0,64.0,8.0,3.4641016151377544,125.75,128.0,125.0,3.0,1.299038105676658,9.5,11.0,9.0,2.0,0.8660254037844386,8.5,10.0,8.0,2.0,0.8660254037844386,2.5,3.0,1.0,2.0,0.8660254037844386,1.5,2.0,0.0,2.0,0.8660254037844386,2.28,135.0,9.0,5.0,7.4589,8.0,2236.15,64.0,125.0,9.0,8.0,3.0,2.0
2263.3450000000003,2606.15,1234.9299999999998,1371.2200000000003,593.7556770886491,63.0,72.0,60.0,12.0,5.196152422706632,125.75,128.0,125.0,3.0,1.299038105676658,8.75,11.0,8.0,3.0,1.299038105676658,7.75,10.0,7.0,3.0,1.299038105676658,3.25,4.0,1.0,3.0,1.299038105676658,2.25,3.0,0.0,3.0,1.299038105676658,2.2,130.0,8.0,5.0,7.3605,7.0,2606.15,60.0,125.0,8.0,7.0,4.0,3.0
1669.3450000000003,1814.15,1234.9299999999998,579.2200000000003,250.80961719001138,26.25,72.0,11.0,61.0,26.413774815425377,143.0,148.0,128.0,20.0,8.660254037844387,5.0,11.0,3.0,8.0,3.4641016151377544,3.25,10.0,1.0,9.0,3.897114317029974,7.0,9.0,1.0,8.0,3.4641016151377544,6.75,9.0,0.0,9.0,3.897114317029974,1.36,160.0,3.0,4.0,6.56149,1.0,1814.15,11.0,148.0,3.0,1.0,9.0,9.0
687.5425,1234.9299999999998,505.08,729.8499999999999,316.0343204760362,85.5,90.0,72.0,18.0,7.794228634059948,137.0,140.0,128.0,12.0,5.196152422706632,5.75,11.0,4.0,7.0,3.031088913245535,10.0,10.0,10.0,0.0,0.0,3.25,4.0,1.0,3.0,1.299038105676658,0.0,0.0,0.0,0.0,0.0,1.96,145.0,14.0,5.0,7.343918,10.0,505.08,90.0,140.0,4.0,10.0,4.0,0.0
2776.3450000000003,3290.15,1234.9299999999998,2055.2200000000003,889.936365182927,54.75,72.0,49.0,23.0,9.959292143521045,141.5,146.0,128.0,18.0,7.794228634059948,6.5,11.0,5.0,6.0,2.598076211353316,4.75,10.0,3.0,7.0,3.031088913245535,5.5,7.0,1.0,6.0,2.598076211353316,5.25,7.0,0.0,7.0,3.031088913245535,1.5,145.0,5.0,6.0,7.549571,3.0,3290.15,49.0,146.0,5.0,3.0,7.0,7.0
2131.3450000000003,2430.15,1234.9299999999998,1195.2200000000003,517.5454415556185,60.0,72.0,56.0,16.0,6.928203230275509,128.0,128.0,128.0,0.0,0.0,8.0,11.0,7.0,4.0,1.7320508075688772,6.25,10.0,5.0,5.0,2.165063509461097,4.0,5.0,1.0,4.0,1.7320508075688772,3.75,5.0,0.0,5.0,2.165063509461097,2.1,135.0,7.0,5.0,7.11938,5.0,2430.15,56.0,128.0,7.0,5.0,5.0,5.0
1766.0950000000003,1943.15,1234.9299999999998,708.2200000000003,306.6682557341077,50.25,72.0,43.0,29.0,12.55736835487436,134.0,136.0,128.0,8.0,3.4641016151377544,5.75,11.0,4.0,7.0,3.031088913245535,4.0,10.0,2.0,8.0,3.4641016151377544,6.25,8.0,1.0,7.0,3.031088913245535,6.0,8.0,0.0,8.0,3.4641016151377544,1.54,140.0,4.0,4.0,6.82812,2.0,1943.15,43.0,136.0,4.0,2.0,8.0,8.0
741.5949999999999,1234.9299999999998,577.15,657.7799999999999,284.82709505066396,81.75,85.0,72.0,13.0,5.629165124598851,140.0,144.0,128.0,16.0,6.928203230275509,5.0,11.0,3.0,8.0,3.4641016151377544,10.0,10.0,10.0,0.0,0.0,4.0,5.0,1.0,4.0,1.7320508075688772,0.0,0.0,0.0,0.0,0.0,1.8,190.0,13.0,6.0,6.1082873,10.0,577.15,85.0,144.0,3.0,10.0,5.0,0.0
1946.0950000000003,2183.15,1234.9299999999998,948.2200000000003,410.5913041882403,53.25,72.0,47.0,25.0,10.825317547305483,132.5,134.0,128.0,6.0,2.598076211353316,6.5,11.0,5.0,6.0,2.598076211353316,4.75,10.0,3.0,7.0,3.031088913245535,5.5,7.0,1.0,6.0,2.598076211353316,5.25,7.0,0.0,7.0,3.031088913245535,1.63,135.0,5.0,4.0,6.746187,3.0,2183.15,47.0,134.0,5.0,3.0,7.0,7.0
3074.0950000000003,3687.15,1234.9299999999998,2452.2200000000003,1061.8424078341382,57.75,72.0,53.0,19.0,8.227241335952167,134.75,137.0,128.0,9.0,3.897114317029974,7.25,11.0,6.0,5.0,2.165063509461097,5.5,10.0,4.0,6.0,2.598076211353316,4.75,6.0,1.0,5.0,2.165063509461097,4.5,6.0,0.0,6.0,2.598076211353316,1.7,135.0,6.0,6.0,7.86403,4.0,3687.15,53.0,137.0,6.0,4.0,6.0,6.0
1655.0950000000003,1795.15,1234.9299999999998,560.2200000000003,242.58237585405922,27.0,72.0,12.0,60.0,25.98076211353316,154.25,163.0,128.0,35.0,15.155444566227676,5.0,11.0,3.0,8.0,3.4641016151377544,3.25,10.0,1.0,9.0,3.897114317029974,7.0,9.0,1.0,8.0,3.4641016151377544,6.75,9.0,0.0,9.0,3.897114317029974,1.22,180.0,3.0,5.0,6.21726,1.0,1795.15,12.0,163.0,3.0,1.0,9.0,9.0
828.24025,1234.9299999999998,692.6769999999999,542.2529999999999,234.80243663916158,75.75,77.0,72.0,5.0,2.165063509461097,120.5,128.0,118.0,10.0,4.330127018922194,11.75,12.0,11.0,1.0,0.4330127018922193,10.0,10.0,10.0,0.0,0.0,0.25,1.0,0.0,1.0,0.4330127018922193,0.0,0.0,0.0,0.0,0.0,1.65,135.0,12.0,4.0,9.394197,10.0,692.6769999999999,77.0,118.0,12.0,10.0,0.0,0.0
1904.0950000000003,2127.15,1234.9299999999998,892.2200000000003,386.34259288227605,51.0,72.0,44.0,28.0,12.12435565298214,147.5,154.0,128.0,26.0,11.258330249197702,5.75,11.0,4.0,7.0,3.031088913245535,4.0,10.0,2.0,8.0,3.4641016151377544,6.25,8.0,1.0,7.0,3.031088913245535,6.0,8.0,0.0,8.0,3.4641016151377544,1.33,155.0,4.0,5.0,6.634126,2.0,2127.15,44.0,154.0,4.0,2.0,8.0,8.0
1034.43725,1337.33,933.473,403.85699999999997,174.875210748086,79.75,82.0,73.0,9.0,3.897114317029974,125.5,126.0,124.0,2.0,0.8660254037844386,5.0,11.0,3.0,8.0,3.4641016151377544,2.5,10.0,0.0,10.0,4.330127018922194,4.0,5.0,1.0,4.0,1.7320508075688772,0.0,0.0,0.0,0.0,0.0,1.61,125.0,13.0,3.0,5.985769,0.0,933.473,82.0,126.0,3.0,0.0,5.0,0.0
836.2427499999999,933.473,544.5519999999999,388.92100000000005,168.40773303262387,85.75,97.0,82.0,15.0,6.49519052838329,132.25,151.0,126.0,25.0,10.825317547305483,3.5,5.0,3.0,2.0,0.8660254037844386,2.5,10.0,0.0,10.0,4.330127018922194,4.5,5.0,3.0,2.0,0.8660254037844386,0.0,0.0,0.0,0.0,0.0,1.61,125.0,13.0,3.0,5.985769,0.0,933.473,82.0,126.0,3.0,0.0,5.0,0.0
848.6595,933.473,594.219,339.2539999999999,146.90129116774293,81.0,82.0,78.0,4.0,1.7320508075688772,128.5,136.0,126.0,10.0,4.330127018922194,5.25,12.0,3.0,9.0,3.897114317029974,2.5,10.0,0.0,10.0,4.330127018922194,3.75,5.0,0.0,5.0,2.165063509461097,0.0,0.0,0.0,0.0,0.0,1.61,125.0,13.0,3.0,5.985769,0.0,933.473,82.0,126.0,3.0,0.0,5.0,0.0
1142.1422499999999,1768.15,933.473,834.6770000000001,361.42574297729203,77.25,82.0,63.0,19.0,8.227241335952167,122.25,126.0,111.00000000000001,14.999999999999986,6.495190528383284,4.5,9.0,3.0,6.0,2.598076211353316,1.75,7.0,0.0,7.0,3.031088913245535,4.5,5.0,3.0,2.0,0.8660254037844386,0.75,3.0,0.0,3.0,1.299038105676658,1.61,125.0,13.0,3.0,5.985769,0.0,933.473,82.0,126.0,3.0,0.0,5.0,0.0
1245.1422499999999,2180.15,933.473,1246.6770000000001,539.8269761568864,74.25,82.0,51.0,31.0,13.423393758658799,125.0,126.0,122.0,4.0,1.7320508075688772,3.75,6.0,3.0,3.0,1.299038105676658,1.25,5.0,0.0,5.0,2.165063509461097,5.25,6.0,5.0,1.0,0.4330127018922193,1.25,5.0,0.0,5.0,2.165063509461097,1.61,125.0,13.0,3.0,5.985769,0.0,933.473,82.0,126.0,3.0,0.0,5.0,0.0
1039.54725,1357.77,933.473,424.297,183.725990374763,79.25,82.0,71.0,11.0,4.763139720814412,122.5,126.0,112.00000000000001,13.999999999999986,6.062177826491065,5.0,11.0,3.0,8.0,3.4641016151377544,2.5,10.0,0.0,10.0,4.330127018922194,4.0,5.0,1.0,4.0,1.7320508075688772,0.0,0.0,0.0,0.0,0.0,1.61,125.0,13.0,3.0,5.985769,0.0,933.473,82.0,126.0,3.0,0.0,5.0,0.0
1152.8922499999999,1811.15,933.473,877.6770000000001,380.0452891586574,76.25,82.0,59.0,23.0,9.959292143521045,123.5,126.0,115.99999999999999,10.000000000000014,4.330127018922199,4.25,8.0,3.0,5.0,2.165063509461097,1.5,6.0,0.0,6.0,2.598076211353316,4.75,5.0,4.0,1.0,0.4330127018922193,1.0,4.0,0.0,4.0,1.7320508075688772,1.61,125.0,13.0,3.0,5.985769,0.0,933.473,82.0,126.0,3.0,0.0,5.0,0.0
775.8334,933.473,302.91459999999995,630.5584,273.03979648483477,82.25,83.0,82.0,1.0,0.4330127018922193,125.5,126.0,124.0,2.0,0.8660254037844386,3.0,3.0,3.0,0.0,0.0,2.5,10.0,0.0,10.0,4.330127018922194,5.0,5.0,5.0,0.0,0.0,0.0,0.0,0.0,0.0,0.0,1.61,125.0,13.0,3.0,5.985769,0.0,933.473,82.0,126.0,3.0,0.0,5.0,0.0
1326.6422499999999,2506.15,933.473,1572.6770000000001,680.9891169737499,72.75,82.0,45.0,37.0,16.021469970012117,132.5,152.0,126.0,26.0,11.258330249197702,3.25,4.0,3.0,1.0,0.4330127018922193,0.5,2.0,0.0,2.0,0.8660254037844386,5.75,8.0,5.0,3.0,1.299038105676658,2.0,8.0,0.0,8.0,3.4641016151377544,1.61,125.0,13.0,3.0,5.985769,0.0,933.473,82.0,126.0,3.0,0.0,5.0,0.0
758.685,933.473,234.32099999999997,699.152,302.74169655334896,81.25,82.0,79.0,3.0,1.299038105676658,127.75,133.0,126.0,7.0,3.031088913245535,5.25,12.0,3.0,9.0,3.897114317029974,2.5,10.0,0.0,10.0,4.330127018922194,3.75,5.0,0.0,5.0,2.165063509461097,0.0,0.0,0.0,0.0,0.0,1.61,125.0,13.0,3.0,5.985769,0.0,933.473,82.0,126.0,3.0,0.0,5.0,0.0
807.541875,933.473,429.7485,503.7245,218.1191067543072,82.5,84.0,82.0,2.0,0.8660254037844386,130.0,142.0,126.0,16.0,6.928203230275509,3.0,3.0,3.0,0.0,0.0,2.5,10.0,0.0,10.0,4.330127018922194,5.0,5.0,5.0,0.0,0.0,0.0,0.0,0.0,0.0,0.0,1.61,125.0,13.0,3.0,5.985769,0.0,933.473,82.0,126.0,3.0,0.0,5.0,0.0
1379.8922499999999,2719.15,933.473,1785.6770000000001,773.2208224767926,77.75,82.0,65.0,17.0,7.361215932167728,125.0,126.0,122.0,4.0,1.7320508075688772,4.5,9.0,3.0,6.0,2.598076211353316,1.75,7.0,0.0,7.0,3.031088913245535,4.5,5.0,3.0,2.0,0.8660254037844386,0.75,3.0,0.0,3.0,1.299038105676658,1.61,125.0,13.0,3.0,5.985769,0.0,933.473,82.0,126.0,3.0,0.0,5.0,0.0
998.39225,1193.15,933.473,259.67700000000013,112.44343938926589,64.75,82.0,13.0,69.0,29.877876430563134,139.5,180.0,126.0,54.0,23.382685902179844,3.0,3.0,3.0,0.0,0.0,0.25,1.0,0.0,1.0,0.4330127018922193,6.0,9.0,5.0,4.0,1.7320508075688772,2.25,9.0,0.0,9.0,3.897114317029974,1.61,125.0,13.0,3.0,5.985769,0.0,933.473,82.0,126.0,3.0,0.0,5.0,0.0
1079.8922499999999,1519.15,933.473,585.6770000000001,253.6055802061294,75.25,82.0,55.0,27.0,11.691342951089922,124.25,126.0,119.0,7.0,3.031088913245535,4.0,7.0,3.0,4.0,1.7320508075688772,1.25,5.0,0.0,5.0,2.165063509461097,5.0,5.0,5.0,0.0,0.0,1.25,5.0,0.0,5.0,2.165063509461097,1.61,125.0,13.0,3.0,5.985769,0.0,933.473,82.0,126.0,3.0,0.0,5.0,0.0
1423.8922499999999,2895.15,933.473,1961.6770000000001,849.4310580098231,74.5,82.0,52.0,30.0,12.99038105676658,129.0,138.0,126.0,12.0,5.196152422706632,3.75,6.0,3.0,3.0,1.299038105676658,1.25,5.0,0.0,5.0,2.165063509461097,5.25,6.0,5.0,1.0,0.4330127018922193,1.25,5.0,0.0,5.0,2.165063509461097,1.61,125.0,13.0,3.0,5.985769,0.0,933.473,82.0,126.0,3.0,0.0,5.0,0.0
1387.6422499999999,2750.15,933.473,1816.6770000000001,786.6442162354514,73.5,82.0,48.0,34.0,14.722431864335457,131.25,147.0,126.0,21.0,9.093266739736606,3.5,5.0,3.0,2.0,0.8660254037844386,1.0,4.0,0.0,4.0,1.7320508075688772,5.5,7.0,5.0,2.0,0.8660254037844386,1.5,6.0,0.0,6.0,2.598076211353316,1.61,125.0,13.0,3.0,5.985769,0.0,933.473,82.0,126.0,3.0,0.0,5.0,0.0
1132.1422499999999,1728.15,933.473,794.6770000000001,344.10523490160324,78.25,82.0,67.0,15.0,6.49519052838329,122.0,126.0,110.00000000000001,15.999999999999986,6.928203230275503,4.75,10.0,3.0,7.0,3.031088913245535,2.0,8.0,0.0,8.0,3.4641016151377544,4.25,5.0,2.0,3.0,1.299038105676658,0.5,2.0,0.0,2.0,0.8660254037844386,1.61,125.0,13.0,3.0,5.985769,0.0,933.473,82.0,126.0,3.0,0.0,5.0,0.0
1526.6422499999999,3306.15,933.473,2372.677,1027.3992784875254,76.75,82.0,61.0,21.0,9.093266739736606,126.75,129.0,126.0,3.0,1.299038105676658,4.25,8.0,3.0,5.0,2.165063509461097,1.5,6.0,0.0,6.0,2.598076211353316,4.75,5.0,4.0,1.0,0.4330127018922193,1.0,4.0,0.0,4.0,1.7320508075688772,1.61,125.0,13.0,3.0,5.985769,0.0,933.473,82.0,126.0,3.0,0.0,5.0,0.0
850.25775,933.473,600.612,332.861,144.133040964546,84.25,91.0,82.0,9.0,3.897114317029974,130.5,144.0,126.0,18.0,7.794228634059948,3.25,4.0,3.0,1.0,0.4330127018922193,2.5,10.0,0.0,10.0,4.330127018922194,4.75,5.0,4.0,1.0,0.4330127018922193,0.0,0.0,0.0,0.0,0.0,1.61,125.0,13.0,3.0,5.985769,0.0,933.473,82.0,126.0,3.0,0.0,5.0,0.0
1157.09225,1827.9499999999998,933.473,894.4769999999999,387.3199025504466,78.5,82.0,68.0,14.0,6.06217782649107,124.5,126.0,120.0,6.0,2.598076211353316,4.75,10.0,3.0,7.0,3.031088913245535,2.5,10.0,0.0,10.0,4.330127018922194,3.75,5.0,0.0,5.0,2.165063509461097,0.0,0.0,0.0,0.0,0.0,1.61,125.0,13.0,3.0,5.985769,0.0,933.473,82.0,126.0,3.0,0.0,5.0,0.0
1210.44225,2041.35,933.473,1107.877,479.7248131342463,78.75,82.0,69.0,13.0,5.629165124598851,125.25,126.0,123.0,3.0,1.299038105676658,4.75,10.0,3.0,7.0,3.031088913245535,2.25,9.0,0.0,9.0,3.897114317029974,4.25,5.0,2.0,3.0,1.299038105676658,0.25,1.0,0.0,1.0,0.4330127018922193,1.61,125.0,13.0,3.0,5.985769,0.0,933.473,82.0,126.0,3.0,0.0,5.0,0.0
1564.6422499999999,3458.15,933.473,2524.677,1093.2172091751427,75.75,82.0,57.0,25.0,10.825317547305483,127.25,131.0,126.0,5.0,2.165063509461097,4.0,7.0,3.0,4.0,1.7320508075688772,1.25,5.0,0.0,5.0,2.165063509461097,5.0,5.0,5.0,0.0,0.0,1.25,5.0,0.0,5.0,2.165063509461097,1.61,125.0,13.0,3.0,5.985769,0.0,933.473,82.0,126.0,3.0,0.0,5.0,0.0
1259.1422499999999,2236.15,933.473,1302.6770000000001,564.0756874628506,77.5,82.0,64.0,18.0,7.794228634059948,125.75,126.0,125.0,1.0,0.4330127018922193,4.5,9.0,3.0,6.0,2.598076211353316,2.0,8.0,0.0,8.0,3.4641016151377544,4.5,5.0,3.0,2.0,0.8660254037844386,0.5,2.0,0.0,2.0,0.8660254037844386,1.61,125.0,13.0,3.0,5.985769,0.0,933.473,82.0,126.0,3.0,0.0,5.0,0.0
1351.6422499999999,2606.15,933.473,1672.6770000000001,724.2903871629718,76.5,82.0,60.0,22.0,9.526279441628825,125.75,126.0,125.0,1.0,0.4330127018922193,4.25,8.0,3.0,5.0,2.165063509461097,1.75,7.0,0.0,7.0,3.031088913245535,4.75,5.0,4.0,1.0,0.4330127018922193,0.75,3.0,0.0,3.0,1.299038105676658,1.61,125.0,13.0,3.0,5.985769,0.0,933.473,82.0,126.0,3.0,0.0,5.0,0.0
1153.6422499999999,1814.15,933.473,880.6770000000001,381.3443272643341,64.25,82.0,11.0,71.0,30.74390183434757,131.5,148.0,126.0,22.0,9.526279441628825,3.0,3.0,3.0,0.0,0.0,0.25,1.0,0.0,1.0,0.4330127018922193,6.0,9.0,5.0,4.0,1.7320508075688772,2.25,9.0,0.0,9.0,3.897114317029974,1.61,125.0,13.0,3.0,5.985769,0.0,933.473,82.0,126.0,3.0,0.0,5.0,0.0
826.37475,933.473,505.08,428.393,185.49961040171348,84.0,90.0,82.0,8.0,3.4641016151377544,129.5,140.0,126.0,14.0,6.06217782649107,3.25,4.0,3.0,1.0,0.4330127018922193,2.5,10.0,0.0,10.0,4.330127018922194,4.75,5.0,4.0,1.0,0.4330127018922193,0.0,0.0,0.0,0.0,0.0,1.61,125.0,13.0,3.0,5.985769,0.0,933.473,82.0,126.0,3.0,0.0,5.0,0.0
1522.6422499999999,3290.15,933.473,2356.677,1020.4710752572498,73.75,82.0,49.0,33.0,14.289419162443238,131.0,146.0,126.0,20.0,8.660254037844387,3.5,5.0,3.0,2.0,0.8660254037844386,0.75,3.0,0.0,3.0,1.299038105676658,5.5,7.0,5.0,2.0,0.8660254037844386,1.75,7.0,0.0,7.0,3.031088913245535,1.61,125.0,13.0,3.0,5.985769,0.0,933.473,82.0,126.0,3.0,0.0,5.0,0.0
1307.6422499999999,2430.15,933.473,1496.6770000000001,648.0801516299412,75.5,82.0,56.0,26.0,11.258330249197702,126.5,128.0,126.0,2.0,0.8660254037844386,4.0,7.0,3.0,4.0,1.7320508075688772,1.25,5.0,0.0,5.0,2.165063509461097,5.0,5.0,5.0,0.0,0.0,1.25,5.0,0.0,5.0,2.165063509461097,1.61,125.0,13.0,3.0,5.985769,0.0,933.473,82.0,126.0,3.0,0.0,5.0,0.0
1185.8922499999999,1943.15,933.473,1009.6770000000001,437.2029658084304,72.25,82.0,43.0,39.0,16.887495373796554,128.5,136.0,126.0,10.0,4.330127018922194,3.25,4.0,3.0,1.0,0.4330127018922193,0.5,2.0,0.0,2.0,0.8660254037844386,5.75,8.0,5.0,3.0,1.299038105676658,2.0,8.0,0.0,8.0,3.4641016151377544,1.61,125.0,13.0,3.0,5.985769,0.0,933.473,82.0,126.0,3.0,0.0,5.0,0.0
844.39225,933.473,577.15,356.323,154.29238497634125,82.75,85.0,82.0,3.0,1.299038105676658,130.5,144.0,126.0,18.0,7.794228634059948,3.0,3.0,3.0,0.0,0.0,2.5,10.0,0.0,10.0,4.330127018922194,5.0,5.0,5.0,0.0,0.0,0.0,0.0,0.0,0.0,0.0,1.61,125.0,13.0,3.0,5.985769,0.0,933.473,82.0,126.0,3.0,0.0,5.0,0.0
1245.8922499999999,2183.15,933.473,1249.6770000000001,541.1260142625631,73.25,82.0,47.0,35.0,15.155444566227676,128.0,134.0,126.0,8.0,3.4641016151377544,3.5,5.0,3.0,2.0,0.8660254037844386,0.75,3.0,0.0,3.0,1.299038105676658,5.5,7.0,5.0,2.0,0.8660254037844386,1.75,7.0,0.0,7.0,3.031088913245535,1.61,125.0,13.0,3.0,5.985769,0.0,933.473,82.0,126.0,3.0,0.0,5.0,0.0
1621.8922499999999,3687.15,933.473,2753.677,1192.3771179084608,74.75,82.0,53.0,29.0,12.55736835487436,128.75,137.0,126.0,11.0,4.763139720814412,3.75,6.0,3.0,3.0,1.299038105676658,1.0,4.0,0.0,4.0,1.7320508075688772,5.25,6.0,5.0,1.0,0.4330127018922193,1.5,6.0,0.0,6.0,2.598076211353316,1.61,125.0,13.0,3.0,5.985769,0.0,933.473,82.0,126.0,3.0,0.0,5.0,0.0
1148.8922499999999,1795.15,933.473,861.6770000000001,373.1170859283819,64.5,82.0,12.0,70.0,30.31088913245535,135.25,163.0,126.0,37.0,16.021469970012117,3.0,3.0,3.0,0.0,0.0,0.25,1.0,0.0,1.0,0.4330127018922193,6.0,9.0,5.0,4.0,1.7320508075688772,2.25,9.0,0.0,9.0,3.897114317029974,1.61,125.0,13.0,3.0,5.985769,0.0,933.473,82.0,126.0,3.0,0.0,5.0,0.0
873.2739999999999,933.473,692.6769999999999,240.79600000000005,104.26772656483887,80.75,82.0,77.0,5.0,2.165063509461097,124.0,126.0,118.0,8.0,3.4641016151377544,5.25,12.0,3.0,9.0,3.897114317029974,2.5,10.0,0.0,10.0,4.330127018922194,3.75,5.0,0.0,5.0,2.165063509461097,0.0,0.0,0.0,0.0,0.0,1.61,125.0,13.0,3.0,5.985769,0.0,933.473,82.0,126.0,3.0,0.0,5.0,0.0
1231.8922499999999,2127.15,933.473,1193.6770000000001,516.8773029565987,72.5,82.0,44.0,38.0,16.454482671904334,133.0,154.0,126.0,28.0,12.12435565298214,3.25,4.0,3.0,1.0,0.4330127018922193,0.5,2.0,0.0,2.0,0.8660254037844386,5.75,8.0,5.0,3.0,1.299038105676658,2.0,8.0,0.0,8.0,3.4641016151377544,1.61,125.0,13.0,3.0,5.985769,0.0,933.473,82.0,126.0,3.0,0.0,5.0,0.0
1236.36575,1337.33,933.473,403.85699999999997,174.875210748086,75.25,82.0,73.0,9.0,3.897114317029974,124.5,126.0,124.0,2.0,0.8660254037844386,9.0,11.0,3.0,8.0,3.4641016151377544,7.5,10.0,0.0,10.0,4.330127018922194,2.0,5.0,1.0,4.0,1.7320508075688772,0.0,0.0,0.0,0.0,0.0,2.4,135.0,11.0,6.0,9.225554,10.0,1337.33,73.0,124.0,11.0,10.0,1.0,0.0
679.0325,933.473,594.219,339.2539999999999,146.90129116774293,79.0,82.0,78.0,4.0,1.7320508075688772,133.5,136.0,126.0,10.0,4.330127018922194,9.75,12.0,3.0,9.0,3.897114317029974,7.5,10.0,0.0,10.0,4.330127018922194,1.25,5.0,0.0,5.0,2.165063509461097,0.0,0.0,0.0,0.0,0.0,1.69,155.0,12.0,5.0,8.99382,10.0,594.219,78.0,136.0,12.0,10.0,0.0,0.0
1559.4807500000002,1768.15,933.473,834.6770000000001,361.42574297729203,67.75,82.0,63.0,19.0,8.227241335952167,114.75000000000001,126.0,111.00000000000001,14.999999999999986,6.495190528383284,7.5,9.0,3.0,6.0,2.598076211353316,5.25,7.0,0.0,7.0,3.031088913245535,3.5,5.0,3.0,2.0,0.8660254037844386,2.25,3.0,0.0,3.0,1.299038105676658,1.88,135.0,9.0,4.0,7.88101,7.0,1768.15,63.0,111.00000000000001,9.0,7.0,3.0,3.0
1868.4807500000002,2180.15,933.473,1246.6770000000001,539.8269761568864,58.75,82.0,51.0,31.0,13.423393758658799,123.0,126.0,122.0,4.0,1.7320508075688772,5.25,6.0,3.0,3.0,1.299038105676658,3.75,5.0,0.0,5.0,2.165063509461097,5.75,6.0,5.0,1.0,0.4330127018922193,3.75,5.0,0.0,5.0,2.165063509461097,1.66,140.0,6.0,4.0,6.76651,5.0,2180.15,51.0,122.0,6.0,5.0,6.0,5.0
1251.6957499999999,1357.77,933.473,424.297,183.725990374763,73.75,82.0,71.0,11.0,4.763139720814412,115.50000000000001,126.0,112.00000000000001,13.999999999999986,6.062177826491065,9.0,11.0,3.0,8.0,3.4641016151377544,7.5,10.0,0.0,10.0,4.330127018922194,2.0,5.0,1.0,4.0,1.7320508075688772,0.0,0.0,0.0,0.0,0.0,1.9,135.0,11.0,4.0,7.72638,10.0,1357.77,71.0,112.00000000000001,11.0,10.0,1.0,0.0
1591.7307500000002,1811.15,933.473,877.6770000000001,380.0452891586574,64.75,82.0,59.0,23.0,9.959292143521045,118.49999999999999,126.0,115.99999999999999,10.000000000000014,4.330127018922199,6.75,8.0,3.0,5.0,2.165063509461097,4.5,6.0,0.0,6.0,2.598076211353316,4.25,5.0,4.0,1.0,0.4330127018922193,3.0,4.0,0.0,4.0,1.7320508075688772,1.83,140.0,8.0,4.0,7.9024681,6.0,1811.15,59.0,115.99999999999999,8.0,6.0,4.0,4.0
460.5541999999999,933.473,302.91459999999995,630.5584,273.03979648483477,82.75,83.0,82.0,1.0,0.4330127018922193,124.5,126.0,124.0,2.0,0.8660254037844386,3.0,3.0,3.0,0.0,0.0,7.5,10.0,0.0,10.0,4.330127018922194,5.0,5.0,5.0,0.0,0.0,0.0,0.0,0.0,0.0,0.0,1.81,130.0,13.0,4.0,5.999302,10.0,302.91459999999995,83.0,124.0,3.0,10.0,5.0,0.0
2112.98075,2506.15,933.473,1572.6770000000001,680.9891169737499,54.25,82.0,45.0,37.0,16.021469970012117,145.5,152.0,126.0,26.0,11.258330249197702,3.75,4.0,3.0,1.0,0.4330127018922193,1.5,2.0,0.0,2.0,0.8660254037844386,7.25,8.0,5.0,3.0,1.299038105676658,6.0,8.0,0.0,8.0,3.4641016151377544,1.3,155.0,4.0,6.0,6.82507,2.0,2506.15,45.0,152.0,4.0,2.0,8.0,8.0
409.109,933.473,234.32099999999997,699.152,302.74169655334896,79.75,82.0,79.0,3.0,1.299038105676658,131.25,133.0,126.0,7.0,3.031088913245535,9.75,12.0,3.0,9.0,3.897114317029974,7.5,10.0,0.0,10.0,4.330127018922194,1.25,5.0,0.0,5.0,2.165063509461097,0.0,0.0,0.0,0.0,0.0,1.9,150.0,12.0,6.0,10.437504,10.0,234.32099999999997,79.0,133.0,12.0,10.0,0.0,0.0
555.679625,933.473,429.7485,503.7245,218.1191067543072,83.5,84.0,82.0,2.0,0.8660254037844386,138.0,142.0,126.0,16.0,6.928203230275509,3.0,3.0,3.0,0.0,0.0,7.5,10.0,0.0,10.0,4.330127018922194,5.0,5.0,5.0,0.0,0.0,0.0,0.0,0.0,0.0,0.0,1.78,155.0,13.0,5.0,5.7863558,10.0,429.7485,84.0,142.0,3.0,10.0,5.0,0.0
2272.73075,2719.15,933.473,1785.6770000000001,773.2208224767926,69.25,82.0,65.0,17.0,7.361215932167728,123.0,126.0,122.0,4.0,1.7320508075688772,7.5,9.0,3.0,6.0,2.598076211353316,5.25,7.0,0.0,7.0,3.031088913245535,3.5,5.0,3.0,2.0,0.8660254037844386,2.25,3.0,0.0,3.0,1.299038105676658,2.2,135.0,9.0,6.0,8.96702,7.0,2719.15,65.0,122.0,9.0,7.0,3.0,3.0
1128.2307500000002,1193.15,933.473,259.67700000000013,112.44343938926589,30.25,82.0,13.0,69.0,29.877876430563134,166.5,180.0,126.0,54.0,23.382685902179844,3.0,3.0,3.0,0.0,0.0,0.75,1.0,0.0,1.0,0.4330127018922193,8.0,9.0,5.0,4.0,1.7320508075688772,6.75,9.0,0.0,9.0,3.897114317029974,1.1,195.0,3.0,6.0,5.5769,1.0,1193.15,13.0,180.0,3.0,1.0,9.0,9.0
2404.73075,2895.15,933.473,1961.6770000000001,849.4310580098231,59.5,82.0,52.0,30.0,12.99038105676658,135.0,138.0,126.0,12.0,5.196152422706632,5.25,6.0,3.0,3.0,1.299038105676658,3.75,5.0,0.0,5.0,2.165063509461097,5.75,6.0,5.0,1.0,0.4330127018922193,3.75,5.0,0.0,5.0,2.165063509461097,2.16,145.0,6.0,5.0,7.09243,5.0,2895.15,52.0,138.0,6.0,5.0,6.0,5.0
2295.98075,2750.15,933.473,1816.6770000000001,786.6442162354514,56.5,82.0,48.0,34.0,14.722431864335457,141.75,147.0,126.0,21.0,9.093266739736606,4.5,5.0,3.0,2.0,0.8660254037844386,3.0,4.0,0.0,4.0,1.7320508075688772,6.5,7.0,5.0,2.0,0.8660254037844386,4.5,6.0,0.0,6.0,2.598076211353316,1.6,145.0,5.0,5.0,6.75885,4.0,2750.15,48.0,147.0,5.0,4.0,7.0,6.0
1529.4807500000002,1728.15,933.473,794.6770000000001,344.10523490160324,70.75,82.0,67.0,15.0,6.49519052838329,114.00000000000001,126.0,110.00000000000001,15.999999999999986,6.928203230275503,8.25,10.0,3.0,7.0,3.031088913245535,6.0,8.0,0.0,8.0,3.4641016151377544,2.75,5.0,2.0,3.0,1.299038105676658,1.5,2.0,0.0,2.0,0.8660254037844386,1.91,135.0,10.0,4.0,7.639878,8.0,1728.15,67.0,110.00000000000001,10.0,8.0,2.0,2.0
2712.98075,3306.15,933.473,2372.677,1027.3992784875254,66.25,82.0,61.0,21.0,9.093266739736606,128.25,129.0,126.0,3.0,1.299038105676658,6.75,8.0,3.0,5.0,2.165063509461097,4.5,6.0,0.0,6.0,2.598076211353316,4.25,5.0,4.0,1.0,0.4330127018922193,3.0,4.0,0.0,4.0,1.7320508075688772,2.2,130.0,8.0,6.0,8.43823,6.0,3306.15,61.0,129.0,8.0,6.0,4.0,4.0
683.8272499999999,933.473,600.612,332.861,144.133040964546,88.75,91.0,82.0,9.0,3.897114317029974,139.5,144.0,126.0,18.0,7.794228634059948,3.75,4.0,3.0,1.0,0.4330127018922193,7.5,10.0,0.0,10.0,4.330127018922194,4.25,5.0,4.0,1.0,0.4330127018922193,0.0,0.0,0.0,0.0,0.0,1.8,180.0,14.0,6.0,7.4166799,10.0,600.612,91.0,144.0,4.0,10.0,4.0,0.0
1604.3307499999999,1827.9499999999998,933.473,894.4769999999999,387.3199025504466,71.5,82.0,68.0,14.0,6.06217782649107,121.5,126.0,120.0,6.0,2.598076211353316,8.25,10.0,3.0,7.0,3.031088913245535,7.5,10.0,0.0,10.0,4.330127018922194,1.25,5.0,0.0,5.0,2.165063509461097,0.0,0.0,0.0,0.0,0.0,2.2,140.0,10.0,5.0,8.336839,10.0,1827.9499999999998,68.0,120.0,10.0,10.0,0.0,0.0
1764.3807499999998,2041.35,933.473,1107.877,479.7248131342463,72.25,82.0,69.0,13.0,5.629165124598851,123.75,126.0,123.0,3.0,1.299038105676658,8.25,10.0,3.0,7.0,3.031088913245535,6.75,9.0,0.0,9.0,3.897114317029974,2.75,5.0,2.0,3.0,1.299038105676658,0.75,1.0,0.0,1.0,0.4330127018922193,2.2,135.0,10.0,6.0,8.95883,9.0,2041.35,69.0,123.0,10.0,9.0,2.0,1.0
2826.98075,3458.15,933.473,2524.677,1093.2172091751427,63.25,82.0,57.0,25.0,10.825317547305483,129.75,131.0,126.0,5.0,2.165063509461097,6.0,7.0,3.0,4.0,1.7320508075688772,3.75,5.0,0.0,5.0,2.165063509461097,5.0,5.0,5.0,0.0,0.0,3.75,5.0,0.0,5.0,2.165063509461097,1.9,135.0,7.0,6.0,7.83352,5.0,3458.15,57.0,131.0,7.0,5.0,5.0,5.0
1910.4807500000002,2236.15,933.473,1302.6770000000001,564.0756874628506,68.5,82.0,64.0,18.0,7.794228634059948,125.25,126.0,125.0,1.0,0.4330127018922193,7.5,9.0,3.0,6.0,2.598076211353316,6.0,8.0,0.0,8.0,3.4641016151377544,3.5,5.0,3.0,2.0,0.8660254037844386,1.5,2.0,0.0,2.0,0.8660254037844386,2.28,135.0,9.0,5.0,7.4589,8.0,2236.15,64.0,125.0,9.0,8.0,3.0,2.0
2187.98075,2606.15,933.473,1672.6770000000001,724.2903871629718,65.5,82.0,60.0,22.0,9.526279441628825,125.25,126.0,125.0,1.0,0.4330127018922193,6.75,8.0,3.0,5.0,2.165063509461097,5.25,7.0,0.0,7.0,3.031088913245535,4.25,5.0,4.0,1.0,0.4330127018922193,2.25,3.0,0.0,3.0,1.299038105676658,2.2,130.0,8.0,5.0,7.3605,7.0,2606.15,60.0,125.0,8.0,7.0,4.0,3.0
1593.9807500000002,1814.15,933.473,880.6770000000001,381.3443272643341,28.75,82.0,11.0,71.0,30.74390183434757,142.5,148.0,126.0,22.0,9.526279441628825,3.0,3.0,3.0,0.0,0.0,0.75,1.0,0.0,1.0,0.4330127018922193,8.0,9.0,5.0,4.0,1.7320508075688772,6.75,9.0,0.0,9.0,3.897114317029974,1.36,160.0,3.0,4.0,6.56149,1.0,1814.15,11.0,148.0,3.0,1.0,9.0,9.0
612.1782499999999,933.473,505.08,428.393,185.4996104017135,88.0,90.0,82.0,8.0,3.4641016151377544,136.5,140.0,126.0,14.0,6.06217782649107,3.75,4.0,3.0,1.0,0.4330127018922193,7.5,10.0,0.0,10.0,4.330127018922194,4.25,5.0,4.0,1.0,0.4330127018922193,0.0,0.0,0.0,0.0,0.0,1.96,145.0,14.0,5.0,7.343918,10.0,505.08,90.0,140.0,4.0,10.0,4.0,0.0
2700.98075,3290.15,933.473,2356.677,1020.4710752572498,57.25,82.0,49.0,33.0,14.289419162443238,141.0,146.0,126.0,20.0,8.660254037844387,4.5,5.0,3.0,2.0,0.8660254037844386,2.25,3.0,0.0,3.0,1.299038105676658,6.5,7.0,5.0,2.0,0.8660254037844386,5.25,7.0,0.0,7.0,3.031088913245535,1.5,145.0,5.0,6.0,7.549571,3.0,3290.15,49.0,146.0,5.0,3.0,7.0,7.0
2055.98075,2430.15,933.473,1496.6770000000001,648.0801516299412,62.5,82.0,56.0,26.0,11.258330249197702,127.5,128.0,126.0,2.0,0.8660254037844386,6.0,7.0,3.0,4.0,1.7320508075688772,3.75,5.0,0.0,5.0,2.165063509461097,5.0,5.0,5.0,0.0,0.0,3.75,5.0,0.0,5.0,2.165063509461097,2.1,135.0,7.0,5.0,7.11938,5.0,2430.15,56.0,128.0,7.0,5.0,5.0,5.0
1690.7307500000002,1943.15,933.473,1009.6770000000001,437.2029658084304,52.75,82.0,43.0,39.0,16.887495373796554,133.5,136.0,126.0,10.0,4.330127018922194,3.75,4.0,3.0,1.0,0.4330127018922193,1.5,2.0,0.0,2.0,0.8660254037844386,7.25,8.0,5.0,3.0,1.299038105676658,6.0,8.0,0.0,8.0,3.4641016151377544,1.54,140.0,4.0,4.0,6.82812,2.0,1943.15,43.0,136.0,4.0,2.0,8.0,8.0
666.23075,933.473,577.15,356.323,154.29238497634125,84.25,85.0,82.0,3.0,1.299038105676658,139.5,144.0,126.0,18.0,7.794228634059948,3.0,3.0,3.0,0.0,0.0,7.5,10.0,0.0,10.0,4.330127018922194,5.0,5.0,5.0,0.0,0.0,0.0,0.0,0.0,0.0,0.0,1.8,190.0,13.0,6.0,6.1082873,10.0,577.15,85.0,144.0,3.0,10.0,5.0,0.0
1870.7307500000002,2183.15,933.473,1249.6770000000001,541.1260142625631,55.75,82.0,47.0,35.0,15.155444566227676,132.0,134.0,126.0,8.0,3.4641016151377544,4.5,5.0,3.0,2.0,0.8660254037844386,2.25,3.0,0.0,3.0,1.299038105676658,6.5,7.0,5.0,2.0,0.8660254037844386,5.25,7.0,0.0,7.0,3.031088913245535,1.63,135.0,5.0,4.0,6.746187,3.0,2183.15,47.0,134.0,5.0,3.0,7.0,7.0
2998.73075,3687.15,933.473,2753.677,1192.3771179084608,60.25,82.0,53.0,29.0,12.55736835487436,134.25,137.0,126.0,11.0,4.763139720814412,5.25,6.0,3.0,3.0,1.299038105676658,3.0,4.0,0.0,4.0,1.7320508075688772,5.75,6.0,5.0,1.0,0.4330127018922193,4.5,6.0,0.0,6.0,2.598076211353316,1.7,135.0,6.0,6.0,7.86403,4.0,3687.15,53.0,137.0,6.0,4.0,6.0,6.0
1579.7307500000002,1795.15,933.473,861.6770000000001,373.1170859283819,29.5,82.0,12.0,70.0,30.31088913245535,153.75,163.0,126.0,37.0,16.021469970012117,3.0,3.0,3.0,0.0,0.0,0.75,1.0,0.0,1.0,0.4330127018922193,8.0,9.0,5.0,4.0,1.7320508075688772,6.75,9.0,0.0,9.0,3.897114317029974,1.22,180.0,3.0,5.0,6.21726,1.0,1795.15,12.0,163.0,3.0,1.0,9.0,9.0
752.876,933.473,692.6769999999999,240.79600000000005,104.26772656483887,78.25,82.0,77.0,5.0,2.165063509461097,120.0,126.0,118.0,8.0,3.4641016151377544,9.75,12.0,3.0,9.0,3.897114317029974,7.5,10.0,0.0,10.0,4.330127018922194,1.25,5.0,0.0,5.0,2.165063509461097,0.0,0.0,0.0,0.0,0.0,1.65,135.0,12.0,4.0,9.394197,10.0,692.6769999999999,77.0,118.0,12.0,10.0,0.0,0.0
1828.7307500000002,2127.15,933.473,1193.6770000000001,516.8773029565987,53.5,82.0,44.0,38.0,16.454482671904334,147.0,154.0,126.0,28.0,12.12435565298214,3.75,4.0,3.0,1.0,0.4330127018922193,1.5,2.0,0.0,2.0,0.8660254037844386,7.25,8.0,5.0,3.0,1.299038105676658,6.0,8.0,0.0,8.0,3.4641016151377544,1.33,155.0,4.0,5.0,6.634126,2.0,2127.15,44.0,154.0,4.0,2.0,8.0,8.0
1139.1354999999999,1337.33,544.5519999999999,792.778,343.28294378070984,79.0,97.0,73.0,24.0,10.392304845413264,130.75,151.0,124.0,27.0,11.691342951089922,9.5,11.0,5.0,6.0,2.598076211353316,10.0,10.0,10.0,0.0,0.0,1.5,3.0,1.0,2.0,0.8660254037844386,0.0,0.0,0.0,0.0,0.0,2.4,135.0,11.0,6.0,9.225554,10.0,1337.33,73.0,124.0,11.0,10.0,1.0,0.0
1151.55225,1337.33,594.219,743.1109999999999,321.77650191582893,74.25,78.0,73.0,5.0,2.165063509461097,127.0,136.0,124.0,12.0,5.196152422706632,11.25,12.0,11.0,1.0,0.4330127018922193,10.0,10.0,10.0,0.0,0.0,0.75,1.0,0.0,1.0,0.4330127018922193,0.0,0.0,0.0,0.0,0.0,2.4,135.0,11.0,6.0,9.225554,10.0,1337.33,73.0,124.0,11.0,10.0,1.0,0.0
1445.0349999999999,1768.15,1337.33,430.82000000000016,186.550532229206,70.5,73.0,63.0,10.0,4.330127018922194,120.75,124.0,111.00000000000001,12.999999999999986,5.629165124598845,10.5,11.0,9.0,2.0,0.8660254037844386,9.25,10.0,7.0,3.0,1.299038105676658,1.5,3.0,1.0,2.0,0.8660254037844386,0.75,3.0,0.0,3.0,1.299038105676658,2.4,135.0,11.0,6.0,9.225554,10.0,1337.33,73.0,124.0,11.0,10.0,1.0,0.0
1548.0349999999999,2180.15,1337.33,842.8200000000002,364.9517654088003,67.5,73.0,51.0,22.0,9.526279441628825,123.5,124.0,122.0,2.0,0.8660254037844386,9.75,11.0,6.0,5.0,2.165063509461097,8.75,10.0,5.0,5.0,2.165063509461097,2.25,6.0,1.0,5.0,2.165063509461097,1.25,5.0,0.0,5.0,2.165063509461097,2.4,135.0,11.0,6.0,9.225554,10.0,1337.33,73.0,124.0,11.0,10.0,1.0,0.0
1342.44,1357.77,1337.33,20.440000000000055,8.850779626676987,72.5,73.0,71.0,2.0,0.8660254037844386,121.0,124.0,112.00000000000001,11.999999999999986,5.196152422706626,11.0,11.0,11.0,0.0,0.0,10.0,10.0,10.0,0.0,0.0,1.0,1.0,1.0,0.0,0.0,0.0,0.0,0.0,0.0,0.0,2.4,135.0,11.0,6.0,9.225554,10.0,1337.33,73.0,124.0,11.0,10.0,1.0,0.0
1455.7849999999999,1811.15,1337.33,473.82000000000016,205.17007841057145,69.5,73.0,59.0,14.0,6.06217782649107,122.0,124.0,115.99999999999999,8.000000000000014,3.4641016151377606,10.25,11.0,8.0,3.0,1.299038105676658,9.0,10.0,6.0,4.0,1.7320508075688772,1.75,4.0,1.0,3.0,1.299038105676658,1.0,4.0,0.0,4.0,1.7320508075688772,2.4,135.0,11.0,6.0,9.225554,10.0,1337.33,73.0,124.0,11.0,10.0,1.0,0.0
1078.72615,1337.33,302.91459999999995,1034.4153999999999,447.9150072329208,75.5,83.0,73.0,10.0,4.330127018922194,124.0,124.0,124.0,0.0,0.0,9.0,11.0,3.0,8.0,3.4641016151377544,10.0,10.0,10.0,0.0,0.0,2.0,5.0,1.0,4.0,1.7320508075688772,0.0,0.0,0.0,0.0,0.0,2.4,135.0,11.0,6.0,9.225554,10.0,1337.33,73.0,124.0,11.0,10.0,1.0,0.0
1629.5349999999999,2506.15,1337.33,1168.8200000000002,506.11390622566387,66.0,73.0,45.0,28.0,12.12435565298214,131.0,152.0,124.0,28.0,12.12435565298214,9.25,11.0,4.0,7.0,3.031088913245535,8.0,10.0,2.0,8.0,3.4641016151377544,2.75,8.0,1.0,7.0,3.031088913245535,2.0,8.0,0.0,8.0,3.4641016151377544,2.4,135.0,11.0,6.0,9.225554,10.0,1337.33,73.0,124.0,11.0,10.0,1.0,0.0
1061.57775,1337.33,234.32099999999997,1103.009,477.61690730143494,74.5,79.0,73.0,6.0,2.598076211353316,126.25,133.0,124.0,9.0,3.897114317029974,11.25,12.0,11.0,1.0,0.4330127018922193,10.0,10.0,10.0,0.0,0.0,0.75,1.0,0.0,1.0,0.4330127018922193,0.0,0.0,0.0,0.0,0.0,2.4,135.0,11.0,6.0,9.225554,10.0,1337.33,73.0,124.0,11.0,10.0,1.0,0.0
1110.4346249999999,1337.33,429.7485,907.5815,392.99431750239324,75.75,84.0,73.0,11.0,4.763139720814412,128.5,142.0,124.0,18.0,7.794228634059948,9.0,11.0,3.0,8.0,3.4641016151377544,10.0,10.0,10.0,0.0,0.0,2.0,5.0,1.0,4.0,1.7320508075688772,0.0,0.0,0.0,0.0,0.0,2.4,135.0,11.0,6.0,9.225554,10.0,1337.33,73.0,124.0,11.0,10.0,1.0,0.0
1682.7849999999999,2719.15,1337.33,1381.8200000000002,598.3456117287066,71.0,73.0,65.0,8.0,3.4641016151377544,123.5,124.0,122.0,2.0,0.8660254037844386,10.5,11.0,9.0,2.0,0.8660254037844386,9.25,10.0,7.0,3.0,1.299038105676658,1.5,3.0,1.0,2.0,0.8660254037844386,0.75,3.0,0.0,3.0,1.299038105676658,2.4,135.0,11.0,6.0,9.225554,10.0,1337.33,73.0,124.0,11.0,10.0,1.0,0.0
1301.2849999999999,1337.33,1193.15,144.17999999999984,62.431771358820114,58.0,73.0,13.0,60.0,25.98076211353316,138.0,180.0,124.0,56.0,24.24871130596428,9.0,11.0,3.0,8.0,3.4641016151377544,7.75,10.0,1.0,9.0,3.897114317029974,3.0,9.0,1.0,8.0,3.4641016151377544,2.25,9.0,0.0,9.0,3.897114317029974,2.4,135.0,11.0,6.0,9.225554,10.0,1337.33,73.0,124.0,11.0,10.0,1.0,0.0
1382.7849999999999,1519.15,1337.33,181.82000000000016,78.7303694580434,68.5,73.0,55.0,18.0,7.794228634059948,122.75,124.0,119.0,5.0,2.165063509461097,10.0,11.0,7.0,4.0,1.7320508075688772,8.75,10.0,5.0,5.0,2.165063509461097,2.0,5.0,1.0,4.0,1.7320508075688772,1.25,5.0,0.0,5.0,2.165063509461097,2.4,135.0,11.0,6.0,9.225554,10.0,1337.33,73.0,124.0,11.0,10.0,1.0,0.0
1726.7849999999999,2895.15,1337.33,1557.8200000000002,674.5558472617372,67.75,73.0,52.0,21.0,9.093266739736606,127.5,138.0,124.0,14.0,6.06217782649107,9.75,11.0,6.0,5.0,2.165063509461097,8.75,10.0,5.0,5.0,2.165063509461097,2.25,6.0,1.0,5.0,2.165063509461097,1.25,5.0,0.0,5.0,2.165063509461097,2.4,135.0,11.0,6.0,9.225554,10.0,1337.33,73.0,124.0,11.0,10.0,1.0,0.0
1690.5349999999999,2750.15,1337.33,1412.8200000000002,611.7690054873653,66.75,73.0,48.0,25.0,10.825317547305483,129.75,147.0,124.0,23.0,9.959292143521045,9.5,11.0,5.0,6.0,2.598076211353316,8.5,10.0,4.0,6.0,2.598076211353316,2.5,7.0,1.0,6.0,2.598076211353316,1.5,6.0,0.0,6.0,2.598076211353316,2.4,135.0,11.0,6.0,9.225554,10.0,1337.33,73.0,124.0,11.0,10.0,1.0,0.0
1435.0349999999999,1728.15,1337.33,390.82000000000016,169.23002415351723,71.5,73.0,67.0,6.0,2.598076211353316,120.5,124.0,110.00000000000001,13.999999999999986,6.062177826491065,10.75,11.0,10.0,1.0,0.4330127018922193,9.5,10.0,8.0,2.0,0.8660254037844386,1.25,2.0,1.0,1.0,0.4330127018922193,0.5,2.0,0.0,2.0,0.8660254037844386,2.4,135.0,11.0,6.0,9.225554,10.0,1337.33,73.0,124.0,11.0,10.0,1.0,0.0
1829.5349999999999,3306.15,1337.33,1968.8200000000002,852.5240677394393,70.0,73.0,61.0,12.0,5.196152422706632,125.25,129.0,124.0,5.0,2.165063509461097,10.25,11.0,8.0,3.0,1.299038105676658,9.0,10.0,6.0,4.0,1.7320508075688772,1.75,4.0,1.0,3.0,1.299038105676658,1.0,4.0,0.0,4.0,1.7320508075688772,2.4,135.0,11.0,6.0,9.225554,10.0,1337.33,73.0,124.0,11.0,10.0,1.0,0.0
1153.1505,1337.33,600.612,736.718,319.00825171263205,77.5,91.0,73.0,18.0,7.794228634059948,129.0,144.0,124.0,20.0,8.660254037844387,9.25,11.0,4.0,7.0,3.031088913245535,10.0,10.0,10.0,0.0,0.0,1.75,4.0,1.0,3.0,1.299038105676658,0.0,0.0,0.0,0.0,0.0,2.4,135.0,11.0,6.0,9.225554,10.0,1337.33,73.0,124.0,11.0,10.0,1.0,0.0
1459.985,1827.9499999999998,1337.33,490.6199999999999,212.44469180236058,71.75,73.0,68.0,5.0,2.165063509461097,123.0,124.0,120.0,4.0,1.7320508075688772,10.75,11.0,10.0,1.0,0.4330127018922193,10.0,10.0,10.0,0.0,0.0,0.75,1.0,0.0,1.0,0.4330127018922193,0.0,0.0,0.0,0.0,0.0,2.4,135.0,11.0,6.0,9.225554,10.0,1337.33,73.0,124.0,11.0,10.0,1.0,0.0
1513.335,2041.35,1337.33,704.02,304.84960238616026,72.0,73.0,69.0,4.0,1.7320508075688772,123.75,124.0,123.0,1.0,0.4330127018922193,10.75,11.0,10.0,1.0,0.4330127018922193,9.75,10.0,9.0,1.0,0.4330127018922193,1.25,2.0,1.0,1.0,0.4330127018922193,0.25,1.0,0.0,1.0,0.4330127018922193,2.4,135.0,11.0,6.0,9.225554,10.0,1337.33,73.0,124.0,11.0,10.0,1.0,0.0
1867.5349999999999,3458.15,1337.33,2120.82,918.3419984270566,69.0,73.0,57.0,16.0,6.928203230275509,125.75,131.0,124.0,7.0,3.031088913245535,10.0,11.0,7.0,4.0,1.7320508075688772,8.75,10.0,5.0,5.0,2.165063509461097,2.0,5.0,1.0,4.0,1.7320508075688772,1.25,5.0,0.0,5.0,2.165063509461097,2.4,135.0,11.0,6.0,9.225554,10.0,1337.33,73.0,124.0,11.0,10.0,1.0,0.0
1562.0349999999999,2236.15,1337.33,898.8200000000002,389.20047671476465,70.75,73.0,64.0,9.0,3.897114317029974,124.25,125.0,124.0,1.0,0.4330127018922193,10.5,11.0,9.0,2.0,0.8660254037844386,9.5,10.0,8.0,2.0,0.8660254037844386,1.5,3.0,1.0,2.0,0.8660254037844386,0.5,2.0,0.0,2.0,0.8660254037844386,2.4,135.0,11.0,6.0,9.225554,10.0,1337.33,73.0,124.0,11.0,10.0,1.0,0.0
1654.5349999999999,2606.15,1337.33,1268.8200000000002,549.4151764148858,69.75,73.0,60.0,13.0,5.629165124598851,124.25,125.0,124.0,1.0,0.4330127018922193,10.25,11.0,8.0,3.0,1.299038105676658,9.25,10.0,7.0,3.0,1.299038105676658,1.75,4.0,1.0,3.0,1.299038105676658,0.75,3.0,0.0,3.0,1.299038105676658,2.4,135.0,11.0,6.0,9.225554,10.0,1337.33,73.0,124.0,11.0,10.0,1.0,0.0
1456.5349999999999,1814.15,1337.33,476.82000000000016,206.4691165162481,57.5,73.0,11.0,62.0,26.846787517317598,130.0,148.0,124.0,24.0,10.392304845413264,9.0,11.0,3.0,8.0,3.4641016151377544,7.75,10.0,1.0,9.0,3.897114317029974,3.0,9.0,1.0,8.0,3.4641016151377544,2.25,9.0,0.0,9.0,3.897114317029974,2.4,135.0,11.0,6.0,9.225554,10.0,1337.33,73.0,124.0,11.0,10.0,1.0,0.0
1129.2675,1337.33,505.08,832.25,360.3748211497995,77.25,90.0,73.0,17.0,7.361215932167728,128.0,140.0,124.0,16.0,6.928203230275509,9.25,11.0,4.0,7.0,3.031088913245535,10.0,10.0,10.0,0.0,0.0,1.75,4.0,1.0,3.0,1.299038105676658,0.0,0.0,0.0,0.0,0.0,2.4,135.0,11.0,6.0,9.225554,10.0,1337.33,73.0,124.0,11.0,10.0,1.0,0.0
1825.5349999999999,3290.15,1337.33,1952.8200000000002,845.5958645091638,67.0,73.0,49.0,24.0,10.392304845413264,129.5,146.0,124.0,22.0,9.526279441628825,9.5,11.0,5.0,6.0,2.598076211353316,8.25,10.0,3.0,7.0,3.031088913245535,2.5,7.0,1.0,6.0,2.598076211353316,1.75,7.0,0.0,7.0,3.031088913245535,2.4,135.0,11.0,6.0,9.225554,10.0,1337.33,73.0,124.0,11.0,10.0,1.0,0.0
1610.5349999999999,2430.15,1337.33,1092.8200000000002,473.2049408818552,68.75,73.0,56.0,17.0,7.361215932167728,125.0,128.0,124.0,4.0,1.7320508075688772,10.0,11.0,7.0,4.0,1.7320508075688772,8.75,10.0,5.0,5.0,2.165063509461097,2.0,5.0,1.0,4.0,1.7320508075688772,1.25,5.0,0.0,5.0,2.165063509461097,2.4,135.0,11.0,6.0,9.225554,10.0,1337.33,73.0,124.0,11.0,10.0,1.0,0.0
1488.7849999999999,1943.15,1337.33,605.8200000000002,262.3277550603444,65.5,73.0,43.0,30.0,12.99038105676658,127.0,136.0,124.0,12.0,5.196152422706632,9.25,11.0,4.0,7.0,3.031088913245535,8.0,10.0,2.0,8.0,3.4641016151377544,2.75,8.0,1.0,7.0,3.031088913245535,2.0,8.0,0.0,8.0,3.4641016151377544,2.4,135.0,11.0,6.0,9.225554,10.0,1337.33,73.0,124.0,11.0,10.0,1.0,0.0
1147.2849999999999,1337.33,577.15,760.18,329.16759572442726,76.0,85.0,73.0,12.0,5.196152422706632,129.0,144.0,124.0,20.0,8.660254037844387,9.0,11.0,3.0,8.0,3.4641016151377544,10.0,10.0,10.0,0.0,0.0,2.0,5.0,1.0,4.0,1.7320508075688772,0.0,0.0,0.0,0.0,0.0,2.4,135.0,11.0,6.0,9.225554,10.0,1337.33,73.0,124.0,11.0,10.0,1.0,0.0
1548.7849999999999,2183.15,1337.33,845.8200000000002,366.250803514477,66.5,73.0,47.0,26.0,11.258330249197702,126.5,134.0,124.0,10.0,4.330127018922194,9.5,11.0,5.0,6.0,2.598076211353316,8.25,10.0,3.0,7.0,3.031088913245535,2.5,7.0,1.0,6.0,2.598076211353316,1.75,7.0,0.0,7.0,3.031088913245535,2.4,135.0,11.0,6.0,9.225554,10.0,1337.33,73.0,124.0,11.0,10.0,1.0,0.0
1924.7849999999999,3687.15,1337.33,2349.82,1017.5019071603749,68.0,73.0,53.0,20.0,8.660254037844387,127.25,137.0,124.0,13.0,5.629165124598851,9.75,11.0,6.0,5.0,2.165063509461097,8.5,10.0,4.0,6.0,2.598076211353316,2.25,6.0,1.0,5.0,2.165063509461097,1.5,6.0,0.0,6.0,2.598076211353316,2.4,135.0,11.0,6.0,9.225554,10.0,1337.33,73.0,124.0,11.0,10.0,1.0,0.0
1451.7849999999999,1795.15,1337.33,457.82000000000016,198.24187518029592,57.75,73.0,12.0,61.0,26.413774815425377,133.75,163.0,124.0,39.0,16.887495373796554,9.0,11.0,3.0,8.0,3.4641016151377544,7.75,10.0,1.0,9.0,3.897114317029974,3.0,9.0,1.0,8.0,3.4641016151377544,2.25,9.0,0.0,9.0,3.897114317029974,2.4,135.0,11.0,6.0,9.225554,10.0,1337.33,73.0,124.0,11.0,10.0,1.0,0.0
1176.1667499999999,1337.33,692.6769999999999,644.653,279.14293731292486,74.0,77.0,73.0,4.0,1.7320508075688772,122.5,124.0,118.0,6.0,2.598076211353316,11.25,12.0,11.0,1.0,0.4330127018922193,10.0,10.0,10.0,0.0,0.0,0.75,1.0,0.0,1.0,0.4330127018922193,0.0,0.0,0.0,0.0,0.0,2.4,135.0,11.0,6.0,9.225554,10.0,1337.33,73.0,124.0,11.0,10.0,1.0,0.0
1534.7849999999999,2127.15,1337.33,789.8200000000002,342.00209220851275,65.75,73.0,44.0,29.0,12.55736835487436,131.5,154.0,124.0,30.0,12.99038105676658,9.25,11.0,4.0,7.0,3.031088913245535,8.0,10.0,2.0,8.0,3.4641016151377544,2.75,8.0,1.0,7.0,3.031088913245535,2.0,8.0,0.0,8.0,3.4641016151377544,2.4,135.0,11.0,6.0,9.225554,10.0,1337.33,73.0,124.0,11.0,10.0,1.0,0.0
742.7465,1337.33,544.5519999999999,792.778,343.28294378070984,91.0,97.0,73.0,24.0,10.392304845413264,144.25,151.0,124.0,27.0,11.691342951089922,6.5,11.0,5.0,6.0,2.598076211353316,10.0,10.0,10.0,0.0,0.0,2.5,3.0,1.0,2.0,0.8660254037844386,0.0,0.0,0.0,0.0,0.0,1.9,160.0,15.0,6.0,7.285516,10.0,544.5519999999999,97.0,151.0,5.0,10.0,3.0,0.0
779.99675,1337.33,594.219,743.1109999999999,321.77650191582893,76.75,78.0,73.0,5.0,2.165063509461097,133.0,136.0,124.0,12.0,5.196152422706632,11.75,12.0,11.0,1.0,0.4330127018922193,10.0,10.0,10.0,0.0,0.0,0.25,1.0,0.0,1.0,0.4330127018922193,0.0,0.0,0.0,0.0,0.0,1.69,155.0,12.0,5.0,8.99382,10.0,594.219,78.0,136.0,12.0,10.0,0.0,0.0
1660.4450000000002,1768.15,1337.33,430.82000000000016,186.550532229206,65.5,73.0,63.0,10.0,4.330127018922194,114.25000000000001,124.0,111.00000000000001,12.999999999999986,5.629165124598845,9.5,11.0,9.0,2.0,0.8660254037844386,7.75,10.0,7.0,3.0,1.299038105676658,2.5,3.0,1.0,2.0,0.8660254037844386,2.25,3.0,0.0,3.0,1.299038105676658,1.88,135.0,9.0,4.0,7.88101,7.0,1768.15,63.0,111.00000000000001,9.0,7.0,3.0,3.0
1969.4450000000002,2180.15,1337.33,842.8200000000002,364.9517654088003,56.5,73.0,51.0,22.0,9.526279441628825,122.5,124.0,122.0,2.0,0.8660254037844386,7.25,11.0,6.0,5.0,2.165063509461097,6.25,10.0,5.0,5.0,2.165063509461097,4.75,6.0,1.0,5.0,2.165063509461097,3.75,5.0,0.0,5.0,2.165063509461097,1.66,140.0,6.0,4.0,6.76651,5.0,2180.15,51.0,122.0,6.0,5.0,6.0,5.0
1352.6599999999999,1357.77,1337.33,20.440000000000055,8.850779626676987,71.5,73.0,71.0,2.0,0.8660254037844386,115.00000000000001,124.0,112.00000000000001,11.999999999999986,5.196152422706626,11.0,11.0,11.0,0.0,0.0,10.0,10.0,10.0,0.0,0.0,1.0,1.0,1.0,0.0,0.0,0.0,0.0,0.0,0.0,0.0,1.9,135.0,11.0,4.0,7.72638,10.0,1357.77,71.0,112.00000000000001,11.0,10.0,1.0,0.0
1692.6950000000002,1811.15,1337.33,473.82000000000016,205.17007841057145,62.5,73.0,59.0,14.0,6.06217782649107,117.99999999999999,124.0,115.99999999999999,8.000000000000014,3.4641016151377606,8.75,11.0,8.0,3.0,1.299038105676658,7.0,10.0,6.0,4.0,1.7320508075688772,3.25,4.0,1.0,3.0,1.299038105676658,3.0,4.0,0.0,4.0,1.7320508075688772,1.83,140.0,8.0,4.0,7.9024681,6.0,1811.15,59.0,115.99999999999999,8.0,6.0,4.0,4.0
561.5184499999999,1337.33,302.91459999999995,1034.4153999999999,447.9150072329208,80.5,83.0,73.0,10.0,4.330127018922194,124.0,124.0,124.0,0.0,0.0,5.0,11.0,3.0,8.0,3.4641016151377544,10.0,10.0,10.0,0.0,0.0,4.0,5.0,1.0,4.0,1.7320508075688772,0.0,0.0,0.0,0.0,0.0,1.81,130.0,13.0,4.0,5.999302,10.0,302.91459999999995,83.0,124.0,3.0,10.0,5.0,0.0
2213.945,2506.15,1337.33,1168.8200000000002,506.11390622566387,52.0,73.0,45.0,28.0,12.12435565298214,145.0,152.0,124.0,28.0,12.12435565298214,5.75,11.0,4.0,7.0,3.031088913245535,4.0,10.0,2.0,8.0,3.4641016151377544,6.25,8.0,1.0,7.0,3.031088913245535,6.0,8.0,0.0,8.0,3.4641016151377544,1.3,155.0,4.0,6.0,6.82507,2.0,2506.15,45.0,152.0,4.0,2.0,8.0,8.0
656.643875,1337.33,429.7485,907.5815,392.99431750239324,81.25,84.0,73.0,11.0,4.763139720814412,137.5,142.0,124.0,18.0,7.794228634059948,5.0,11.0,3.0,8.0,3.4641016151377544,10.0,10.0,10.0,0.0,0.0,4.0,5.0,1.0,4.0,1.7320508075688772,0.0,0.0,0.0,0.0,0.0,1.78,155.0,13.0,5.0,5.7863558,10.0,429.7485,84.0,142.0,3.0,10.0,5.0,0.0
2373.695,2719.15,1337.33,1381.8200000000002,598.3456117287066,67.0,73.0,65.0,8.0,3.4641016151377544,122.5,124.0,122.0,2.0,0.8660254037844386,9.5,11.0,9.0,2.0,0.8660254037844386,7.75,10.0,7.0,3.0,1.299038105676658,2.5,3.0,1.0,2.0,0.8660254037844386,2.25,3.0,0.0,3.0,1.299038105676658,2.2,135.0,9.0,6.0,8.96702,7.0,2719.15,65.0,122.0,9.0,7.0,3.0,3.0
1229.1950000000002,1337.33,1193.15,144.17999999999984,62.431771358820114,28.0,73.0,13.0,60.0,25.98076211353316,166.0,180.0,124.0,56.0,24.24871130596428,5.0,11.0,3.0,8.0,3.4641016151377544,3.25,10.0,1.0,9.0,3.897114317029974,7.0,9.0,1.0,8.0,3.4641016151377544,6.75,9.0,0.0,9.0,3.897114317029974,1.1,195.0,3.0,6.0,5.5769,1.0,1193.15,13.0,180.0,3.0,1.0,9.0,9.0
2505.695,2895.15,1337.33,1557.8200000000002,674.5558472617372,57.25,73.0,52.0,21.0,9.093266739736606,134.5,138.0,124.0,14.0,6.06217782649107,7.25,11.0,6.0,5.0,2.165063509461097,6.25,10.0,5.0,5.0,2.165063509461097,4.75,6.0,1.0,5.0,2.165063509461097,3.75,5.0,0.0,5.0,2.165063509461097,2.16,145.0,6.0,5.0,7.09243,5.0,2895.15,52.0,138.0,6.0,5.0,6.0,5.0
2396.945,2750.15,1337.33,1412.8200000000002,611.7690054873653,54.25,73.0,48.0,25.0,10.825317547305483,141.25,147.0,124.0,23.0,9.959292143521045,6.5,11.0,5.0,6.0,2.598076211353316,5.5,10.0,4.0,6.0,2.598076211353316,5.5,7.0,1.0,6.0,2.598076211353316,4.5,6.0,0.0,6.0,2.598076211353316,1.6,145.0,5.0,5.0,6.75885,4.0,2750.15,48.0,147.0,5.0,4.0,7.0,6.0
1630.4450000000002,1728.15,1337.33,390.82000000000016,169.23002415351723,68.5,73.0,67.0,6.0,2.598076211353316,113.50000000000001,124.0,110.00000000000001,13.999999999999986,6.062177826491065,10.25,11.0,10.0,1.0,0.4330127018922193,8.5,10.0,8.0,2.0,0.8660254037844386,1.75,2.0,1.0,1.0,0.4330127018922193,1.5,2.0,0.0,2.0,0.8660254037844386,1.91,135.0,10.0,4.0,7.639878,8.0,1728.15,67.0,110.00000000000001,10.0,8.0,2.0,2.0
784.7914999999999,1337.33,600.612,736.718,319.00825171263205,86.5,91.0,73.0,18.0,7.794228634059948,139.0,144.0,124.0,20.0,8.660254037844387,5.75,11.0,4.0,7.0,3.031088913245535,10.0,10.0,10.0,0.0,0.0,3.25,4.0,1.0,3.0,1.299038105676658,0.0,0.0,0.0,0.0,0.0,1.8,180.0,14.0,6.0,7.4166799,10.0,600.612,91.0,144.0,4.0,10.0,4.0,0.0
1705.2949999999998,1827.9499999999998,1337.33,490.6199999999999,212.44469180236058,69.25,73.0,68.0,5.0,2.165063509461097,121.0,124.0,120.0,4.0,1.7320508075688772,10.25,11.0,10.0,1.0,0.4330127018922193,10.0,10.0,10.0,0.0,0.0,0.25,1.0,0.0,1.0,0.4330127018922193,0.0,0.0,0.0,0.0,0.0,2.2,140.0,10.0,5.0,8.336839,10.0,1827.9499999999998,68.0,120.0,10.0,10.0,0.0,0.0
1865.3449999999998,2041.35,1337.33,704.02,304.84960238616026,70.0,73.0,69.0,4.0,1.7320508075688772,123.25,124.0,123.0,1.0,0.4330127018922193,10.25,11.0,10.0,1.0,0.4330127018922193,9.25,10.0,9.0,1.0,0.4330127018922193,1.75,2.0,1.0,1.0,0.4330127018922193,0.75,1.0,0.0,1.0,0.4330127018922193,2.2,135.0,10.0,6.0,8.95883,9.0,2041.35,69.0,123.0,10.0,9.0,2.0,1.0
2927.945,3458.15,1337.33,2120.82,918.3419984270566,61.0,73.0,57.0,16.0,6.928203230275509,129.25,131.0,124.0,7.0,3.031088913245535,8.0,11.0,7.0,4.0,1.7320508075688772,6.25,10.0,5.0,5.0,2.165063509461097,4.0,5.0,1.0,4.0,1.7320508075688772,3.75,5.0,0.0,5.0,2.165063509461097,1.9,135.0,7.0,6.0,7.83352,5.0,3458.15,57.0,131.0,7.0,5.0,5.0,5.0
2011.4450000000002,2236.15,1337.33,898.8200000000002,389.20047671476465,66.25,73.0,64.0,9.0,3.897114317029974,124.75,125.0,124.0,1.0,0.4330127018922193,9.5,11.0,9.0,2.0,0.8660254037844386,8.5,10.0,8.0,2.0,0.8660254037844386,2.5,3.0,1.0,2.0,0.8660254037844386,1.5,2.0,0.0,2.0,0.8660254037844386,2.28,135.0,9.0,5.0,7.4589,8.0,2236.15,64.0,125.0,9.0,8.0,3.0,2.0
2288.945,2606.15,1337.33,1268.8200000000002,549.4151764148858,63.25,73.0,60.0,13.0,5.629165124598851,124.75,125.0,124.0,1.0,0.4330127018922193,8.75,11.0,8.0,3.0,1.299038105676658,7.75,10.0,7.0,3.0,1.299038105676658,3.25,4.0,1.0,3.0,1.299038105676658,2.25,3.0,0.0,3.0,1.299038105676658,2.2,130.0,8.0,5.0,7.3605,7.0,2606.15,60.0,125.0,8.0,7.0,4.0,3.0
1694.9450000000002,1814.15,1337.33,476.82000000000016,206.4691165162481,26.5,73.0,11.0,62.0,26.846787517317598,142.0,148.0,124.0,24.0,10.392304845413264,5.0,11.0,3.0,8.0,3.4641016151377544,3.25,10.0,1.0,9.0,3.897114317029974,7.0,9.0,1.0,8.0,3.4641016151377544,6.75,9.0,0.0,9.0,3.897114317029974,1.36,160.0,3.0,4.0,6.56149,1.0,1814.15,11.0,148.0,3.0,1.0,9.0,9.0
713.1424999999999,1337.33,505.08,832.25,360.3748211497995,85.75,90.0,73.0,17.0,7.361215932167728,136.0,140.0,124.0,16.0,6.928203230275509,5.75,11.0,4.0,7.0,3.031088913245535,10.0,10.0,10.0,0.0,0.0,3.25,4.0,1.0,3.0,1.299038105676658,0.0,0.0,0.0,0.0,0.0,1.96,145.0,14.0,5.0,7.343918,10.0,505.08,90.0,140.0,4.0,10.0,4.0,0.0
2801.945,3290.15,1337.33,1952.8200000000002,845.5958645091638,55.0,73.0,49.0,24.0,10.392304845413264,140.5,146.0,124.0,22.0,9.526279441628825,6.5,11.0,5.0,6.0,2.598076211353316,4.75,10.0,3.0,7.0,3.031088913245535,5.5,7.0,1.0,6.0,2.598076211353316,5.25,7.0,0.0,7.0,3.031088913245535,1.5,145.0,5.0,6.0,7.549571,3.0,3290.15,49.0,146.0,5.0,3.0,7.0,7.0
2156.945,2430.15,1337.33,1092.8200000000002,473.2049408818552,60.25,73.0,56.0,17.0,7.361215932167728,127.0,128.0,124.0,4.0,1.7320508075688772,8.0,11.0,7.0,4.0,1.7320508075688772,6.25,10.0,5.0,5.0,2.165063509461097,4.0,5.0,1.0,4.0,1.7320508075688772,3.75,5.0,0.0,5.0,2.165063509461097,2.1,135.0,7.0,5.0,7.11938,5.0,2430.15,56.0,128.0,7.0,5.0,5.0,5.0
1791.6950000000002,1943.15,1337.33,605.8200000000002,262.3277550603444,50.5,73.0,43.0,30.0,12.99038105676658,133.0,136.0,124.0,12.0,5.196152422706632,5.75,11.0,4.0,7.0,3.031088913245535,4.0,10.0,2.0,8.0,3.4641016151377544,6.25,8.0,1.0,7.0,3.031088913245535,6.0,8.0,0.0,8.0,3.4641016151377544,1.54,140.0,4.0,4.0,6.82812,2.0,1943.15,43.0,136.0,4.0,2.0,8.0,8.0
767.1949999999999,1337.33,577.15,760.18,329.16759572442726,82.0,85.0,73.0,12.0,5.196152422706632,139.0,144.0,124.0,20.0,8.660254037844387,5.0,11.0,3.0,8.0,3.4641016151377544,10.0,10.0,10.0,0.0,0.0,4.0,5.0,1.0,4.0,1.7320508075688772,0.0,0.0,0.0,0.0,0.0,1.8,190.0,13.0,6.0,6.1082873,10.0,577.15,85.0,144.0,3.0,10.0,5.0,0.0
1971.6950000000002,2183.15,1337.33,845.8200000000002,366.250803514477,53.5,73.0,47.0,26.0,11.258330249197702,131.5,134.0,124.0,10.0,4.330127018922194,6.5,11.0,5.0,6.0,2.598076211353316,4.75,10.0,3.0,7.0,3.031088913245535,5.5,7.0,1.0,6.0,2.598076211353316,5.25,7.0,0.0,7.0,3.031088913245535,1.63,135.0,5.0,4.0,6.746187,3.0,2183.15,47.0,134.0,5.0,3.0,7.0,7.0
3099.695,3687.15,1337.33,2349.82,1017.5019071603749,58.0,73.0,53.0,20.0,8.660254037844387,133.75,137.0,124.0,13.0,5.629165124598851,7.25,11.0,6.0,5.0,2.165063509461097,5.5,10.0,4.0,6.0,2.598076211353316,4.75,6.0,1.0,5.0,2.165063509461097,4.5,6.0,0.0,6.0,2.598076211353316,1.7,135.0,6.0,6.0,7.86403,4.0,3687.15,53.0,137.0,6.0,4.0,6.0,6.0
1680.6950000000002,1795.15,1337.33,457.82000000000016,198.24187518029592,27.25,73.0,12.0,61.0,26.413774815425377,153.25,163.0,124.0,39.0,16.887495373796554,5.0,11.0,3.0,8.0,3.4641016151377544,3.25,10.0,1.0,9.0,3.897114317029974,7.0,9.0,1.0,8.0,3.4641016151377544,6.75,9.0,0.0,9.0,3.897114317029974,1.22,180.0,3.0,5.0,6.21726,1.0,1795.15,12.0,163.0,3.0,1.0,9.0,9.0
853.84025,1337.33,692.6769999999999,644.653,279.14293731292486,76.0,77.0,73.0,4.0,1.7320508075688772,119.5,124.0,118.0,6.0,2.598076211353316,11.75,12.0,11.0,1.0,0.4330127018922193,10.0,10.0,10.0,0.0,0.0,0.25,1.0,0.0,1.0,0.4330127018922193,0.0,0.0,0.0,0.0,0.0,1.65,135.0,12.0,4.0,9.394197,10.0,692.6769999999999,77.0,118.0,12.0,10.0,0.0,0.0
1929.6950000000002,2127.15,1337.33,789.8200000000002,342.00209220851275,51.25,73.0,44.0,29.0,12.55736835487436,146.5,154.0,124.0,30.0,12.99038105676658,5.75,11.0,4.0,7.0,3.031088913245535,4.0,10.0,2.0,8.0,3.4641016151377544,6.25,8.0,1.0,7.0,3.031088913245535,6.0,8.0,0.0,8.0,3.4641016151377544,1.33,155.0,4.0,5.0,6.634126,2.0,2127.15,44.0,154.0,4.0,2.0,8.0,8.0
556.96875,594.219,544.5519999999999,49.667000000000144,21.50644186488092,92.25,97.0,78.0,19.0,8.227241335952167,147.25,151.0,136.0,15.0,6.49519052838329,6.75,12.0,5.0,7.0,3.031088913245535,10.0,10.0,10.0,0.0,0.0,2.25,3.0,0.0,3.0,1.299038105676658,0.0,0.0,0.0,0.0,0.0,1.9,160.0,15.0,6.0,7.285516,10.0,544.5519999999999,97.0,151.0,5.0,10.0,3.0,0.0
747.8564999999999,1357.77,544.5519999999999,813.2180000000001,352.1337234073868,90.5,97.0,71.0,26.0,11.258330249197702,141.25,151.0,112.00000000000001,38.999999999999986,16.887495373796547,6.5,11.0,5.0,6.0,2.598076211353316,10.0,10.0,10.0,0.0,0.0,2.5,3.0,1.0,2.0,0.8660254037844386,0.0,0.0,0.0,0.0,0.0,1.9,160.0,15.0,6.0,7.285516,10.0,544.5519999999999,97.0,151.0,5.0,10.0,3.0,0.0
1034.9515,2506.15,544.5519999999999,1961.5980000000002,849.3968500063737,84.0,97.0,45.0,52.0,22.516660498395403,151.25,152.0,151.0,1.0,0.4330127018922193,4.75,5.0,4.0,1.0,0.4330127018922193,8.0,10.0,2.0,8.0,3.4641016151377544,4.25,8.0,3.0,5.0,2.165063509461097,2.0,8.0,0.0,8.0,3.4641016151377544,1.9,160.0,15.0,6.0,7.285516,10.0,544.5519999999999,97.0,151.0,5.0,10.0,3.0,0.0
1095.9515,2750.15,544.5519999999999,2205.598,955.0519492680752,84.75,97.0,48.0,49.0,21.21762239271875,150.0,151.0,147.0,4.0,1.7320508075688772,5.0,5.0,5.0,0.0,0.0,8.5,10.0,4.0,6.0,2.598076211353316,4.0,7.0,3.0,4.0,1.7320508075688772,1.5,6.0,0.0,6.0,2.598076211353316,1.9,160.0,15.0,6.0,7.285516,10.0,544.5519999999999,97.0,151.0,5.0,10.0,3.0,0.0
865.4014999999999,1827.9499999999998,544.5519999999999,1283.398,555.7276355830704,89.75,97.0,68.0,29.0,12.55736835487436,143.25,151.0,120.0,31.0,13.423393758658799,6.25,10.0,5.0,5.0,2.165063509461097,10.0,10.0,10.0,0.0,0.0,2.25,3.0,0.0,3.0,1.299038105676658,0.0,0.0,0.0,0.0,0.0,1.9,160.0,15.0,6.0,7.285516,10.0,544.5519999999999,97.0,151.0,5.0,10.0,3.0,0.0
918.7514999999999,2041.35,544.5519999999999,1496.798,648.13254616687,90.0,97.0,69.0,28.0,12.12435565298214,144.0,151.0,123.0,28.0,12.12435565298214,6.25,10.0,5.0,5.0,2.165063509461097,9.75,10.0,9.0,1.0,0.4330127018922193,2.75,3.0,2.0,1.0,0.4330127018922193,0.25,1.0,0.0,1.0,0.4330127018922193,1.9,160.0,15.0,6.0,7.285516,10.0,544.5519999999999,97.0,151.0,5.0,10.0,3.0,0.0
1272.9515,3458.15,544.5519999999999,2913.598,1261.6249422077667,87.0,97.0,57.0,40.0,17.320508075688775,146.0,151.0,131.0,20.0,8.660254037844387,5.5,7.0,5.0,2.0,0.8660254037844386,8.75,10.0,5.0,5.0,2.165063509461097,3.5,5.0,3.0,2.0,0.8660254037844386,1.25,5.0,0.0,5.0,2.165063509461097,1.9,160.0,15.0,6.0,7.285516,10.0,544.5519999999999,97.0,151.0,5.0,10.0,3.0,0.0
967.4514999999999,2236.15,544.5519999999999,1691.5980000000002,732.4834204954745,88.75,97.0,64.0,33.0,14.289419162443238,144.5,151.0,125.0,26.0,11.258330249197702,6.0,9.0,5.0,4.0,1.7320508075688772,9.5,10.0,8.0,2.0,0.8660254037844386,3.0,3.0,3.0,0.0,0.0,0.5,2.0,0.0,2.0,0.8660254037844386,1.9,160.0,15.0,6.0,7.285516,10.0,544.5519999999999,97.0,151.0,5.0,10.0,3.0,0.0
1059.9515,2606.15,544.5519999999999,2061.598,892.6981201955957,87.75,97.0,60.0,37.0,16.021469970012117,144.5,151.0,125.0,26.0,11.258330249197702,5.75,8.0,5.0,3.0,1.299038105676658,9.25,10.0,7.0,3.0,1.299038105676658,3.25,4.0,3.0,1.0,0.4330127018922193,0.75,3.0,0.0,3.0,1.299038105676658,1.9,160.0,15.0,6.0,7.285516,10.0,544.5519999999999,97.0,151.0,5.0,10.0,3.0,0.0
1330.2015,3687.15,544.5519999999999,3142.598,1360.7848509410849,86.0,97.0,53.0,44.0,19.05255888325765,147.5,151.0,137.0,14.0,6.06217782649107,5.25,6.0,5.0,1.0,0.4330127018922193,8.5,10.0,4.0,6.0,2.598076211353316,3.75,6.0,3.0,3.0,1.299038105676658,1.5,6.0,0.0,6.0,2.598076211353316,1.9,160.0,15.0,6.0,7.285516,10.0,544.5519999999999,97.0,151.0,5.0,10.0,3.0,0.0
581.80225,594.219,544.5519999999999,49.667000000000144,21.50644186488092,82.75,97.0,78.0,19.0,8.227241335952167,139.75,151.0,136.0,15.0,6.49519052838329,10.25,12.0,5.0,7.0,3.031088913245535,10.0,10.0,10.0,0.0,0.0,0.75,3.0,0.0,3.0,1.299038105676658,0.0,0.0,0.0,0.0,0.0,1.69,155.0,12.0,5.0,8.99382,10.0,594.219,78.0,136.0,12.0,10.0,0.0,0.0
1154.4655,1357.77,544.5519999999999,813.2180000000001,352.1337234073868,77.5,97.0,71.0,26.0,11.258330249197702,121.75000000000001,151.0,112.00000000000001,38.999999999999986,16.887495373796547,9.5,11.0,5.0,6.0,2.598076211353316,10.0,10.0,10.0,0.0,0.0,1.5,3.0,1.0,2.0,0.8660254037844386,0.0,0.0,0.0,0.0,0.0,1.9,135.0,11.0,4.0,7.72638,10.0,1357.77,71.0,112.00000000000001,11.0,10.0,1.0,0.0
1507.1004999999998,1827.9499999999998,544.5519999999999,1283.398,555.7276355830704,75.25,97.0,68.0,29.0,12.55736835487436,127.75,151.0,120.0,31.0,13.423393758658799,8.75,10.0,5.0,5.0,2.165063509461097,10.0,10.0,10.0,0.0,0.0,0.75,3.0,0.0,3.0,1.299038105676658,0.0,0.0,0.0,0.0,0.0,2.2,140.0,10.0,5.0,8.336839,10.0,1827.9499999999998,68.0,120.0,10.0,10.0,0.0,0.0
1667.1504999999997,2041.35,544.5519999999999,1496.798,648.1325461668702,76.0,97.0,69.0,28.0,12.12435565298214,130.0,151.0,123.0,28.0,12.12435565298214,8.75,10.0,5.0,5.0,2.165063509461097,9.25,10.0,9.0,1.0,0.4330127018922193,2.25,3.0,2.0,1.0,0.4330127018922193,0.75,1.0,0.0,1.0,0.4330127018922193,2.2,135.0,10.0,6.0,8.95883,9.0,2041.35,69.0,123.0,10.0,9.0,2.0,1.0
1813.2505,2236.15,544.5519999999999,1691.5980000000002,732.4834204954745,72.25,97.0,64.0,33.0,14.289419162443238,131.5,151.0,125.0,26.0,11.258330249197702,8.0,9.0,5.0,4.0,1.7320508075688772,8.5,10.0,8.0,2.0,0.8660254037844386,3.0,3.0,3.0,0.0,0.0,1.5,2.0,0.0,2.0,0.8660254037844386,2.28,135.0,9.0,5.0,7.4589,8.0,2236.15,64.0,125.0,9.0,8.0,3.0,2.0
2090.7505,2606.15,544.5519999999999,2061.598,892.6981201955957,69.25,97.0,60.0,37.0,16.021469970012117,131.5,151.0,125.0,26.0,11.258330249197702,7.25,8.0,5.0,3.0,1.299038105676658,7.75,10.0,7.0,3.0,1.299038105676658,3.75,4.0,3.0,1.0,0.4330127018922193,2.25,3.0,0.0,3.0,1.299038105676658,2.2,130.0,8.0,5.0,7.3605,7.0,2606.15,60.0,125.0,8.0,7.0,4.0,3.0
887.7017500000001,1768.15,594.219,1173.931,508.32703414503493,74.25,78.0,63.0,15.0,6.49519052838329,129.75,136.0,111.00000000000001,24.999999999999986,10.825317547305477,11.25,12.0,9.0,3.0,1.299038105676658,9.25,10.0,7.0,3.0,1.299038105676658,0.75,3.0,0.0,3.0,1.299038105676658,0.75,3.0,0.0,3.0,1.299038105676658,1.69,155.0,12.0,5.0,8.99382,10.0,594.219,78.0,136.0,12.0,10.0,0.0,0.0
990.7017500000001,2180.15,594.219,1585.931,686.7282673246292,71.25,78.0,51.0,27.0,11.691342951089922,132.5,136.0,122.0,14.0,6.06217782649107,10.5,12.0,6.0,6.0,2.598076211353316,8.75,10.0,5.0,5.0,2.165063509461097,1.5,6.0,0.0,6.0,2.598076211353316,1.25,5.0,0.0,5.0,2.165063509461097,1.69,155.0,12.0,5.0,8.99382,10.0,594.219,78.0,136.0,12.0,10.0,0.0,0.0
785.10675,1357.77,594.219,763.5509999999999,330.6272815425059,76.25,78.0,71.0,7.0,3.031088913245535,130.0,136.0,112.00000000000001,23.999999999999986,10.392304845413257,11.75,12.0,11.0,1.0,0.4330127018922193,10.0,10.0,10.0,0.0,0.0,0.25,1.0,0.0,1.0,0.4330127018922193,0.0,0.0,0.0,0.0,0.0,1.69,155.0,12.0,5.0,8.99382,10.0,594.219,78.0,136.0,12.0,10.0,0.0,0.0
898.4517500000001,1811.15,594.219,1216.931,526.9465803264004,73.25,78.0,59.0,19.0,8.227241335952167,131.0,136.0,115.99999999999999,20.000000000000014,8.660254037844393,11.0,12.0,8.0,4.0,1.7320508075688772,9.0,10.0,6.0,4.0,1.7320508075688772,1.0,4.0,0.0,4.0,1.7320508075688772,1.0,4.0,0.0,4.0,1.7320508075688772,1.69,155.0,12.0,5.0,8.99382,10.0,594.219,78.0,136.0,12.0,10.0,0.0,0.0
521.3929,594.219,302.91459999999995,291.3044000000001,126.13850531709186,79.25,83.0,78.0,5.0,2.165063509461097,133.0,136.0,124.0,12.0,5.196152422706632,9.75,12.0,3.0,9.0,3.897114317029974,10.0,10.0,10.0,0.0,0.0,1.25,5.0,0.0,5.0,2.165063509461097,0.0,0.0,0.0,0.0,0.0,1.69,155.0,12.0,5.0,8.99382,10.0,594.219,78.0,136.0,12.0,10.0,0.0,0.0
1072.2017500000002,2506.15,594.219,1911.931,827.8904081414928,69.75,78.0,45.0,33.0,14.289419162443238,140.0,152.0,136.0,16.0,6.928203230275509,10.0,12.0,4.0,8.0,3.4641016151377544,8.0,10.0,2.0,8.0,3.4641016151377544,2.0,8.0,0.0,8.0,3.4641016151377544,2.0,8.0,0.0,8.0,3.4641016151377544,1.69,155.0,12.0,5.0,8.99382,10.0,594.219,78.0,136.0,12.0,10.0,0.0,0.0
553.1013750000001,594.219,429.7485,164.47050000000007,71.21781558656429,79.5,84.0,78.0,6.0,2.598076211353316,137.5,142.0,136.0,6.0,2.598076211353316,9.75,12.0,3.0,9.0,3.897114317029974,10.0,10.0,10.0,0.0,0.0,1.25,5.0,0.0,5.0,2.165063509461097,0.0,0.0,0.0,0.0,0.0,1.69,155.0,12.0,5.0,8.99382,10.0,594.219,78.0,136.0,12.0,10.0,0.0,0.0
1125.4517500000002,2719.15,594.219,2124.931,920.1221136445356,74.75,78.0,65.0,13.0,5.629165124598851,132.5,136.0,122.0,14.0,6.06217782649107,11.25,12.0,9.0,3.0,1.299038105676658,9.25,10.0,7.0,3.0,1.299038105676658,0.75,3.0,0.0,3.0,1.299038105676658,0.75,3.0,0.0,3.0,1.299038105676658,1.69,155.0,12.0,5.0,8.99382,10.0,594.219,78.0,136.0,12.0,10.0,0.0,0.0
743.9517500000001,1193.15,594.219,598.931,259.3447305570088,61.75,78.0,13.0,65.0,28.145825622994256,147.0,180.0,136.0,44.0,19.05255888325765,9.75,12.0,3.0,9.0,3.897114317029974,7.75,10.0,1.0,9.0,3.897114317029974,2.25,9.0,0.0,9.0,3.897114317029974,2.25,9.0,0.0,9.0,3.897114317029974,1.69,155.0,12.0,5.0,8.99382,10.0,594.219,78.0,136.0,12.0,10.0,0.0,0.0
825.4517500000001,1519.15,594.219,924.931,400.50687137387234,72.25,78.0,55.0,23.0,9.959292143521045,131.75,136.0,119.0,17.0,7.361215932167728,10.75,12.0,7.0,5.0,2.165063509461097,8.75,10.0,5.0,5.0,2.165063509461097,1.25,5.0,0.0,5.0,2.165063509461097,1.25,5.0,0.0,5.0,2.165063509461097,1.69,155.0,12.0,5.0,8.99382,10.0,594.219,78.0,136.0,12.0,10.0,0.0,0.0
1169.4517500000002,2895.15,594.219,2300.931,996.3323491775661,71.5,78.0,52.0,26.0,11.258330249197702,136.5,138.0,136.0,2.0,0.8660254037844386,10.5,12.0,6.0,6.0,2.598076211353316,8.75,10.0,5.0,5.0,2.165063509461097,1.5,6.0,0.0,6.0,2.598076211353316,1.25,5.0,0.0,5.0,2.165063509461097,1.69,155.0,12.0,5.0,8.99382,10.0,594.219,78.0,136.0,12.0,10.0,0.0,0.0
1133.2017500000002,2750.15,594.219,2155.931,933.5455074031943,70.5,78.0,48.0,30.0,12.99038105676658,138.75,147.0,136.0,11.0,4.763139720814412,10.25,12.0,5.0,7.0,3.031088913245535,8.5,10.0,4.0,6.0,2.598076211353316,1.75,7.0,0.0,7.0,3.031088913245535,1.5,6.0,0.0,6.0,2.598076211353316,1.69,155.0,12.0,5.0,8.99382,10.0,594.219,78.0,136.0,12.0,10.0,0.0,0.0
877.7017500000001,1728.15,594.219,1133.931,491.00652606934614,75.25,78.0,67.0,11.0,4.763139720814412,129.5,136.0,110.00000000000001,25.999999999999986,11.258330249197696,11.5,12.0,10.0,2.0,0.8660254037844386,9.5,10.0,8.0,2.0,0.8660254037844386,0.5,2.0,0.0,2.0,0.8660254037844386,0.5,2.0,0.0,2.0,0.8660254037844386,1.69,155.0,12.0,5.0,8.99382,10.0,594.219,78.0,136.0,12.0,10.0,0.0,0.0
1272.2017500000002,3306.15,594.219,2711.931,1174.3005696552682,73.75,78.0,61.0,17.0,7.361215932167728,134.25,136.0,129.0,7.0,3.031088913245535,11.0,12.0,8.0,4.0,1.7320508075688772,9.0,10.0,6.0,4.0,1.7320508075688772,1.0,4.0,0.0,4.0,1.7320508075688772,1.0,4.0,0.0,4.0,1.7320508075688772,1.69,155.0,12.0,5.0,8.99382,10.0,594.219,78.0,136.0,12.0,10.0,0.0,0.0
595.8172500000001,600.612,594.219,6.392999999999915,2.7682502031969216,81.25,91.0,78.0,13.0,5.629165124598851,138.0,144.0,136.0,8.0,3.4641016151377544,10.0,12.0,4.0,8.0,3.4641016151377544,10.0,10.0,10.0,0.0,0.0,1.0,4.0,0.0,4.0,1.7320508075688772,0.0,0.0,0.0,0.0,0.0,1.69,155.0,12.0,5.0,8.99382,10.0,594.219,78.0,136.0,12.0,10.0,0.0,0.0
902.65175,1827.9499999999998,594.219,1233.7309999999998,534.2211937181895,75.5,78.0,68.0,10.0,4.330127018922194,132.0,136.0,120.0,16.0,6.928203230275509,11.5,12.0,10.0,2.0,0.8660254037844386,10.0,10.0,10.0,0.0,0.0,0.0,0.0,0.0,0.0,0.0,0.0,0.0,0.0,0.0,0.0,1.69,155.0,12.0,5.0,8.99382,10.0,594.219,78.0,136.0,12.0,10.0,0.0,0.0
956.00175,2041.35,594.219,1447.1309999999999,626.6261043019892,75.75,78.0,69.0,9.0,3.897114317029974,132.75,136.0,123.0,13.0,5.629165124598851,11.5,12.0,10.0,2.0,0.8660254037844386,9.75,10.0,9.0,1.0,0.4330127018922193,0.5,2.0,0.0,2.0,0.8660254037844386,0.25,1.0,0.0,1.0,0.4330127018922193,1.69,155.0,12.0,5.0,8.99382,10.0,594.219,78.0,136.0,12.0,10.0,0.0,0.0
1310.2017500000002,3458.15,594.219,2863.931,1240.1185003428855,72.75,78.0,57.0,21.0,9.093266739736606,134.75,136.0,131.0,5.0,2.165063509461097,10.75,12.0,7.0,5.0,2.165063509461097,8.75,10.0,5.0,5.0,2.165063509461097,1.25,5.0,0.0,5.0,2.165063509461097,1.25,5.0,0.0,5.0,2.165063509461097,1.69,155.0,12.0,5.0,8.99382,10.0,594.219,78.0,136.0,12.0,10.0,0.0,0.0
1004.7017500000001,2236.15,594.219,1641.931,710.9769786305935,74.5,78.0,64.0,14.0,6.06217782649107,133.25,136.0,125.0,11.0,4.763139720814412,11.25,12.0,9.0,3.0,1.299038105676658,9.5,10.0,8.0,2.0,0.8660254037844386,0.75,3.0,0.0,3.0,1.299038105676658,0.5,2.0,0.0,2.0,0.8660254037844386,1.69,155.0,12.0,5.0,8.99382,10.0,594.219,78.0,136.0,12.0,10.0,0.0,0.0
1097.2017500000002,2606.15,594.219,2011.931,871.1916783307148,73.5,78.0,60.0,18.0,7.794228634059948,133.25,136.0,125.0,11.0,4.763139720814412,11.0,12.0,8.0,4.0,1.7320508075688772,9.25,10.0,7.0,3.0,1.299038105676658,1.0,4.0,0.0,4.0,1.7320508075688772,0.75,3.0,0.0,3.0,1.299038105676658,1.69,155.0,12.0,5.0,8.99382,10.0,594.219,78.0,136.0,12.0,10.0,0.0,0.0
899.2017500000001,1814.15,594.219,1219.931,528.245618432077,61.25,78.0,11.0,67.0,29.011851026778693,139.0,148.0,136.0,12.0,5.196152422706632,9.75,12.0,3.0,9.0,3.897114317029974,7.75,10.0,1.0,9.0,3.897114317029974,2.25,9.0,0.0,9.0,3.897114317029974,2.25,9.0,0.0,9.0,3.897114317029974,1.69,155.0,12.0,5.0,8.99382,10.0,594.219,78.0,136.0,12.0,10.0,0.0,0.0
571.93425,594.219,505.08,89.13900000000007,38.598319233970564,81.0,90.0,78.0,12.0,5.196152422706632,137.0,140.0,136.0,4.0,1.7320508075688772,10.0,12.0,4.0,8.0,3.4641016151377544,10.0,10.0,10.0,0.0,0.0,1.0,4.0,0.0,4.0,1.7320508075688772,0.0,0.0,0.0,0.0,0.0,1.69,155.0,12.0,5.0,8.99382,10.0,594.219,78.0,136.0,12.0,10.0,0.0,0.0
1268.2017500000002,3290.15,594.219,2695.931,1167.3723664249928,70.75,78.0,49.0,29.0,12.55736835487436,138.5,146.0,136.0,10.0,4.330127018922194,10.25,12.0,5.0,7.0,3.031088913245535,8.25,10.0,3.0,7.0,3.031088913245535,1.75,7.0,0.0,7.0,3.031088913245535,1.75,7.0,0.0,7.0,3.031088913245535,1.69,155.0,12.0,5.0,8.99382,10.0,594.219,78.0,136.0,12.0,10.0,0.0,0.0
1053.2017500000002,2430.15,594.219,1835.931,794.9814427976842,72.5,78.0,56.0,22.0,9.526279441628825,134.0,136.0,128.0,8.0,3.4641016151377544,10.75,12.0,7.0,5.0,2.165063509461097,8.75,10.0,5.0,5.0,2.165063509461097,1.25,5.0,0.0,5.0,2.165063509461097,1.25,5.0,0.0,5.0,2.165063509461097,1.69,155.0,12.0,5.0,8.99382,10.0,594.219,78.0,136.0,12.0,10.0,0.0,0.0
931.4517500000001,1943.15,594.219,1348.931,584.1042569761734,69.25,78.0,43.0,35.0,15.155444566227676,136.0,136.0,136.0,0.0,0.0,10.0,12.0,4.0,8.0,3.4641016151377544,8.0,10.0,2.0,8.0,3.4641016151377544,2.0,8.0,0.0,8.0,3.4641016151377544,2.0,8.0,0.0,8.0,3.4641016151377544,1.69,155.0,12.0,5.0,8.99382,10.0,594.219,78.0,136.0,12.0,10.0,0.0,0.0
589.9517500000001,594.219,577.15,17.069000000000074,7.391093808598323,79.75,85.0,78.0,7.0,3.031088913245535,138.0,144.0,136.0,8.0,3.4641016151377544,9.75,12.0,3.0,9.0,3.897114317029974,10.0,10.0,10.0,0.0,0.0,1.25,5.0,0.0,5.0,2.165063509461097,0.0,0.0,0.0,0.0,0.0,1.69,155.0,12.0,5.0,8.99382,10.0,594.219,78.0,136.0,12.0,10.0,0.0,0.0
991.4517500000001,2183.15,594.219,1588.931,688.0273054303059,70.25,78.0,47.0,31.0,13.423393758658799,135.5,136.0,134.0,2.0,0.8660254037844386,10.25,12.0,5.0,7.0,3.031088913245535,8.25,10.0,3.0,7.0,3.031088913245535,1.75,7.0,0.0,7.0,3.031088913245535,1.75,7.0,0.0,7.0,3.031088913245535,1.69,155.0,12.0,5.0,8.99382,10.0,594.219,78.0,136.0,12.0,10.0,0.0,0.0
1367.4517500000002,3687.15,594.219,3092.931,1339.2784090762038,71.75,78.0,53.0,25.0,10.825317547305483,136.25,137.0,136.0,1.0,0.4330127018922193,10.5,12.0,6.0,6.0,2.598076211353316,8.5,10.0,4.0,6.0,2.598076211353316,1.5,6.0,0.0,6.0,2.598076211353316,1.5,6.0,0.0,6.0,2.598076211353316,1.69,155.0,12.0,5.0,8.99382,10.0,594.219,78.0,136.0,12.0,10.0,0.0,0.0
894.4517500000001,1795.15,594.219,1200.931,520.0183770961248,61.5,78.0,12.0,66.0,28.578838324886476,142.75,163.0,136.0,27.0,11.691342951089922,9.75,12.0,3.0,9.0,3.897114317029974,7.75,10.0,1.0,9.0,3.897114317029974,2.25,9.0,0.0,9.0,3.897114317029974,2.25,9.0,0.0,9.0,3.897114317029974,1.69,155.0,12.0,5.0,8.99382,10.0,594.219,78.0,136.0,12.0,10.0,0.0,0.0
618.8335,692.6769999999999,594.219,98.45799999999986,42.633564602904066,77.75,78.0,77.0,1.0,0.4330127018922193,131.5,136.0,118.0,18.0,7.794228634059948,12.0,12.0,12.0,0.0,0.0,10.0,10.0,10.0,0.0,0.0,0.0,0.0,0.0,0.0,0.0,0.0,0.0,0.0,0.0,0.0,1.69,155.0,12.0,5.0,8.99382,10.0,594.219,78.0,136.0,12.0,10.0,0.0,0.0
977.4517500000001,2127.15,594.219,1532.931,663.7785941243416,69.5,78.0,44.0,34.0,14.722431864335457,140.5,154.0,136.0,18.0,7.794228634059948,10.0,12.0,4.0,8.0,3.4641016151377544,8.0,10.0,2.0,8.0,3.4641016151377544,2.0,8.0,0.0,8.0,3.4641016151377544,2.0,8.0,0.0,8.0,3.4641016151377544,1.69,155.0,12.0,5.0,8.99382,10.0,594.219,78.0,136.0,12.0,10.0,0.0,0.0
1474.6672500000002,1768.15,594.219,1173.931,508.32703414503493,66.75,78.0,63.0,15.0,6.49519052838329,117.25000000000001,136.0,111.00000000000001,24.999999999999986,10.825317547305477,9.75,12.0,9.0,3.0,1.299038105676658,7.75,10.0,7.0,3.0,1.299038105676658,2.25,3.0,0.0,3.0,1.299038105676658,2.25,3.0,0.0,3.0,1.299038105676658,1.88,135.0,9.0,4.0,7.88101,7.0,1768.15,63.0,111.00000000000001,9.0,7.0,3.0,3.0
1783.6672500000002,2180.15,594.219,1585.931,686.7282673246293,57.75,78.0,51.0,27.0,11.691342951089922,125.5,136.0,122.0,14.0,6.06217782649107,7.5,12.0,6.0,6.0,2.598076211353316,6.25,10.0,5.0,5.0,2.165063509461097,4.5,6.0,0.0,6.0,2.598076211353316,3.75,5.0,0.0,5.0,2.165063509461097,1.66,140.0,6.0,4.0,6.76651,5.0,2180.15,51.0,122.0,6.0,5.0,6.0,5.0
1166.88225,1357.77,594.219,763.5509999999999,330.6272815425059,72.75,78.0,71.0,7.0,3.031088913245535,118.00000000000001,136.0,112.00000000000001,23.999999999999986,10.392304845413257,11.25,12.0,11.0,1.0,0.4330127018922193,10.0,10.0,10.0,0.0,0.0,0.75,1.0,0.0,1.0,0.4330127018922193,0.0,0.0,0.0,0.0,0.0,1.9,135.0,11.0,4.0,7.72638,10.0,1357.77,71.0,112.00000000000001,11.0,10.0,1.0,0.0
1506.9172500000002,1811.15,594.219,1216.931,526.9465803264004,63.75,78.0,59.0,19.0,8.227241335952167,120.99999999999999,136.0,115.99999999999999,20.000000000000014,8.660254037844393,9.0,12.0,8.0,4.0,1.7320508075688772,7.0,10.0,6.0,4.0,1.7320508075688772,3.0,4.0,0.0,4.0,1.7320508075688772,3.0,4.0,0.0,4.0,1.7320508075688772,1.83,140.0,8.0,4.0,7.9024681,6.0,1811.15,59.0,115.99999999999999,8.0,6.0,4.0,4.0
375.74069999999995,594.219,302.91459999999995,291.3044000000001,126.13850531709186,81.75,83.0,78.0,5.0,2.165063509461097,127.0,136.0,124.0,12.0,5.196152422706632,5.25,12.0,3.0,9.0,3.897114317029974,10.0,10.0,10.0,0.0,0.0,3.75,5.0,0.0,5.0,2.165063509461097,0.0,0.0,0.0,0.0,0.0,1.81,130.0,13.0,4.0,5.999302,10.0,302.91459999999995,83.0,124.0,3.0,10.0,5.0,0.0
2028.1672500000002,2506.15,594.219,1911.931,827.8904081414928,53.25,78.0,45.0,33.0,14.289419162443238,148.0,152.0,136.0,16.0,6.928203230275509,6.0,12.0,4.0,8.0,3.4641016151377544,4.0,10.0,2.0,8.0,3.4641016151377544,6.0,8.0,0.0,8.0,3.4641016151377544,6.0,8.0,0.0,8.0,3.4641016151377544,1.3,155.0,4.0,6.0,6.82507,2.0,2506.15,45.0,152.0,4.0,2.0,8.0,8.0
324.2955,594.219,234.32099999999997,359.8980000000001,155.84040538560598,78.75,79.0,78.0,1.0,0.4330127018922193,133.75,136.0,133.0,3.0,1.299038105676658,12.0,12.0,12.0,0.0,0.0,10.0,10.0,10.0,0.0,0.0,0.0,0.0,0.0,0.0,0.0,0.0,0.0,0.0,0.0,0.0,1.9,150.0,12.0,6.0,10.437504,10.0,234.32099999999997,79.0,133.0,12.0,10.0,0.0,0.0
470.866125,594.219,429.7485,164.47050000000007,71.21781558656429,82.5,84.0,78.0,6.0,2.598076211353316,140.5,142.0,136.0,6.0,2.598076211353316,5.25,12.0,3.0,9.0,3.897114317029974,10.0,10.0,10.0,0.0,0.0,3.75,5.0,0.0,5.0,2.165063509461097,0.0,0.0,0.0,0.0,0.0,1.78,155.0,13.0,5.0,5.7863558,10.0,429.7485,84.0,142.0,3.0,10.0,5.0,0.0
2187.9172500000004,2719.15,594.219,2124.931,920.1221136445356,68.25,78.0,65.0,13.0,5.629165124598851,125.5,136.0,122.0,14.0,6.06217782649107,9.75,12.0,9.0,3.0,1.299038105676658,7.75,10.0,7.0,3.0,1.299038105676658,2.25,3.0,0.0,3.0,1.299038105676658,2.25,3.0,0.0,3.0,1.299038105676658,2.2,135.0,9.0,6.0,8.96702,7.0,2719.15,65.0,122.0,9.0,7.0,3.0,3.0
1043.41725,1193.15,594.219,598.931,259.3447305570088,29.25,78.0,13.0,65.0,28.145825622994256,169.0,180.0,136.0,44.0,19.05255888325765,5.25,12.0,3.0,9.0,3.897114317029974,3.25,10.0,1.0,9.0,3.897114317029974,6.75,9.0,0.0,9.0,3.897114317029974,6.75,9.0,0.0,9.0,3.897114317029974,1.1,195.0,3.0,6.0,5.5769,1.0,1193.15,13.0,180.0,3.0,1.0,9.0,9.0
2319.9172500000004,2895.15,594.219,2300.931,996.3323491775661,58.5,78.0,52.0,26.0,11.258330249197702,137.5,138.0,136.0,2.0,0.8660254037844386,7.5,12.0,6.0,6.0,2.598076211353316,6.25,10.0,5.0,5.0,2.165063509461097,4.5,6.0,0.0,6.0,2.598076211353316,3.75,5.0,0.0,5.0,2.165063509461097,2.16,145.0,6.0,5.0,7.09243,5.0,2895.15,52.0,138.0,6.0,5.0,6.0,5.0
2211.1672500000004,2750.15,594.219,2155.931,933.5455074031944,55.5,78.0,48.0,30.0,12.99038105676658,144.25,147.0,136.0,11.0,4.763139720814412,6.75,12.0,5.0,7.0,3.031088913245535,5.5,10.0,4.0,6.0,2.598076211353316,5.25,7.0,0.0,7.0,3.031088913245535,4.5,6.0,0.0,6.0,2.598076211353316,1.6,145.0,5.0,5.0,6.75885,4.0,2750.15,48.0,147.0,5.0,4.0,7.0,6.0
1444.6672500000002,1728.15,594.219,1133.931,491.00652606934614,69.75,78.0,67.0,11.0,4.763139720814412,116.50000000000001,136.0,110.00000000000001,25.999999999999986,11.258330249197696,10.5,12.0,10.0,2.0,0.8660254037844386,8.5,10.0,8.0,2.0,0.8660254037844386,1.5,2.0,0.0,2.0,0.8660254037844386,1.5,2.0,0.0,2.0,0.8660254037844386,1.91,135.0,10.0,4.0,7.639878,8.0,1728.15,67.0,110.00000000000001,10.0,8.0,2.0,2.0
2628.1672500000004,3306.15,594.219,2711.931,1174.3005696552682,65.25,78.0,61.0,17.0,7.361215932167728,130.75,136.0,129.0,7.0,3.031088913245535,9.0,12.0,8.0,4.0,1.7320508075688772,7.0,10.0,6.0,4.0,1.7320508075688772,3.0,4.0,0.0,4.0,1.7320508075688772,3.0,4.0,0.0,4.0,1.7320508075688772,2.2,130.0,8.0,6.0,8.43823,6.0,3306.15,61.0,129.0,8.0,6.0,4.0,4.0
599.01375,600.612,594.219,6.392999999999915,2.7682502031969216,87.75,91.0,78.0,13.0,5.629165124598851,142.0,144.0,136.0,8.0,3.4641016151377544,6.0,12.0,4.0,8.0,3.4641016151377544,10.0,10.0,10.0,0.0,0.0,3.0,4.0,0.0,4.0,1.7320508075688772,0.0,0.0,0.0,0.0,0.0,1.8,180.0,14.0,6.0,7.4166799,10.0,600.612,91.0,144.0,4.0,10.0,4.0,0.0
1519.5172499999999,1827.9499999999998,594.219,1233.7309999999998,534.2211937181895,70.5,78.0,68.0,10.0,4.330127018922194,124.0,136.0,120.0,16.0,6.928203230275509,10.5,12.0,10.0,2.0,0.8660254037844386,10.0,10.0,10.0,0.0,0.0,0.0,0.0,0.0,0.0,0.0,0.0,0.0,0.0,0.0,0.0,2.2,140.0,10.0,5.0,8.336839,10.0,1827.9499999999998,68.0,120.0,10.0,10.0,0.0,0.0
1679.5672499999998,2041.35,594.219,1447.1309999999999,626.6261043019892,71.25,78.0,69.0,9.0,3.897114317029974,126.25,136.0,123.0,13.0,5.629165124598851,10.5,12.0,10.0,2.0,0.8660254037844386,9.25,10.0,9.0,1.0,0.4330127018922193,1.5,2.0,0.0,2.0,0.8660254037844386,0.75,1.0,0.0,1.0,0.4330127018922193,2.2,135.0,10.0,6.0,8.95883,9.0,2041.35,69.0,123.0,10.0,9.0,2.0,1.0
2742.1672500000004,3458.15,594.219,2863.931,1240.1185003428855,62.25,78.0,57.0,21.0,9.093266739736606,132.25,136.0,131.0,5.0,2.165063509461097,8.25,12.0,7.0,5.0,2.165063509461097,6.25,10.0,5.0,5.0,2.165063509461097,3.75,5.0,0.0,5.0,2.165063509461097,3.75,5.0,0.0,5.0,2.165063509461097,1.9,135.0,7.0,6.0,7.83352,5.0,3458.15,57.0,131.0,7.0,5.0,5.0,5.0
1825.6672500000002,2236.15,594.219,1641.931,710.9769786305936,67.5,78.0,64.0,14.0,6.06217782649107,127.75,136.0,125.0,11.0,4.763139720814412,9.75,12.0,9.0,3.0,1.299038105676658,8.5,10.0,8.0,2.0,0.8660254037844386,2.25,3.0,0.0,3.0,1.299038105676658,1.5,2.0,0.0,2.0,0.8660254037844386,2.28,135.0,9.0,5.0,7.4589,8.0,2236.15,64.0,125.0,9.0,8.0,3.0,2.0
2103.1672500000004,2606.15,594.219,2011.931,871.1916783307148,64.5,78.0,60.0,18.0,7.794228634059948,127.75,136.0,125.0,11.0,4.763139720814412,9.0,12.0,8.0,4.0,1.7320508075688772,7.75,10.0,7.0,3.0,1.299038105676658,3.0,4.0,0.0,4.0,1.7320508075688772,2.25,3.0,0.0,3.0,1.299038105676658,2.2,130.0,8.0,5.0,7.3605,7.0,2606.15,60.0,125.0,8.0,7.0,4.0,3.0
1509.1672500000002,1814.15,594.219,1219.931,528.245618432077,27.75,78.0,11.0,67.0,29.011851026778693,145.0,148.0,136.0,12.0,5.196152422706632,5.25,12.0,3.0,9.0,3.897114317029974,3.25,10.0,1.0,9.0,3.897114317029974,6.75,9.0,0.0,9.0,3.897114317029974,6.75,9.0,0.0,9.0,3.897114317029974,1.36,160.0,3.0,4.0,6.56149,1.0,1814.15,11.0,148.0,3.0,1.0,9.0,9.0
527.36475,594.219,505.08,89.13900000000007,38.59831923397057,87.0,90.0,78.0,12.0,5.196152422706632,139.0,140.0,136.0,4.0,1.7320508075688772,6.0,12.0,4.0,8.0,3.4641016151377544,10.0,10.0,10.0,0.0,0.0,3.0,4.0,0.0,4.0,1.7320508075688772,0.0,0.0,0.0,0.0,0.0,1.96,145.0,14.0,5.0,7.343918,10.0,505.08,90.0,140.0,4.0,10.0,4.0,0.0
2616.1672500000004,3290.15,594.219,2695.931,1167.3723664249928,56.25,78.0,49.0,29.0,12.55736835487436,143.5,146.0,136.0,10.0,4.330127018922194,6.75,12.0,5.0,7.0,3.031088913245535,4.75,10.0,3.0,7.0,3.031088913245535,5.25,7.0,0.0,7.0,3.031088913245535,5.25,7.0,0.0,7.0,3.031088913245535,1.5,145.0,5.0,6.0,7.549571,3.0,3290.15,49.0,146.0,5.0,3.0,7.0,7.0
1971.1672500000002,2430.15,594.219,1835.931,794.981442797684,61.5,78.0,56.0,22.0,9.526279441628825,130.0,136.0,128.0,8.0,3.4641016151377544,8.25,12.0,7.0,5.0,2.165063509461097,6.25,10.0,5.0,5.0,2.165063509461097,3.75,5.0,0.0,5.0,2.165063509461097,3.75,5.0,0.0,5.0,2.165063509461097,2.1,135.0,7.0,5.0,7.11938,5.0,2430.15,56.0,128.0,7.0,5.0,5.0,5.0
1605.9172500000002,1943.15,594.219,1348.931,584.1042569761734,51.75,78.0,43.0,35.0,15.155444566227676,136.0,136.0,136.0,0.0,0.0,6.0,12.0,4.0,8.0,3.4641016151377544,4.0,10.0,2.0,8.0,3.4641016151377544,6.0,8.0,0.0,8.0,3.4641016151377544,6.0,8.0,0.0,8.0,3.4641016151377544,1.54,140.0,4.0,4.0,6.82812,2.0,1943.15,43.0,136.0,4.0,2.0,8.0,8.0
581.41725,594.219,577.15,17.069000000000074,7.391093808598323,83.25,85.0,78.0,7.0,3.031088913245535,142.0,144.0,136.0,8.0,3.4641016151377544,5.25,12.0,3.0,9.0,3.897114317029974,10.0,10.0,10.0,0.0,0.0,3.75,5.0,0.0,5.0,2.165063509461097,0.0,0.0,0.0,0.0,0.0,1.8,190.0,13.0,6.0,6.1082873,10.0,577.15,85.0,144.0,3.0,10.0,5.0,0.0
1785.9172500000002,2183.15,594.219,1588.931,688.027305430306,54.75,78.0,47.0,31.0,13.423393758658799,134.5,136.0,134.0,2.0,0.8660254037844386,6.75,12.0,5.0,7.0,3.031088913245535,4.75,10.0,3.0,7.0,3.031088913245535,5.25,7.0,0.0,7.0,3.031088913245535,5.25,7.0,0.0,7.0,3.031088913245535,1.63,135.0,5.0,4.0,6.746187,3.0,2183.15,47.0,134.0,5.0,3.0,7.0,7.0
2913.9172500000004,3687.15,594.219,3092.931,1339.2784090762038,59.25,78.0,53.0,25.0,10.825317547305483,136.75,137.0,136.0,1.0,0.4330127018922193,7.5,12.0,6.0,6.0,2.598076211353316,5.5,10.0,4.0,6.0,2.598076211353316,4.5,6.0,0.0,6.0,2.598076211353316,4.5,6.0,0.0,6.0,2.598076211353316,1.7,135.0,6.0,6.0,7.86403,4.0,3687.15,53.0,137.0,6.0,4.0,6.0,6.0
1494.9172500000002,1795.15,594.219,1200.931,520.0183770961248,28.5,78.0,12.0,66.0,28.578838324886476,156.25,163.0,136.0,27.0,11.691342951089922,5.25,12.0,3.0,9.0,3.897114317029974,3.25,10.0,1.0,9.0,3.897114317029974,6.75,9.0,0.0,9.0,3.897114317029974,6.75,9.0,0.0,9.0,3.897114317029974,1.22,180.0,3.0,5.0,6.21726,1.0,1795.15,12.0,163.0,3.0,1.0,9.0,9.0
668.0625,692.6769999999999,594.219,98.45799999999986,42.633564602904066,77.25,78.0,77.0,1.0,0.4330127018922193,122.5,136.0,118.0,18.0,7.794228634059948,12.0,12.0,12.0,0.0,0.0,10.0,10.0,10.0,0.0,0.0,0.0,0.0,0.0,0.0,0.0,0.0,0.0,0.0,0.0,0.0,1.65,135.0,12.0,4.0,9.394197,10.0,692.6769999999999,77.0,118.0,12.0,10.0,0.0,0.0
1743.9172500000002,2127.15,594.219,1532.931,663.7785941243417,52.5,78.0,44.0,34.0,14.722431864335457,149.5,154.0,136.0,18.0,7.794228634059948,6.0,12.0,4.0,8.0,3.4641016151377544,4.0,10.0,2.0,8.0,3.4641016151377544,6.0,8.0,0.0,8.0,3.4641016151377544,6.0,8.0,0.0,8.0,3.4641016151377544,1.33,155.0,4.0,5.0,6.634126,2.0,2127.15,44.0,154.0,4.0,2.0,8.0,8.0
1665.5550000000003,1768.15,1357.77,410.3800000000001,177.699752602529,65.0,71.0,63.0,8.0,3.4641016151377544,111.25000000000001,112.00000000000001,111.00000000000001,1.0,0.4330127018922193,9.5,11.0,9.0,2.0,0.8660254037844386,7.75,10.0,7.0,3.0,1.299038105676658,2.5,3.0,1.0,2.0,0.8660254037844386,2.25,3.0,0.0,3.0,1.299038105676658,1.88,135.0,9.0,4.0,7.88101,7.0,1768.15,63.0,111.00000000000001,9.0,7.0,3.0,3.0
1778.9,1811.15,1768.15,43.0,18.619546181365433,62.0,63.0,59.0,4.0,1.7320508075688772,112.25000000000001,115.99999999999999,111.00000000000001,4.999999999999972,2.1650635094610844,8.75,9.0,8.0,1.0,0.4330127018922193,6.75,7.0,6.0,1.0,0.4330127018922193,3.25,4.0,3.0,1.0,0.4330127018922193,3.25,4.0,3.0,1.0,0.4330127018922193,1.88,135.0,9.0,4.0,7.88101,7.0,1768.15,63.0,111.00000000000001,9.0,7.0,3.0,3.0
1952.65,2506.15,1768.15,738.0,319.56337399645787,58.5,63.0,45.0,18.0,7.794228634059948,121.25000000000001,152.0,111.00000000000001,40.999999999999986,17.753520777580984,7.75,9.0,4.0,5.0,2.165063509461097,5.75,7.0,2.0,5.0,2.165063509461097,4.25,8.0,3.0,5.0,2.165063509461097,4.25,8.0,3.0,5.0,2.165063509461097,1.88,135.0,9.0,4.0,7.88101,7.0,1768.15,63.0,111.00000000000001,9.0,7.0,3.0,3.0
1384.6927500000002,1768.15,234.32099999999997,1533.8290000000002,664.167439530641,67.0,79.0,63.0,16.0,6.928203230275509,116.50000000000001,133.0,111.00000000000001,21.999999999999986,9.52627944162882,9.75,12.0,9.0,3.0,1.299038105676658,7.75,10.0,7.0,3.0,1.299038105676658,2.25,3.0,0.0,3.0,1.299038105676658,2.25,3.0,0.0,3.0,1.299038105676658,1.88,135.0,9.0,4.0,7.88101,7.0,1768.15,63.0,111.00000000000001,9.0,7.0,3.0,3.0
1433.549625,1768.15,429.7485,1338.4015000000002,579.5448497315992,68.25,84.0,63.0,21.0,9.093266739736606,118.75000000000001,142.0,111.00000000000001,30.999999999999986,13.423393758658793,7.5,9.0,3.0,6.0,2.598076211353316,7.75,10.0,7.0,3.0,1.299038105676658,3.5,5.0,3.0,2.0,0.8660254037844386,2.25,3.0,0.0,3.0,1.299038105676658,1.88,135.0,9.0,4.0,7.88101,7.0,1768.15,63.0,111.00000000000001,9.0,7.0,3.0,3.0
2005.9,2719.15,1768.15,951.0,411.79507949950056,63.5,65.0,63.0,2.0,0.8660254037844386,113.75000000000001,122.0,111.00000000000001,10.999999999999986,4.763139720814406,9.0,9.0,9.0,0.0,0.0,7.0,7.0,7.0,0.0,0.0,3.0,3.0,3.0,0.0,0.0,3.0,3.0,3.0,0.0,0.0,1.88,135.0,9.0,4.0,7.88101,7.0,1768.15,63.0,111.00000000000001,9.0,7.0,3.0,3.0
1624.4,1768.15,1193.15,575.0,248.9823035880261,50.5,63.0,13.0,50.0,21.650635094610966,128.25,180.0,111.00000000000001,68.99999999999999,29.877876430563127,7.5,9.0,3.0,6.0,2.598076211353316,5.5,7.0,1.0,6.0,2.598076211353316,4.5,9.0,3.0,6.0,2.598076211353316,4.5,9.0,3.0,6.0,2.598076211353316,1.88,135.0,9.0,4.0,7.88101,7.0,1768.15,63.0,111.00000000000001,9.0,7.0,3.0,3.0
2049.9,2895.15,1768.15,1127.0,488.0053150325312,60.25,63.0,52.0,11.0,4.763139720814412,117.75000000000001,138.0,111.00000000000001,26.999999999999986,11.691342951089915,8.25,9.0,6.0,3.0,1.299038105676658,6.5,7.0,5.0,2.0,0.8660254037844386,3.75,6.0,3.0,3.0,1.299038105676658,3.5,5.0,3.0,2.0,0.8660254037844386,1.88,135.0,9.0,4.0,7.88101,7.0,1768.15,63.0,111.00000000000001,9.0,7.0,3.0,3.0
2013.65,2750.15,1768.15,982.0,425.21847325815935,59.25,63.0,48.0,15.0,6.49519052838329,120.00000000000001,147.0,111.00000000000001,35.999999999999986,15.588457268119889,8.0,9.0,5.0,4.0,1.7320508075688772,6.25,7.0,4.0,3.0,1.299038105676658,4.0,7.0,3.0,4.0,1.7320508075688772,3.75,6.0,3.0,3.0,1.299038105676658,1.88,135.0,9.0,4.0,7.88101,7.0,1768.15,63.0,111.00000000000001,9.0,7.0,3.0,3.0
1758.15,1768.15,1728.15,40.0,17.320508075688775,64.0,67.0,63.0,4.0,1.7320508075688772,110.75000000000001,111.00000000000001,110.00000000000001,1.0,0.4330127018922193,9.25,10.0,9.0,1.0,0.4330127018922193,7.25,8.0,7.0,1.0,0.4330127018922193,2.75,3.0,2.0,1.0,0.4330127018922193,2.75,3.0,2.0,1.0,0.4330127018922193,1.88,135.0,9.0,4.0,7.88101,7.0,1768.15,63.0,111.00000000000001,9.0,7.0,3.0,3.0
2152.65,3306.15,1768.15,1538.0,665.9735355102333,62.5,63.0,61.0,2.0,0.8660254037844386,115.50000000000001,129.0,111.00000000000001,17.999999999999986,7.794228634059942,8.75,9.0,8.0,1.0,0.4330127018922193,6.75,7.0,6.0,1.0,0.4330127018922193,3.25,4.0,3.0,1.0,0.4330127018922193,3.25,4.0,3.0,1.0,0.4330127018922193,1.88,135.0,9.0,4.0,7.88101,7.0,1768.15,63.0,111.00000000000001,9.0,7.0,3.0,3.0
1476.2655000000002,1768.15,600.612,1167.538,505.558783941838,70.0,91.0,63.0,28.0,12.12435565298214,119.25000000000001,144.0,111.00000000000001,32.999999999999986,14.289419162443231,7.75,9.0,4.0,5.0,2.165063509461097,7.75,10.0,7.0,3.0,1.299038105676658,3.25,4.0,3.0,1.0,0.4330127018922193,2.25,3.0,0.0,3.0,1.299038105676658,1.88,135.0,9.0,4.0,7.88101,7.0,1768.15,63.0,111.00000000000001,9.0,7.0,3.0,3.0
1783.1000000000001,1827.9499999999998,1768.15,59.79999999999973,25.894159573154596,64.25,68.0,63.0,5.0,2.165063509461097,113.25000000000001,120.0,111.00000000000001,8.999999999999986,3.897114317029968,9.25,10.0,9.0,1.0,0.4330127018922193,7.75,10.0,7.0,3.0,1.299038105676658,2.25,3.0,0.0,3.0,1.299038105676658,2.25,3.0,0.0,3.0,1.299038105676658,1.88,135.0,9.0,4.0,7.88101,7.0,1768.15,63.0,111.00000000000001,9.0,7.0,3.0,3.0
1836.4500000000003,2041.35,1768.15,273.1999999999998,118.29907015695423,64.5,69.0,63.0,6.0,2.598076211353316,114.00000000000001,123.0,111.00000000000001,11.999999999999986,5.196152422706626,9.25,10.0,9.0,1.0,0.4330127018922193,7.5,9.0,7.0,2.0,0.8660254037844386,2.75,3.0,2.0,1.0,0.4330127018922193,2.5,3.0,1.0,2.0,0.8660254037844386,1.88,135.0,9.0,4.0,7.88101,7.0,1768.15,63.0,111.00000000000001,9.0,7.0,3.0,3.0
2190.65,3458.15,1768.15,1690.0,731.7914661978507,61.5,63.0,57.0,6.0,2.598076211353316,116.00000000000001,131.0,111.00000000000001,19.999999999999986,8.66025403784438,8.5,9.0,7.0,2.0,0.8660254037844386,6.5,7.0,5.0,2.0,0.8660254037844386,3.5,5.0,3.0,2.0,0.8660254037844386,3.5,5.0,3.0,2.0,0.8660254037844386,1.88,135.0,9.0,4.0,7.88101,7.0,1768.15,63.0,111.00000000000001,9.0,7.0,3.0,3.0
1885.15,2236.15,1768.15,468.0,202.64994448555865,63.25,64.0,63.0,1.0,0.4330127018922193,114.50000000000001,125.0,111.00000000000001,13.999999999999986,6.062177826491065,9.0,9.0,9.0,0.0,0.0,7.25,8.0,7.0,1.0,0.4330127018922193,3.0,3.0,3.0,0.0,0.0,2.75,3.0,2.0,1.0,0.4330127018922193,1.88,135.0,9.0,4.0,7.88101,7.0,1768.15,63.0,111.00000000000001,9.0,7.0,3.0,3.0
1977.65,2606.15,1768.15,838.0,362.86464418567977,62.25,63.0,60.0,3.0,1.299038105676658,114.50000000000001,125.0,111.00000000000001,13.999999999999986,6.062177826491065,8.75,9.0,8.0,1.0,0.4330127018922193,7.0,7.0,7.0,0.0,0.0,3.25,4.0,3.0,1.0,0.4330127018922193,3.0,3.0,3.0,0.0,0.0,1.88,135.0,9.0,4.0,7.88101,7.0,1768.15,63.0,111.00000000000001,9.0,7.0,3.0,3.0
1779.65,1814.15,1768.15,46.0,19.91858428704209,50.0,63.0,11.0,52.0,22.516660498395403,120.25000000000001,148.0,111.00000000000001,36.999999999999986,16.02146997001211,7.5,9.0,3.0,6.0,2.598076211353316,5.5,7.0,1.0,6.0,2.598076211353316,4.5,9.0,3.0,6.0,2.598076211353316,4.5,9.0,3.0,6.0,2.598076211353316,1.88,135.0,9.0,4.0,7.88101,7.0,1768.15,63.0,111.00000000000001,9.0,7.0,3.0,3.0
1452.3825000000002,1768.15,505.08,1263.0700000000002,546.9253533790055,69.75,90.0,63.0,27.0,11.691342951089922,118.25000000000001,140.0,111.00000000000001,28.999999999999986,12.557368354874354,7.75,9.0,4.0,5.0,2.165063509461097,7.75,10.0,7.0,3.0,1.299038105676658,3.25,4.0,3.0,1.0,0.4330127018922193,2.25,3.0,0.0,3.0,1.299038105676658,1.88,135.0,9.0,4.0,7.88101,7.0,1768.15,63.0,111.00000000000001,9.0,7.0,3.0,3.0
2148.65,3290.15,1768.15,1522.0,659.0453322799578,59.5,63.0,49.0,14.0,6.06217782649107,119.75000000000001,146.0,111.00000000000001,34.999999999999986,15.15544456622767,8.0,9.0,5.0,4.0,1.7320508075688772,6.0,7.0,3.0,4.0,1.7320508075688772,4.0,7.0,3.0,4.0,1.7320508075688772,4.0,7.0,3.0,4.0,1.7320508075688772,1.88,135.0,9.0,4.0,7.88101,7.0,1768.15,63.0,111.00000000000001,9.0,7.0,3.0,3.0
1933.65,2430.15,1768.15,662.0,286.6544086526492,61.25,63.0,56.0,7.0,3.031088913245535,115.25000000000001,128.0,111.00000000000001,16.999999999999986,7.361215932167722,8.5,9.0,7.0,2.0,0.8660254037844386,6.5,7.0,5.0,2.0,0.8660254037844386,3.5,5.0,3.0,2.0,0.8660254037844386,3.5,5.0,3.0,2.0,0.8660254037844386,1.88,135.0,9.0,4.0,7.88101,7.0,1768.15,63.0,111.00000000000001,9.0,7.0,3.0,3.0
1811.9,1943.15,1768.15,175.0,75.77722283113839,58.0,63.0,43.0,20.0,8.660254037844387,117.25000000000001,136.0,111.00000000000001,24.999999999999986,10.825317547305477,7.75,9.0,4.0,5.0,2.165063509461097,5.75,7.0,2.0,5.0,2.165063509461097,4.25,8.0,3.0,5.0,2.165063509461097,4.25,8.0,3.0,5.0,2.165063509461097,1.88,135.0,9.0,4.0,7.88101,7.0,1768.15,63.0,111.00000000000001,9.0,7.0,3.0,3.0
1470.4,1768.15,577.15,1191.0,515.7181279536333,68.5,85.0,63.0,22.0,9.526279441628825,119.25000000000001,144.0,111.00000000000001,32.999999999999986,14.289419162443231,7.5,9.0,3.0,6.0,2.598076211353316,7.75,10.0,7.0,3.0,1.299038105676658,3.5,5.0,3.0,2.0,0.8660254037844386,2.25,3.0,0.0,3.0,1.299038105676658,1.88,135.0,9.0,4.0,7.88101,7.0,1768.15,63.0,111.00000000000001,9.0,7.0,3.0,3.0
1871.9,2183.15,1768.15,415.0,179.70027128527101,59.0,63.0,47.0,16.0,6.928203230275509,116.75000000000001,134.0,111.00000000000001,22.999999999999986,9.959292143521038,8.0,9.0,5.0,4.0,1.7320508075688772,6.0,7.0,3.0,4.0,1.7320508075688772,4.0,7.0,3.0,4.0,1.7320508075688772,4.0,7.0,3.0,4.0,1.7320508075688772,1.88,135.0,9.0,4.0,7.88101,7.0,1768.15,63.0,111.00000000000001,9.0,7.0,3.0,3.0
2247.9,3687.15,1768.15,1919.0,830.9513749311689,60.5,63.0,53.0,10.0,4.330127018922194,117.50000000000001,137.0,111.00000000000001,25.999999999999986,11.258330249197696,8.25,9.0,6.0,3.0,1.299038105676658,6.25,7.0,4.0,3.0,1.299038105676658,3.75,6.0,3.0,3.0,1.299038105676658,3.75,6.0,3.0,3.0,1.299038105676658,1.88,135.0,9.0,4.0,7.88101,7.0,1768.15,63.0,111.00000000000001,9.0,7.0,3.0,3.0
1774.9,1795.15,1768.15,27.0,11.691342951089922,50.25,63.0,12.0,51.0,22.083647796503186,124.00000000000001,163.0,111.00000000000001,51.999999999999986,22.5166604983954,7.5,9.0,3.0,6.0,2.598076211353316,5.5,7.0,1.0,6.0,2.598076211353316,4.5,9.0,3.0,6.0,2.598076211353316,4.5,9.0,3.0,6.0,2.598076211353316,1.88,135.0,9.0,4.0,7.88101,7.0,1768.15,63.0,111.00000000000001,9.0,7.0,3.0,3.0
1499.28175,1768.15,692.6769999999999,1075.4730000000002,465.6934695421309,66.5,77.0,63.0,14.0,6.06217782649107,112.75000000000001,118.0,111.00000000000001,6.999999999999986,3.031088913245529,9.75,12.0,9.0,3.0,1.299038105676658,7.75,10.0,7.0,3.0,1.299038105676658,2.25,3.0,0.0,3.0,1.299038105676658,2.25,3.0,0.0,3.0,1.299038105676658,1.88,135.0,9.0,4.0,7.88101,7.0,1768.15,63.0,111.00000000000001,9.0,7.0,3.0,3.0
1857.9,2127.15,1768.15,359.0,155.45155997930675,58.25,63.0,44.0,19.0,8.227241335952167,121.75000000000001,154.0,111.00000000000001,42.999999999999986,18.619546181365425,7.75,9.0,4.0,5.0,2.165063509461097,5.75,7.0,2.0,5.0,2.165063509461097,4.25,8.0,3.0,5.0,2.165063509461097,4.25,8.0,3.0,5.0,2.165063509461097,1.88,135.0,9.0,4.0,7.88101,7.0,1768.15,63.0,111.00000000000001,9.0,7.0,3.0,3.0
2077.15,2180.15,1768.15,412.0,178.40123317959436,54.0,63.0,51.0,12.0,5.196152422706632,119.25,122.0,111.00000000000001,10.999999999999986,4.763139720814406,6.75,9.0,6.0,3.0,1.299038105676658,5.5,7.0,5.0,2.0,0.8660254037844386,5.25,6.0,3.0,3.0,1.299038105676658,4.5,5.0,3.0,2.0,0.8660254037844386,1.66,140.0,6.0,4.0,6.76651,5.0,2180.15,51.0,122.0,6.0,5.0,6.0,5.0
1460.365,1768.15,1357.77,410.3800000000001,177.699752602529,69.0,71.0,63.0,8.0,3.4641016151377544,111.75000000000001,112.00000000000001,111.00000000000001,1.0,0.4330127018922193,10.5,11.0,9.0,2.0,0.8660254037844386,9.25,10.0,7.0,3.0,1.299038105676658,1.5,3.0,1.0,2.0,0.8660254037844386,0.75,3.0,0.0,3.0,1.299038105676658,1.9,135.0,11.0,4.0,7.72638,10.0,1357.77,71.0,112.00000000000001,11.0,10.0,1.0,0.0
2321.65,2506.15,1768.15,738.0,319.56337399645787,49.5,63.0,45.0,18.0,7.794228634059948,141.75,152.0,111.00000000000001,40.999999999999986,17.753520777580984,5.25,9.0,4.0,5.0,2.165063509461097,3.25,7.0,2.0,5.0,2.165063509461097,6.75,8.0,3.0,5.0,2.165063509461097,6.75,8.0,3.0,5.0,2.165063509461097,1.3,155.0,4.0,6.0,6.82507,2.0,2506.15,45.0,152.0,4.0,2.0,8.0,8.0
617.7782500000001,1768.15,234.32099999999997,1533.8290000000002,664.1674395306409,75.0,79.0,63.0,16.0,6.928203230275509,127.5,133.0,111.00000000000001,21.999999999999986,9.52627944162882,11.25,12.0,9.0,3.0,1.299038105676658,9.25,10.0,7.0,3.0,1.299038105676658,0.75,3.0,0.0,3.0,1.299038105676658,0.75,3.0,0.0,3.0,1.299038105676658,1.9,150.0,12.0,6.0,10.437504,10.0,234.32099999999997,79.0,133.0,12.0,10.0,0.0,0.0
764.348875,1768.15,429.7485,1338.4015000000002,579.5448497315992,78.75,84.0,63.0,21.0,9.093266739736606,134.25,142.0,111.00000000000001,30.999999999999986,13.423393758658793,4.5,9.0,3.0,6.0,2.598076211353316,9.25,10.0,7.0,3.0,1.299038105676658,4.5,5.0,3.0,2.0,0.8660254037844386,0.75,3.0,0.0,3.0,1.299038105676658,1.78,155.0,13.0,5.0,5.7863558,10.0,429.7485,84.0,142.0,3.0,10.0,5.0,0.0
2481.4,2719.15,1768.15,951.0,411.79507949950056,64.5,65.0,63.0,2.0,0.8660254037844386,119.25,122.0,111.00000000000001,10.999999999999986,4.763139720814406,9.0,9.0,9.0,0.0,0.0,7.0,7.0,7.0,0.0,0.0,3.0,3.0,3.0,0.0,0.0,3.0,3.0,3.0,0.0,0.0,2.2,135.0,9.0,6.0,8.96702,7.0,2719.15,65.0,122.0,9.0,7.0,3.0,3.0
1581.4,1768.15,1519.15,249.0,107.82016277116261,57.0,63.0,55.0,8.0,3.4641016151377544,117.0,119.0,111.00000000000001,7.999999999999986,3.4641016151377486,7.5,9.0,7.0,2.0,0.8660254037844386,5.5,7.0,5.0,2.0,0.8660254037844386,4.5,5.0,3.0,2.0,0.8660254037844386,4.5,5.0,3.0,2.0,0.8660254037844386,1.55,140.0,7.0,4.0,7.434038,5.0,1519.15,55.0,119.0,7.0,5.0,5.0,5.0
2613.4,2895.15,1768.15,1127.0,488.0053150325312,54.75,63.0,52.0,11.0,4.763139720814412,131.25,138.0,111.00000000000001,26.999999999999986,11.691342951089915,6.75,9.0,6.0,3.0,1.299038105676658,5.5,7.0,5.0,2.0,0.8660254037844386,5.25,6.0,3.0,3.0,1.299038105676658,4.5,5.0,3.0,2.0,0.8660254037844386,2.16,145.0,6.0,5.0,7.09243,5.0,2895.15,52.0,138.0,6.0,5.0,6.0,5.0
1738.15,1768.15,1728.15,40.0,17.320508075688775,66.0,67.0,63.0,4.0,1.7320508075688772,110.25000000000001,111.00000000000001,110.00000000000001,1.0,0.4330127018922193,9.75,10.0,9.0,1.0,0.4330127018922193,7.75,8.0,7.0,1.0,0.4330127018922193,2.25,3.0,2.0,1.0,0.4330127018922193,2.25,3.0,2.0,1.0,0.4330127018922193,1.91,135.0,10.0,4.0,7.639878,8.0,1728.15,67.0,110.00000000000001,10.0,8.0,2.0,2.0
2921.65,3306.15,1768.15,1538.0,665.9735355102333,61.5,63.0,61.0,2.0,0.8660254037844386,124.5,129.0,111.00000000000001,17.999999999999986,7.794228634059942,8.25,9.0,8.0,1.0,0.4330127018922193,6.25,7.0,6.0,1.0,0.4330127018922193,3.75,4.0,3.0,1.0,0.4330127018922193,3.75,4.0,3.0,1.0,0.4330127018922193,2.2,130.0,8.0,6.0,8.43823,6.0,3306.15,61.0,129.0,8.0,6.0,4.0,4.0
1813.0,1827.9499999999998,1768.15,59.79999999999973,25.8941595731546,66.75,68.0,63.0,5.0,2.165063509461097,117.75,120.0,111.00000000000001,8.999999999999986,3.897114317029968,9.75,10.0,9.0,1.0,0.4330127018922193,9.25,10.0,7.0,3.0,1.299038105676658,0.75,3.0,0.0,3.0,1.299038105676658,0.75,3.0,0.0,3.0,1.299038105676658,2.2,140.0,10.0,5.0,8.336839,10.0,1827.9499999999998,68.0,120.0,10.0,10.0,0.0,0.0
3035.65,3458.15,1768.15,1690.0,731.7914661978507,58.5,63.0,57.0,6.0,2.598076211353316,126.0,131.0,111.00000000000001,19.999999999999986,8.66025403784438,7.5,9.0,7.0,2.0,0.8660254037844386,5.5,7.0,5.0,2.0,0.8660254037844386,4.5,5.0,3.0,2.0,0.8660254037844386,4.5,5.0,3.0,2.0,0.8660254037844386,1.9,135.0,7.0,6.0,7.83352,5.0,3458.15,57.0,131.0,7.0,5.0,5.0,5.0
2264.65,2430.15,1768.15,662.0,286.6544086526492,57.75,63.0,56.0,7.0,3.031088913245535,123.75,128.0,111.00000000000001,16.999999999999986,7.361215932167722,7.5,9.0,7.0,2.0,0.8660254037844386,5.5,7.0,5.0,2.0,0.8660254037844386,4.5,5.0,3.0,2.0,0.8660254037844386,4.5,5.0,3.0,2.0,0.8660254037844386,2.1,135.0,7.0,5.0,7.11938,5.0,2430.15,56.0,128.0,7.0,5.0,5.0,5.0
1899.4,1943.15,1768.15,175.0,75.77722283113839,48.0,63.0,43.0,20.0,8.660254037844387,129.75,136.0,111.00000000000001,24.999999999999986,10.825317547305477,5.25,9.0,4.0,5.0,2.165063509461097,3.25,7.0,2.0,5.0,2.165063509461097,6.75,8.0,3.0,5.0,2.165063509461097,6.75,8.0,3.0,5.0,2.165063509461097,1.54,140.0,4.0,4.0,6.82812,2.0,1943.15,43.0,136.0,4.0,2.0,8.0,8.0
2079.4,2183.15,1768.15,415.0,179.70027128527101,51.0,63.0,47.0,16.0,6.928203230275509,128.25,134.0,111.00000000000001,22.999999999999986,9.959292143521038,6.0,9.0,5.0,4.0,1.7320508075688772,4.0,7.0,3.0,4.0,1.7320508075688772,6.0,7.0,3.0,4.0,1.7320508075688772,6.0,7.0,3.0,4.0,1.7320508075688772,1.63,135.0,5.0,4.0,6.746187,3.0,2183.15,47.0,134.0,5.0,3.0,7.0,7.0
961.54525,1768.15,692.6769999999999,1075.4730000000002,465.69346954213086,73.5,77.0,63.0,14.0,6.06217782649107,116.25,118.0,111.00000000000001,6.999999999999986,3.031088913245529,11.25,12.0,9.0,3.0,1.299038105676658,9.25,10.0,7.0,3.0,1.299038105676658,0.75,3.0,0.0,3.0,1.299038105676658,0.75,3.0,0.0,3.0,1.299038105676658,1.65,135.0,12.0,4.0,9.394197,10.0,692.6769999999999,77.0,118.0,12.0,10.0,0.0,0.0
1974.5550000000003,2180.15,1357.77,822.3800000000001,356.1009857821234,56.0,71.0,51.0,20.0,8.660254037844387,119.5,122.0,112.00000000000001,9.999999999999986,4.330127018922187,7.25,11.0,6.0,5.0,2.165063509461097,6.25,10.0,5.0,5.0,2.165063509461097,4.75,6.0,1.0,5.0,2.165063509461097,3.75,5.0,0.0,5.0,2.165063509461097,1.66,140.0,6.0,4.0,6.76651,5.0,2180.15,51.0,122.0,6.0,5.0,6.0,5.0
1710.8411500000002,2180.15,302.91459999999995,1877.2354,812.8667726417211,59.0,83.0,51.0,32.0,13.856406460551018,122.5,124.0,122.0,2.0,0.8660254037844386,5.25,6.0,3.0,3.0,1.299038105676658,6.25,10.0,5.0,5.0,2.165063509461097,5.75,6.0,5.0,1.0,0.4330127018922193,3.75,5.0,0.0,5.0,2.165063509461097,1.66,140.0,6.0,4.0,6.76651,5.0,2180.15,51.0,122.0,6.0,5.0,6.0,5.0
2261.65,2506.15,2180.15,326.0,141.1621408168635,49.5,51.0,45.0,6.0,2.598076211353316,129.5,152.0,122.0,30.0,12.99038105676658,5.5,6.0,4.0,2.0,0.8660254037844386,4.25,5.0,2.0,3.0,1.299038105676658,6.5,8.0,6.0,2.0,0.8660254037844386,5.75,8.0,5.0,3.0,1.299038105676658,1.66,140.0,6.0,4.0,6.76651,5.0,2180.15,51.0,122.0,6.0,5.0,6.0,5.0
1693.6927500000002,2180.15,234.32099999999997,1945.8290000000002,842.5686727102353,58.0,79.0,51.0,28.0,12.12435565298214,124.75,133.0,122.0,11.0,4.763139720814412,7.5,12.0,6.0,6.0,2.598076211353316,6.25,10.0,5.0,5.0,2.165063509461097,4.5,6.0,0.0,6.0,2.598076211353316,3.75,5.0,0.0,5.0,2.165063509461097,1.66,140.0,6.0,4.0,6.76651,5.0,2180.15,51.0,122.0,6.0,5.0,6.0,5.0
1742.549625,2180.15,429.7485,1750.4015000000002,757.9460829111936,59.25,84.0,51.0,33.0,14.289419162443238,127.0,142.0,122.0,20.0,8.660254037844387,5.25,6.0,3.0,3.0,1.299038105676658,6.25,10.0,5.0,5.0,2.165063509461097,5.75,6.0,5.0,1.0,0.4330127018922193,3.75,5.0,0.0,5.0,2.165063509461097,1.66,140.0,6.0,4.0,6.76651,5.0,2180.15,51.0,122.0,6.0,5.0,6.0,5.0
2314.9,2719.15,2180.15,539.0,233.3938463199062,54.5,65.0,51.0,14.0,6.06217782649107,122.0,122.0,122.0,0.0,0.0,6.75,9.0,6.0,3.0,1.299038105676658,5.5,7.0,5.0,2.0,0.8660254037844386,5.25,6.0,3.0,3.0,1.299038105676658,4.5,5.0,3.0,2.0,0.8660254037844386,1.66,140.0,6.0,4.0,6.76651,5.0,2180.15,51.0,122.0,6.0,5.0,6.0,5.0
1933.4,2180.15,1193.15,987.0,427.38353676762046,41.5,51.0,13.0,38.0,16.454482671904334,136.5,180.0,122.0,58.0,25.11473670974872,5.25,6.0,3.0,3.0,1.299038105676658,4.0,5.0,1.0,4.0,1.7320508075688772,6.75,9.0,6.0,3.0,1.299038105676658,6.0,9.0,5.0,4.0,1.7320508075688772,1.66,140.0,6.0,4.0,6.76651,5.0,2180.15,51.0,122.0,6.0,5.0,6.0,5.0
2358.9,2895.15,2180.15,715.0,309.6040818529368,51.25,52.0,51.0,1.0,0.4330127018922193,126.0,138.0,122.0,16.0,6.928203230275509,6.0,6.0,6.0,0.0,0.0,5.0,5.0,5.0,0.0,0.0,6.0,6.0,6.0,0.0,0.0,5.0,5.0,5.0,0.0,0.0,1.66,140.0,6.0,4.0,6.76651,5.0,2180.15,51.0,122.0,6.0,5.0,6.0,5.0
2322.65,2750.15,2180.15,570.0,246.81724007856502,50.25,51.0,48.0,3.0,1.299038105676658,128.25,147.0,122.0,25.0,10.825317547305483,5.75,6.0,5.0,1.0,0.4330127018922193,4.75,5.0,4.0,1.0,0.4330127018922193,6.25,7.0,6.0,1.0,0.4330127018922193,5.25,6.0,5.0,1.0,0.4330127018922193,1.66,140.0,6.0,4.0,6.76651,5.0,2180.15,51.0,122.0,6.0,5.0,6.0,5.0
2461.65,3306.15,2180.15,1126.0,487.57230233063893,53.5,61.0,51.0,10.0,4.330127018922194,123.75,129.0,122.0,7.0,3.031088913245535,6.5,8.0,6.0,2.0,0.8660254037844386,5.25,6.0,5.0,1.0,0.4330127018922193,5.5,6.0,4.0,2.0,0.8660254037844386,4.75,5.0,4.0,1.0,0.4330127018922193,1.66,140.0,6.0,4.0,6.76651,5.0,2180.15,51.0,122.0,6.0,5.0,6.0,5.0
1785.2655000000002,2180.15,600.612,1579.538,683.9600171214324,61.0,91.0,51.0,40.0,17.320508075688775,127.5,144.0,122.0,22.0,9.526279441628825,5.5,6.0,4.0,2.0,0.8660254037844386,6.25,10.0,5.0,5.0,2.165063509461097,5.5,6.0,4.0,2.0,0.8660254037844386,3.75,5.0,0.0,5.0,2.165063509461097,1.66,140.0,6.0,4.0,6.76651,5.0,2180.15,51.0,122.0,6.0,5.0,6.0,5.0
2092.1000000000004,2180.15,1827.9499999999998,352.2000000000003,152.50707360643977,55.25,68.0,51.0,17.0,7.361215932167728,121.5,122.0,120.0,2.0,0.8660254037844386,7.0,10.0,6.0,4.0,1.7320508075688772,6.25,10.0,5.0,5.0,2.165063509461097,4.5,6.0,0.0,6.0,2.598076211353316,3.75,5.0,0.0,5.0,2.165063509461097,1.66,140.0,6.0,4.0,6.76651,5.0,2180.15,51.0,122.0,6.0,5.0,6.0,5.0
2145.4500000000003,2180.15,2041.35,138.80000000000018,60.10216302264012,55.5,69.0,51.0,18.0,7.794228634059948,122.25,123.0,122.0,1.0,0.4330127018922193,7.0,10.0,6.0,4.0,1.7320508075688772,6.0,9.0,5.0,4.0,1.7320508075688772,5.0,6.0,2.0,4.0,1.7320508075688772,4.0,5.0,1.0,4.0,1.7320508075688772,1.66,140.0,6.0,4.0,6.76651,5.0,2180.15,51.0,122.0,6.0,5.0,6.0,5.0
2499.65,3458.15,2180.15,1278.0,553.3902330182563,52.5,57.0,51.0,6.0,2.598076211353316,124.25,131.0,122.0,9.0,3.897114317029974,6.25,7.0,6.0,1.0,0.4330127018922193,5.0,5.0,5.0,0.0,0.0,5.75,6.0,5.0,1.0,0.4330127018922193,5.0,5.0,5.0,0.0,0.0,1.66,140.0,6.0,4.0,6.76651,5.0,2180.15,51.0,122.0,6.0,5.0,6.0,5.0
2194.15,2236.15,2180.15,56.0,24.24871130596428,54.25,64.0,51.0,13.0,5.629165124598851,122.75,125.0,122.0,3.0,1.299038105676658,6.75,9.0,6.0,3.0,1.299038105676658,5.75,8.0,5.0,3.0,1.299038105676658,5.25,6.0,3.0,3.0,1.299038105676658,4.25,5.0,2.0,3.0,1.299038105676658,1.66,140.0,6.0,4.0,6.76651,5.0,2180.15,51.0,122.0,6.0,5.0,6.0,5.0
2286.65,2606.15,2180.15,426.0,184.46341100608544,53.25,60.0,51.0,9.0,3.897114317029974,122.75,125.0,122.0,3.0,1.299038105676658,6.5,8.0,6.0,2.0,0.8660254037844386,5.5,7.0,5.0,2.0,0.8660254037844386,5.5,6.0,4.0,2.0,0.8660254037844386,4.5,5.0,3.0,2.0,0.8660254037844386,1.66,140.0,6.0,4.0,6.76651,5.0,2180.15,51.0,122.0,6.0,5.0,6.0,5.0
2088.65,2180.15,1814.15,366.0,158.48264889255228,41.0,51.0,11.0,40.0,17.320508075688775,128.5,148.0,122.0,26.0,11.258330249197702,5.25,6.0,3.0,3.0,1.299038105676658,4.0,5.0,1.0,4.0,1.7320508075688772,6.75,9.0,6.0,3.0,1.299038105676658,6.0,9.0,5.0,4.0,1.7320508075688772,1.66,140.0,6.0,4.0,6.76651,5.0,2180.15,51.0,122.0,6.0,5.0,6.0,5.0
1761.3825000000002,2180.15,505.08,1675.0700000000002,725.3265865585998,60.75,90.0,51.0,39.0,16.887495373796554,126.5,140.0,122.0,18.0,7.794228634059948,5.5,6.0,4.0,2.0,0.8660254037844386,6.25,10.0,5.0,5.0,2.165063509461097,5.5,6.0,4.0,2.0,0.8660254037844386,3.75,5.0,0.0,5.0,2.165063509461097,1.66,140.0,6.0,4.0,6.76651,5.0,2180.15,51.0,122.0,6.0,5.0,6.0,5.0
2457.65,3290.15,2180.15,1110.0,480.64409910036346,50.5,51.0,49.0,2.0,0.8660254037844386,128.0,146.0,122.0,24.0,10.392304845413264,5.75,6.0,5.0,1.0,0.4330127018922193,4.5,5.0,3.0,2.0,0.8660254037844386,6.25,7.0,6.0,1.0,0.4330127018922193,5.5,7.0,5.0,2.0,0.8660254037844386,1.66,140.0,6.0,4.0,6.76651,5.0,2180.15,51.0,122.0,6.0,5.0,6.0,5.0
2242.65,2430.15,2180.15,250.0,108.25317547305482,52.25,56.0,51.0,5.0,2.165063509461097,123.5,128.0,122.0,6.0,2.598076211353316,6.25,7.0,6.0,1.0,0.4330127018922193,5.0,5.0,5.0,0.0,0.0,5.75,6.0,5.0,1.0,0.4330127018922193,5.0,5.0,5.0,0.0,0.0,1.66,140.0,6.0,4.0,6.76651,5.0,2180.15,51.0,122.0,6.0,5.0,6.0,5.0
2120.9,2180.15,1943.15,237.0,102.62401034845598,49.0,51.0,43.0,8.0,3.4641016151377544,125.5,136.0,122.0,14.0,6.06217782649107,5.5,6.0,4.0,2.0,0.8660254037844386,4.25,5.0,2.0,3.0,1.299038105676658,6.5,8.0,6.0,2.0,0.8660254037844386,5.75,8.0,5.0,3.0,1.299038105676658,1.66,140.0,6.0,4.0,6.76651,5.0,2180.15,51.0,122.0,6.0,5.0,6.0,5.0
1779.4,2180.15,577.15,1603.0,694.1193611332276,59.5,85.0,51.0,34.0,14.722431864335457,127.5,144.0,122.0,22.0,9.526279441628825,5.25,6.0,3.0,3.0,1.299038105676658,6.25,10.0,5.0,5.0,2.165063509461097,5.75,6.0,5.0,1.0,0.4330127018922193,3.75,5.0,0.0,5.0,2.165063509461097,1.66,140.0,6.0,4.0,6.76651,5.0,2180.15,51.0,122.0,6.0,5.0,6.0,5.0
2556.9,3687.15,2180.15,1507.0,652.5501417515745,51.5,53.0,51.0,2.0,0.8660254037844386,125.75,137.0,122.0,15.0,6.49519052838329,6.0,6.0,6.0,0.0,0.0,4.75,5.0,4.0,1.0,0.4330127018922193,6.0,6.0,6.0,0.0,0.0,5.25,6.0,5.0,1.0,0.4330127018922193,1.66,140.0,6.0,4.0,6.76651,5.0,2180.15,51.0,122.0,6.0,5.0,6.0,5.0
1808.28175,2180.15,692.6769999999999,1487.4730000000002,644.0947027217253,57.5,77.0,51.0,26.0,11.258330249197702,121.0,122.0,118.0,4.0,1.7320508075688772,7.5,12.0,6.0,6.0,2.598076211353316,6.25,10.0,5.0,5.0,2.165063509461097,4.5,6.0,0.0,6.0,2.598076211353316,3.75,5.0,0.0,5.0,2.165063509461097,1.66,140.0,6.0,4.0,6.76651,5.0,2180.15,51.0,122.0,6.0,5.0,6.0,5.0
2166.9,2180.15,2127.15,53.0,22.949673200287624,49.25,51.0,44.0,7.0,3.031088913245535,130.0,154.0,122.0,32.0,13.856406460551018,5.5,6.0,4.0,2.0,0.8660254037844386,4.25,5.0,2.0,3.0,1.299038105676658,6.5,8.0,6.0,2.0,0.8660254037844386,5.75,8.0,5.0,3.0,1.299038105676658,1.66,140.0,6.0,4.0,6.76651,5.0,2180.15,51.0,122.0,6.0,5.0,6.0,5.0
1563.365,2180.15,1357.77,822.3800000000001,356.10098578212336,66.0,71.0,51.0,20.0,8.660254037844387,114.50000000000001,122.0,112.00000000000001,9.999999999999986,4.330127018922187,9.75,11.0,6.0,5.0,2.165063509461097,8.75,10.0,5.0,5.0,2.165063509461097,2.25,6.0,1.0,5.0,2.165063509461097,1.25,5.0,0.0,5.0,2.165063509461097,1.9,135.0,11.0,4.0,7.72638,10.0,1357.77,71.0,112.00000000000001,11.0,10.0,1.0,0.0
772.22345,2180.15,302.91459999999995,1877.2354,812.8667726417211,75.0,83.0,51.0,32.0,13.856406460551018,123.5,124.0,122.0,2.0,0.8660254037844386,3.75,6.0,3.0,3.0,1.299038105676658,8.75,10.0,5.0,5.0,2.165063509461097,5.25,6.0,5.0,1.0,0.4330127018922193,1.25,5.0,0.0,5.0,2.165063509461097,1.81,130.0,13.0,4.0,5.999302,10.0,302.91459999999995,83.0,124.0,3.0,10.0,5.0,0.0
2424.65,2506.15,2180.15,326.0,141.1621408168635,46.5,51.0,45.0,6.0,2.598076211353316,144.5,152.0,122.0,30.0,12.99038105676658,4.5,6.0,4.0,2.0,0.8660254037844386,2.75,5.0,2.0,3.0,1.299038105676658,7.5,8.0,6.0,2.0,0.8660254037844386,7.25,8.0,5.0,3.0,1.299038105676658,1.3,155.0,4.0,6.0,6.82507,2.0,2506.15,45.0,152.0,4.0,2.0,8.0,8.0
720.7782500000001,2180.15,234.32099999999997,1945.8290000000002,842.5686727102353,72.0,79.0,51.0,28.0,12.12435565298214,130.25,133.0,122.0,11.0,4.763139720814412,10.5,12.0,6.0,6.0,2.598076211353316,8.75,10.0,5.0,5.0,2.165063509461097,1.5,6.0,0.0,6.0,2.598076211353316,1.25,5.0,0.0,5.0,2.165063509461097,1.9,150.0,12.0,6.0,10.437504,10.0,234.32099999999997,79.0,133.0,12.0,10.0,0.0,0.0
867.348875,2180.15,429.7485,1750.4015000000002,757.9460829111936,75.75,84.0,51.0,33.0,14.289419162443238,137.0,142.0,122.0,20.0,8.660254037844387,3.75,6.0,3.0,3.0,1.299038105676658,8.75,10.0,5.0,5.0,2.165063509461097,5.25,6.0,5.0,1.0,0.4330127018922193,1.25,5.0,0.0,5.0,2.165063509461097,1.78,155.0,13.0,5.0,5.7863558,10.0,429.7485,84.0,142.0,3.0,10.0,5.0,0.0
2584.4,2719.15,2180.15,539.0,233.3938463199062,61.5,65.0,51.0,14.0,6.06217782649107,122.0,122.0,122.0,0.0,0.0,8.25,9.0,6.0,3.0,1.299038105676658,6.5,7.0,5.0,2.0,0.8660254037844386,3.75,6.0,3.0,3.0,1.299038105676658,3.5,5.0,3.0,2.0,0.8660254037844386,2.2,135.0,9.0,6.0,8.96702,7.0,2719.15,65.0,122.0,9.0,7.0,3.0,3.0
1439.9,2180.15,1193.15,987.0,427.38353676762046,22.5,51.0,13.0,38.0,16.454482671904334,165.5,180.0,122.0,58.0,25.11473670974872,3.75,6.0,3.0,3.0,1.299038105676658,2.0,5.0,1.0,4.0,1.7320508075688772,8.25,9.0,6.0,3.0,1.299038105676658,8.0,9.0,5.0,4.0,1.7320508075688772,1.1,195.0,3.0,6.0,5.5769,1.0,1193.15,13.0,180.0,3.0,1.0,9.0,9.0
2716.4,2895.15,2180.15,715.0,309.6040818529368,51.75,52.0,51.0,1.0,0.4330127018922193,134.0,138.0,122.0,16.0,6.928203230275509,6.0,6.0,6.0,0.0,0.0,5.0,5.0,5.0,0.0,0.0,6.0,6.0,6.0,0.0,0.0,5.0,5.0,5.0,0.0,0.0,2.16,145.0,6.0,5.0,7.09243,5.0,2895.15,52.0,138.0,6.0,5.0,6.0,5.0
2607.65,2750.15,2180.15,570.0,246.81724007856502,48.75,51.0,48.0,3.0,1.299038105676658,140.75,147.0,122.0,25.0,10.825317547305483,5.25,6.0,5.0,1.0,0.4330127018922193,4.25,5.0,4.0,1.0,0.4330127018922193,6.75,7.0,6.0,1.0,0.4330127018922193,5.75,6.0,5.0,1.0,0.4330127018922193,1.6,145.0,5.0,5.0,6.75885,4.0,2750.15,48.0,147.0,5.0,4.0,7.0,6.0
1841.15,2180.15,1728.15,452.0,195.72174125528312,63.0,67.0,51.0,16.0,6.928203230275509,113.00000000000001,122.0,110.00000000000001,11.999999999999986,5.196152422706626,9.0,10.0,6.0,4.0,1.7320508075688772,7.25,8.0,5.0,3.0,1.299038105676658,3.0,6.0,2.0,4.0,1.7320508075688772,2.75,5.0,2.0,3.0,1.299038105676658,1.91,135.0,10.0,4.0,7.639878,8.0,1728.15,67.0,110.00000000000001,10.0,8.0,2.0,2.0
3024.65,3306.15,2180.15,1126.0,487.57230233063893,58.5,61.0,51.0,10.0,4.330127018922194,127.25,129.0,122.0,7.0,3.031088913245535,7.5,8.0,6.0,2.0,0.8660254037844386,5.75,6.0,5.0,1.0,0.4330127018922193,4.5,6.0,4.0,2.0,0.8660254037844386,4.25,5.0,4.0,1.0,0.4330127018922193,2.2,130.0,8.0,6.0,8.43823,6.0,3306.15,61.0,129.0,8.0,6.0,4.0,4.0
995.4965,2180.15,600.612,1579.538,683.9600171214324,81.0,91.0,51.0,40.0,17.320508075688775,138.5,144.0,122.0,22.0,9.526279441628825,4.5,6.0,4.0,2.0,0.8660254037844386,8.75,10.0,5.0,5.0,2.165063509461097,4.5,6.0,4.0,2.0,0.8660254037844386,1.25,5.0,0.0,5.0,2.165063509461097,1.8,180.0,14.0,6.0,7.4166799,10.0,600.612,91.0,144.0,4.0,10.0,4.0,0.0
1916.0,2180.15,1827.9499999999998,352.2000000000003,152.50707360643977,63.75,68.0,51.0,17.0,7.361215932167728,120.5,122.0,120.0,2.0,0.8660254037844386,9.0,10.0,6.0,4.0,1.7320508075688772,8.75,10.0,5.0,5.0,2.165063509461097,1.5,6.0,0.0,6.0,2.598076211353316,1.25,5.0,0.0,5.0,2.165063509461097,2.2,140.0,10.0,5.0,8.336839,10.0,1827.9499999999998,68.0,120.0,10.0,10.0,0.0,0.0
2076.0499999999997,2180.15,2041.35,138.80000000000018,60.10216302264012,64.5,69.0,51.0,18.0,7.794228634059948,122.75,123.0,122.0,1.0,0.4330127018922193,9.0,10.0,6.0,4.0,1.7320508075688772,8.0,9.0,5.0,4.0,1.7320508075688772,3.0,6.0,2.0,4.0,1.7320508075688772,2.0,5.0,1.0,4.0,1.7320508075688772,2.2,135.0,10.0,6.0,8.95883,9.0,2041.35,69.0,123.0,10.0,9.0,2.0,1.0
3138.65,3458.15,2180.15,1278.0,553.3902330182563,55.5,57.0,51.0,6.0,2.598076211353316,128.75,131.0,122.0,9.0,3.897114317029974,6.75,7.0,6.0,1.0,0.4330127018922193,5.0,5.0,5.0,0.0,0.0,5.25,6.0,5.0,1.0,0.4330127018922193,5.0,5.0,5.0,0.0,0.0,1.9,135.0,7.0,6.0,7.83352,5.0,3458.15,57.0,131.0,7.0,5.0,5.0,5.0
2222.15,2236.15,2180.15,56.0,24.24871130596428,60.75,64.0,51.0,13.0,5.629165124598851,124.25,125.0,122.0,3.0,1.299038105676658,8.25,9.0,6.0,3.0,1.299038105676658,7.25,8.0,5.0,3.0,1.299038105676658,3.75,6.0,3.0,3.0,1.299038105676658,2.75,5.0,2.0,3.0,1.299038105676658,2.28,135.0,9.0,5.0,7.4589,8.0,2236.15,64.0,125.0,9.0,8.0,3.0,2.0
2499.65,2606.15,2180.15,426.0,184.46341100608544,57.75,60.0,51.0,9.0,3.897114317029974,124.25,125.0,122.0,3.0,1.299038105676658,7.5,8.0,6.0,2.0,0.8660254037844386,6.5,7.0,5.0,2.0,0.8660254037844386,4.5,6.0,4.0,2.0,0.8660254037844386,3.5,5.0,3.0,2.0,0.8660254037844386,2.2,130.0,8.0,5.0,7.3605,7.0,2606.15,60.0,125.0,8.0,7.0,4.0,3.0
1905.65,2180.15,1814.15,366.0,158.48264889255228,21.0,51.0,11.0,40.0,17.320508075688775,141.5,148.0,122.0,26.0,11.258330249197702,3.75,6.0,3.0,3.0,1.299038105676658,2.0,5.0,1.0,4.0,1.7320508075688772,8.25,9.0,6.0,3.0,1.299038105676658,8.0,9.0,5.0,4.0,1.7320508075688772,1.36,160.0,3.0,4.0,6.56149,1.0,1814.15,11.0,148.0,3.0,1.0,9.0,9.0
923.8475000000001,2180.15,505.08,1675.0700000000002,725.3265865585998,80.25,90.0,51.0,39.0,16.887495373796554,135.5,140.0,122.0,18.0,7.794228634059948,4.5,6.0,4.0,2.0,0.8660254037844386,8.75,10.0,5.0,5.0,2.165063509461097,4.5,6.0,4.0,2.0,0.8660254037844386,1.25,5.0,0.0,5.0,2.165063509461097,1.96,145.0,14.0,5.0,7.343918,10.0,505.08,90.0,140.0,4.0,10.0,4.0,0.0
3012.65,3290.15,2180.15,1110.0,480.64409910036346,49.5,51.0,49.0,2.0,0.8660254037844386,140.0,146.0,122.0,24.0,10.392304845413264,5.25,6.0,5.0,1.0,0.4330127018922193,3.5,5.0,3.0,2.0,0.8660254037844386,6.75,7.0,6.0,1.0,0.4330127018922193,6.5,7.0,5.0,2.0,0.8660254037844386,1.5,145.0,5.0,6.0,7.549571,3.0,3290.15,49.0,146.0,5.0,3.0,7.0,7.0
2367.65,2430.15,2180.15,250.0,108.25317547305482,54.75,56.0,51.0,5.0,2.165063509461097,126.5,128.0,122.0,6.0,2.598076211353316,6.75,7.0,6.0,1.0,0.4330127018922193,5.0,5.0,5.0,0.0,0.0,5.25,6.0,5.0,1.0,0.4330127018922193,5.0,5.0,5.0,0.0,0.0,2.1,135.0,7.0,5.0,7.11938,5.0,2430.15,56.0,128.0,7.0,5.0,5.0,5.0
2002.4,2180.15,1943.15,237.0,102.62401034845598,45.0,51.0,43.0,8.0,3.4641016151377544,132.5,136.0,122.0,14.0,6.06217782649107,4.5,6.0,4.0,2.0,0.8660254037844386,2.75,5.0,2.0,3.0,1.299038105676658,7.5,8.0,6.0,2.0,0.8660254037844386,7.25,8.0,5.0,3.0,1.299038105676658,1.54,140.0,4.0,4.0,6.82812,2.0,1943.15,43.0,136.0,4.0,2.0,8.0,8.0
977.9,2180.15,577.15,1603.0,694.1193611332276,76.5,85.0,51.0,34.0,14.722431864335457,138.5,144.0,122.0,22.0,9.526279441628825,3.75,6.0,3.0,3.0,1.299038105676658,8.75,10.0,5.0,5.0,2.165063509461097,5.25,6.0,5.0,1.0,0.4330127018922193,1.25,5.0,0.0,5.0,2.165063509461097,1.8,190.0,13.0,6.0,6.1082873,10.0,577.15,85.0,144.0,3.0,10.0,5.0,0.0
2182.4,2183.15,2180.15,3.0,1.299038105676658,48.0,51.0,47.0,4.0,1.7320508075688772,131.0,134.0,122.0,12.0,5.196152422706632,5.25,6.0,5.0,1.0,0.4330127018922193,3.5,5.0,3.0,2.0,0.8660254037844386,6.75,7.0,6.0,1.0,0.4330127018922193,6.5,7.0,5.0,2.0,0.8660254037844386,1.63,135.0,5.0,4.0,6.746187,3.0,2183.15,47.0,134.0,5.0,3.0,7.0,7.0
3310.4,3687.15,2180.15,1507.0,652.5501417515745,52.5,53.0,51.0,2.0,0.8660254037844386,133.25,137.0,122.0,15.0,6.49519052838329,6.0,6.0,6.0,0.0,0.0,4.25,5.0,4.0,1.0,0.4330127018922193,6.0,6.0,6.0,0.0,0.0,5.75,6.0,5.0,1.0,0.4330127018922193,1.7,135.0,6.0,6.0,7.86403,4.0,3687.15,53.0,137.0,6.0,4.0,6.0,6.0
1891.4,2180.15,1795.15,385.0,166.70989022850443,21.75,51.0,12.0,39.0,16.887495373796554,152.75,163.0,122.0,41.0,17.75352077758099,3.75,6.0,3.0,3.0,1.299038105676658,2.0,5.0,1.0,4.0,1.7320508075688772,8.25,9.0,6.0,3.0,1.299038105676658,8.0,9.0,5.0,4.0,1.7320508075688772,1.22,180.0,3.0,5.0,6.21726,1.0,1795.15,12.0,163.0,3.0,1.0,9.0,9.0
1064.5452500000001,2180.15,692.6769999999999,1487.4730000000002,644.0947027217253,70.5,77.0,51.0,26.0,11.258330249197702,119.0,122.0,118.0,4.0,1.7320508075688772,10.5,12.0,6.0,6.0,2.598076211353316,8.75,10.0,5.0,5.0,2.165063509461097,1.5,6.0,0.0,6.0,2.598076211353316,1.25,5.0,0.0,5.0,2.165063509461097,1.65,135.0,12.0,4.0,9.394197,10.0,692.6769999999999,77.0,118.0,12.0,10.0,0.0,0.0
2140.4,2180.15,2127.15,53.0,22.949673200287624,45.75,51.0,44.0,7.0,3.031088913245535,146.0,154.0,122.0,32.0,13.856406460551018,4.5,6.0,4.0,2.0,0.8660254037844386,2.75,5.0,2.0,3.0,1.299038105676658,7.5,8.0,6.0,2.0,0.8660254037844386,7.25,8.0,5.0,3.0,1.299038105676658,1.33,155.0,4.0,5.0,6.634126,2.0,2127.15,44.0,154.0,4.0,2.0,8.0,8.0
1471.115,1811.15,1357.77,453.3800000000001,196.31929878389445,68.0,71.0,59.0,12.0,5.196152422706632,113.00000000000001,115.99999999999999,112.00000000000001,3.9999999999999716,1.732050807568865,10.25,11.0,8.0,3.0,1.299038105676658,9.0,10.0,6.0,4.0,1.7320508075688772,1.75,4.0,1.0,3.0,1.299038105676658,1.0,4.0,0.0,4.0,1.7320508075688772,1.9,135.0,11.0,4.0,7.72638,10.0,1357.77,71.0,112.00000000000001,11.0,10.0,1.0,0.0
1094.05615,1357.77,302.91459999999995,1054.8554,456.76578685959777,74.0,83.0,71.0,12.0,5.196152422706632,115.00000000000001,124.0,112.00000000000001,11.999999999999986,5.196152422706626,9.0,11.0,3.0,8.0,3.4641016151377544,10.0,10.0,10.0,0.0,0.0,2.0,5.0,1.0,4.0,1.7320508075688772,0.0,0.0,0.0,0.0,0.0,1.9,135.0,11.0,4.0,7.72638,10.0,1357.77,71.0,112.00000000000001,11.0,10.0,1.0,0.0
1644.865,2506.15,1357.77,1148.38,497.2631265989869,64.5,71.0,45.0,26.0,11.258330249197702,122.00000000000001,152.0,112.00000000000001,39.999999999999986,17.320508075688767,9.25,11.0,4.0,7.0,3.031088913245535,8.0,10.0,2.0,8.0,3.4641016151377544,2.75,8.0,1.0,7.0,3.031088913245535,2.0,8.0,0.0,8.0,3.4641016151377544,1.9,135.0,11.0,4.0,7.72638,10.0,1357.77,71.0,112.00000000000001,11.0,10.0,1.0,0.0
1076.90775,1357.77,234.32099999999997,1123.449,486.4676869281119,73.0,79.0,71.0,8.0,3.4641016151377544,117.25000000000001,133.0,112.00000000000001,20.999999999999986,9.093266739736599,11.25,12.0,11.0,1.0,0.4330127018922193,10.0,10.0,10.0,0.0,0.0,0.75,1.0,0.0,1.0,0.4330127018922193,0.0,0.0,0.0,0.0,0.0,1.9,135.0,11.0,4.0,7.72638,10.0,1357.77,71.0,112.00000000000001,11.0,10.0,1.0,0.0
1125.764625,1357.77,429.7485,928.0215000000001,401.8450971290702,74.25,84.0,71.0,13.0,5.629165124598851,119.50000000000001,142.0,112.00000000000001,29.999999999999986,12.990381056766573,9.0,11.0,3.0,8.0,3.4641016151377544,10.0,10.0,10.0,0.0,0.0,2.0,5.0,1.0,4.0,1.7320508075688772,0.0,0.0,0.0,0.0,0.0,1.9,135.0,11.0,4.0,7.72638,10.0,1357.77,71.0,112.00000000000001,11.0,10.0,1.0,0.0
1698.115,2719.15,1357.77,1361.38,589.4948321020296,69.5,71.0,65.0,6.0,2.598076211353316,114.50000000000001,122.0,112.00000000000001,9.999999999999986,4.330127018922187,10.5,11.0,9.0,2.0,0.8660254037844386,9.25,10.0,7.0,3.0,1.299038105676658,1.5,3.0,1.0,2.0,0.8660254037844386,0.75,3.0,0.0,3.0,1.299038105676658,1.9,135.0,11.0,4.0,7.72638,10.0,1357.77,71.0,112.00000000000001,11.0,10.0,1.0,0.0
1316.615,1357.77,1193.15,164.6199999999999,71.2825509854971,56.5,71.0,13.0,58.0,25.11473670974872,129.0,180.0,112.00000000000001,67.99999999999999,29.444863728670907,9.0,11.0,3.0,8.0,3.4641016151377544,7.75,10.0,1.0,9.0,3.897114317029974,3.0,9.0,1.0,8.0,3.4641016151377544,2.25,9.0,0.0,9.0,3.897114317029974,1.9,135.0,11.0,4.0,7.72638,10.0,1357.77,71.0,112.00000000000001,11.0,10.0,1.0,0.0
1398.115,1519.15,1357.77,161.3800000000001,69.8795898313664,67.0,71.0,55.0,16.0,6.928203230275509,113.75000000000001,119.0,112.00000000000001,6.999999999999986,3.031088913245529,10.0,11.0,7.0,4.0,1.7320508075688772,8.75,10.0,5.0,5.0,2.165063509461097,2.0,5.0,1.0,4.0,1.7320508075688772,1.25,5.0,0.0,5.0,2.165063509461097,1.9,135.0,11.0,4.0,7.72638,10.0,1357.77,71.0,112.00000000000001,11.0,10.0,1.0,0.0
1742.115,2895.15,1357.77,1537.38,665.7050676350602,66.25,71.0,52.0,19.0,8.227241335952167,118.50000000000001,138.0,112.00000000000001,25.999999999999986,11.258330249197696,9.75,11.0,6.0,5.0,2.165063509461097,8.75,10.0,5.0,5.0,2.165063509461097,2.25,6.0,1.0,5.0,2.165063509461097,1.25,5.0,0.0,5.0,2.165063509461097,1.9,135.0,11.0,4.0,7.72638,10.0,1357.77,71.0,112.00000000000001,11.0,10.0,1.0,0.0
1705.865,2750.15,1357.77,1392.38,602.9182258606884,65.25,71.0,48.0,23.0,9.959292143521045,120.75000000000001,147.0,112.00000000000001,34.999999999999986,15.15544456622767,9.5,11.0,5.0,6.0,2.598076211353316,8.5,10.0,4.0,6.0,2.598076211353316,2.5,7.0,1.0,6.0,2.598076211353316,1.5,6.0,0.0,6.0,2.598076211353316,1.9,135.0,11.0,4.0,7.72638,10.0,1357.77,71.0,112.00000000000001,11.0,10.0,1.0,0.0
1450.365,1728.15,1357.77,370.3800000000001,160.37924452684024,70.0,71.0,67.0,4.0,1.7320508075688772,111.50000000000001,112.00000000000001,110.00000000000001,2.0,0.8660254037844386,10.75,11.0,10.0,1.0,0.4330127018922193,9.5,10.0,8.0,2.0,0.8660254037844386,1.25,2.0,1.0,1.0,0.4330127018922193,0.5,2.0,0.0,2.0,0.8660254037844386,1.9,135.0,11.0,4.0,7.72638,10.0,1357.77,71.0,112.00000000000001,11.0,10.0,1.0,0.0
1844.865,3306.15,1357.77,1948.38,843.6732881127623,68.5,71.0,61.0,10.0,4.330127018922194,116.25000000000001,129.0,112.00000000000001,16.999999999999986,7.361215932167722,10.25,11.0,8.0,3.0,1.299038105676658,9.0,10.0,6.0,4.0,1.7320508075688772,1.75,4.0,1.0,3.0,1.299038105676658,1.0,4.0,0.0,4.0,1.7320508075688772,1.9,135.0,11.0,4.0,7.72638,10.0,1357.77,71.0,112.00000000000001,11.0,10.0,1.0,0.0
1168.4805,1357.77,600.612,757.158,327.859031339309,76.0,91.0,71.0,20.0,8.660254037844387,120.00000000000001,144.0,112.00000000000001,31.999999999999986,13.856406460551012,9.25,11.0,4.0,7.0,3.031088913245535,10.0,10.0,10.0,0.0,0.0,1.75,4.0,1.0,3.0,1.299038105676658,0.0,0.0,0.0,0.0,0.0,1.9,135.0,11.0,4.0,7.72638,10.0,1357.77,71.0,112.00000000000001,11.0,10.0,1.0,0.0
1475.315,1827.9499999999998,1357.77,470.17999999999984,203.5939121756836,70.25,71.0,68.0,3.0,1.299038105676658,114.00000000000001,120.0,112.00000000000001,7.999999999999986,3.4641016151377486,10.75,11.0,10.0,1.0,0.4330127018922193,10.0,10.0,10.0,0.0,0.0,0.75,1.0,0.0,1.0,0.4330127018922193,0.0,0.0,0.0,0.0,0.0,1.9,135.0,11.0,4.0,7.72638,10.0,1357.77,71.0,112.00000000000001,11.0,10.0,1.0,0.0
1528.665,2041.35,1357.77,683.5799999999999,295.99882275948323,70.5,71.0,69.0,2.0,0.8660254037844386,114.75000000000001,123.0,112.00000000000001,10.999999999999986,4.763139720814406,10.75,11.0,10.0,1.0,0.4330127018922193,9.75,10.0,9.0,1.0,0.4330127018922193,1.25,2.0,1.0,1.0,0.4330127018922193,0.25,1.0,0.0,1.0,0.4330127018922193,1.9,135.0,11.0,4.0,7.72638,10.0,1357.77,71.0,112.00000000000001,11.0,10.0,1.0,0.0
1882.865,3458.15,1357.77,2100.38,909.4912188003797,67.5,71.0,57.0,14.0,6.06217782649107,116.75000000000001,131.0,112.00000000000001,18.999999999999986,8.227241335952161,10.0,11.0,7.0,4.0,1.7320508075688772,8.75,10.0,5.0,5.0,2.165063509461097,2.0,5.0,1.0,4.0,1.7320508075688772,1.25,5.0,0.0,5.0,2.165063509461097,1.9,135.0,11.0,4.0,7.72638,10.0,1357.77,71.0,112.00000000000001,11.0,10.0,1.0,0.0
1577.365,2236.15,1357.77,878.3800000000001,380.3496970880877,69.25,71.0,64.0,7.0,3.031088913245535,115.25000000000001,125.0,112.00000000000001,12.999999999999986,5.629165124598845,10.5,11.0,9.0,2.0,0.8660254037844386,9.5,10.0,8.0,2.0,0.8660254037844386,1.5,3.0,1.0,2.0,0.8660254037844386,0.5,2.0,0.0,2.0,0.8660254037844386,1.9,135.0,11.0,4.0,7.72638,10.0,1357.77,71.0,112.00000000000001,11.0,10.0,1.0,0.0
1669.865,2606.15,1357.77,1248.38,540.5643967882088,68.25,71.0,60.0,11.0,4.763139720814412,115.25000000000001,125.0,112.00000000000001,12.999999999999986,5.629165124598845,10.25,11.0,8.0,3.0,1.299038105676658,9.25,10.0,7.0,3.0,1.299038105676658,1.75,4.0,1.0,3.0,1.299038105676658,0.75,3.0,0.0,3.0,1.299038105676658,1.9,135.0,11.0,4.0,7.72638,10.0,1357.77,71.0,112.00000000000001,11.0,10.0,1.0,0.0
1471.865,1814.15,1357.77,456.3800000000001,197.61833688957108,56.0,71.0,11.0,60.0,25.98076211353316,121.00000000000001,148.0,112.00000000000001,35.999999999999986,15.588457268119889,9.0,11.0,3.0,8.0,3.4641016151377544,7.75,10.0,1.0,9.0,3.897114317029974,3.0,9.0,1.0,8.0,3.4641016151377544,2.25,9.0,0.0,9.0,3.897114317029974,1.9,135.0,11.0,4.0,7.72638,10.0,1357.77,71.0,112.00000000000001,11.0,10.0,1.0,0.0
1144.5975,1357.77,505.08,852.69,369.2256007764765,75.75,90.0,71.0,19.0,8.227241335952167,119.00000000000001,140.0,112.00000000000001,27.999999999999986,12.124355652982135,9.25,11.0,4.0,7.0,3.031088913245535,10.0,10.0,10.0,0.0,0.0,1.75,4.0,1.0,3.0,1.299038105676658,0.0,0.0,0.0,0.0,0.0,1.9,135.0,11.0,4.0,7.72638,10.0,1357.77,71.0,112.00000000000001,11.0,10.0,1.0,0.0
1840.865,3290.15,1357.77,1932.38,836.7450848824868,65.5,71.0,49.0,22.0,9.526279441628825,120.50000000000001,146.0,112.00000000000001,33.999999999999986,14.722431864335451,9.5,11.0,5.0,6.0,2.598076211353316,8.25,10.0,3.0,7.0,3.031088913245535,2.5,7.0,1.0,6.0,2.598076211353316,1.75,7.0,0.0,7.0,3.031088913245535,1.9,135.0,11.0,4.0,7.72638,10.0,1357.77,71.0,112.00000000000001,11.0,10.0,1.0,0.0
1625.865,2430.15,1357.77,1072.38,464.3541612551782,67.25,71.0,56.0,15.0,6.49519052838329,116.00000000000001,128.0,112.00000000000001,15.999999999999986,6.928203230275503,10.0,11.0,7.0,4.0,1.7320508075688772,8.75,10.0,5.0,5.0,2.165063509461097,2.0,5.0,1.0,4.0,1.7320508075688772,1.25,5.0,0.0,5.0,2.165063509461097,1.9,135.0,11.0,4.0,7.72638,10.0,1357.77,71.0,112.00000000000001,11.0,10.0,1.0,0.0
1504.115,1943.15,1357.77,585.3800000000001,253.4769754336674,64.0,71.0,43.0,28.0,12.12435565298214,118.00000000000001,136.0,112.00000000000001,23.999999999999986,10.392304845413257,9.25,11.0,4.0,7.0,3.031088913245535,8.0,10.0,2.0,8.0,3.4641016151377544,2.75,8.0,1.0,7.0,3.031088913245535,2.0,8.0,0.0,8.0,3.4641016151377544,1.9,135.0,11.0,4.0,7.72638,10.0,1357.77,71.0,112.00000000000001,11.0,10.0,1.0,0.0
1564.115,2183.15,1357.77,825.3800000000001,357.40002388780005,65.0,71.0,47.0,24.0,10.392304845413264,117.50000000000001,134.0,112.00000000000001,21.999999999999986,9.52627944162882,9.5,11.0,5.0,6.0,2.598076211353316,8.25,10.0,3.0,7.0,3.031088913245535,2.5,7.0,1.0,6.0,2.598076211353316,1.75,7.0,0.0,7.0,3.031088913245535,1.9,135.0,11.0,4.0,7.72638,10.0,1357.77,71.0,112.00000000000001,11.0,10.0,1.0,0.0
1940.115,3687.15,1357.77,2329.38,1008.651127533698,66.5,71.0,53.0,18.0,7.794228634059948,118.25000000000001,137.0,112.00000000000001,24.999999999999986,10.825317547305477,9.75,11.0,6.0,5.0,2.165063509461097,8.5,10.0,4.0,6.0,2.598076211353316,2.25,6.0,1.0,5.0,2.165063509461097,1.5,6.0,0.0,6.0,2.598076211353316,1.9,135.0,11.0,4.0,7.72638,10.0,1357.77,71.0,112.00000000000001,11.0,10.0,1.0,0.0
1467.115,1795.15,1357.77,437.3800000000001,189.39109555361892,56.25,71.0,12.0,59.0,25.54774941164094,124.75000000000001,163.0,112.00000000000001,50.999999999999986,22.08364779650318,9.0,11.0,3.0,8.0,3.4641016151377544,7.75,10.0,1.0,9.0,3.897114317029974,3.0,9.0,1.0,8.0,3.4641016151377544,2.25,9.0,0.0,9.0,3.897114317029974,1.9,135.0,11.0,4.0,7.72638,10.0,1357.77,71.0,112.00000000000001,11.0,10.0,1.0,0.0
1191.49675,1357.77,692.6769999999999,665.0930000000001,287.9937169396018,72.5,77.0,71.0,6.0,2.598076211353316,113.50000000000001,118.0,112.00000000000001,5.999999999999986,2.59807621135331,11.25,12.0,11.0,1.0,0.4330127018922193,10.0,10.0,10.0,0.0,0.0,0.75,1.0,0.0,1.0,0.4330127018922193,0.0,0.0,0.0,0.0,0.0,1.9,135.0,11.0,4.0,7.72638,10.0,1357.77,71.0,112.00000000000001,11.0,10.0,1.0,0.0
1550.115,2127.15,1357.77,769.3800000000001,333.1513125818358,64.25,71.0,44.0,27.0,11.691342951089922,122.50000000000001,154.0,112.00000000000001,41.999999999999986,18.186533479473205,9.25,11.0,4.0,7.0,3.031088913245535,8.0,10.0,2.0,8.0,3.4641016151377544,2.75,8.0,1.0,7.0,3.031088913245535,2.0,8.0,0.0,8.0,3.4641016151377544,1.9,135.0,11.0,4.0,7.72638,10.0,1357.77,71.0,112.00000000000001,11.0,10.0,1.0,0.0
1697.8050000000003,1811.15,1357.77,453.3800000000001,196.31929878389445,62.0,71.0,59.0,12.0,5.196152422706632,114.99999999999999,115.99999999999999,112.00000000000001,3.9999999999999716,1.732050807568865,8.75,11.0,8.0,3.0,1.299038105676658,7.0,10.0,6.0,4.0,1.7320508075688772,3.25,4.0,1.0,3.0,1.299038105676658,3.0,4.0,0.0,4.0,1.7320508075688772,1.83,140.0,8.0,4.0,7.9024681,6.0,1811.15,59.0,115.99999999999999,8.0,6.0,4.0,4.0
566.6284499999999,1357.77,302.91459999999995,1054.8554,456.76578685959777,80.0,83.0,71.0,12.0,5.196152422706632,121.0,124.0,112.00000000000001,11.999999999999986,5.196152422706626,5.0,11.0,3.0,8.0,3.4641016151377544,10.0,10.0,10.0,0.0,0.0,4.0,5.0,1.0,4.0,1.7320508075688772,0.0,0.0,0.0,0.0,0.0,1.81,130.0,13.0,4.0,5.999302,10.0,302.91459999999995,83.0,124.0,3.0,10.0,5.0,0.0
2219.0550000000003,2506.15,1357.77,1148.38,497.2631265989869,51.5,71.0,45.0,26.0,11.258330249197702,142.0,152.0,112.00000000000001,39.999999999999986,17.320508075688767,5.75,11.0,4.0,7.0,3.031088913245535,4.0,10.0,2.0,8.0,3.4641016151377544,6.25,8.0,1.0,7.0,3.031088913245535,6.0,8.0,0.0,8.0,3.4641016151377544,1.3,155.0,4.0,6.0,6.82507,2.0,2506.15,45.0,152.0,4.0,2.0,8.0,8.0
515.18325,1357.77,234.32099999999997,1123.449,486.4676869281119,77.0,79.0,71.0,8.0,3.4641016151377544,127.75,133.0,112.00000000000001,20.999999999999986,9.093266739736599,11.75,12.0,11.0,1.0,0.4330127018922193,10.0,10.0,10.0,0.0,0.0,0.25,1.0,0.0,1.0,0.4330127018922193,0.0,0.0,0.0,0.0,0.0,1.9,150.0,12.0,6.0,10.437504,10.0,234.32099999999997,79.0,133.0,12.0,10.0,0.0,0.0
661.753875,1357.77,429.7485,928.0215000000001,401.8450971290702,80.75,84.0,71.0,13.0,5.629165124598851,134.5,142.0,112.00000000000001,29.999999999999986,12.990381056766573,5.0,11.0,3.0,8.0,3.4641016151377544,10.0,10.0,10.0,0.0,0.0,4.0,5.0,1.0,4.0,1.7320508075688772,0.0,0.0,0.0,0.0,0.0,1.78,155.0,13.0,5.0,5.7863558,10.0,429.7485,84.0,142.0,3.0,10.0,5.0,0.0
2378.8050000000003,2719.15,1357.77,1361.38,589.4948321020296,66.5,71.0,65.0,6.0,2.598076211353316,119.5,122.0,112.00000000000001,9.999999999999986,4.330127018922187,9.5,11.0,9.0,2.0,0.8660254037844386,7.75,10.0,7.0,3.0,1.299038105676658,2.5,3.0,1.0,2.0,0.8660254037844386,2.25,3.0,0.0,3.0,1.299038105676658,2.2,135.0,9.0,6.0,8.96702,7.0,2719.15,65.0,122.0,9.0,7.0,3.0,3.0
1234.305,1357.77,1193.15,164.6199999999999,71.2825509854971,27.5,71.0,13.0,58.0,25.11473670974872,163.0,180.0,112.00000000000001,67.99999999999999,29.444863728670907,5.0,11.0,3.0,8.0,3.4641016151377544,3.25,10.0,1.0,9.0,3.897114317029974,7.0,9.0,1.0,8.0,3.4641016151377544,6.75,9.0,0.0,9.0,3.897114317029974,1.1,195.0,3.0,6.0,5.5769,1.0,1193.15,13.0,180.0,3.0,1.0,9.0,9.0
2510.8050000000003,2895.15,1357.77,1537.38,665.7050676350602,56.75,71.0,52.0,19.0,8.227241335952167,131.5,138.0,112.00000000000001,25.999999999999986,11.258330249197696,7.25,11.0,6.0,5.0,2.165063509461097,6.25,10.0,5.0,5.0,2.165063509461097,4.75,6.0,1.0,5.0,2.165063509461097,3.75,5.0,0.0,5.0,2.165063509461097,2.16,145.0,6.0,5.0,7.09243,5.0,2895.15,52.0,138.0,6.0,5.0,6.0,5.0
2402.0550000000003,2750.15,1357.77,1392.38,602.9182258606884,53.75,71.0,48.0,23.0,9.959292143521045,138.25,147.0,112.00000000000001,34.999999999999986,15.15544456622767,6.5,11.0,5.0,6.0,2.598076211353316,5.5,10.0,4.0,6.0,2.598076211353316,5.5,7.0,1.0,6.0,2.598076211353316,4.5,6.0,0.0,6.0,2.598076211353316,1.6,145.0,5.0,5.0,6.75885,4.0,2750.15,48.0,147.0,5.0,4.0,7.0,6.0
1635.5550000000003,1728.15,1357.77,370.3800000000001,160.37924452684024,68.0,71.0,67.0,4.0,1.7320508075688772,110.50000000000001,112.00000000000001,110.00000000000001,2.0,0.8660254037844386,10.25,11.0,10.0,1.0,0.4330127018922193,8.5,10.0,8.0,2.0,0.8660254037844386,1.75,2.0,1.0,1.0,0.4330127018922193,1.5,2.0,0.0,2.0,0.8660254037844386,1.91,135.0,10.0,4.0,7.639878,8.0,1728.15,67.0,110.00000000000001,10.0,8.0,2.0,2.0
2819.0550000000003,3306.15,1357.77,1948.38,843.6732881127623,63.5,71.0,61.0,10.0,4.330127018922194,124.75,129.0,112.00000000000001,16.999999999999986,7.361215932167722,8.75,11.0,8.0,3.0,1.299038105676658,7.0,10.0,6.0,4.0,1.7320508075688772,3.25,4.0,1.0,3.0,1.299038105676658,3.0,4.0,0.0,4.0,1.7320508075688772,2.2,130.0,8.0,6.0,8.43823,6.0,3306.15,61.0,129.0,8.0,6.0,4.0,4.0
789.9014999999999,1357.77,600.612,757.158,327.859031339309,86.0,91.0,71.0,20.0,8.660254037844387,136.0,144.0,112.00000000000001,31.999999999999986,13.856406460551012,5.75,11.0,4.0,7.0,3.031088913245535,10.0,10.0,10.0,0.0,0.0,3.25,4.0,1.0,3.0,1.299038105676658,0.0,0.0,0.0,0.0,0.0,1.8,180.0,14.0,6.0,7.4166799,10.0,600.612,91.0,144.0,4.0,10.0,4.0,0.0
1710.4049999999997,1827.9499999999998,1357.77,470.17999999999984,203.5939121756836,68.75,71.0,68.0,3.0,1.299038105676658,118.0,120.0,112.00000000000001,7.999999999999986,3.4641016151377486,10.25,11.0,10.0,1.0,0.4330127018922193,10.0,10.0,10.0,0.0,0.0,0.25,1.0,0.0,1.0,0.4330127018922193,0.0,0.0,0.0,0.0,0.0,2.2,140.0,10.0,5.0,8.336839,10.0,1827.9499999999998,68.0,120.0,10.0,10.0,0.0,0.0
1870.455,2041.35,1357.77,683.5799999999999,295.99882275948323,69.5,71.0,69.0,2.0,0.8660254037844386,120.25,123.0,112.00000000000001,10.999999999999986,4.763139720814406,10.25,11.0,10.0,1.0,0.4330127018922193,9.25,10.0,9.0,1.0,0.4330127018922193,1.75,2.0,1.0,1.0,0.4330127018922193,0.75,1.0,0.0,1.0,0.4330127018922193,2.2,135.0,10.0,6.0,8.95883,9.0,2041.35,69.0,123.0,10.0,9.0,2.0,1.0
2933.0550000000003,3458.15,1357.77,2100.38,909.4912188003797,60.5,71.0,57.0,14.0,6.06217782649107,126.25,131.0,112.00000000000001,18.999999999999986,8.227241335952161,8.0,11.0,7.0,4.0,1.7320508075688772,6.25,10.0,5.0,5.0,2.165063509461097,4.0,5.0,1.0,4.0,1.7320508075688772,3.75,5.0,0.0,5.0,2.165063509461097,1.9,135.0,7.0,6.0,7.83352,5.0,3458.15,57.0,131.0,7.0,5.0,5.0,5.0
2016.5550000000003,2236.15,1357.77,878.3800000000001,380.3496970880877,65.75,71.0,64.0,7.0,3.031088913245535,121.75,125.0,112.00000000000001,12.999999999999986,5.629165124598845,9.5,11.0,9.0,2.0,0.8660254037844386,8.5,10.0,8.0,2.0,0.8660254037844386,2.5,3.0,1.0,2.0,0.8660254037844386,1.5,2.0,0.0,2.0,0.8660254037844386,2.28,135.0,9.0,5.0,7.4589,8.0,2236.15,64.0,125.0,9.0,8.0,3.0,2.0
2294.0550000000003,2606.15,1357.77,1248.38,540.5643967882088,62.75,71.0,60.0,11.0,4.763139720814412,121.75,125.0,112.00000000000001,12.999999999999986,5.629165124598845,8.75,11.0,8.0,3.0,1.299038105676658,7.75,10.0,7.0,3.0,1.299038105676658,3.25,4.0,1.0,3.0,1.299038105676658,2.25,3.0,0.0,3.0,1.299038105676658,2.2,130.0,8.0,5.0,7.3605,7.0,2606.15,60.0,125.0,8.0,7.0,4.0,3.0
1700.0550000000003,1814.15,1357.77,456.3800000000001,197.61833688957108,26.0,71.0,11.0,60.0,25.98076211353316,139.0,148.0,112.00000000000001,35.999999999999986,15.588457268119889,5.0,11.0,3.0,8.0,3.4641016151377544,3.25,10.0,1.0,9.0,3.897114317029974,7.0,9.0,1.0,8.0,3.4641016151377544,6.75,9.0,0.0,9.0,3.897114317029974,1.36,160.0,3.0,4.0,6.56149,1.0,1814.15,11.0,148.0,3.0,1.0,9.0,9.0
718.2525,1357.77,505.08,852.69,369.2256007764765,85.25,90.0,71.0,19.0,8.227241335952167,133.0,140.0,112.00000000000001,27.999999999999986,12.124355652982135,5.75,11.0,4.0,7.0,3.031088913245535,10.0,10.0,10.0,0.0,0.0,3.25,4.0,1.0,3.0,1.299038105676658,0.0,0.0,0.0,0.0,0.0,1.96,145.0,14.0,5.0,7.343918,10.0,505.08,90.0,140.0,4.0,10.0,4.0,0.0
2807.0550000000003,3290.15,1357.77,1932.38,836.7450848824868,54.5,71.0,49.0,22.0,9.526279441628825,137.5,146.0,112.00000000000001,33.999999999999986,14.722431864335451,6.5,11.0,5.0,6.0,2.598076211353316,4.75,10.0,3.0,7.0,3.031088913245535,5.5,7.0,1.0,6.0,2.598076211353316,5.25,7.0,0.0,7.0,3.031088913245535,1.5,145.0,5.0,6.0,7.549571,3.0,3290.15,49.0,146.0,5.0,3.0,7.0,7.0
2162.0550000000003,2430.15,1357.77,1072.38,464.3541612551782,59.75,71.0,56.0,15.0,6.49519052838329,124.0,128.0,112.00000000000001,15.999999999999986,6.928203230275503,8.0,11.0,7.0,4.0,1.7320508075688772,6.25,10.0,5.0,5.0,2.165063509461097,4.0,5.0,1.0,4.0,1.7320508075688772,3.75,5.0,0.0,5.0,2.165063509461097,2.1,135.0,7.0,5.0,7.11938,5.0,2430.15,56.0,128.0,7.0,5.0,5.0,5.0
1796.8050000000003,1943.15,1357.77,585.3800000000001,253.4769754336674,50.0,71.0,43.0,28.0,12.12435565298214,130.0,136.0,112.00000000000001,23.999999999999986,10.392304845413257,5.75,11.0,4.0,7.0,3.031088913245535,4.0,10.0,2.0,8.0,3.4641016151377544,6.25,8.0,1.0,7.0,3.031088913245535,6.0,8.0,0.0,8.0,3.4641016151377544,1.54,140.0,4.0,4.0,6.82812,2.0,1943.15,43.0,136.0,4.0,2.0,8.0,8.0
772.305,1357.77,577.15,780.62,338.0183753511042,81.5,85.0,71.0,14.0,6.06217782649107,136.0,144.0,112.00000000000001,31.999999999999986,13.856406460551012,5.0,11.0,3.0,8.0,3.4641016151377544,10.0,10.0,10.0,0.0,0.0,4.0,5.0,1.0,4.0,1.7320508075688772,0.0,0.0,0.0,0.0,0.0,1.8,190.0,13.0,6.0,6.1082873,10.0,577.15,85.0,144.0,3.0,10.0,5.0,0.0
1976.8050000000003,2183.15,1357.77,825.3800000000001,357.40002388780005,53.0,71.0,47.0,24.0,10.392304845413264,128.5,134.0,112.00000000000001,21.999999999999986,9.52627944162882,6.5,11.0,5.0,6.0,2.598076211353316,4.75,10.0,3.0,7.0,3.031088913245535,5.5,7.0,1.0,6.0,2.598076211353316,5.25,7.0,0.0,7.0,3.031088913245535,1.63,135.0,5.0,4.0,6.746187,3.0,2183.15,47.0,134.0,5.0,3.0,7.0,7.0
3104.8050000000003,3687.15,1357.77,2329.38,1008.651127533698,57.5,71.0,53.0,18.0,7.794228634059948,130.75,137.0,112.00000000000001,24.999999999999986,10.825317547305477,7.25,11.0,6.0,5.0,2.165063509461097,5.5,10.0,4.0,6.0,2.598076211353316,4.75,6.0,1.0,5.0,2.165063509461097,4.5,6.0,0.0,6.0,2.598076211353316,1.7,135.0,6.0,6.0,7.86403,4.0,3687.15,53.0,137.0,6.0,4.0,6.0,6.0
1685.8050000000003,1795.15,1357.77,437.3800000000001,189.39109555361892,26.75,71.0,12.0,59.0,25.54774941164094,150.25,163.0,112.00000000000001,50.999999999999986,22.08364779650318,5.0,11.0,3.0,8.0,3.4641016151377544,3.25,10.0,1.0,9.0,3.897114317029974,7.0,9.0,1.0,8.0,3.4641016151377544,6.75,9.0,0.0,9.0,3.897114317029974,1.22,180.0,3.0,5.0,6.21726,1.0,1795.15,12.0,163.0,3.0,1.0,9.0,9.0
858.95025,1357.77,692.6769999999999,665.0930000000001,287.9937169396018,75.5,77.0,71.0,6.0,2.598076211353316,116.5,118.0,112.00000000000001,5.999999999999986,2.59807621135331,11.75,12.0,11.0,1.0,0.4330127018922193,10.0,10.0,10.0,0.0,0.0,0.25,1.0,0.0,1.0,0.4330127018922193,0.0,0.0,0.0,0.0,0.0,1.65,135.0,12.0,4.0,9.394197,10.0,692.6769999999999,77.0,118.0,12.0,10.0,0.0,0.0
1934.8050000000003,2127.15,1357.77,769.3800000000001,333.1513125818358,50.75,71.0,44.0,27.0,11.691342951089922,143.5,154.0,112.00000000000001,41.999999999999986,18.186533479473205,5.75,11.0,4.0,7.0,3.031088913245535,4.0,10.0,2.0,8.0,3.4641016151377544,6.25,8.0,1.0,7.0,3.031088913245535,6.0,8.0,0.0,8.0,3.4641016151377544,1.33,155.0,4.0,5.0,6.634126,2.0,2127.15,44.0,154.0,4.0,2.0,8.0,8.0
1434.0911500000002,1811.15,302.91459999999995,1508.2354,653.0850856434922,65.0,83.0,59.0,24.0,10.392304845413264,117.99999999999999,124.0,115.99999999999999,8.000000000000014,3.4641016151377606,6.75,8.0,3.0,5.0,2.165063509461097,7.0,10.0,6.0,4.0,1.7320508075688772,4.25,5.0,4.0,1.0,0.4330127018922193,3.0,4.0,0.0,4.0,1.7320508075688772,1.83,140.0,8.0,4.0,7.9024681,6.0,1811.15,59.0,115.99999999999999,8.0,6.0,4.0,4.0
1984.9,2506.15,1811.15,695.0,300.94382781509245,55.5,59.0,45.0,14.0,6.06217782649107,124.99999999999999,152.0,115.99999999999999,36.000000000000014,15.588457268119901,7.0,8.0,4.0,4.0,1.7320508075688772,5.0,6.0,2.0,4.0,1.7320508075688772,5.0,8.0,4.0,4.0,1.7320508075688772,5.0,8.0,4.0,4.0,1.7320508075688772,1.83,140.0,8.0,4.0,7.9024681,6.0,1811.15,59.0,115.99999999999999,8.0,6.0,4.0,4.0
1465.799625,1811.15,429.7485,1381.4015000000002,598.1643959129647,65.25,84.0,59.0,25.0,10.825317547305483,122.49999999999999,142.0,115.99999999999999,26.000000000000014,11.258330249197709,6.75,8.0,3.0,5.0,2.165063509461097,7.0,10.0,6.0,4.0,1.7320508075688772,4.25,5.0,4.0,1.0,0.4330127018922193,3.0,4.0,0.0,4.0,1.7320508075688772,1.83,140.0,8.0,4.0,7.9024681,6.0,1811.15,59.0,115.99999999999999,8.0,6.0,4.0,4.0
1656.65,1811.15,1193.15,618.0,267.60184976939155,47.5,59.0,13.0,46.0,19.91858428704209,132.0,180.0,115.99999999999999,64.00000000000001,27.712812921102042,6.75,8.0,3.0,5.0,2.165063509461097,4.75,6.0,1.0,5.0,2.165063509461097,5.25,9.0,4.0,5.0,2.165063509461097,5.25,9.0,4.0,5.0,2.165063509461097,1.83,140.0,8.0,4.0,7.9024681,6.0,1811.15,59.0,115.99999999999999,8.0,6.0,4.0,4.0
2082.15,2895.15,1811.15,1084.0,469.3857688511657,57.25,59.0,52.0,7.0,3.031088913245535,121.49999999999999,138.0,115.99999999999999,22.000000000000014,9.526279441628832,7.5,8.0,6.0,2.0,0.8660254037844386,5.75,6.0,5.0,1.0,0.4330127018922193,4.5,6.0,4.0,2.0,0.8660254037844386,4.25,5.0,4.0,1.0,0.4330127018922193,1.83,140.0,8.0,4.0,7.9024681,6.0,1811.15,59.0,115.99999999999999,8.0,6.0,4.0,4.0
2045.9,2750.15,1811.15,939.0,406.5989270767939,56.25,59.0,48.0,11.0,4.763139720814412,123.74999999999999,147.0,115.99999999999999,31.000000000000014,13.423393758658806,7.25,8.0,5.0,3.0,1.299038105676658,5.5,6.0,4.0,2.0,0.8660254037844386,4.75,7.0,4.0,3.0,1.299038105676658,4.5,6.0,4.0,2.0,0.8660254037844386,1.83,140.0,8.0,4.0,7.9024681,6.0,1811.15,59.0,115.99999999999999,8.0,6.0,4.0,4.0
1508.5155000000002,1811.15,600.612,1210.538,524.1783301232035,67.0,91.0,59.0,32.0,13.856406460551018,122.99999999999999,144.0,115.99999999999999,28.000000000000014,12.124355652982148,7.0,8.0,4.0,4.0,1.7320508075688772,7.0,10.0,6.0,4.0,1.7320508075688772,4.0,4.0,4.0,0.0,0.0,3.0,4.0,0.0,4.0,1.7320508075688772,1.83,140.0,8.0,4.0,7.9024681,6.0,1811.15,59.0,115.99999999999999,8.0,6.0,4.0,4.0
1811.9,1814.15,1811.15,3.0,1.299038105676658,47.0,59.0,11.0,48.0,20.784609690826528,123.99999999999999,148.0,115.99999999999999,32.000000000000014,13.856406460551025,6.75,8.0,3.0,5.0,2.165063509461097,4.75,6.0,1.0,5.0,2.165063509461097,5.25,9.0,4.0,5.0,2.165063509461097,5.25,9.0,4.0,5.0,2.165063509461097,1.83,140.0,8.0,4.0,7.9024681,6.0,1811.15,59.0,115.99999999999999,8.0,6.0,4.0,4.0
1484.6325000000002,1811.15,505.08,1306.0700000000002,565.5448995603709,66.75,90.0,59.0,31.0,13.423393758658799,121.99999999999999,140.0,115.99999999999999,24.000000000000014,10.39230484541327,7.0,8.0,4.0,4.0,1.7320508075688772,7.0,10.0,6.0,4.0,1.7320508075688772,4.0,4.0,4.0,0.0,0.0,3.0,4.0,0.0,4.0,1.7320508075688772,1.83,140.0,8.0,4.0,7.9024681,6.0,1811.15,59.0,115.99999999999999,8.0,6.0,4.0,4.0
2180.9,3290.15,1811.15,1479.0,640.4257860985924,56.5,59.0,49.0,10.0,4.330127018922194,123.49999999999999,146.0,115.99999999999999,30.000000000000014,12.990381056766585,7.25,8.0,5.0,3.0,1.299038105676658,5.25,6.0,3.0,3.0,1.299038105676658,4.75,7.0,4.0,3.0,1.299038105676658,4.75,7.0,4.0,3.0,1.299038105676658,1.83,140.0,8.0,4.0,7.9024681,6.0,1811.15,59.0,115.99999999999999,8.0,6.0,4.0,4.0
1844.15,1943.15,1811.15,132.0,57.15767664977295,55.0,59.0,43.0,16.0,6.928203230275509,120.99999999999999,136.0,115.99999999999999,20.000000000000014,8.660254037844393,7.0,8.0,4.0,4.0,1.7320508075688772,5.0,6.0,2.0,4.0,1.7320508075688772,5.0,8.0,4.0,4.0,1.7320508075688772,5.0,8.0,4.0,4.0,1.7320508075688772,1.83,140.0,8.0,4.0,7.9024681,6.0,1811.15,59.0,115.99999999999999,8.0,6.0,4.0,4.0
1502.65,1811.15,577.15,1234.0,534.3376741349987,65.5,85.0,59.0,26.0,11.258330249197702,122.99999999999999,144.0,115.99999999999999,28.000000000000014,12.124355652982148,6.75,8.0,3.0,5.0,2.165063509461097,7.0,10.0,6.0,4.0,1.7320508075688772,4.25,5.0,4.0,1.0,0.4330127018922193,3.0,4.0,0.0,4.0,1.7320508075688772,1.83,140.0,8.0,4.0,7.9024681,6.0,1811.15,59.0,115.99999999999999,8.0,6.0,4.0,4.0
1904.15,2183.15,1811.15,372.0,161.0807251039056,56.0,59.0,47.0,12.0,5.196152422706632,120.49999999999999,134.0,115.99999999999999,18.000000000000014,7.794228634059954,7.25,8.0,5.0,3.0,1.299038105676658,5.25,6.0,3.0,3.0,1.299038105676658,4.75,7.0,4.0,3.0,1.299038105676658,4.75,7.0,4.0,3.0,1.299038105676658,1.83,140.0,8.0,4.0,7.9024681,6.0,1811.15,59.0,115.99999999999999,8.0,6.0,4.0,4.0
2280.15,3687.15,1811.15,1876.0,812.3318287498034,57.5,59.0,53.0,6.0,2.598076211353316,121.24999999999999,137.0,115.99999999999999,21.000000000000014,9.093266739736611,7.5,8.0,6.0,2.0,0.8660254037844386,5.5,6.0,4.0,2.0,0.8660254037844386,4.5,6.0,4.0,2.0,0.8660254037844386,4.5,6.0,4.0,2.0,0.8660254037844386,1.83,140.0,8.0,4.0,7.9024681,6.0,1811.15,59.0,115.99999999999999,8.0,6.0,4.0,4.0
1807.15,1811.15,1795.15,16.0,6.928203230275509,47.25,59.0,12.0,47.0,20.351596988934308,127.74999999999999,163.0,115.99999999999999,47.000000000000014,20.351596988934315,6.75,8.0,3.0,5.0,2.165063509461097,4.75,6.0,1.0,5.0,2.165063509461097,5.25,9.0,4.0,5.0,2.165063509461097,5.25,9.0,4.0,5.0,2.165063509461097,1.83,140.0,8.0,4.0,7.9024681,6.0,1811.15,59.0,115.99999999999999,8.0,6.0,4.0,4.0
1531.53175,1811.15,692.6769999999999,1118.4730000000002,484.31301572349633,63.5,77.0,59.0,18.0,7.794228634059948,116.49999999999999,118.0,115.99999999999999,2.000000000000014,0.8660254037844448,9.0,12.0,8.0,4.0,1.7320508075688772,7.0,10.0,6.0,4.0,1.7320508075688772,3.0,4.0,0.0,4.0,1.7320508075688772,3.0,4.0,0.0,4.0,1.7320508075688772,1.83,140.0,8.0,4.0,7.9024681,6.0,1811.15,59.0,115.99999999999999,8.0,6.0,4.0,4.0
1890.15,2127.15,1811.15,316.0,136.8320137979413,55.25,59.0,44.0,15.0,6.49519052838329,125.49999999999999,154.0,115.99999999999999,38.000000000000014,16.45448267190434,7.0,8.0,4.0,4.0,1.7320508075688772,5.0,6.0,2.0,4.0,1.7320508075688772,5.0,8.0,4.0,4.0,1.7320508075688772,5.0,8.0,4.0,4.0,1.7320508075688772,1.83,140.0,8.0,4.0,7.9024681,6.0,1811.15,59.0,115.99999999999999,8.0,6.0,4.0,4.0
679.97345,1811.15,302.91459999999995,1508.2354,653.0850856434922,77.0,83.0,59.0,24.0,10.392304845413264,122.0,124.0,115.99999999999999,8.000000000000014,3.4641016151377606,4.25,8.0,3.0,5.0,2.165063509461097,9.0,10.0,6.0,4.0,1.7320508075688772,4.75,5.0,4.0,1.0,0.4330127018922193,1.0,4.0,0.0,4.0,1.7320508075688772,1.81,130.0,13.0,4.0,5.999302,10.0,302.91459999999995,83.0,124.0,3.0,10.0,5.0,0.0
628.5282500000001,1811.15,234.32099999999997,1576.8290000000002,682.7869857120064,74.0,79.0,59.0,20.0,8.660254037844387,128.75,133.0,115.99999999999999,17.000000000000014,7.361215932167735,11.0,12.0,8.0,4.0,1.7320508075688772,9.0,10.0,6.0,4.0,1.7320508075688772,1.0,4.0,0.0,4.0,1.7320508075688772,1.0,4.0,0.0,4.0,1.7320508075688772,1.9,150.0,12.0,6.0,10.437504,10.0,234.32099999999997,79.0,133.0,12.0,10.0,0.0,0.0
775.098875,1811.15,429.7485,1381.4015000000002,598.1643959129647,77.75,84.0,59.0,25.0,10.825317547305483,135.5,142.0,115.99999999999999,26.000000000000014,11.258330249197709,4.25,8.0,3.0,5.0,2.165063509461097,9.0,10.0,6.0,4.0,1.7320508075688772,4.75,5.0,4.0,1.0,0.4330127018922193,1.0,4.0,0.0,4.0,1.7320508075688772,1.78,155.0,13.0,5.0,5.7863558,10.0,429.7485,84.0,142.0,3.0,10.0,5.0,0.0
2492.15,2719.15,1811.15,908.0,393.17553331813514,63.5,65.0,59.0,6.0,2.598076211353316,120.5,122.0,115.99999999999999,6.000000000000014,2.5980762113533222,8.75,9.0,8.0,1.0,0.4330127018922193,6.75,7.0,6.0,1.0,0.4330127018922193,3.25,4.0,3.0,1.0,0.4330127018922193,3.25,4.0,3.0,1.0,0.4330127018922193,2.2,135.0,9.0,6.0,8.96702,7.0,2719.15,65.0,122.0,9.0,7.0,3.0,3.0
1347.65,1811.15,1193.15,618.0,267.60184976939155,24.5,59.0,13.0,46.0,19.91858428704209,164.0,180.0,115.99999999999999,64.00000000000001,27.712812921102042,4.25,8.0,3.0,5.0,2.165063509461097,2.25,6.0,1.0,5.0,2.165063509461097,7.75,9.0,4.0,5.0,2.165063509461097,7.75,9.0,4.0,5.0,2.165063509461097,1.1,195.0,3.0,6.0,5.5769,1.0,1193.15,13.0,180.0,3.0,1.0,9.0,9.0
2624.15,2895.15,1811.15,1084.0,469.3857688511657,53.75,59.0,52.0,7.0,3.031088913245535,132.5,138.0,115.99999999999999,22.000000000000014,9.526279441628832,6.5,8.0,6.0,2.0,0.8660254037844386,5.25,6.0,5.0,1.0,0.4330127018922193,5.5,6.0,4.0,2.0,0.8660254037844386,4.75,5.0,4.0,1.0,0.4330127018922193,2.16,145.0,6.0,5.0,7.09243,5.0,2895.15,52.0,138.0,6.0,5.0,6.0,5.0
2515.4,2750.15,1811.15,939.0,406.5989270767939,50.75,59.0,48.0,11.0,4.763139720814412,139.25,147.0,115.99999999999999,31.000000000000014,13.423393758658806,5.75,8.0,5.0,3.0,1.299038105676658,4.5,6.0,4.0,2.0,0.8660254037844386,6.25,7.0,4.0,3.0,1.299038105676658,5.5,6.0,4.0,2.0,0.8660254037844386,1.6,145.0,5.0,5.0,6.75885,4.0,2750.15,48.0,147.0,5.0,4.0,7.0,6.0
1748.9,1811.15,1728.15,83.0,35.94005425705421,65.0,67.0,59.0,8.0,3.4641016151377544,111.50000000000001,115.99999999999999,110.00000000000001,5.999999999999972,2.5980762113533036,9.5,10.0,8.0,2.0,0.8660254037844386,7.5,8.0,6.0,2.0,0.8660254037844386,2.5,4.0,2.0,2.0,0.8660254037844386,2.5,4.0,2.0,2.0,0.8660254037844386,1.91,135.0,10.0,4.0,7.639878,8.0,1728.15,67.0,110.00000000000001,10.0,8.0,2.0,2.0
2932.4,3306.15,1811.15,1495.0,647.3539893288679,60.5,61.0,59.0,2.0,0.8660254037844386,125.75,129.0,115.99999999999999,13.000000000000014,5.629165124598858,8.0,8.0,8.0,0.0,0.0,6.0,6.0,6.0,0.0,0.0,4.0,4.0,4.0,0.0,0.0,4.0,4.0,4.0,0.0,0.0,2.2,130.0,8.0,6.0,8.43823,6.0,3306.15,61.0,129.0,8.0,6.0,4.0,4.0
903.2465,1811.15,600.612,1210.538,524.1783301232035,83.0,91.0,59.0,32.0,13.856406460551018,137.0,144.0,115.99999999999999,28.000000000000014,12.124355652982148,5.0,8.0,4.0,4.0,1.7320508075688772,9.0,10.0,6.0,4.0,1.7320508075688772,4.0,4.0,4.0,0.0,0.0,1.0,4.0,0.0,4.0,1.7320508075688772,1.8,180.0,14.0,6.0,7.4166799,10.0,600.612,91.0,144.0,4.0,10.0,4.0,0.0
1823.75,1827.9499999999998,1811.15,16.799999999999727,7.274613391789167,65.75,68.0,59.0,9.0,3.897114317029974,119.0,120.0,115.99999999999999,4.000000000000014,1.7320508075688834,9.5,10.0,8.0,2.0,0.8660254037844386,9.0,10.0,6.0,4.0,1.7320508075688772,1.0,4.0,0.0,4.0,1.7320508075688772,1.0,4.0,0.0,4.0,1.7320508075688772,2.2,140.0,10.0,5.0,8.336839,10.0,1827.9499999999998,68.0,120.0,10.0,10.0,0.0,0.0
1983.7999999999997,2041.35,1811.15,230.19999999999982,99.67952397558881,66.5,69.0,59.0,10.0,4.330127018922194,121.25,123.0,115.99999999999999,7.000000000000014,3.0310889132455414,9.5,10.0,8.0,2.0,0.8660254037844386,8.25,9.0,6.0,3.0,1.299038105676658,2.5,4.0,2.0,2.0,0.8660254037844386,1.75,4.0,1.0,3.0,1.299038105676658,2.2,135.0,10.0,6.0,8.95883,9.0,2041.35,69.0,123.0,10.0,9.0,2.0,1.0
3046.4,3458.15,1811.15,1647.0,713.1719200164853,57.5,59.0,57.0,2.0,0.8660254037844386,127.25,131.0,115.99999999999999,15.000000000000014,6.495190528383296,7.25,8.0,7.0,1.0,0.4330127018922193,5.25,6.0,5.0,1.0,0.4330127018922193,4.75,5.0,4.0,1.0,0.4330127018922193,4.75,5.0,4.0,1.0,0.4330127018922193,1.9,135.0,7.0,6.0,7.83352,5.0,3458.15,57.0,131.0,7.0,5.0,5.0,5.0
2129.9,2236.15,1811.15,425.0,184.0303983041932,62.75,64.0,59.0,5.0,2.165063509461097,122.75,125.0,115.99999999999999,9.000000000000014,3.8971143170299802,8.75,9.0,8.0,1.0,0.4330127018922193,7.5,8.0,6.0,2.0,0.8660254037844386,3.25,4.0,3.0,1.0,0.4330127018922193,2.5,4.0,2.0,2.0,0.8660254037844386,2.28,135.0,9.0,5.0,7.4589,8.0,2236.15,64.0,125.0,9.0,8.0,3.0,2.0
2407.4,2606.15,1811.15,795.0,344.24509800431434,59.75,60.0,59.0,1.0,0.4330127018922193,122.75,125.0,115.99999999999999,9.000000000000014,3.8971143170299802,8.0,8.0,8.0,0.0,0.0,6.75,7.0,6.0,1.0,0.4330127018922193,4.0,4.0,4.0,0.0,0.0,3.25,4.0,3.0,1.0,0.4330127018922193,2.2,130.0,8.0,5.0,7.3605,7.0,2606.15,60.0,125.0,8.0,7.0,4.0,3.0
1813.4,1814.15,1811.15,3.0,1.299038105676658,23.0,59.0,11.0,48.0,20.784609690826528,140.0,148.0,115.99999999999999,32.000000000000014,13.856406460551025,4.25,8.0,3.0,5.0,2.165063509461097,2.25,6.0,1.0,5.0,2.165063509461097,7.75,9.0,4.0,5.0,2.165063509461097,7.75,9.0,4.0,5.0,2.165063509461097,1.36,160.0,3.0,4.0,6.56149,1.0,1814.15,11.0,148.0,3.0,1.0,9.0,9.0
831.5975000000001,1811.15,505.08,1306.0700000000002,565.5448995603709,82.25,90.0,59.0,31.0,13.423393758658799,134.0,140.0,115.99999999999999,24.000000000000014,10.39230484541327,5.0,8.0,4.0,4.0,1.7320508075688772,9.0,10.0,6.0,4.0,1.7320508075688772,4.0,4.0,4.0,0.0,0.0,1.0,4.0,0.0,4.0,1.7320508075688772,1.96,145.0,14.0,5.0,7.343918,10.0,505.08,90.0,140.0,4.0,10.0,4.0,0.0
2920.4,3290.15,1811.15,1479.0,640.4257860985924,51.5,59.0,49.0,10.0,4.330127018922194,138.5,146.0,115.99999999999999,30.000000000000014,12.990381056766585,5.75,8.0,5.0,3.0,1.299038105676658,3.75,6.0,3.0,3.0,1.299038105676658,6.25,7.0,4.0,3.0,1.299038105676658,6.25,7.0,4.0,3.0,1.299038105676658,1.5,145.0,5.0,6.0,7.549571,3.0,3290.15,49.0,146.0,5.0,3.0,7.0,7.0
2275.4,2430.15,1811.15,619.0,268.03486247128376,56.75,59.0,56.0,3.0,1.299038105676658,125.0,128.0,115.99999999999999,12.000000000000014,5.196152422706638,7.25,8.0,7.0,1.0,0.4330127018922193,5.25,6.0,5.0,1.0,0.4330127018922193,4.75,5.0,4.0,1.0,0.4330127018922193,4.75,5.0,4.0,1.0,0.4330127018922193,2.1,135.0,7.0,5.0,7.11938,5.0,2430.15,56.0,128.0,7.0,5.0,5.0,5.0
3218.15,3687.15,1811.15,1876.0,812.3318287498034,54.5,59.0,53.0,6.0,2.598076211353316,131.75,137.0,115.99999999999999,21.000000000000014,9.093266739736611,6.5,8.0,6.0,2.0,0.8660254037844386,4.5,6.0,4.0,2.0,0.8660254037844386,5.5,6.0,4.0,2.0,0.8660254037844386,5.5,6.0,4.0,2.0,0.8660254037844386,1.7,135.0,6.0,6.0,7.86403,4.0,3687.15,53.0,137.0,6.0,4.0,6.0,6.0
972.29525,1811.15,692.6769999999999,1118.4730000000002,484.3130157234963,72.5,77.0,59.0,18.0,7.794228634059948,117.5,118.0,115.99999999999999,2.000000000000014,0.8660254037844448,11.0,12.0,8.0,4.0,1.7320508075688772,9.0,10.0,6.0,4.0,1.7320508075688772,1.0,4.0,0.0,4.0,1.7320508075688772,1.0,4.0,0.0,4.0,1.7320508075688772,1.65,135.0,12.0,4.0,9.394197,10.0,692.6769999999999,77.0,118.0,12.0,10.0,0.0,0.0
2048.15,2127.15,1811.15,316.0,136.8320137979413,47.75,59.0,44.0,15.0,6.49519052838329,144.5,154.0,115.99999999999999,38.000000000000014,16.45448267190434,5.0,8.0,4.0,4.0,1.7320508075688772,3.0,6.0,2.0,4.0,1.7320508075688772,7.0,8.0,4.0,4.0,1.7320508075688772,7.0,8.0,4.0,4.0,1.7320508075688772,1.33,155.0,4.0,5.0,6.634126,2.0,2127.15,44.0,154.0,4.0,2.0,8.0,8.0
853.72345,2506.15,302.91459999999995,2203.2354,954.0289134585846,73.5,83.0,45.0,38.0,16.454482671904334,131.0,152.0,124.0,28.0,12.12435565298214,3.25,4.0,3.0,1.0,0.4330127018922193,8.0,10.0,2.0,8.0,3.4641016151377544,5.75,8.0,5.0,3.0,1.299038105676658,2.0,8.0,0.0,8.0,3.4641016151377544,1.81,130.0,13.0,4.0,5.999302,10.0,302.91459999999995,83.0,124.0,3.0,10.0,5.0,0.0
285.76619999999997,302.91459999999995,234.32099999999997,68.59359999999998,29.701900068514128,82.0,83.0,79.0,4.0,1.7320508075688772,126.25,133.0,124.0,9.0,3.897114317029974,5.25,12.0,3.0,9.0,3.897114317029974,10.0,10.0,10.0,0.0,0.0,3.75,5.0,0.0,5.0,2.165063509461097,0.0,0.0,0.0,0.0,0.0,1.81,130.0,13.0,4.0,5.999302,10.0,302.91459999999995,83.0,124.0,3.0,10.0,5.0,0.0
334.623075,429.7485,302.91459999999995,126.83390000000003,54.92068973052757,83.25,84.0,83.0,1.0,0.4330127018922193,128.5,142.0,124.0,18.0,7.794228634059948,3.0,3.0,3.0,0.0,0.0,10.0,10.0,10.0,0.0,0.0,5.0,5.0,5.0,0.0,0.0,0.0,0.0,0.0,0.0,0.0,1.81,130.0,13.0,4.0,5.999302,10.0,302.91459999999995,83.0,124.0,3.0,10.0,5.0,0.0
906.97345,2719.15,302.91459999999995,2416.2354,1046.2606189616274,78.5,83.0,65.0,18.0,7.794228634059948,123.5,124.0,122.0,2.0,0.8660254037844386,4.5,9.0,3.0,6.0,2.598076211353316,9.25,10.0,7.0,3.0,1.299038105676658,4.5,5.0,3.0,2.0,0.8660254037844386,0.75,3.0,0.0,3.0,1.299038105676658,1.81,130.0,13.0,4.0,5.999302,10.0,302.91459999999995,83.0,124.0,3.0,10.0,5.0,0.0
525.47345,1193.15,302.91459999999995,890.2354000000001,385.48323587410067,65.5,83.0,13.0,70.0,30.31088913245535,138.0,180.0,124.0,56.0,24.24871130596428,3.0,3.0,3.0,0.0,0.0,7.75,10.0,1.0,9.0,3.897114317029974,6.0,9.0,5.0,4.0,1.7320508075688772,2.25,9.0,0.0,9.0,3.897114317029974,1.81,130.0,13.0,4.0,5.999302,10.0,302.91459999999995,83.0,124.0,3.0,10.0,5.0,0.0
606.97345,1519.15,302.91459999999995,1216.2354,526.6453766909642,76.0,83.0,55.0,28.0,12.12435565298214,122.75,124.0,119.0,5.0,2.165063509461097,4.0,7.0,3.0,4.0,1.7320508075688772,8.75,10.0,5.0,5.0,2.165063509461097,5.0,5.0,5.0,0.0,0.0,1.25,5.0,0.0,5.0,2.165063509461097,1.81,130.0,13.0,4.0,5.999302,10.0,302.91459999999995,83.0,124.0,3.0,10.0,5.0,0.0
950.97345,2895.15,302.91459999999995,2592.2354,1122.470854494658,75.25,83.0,52.0,31.0,13.423393758658799,127.5,138.0,124.0,14.0,6.06217782649107,3.75,6.0,3.0,3.0,1.299038105676658,8.75,10.0,5.0,5.0,2.165063509461097,5.25,6.0,5.0,1.0,0.4330127018922193,1.25,5.0,0.0,5.0,2.165063509461097,1.81,130.0,13.0,4.0,5.999302,10.0,302.91459999999995,83.0,124.0,3.0,10.0,5.0,0.0
914.72345,2750.15,302.91459999999995,2447.2354,1059.684012720286,74.25,83.0,48.0,35.0,15.155444566227676,129.75,147.0,124.0,23.0,9.959292143521045,3.5,5.0,3.0,2.0,0.8660254037844386,8.5,10.0,4.0,6.0,2.598076211353316,5.5,7.0,5.0,2.0,0.8660254037844386,1.5,6.0,0.0,6.0,2.598076211353316,1.81,130.0,13.0,4.0,5.999302,10.0,302.91459999999995,83.0,124.0,3.0,10.0,5.0,0.0
659.22345,1728.15,302.91459999999995,1425.2354,617.1450313864381,79.0,83.0,67.0,16.0,6.928203230275509,120.5,124.0,110.00000000000001,13.999999999999986,6.062177826491065,4.75,10.0,3.0,7.0,3.031088913245535,9.5,10.0,8.0,2.0,0.8660254037844386,4.25,5.0,2.0,3.0,1.299038105676658,0.5,2.0,0.0,2.0,0.8660254037844386,1.81,130.0,13.0,4.0,5.999302,10.0,302.91459999999995,83.0,124.0,3.0,10.0,5.0,0.0
1053.72345,3306.15,302.91459999999995,3003.2354,1300.4390749723602,77.5,83.0,61.0,22.0,9.526279441628825,125.25,129.0,124.0,5.0,2.165063509461097,4.25,8.0,3.0,5.0,2.165063509461097,9.0,10.0,6.0,4.0,1.7320508075688772,4.75,5.0,4.0,1.0,0.4330127018922193,1.0,4.0,0.0,4.0,1.7320508075688772,1.81,130.0,13.0,4.0,5.999302,10.0,302.91459999999995,83.0,124.0,3.0,10.0,5.0,0.0
377.33894999999995,600.612,302.91459999999995,297.6974,128.90675552028878,85.0,91.0,83.0,8.0,3.4641016151377544,129.0,144.0,124.0,20.0,8.660254037844387,3.25,4.0,3.0,1.0,0.4330127018922193,10.0,10.0,10.0,0.0,0.0,4.75,5.0,4.0,1.0,0.4330127018922193,0.0,0.0,0.0,0.0,0.0,1.81,130.0,13.0,4.0,5.999302,10.0,302.91459999999995,83.0,124.0,3.0,10.0,5.0,0.0
684.1734499999999,1827.9499999999998,302.91459999999995,1525.0353999999998,660.3596990352814,79.25,83.0,68.0,15.0,6.49519052838329,123.0,124.0,120.0,4.0,1.7320508075688772,4.75,10.0,3.0,7.0,3.031088913245535,10.0,10.0,10.0,0.0,0.0,3.75,5.0,0.0,5.0,2.165063509461097,0.0,0.0,0.0,0.0,0.0,1.81,130.0,13.0,4.0,5.999302,10.0,302.91459999999995,83.0,124.0,3.0,10.0,5.0,0.0
737.5234499999999,2041.35,302.91459999999995,1738.4353999999998,752.764609619081,79.5,83.0,69.0,14.0,6.06217782649107,123.75,124.0,123.0,1.0,0.4330127018922193,4.75,10.0,3.0,7.0,3.031088913245535,9.75,10.0,9.0,1.0,0.4330127018922193,4.25,5.0,2.0,3.0,1.299038105676658,0.25,1.0,0.0,1.0,0.4330127018922193,1.81,130.0,13.0,4.0,5.999302,10.0,302.91459999999995,83.0,124.0,3.0,10.0,5.0,0.0
1091.72345,3458.15,302.91459999999995,3155.2354,1366.2570056599775,76.5,83.0,57.0,26.0,11.258330249197702,125.75,131.0,124.0,7.0,3.031088913245535,4.0,7.0,3.0,4.0,1.7320508075688772,8.75,10.0,5.0,5.0,2.165063509461097,5.0,5.0,5.0,0.0,0.0,1.25,5.0,0.0,5.0,2.165063509461097,1.81,130.0,13.0,4.0,5.999302,10.0,302.91459999999995,83.0,124.0,3.0,10.0,5.0,0.0
786.22345,2236.15,302.91459999999995,1933.2354,837.1154839476854,78.25,83.0,64.0,19.0,8.227241335952167,124.25,125.0,124.0,1.0,0.4330127018922193,4.5,9.0,3.0,6.0,2.598076211353316,9.5,10.0,8.0,2.0,0.8660254037844386,4.5,5.0,3.0,2.0,0.8660254037844386,0.5,2.0,0.0,2.0,0.8660254037844386,1.81,130.0,13.0,4.0,5.999302,10.0,302.91459999999995,83.0,124.0,3.0,10.0,5.0,0.0
878.72345,2606.15,302.91459999999995,2303.2354,997.3301836478066,77.25,83.0,60.0,23.0,9.959292143521045,124.25,125.0,124.0,1.0,0.4330127018922193,4.25,8.0,3.0,5.0,2.165063509461097,9.25,10.0,7.0,3.0,1.299038105676658,4.75,5.0,4.0,1.0,0.4330127018922193,0.75,3.0,0.0,3.0,1.299038105676658,1.81,130.0,13.0,4.0,5.999302,10.0,302.91459999999995,83.0,124.0,3.0,10.0,5.0,0.0
680.72345,1814.15,302.91459999999995,1511.2354,654.3841237491689,65.0,83.0,11.0,72.0,31.176914536239792,130.0,148.0,124.0,24.0,10.392304845413264,3.0,3.0,3.0,0.0,0.0,7.75,10.0,1.0,9.0,3.897114317029974,6.0,9.0,5.0,4.0,1.7320508075688772,2.25,9.0,0.0,9.0,3.897114317029974,1.81,130.0,13.0,4.0,5.999302,10.0,302.91459999999995,83.0,124.0,3.0,10.0,5.0,0.0
353.45595,505.08,302.91459999999995,202.16540000000003,87.5401860831213,84.75,90.0,83.0,7.0,3.031088913245535,128.0,140.0,124.0,16.0,6.928203230275509,3.25,4.0,3.0,1.0,0.4330127018922193,10.0,10.0,10.0,0.0,0.0,4.75,5.0,4.0,1.0,0.4330127018922193,0.0,0.0,0.0,0.0,0.0,1.81,130.0,13.0,4.0,5.999302,10.0,302.91459999999995,83.0,124.0,3.0,10.0,5.0,0.0
1049.72345,3290.15,302.91459999999995,2987.2354,1293.5108717420846,74.5,83.0,49.0,34.0,14.722431864335457,129.5,146.0,124.0,22.0,9.526279441628825,3.5,5.0,3.0,2.0,0.8660254037844386,8.25,10.0,3.0,7.0,3.031088913245535,5.5,7.0,5.0,2.0,0.8660254037844386,1.75,7.0,0.0,7.0,3.031088913245535,1.81,130.0,13.0,4.0,5.999302,10.0,302.91459999999995,83.0,124.0,3.0,10.0,5.0,0.0
834.72345,2430.15,302.91459999999995,2127.2354,921.119948114776,76.25,83.0,56.0,27.0,11.691342951089922,125.0,128.0,124.0,4.0,1.7320508075688772,4.0,7.0,3.0,4.0,1.7320508075688772,8.75,10.0,5.0,5.0,2.165063509461097,5.0,5.0,5.0,0.0,0.0,1.25,5.0,0.0,5.0,2.165063509461097,1.81,130.0,13.0,4.0,5.999302,10.0,302.91459999999995,83.0,124.0,3.0,10.0,5.0,0.0
712.97345,1943.15,302.91459999999995,1640.2354,710.2427622932652,73.0,83.0,43.0,40.0,17.320508075688775,127.0,136.0,124.0,12.0,5.196152422706632,3.25,4.0,3.0,1.0,0.4330127018922193,8.0,10.0,2.0,8.0,3.4641016151377544,5.75,8.0,5.0,3.0,1.299038105676658,2.0,8.0,0.0,8.0,3.4641016151377544,1.81,130.0,13.0,4.0,5.999302,10.0,302.91459999999995,83.0,124.0,3.0,10.0,5.0,0.0
371.47344999999996,577.15,302.91459999999995,274.2354,118.74741150849354,83.5,85.0,83.0,2.0,0.8660254037844386,129.0,144.0,124.0,20.0,8.660254037844387,3.0,3.0,3.0,0.0,0.0,10.0,10.0,10.0,0.0,0.0,5.0,5.0,5.0,0.0,0.0,0.0,0.0,0.0,0.0,0.0,1.81,130.0,13.0,4.0,5.999302,10.0,302.91459999999995,83.0,124.0,3.0,10.0,5.0,0.0
772.97345,2183.15,302.91459999999995,1880.2354,814.1658107473978,74.0,83.0,47.0,36.0,15.588457268119896,126.5,134.0,124.0,10.0,4.330127018922194,3.5,5.0,3.0,2.0,0.8660254037844386,8.25,10.0,3.0,7.0,3.031088913245535,5.5,7.0,5.0,2.0,0.8660254037844386,1.75,7.0,0.0,7.0,3.031088913245535,1.81,130.0,13.0,4.0,5.999302,10.0,302.91459999999995,83.0,124.0,3.0,10.0,5.0,0.0
1148.97345,3687.15,302.91459999999995,3384.2354,1465.4169143932957,75.5,83.0,53.0,30.0,12.99038105676658,127.25,137.0,124.0,13.0,5.629165124598851,3.75,6.0,3.0,3.0,1.299038105676658,8.5,10.0,4.0,6.0,2.598076211353316,5.25,6.0,5.0,1.0,0.4330127018922193,1.5,6.0,0.0,6.0,2.598076211353316,1.81,130.0,13.0,4.0,5.999302,10.0,302.91459999999995,83.0,124.0,3.0,10.0,5.0,0.0
675.97345,1795.15,302.91459999999995,1492.2354,646.1568824132167,65.25,83.0,12.0,71.0,30.74390183434757,133.75,163.0,124.0,39.0,16.887495373796554,3.0,3.0,3.0,0.0,0.0,7.75,10.0,1.0,9.0,3.897114317029974,6.0,9.0,5.0,4.0,1.7320508075688772,2.25,9.0,0.0,9.0,3.897114317029974,1.81,130.0,13.0,4.0,5.999302,10.0,302.91459999999995,83.0,124.0,3.0,10.0,5.0,0.0
400.35519999999997,692.6769999999999,302.91459999999995,389.76239999999996,168.77206991999591,81.5,83.0,77.0,6.0,2.598076211353316,122.5,124.0,118.0,6.0,2.598076211353316,5.25,12.0,3.0,9.0,3.897114317029974,10.0,10.0,10.0,0.0,0.0,3.75,5.0,0.0,5.0,2.165063509461097,0.0,0.0,0.0,0.0,0.0,1.81,130.0,13.0,4.0,5.999302,10.0,302.91459999999995,83.0,124.0,3.0,10.0,5.0,0.0
758.97345,2127.15,302.91459999999995,1824.2354,789.9170994414335,73.25,83.0,44.0,39.0,16.887495373796554,131.5,154.0,124.0,30.0,12.99038105676658,3.25,4.0,3.0,1.0,0.4330127018922193,8.0,10.0,2.0,8.0,3.4641016151377544,5.75,8.0,5.0,3.0,1.299038105676658,2.0,8.0,0.0,8.0,3.4641016151377544,1.81,130.0,13.0,4.0,5.999302,10.0,302.91459999999995,83.0,124.0,3.0,10.0,5.0,0.0
1955.3411500000002,2506.15,302.91459999999995,2203.2354,954.0289134585846,54.5,83.0,45.0,38.0,16.454482671904334,145.0,152.0,124.0,28.0,12.12435565298214,3.75,4.0,3.0,1.0,0.4330127018922193,4.0,10.0,2.0,8.0,3.4641016151377544,7.25,8.0,5.0,3.0,1.299038105676658,6.0,8.0,0.0,8.0,3.4641016151377544,1.3,155.0,4.0,6.0,6.82507,2.0,2506.15,45.0,152.0,4.0,2.0,8.0,8.0
251.46939999999998,302.91459999999995,234.32099999999997,68.59359999999998,29.701900068514128,80.0,83.0,79.0,4.0,1.7320508075688772,130.75,133.0,124.0,9.0,3.897114317029974,9.75,12.0,3.0,9.0,3.897114317029974,10.0,10.0,10.0,0.0,0.0,1.25,5.0,0.0,5.0,2.165063509461097,0.0,0.0,0.0,0.0,0.0,1.9,150.0,12.0,6.0,10.437504,10.0,234.32099999999997,79.0,133.0,12.0,10.0,0.0,0.0
398.040025,429.7485,302.91459999999995,126.83390000000003,54.92068973052757,83.75,84.0,83.0,1.0,0.4330127018922193,137.5,142.0,124.0,18.0,7.794228634059948,3.0,3.0,3.0,0.0,0.0,10.0,10.0,10.0,0.0,0.0,5.0,5.0,5.0,0.0,0.0,0.0,0.0,0.0,0.0,0.0,1.78,155.0,13.0,5.0,5.7863558,10.0,429.7485,84.0,142.0,3.0,10.0,5.0,0.0
2115.09115,2719.15,302.91459999999995,2416.2354,1046.2606189616274,69.5,83.0,65.0,18.0,7.794228634059948,122.5,124.0,122.0,2.0,0.8660254037844386,7.5,9.0,3.0,6.0,2.598076211353316,7.75,10.0,7.0,3.0,1.299038105676658,3.5,5.0,3.0,2.0,0.8660254037844386,2.25,3.0,0.0,3.0,1.299038105676658,2.2,135.0,9.0,6.0,8.96702,7.0,2719.15,65.0,122.0,9.0,7.0,3.0,3.0
970.5911500000001,1193.15,302.91459999999995,890.2354000000001,385.48323587410067,30.5,83.0,13.0,70.0,30.31088913245535,166.0,180.0,124.0,56.0,24.24871130596428,3.0,3.0,3.0,0.0,0.0,3.25,10.0,1.0,9.0,3.897114317029974,8.0,9.0,5.0,4.0,1.7320508075688772,6.75,9.0,0.0,9.0,3.897114317029974,1.1,195.0,3.0,6.0,5.5769,1.0,1193.15,13.0,180.0,3.0,1.0,9.0,9.0
2247.09115,2895.15,302.91459999999995,2592.2354,1122.470854494658,59.75,83.0,52.0,31.0,13.423393758658799,134.5,138.0,124.0,14.0,6.06217782649107,5.25,6.0,3.0,3.0,1.299038105676658,6.25,10.0,5.0,5.0,2.165063509461097,5.75,6.0,5.0,1.0,0.4330127018922193,3.75,5.0,0.0,5.0,2.165063509461097,2.16,145.0,6.0,5.0,7.09243,5.0,2895.15,52.0,138.0,6.0,5.0,6.0,5.0
2138.34115,2750.15,302.91459999999995,2447.2354,1059.684012720286,56.75,83.0,48.0,35.0,15.155444566227676,141.25,147.0,124.0,23.0,9.959292143521045,4.5,5.0,3.0,2.0,0.8660254037844386,5.5,10.0,4.0,6.0,2.598076211353316,6.5,7.0,5.0,2.0,0.8660254037844386,4.5,6.0,0.0,6.0,2.598076211353316,1.6,145.0,5.0,5.0,6.75885,4.0,2750.15,48.0,147.0,5.0,4.0,7.0,6.0
1371.8411500000002,1728.15,302.91459999999995,1425.2354,617.145031386438,71.0,83.0,67.0,16.0,6.928203230275509,113.50000000000001,124.0,110.00000000000001,13.999999999999986,6.062177826491065,8.25,10.0,3.0,7.0,3.031088913245535,8.5,10.0,8.0,2.0,0.8660254037844386,2.75,5.0,2.0,3.0,1.299038105676658,1.5,2.0,0.0,2.0,0.8660254037844386,1.91,135.0,10.0,4.0,7.639878,8.0,1728.15,67.0,110.00000000000001,10.0,8.0,2.0,2.0
2555.34115,3306.15,302.91459999999995,3003.2354,1300.43907497236,66.5,83.0,61.0,22.0,9.526279441628825,127.75,129.0,124.0,5.0,2.165063509461097,6.75,8.0,3.0,5.0,2.165063509461097,7.0,10.0,6.0,4.0,1.7320508075688772,4.25,5.0,4.0,1.0,0.4330127018922193,3.0,4.0,0.0,4.0,1.7320508075688772,2.2,130.0,8.0,6.0,8.43823,6.0,3306.15,61.0,129.0,8.0,6.0,4.0,4.0
526.18765,600.612,302.91459999999995,297.6974,128.90675552028878,89.0,91.0,83.0,8.0,3.4641016151377544,139.0,144.0,124.0,20.0,8.660254037844387,3.75,4.0,3.0,1.0,0.4330127018922193,10.0,10.0,10.0,0.0,0.0,4.25,5.0,4.0,1.0,0.4330127018922193,0.0,0.0,0.0,0.0,0.0,1.8,180.0,14.0,6.0,7.4166799,10.0,600.612,91.0,144.0,4.0,10.0,4.0,0.0
1446.6911499999999,1827.9499999999998,302.91459999999995,1525.0353999999998,660.3596990352814,71.75,83.0,68.0,15.0,6.49519052838329,121.0,124.0,120.0,4.0,1.7320508075688772,8.25,10.0,3.0,7.0,3.031088913245535,10.0,10.0,10.0,0.0,0.0,1.25,5.0,0.0,5.0,2.165063509461097,0.0,0.0,0.0,0.0,0.0,2.2,140.0,10.0,5.0,8.336839,10.0,1827.9499999999998,68.0,120.0,10.0,10.0,0.0,0.0
1606.7411499999998,2041.35,302.91459999999995,1738.4353999999998,752.764609619081,72.5,83.0,69.0,14.0,6.06217782649107,123.25,124.0,123.0,1.0,0.4330127018922193,8.25,10.0,3.0,7.0,3.031088913245535,9.25,10.0,9.0,1.0,0.4330127018922193,2.75,5.0,2.0,3.0,1.299038105676658,0.75,1.0,0.0,1.0,0.4330127018922193,2.2,135.0,10.0,6.0,8.95883,9.0,2041.35,69.0,123.0,10.0,9.0,2.0,1.0
2669.34115,3458.15,302.91459999999995,3155.2354,1366.2570056599773,63.5,83.0,57.0,26.0,11.258330249197702,129.25,131.0,124.0,7.0,3.031088913245535,6.0,7.0,3.0,4.0,1.7320508075688772,6.25,10.0,5.0,5.0,2.165063509461097,5.0,5.0,5.0,0.0,0.0,3.75,5.0,0.0,5.0,2.165063509461097,1.9,135.0,7.0,6.0,7.83352,5.0,3458.15,57.0,131.0,7.0,5.0,5.0,5.0
1752.8411500000002,2236.15,302.91459999999995,1933.2354,837.1154839476853,68.75,83.0,64.0,19.0,8.227241335952167,124.75,125.0,124.0,1.0,0.4330127018922193,7.5,9.0,3.0,6.0,2.598076211353316,8.5,10.0,8.0,2.0,0.8660254037844386,3.5,5.0,3.0,2.0,0.8660254037844386,1.5,2.0,0.0,2.0,0.8660254037844386,2.28,135.0,9.0,5.0,7.4589,8.0,2236.15,64.0,125.0,9.0,8.0,3.0,2.0
2030.3411500000002,2606.15,302.91459999999995,2303.2354,997.3301836478065,65.75,83.0,60.0,23.0,9.959292143521045,124.75,125.0,124.0,1.0,0.4330127018922193,6.75,8.0,3.0,5.0,2.165063509461097,7.75,10.0,7.0,3.0,1.299038105676658,4.25,5.0,4.0,1.0,0.4330127018922193,2.25,3.0,0.0,3.0,1.299038105676658,2.2,130.0,8.0,5.0,7.3605,7.0,2606.15,60.0,125.0,8.0,7.0,4.0,3.0
1436.3411500000002,1814.15,302.91459999999995,1511.2354,654.3841237491689,29.0,83.0,11.0,72.0,31.176914536239792,142.0,148.0,124.0,24.0,10.392304845413264,3.0,3.0,3.0,0.0,0.0,3.25,10.0,1.0,9.0,3.897114317029974,8.0,9.0,5.0,4.0,1.7320508075688772,6.75,9.0,0.0,9.0,3.897114317029974,1.36,160.0,3.0,4.0,6.56149,1.0,1814.15,11.0,148.0,3.0,1.0,9.0,9.0
454.53864999999996,505.08,302.91459999999995,202.16540000000003,87.5401860831213,88.25,90.0,83.0,7.0,3.031088913245535,136.0,140.0,124.0,16.0,6.928203230275509,3.75,4.0,3.0,1.0,0.4330127018922193,10.0,10.0,10.0,0.0,0.0,4.25,5.0,4.0,1.0,0.4330127018922193,0.0,0.0,0.0,0.0,0.0,1.96,145.0,14.0,5.0,7.343918,10.0,505.08,90.0,140.0,4.0,10.0,4.0,0.0
2543.34115,3290.15,302.91459999999995,2987.2354,1293.5108717420846,57.5,83.0,49.0,34.0,14.722431864335457,140.5,146.0,124.0,22.0,9.526279441628825,4.5,5.0,3.0,2.0,0.8660254037844386,4.75,10.0,3.0,7.0,3.031088913245535,6.5,7.0,5.0,2.0,0.8660254037844386,5.25,7.0,0.0,7.0,3.031088913245535,1.5,145.0,5.0,6.0,7.549571,3.0,3290.15,49.0,146.0,5.0,3.0,7.0,7.0
1898.3411500000002,2430.15,302.91459999999995,2127.2354,921.1199481147759,62.75,83.0,56.0,27.0,11.691342951089922,127.0,128.0,124.0,4.0,1.7320508075688772,6.0,7.0,3.0,4.0,1.7320508075688772,6.25,10.0,5.0,5.0,2.165063509461097,5.0,5.0,5.0,0.0,0.0,3.75,5.0,0.0,5.0,2.165063509461097,2.1,135.0,7.0,5.0,7.11938,5.0,2430.15,56.0,128.0,7.0,5.0,5.0,5.0
1533.0911500000002,1943.15,302.91459999999995,1640.2354,710.2427622932652,53.0,83.0,43.0,40.0,17.320508075688775,133.0,136.0,124.0,12.0,5.196152422706632,3.75,4.0,3.0,1.0,0.4330127018922193,4.0,10.0,2.0,8.0,3.4641016151377544,7.25,8.0,5.0,3.0,1.299038105676658,6.0,8.0,0.0,8.0,3.4641016151377544,1.54,140.0,4.0,4.0,6.82812,2.0,1943.15,43.0,136.0,4.0,2.0,8.0,8.0
508.59114999999997,577.15,302.91459999999995,274.2354,118.74741150849354,84.5,85.0,83.0,2.0,0.8660254037844386,139.0,144.0,124.0,20.0,8.660254037844387,3.0,3.0,3.0,0.0,0.0,10.0,10.0,10.0,0.0,0.0,5.0,5.0,5.0,0.0,0.0,0.0,0.0,0.0,0.0,0.0,1.8,190.0,13.0,6.0,6.1082873,10.0,577.15,85.0,144.0,3.0,10.0,5.0,0.0
1713.0911500000002,2183.15,302.91459999999995,1880.2354,814.1658107473978,56.0,83.0,47.0,36.0,15.588457268119896,131.5,134.0,124.0,10.0,4.330127018922194,4.5,5.0,3.0,2.0,0.8660254037844386,4.75,10.0,3.0,7.0,3.031088913245535,6.5,7.0,5.0,2.0,0.8660254037844386,5.25,7.0,0.0,7.0,3.031088913245535,1.63,135.0,5.0,4.0,6.746187,3.0,2183.15,47.0,134.0,5.0,3.0,7.0,7.0
2841.09115,3687.15,302.91459999999995,3384.2354,1465.4169143932957,60.5,83.0,53.0,30.0,12.99038105676658,133.75,137.0,124.0,13.0,5.629165124598851,5.25,6.0,3.0,3.0,1.299038105676658,5.5,10.0,4.0,6.0,2.598076211353316,5.75,6.0,5.0,1.0,0.4330127018922193,4.5,6.0,0.0,6.0,2.598076211353316,1.7,135.0,6.0,6.0,7.86403,4.0,3687.15,53.0,137.0,6.0,4.0,6.0,6.0
1422.0911500000002,1795.15,302.91459999999995,1492.2354,646.1568824132167,29.75,83.0,12.0,71.0,30.74390183434757,153.25,163.0,124.0,39.0,16.887495373796554,3.0,3.0,3.0,0.0,0.0,3.25,10.0,1.0,9.0,3.897114317029974,8.0,9.0,5.0,4.0,1.7320508075688772,6.75,9.0,0.0,9.0,3.897114317029974,1.22,180.0,3.0,5.0,6.21726,1.0,1795.15,12.0,163.0,3.0,1.0,9.0,9.0
595.2364,692.6769999999999,302.91459999999995,389.76239999999996,168.77206991999591,78.5,83.0,77.0,6.0,2.598076211353316,119.5,124.0,118.0,6.0,2.598076211353316,9.75,12.0,3.0,9.0,3.897114317029974,10.0,10.0,10.0,0.0,0.0,1.25,5.0,0.0,5.0,2.165063509461097,0.0,0.0,0.0,0.0,0.0,1.65,135.0,12.0,4.0,9.394197,10.0,692.6769999999999,77.0,118.0,12.0,10.0,0.0,0.0
1671.0911500000002,2127.15,302.91459999999995,1824.2354,789.9170994414335,53.75,83.0,44.0,39.0,16.887495373796554,146.5,154.0,124.0,30.0,12.99038105676658,3.75,4.0,3.0,1.0,0.4330127018922193,4.0,10.0,2.0,8.0,3.4641016151377544,7.25,8.0,5.0,3.0,1.299038105676658,6.0,8.0,0.0,8.0,3.4641016151377544,1.33,155.0,4.0,5.0,6.634126,2.0,2127.15,44.0,154.0,4.0,2.0,8.0,8.0
1938.1927500000002,2506.15,234.32099999999997,2271.829,983.7308135270988,53.5,79.0,45.0,34.0,14.722431864335457,147.25,152.0,133.0,19.0,8.227241335952167,6.0,12.0,4.0,8.0,3.4641016151377544,4.0,10.0,2.0,8.0,3.4641016151377544,6.0,8.0,0.0,8.0,3.4641016151377544,6.0,8.0,0.0,8.0,3.4641016151377544,1.3,155.0,4.0,6.0,6.82507,2.0,2506.15,45.0,152.0,4.0,2.0,8.0,8.0
1987.049625,2506.15,429.7485,2076.4015,899.108223728057,54.75,84.0,45.0,39.0,16.887495373796554,149.5,152.0,142.0,10.0,4.330127018922194,3.75,4.0,3.0,1.0,0.4330127018922193,4.0,10.0,2.0,8.0,3.4641016151377544,7.25,8.0,5.0,3.0,1.299038105676658,6.0,8.0,0.0,8.0,3.4641016151377544,1.3,155.0,4.0,6.0,6.82507,2.0,2506.15,45.0,152.0,4.0,2.0,8.0,8.0
2559.4,2719.15,2506.15,213.0,92.23170550304272,50.0,65.0,45.0,20.0,8.660254037844387,144.5,152.0,122.0,30.0,12.99038105676658,5.25,9.0,4.0,5.0,2.165063509461097,3.25,7.0,2.0,5.0,2.165063509461097,6.75,8.0,3.0,5.0,2.165063509461097,6.75,8.0,3.0,5.0,2.165063509461097,1.3,155.0,4.0,6.0,6.82507,2.0,2506.15,45.0,152.0,4.0,2.0,8.0,8.0
2177.9,2506.15,1193.15,1313.0,568.545677584484,37.0,45.0,13.0,32.0,13.856406460551018,159.0,180.0,152.0,28.0,12.12435565298214,3.75,4.0,3.0,1.0,0.4330127018922193,1.75,2.0,1.0,1.0,0.4330127018922193,8.25,9.0,8.0,1.0,0.4330127018922193,8.25,9.0,8.0,1.0,0.4330127018922193,1.3,155.0,4.0,6.0,6.82507,2.0,2506.15,45.0,152.0,4.0,2.0,8.0,8.0
2259.4,2506.15,1519.15,987.0,427.38353676762046,47.5,55.0,45.0,10.0,4.330127018922194,143.75,152.0,119.0,33.0,14.289419162443238,4.75,7.0,4.0,3.0,1.299038105676658,2.75,5.0,2.0,3.0,1.299038105676658,7.25,8.0,5.0,3.0,1.299038105676658,7.25,8.0,5.0,3.0,1.299038105676658,1.3,155.0,4.0,6.0,6.82507,2.0,2506.15,45.0,152.0,4.0,2.0,8.0,8.0
2603.4,2895.15,2506.15,389.0,168.44194103607333,46.75,52.0,45.0,7.0,3.031088913245535,148.5,152.0,138.0,14.0,6.06217782649107,4.5,6.0,4.0,2.0,0.8660254037844386,2.75,5.0,2.0,3.0,1.299038105676658,7.5,8.0,6.0,2.0,0.8660254037844386,7.25,8.0,5.0,3.0,1.299038105676658,1.3,155.0,4.0,6.0,6.82507,2.0,2506.15,45.0,152.0,4.0,2.0,8.0,8.0
2567.15,2750.15,2506.15,244.0,105.65509926170151,45.75,48.0,45.0,3.0,1.299038105676658,150.75,152.0,147.0,5.0,2.165063509461097,4.25,5.0,4.0,1.0,0.4330127018922193,2.5,4.0,2.0,2.0,0.8660254037844386,7.75,8.0,7.0,1.0,0.4330127018922193,7.5,8.0,6.0,2.0,0.8660254037844386,1.3,155.0,4.0,6.0,6.82507,2.0,2506.15,45.0,152.0,4.0,2.0,8.0,8.0
2311.65,2506.15,1728.15,778.0,336.88388207214666,50.5,67.0,45.0,22.0,9.526279441628825,141.5,152.0,110.00000000000001,41.999999999999986,18.186533479473205,5.5,10.0,4.0,6.0,2.598076211353316,3.5,8.0,2.0,6.0,2.598076211353316,6.5,8.0,2.0,6.0,2.598076211353316,6.5,8.0,2.0,6.0,2.598076211353316,1.3,155.0,4.0,6.0,6.82507,2.0,2506.15,45.0,152.0,4.0,2.0,8.0,8.0
2706.15,3306.15,2506.15,800.0,346.41016151377545,49.0,61.0,45.0,16.0,6.928203230275509,146.25,152.0,129.0,23.0,9.959292143521045,5.0,8.0,4.0,4.0,1.7320508075688772,3.0,6.0,2.0,4.0,1.7320508075688772,7.0,8.0,4.0,4.0,1.7320508075688772,7.0,8.0,4.0,4.0,1.7320508075688772,1.3,155.0,4.0,6.0,6.82507,2.0,2506.15,45.0,152.0,4.0,2.0,8.0,8.0
2029.7655000000002,2506.15,600.612,1905.538,825.1221579382959,56.5,91.0,45.0,46.0,19.91858428704209,150.0,152.0,144.0,8.0,3.4641016151377544,4.0,4.0,4.0,0.0,0.0,4.0,10.0,2.0,8.0,3.4641016151377544,7.0,8.0,4.0,4.0,1.7320508075688772,6.0,8.0,0.0,8.0,3.4641016151377544,1.3,155.0,4.0,6.0,6.82507,2.0,2506.15,45.0,152.0,4.0,2.0,8.0,8.0
2336.6000000000004,2506.15,1827.9499999999998,678.2000000000003,293.6692144233033,50.75,68.0,45.0,23.0,9.959292143521045,144.0,152.0,120.0,32.0,13.856406460551018,5.5,10.0,4.0,6.0,2.598076211353316,4.0,10.0,2.0,8.0,3.4641016151377544,6.0,8.0,0.0,8.0,3.4641016151377544,6.0,8.0,0.0,8.0,3.4641016151377544,1.3,155.0,4.0,6.0,6.82507,2.0,2506.15,45.0,152.0,4.0,2.0,8.0,8.0
2389.9500000000003,2506.15,2041.35,464.8000000000002,201.2643038395036,51.0,69.0,45.0,24.0,10.392304845413264,144.75,152.0,123.0,29.0,12.55736835487436,5.5,10.0,4.0,6.0,2.598076211353316,3.75,9.0,2.0,7.0,3.031088913245535,6.5,8.0,2.0,6.0,2.598076211353316,6.25,8.0,1.0,7.0,3.031088913245535,1.3,155.0,4.0,6.0,6.82507,2.0,2506.15,45.0,152.0,4.0,2.0,8.0,8.0
2744.15,3458.15,2506.15,952.0,412.22809220139277,48.0,57.0,45.0,12.0,5.196152422706632,146.75,152.0,131.0,21.0,9.093266739736606,4.75,7.0,4.0,3.0,1.299038105676658,2.75,5.0,2.0,3.0,1.299038105676658,7.25,8.0,5.0,3.0,1.299038105676658,7.25,8.0,5.0,3.0,1.299038105676658,1.3,155.0,4.0,6.0,6.82507,2.0,2506.15,45.0,152.0,4.0,2.0,8.0,8.0
2438.65,2506.15,2236.15,270.0,116.91342951089922,49.75,64.0,45.0,19.0,8.227241335952167,145.25,152.0,125.0,27.0,11.691342951089922,5.25,9.0,4.0,5.0,2.165063509461097,3.5,8.0,2.0,6.0,2.598076211353316,6.75,8.0,3.0,5.0,2.165063509461097,6.5,8.0,2.0,6.0,2.598076211353316,1.3,155.0,4.0,6.0,6.82507,2.0,2506.15,45.0,152.0,4.0,2.0,8.0,8.0
2531.15,2606.15,2506.15,100.0,43.30127018922193,48.75,60.0,45.0,15.0,6.49519052838329,145.25,152.0,125.0,27.0,11.691342951089922,5.0,8.0,4.0,4.0,1.7320508075688772,3.25,7.0,2.0,5.0,2.165063509461097,7.0,8.0,4.0,4.0,1.7320508075688772,6.75,8.0,3.0,5.0,2.165063509461097,1.3,155.0,4.0,6.0,6.82507,2.0,2506.15,45.0,152.0,4.0,2.0,8.0,8.0
2333.15,2506.15,1814.15,692.0,299.64478970941576,36.5,45.0,11.0,34.0,14.722431864335457,151.0,152.0,148.0,4.0,1.7320508075688772,3.75,4.0,3.0,1.0,0.4330127018922193,1.75,2.0,1.0,1.0,0.4330127018922193,8.25,9.0,8.0,1.0,0.4330127018922193,8.25,9.0,8.0,1.0,0.4330127018922193,1.3,155.0,4.0,6.0,6.82507,2.0,2506.15,45.0,152.0,4.0,2.0,8.0,8.0
2005.8825000000002,2506.15,505.08,2001.0700000000002,866.4887273754634,56.25,90.0,45.0,45.0,19.48557158514987,149.0,152.0,140.0,12.0,5.196152422706632,4.0,4.0,4.0,0.0,0.0,4.0,10.0,2.0,8.0,3.4641016151377544,7.0,8.0,4.0,4.0,1.7320508075688772,6.0,8.0,0.0,8.0,3.4641016151377544,1.3,155.0,4.0,6.0,6.82507,2.0,2506.15,45.0,152.0,4.0,2.0,8.0,8.0
2702.15,3290.15,2506.15,784.0,339.4819582835,46.0,49.0,45.0,4.0,1.7320508075688772,150.5,152.0,146.0,6.0,2.598076211353316,4.25,5.0,4.0,1.0,0.4330127018922193,2.25,3.0,2.0,1.0,0.4330127018922193,7.75,8.0,7.0,1.0,0.4330127018922193,7.75,8.0,7.0,1.0,0.4330127018922193,1.3,155.0,4.0,6.0,6.82507,2.0,2506.15,45.0,152.0,4.0,2.0,8.0,8.0
2487.15,2506.15,2430.15,76.0,32.90896534380867,47.75,56.0,45.0,11.0,4.763139720814412,146.0,152.0,128.0,24.0,10.392304845413264,4.75,7.0,4.0,3.0,1.299038105676658,2.75,5.0,2.0,3.0,1.299038105676658,7.25,8.0,5.0,3.0,1.299038105676658,7.25,8.0,5.0,3.0,1.299038105676658,1.3,155.0,4.0,6.0,6.82507,2.0,2506.15,45.0,152.0,4.0,2.0,8.0,8.0
2365.4,2506.15,1943.15,563.0,243.78615116531947,44.5,45.0,43.0,2.0,0.8660254037844386,148.0,152.0,136.0,16.0,6.928203230275509,4.0,4.0,4.0,0.0,0.0,2.0,2.0,2.0,0.0,0.0,8.0,8.0,8.0,0.0,0.0,8.0,8.0,8.0,0.0,0.0,1.3,155.0,4.0,6.0,6.82507,2.0,2506.15,45.0,152.0,4.0,2.0,8.0,8.0
2023.9,2506.15,577.15,1929.0,835.2815019500911,55.0,85.0,45.0,40.0,17.320508075688775,150.0,152.0,144.0,8.0,3.4641016151377544,3.75,4.0,3.0,1.0,0.4330127018922193,4.0,10.0,2.0,8.0,3.4641016151377544,7.25,8.0,5.0,3.0,1.299038105676658,6.0,8.0,0.0,8.0,3.4641016151377544,1.3,155.0,4.0,6.0,6.82507,2.0,2506.15,45.0,152.0,4.0,2.0,8.0,8.0
2425.4,2506.15,2183.15,323.0,139.86310271118685,45.5,47.0,45.0,2.0,0.8660254037844386,147.5,152.0,134.0,18.0,7.794228634059948,4.25,5.0,4.0,1.0,0.4330127018922193,2.25,3.0,2.0,1.0,0.4330127018922193,7.75,8.0,7.0,1.0,0.4330127018922193,7.75,8.0,7.0,1.0,0.4330127018922193,1.3,155.0,4.0,6.0,6.82507,2.0,2506.15,45.0,152.0,4.0,2.0,8.0,8.0
2801.4,3687.15,2506.15,1181.0,511.38800093471104,47.0,53.0,45.0,8.0,3.4641016151377544,148.25,152.0,137.0,15.0,6.49519052838329,4.5,6.0,4.0,2.0,0.8660254037844386,2.5,4.0,2.0,2.0,0.8660254037844386,7.5,8.0,6.0,2.0,0.8660254037844386,7.5,8.0,6.0,2.0,0.8660254037844386,1.3,155.0,4.0,6.0,6.82507,2.0,2506.15,45.0,152.0,4.0,2.0,8.0,8.0
2328.4,2506.15,1795.15,711.0,307.8720310453679,36.75,45.0,12.0,33.0,14.289419162443238,154.75,163.0,152.0,11.0,4.763139720814412,3.75,4.0,3.0,1.0,0.4330127018922193,1.75,2.0,1.0,1.0,0.4330127018922193,8.25,9.0,8.0,1.0,0.4330127018922193,8.25,9.0,8.0,1.0,0.4330127018922193,1.3,155.0,4.0,6.0,6.82507,2.0,2506.15,45.0,152.0,4.0,2.0,8.0,8.0
2052.78175,2506.15,692.6769999999999,1813.4730000000002,785.2568435385888,53.0,77.0,45.0,32.0,13.856406460551018,143.5,152.0,118.0,34.0,14.722431864335457,6.0,12.0,4.0,8.0,3.4641016151377544,4.0,10.0,2.0,8.0,3.4641016151377544,6.0,8.0,0.0,8.0,3.4641016151377544,6.0,8.0,0.0,8.0,3.4641016151377544,1.3,155.0,4.0,6.0,6.82507,2.0,2506.15,45.0,152.0,4.0,2.0,8.0,8.0
2411.4,2506.15,2127.15,379.0,164.11181401715112,44.75,45.0,44.0,1.0,0.4330127018922193,152.5,154.0,152.0,2.0,0.8660254037844386,4.0,4.0,4.0,0.0,0.0,2.0,2.0,2.0,0.0,0.0,8.0,8.0,8.0,0.0,0.0,8.0,8.0,8.0,0.0,0.0,1.3,155.0,4.0,6.0,6.82507,2.0,2506.15,45.0,152.0,4.0,2.0,8.0,8.0
802.2782500000001,2506.15,234.32099999999997,2271.829,983.7308135270988,70.5,79.0,45.0,34.0,14.722431864335457,137.75,152.0,133.0,19.0,8.227241335952167,10.0,12.0,4.0,8.0,3.4641016151377544,8.0,10.0,2.0,8.0,3.4641016151377544,2.0,8.0,0.0,8.0,3.4641016151377544,2.0,8.0,0.0,8.0,3.4641016151377544,1.9,150.0,12.0,6.0,10.437504,10.0,234.32099999999997,79.0,133.0,12.0,10.0,0.0,0.0
948.848875,2506.15,429.7485,2076.4015,899.108223728057,74.25,84.0,45.0,39.0,16.887495373796554,144.5,152.0,142.0,10.0,4.330127018922194,3.25,4.0,3.0,1.0,0.4330127018922193,8.0,10.0,2.0,8.0,3.4641016151377544,5.75,8.0,5.0,3.0,1.299038105676658,2.0,8.0,0.0,8.0,3.4641016151377544,1.78,155.0,13.0,5.0,5.7863558,10.0,429.7485,84.0,142.0,3.0,10.0,5.0,0.0
2665.9,2719.15,2506.15,213.0,92.23170550304272,60.0,65.0,45.0,20.0,8.660254037844387,129.5,152.0,122.0,30.0,12.99038105676658,7.75,9.0,4.0,5.0,2.165063509461097,5.75,7.0,2.0,5.0,2.165063509461097,4.25,8.0,3.0,5.0,2.165063509461097,4.25,8.0,3.0,5.0,2.165063509461097,2.2,135.0,9.0,6.0,8.96702,7.0,2719.15,65.0,122.0,9.0,7.0,3.0,3.0
1521.4,2506.15,1193.15,1313.0,568.545677584484,21.0,45.0,13.0,32.0,13.856406460551018,173.0,180.0,152.0,28.0,12.12435565298214,3.25,4.0,3.0,1.0,0.4330127018922193,1.25,2.0,1.0,1.0,0.4330127018922193,8.75,9.0,8.0,1.0,0.4330127018922193,8.75,9.0,8.0,1.0,0.4330127018922193,1.1,195.0,3.0,6.0,5.5769,1.0,1193.15,13.0,180.0,3.0,1.0,9.0,9.0
2797.9,2895.15,2506.15,389.0,168.44194103607333,50.25,52.0,45.0,7.0,3.031088913245535,141.5,152.0,138.0,14.0,6.06217782649107,5.5,6.0,4.0,2.0,0.8660254037844386,4.25,5.0,2.0,3.0,1.299038105676658,6.5,8.0,6.0,2.0,0.8660254037844386,5.75,8.0,5.0,3.0,1.299038105676658,2.16,145.0,6.0,5.0,7.09243,5.0,2895.15,52.0,138.0,6.0,5.0,6.0,5.0
2689.15,2750.15,2506.15,244.0,105.65509926170151,47.25,48.0,45.0,3.0,1.299038105676658,148.25,152.0,147.0,5.0,2.165063509461097,4.75,5.0,4.0,1.0,0.4330127018922193,3.5,4.0,2.0,2.0,0.8660254037844386,7.25,8.0,7.0,1.0,0.4330127018922193,6.5,8.0,6.0,2.0,0.8660254037844386,1.6,145.0,5.0,5.0,6.75885,4.0,2750.15,48.0,147.0,5.0,4.0,7.0,6.0
1922.65,2506.15,1728.15,778.0,336.88388207214666,61.5,67.0,45.0,22.0,9.526279441628825,120.50000000000001,152.0,110.00000000000001,41.999999999999986,18.186533479473205,8.5,10.0,4.0,6.0,2.598076211353316,6.5,8.0,2.0,6.0,2.598076211353316,3.5,8.0,2.0,6.0,2.598076211353316,3.5,8.0,2.0,6.0,2.598076211353316,1.91,135.0,10.0,4.0,7.639878,8.0,1728.15,67.0,110.00000000000001,10.0,8.0,2.0,2.0
3106.15,3306.15,2506.15,800.0,346.41016151377545,57.0,61.0,45.0,16.0,6.928203230275509,134.75,152.0,129.0,23.0,9.959292143521045,7.0,8.0,4.0,4.0,1.7320508075688772,5.0,6.0,2.0,4.0,1.7320508075688772,5.0,8.0,4.0,4.0,1.7320508075688772,5.0,8.0,4.0,4.0,1.7320508075688772,2.2,130.0,8.0,6.0,8.43823,6.0,3306.15,61.0,129.0,8.0,6.0,4.0,4.0
1076.9965,2506.15,600.612,1905.538,825.1221579382959,79.5,91.0,45.0,46.0,19.91858428704209,146.0,152.0,144.0,8.0,3.4641016151377544,4.0,4.0,4.0,0.0,0.0,8.0,10.0,2.0,8.0,3.4641016151377544,5.0,8.0,4.0,4.0,1.7320508075688772,2.0,8.0,0.0,8.0,3.4641016151377544,1.8,180.0,14.0,6.0,7.4166799,10.0,600.612,91.0,144.0,4.0,10.0,4.0,0.0
1997.5,2506.15,1827.9499999999998,678.2000000000003,293.6692144233033,62.25,68.0,45.0,23.0,9.959292143521045,128.0,152.0,120.0,32.0,13.856406460551018,8.5,10.0,4.0,6.0,2.598076211353316,8.0,10.0,2.0,8.0,3.4641016151377544,2.0,8.0,0.0,8.0,3.4641016151377544,2.0,8.0,0.0,8.0,3.4641016151377544,2.2,140.0,10.0,5.0,8.336839,10.0,1827.9499999999998,68.0,120.0,10.0,10.0,0.0,0.0
2157.5499999999997,2506.15,2041.35,464.8000000000002,201.2643038395036,63.0,69.0,45.0,24.0,10.392304845413264,130.25,152.0,123.0,29.0,12.55736835487436,8.5,10.0,4.0,6.0,2.598076211353316,7.25,9.0,2.0,7.0,3.031088913245535,3.5,8.0,2.0,6.0,2.598076211353316,2.75,8.0,1.0,7.0,3.031088913245535,2.2,135.0,10.0,6.0,8.95883,9.0,2041.35,69.0,123.0,10.0,9.0,2.0,1.0
3220.15,3458.15,2506.15,952.0,412.22809220139277,54.0,57.0,45.0,12.0,5.196152422706632,136.25,152.0,131.0,21.0,9.093266739736606,6.25,7.0,4.0,3.0,1.299038105676658,4.25,5.0,2.0,3.0,1.299038105676658,5.75,8.0,5.0,3.0,1.299038105676658,5.75,8.0,5.0,3.0,1.299038105676658,1.9,135.0,7.0,6.0,7.83352,5.0,3458.15,57.0,131.0,7.0,5.0,5.0,5.0
2303.65,2506.15,2236.15,270.0,116.91342951089922,59.25,64.0,45.0,19.0,8.227241335952167,131.75,152.0,125.0,27.0,11.691342951089922,7.75,9.0,4.0,5.0,2.165063509461097,6.5,8.0,2.0,6.0,2.598076211353316,4.25,8.0,3.0,5.0,2.165063509461097,3.5,8.0,2.0,6.0,2.598076211353316,2.28,135.0,9.0,5.0,7.4589,8.0,2236.15,64.0,125.0,9.0,8.0,3.0,2.0
2581.15,2606.15,2506.15,100.0,43.30127018922193,56.25,60.0,45.0,15.0,6.49519052838329,131.75,152.0,125.0,27.0,11.691342951089922,7.0,8.0,4.0,4.0,1.7320508075688772,5.75,7.0,2.0,5.0,2.165063509461097,5.0,8.0,4.0,4.0,1.7320508075688772,4.25,8.0,3.0,5.0,2.165063509461097,2.2,130.0,8.0,5.0,7.3605,7.0,2606.15,60.0,125.0,8.0,7.0,4.0,3.0
1987.15,2506.15,1814.15,692.0,299.64478970941576,19.5,45.0,11.0,34.0,14.722431864335457,149.0,152.0,148.0,4.0,1.7320508075688772,3.25,4.0,3.0,1.0,0.4330127018922193,1.25,2.0,1.0,1.0,0.4330127018922193,8.75,9.0,8.0,1.0,0.4330127018922193,8.75,9.0,8.0,1.0,0.4330127018922193,1.36,160.0,3.0,4.0,6.56149,1.0,1814.15,11.0,148.0,3.0,1.0,9.0,9.0
1005.3475000000001,2506.15,505.08,2001.0700000000002,866.4887273754633,78.75,90.0,45.0,45.0,19.48557158514987,143.0,152.0,140.0,12.0,5.196152422706632,4.0,4.0,4.0,0.0,0.0,8.0,10.0,2.0,8.0,3.4641016151377544,5.0,8.0,4.0,4.0,1.7320508075688772,2.0,8.0,0.0,8.0,3.4641016151377544,1.96,145.0,14.0,5.0,7.343918,10.0,505.08,90.0,140.0,4.0,10.0,4.0,0.0
2449.15,2506.15,2430.15,76.0,32.90896534380867,53.25,56.0,45.0,11.0,4.763139720814412,134.0,152.0,128.0,24.0,10.392304845413264,6.25,7.0,4.0,3.0,1.299038105676658,4.25,5.0,2.0,3.0,1.299038105676658,5.75,8.0,5.0,3.0,1.299038105676658,5.75,8.0,5.0,3.0,1.299038105676658,2.1,135.0,7.0,5.0,7.11938,5.0,2430.15,56.0,128.0,7.0,5.0,5.0,5.0
2083.9,2506.15,1943.15,563.0,243.78615116531947,43.5,45.0,43.0,2.0,0.8660254037844386,140.0,152.0,136.0,16.0,6.928203230275509,4.0,4.0,4.0,0.0,0.0,2.0,2.0,2.0,0.0,0.0,8.0,8.0,8.0,0.0,0.0,8.0,8.0,8.0,0.0,0.0,1.54,140.0,4.0,4.0,6.82812,2.0,1943.15,43.0,136.0,4.0,2.0,8.0,8.0
1059.4,2506.15,577.15,1929.0,835.2815019500912,75.0,85.0,45.0,40.0,17.320508075688775,146.0,152.0,144.0,8.0,3.4641016151377544,3.25,4.0,3.0,1.0,0.4330127018922193,8.0,10.0,2.0,8.0,3.4641016151377544,5.75,8.0,5.0,3.0,1.299038105676658,2.0,8.0,0.0,8.0,3.4641016151377544,1.8,190.0,13.0,6.0,6.1082873,10.0,577.15,85.0,144.0,3.0,10.0,5.0,0.0
2263.9,2506.15,2183.15,323.0,139.86310271118685,46.5,47.0,45.0,2.0,0.8660254037844386,138.5,152.0,134.0,18.0,7.794228634059948,4.75,5.0,4.0,1.0,0.4330127018922193,2.75,3.0,2.0,1.0,0.4330127018922193,7.25,8.0,7.0,1.0,0.4330127018922193,7.25,8.0,7.0,1.0,0.4330127018922193,1.63,135.0,5.0,4.0,6.746187,3.0,2183.15,47.0,134.0,5.0,3.0,7.0,7.0
3391.9,3687.15,2506.15,1181.0,511.38800093471104,51.0,53.0,45.0,8.0,3.4641016151377544,140.75,152.0,137.0,15.0,6.49519052838329,5.5,6.0,4.0,2.0,0.8660254037844386,3.5,4.0,2.0,2.0,0.8660254037844386,6.5,8.0,6.0,2.0,0.8660254037844386,6.5,8.0,6.0,2.0,0.8660254037844386,1.7,135.0,6.0,6.0,7.86403,4.0,3687.15,53.0,137.0,6.0,4.0,6.0,6.0
1972.9,2506.15,1795.15,711.0,307.8720310453679,20.25,45.0,12.0,33.0,14.289419162443238,160.25,163.0,152.0,11.0,4.763139720814412,3.25,4.0,3.0,1.0,0.4330127018922193,1.25,2.0,1.0,1.0,0.4330127018922193,8.75,9.0,8.0,1.0,0.4330127018922193,8.75,9.0,8.0,1.0,0.4330127018922193,1.22,180.0,3.0,5.0,6.21726,1.0,1795.15,12.0,163.0,3.0,1.0,9.0,9.0
1146.0452500000001,2506.15,692.6769999999999,1813.4730000000002,785.2568435385888,69.0,77.0,45.0,32.0,13.856406460551018,126.5,152.0,118.0,34.0,14.722431864335457,10.0,12.0,4.0,8.0,3.4641016151377544,8.0,10.0,2.0,8.0,3.4641016151377544,2.0,8.0,0.0,8.0,3.4641016151377544,2.0,8.0,0.0,8.0,3.4641016151377544,1.65,135.0,12.0,4.0,9.394197,10.0,692.6769999999999,77.0,118.0,12.0,10.0,0.0,0.0
2221.9,2506.15,2127.15,379.0,164.11181401715112,44.25,45.0,44.0,1.0,0.4330127018922193,153.5,154.0,152.0,2.0,0.8660254037844386,4.0,4.0,4.0,0.0,0.0,2.0,2.0,2.0,0.0,0.0,8.0,8.0,8.0,0.0,0.0,8.0,8.0,8.0,0.0,0.0,1.33,155.0,4.0,5.0,6.634126,2.0,2127.15,44.0,154.0,4.0,2.0,8.0,8.0
283.177875,429.7485,234.32099999999997,195.4275,84.62258979904169,80.25,84.0,79.0,5.0,2.165063509461097,135.25,142.0,133.0,9.0,3.897114317029974,9.75,12.0,3.0,9.0,3.897114317029974,10.0,10.0,10.0,0.0,0.0,1.25,5.0,0.0,5.0,2.165063509461097,0.0,0.0,0.0,0.0,0.0,1.9,150.0,12.0,6.0,10.437504,10.0,234.32099999999997,79.0,133.0,12.0,10.0,0.0,0.0
855.5282500000001,2719.15,234.32099999999997,2484.829,1075.9625190301415,75.5,79.0,65.0,14.0,6.06217782649107,130.25,133.0,122.0,11.0,4.763139720814412,11.25,12.0,9.0,3.0,1.299038105676658,9.25,10.0,7.0,3.0,1.299038105676658,0.75,3.0,0.0,3.0,1.299038105676658,0.75,3.0,0.0,3.0,1.299038105676658,1.9,150.0,12.0,6.0,10.437504,10.0,234.32099999999997,79.0,133.0,12.0,10.0,0.0,0.0
474.02825,1193.15,234.32099999999997,958.8290000000002,415.1851359426148,62.5,79.0,13.0,66.0,28.578838324886476,144.75,180.0,133.0,47.0,20.351596988934308,9.75,12.0,3.0,9.0,3.897114317029974,7.75,10.0,1.0,9.0,3.897114317029974,2.25,9.0,0.0,9.0,3.897114317029974,2.25,9.0,0.0,9.0,3.897114317029974,1.9,150.0,12.0,6.0,10.437504,10.0,234.32099999999997,79.0,133.0,12.0,10.0,0.0,0.0
555.5282500000001,1519.15,234.32099999999997,1284.8290000000002,556.3472767594784,73.0,79.0,55.0,24.0,10.392304845413264,129.5,133.0,119.0,14.0,6.06217782649107,10.75,12.0,7.0,5.0,2.165063509461097,8.75,10.0,5.0,5.0,2.165063509461097,1.25,5.0,0.0,5.0,2.165063509461097,1.25,5.0,0.0,5.0,2.165063509461097,1.9,150.0,12.0,6.0,10.437504,10.0,234.32099999999997,79.0,133.0,12.0,10.0,0.0,0.0
899.5282500000001,2895.15,234.32099999999997,2660.829,1152.172754563172,72.25,79.0,52.0,27.0,11.691342951089922,134.25,138.0,133.0,5.0,2.165063509461097,10.5,12.0,6.0,6.0,2.598076211353316,8.75,10.0,5.0,5.0,2.165063509461097,1.5,6.0,0.0,6.0,2.598076211353316,1.25,5.0,0.0,5.0,2.165063509461097,1.9,150.0,12.0,6.0,10.437504,10.0,234.32099999999997,79.0,133.0,12.0,10.0,0.0,0.0
863.2782500000001,2750.15,234.32099999999997,2515.829,1089.3859127888002,71.25,79.0,48.0,31.0,13.423393758658799,136.5,147.0,133.0,14.0,6.06217782649107,10.25,12.0,5.0,7.0,3.031088913245535,8.5,10.0,4.0,6.0,2.598076211353316,1.75,7.0,0.0,7.0,3.031088913245535,1.5,6.0,0.0,6.0,2.598076211353316,1.9,150.0,12.0,6.0,10.437504,10.0,234.32099999999997,79.0,133.0,12.0,10.0,0.0,0.0
607.7782500000001,1728.15,234.32099999999997,1493.8290000000002,646.8469314549521,76.0,79.0,67.0,12.0,5.196152422706632,127.25,133.0,110.00000000000001,22.999999999999986,9.959292143521038,11.5,12.0,10.0,2.0,0.8660254037844386,9.5,10.0,8.0,2.0,0.8660254037844386,0.5,2.0,0.0,2.0,0.8660254037844386,0.5,2.0,0.0,2.0,0.8660254037844386,1.9,150.0,12.0,6.0,10.437504,10.0,234.32099999999997,79.0,133.0,12.0,10.0,0.0,0.0
1002.2782500000001,3306.15,234.32099999999997,3071.829,1330.1409750408743,74.5,79.0,61.0,18.0,7.794228634059948,132.0,133.0,129.0,4.0,1.7320508075688772,11.0,12.0,8.0,4.0,1.7320508075688772,9.0,10.0,6.0,4.0,1.7320508075688772,1.0,4.0,0.0,4.0,1.7320508075688772,1.0,4.0,0.0,4.0,1.7320508075688772,1.9,150.0,12.0,6.0,10.437504,10.0,234.32099999999997,79.0,133.0,12.0,10.0,0.0,0.0
325.89374999999995,600.612,234.32099999999997,366.291,158.60865558880292,82.0,91.0,79.0,12.0,5.196152422706632,135.75,144.0,133.0,11.0,4.763139720814412,10.0,12.0,4.0,8.0,3.4641016151377544,10.0,10.0,10.0,0.0,0.0,1.0,4.0,0.0,4.0,1.7320508075688772,0.0,0.0,0.0,0.0,0.0,1.9,150.0,12.0,6.0,10.437504,10.0,234.32099999999997,79.0,133.0,12.0,10.0,0.0,0.0
632.7282499999999,1827.9499999999998,234.32099999999997,1593.629,690.0615991037955,76.25,79.0,68.0,11.0,4.763139720814412,129.75,133.0,120.0,13.0,5.629165124598851,11.5,12.0,10.0,2.0,0.8660254037844386,10.0,10.0,10.0,0.0,0.0,0.0,0.0,0.0,0.0,0.0,0.0,0.0,0.0,0.0,0.0,1.9,150.0,12.0,6.0,10.437504,10.0,234.32099999999997,79.0,133.0,12.0,10.0,0.0,0.0
686.07825,2041.35,234.32099999999997,1807.029,782.4665096875951,76.5,79.0,69.0,10.0,4.330127018922194,130.5,133.0,123.0,10.0,4.330127018922194,11.5,12.0,10.0,2.0,0.8660254037844386,9.75,10.0,9.0,1.0,0.4330127018922193,0.5,2.0,0.0,2.0,0.8660254037844386,0.25,1.0,0.0,1.0,0.4330127018922193,1.9,150.0,12.0,6.0,10.437504,10.0,234.32099999999997,79.0,133.0,12.0,10.0,0.0,0.0
1040.27825,3458.15,234.32099999999997,3223.829,1395.9589057284918,73.5,79.0,57.0,22.0,9.526279441628825,132.5,133.0,131.0,2.0,0.8660254037844386,10.75,12.0,7.0,5.0,2.165063509461097,8.75,10.0,5.0,5.0,2.165063509461097,1.25,5.0,0.0,5.0,2.165063509461097,1.25,5.0,0.0,5.0,2.165063509461097,1.9,150.0,12.0,6.0,10.437504,10.0,234.32099999999997,79.0,133.0,12.0,10.0,0.0,0.0
734.7782500000001,2236.15,234.32099999999997,2001.8290000000002,866.8173840161995,75.25,79.0,64.0,15.0,6.49519052838329,131.0,133.0,125.0,8.0,3.4641016151377544,11.25,12.0,9.0,3.0,1.299038105676658,9.5,10.0,8.0,2.0,0.8660254037844386,0.75,3.0,0.0,3.0,1.299038105676658,0.5,2.0,0.0,2.0,0.8660254037844386,1.9,150.0,12.0,6.0,10.437504,10.0,234.32099999999997,79.0,133.0,12.0,10.0,0.0,0.0
827.2782500000001,2606.15,234.32099999999997,2371.829,1027.0320837163208,74.25,79.0,60.0,19.0,8.227241335952167,131.0,133.0,125.0,8.0,3.4641016151377544,11.0,12.0,8.0,4.0,1.7320508075688772,9.25,10.0,7.0,3.0,1.299038105676658,1.0,4.0,0.0,4.0,1.7320508075688772,0.75,3.0,0.0,3.0,1.299038105676658,1.9,150.0,12.0,6.0,10.437504,10.0,234.32099999999997,79.0,133.0,12.0,10.0,0.0,0.0
629.2782500000001,1814.15,234.32099999999997,1579.8290000000002,684.086023817683,62.0,79.0,11.0,68.0,29.444863728670914,136.75,148.0,133.0,15.0,6.49519052838329,9.75,12.0,3.0,9.0,3.897114317029974,7.75,10.0,1.0,9.0,3.897114317029974,2.25,9.0,0.0,9.0,3.897114317029974,2.25,9.0,0.0,9.0,3.897114317029974,1.9,150.0,12.0,6.0,10.437504,10.0,234.32099999999997,79.0,133.0,12.0,10.0,0.0,0.0
302.01075,505.08,234.32099999999997,270.759,117.24208615163542,81.75,90.0,79.0,11.0,4.763139720814412,134.75,140.0,133.0,7.0,3.031088913245535,10.0,12.0,4.0,8.0,3.4641016151377544,10.0,10.0,10.0,0.0,0.0,1.0,4.0,0.0,4.0,1.7320508075688772,0.0,0.0,0.0,0.0,0.0,1.9,150.0,12.0,6.0,10.437504,10.0,234.32099999999997,79.0,133.0,12.0,10.0,0.0,0.0
998.2782500000001,3290.15,234.32099999999997,3055.829,1323.212771810599,71.5,79.0,49.0,30.0,12.99038105676658,136.25,146.0,133.0,13.0,5.629165124598851,10.25,12.0,5.0,7.0,3.031088913245535,8.25,10.0,3.0,7.0,3.031088913245535,1.75,7.0,0.0,7.0,3.031088913245535,1.75,7.0,0.0,7.0,3.031088913245535,1.9,150.0,12.0,6.0,10.437504,10.0,234.32099999999997,79.0,133.0,12.0,10.0,0.0,0.0
783.2782500000001,2430.15,234.32099999999997,2195.829,950.8218481832902,73.25,79.0,56.0,23.0,9.959292143521045,131.75,133.0,128.0,5.0,2.165063509461097,10.75,12.0,7.0,5.0,2.165063509461097,8.75,10.0,5.0,5.0,2.165063509461097,1.25,5.0,0.0,5.0,2.165063509461097,1.25,5.0,0.0,5.0,2.165063509461097,1.9,150.0,12.0,6.0,10.437504,10.0,234.32099999999997,79.0,133.0,12.0,10.0,0.0,0.0
661.5282500000001,1943.15,234.32099999999997,1708.8290000000002,739.9446623617794,70.0,79.0,43.0,36.0,15.588457268119896,133.75,136.0,133.0,3.0,1.299038105676658,10.0,12.0,4.0,8.0,3.4641016151377544,8.0,10.0,2.0,8.0,3.4641016151377544,2.0,8.0,0.0,8.0,3.4641016151377544,2.0,8.0,0.0,8.0,3.4641016151377544,1.9,150.0,12.0,6.0,10.437504,10.0,234.32099999999997,79.0,133.0,12.0,10.0,0.0,0.0
320.02824999999996,577.15,234.32099999999997,342.829,148.44931157700768,80.5,85.0,79.0,6.0,2.598076211353316,135.75,144.0,133.0,11.0,4.763139720814412,9.75,12.0,3.0,9.0,3.897114317029974,10.0,10.0,10.0,0.0,0.0,1.25,5.0,0.0,5.0,2.165063509461097,0.0,0.0,0.0,0.0,0.0,1.9,150.0,12.0,6.0,10.437504,10.0,234.32099999999997,79.0,133.0,12.0,10.0,0.0,0.0
721.5282500000001,2183.15,234.32099999999997,1948.8290000000002,843.8677108159119,71.0,79.0,47.0,32.0,13.856406460551018,133.25,134.0,133.0,1.0,0.4330127018922193,10.25,12.0,5.0,7.0,3.031088913245535,8.25,10.0,3.0,7.0,3.031088913245535,1.75,7.0,0.0,7.0,3.031088913245535,1.75,7.0,0.0,7.0,3.031088913245535,1.9,150.0,12.0,6.0,10.437504,10.0,234.32099999999997,79.0,133.0,12.0,10.0,0.0,0.0
1097.52825,3687.15,234.32099999999997,3452.829,1495.11881446181,72.5,79.0,53.0,26.0,11.258330249197702,134.0,137.0,133.0,4.0,1.7320508075688772,10.5,12.0,6.0,6.0,2.598076211353316,8.5,10.0,4.0,6.0,2.598076211353316,1.5,6.0,0.0,6.0,2.598076211353316,1.5,6.0,0.0,6.0,2.598076211353316,1.9,150.0,12.0,6.0,10.437504,10.0,234.32099999999997,79.0,133.0,12.0,10.0,0.0,0.0
624.5282500000001,1795.15,234.32099999999997,1560.8290000000002,675.8587824817308,62.25,79.0,12.0,67.0,29.011851026778693,140.5,163.0,133.0,30.0,12.99038105676658,9.75,12.0,3.0,9.0,3.897114317029974,7.75,10.0,1.0,9.0,3.897114317029974,2.25,9.0,0.0,9.0,3.897114317029974,2.25,9.0,0.0,9.0,3.897114317029974,1.9,150.0,12.0,6.0,10.437504,10.0,234.32099999999997,79.0,133.0,12.0,10.0,0.0,0.0
348.90999999999997,692.6769999999999,234.32099999999997,458.35599999999994,198.47396998851005,78.5,79.0,77.0,2.0,0.8660254037844386,129.25,133.0,118.0,15.0,6.49519052838329,12.0,12.0,12.0,0.0,0.0,10.0,10.0,10.0,0.0,0.0,0.0,0.0,0.0,0.0,0.0,0.0,0.0,0.0,0.0,0.0,1.9,150.0,12.0,6.0,10.437504,10.0,234.32099999999997,79.0,133.0,12.0,10.0,0.0,0.0
707.5282500000001,2127.15,234.32099999999997,1892.8290000000002,819.6189995099477,70.25,79.0,44.0,35.0,15.155444566227676,138.25,154.0,133.0,21.0,9.093266739736606,10.0,12.0,4.0,8.0,3.4641016151377544,8.0,10.0,2.0,8.0,3.4641016151377544,2.0,8.0,0.0,8.0,3.4641016151377544,2.0,8.0,0.0,8.0,3.4641016151377544,1.9,150.0,12.0,6.0,10.437504,10.0,234.32099999999997,79.0,133.0,12.0,10.0,0.0,0.0
380.891625,429.7485,234.32099999999997,195.4275,84.62258979904169,82.75,84.0,79.0,5.0,2.165063509461097,139.75,142.0,133.0,9.0,3.897114317029974,5.25,12.0,3.0,9.0,3.897114317029974,10.0,10.0,10.0,0.0,0.0,3.75,5.0,0.0,5.0,2.165063509461097,0.0,0.0,0.0,0.0,0.0,1.78,155.0,13.0,5.0,5.7863558,10.0,429.7485,84.0,142.0,3.0,10.0,5.0,0.0
2097.94275,2719.15,234.32099999999997,2484.829,1075.9625190301415,68.5,79.0,65.0,14.0,6.06217782649107,124.75,133.0,122.0,11.0,4.763139720814412,9.75,12.0,9.0,3.0,1.299038105676658,7.75,10.0,7.0,3.0,1.299038105676658,2.25,3.0,0.0,3.0,1.299038105676658,2.25,3.0,0.0,3.0,1.299038105676658,2.2,135.0,9.0,6.0,8.96702,7.0,2719.15,65.0,122.0,9.0,7.0,3.0,3.0
953.44275,1193.15,234.32099999999997,958.8290000000002,415.1851359426148,29.5,79.0,13.0,66.0,28.578838324886476,168.25,180.0,133.0,47.0,20.351596988934308,5.25,12.0,3.0,9.0,3.897114317029974,3.25,10.0,1.0,9.0,3.897114317029974,6.75,9.0,0.0,9.0,3.897114317029974,6.75,9.0,0.0,9.0,3.897114317029974,1.1,195.0,3.0,6.0,5.5769,1.0,1193.15,13.0,180.0,3.0,1.0,9.0,9.0
2229.94275,2895.15,234.32099999999997,2660.829,1152.1727545631722,58.75,79.0,52.0,27.0,11.691342951089922,136.75,138.0,133.0,5.0,2.165063509461097,7.5,12.0,6.0,6.0,2.598076211353316,6.25,10.0,5.0,5.0,2.165063509461097,4.5,6.0,0.0,6.0,2.598076211353316,3.75,5.0,0.0,5.0,2.165063509461097,2.16,145.0,6.0,5.0,7.09243,5.0,2895.15,52.0,138.0,6.0,5.0,6.0,5.0
2121.19275,2750.15,234.32099999999997,2515.829,1089.3859127888002,55.75,79.0,48.0,31.0,13.423393758658799,143.5,147.0,133.0,14.0,6.06217782649107,6.75,12.0,5.0,7.0,3.031088913245535,5.5,10.0,4.0,6.0,2.598076211353316,5.25,7.0,0.0,7.0,3.031088913245535,4.5,6.0,0.0,6.0,2.598076211353316,1.6,145.0,5.0,5.0,6.75885,4.0,2750.15,48.0,147.0,5.0,4.0,7.0,6.0
509.0392499999999,600.612,234.32099999999997,366.291,158.60865558880292,88.0,91.0,79.0,12.0,5.196152422706632,141.25,144.0,133.0,11.0,4.763139720814412,6.0,12.0,4.0,8.0,3.4641016151377544,10.0,10.0,10.0,0.0,0.0,3.0,4.0,0.0,4.0,1.7320508075688772,0.0,0.0,0.0,0.0,0.0,1.8,180.0,14.0,6.0,7.4166799,10.0,600.612,91.0,144.0,4.0,10.0,4.0,0.0
1429.5427499999998,1827.9499999999998,234.32099999999997,1593.629,690.0615991037955,70.75,79.0,68.0,11.0,4.763139720814412,123.25,133.0,120.0,13.0,5.629165124598851,10.5,12.0,10.0,2.0,0.8660254037844386,10.0,10.0,10.0,0.0,0.0,0.0,0.0,0.0,0.0,0.0,0.0,0.0,0.0,0.0,0.0,2.2,140.0,10.0,5.0,8.336839,10.0,1827.9499999999998,68.0,120.0,10.0,10.0,0.0,0.0
1589.5927499999998,2041.35,234.32099999999997,1807.029,782.4665096875951,71.5,79.0,69.0,10.0,4.330127018922194,125.5,133.0,123.0,10.0,4.330127018922194,10.5,12.0,10.0,2.0,0.8660254037844386,9.25,10.0,9.0,1.0,0.4330127018922193,1.5,2.0,0.0,2.0,0.8660254037844386,0.75,1.0,0.0,1.0,0.4330127018922193,2.2,135.0,10.0,6.0,8.95883,9.0,2041.35,69.0,123.0,10.0,9.0,2.0,1.0
2652.19275,3458.15,234.32099999999997,3223.829,1395.9589057284916,62.5,79.0,57.0,22.0,9.526279441628825,131.5,133.0,131.0,2.0,0.8660254037844386,8.25,12.0,7.0,5.0,2.165063509461097,6.25,10.0,5.0,5.0,2.165063509461097,3.75,5.0,0.0,5.0,2.165063509461097,3.75,5.0,0.0,5.0,2.165063509461097,1.9,135.0,7.0,6.0,7.83352,5.0,3458.15,57.0,131.0,7.0,5.0,5.0,5.0
1735.6927500000002,2236.15,234.32099999999997,2001.8290000000002,866.8173840161995,67.75,79.0,64.0,15.0,6.49519052838329,127.0,133.0,125.0,8.0,3.4641016151377544,9.75,12.0,9.0,3.0,1.299038105676658,8.5,10.0,8.0,2.0,0.8660254037844386,2.25,3.0,0.0,3.0,1.299038105676658,1.5,2.0,0.0,2.0,0.8660254037844386,2.28,135.0,9.0,5.0,7.4589,8.0,2236.15,64.0,125.0,9.0,8.0,3.0,2.0
2013.1927500000002,2606.15,234.32099999999997,2371.829,1027.0320837163208,64.75,79.0,60.0,19.0,8.227241335952167,127.0,133.0,125.0,8.0,3.4641016151377544,9.0,12.0,8.0,4.0,1.7320508075688772,7.75,10.0,7.0,3.0,1.299038105676658,3.0,4.0,0.0,4.0,1.7320508075688772,2.25,3.0,0.0,3.0,1.299038105676658,2.2,130.0,8.0,5.0,7.3605,7.0,2606.15,60.0,125.0,8.0,7.0,4.0,3.0
1419.1927500000002,1814.15,234.32099999999997,1579.8290000000002,684.086023817683,28.0,79.0,11.0,68.0,29.444863728670914,144.25,148.0,133.0,15.0,6.49519052838329,5.25,12.0,3.0,9.0,3.897114317029974,3.25,10.0,1.0,9.0,3.897114317029974,6.75,9.0,0.0,9.0,3.897114317029974,6.75,9.0,0.0,9.0,3.897114317029974,1.36,160.0,3.0,4.0,6.56149,1.0,1814.15,11.0,148.0,3.0,1.0,9.0,9.0
437.39025,505.08,234.32099999999997,270.759,117.24208615163542,87.25,90.0,79.0,11.0,4.763139720814412,138.25,140.0,133.0,7.0,3.031088913245535,6.0,12.0,4.0,8.0,3.4641016151377544,10.0,10.0,10.0,0.0,0.0,3.0,4.0,0.0,4.0,1.7320508075688772,0.0,0.0,0.0,0.0,0.0,1.96,145.0,14.0,5.0,7.343918,10.0,505.08,90.0,140.0,4.0,10.0,4.0,0.0
2526.19275,3290.15,234.32099999999997,3055.829,1323.2127718105987,56.5,79.0,49.0,30.0,12.99038105676658,142.75,146.0,133.0,13.0,5.629165124598851,6.75,12.0,5.0,7.0,3.031088913245535,4.75,10.0,3.0,7.0,3.031088913245535,5.25,7.0,0.0,7.0,3.031088913245535,5.25,7.0,0.0,7.0,3.031088913245535,1.5,145.0,5.0,6.0,7.549571,3.0,3290.15,49.0,146.0,5.0,3.0,7.0,7.0
1881.1927500000002,2430.15,234.32099999999997,2195.829,950.8218481832901,61.75,79.0,56.0,23.0,9.959292143521045,129.25,133.0,128.0,5.0,2.165063509461097,8.25,12.0,7.0,5.0,2.165063509461097,6.25,10.0,5.0,5.0,2.165063509461097,3.75,5.0,0.0,5.0,2.165063509461097,3.75,5.0,0.0,5.0,2.165063509461097,2.1,135.0,7.0,5.0,7.11938,5.0,2430.15,56.0,128.0,7.0,5.0,5.0,5.0
1515.9427500000002,1943.15,234.32099999999997,1708.8290000000002,739.9446623617794,52.0,79.0,43.0,36.0,15.588457268119896,135.25,136.0,133.0,3.0,1.299038105676658,6.0,12.0,4.0,8.0,3.4641016151377544,4.0,10.0,2.0,8.0,3.4641016151377544,6.0,8.0,0.0,8.0,3.4641016151377544,6.0,8.0,0.0,8.0,3.4641016151377544,1.54,140.0,4.0,4.0,6.82812,2.0,1943.15,43.0,136.0,4.0,2.0,8.0,8.0
491.44274999999993,577.15,234.32099999999997,342.829,148.44931157700768,83.5,85.0,79.0,6.0,2.598076211353316,141.25,144.0,133.0,11.0,4.763139720814412,5.25,12.0,3.0,9.0,3.897114317029974,10.0,10.0,10.0,0.0,0.0,3.75,5.0,0.0,5.0,2.165063509461097,0.0,0.0,0.0,0.0,0.0,1.8,190.0,13.0,6.0,6.1082873,10.0,577.15,85.0,144.0,3.0,10.0,5.0,0.0
1695.9427500000002,2183.15,234.32099999999997,1948.8290000000002,843.867710815912,55.0,79.0,47.0,32.0,13.856406460551018,133.75,134.0,133.0,1.0,0.4330127018922193,6.75,12.0,5.0,7.0,3.031088913245535,4.75,10.0,3.0,7.0,3.031088913245535,5.25,7.0,0.0,7.0,3.031088913245535,5.25,7.0,0.0,7.0,3.031088913245535,1.63,135.0,5.0,4.0,6.746187,3.0,2183.15,47.0,134.0,5.0,3.0,7.0,7.0
2823.94275,3687.15,234.32099999999997,3452.829,1495.11881446181,59.5,79.0,53.0,26.0,11.258330249197702,136.0,137.0,133.0,4.0,1.7320508075688772,7.5,12.0,6.0,6.0,2.598076211353316,5.5,10.0,4.0,6.0,2.598076211353316,4.5,6.0,0.0,6.0,2.598076211353316,4.5,6.0,0.0,6.0,2.598076211353316,1.7,135.0,6.0,6.0,7.86403,4.0,3687.15,53.0,137.0,6.0,4.0,6.0,6.0
1404.9427500000002,1795.15,234.32099999999997,1560.8290000000002,675.8587824817308,28.75,79.0,12.0,67.0,29.011851026778693,155.5,163.0,133.0,30.0,12.99038105676658,5.25,12.0,3.0,9.0,3.897114317029974,3.25,10.0,1.0,9.0,3.897114317029974,6.75,9.0,0.0,9.0,3.897114317029974,6.75,9.0,0.0,9.0,3.897114317029974,1.22,180.0,3.0,5.0,6.21726,1.0,1795.15,12.0,163.0,3.0,1.0,9.0,9.0
578.088,692.6769999999999,234.32099999999997,458.35599999999994,198.47396998851005,77.5,79.0,77.0,2.0,0.8660254037844386,121.75,133.0,118.0,15.0,6.49519052838329,12.0,12.0,12.0,0.0,0.0,10.0,10.0,10.0,0.0,0.0,0.0,0.0,0.0,0.0,0.0,0.0,0.0,0.0,0.0,0.0,1.65,135.0,12.0,4.0,9.394197,10.0,692.6769999999999,77.0,118.0,12.0,10.0,0.0,0.0
1653.9427500000002,2127.15,234.32099999999997,1892.8290000000002,819.6189995099477,52.75,79.0,44.0,35.0,15.155444566227676,148.75,154.0,133.0,21.0,9.093266739736606,6.0,12.0,4.0,8.0,3.4641016151377544,4.0,10.0,2.0,8.0,3.4641016151377544,6.0,8.0,0.0,8.0,3.4641016151377544,6.0,8.0,0.0,8.0,3.4641016151377544,1.33,155.0,4.0,5.0,6.634126,2.0,2127.15,44.0,154.0,4.0,2.0,8.0,8.0
1002.098875,2719.15,429.7485,2289.4015,991.3399292310997,79.25,84.0,65.0,19.0,8.227241335952167,137.0,142.0,122.0,20.0,8.660254037844387,4.5,9.0,3.0,6.0,2.598076211353316,9.25,10.0,7.0,3.0,1.299038105676658,4.5,5.0,3.0,2.0,0.8660254037844386,0.75,3.0,0.0,3.0,1.299038105676658,1.78,155.0,13.0,5.0,5.7863558,10.0,429.7485,84.0,142.0,3.0,10.0,5.0,0.0
620.598875,1193.15,429.7485,763.4015000000002,330.5625461435731,66.25,84.0,13.0,71.0,30.74390183434757,151.5,180.0,142.0,38.0,16.454482671904334,3.0,3.0,3.0,0.0,0.0,7.75,10.0,1.0,9.0,3.897114317029974,6.0,9.0,5.0,4.0,1.7320508075688772,2.25,9.0,0.0,9.0,3.897114317029974,1.78,155.0,13.0,5.0,5.7863558,10.0,429.7485,84.0,142.0,3.0,10.0,5.0,0.0
702.098875,1519.15,429.7485,1089.4015000000002,471.7246869604366,76.75,84.0,55.0,29.0,12.55736835487436,136.25,142.0,119.0,23.0,9.959292143521045,4.0,7.0,3.0,4.0,1.7320508075688772,8.75,10.0,5.0,5.0,2.165063509461097,5.0,5.0,5.0,0.0,0.0,1.25,5.0,0.0,5.0,2.165063509461097,1.78,155.0,13.0,5.0,5.7863558,10.0,429.7485,84.0,142.0,3.0,10.0,5.0,0.0
1046.0988750000001,2895.15,429.7485,2465.4015,1067.5501647641304,76.0,84.0,52.0,32.0,13.856406460551018,141.0,142.0,138.0,4.0,1.7320508075688772,3.75,6.0,3.0,3.0,1.299038105676658,8.75,10.0,5.0,5.0,2.165063509461097,5.25,6.0,5.0,1.0,0.4330127018922193,1.25,5.0,0.0,5.0,2.165063509461097,1.78,155.0,13.0,5.0,5.7863558,10.0,429.7485,84.0,142.0,3.0,10.0,5.0,0.0
1009.848875,2750.15,429.7485,2320.4015,1004.7633229897585,75.0,84.0,48.0,36.0,15.588457268119896,143.25,147.0,142.0,5.0,2.165063509461097,3.5,5.0,3.0,2.0,0.8660254037844386,8.5,10.0,4.0,6.0,2.598076211353316,5.5,7.0,5.0,2.0,0.8660254037844386,1.5,6.0,0.0,6.0,2.598076211353316,1.78,155.0,13.0,5.0,5.7863558,10.0,429.7485,84.0,142.0,3.0,10.0,5.0,0.0
754.348875,1728.15,429.7485,1298.4015000000002,562.2243416559105,79.75,84.0,67.0,17.0,7.361215932167728,134.0,142.0,110.00000000000001,31.999999999999986,13.856406460551012,4.75,10.0,3.0,7.0,3.031088913245535,9.5,10.0,8.0,2.0,0.8660254037844386,4.25,5.0,2.0,3.0,1.299038105676658,0.5,2.0,0.0,2.0,0.8660254037844386,1.78,155.0,13.0,5.0,5.7863558,10.0,429.7485,84.0,142.0,3.0,10.0,5.0,0.0
1148.8488750000001,3306.15,429.7485,2876.4015,1245.5183852418327,78.25,84.0,61.0,23.0,9.959292143521045,138.75,142.0,129.0,13.0,5.629165124598851,4.25,8.0,3.0,5.0,2.165063509461097,9.0,10.0,6.0,4.0,1.7320508075688772,4.75,5.0,4.0,1.0,0.4330127018922193,1.0,4.0,0.0,4.0,1.7320508075688772,1.78,155.0,13.0,5.0,5.7863558,10.0,429.7485,84.0,142.0,3.0,10.0,5.0,0.0
472.464375,600.612,429.7485,170.8635,73.98606578976121,85.75,91.0,84.0,7.0,3.031088913245535,142.5,144.0,142.0,2.0,0.8660254037844386,3.25,4.0,3.0,1.0,0.4330127018922193,10.0,10.0,10.0,0.0,0.0,4.75,5.0,4.0,1.0,0.4330127018922193,0.0,0.0,0.0,0.0,0.0,1.78,155.0,13.0,5.0,5.7863558,10.0,429.7485,84.0,142.0,3.0,10.0,5.0,0.0
779.298875,1827.9499999999998,429.7485,1398.2015,605.4390093047538,80.0,84.0,68.0,16.0,6.928203230275509,136.5,142.0,120.0,22.0,9.526279441628825,4.75,10.0,3.0,7.0,3.031088913245535,10.0,10.0,10.0,0.0,0.0,3.75,5.0,0.0,5.0,2.165063509461097,0.0,0.0,0.0,0.0,0.0,1.78,155.0,13.0,5.0,5.7863558,10.0,429.7485,84.0,142.0,3.0,10.0,5.0,0.0
832.648875,2041.35,429.7485,1611.6015,697.8439198885535,80.25,84.0,69.0,15.0,6.49519052838329,137.25,142.0,123.0,19.0,8.227241335952167,4.75,10.0,3.0,7.0,3.031088913245535,9.75,10.0,9.0,1.0,0.4330127018922193,4.25,5.0,2.0,3.0,1.299038105676658,0.25,1.0,0.0,1.0,0.4330127018922193,1.78,155.0,13.0,5.0,5.7863558,10.0,429.7485,84.0,142.0,3.0,10.0,5.0,0.0
1186.8488750000001,3458.15,429.7485,3028.4015,1311.33631592945,77.25,84.0,57.0,27.0,11.691342951089922,139.25,142.0,131.0,11.0,4.763139720814412,4.0,7.0,3.0,4.0,1.7320508075688772,8.75,10.0,5.0,5.0,2.165063509461097,5.0,5.0,5.0,0.0,0.0,1.25,5.0,0.0,5.0,2.165063509461097,1.78,155.0,13.0,5.0,5.7863558,10.0,429.7485,84.0,142.0,3.0,10.0,5.0,0.0
881.348875,2236.15,429.7485,1806.4015000000002,782.1947942171579,79.0,84.0,64.0,20.0,8.660254037844387,137.75,142.0,125.0,17.0,7.361215932167728,4.5,9.0,3.0,6.0,2.598076211353316,9.5,10.0,8.0,2.0,0.8660254037844386,4.5,5.0,3.0,2.0,0.8660254037844386,0.5,2.0,0.0,2.0,0.8660254037844386,1.78,155.0,13.0,5.0,5.7863558,10.0,429.7485,84.0,142.0,3.0,10.0,5.0,0.0
973.848875,2606.15,429.7485,2176.4015,942.409493917279,78.0,84.0,60.0,24.0,10.392304845413264,137.75,142.0,125.0,17.0,7.361215932167728,4.25,8.0,3.0,5.0,2.165063509461097,9.25,10.0,7.0,3.0,1.299038105676658,4.75,5.0,4.0,1.0,0.4330127018922193,0.75,3.0,0.0,3.0,1.299038105676658,1.78,155.0,13.0,5.0,5.7863558,10.0,429.7485,84.0,142.0,3.0,10.0,5.0,0.0
775.848875,1814.15,429.7485,1384.4015000000002,599.4634340186412,65.75,84.0,11.0,73.0,31.60992723813201,143.5,148.0,142.0,6.0,2.598076211353316,3.0,3.0,3.0,0.0,0.0,7.75,10.0,1.0,9.0,3.897114317029974,6.0,9.0,5.0,4.0,1.7320508075688772,2.25,9.0,0.0,9.0,3.897114317029974,1.78,155.0,13.0,5.0,5.7863558,10.0,429.7485,84.0,142.0,3.0,10.0,5.0,0.0
448.581375,505.08,429.7485,75.3315,32.61949635259372,85.5,90.0,84.0,6.0,2.598076211353316,141.5,142.0,140.0,2.0,0.8660254037844386,3.25,4.0,3.0,1.0,0.4330127018922193,10.0,10.0,10.0,0.0,0.0,4.75,5.0,4.0,1.0,0.4330127018922193,0.0,0.0,0.0,0.0,0.0,1.78,155.0,13.0,5.0,5.7863558,10.0,429.7485,84.0,142.0,3.0,10.0,5.0,0.0
1144.8488750000001,3290.15,429.7485,2860.4015,1238.590182011557,75.25,84.0,49.0,35.0,15.155444566227676,143.0,146.0,142.0,4.0,1.7320508075688772,3.5,5.0,3.0,2.0,0.8660254037844386,8.25,10.0,3.0,7.0,3.031088913245535,5.5,7.0,5.0,2.0,0.8660254037844386,1.75,7.0,0.0,7.0,3.031088913245535,1.78,155.0,13.0,5.0,5.7863558,10.0,429.7485,84.0,142.0,3.0,10.0,5.0,0.0
929.848875,2430.15,429.7485,2000.4015000000002,866.1992583842483,77.0,84.0,56.0,28.0,12.12435565298214,138.5,142.0,128.0,14.0,6.06217782649107,4.0,7.0,3.0,4.0,1.7320508075688772,8.75,10.0,5.0,5.0,2.165063509461097,5.0,5.0,5.0,0.0,0.0,1.25,5.0,0.0,5.0,2.165063509461097,1.78,155.0,13.0,5.0,5.7863558,10.0,429.7485,84.0,142.0,3.0,10.0,5.0,0.0
808.098875,1943.15,429.7485,1513.4015000000002,655.3220725627376,73.75,84.0,43.0,41.0,17.75352077758099,140.5,142.0,136.0,6.0,2.598076211353316,3.25,4.0,3.0,1.0,0.4330127018922193,8.0,10.0,2.0,8.0,3.4641016151377544,5.75,8.0,5.0,3.0,1.299038105676658,2.0,8.0,0.0,8.0,3.4641016151377544,1.78,155.0,13.0,5.0,5.7863558,10.0,429.7485,84.0,142.0,3.0,10.0,5.0,0.0
466.598875,577.15,429.7485,147.4015,63.826721777965965,84.25,85.0,84.0,1.0,0.4330127018922193,142.5,144.0,142.0,2.0,0.8660254037844386,3.0,3.0,3.0,0.0,0.0,10.0,10.0,10.0,0.0,0.0,5.0,5.0,5.0,0.0,0.0,0.0,0.0,0.0,0.0,0.0,1.78,155.0,13.0,5.0,5.7863558,10.0,429.7485,84.0,142.0,3.0,10.0,5.0,0.0
868.098875,2183.15,429.7485,1753.4015000000002,759.2451210168703,74.75,84.0,47.0,37.0,16.021469970012117,140.0,142.0,134.0,8.0,3.4641016151377544,3.5,5.0,3.0,2.0,0.8660254037844386,8.25,10.0,3.0,7.0,3.031088913245535,5.5,7.0,5.0,2.0,0.8660254037844386,1.75,7.0,0.0,7.0,3.031088913245535,1.78,155.0,13.0,5.0,5.7863558,10.0,429.7485,84.0,142.0,3.0,10.0,5.0,0.0
1244.0988750000001,3687.15,429.7485,3257.4015,1410.496224662768,76.25,84.0,53.0,31.0,13.423393758658799,140.75,142.0,137.0,5.0,2.165063509461097,3.75,6.0,3.0,3.0,1.299038105676658,8.5,10.0,4.0,6.0,2.598076211353316,5.25,6.0,5.0,1.0,0.4330127018922193,1.5,6.0,0.0,6.0,2.598076211353316,1.78,155.0,13.0,5.0,5.7863558,10.0,429.7485,84.0,142.0,3.0,10.0,5.0,0.0
771.098875,1795.15,429.7485,1365.4015000000002,591.2361926826891,66.0,84.0,12.0,72.0,31.176914536239792,147.25,163.0,142.0,21.0,9.093266739736606,3.0,3.0,3.0,0.0,0.0,7.75,10.0,1.0,9.0,3.897114317029974,6.0,9.0,5.0,4.0,1.7320508075688772,2.25,9.0,0.0,9.0,3.897114317029974,1.78,155.0,13.0,5.0,5.7863558,10.0,429.7485,84.0,142.0,3.0,10.0,5.0,0.0
495.480625,692.6769999999999,429.7485,262.92849999999993,113.85138018946836,82.25,84.0,77.0,7.0,3.031088913245535,136.0,142.0,118.0,24.0,10.392304845413264,5.25,12.0,3.0,9.0,3.897114317029974,10.0,10.0,10.0,0.0,0.0,3.75,5.0,0.0,5.0,2.165063509461097,0.0,0.0,0.0,0.0,0.0,1.78,155.0,13.0,5.0,5.7863558,10.0,429.7485,84.0,142.0,3.0,10.0,5.0,0.0
854.098875,2127.15,429.7485,1697.4015000000002,734.9964097109059,74.0,84.0,44.0,40.0,17.320508075688775,145.0,154.0,142.0,12.0,5.196152422706632,3.25,4.0,3.0,1.0,0.4330127018922193,8.0,10.0,2.0,8.0,3.4641016151377544,5.75,8.0,5.0,3.0,1.299038105676658,2.0,8.0,0.0,8.0,3.4641016151377544,1.78,155.0,13.0,5.0,5.7863558,10.0,429.7485,84.0,142.0,3.0,10.0,5.0,0.0
2146.799625,2719.15,429.7485,2289.4015,991.3399292310999,69.75,84.0,65.0,19.0,8.227241335952167,127.0,142.0,122.0,20.0,8.660254037844387,7.5,9.0,3.0,6.0,2.598076211353316,7.75,10.0,7.0,3.0,1.299038105676658,3.5,5.0,3.0,2.0,0.8660254037844386,2.25,3.0,0.0,3.0,1.299038105676658,2.2,135.0,9.0,6.0,8.96702,7.0,2719.15,65.0,122.0,9.0,7.0,3.0,3.0
1002.2996250000001,1193.15,429.7485,763.4015000000002,330.5625461435732,30.75,84.0,13.0,71.0,30.74390183434757,170.5,180.0,142.0,38.0,16.454482671904334,3.0,3.0,3.0,0.0,0.0,3.25,10.0,1.0,9.0,3.897114317029974,8.0,9.0,5.0,4.0,1.7320508075688772,6.75,9.0,0.0,9.0,3.897114317029974,1.1,195.0,3.0,6.0,5.5769,1.0,1193.15,13.0,180.0,3.0,1.0,9.0,9.0
2278.799625,2895.15,429.7485,2465.4015,1067.5501647641304,60.0,84.0,52.0,32.0,13.856406460551018,139.0,142.0,138.0,4.0,1.7320508075688772,5.25,6.0,3.0,3.0,1.299038105676658,6.25,10.0,5.0,5.0,2.165063509461097,5.75,6.0,5.0,1.0,0.4330127018922193,3.75,5.0,0.0,5.0,2.165063509461097,2.16,145.0,6.0,5.0,7.09243,5.0,2895.15,52.0,138.0,6.0,5.0,6.0,5.0
2170.049625,2750.15,429.7485,2320.4015,1004.7633229897586,57.0,84.0,48.0,36.0,15.588457268119896,145.75,147.0,142.0,5.0,2.165063509461097,4.5,5.0,3.0,2.0,0.8660254037844386,5.5,10.0,4.0,6.0,2.598076211353316,6.5,7.0,5.0,2.0,0.8660254037844386,4.5,6.0,0.0,6.0,2.598076211353316,1.6,145.0,5.0,5.0,6.75885,4.0,2750.15,48.0,147.0,5.0,4.0,7.0,6.0
1403.549625,1728.15,429.7485,1298.4015000000002,562.2243416559105,71.25,84.0,67.0,17.0,7.361215932167728,118.00000000000001,142.0,110.00000000000001,31.999999999999986,13.856406460551012,8.25,10.0,3.0,7.0,3.031088913245535,8.5,10.0,8.0,2.0,0.8660254037844386,2.75,5.0,2.0,3.0,1.299038105676658,1.5,2.0,0.0,2.0,0.8660254037844386,1.91,135.0,10.0,4.0,7.639878,8.0,1728.15,67.0,110.00000000000001,10.0,8.0,2.0,2.0
2587.049625,3306.15,429.7485,2876.4015,1245.5183852418324,66.75,84.0,61.0,23.0,9.959292143521045,132.25,142.0,129.0,13.0,5.629165124598851,6.75,8.0,3.0,5.0,2.165063509461097,7.0,10.0,6.0,4.0,1.7320508075688772,4.25,5.0,4.0,1.0,0.4330127018922193,3.0,4.0,0.0,4.0,1.7320508075688772,2.2,130.0,8.0,6.0,8.43823,6.0,3306.15,61.0,129.0,8.0,6.0,4.0,4.0
557.896125,600.612,429.7485,170.8635,73.98606578976121,89.25,91.0,84.0,7.0,3.031088913245535,143.5,144.0,142.0,2.0,0.8660254037844386,3.75,4.0,3.0,1.0,0.4330127018922193,10.0,10.0,10.0,0.0,0.0,4.25,5.0,4.0,1.0,0.4330127018922193,0.0,0.0,0.0,0.0,0.0,1.8,180.0,14.0,6.0,7.4166799,10.0,600.612,91.0,144.0,4.0,10.0,4.0,0.0
1478.3996249999998,1827.9499999999998,429.7485,1398.2015,605.4390093047539,72.0,84.0,68.0,16.0,6.928203230275509,125.5,142.0,120.0,22.0,9.526279441628825,8.25,10.0,3.0,7.0,3.031088913245535,10.0,10.0,10.0,0.0,0.0,1.25,5.0,0.0,5.0,2.165063509461097,0.0,0.0,0.0,0.0,0.0,2.2,140.0,10.0,5.0,8.336839,10.0,1827.9499999999998,68.0,120.0,10.0,10.0,0.0,0.0
1638.4496249999997,2041.35,429.7485,1611.6015,697.8439198885535,72.75,84.0,69.0,15.0,6.49519052838329,127.75,142.0,123.0,19.0,8.227241335952167,8.25,10.0,3.0,7.0,3.031088913245535,9.25,10.0,9.0,1.0,0.4330127018922193,2.75,5.0,2.0,3.0,1.299038105676658,0.75,1.0,0.0,1.0,0.4330127018922193,2.2,135.0,10.0,6.0,8.95883,9.0,2041.35,69.0,123.0,10.0,9.0,2.0,1.0
2701.049625,3458.15,429.7485,3028.4015,1311.3363159294497,63.75,84.0,57.0,27.0,11.691342951089922,133.75,142.0,131.0,11.0,4.763139720814412,6.0,7.0,3.0,4.0,1.7320508075688772,6.25,10.0,5.0,5.0,2.165063509461097,5.0,5.0,5.0,0.0,0.0,3.75,5.0,0.0,5.0,2.165063509461097,1.9,135.0,7.0,6.0,7.83352,5.0,3458.15,57.0,131.0,7.0,5.0,5.0,5.0
1784.549625,2236.15,429.7485,1806.4015000000002,782.1947942171579,69.0,84.0,64.0,20.0,8.660254037844387,129.25,142.0,125.0,17.0,7.361215932167728,7.5,9.0,3.0,6.0,2.598076211353316,8.5,10.0,8.0,2.0,0.8660254037844386,3.5,5.0,3.0,2.0,0.8660254037844386,1.5,2.0,0.0,2.0,0.8660254037844386,2.28,135.0,9.0,5.0,7.4589,8.0,2236.15,64.0,125.0,9.0,8.0,3.0,2.0
2062.049625,2606.15,429.7485,2176.4015,942.4094939172791,66.0,84.0,60.0,24.0,10.392304845413264,129.25,142.0,125.0,17.0,7.361215932167728,6.75,8.0,3.0,5.0,2.165063509461097,7.75,10.0,7.0,3.0,1.299038105676658,4.25,5.0,4.0,1.0,0.4330127018922193,2.25,3.0,0.0,3.0,1.299038105676658,2.2,130.0,8.0,5.0,7.3605,7.0,2606.15,60.0,125.0,8.0,7.0,4.0,3.0
1468.049625,1814.15,429.7485,1384.4015000000002,599.4634340186414,29.25,84.0,11.0,73.0,31.60992723813201,146.5,148.0,142.0,6.0,2.598076211353316,3.0,3.0,3.0,0.0,0.0,3.25,10.0,1.0,9.0,3.897114317029974,8.0,9.0,5.0,4.0,1.7320508075688772,6.75,9.0,0.0,9.0,3.897114317029974,1.36,160.0,3.0,4.0,6.56149,1.0,1814.15,11.0,148.0,3.0,1.0,9.0,9.0
486.247125,505.08,429.7485,75.3315,32.61949635259372,88.5,90.0,84.0,6.0,2.598076211353316,140.5,142.0,140.0,2.0,0.8660254037844386,3.75,4.0,3.0,1.0,0.4330127018922193,10.0,10.0,10.0,0.0,0.0,4.25,5.0,4.0,1.0,0.4330127018922193,0.0,0.0,0.0,0.0,0.0,1.96,145.0,14.0,5.0,7.343918,10.0,505.08,90.0,140.0,4.0,10.0,4.0,0.0
2575.049625,3290.15,429.7485,2860.4015,1238.590182011557,57.75,84.0,49.0,35.0,15.155444566227676,145.0,146.0,142.0,4.0,1.7320508075688772,4.5,5.0,3.0,2.0,0.8660254037844386,4.75,10.0,3.0,7.0,3.031088913245535,6.5,7.0,5.0,2.0,0.8660254037844386,5.25,7.0,0.0,7.0,3.031088913245535,1.5,145.0,5.0,6.0,7.549571,3.0,3290.15,49.0,146.0,5.0,3.0,7.0,7.0
1930.049625,2430.15,429.7485,2000.4015000000002,866.1992583842484,63.0,84.0,56.0,28.0,12.12435565298214,131.5,142.0,128.0,14.0,6.06217782649107,6.0,7.0,3.0,4.0,1.7320508075688772,6.25,10.0,5.0,5.0,2.165063509461097,5.0,5.0,5.0,0.0,0.0,3.75,5.0,0.0,5.0,2.165063509461097,2.1,135.0,7.0,5.0,7.11938,5.0,2430.15,56.0,128.0,7.0,5.0,5.0,5.0
1564.799625,1943.15,429.7485,1513.4015000000002,655.3220725627376,53.25,84.0,43.0,41.0,17.75352077758099,137.5,142.0,136.0,6.0,2.598076211353316,3.75,4.0,3.0,1.0,0.4330127018922193,4.0,10.0,2.0,8.0,3.4641016151377544,7.25,8.0,5.0,3.0,1.299038105676658,6.0,8.0,0.0,8.0,3.4641016151377544,1.54,140.0,4.0,4.0,6.82812,2.0,1943.15,43.0,136.0,4.0,2.0,8.0,8.0
540.299625,577.15,429.7485,147.4015,63.826721777965965,84.75,85.0,84.0,1.0,0.4330127018922193,143.5,144.0,142.0,2.0,0.8660254037844386,3.0,3.0,3.0,0.0,0.0,10.0,10.0,10.0,0.0,0.0,5.0,5.0,5.0,0.0,0.0,0.0,0.0,0.0,0.0,0.0,1.8,190.0,13.0,6.0,6.1082873,10.0,577.15,85.0,144.0,3.0,10.0,5.0,0.0
1744.799625,2183.15,429.7485,1753.4015000000002,759.2451210168703,56.25,84.0,47.0,37.0,16.021469970012117,136.0,142.0,134.0,8.0,3.4641016151377544,4.5,5.0,3.0,2.0,0.8660254037844386,4.75,10.0,3.0,7.0,3.031088913245535,6.5,7.0,5.0,2.0,0.8660254037844386,5.25,7.0,0.0,7.0,3.031088913245535,1.63,135.0,5.0,4.0,6.746187,3.0,2183.15,47.0,134.0,5.0,3.0,7.0,7.0
2872.799625,3687.15,429.7485,3257.4015,1410.496224662768,60.75,84.0,53.0,31.0,13.423393758658799,138.25,142.0,137.0,5.0,2.165063509461097,5.25,6.0,3.0,3.0,1.299038105676658,5.5,10.0,4.0,6.0,2.598076211353316,5.75,6.0,5.0,1.0,0.4330127018922193,4.5,6.0,0.0,6.0,2.598076211353316,1.7,135.0,6.0,6.0,7.86403,4.0,3687.15,53.0,137.0,6.0,4.0,6.0,6.0
1453.799625,1795.15,429.7485,1365.4015000000002,591.2361926826892,30.0,84.0,12.0,72.0,31.176914536239792,157.75,163.0,142.0,21.0,9.093266739736606,3.0,3.0,3.0,0.0,0.0,3.25,10.0,1.0,9.0,3.897114317029974,8.0,9.0,5.0,4.0,1.7320508075688772,6.75,9.0,0.0,9.0,3.897114317029974,1.22,180.0,3.0,5.0,6.21726,1.0,1795.15,12.0,163.0,3.0,1.0,9.0,9.0
626.944875,692.6769999999999,429.7485,262.92849999999993,113.85138018946836,78.75,84.0,77.0,7.0,3.031088913245535,124.0,142.0,118.0,24.0,10.392304845413264,9.75,12.0,3.0,9.0,3.897114317029974,10.0,10.0,10.0,0.0,0.0,1.25,5.0,0.0,5.0,2.165063509461097,0.0,0.0,0.0,0.0,0.0,1.65,135.0,12.0,4.0,9.394197,10.0,692.6769999999999,77.0,118.0,12.0,10.0,0.0,0.0
1702.799625,2127.15,429.7485,1697.4015000000002,734.9964097109059,54.0,84.0,44.0,40.0,17.320508075688775,151.0,154.0,142.0,12.0,5.196152422706632,3.75,4.0,3.0,1.0,0.4330127018922193,4.0,10.0,2.0,8.0,3.4641016151377544,7.25,8.0,5.0,3.0,1.299038105676658,6.0,8.0,0.0,8.0,3.4641016151377544,1.33,155.0,4.0,5.0,6.634126,2.0,2127.15,44.0,154.0,4.0,2.0,8.0,8.0
2337.65,2719.15,1193.15,1526.0,660.7773830875267,52.0,65.0,13.0,52.0,22.516660498395403,136.5,180.0,122.0,58.0,25.11473670974872,7.5,9.0,3.0,6.0,2.598076211353316,5.5,7.0,1.0,6.0,2.598076211353316,4.5,9.0,3.0,6.0,2.598076211353316,4.5,9.0,3.0,6.0,2.598076211353316,2.2,135.0,9.0,6.0,8.96702,7.0,2719.15,65.0,122.0,9.0,7.0,3.0,3.0
2419.15,2719.15,1519.15,1200.0,519.6152422706632,62.5,65.0,55.0,10.0,4.330127018922194,121.25,122.0,119.0,3.0,1.299038105676658,8.5,9.0,7.0,2.0,0.8660254037844386,6.5,7.0,5.0,2.0,0.8660254037844386,3.5,5.0,3.0,2.0,0.8660254037844386,3.5,5.0,3.0,2.0,0.8660254037844386,2.2,135.0,9.0,6.0,8.96702,7.0,2719.15,65.0,122.0,9.0,7.0,3.0,3.0
2763.15,2895.15,2719.15,176.0,76.2102355330306,61.75,65.0,52.0,13.0,5.629165124598851,126.0,138.0,122.0,16.0,6.928203230275509,8.25,9.0,6.0,3.0,1.299038105676658,6.5,7.0,5.0,2.0,0.8660254037844386,3.75,6.0,3.0,3.0,1.299038105676658,3.5,5.0,3.0,2.0,0.8660254037844386,2.2,135.0,9.0,6.0,8.96702,7.0,2719.15,65.0,122.0,9.0,7.0,3.0,3.0
2726.9,2750.15,2719.15,31.0,13.423393758658799,60.75,65.0,48.0,17.0,7.361215932167728,128.25,147.0,122.0,25.0,10.825317547305483,8.0,9.0,5.0,4.0,1.7320508075688772,6.25,7.0,4.0,3.0,1.299038105676658,4.0,7.0,3.0,4.0,1.7320508075688772,3.75,6.0,3.0,3.0,1.299038105676658,2.2,135.0,9.0,6.0,8.96702,7.0,2719.15,65.0,122.0,9.0,7.0,3.0,3.0
2471.4,2719.15,1728.15,991.0,429.11558757518935,65.5,67.0,65.0,2.0,0.8660254037844386,119.0,122.0,110.00000000000001,11.999999999999986,5.196152422706626,9.25,10.0,9.0,1.0,0.4330127018922193,7.25,8.0,7.0,1.0,0.4330127018922193,2.75,3.0,2.0,1.0,0.4330127018922193,2.75,3.0,2.0,1.0,0.4330127018922193,2.2,135.0,9.0,6.0,8.96702,7.0,2719.15,65.0,122.0,9.0,7.0,3.0,3.0
2865.9,3306.15,2719.15,587.0,254.17845601073273,64.0,65.0,61.0,4.0,1.7320508075688772,123.75,129.0,122.0,7.0,3.031088913245535,8.75,9.0,8.0,1.0,0.4330127018922193,6.75,7.0,6.0,1.0,0.4330127018922193,3.25,4.0,3.0,1.0,0.4330127018922193,3.25,4.0,3.0,1.0,0.4330127018922193,2.2,135.0,9.0,6.0,8.96702,7.0,2719.15,65.0,122.0,9.0,7.0,3.0,3.0
2189.5155,2719.15,600.612,2118.538,917.3538634413385,71.5,91.0,65.0,26.0,11.258330249197702,127.5,144.0,122.0,22.0,9.526279441628825,7.75,9.0,4.0,5.0,2.165063509461097,7.75,10.0,7.0,3.0,1.299038105676658,3.25,4.0,3.0,1.0,0.4330127018922193,2.25,3.0,0.0,3.0,1.299038105676658,2.2,135.0,9.0,6.0,8.96702,7.0,2719.15,65.0,122.0,9.0,7.0,3.0,3.0
2496.3500000000004,2719.15,1827.9499999999998,891.2000000000003,385.900919926346,65.75,68.0,65.0,3.0,1.299038105676658,121.5,122.0,120.0,2.0,0.8660254037844386,9.25,10.0,9.0,1.0,0.4330127018922193,7.75,10.0,7.0,3.0,1.299038105676658,2.25,3.0,0.0,3.0,1.299038105676658,2.25,3.0,0.0,3.0,1.299038105676658,2.2,135.0,9.0,6.0,8.96702,7.0,2719.15,65.0,122.0,9.0,7.0,3.0,3.0
2549.7000000000003,2719.15,2041.35,677.8000000000002,293.49600934254636,66.0,69.0,65.0,4.0,1.7320508075688772,122.25,123.0,122.0,1.0,0.4330127018922193,9.25,10.0,9.0,1.0,0.4330127018922193,7.5,9.0,7.0,2.0,0.8660254037844386,2.75,3.0,2.0,1.0,0.4330127018922193,2.5,3.0,1.0,2.0,0.8660254037844386,2.2,135.0,9.0,6.0,8.96702,7.0,2719.15,65.0,122.0,9.0,7.0,3.0,3.0
2903.9,3458.15,2719.15,739.0,319.9963866983501,63.0,65.0,57.0,8.0,3.4641016151377544,124.25,131.0,122.0,9.0,3.897114317029974,8.5,9.0,7.0,2.0,0.8660254037844386,6.5,7.0,5.0,2.0,0.8660254037844386,3.5,5.0,3.0,2.0,0.8660254037844386,3.5,5.0,3.0,2.0,0.8660254037844386,2.2,135.0,9.0,6.0,8.96702,7.0,2719.15,65.0,122.0,9.0,7.0,3.0,3.0
2598.4,2719.15,2236.15,483.0,209.14513501394194,64.75,65.0,64.0,1.0,0.4330127018922193,122.75,125.0,122.0,3.0,1.299038105676658,9.0,9.0,9.0,0.0,0.0,7.25,8.0,7.0,1.0,0.4330127018922193,3.0,3.0,3.0,0.0,0.0,2.75,3.0,2.0,1.0,0.4330127018922193,2.2,135.0,9.0,6.0,8.96702,7.0,2719.15,65.0,122.0,9.0,7.0,3.0,3.0
2690.9,2719.15,2606.15,113.0,48.93043531382078,63.75,65.0,60.0,5.0,2.165063509461097,122.75,125.0,122.0,3.0,1.299038105676658,8.75,9.0,8.0,1.0,0.4330127018922193,7.0,7.0,7.0,0.0,0.0,3.25,4.0,3.0,1.0,0.4330127018922193,3.0,3.0,3.0,0.0,0.0,2.2,135.0,9.0,6.0,8.96702,7.0,2719.15,65.0,122.0,9.0,7.0,3.0,3.0
2492.9,2719.15,1814.15,905.0,391.8764952124585,51.5,65.0,11.0,54.0,23.382685902179844,128.5,148.0,122.0,26.0,11.258330249197702,7.5,9.0,3.0,6.0,2.598076211353316,5.5,7.0,1.0,6.0,2.598076211353316,4.5,9.0,3.0,6.0,2.598076211353316,4.5,9.0,3.0,6.0,2.598076211353316,2.2,135.0,9.0,6.0,8.96702,7.0,2719.15,65.0,122.0,9.0,7.0,3.0,3.0
2165.6325,2719.15,505.08,2214.07,958.7204328785061,71.25,90.0,65.0,25.0,10.825317547305483,126.5,140.0,122.0,18.0,7.794228634059948,7.75,9.0,4.0,5.0,2.165063509461097,7.75,10.0,7.0,3.0,1.299038105676658,3.25,4.0,3.0,1.0,0.4330127018922193,2.25,3.0,0.0,3.0,1.299038105676658,2.2,135.0,9.0,6.0,8.96702,7.0,2719.15,65.0,122.0,9.0,7.0,3.0,3.0
2861.9,3290.15,2719.15,571.0,247.25025278045723,61.0,65.0,49.0,16.0,6.928203230275509,128.0,146.0,122.0,24.0,10.392304845413264,8.0,9.0,5.0,4.0,1.7320508075688772,6.0,7.0,3.0,4.0,1.7320508075688772,4.0,7.0,3.0,4.0,1.7320508075688772,4.0,7.0,3.0,4.0,1.7320508075688772,2.2,135.0,9.0,6.0,8.96702,7.0,2719.15,65.0,122.0,9.0,7.0,3.0,3.0
2646.9,2719.15,2430.15,289.0,125.14067084685138,62.75,65.0,56.0,9.0,3.897114317029974,123.5,128.0,122.0,6.0,2.598076211353316,8.5,9.0,7.0,2.0,0.8660254037844386,6.5,7.0,5.0,2.0,0.8660254037844386,3.5,5.0,3.0,2.0,0.8660254037844386,3.5,5.0,3.0,2.0,0.8660254037844386,2.2,135.0,9.0,6.0,8.96702,7.0,2719.15,65.0,122.0,9.0,7.0,3.0,3.0
2525.15,2719.15,1943.15,776.0,336.0178566683622,59.5,65.0,43.0,22.0,9.526279441628825,125.5,136.0,122.0,14.0,6.06217782649107,7.75,9.0,4.0,5.0,2.165063509461097,5.75,7.0,2.0,5.0,2.165063509461097,4.25,8.0,3.0,5.0,2.165063509461097,4.25,8.0,3.0,5.0,2.165063509461097,2.2,135.0,9.0,6.0,8.96702,7.0,2719.15,65.0,122.0,9.0,7.0,3.0,3.0
2183.65,2719.15,577.15,2142.0,927.5132074531338,70.0,85.0,65.0,20.0,8.660254037844387,127.5,144.0,122.0,22.0,9.526279441628825,7.5,9.0,3.0,6.0,2.598076211353316,7.75,10.0,7.0,3.0,1.299038105676658,3.5,5.0,3.0,2.0,0.8660254037844386,2.25,3.0,0.0,3.0,1.299038105676658,2.2,135.0,9.0,6.0,8.96702,7.0,2719.15,65.0,122.0,9.0,7.0,3.0,3.0
2585.15,2719.15,2183.15,536.0,232.09480821422954,60.5,65.0,47.0,18.0,7.794228634059948,125.0,134.0,122.0,12.0,5.196152422706632,8.0,9.0,5.0,4.0,1.7320508075688772,6.0,7.0,3.0,4.0,1.7320508075688772,4.0,7.0,3.0,4.0,1.7320508075688772,4.0,7.0,3.0,4.0,1.7320508075688772,2.2,135.0,9.0,6.0,8.96702,7.0,2719.15,65.0,122.0,9.0,7.0,3.0,3.0
2961.15,3687.15,2719.15,968.0,419.1562954316683,62.0,65.0,53.0,12.0,5.196152422706632,125.75,137.0,122.0,15.0,6.49519052838329,8.25,9.0,6.0,3.0,1.299038105676658,6.25,7.0,4.0,3.0,1.299038105676658,3.75,6.0,3.0,3.0,1.299038105676658,3.75,6.0,3.0,3.0,1.299038105676658,2.2,135.0,9.0,6.0,8.96702,7.0,2719.15,65.0,122.0,9.0,7.0,3.0,3.0
2488.15,2719.15,1795.15,924.0,400.10373654841067,51.75,65.0,12.0,53.0,22.949673200287624,132.25,163.0,122.0,41.0,17.75352077758099,7.5,9.0,3.0,6.0,2.598076211353316,5.5,7.0,1.0,6.0,2.598076211353316,4.5,9.0,3.0,6.0,2.598076211353316,4.5,9.0,3.0,6.0,2.598076211353316,2.2,135.0,9.0,6.0,8.96702,7.0,2719.15,65.0,122.0,9.0,7.0,3.0,3.0
2212.53175,2719.15,692.6769999999999,2026.4730000000002,877.4885490416315,68.0,77.0,65.0,12.0,5.196152422706632,121.0,122.0,118.0,4.0,1.7320508075688772,9.75,12.0,9.0,3.0,1.299038105676658,7.75,10.0,7.0,3.0,1.299038105676658,2.25,3.0,0.0,3.0,1.299038105676658,2.25,3.0,0.0,3.0,1.299038105676658,2.2,135.0,9.0,6.0,8.96702,7.0,2719.15,65.0,122.0,9.0,7.0,3.0,3.0
2571.15,2719.15,2127.15,592.0,256.34351952019387,59.75,65.0,44.0,21.0,9.093266739736606,130.0,154.0,122.0,32.0,13.856406460551018,7.75,9.0,4.0,5.0,2.165063509461097,5.75,7.0,2.0,5.0,2.165063509461097,4.25,8.0,3.0,5.0,2.165063509461097,4.25,8.0,3.0,5.0,2.165063509461097,2.2,135.0,9.0,6.0,8.96702,7.0,2719.15,65.0,122.0,9.0,7.0,3.0,3.0
1574.65,2719.15,1193.15,1526.0,660.7773830875267,26.0,65.0,13.0,52.0,22.516660498395403,165.5,180.0,122.0,58.0,25.11473670974872,4.5,9.0,3.0,6.0,2.598076211353316,2.5,7.0,1.0,6.0,2.598076211353316,7.5,9.0,3.0,6.0,2.598076211353316,7.5,9.0,3.0,6.0,2.598076211353316,1.1,195.0,3.0,6.0,5.5769,1.0,1193.15,13.0,180.0,3.0,1.0,9.0,9.0
2851.15,2895.15,2719.15,176.0,76.2102355330306,55.25,65.0,52.0,13.0,5.629165124598851,134.0,138.0,122.0,16.0,6.928203230275509,6.75,9.0,6.0,3.0,1.299038105676658,5.5,7.0,5.0,2.0,0.8660254037844386,5.25,6.0,3.0,3.0,1.299038105676658,4.5,5.0,3.0,2.0,0.8660254037844386,2.16,145.0,6.0,5.0,7.09243,5.0,2895.15,52.0,138.0,6.0,5.0,6.0,5.0
2742.4,2750.15,2719.15,31.0,13.423393758658799,52.25,65.0,48.0,17.0,7.361215932167728,140.75,147.0,122.0,25.0,10.825317547305483,6.0,9.0,5.0,4.0,1.7320508075688772,4.75,7.0,4.0,3.0,1.299038105676658,6.0,7.0,3.0,4.0,1.7320508075688772,5.25,6.0,3.0,3.0,1.299038105676658,1.6,145.0,5.0,5.0,6.75885,4.0,2750.15,48.0,147.0,5.0,4.0,7.0,6.0
1975.9,2719.15,1728.15,991.0,429.11558757518935,66.5,67.0,65.0,2.0,0.8660254037844386,113.00000000000001,122.0,110.00000000000001,11.999999999999986,5.196152422706626,9.75,10.0,9.0,1.0,0.4330127018922193,7.75,8.0,7.0,1.0,0.4330127018922193,2.25,3.0,2.0,1.0,0.4330127018922193,2.25,3.0,2.0,1.0,0.4330127018922193,1.91,135.0,10.0,4.0,7.639878,8.0,1728.15,67.0,110.00000000000001,10.0,8.0,2.0,2.0
3159.4,3306.15,2719.15,587.0,254.17845601073273,62.0,65.0,61.0,4.0,1.7320508075688772,127.25,129.0,122.0,7.0,3.031088913245535,8.25,9.0,8.0,1.0,0.4330127018922193,6.25,7.0,6.0,1.0,0.4330127018922193,3.75,4.0,3.0,1.0,0.4330127018922193,3.75,4.0,3.0,1.0,0.4330127018922193,2.2,130.0,8.0,6.0,8.43823,6.0,3306.15,61.0,129.0,8.0,6.0,4.0,4.0
1130.2465,2719.15,600.612,2118.538,917.3538634413386,84.5,91.0,65.0,26.0,11.258330249197702,138.5,144.0,122.0,22.0,9.526279441628825,5.25,9.0,4.0,5.0,2.165063509461097,9.25,10.0,7.0,3.0,1.299038105676658,3.75,4.0,3.0,1.0,0.4330127018922193,0.75,3.0,0.0,3.0,1.299038105676658,1.8,180.0,14.0,6.0,7.4166799,10.0,600.612,91.0,144.0,4.0,10.0,4.0,0.0
2050.75,2719.15,1827.9499999999998,891.2000000000003,385.900919926346,67.25,68.0,65.0,3.0,1.299038105676658,120.5,122.0,120.0,2.0,0.8660254037844386,9.75,10.0,9.0,1.0,0.4330127018922193,9.25,10.0,7.0,3.0,1.299038105676658,0.75,3.0,0.0,3.0,1.299038105676658,0.75,3.0,0.0,3.0,1.299038105676658,2.2,140.0,10.0,5.0,8.336839,10.0,1827.9499999999998,68.0,120.0,10.0,10.0,0.0,0.0
2210.7999999999997,2719.15,2041.35,677.8000000000002,293.49600934254636,68.0,69.0,65.0,4.0,1.7320508075688772,122.75,123.0,122.0,1.0,0.4330127018922193,9.75,10.0,9.0,1.0,0.4330127018922193,8.5,9.0,7.0,2.0,0.8660254037844386,2.25,3.0,2.0,1.0,0.4330127018922193,1.5,3.0,1.0,2.0,0.8660254037844386,2.2,135.0,10.0,6.0,8.95883,9.0,2041.35,69.0,123.0,10.0,9.0,2.0,1.0
3273.4,3458.15,2719.15,739.0,319.9963866983501,59.0,65.0,57.0,8.0,3.4641016151377544,128.75,131.0,122.0,9.0,3.897114317029974,7.5,9.0,7.0,2.0,0.8660254037844386,5.5,7.0,5.0,2.0,0.8660254037844386,4.5,5.0,3.0,2.0,0.8660254037844386,4.5,5.0,3.0,2.0,0.8660254037844386,1.9,135.0,7.0,6.0,7.83352,5.0,3458.15,57.0,131.0,7.0,5.0,5.0,5.0
2356.9,2719.15,2236.15,483.0,209.14513501394194,64.25,65.0,64.0,1.0,0.4330127018922193,124.25,125.0,122.0,3.0,1.299038105676658,9.0,9.0,9.0,0.0,0.0,7.75,8.0,7.0,1.0,0.4330127018922193,3.0,3.0,3.0,0.0,0.0,2.25,3.0,2.0,1.0,0.4330127018922193,2.28,135.0,9.0,5.0,7.4589,8.0,2236.15,64.0,125.0,9.0,8.0,3.0,2.0
2634.4,2719.15,2606.15,113.0,48.93043531382078,61.25,65.0,60.0,5.0,2.165063509461097,124.25,125.0,122.0,3.0,1.299038105676658,8.25,9.0,8.0,1.0,0.4330127018922193,7.0,7.0,7.0,0.0,0.0,3.75,4.0,3.0,1.0,0.4330127018922193,3.0,3.0,3.0,0.0,0.0,2.2,130.0,8.0,5.0,7.3605,7.0,2606.15,60.0,125.0,8.0,7.0,4.0,3.0
2040.4,2719.15,1814.15,905.0,391.8764952124585,24.5,65.0,11.0,54.0,23.382685902179844,141.5,148.0,122.0,26.0,11.258330249197702,4.5,9.0,3.0,6.0,2.598076211353316,2.5,7.0,1.0,6.0,2.598076211353316,7.5,9.0,3.0,6.0,2.598076211353316,7.5,9.0,3.0,6.0,2.598076211353316,1.36,160.0,3.0,4.0,6.56149,1.0,1814.15,11.0,148.0,3.0,1.0,9.0,9.0
1058.5975,2719.15,505.08,2214.07,958.7204328785061,83.75,90.0,65.0,25.0,10.825317547305483,135.5,140.0,122.0,18.0,7.794228634059948,5.25,9.0,4.0,5.0,2.165063509461097,9.25,10.0,7.0,3.0,1.299038105676658,3.75,4.0,3.0,1.0,0.4330127018922193,0.75,3.0,0.0,3.0,1.299038105676658,1.96,145.0,14.0,5.0,7.343918,10.0,505.08,90.0,140.0,4.0,10.0,4.0,0.0
3147.4,3290.15,2719.15,571.0,247.25025278045723,53.0,65.0,49.0,16.0,6.928203230275509,140.0,146.0,122.0,24.0,10.392304845413264,6.0,9.0,5.0,4.0,1.7320508075688772,4.0,7.0,3.0,4.0,1.7320508075688772,6.0,7.0,3.0,4.0,1.7320508075688772,6.0,7.0,3.0,4.0,1.7320508075688772,1.5,145.0,5.0,6.0,7.549571,3.0,3290.15,49.0,146.0,5.0,3.0,7.0,7.0
2502.4,2719.15,2430.15,289.0,125.14067084685138,58.25,65.0,56.0,9.0,3.897114317029974,126.5,128.0,122.0,6.0,2.598076211353316,7.5,9.0,7.0,2.0,0.8660254037844386,5.5,7.0,5.0,2.0,0.8660254037844386,4.5,5.0,3.0,2.0,0.8660254037844386,4.5,5.0,3.0,2.0,0.8660254037844386,2.1,135.0,7.0,5.0,7.11938,5.0,2430.15,56.0,128.0,7.0,5.0,5.0,5.0
2137.15,2719.15,1943.15,776.0,336.0178566683622,48.5,65.0,43.0,22.0,9.526279441628825,132.5,136.0,122.0,14.0,6.06217782649107,5.25,9.0,4.0,5.0,2.165063509461097,3.25,7.0,2.0,5.0,2.165063509461097,6.75,8.0,3.0,5.0,2.165063509461097,6.75,8.0,3.0,5.0,2.165063509461097,1.54,140.0,4.0,4.0,6.82812,2.0,1943.15,43.0,136.0,4.0,2.0,8.0,8.0
1112.65,2719.15,577.15,2142.0,927.5132074531339,80.0,85.0,65.0,20.0,8.660254037844387,138.5,144.0,122.0,22.0,9.526279441628825,4.5,9.0,3.0,6.0,2.598076211353316,9.25,10.0,7.0,3.0,1.299038105676658,4.5,5.0,3.0,2.0,0.8660254037844386,0.75,3.0,0.0,3.0,1.299038105676658,1.8,190.0,13.0,6.0,6.1082873,10.0,577.15,85.0,144.0,3.0,10.0,5.0,0.0
2317.15,2719.15,2183.15,536.0,232.09480821422954,51.5,65.0,47.0,18.0,7.794228634059948,131.0,134.0,122.0,12.0,5.196152422706632,6.0,9.0,5.0,4.0,1.7320508075688772,4.0,7.0,3.0,4.0,1.7320508075688772,6.0,7.0,3.0,4.0,1.7320508075688772,6.0,7.0,3.0,4.0,1.7320508075688772,1.63,135.0,5.0,4.0,6.746187,3.0,2183.15,47.0,134.0,5.0,3.0,7.0,7.0
3445.15,3687.15,2719.15,968.0,419.1562954316683,56.0,65.0,53.0,12.0,5.196152422706632,133.25,137.0,122.0,15.0,6.49519052838329,6.75,9.0,6.0,3.0,1.299038105676658,4.75,7.0,4.0,3.0,1.299038105676658,5.25,6.0,3.0,3.0,1.299038105676658,5.25,6.0,3.0,3.0,1.299038105676658,1.7,135.0,6.0,6.0,7.86403,4.0,3687.15,53.0,137.0,6.0,4.0,6.0,6.0
2026.15,2719.15,1795.15,924.0,400.10373654841067,25.25,65.0,12.0,53.0,22.949673200287624,152.75,163.0,122.0,41.0,17.75352077758099,4.5,9.0,3.0,6.0,2.598076211353316,2.5,7.0,1.0,6.0,2.598076211353316,7.5,9.0,3.0,6.0,2.598076211353316,7.5,9.0,3.0,6.0,2.598076211353316,1.22,180.0,3.0,5.0,6.21726,1.0,1795.15,12.0,163.0,3.0,1.0,9.0,9.0
1199.2952500000001,2719.15,692.6769999999999,2026.4730000000002,877.4885490416314,74.0,77.0,65.0,12.0,5.196152422706632,119.0,122.0,118.0,4.0,1.7320508075688772,11.25,12.0,9.0,3.0,1.299038105676658,9.25,10.0,7.0,3.0,1.299038105676658,0.75,3.0,0.0,3.0,1.299038105676658,0.75,3.0,0.0,3.0,1.299038105676658,1.65,135.0,12.0,4.0,9.394197,10.0,692.6769999999999,77.0,118.0,12.0,10.0,0.0,0.0
2275.15,2719.15,2127.15,592.0,256.34351952019387,49.25,65.0,44.0,21.0,9.093266739736606,146.0,154.0,122.0,32.0,13.856406460551018,5.25,9.0,4.0,5.0,2.165063509461097,3.25,7.0,2.0,5.0,2.165063509461097,6.75,8.0,3.0,5.0,2.165063509461097,6.75,8.0,3.0,5.0,2.165063509461097,1.33,155.0,4.0,5.0,6.634126,2.0,2127.15,44.0,154.0,4.0,2.0,8.0,8.0
1274.65,1519.15,1193.15,326.0,141.1621408168635,23.5,55.0,13.0,42.0,18.186533479473212,164.75,180.0,119.0,61.0,26.413774815425377,4.0,7.0,3.0,4.0,1.7320508075688772,2.0,5.0,1.0,4.0,1.7320508075688772,8.0,9.0,5.0,4.0,1.7320508075688772,8.0,9.0,5.0,4.0,1.7320508075688772,1.1,195.0,3.0,6.0,5.5769,1.0,1193.15,13.0,180.0,3.0,1.0,9.0,9.0
1618.65,2895.15,1193.15,1702.0,736.9876186205573,22.75,52.0,13.0,39.0,16.887495373796554,169.5,180.0,138.0,42.0,18.186533479473212,3.75,6.0,3.0,3.0,1.299038105676658,2.0,5.0,1.0,4.0,1.7320508075688772,8.25,9.0,6.0,3.0,1.299038105676658,8.0,9.0,5.0,4.0,1.7320508075688772,1.1,195.0,3.0,6.0,5.5769,1.0,1193.15,13.0,180.0,3.0,1.0,9.0,9.0
1582.4,2750.15,1193.15,1557.0,674.2007768461855,21.75,48.0,13.0,35.0,15.155444566227676,171.75,180.0,147.0,33.0,14.289419162443238,3.5,5.0,3.0,2.0,0.8660254037844386,1.75,4.0,1.0,3.0,1.299038105676658,8.5,9.0,7.0,2.0,0.8660254037844386,8.25,9.0,6.0,3.0,1.299038105676658,1.1,195.0,3.0,6.0,5.5769,1.0,1193.15,13.0,180.0,3.0,1.0,9.0,9.0
1326.9,1728.15,1193.15,535.0,231.66179551233733,26.5,67.0,13.0,54.0,23.382685902179844,162.5,180.0,110.00000000000001,69.99999999999999,30.310889132455348,4.75,10.0,3.0,7.0,3.031088913245535,2.75,8.0,1.0,7.0,3.031088913245535,7.25,9.0,2.0,7.0,3.031088913245535,7.25,9.0,2.0,7.0,3.031088913245535,1.1,195.0,3.0,6.0,5.5769,1.0,1193.15,13.0,180.0,3.0,1.0,9.0,9.0
1721.4,3306.15,1193.15,2113.0,914.9558390982594,25.0,61.0,13.0,48.0,20.784609690826528,167.25,180.0,129.0,51.0,22.083647796503186,4.25,8.0,3.0,5.0,2.165063509461097,2.25,6.0,1.0,5.0,2.165063509461097,7.75,9.0,4.0,5.0,2.165063509461097,7.75,9.0,4.0,5.0,2.165063509461097,1.1,195.0,3.0,6.0,5.5769,1.0,1193.15,13.0,180.0,3.0,1.0,9.0,9.0
1045.0155,1193.15,600.612,592.5380000000001,256.5764803538119,32.5,91.0,13.0,78.0,33.77499074759311,171.0,180.0,144.0,36.0,15.588457268119896,3.25,4.0,3.0,1.0,0.4330127018922193,3.25,10.0,1.0,9.0,3.897114317029974,7.75,9.0,4.0,5.0,2.165063509461097,6.75,9.0,0.0,9.0,3.897114317029974,1.1,195.0,3.0,6.0,5.5769,1.0,1193.15,13.0,180.0,3.0,1.0,9.0,9.0
1351.85,1827.9499999999998,1193.15,634.7999999999997,274.8764631611807,26.75,68.0,13.0,55.0,23.81569860407206,165.0,180.0,120.0,60.0,25.98076211353316,4.75,10.0,3.0,7.0,3.031088913245535,3.25,10.0,1.0,9.0,3.897114317029974,6.75,9.0,0.0,9.0,3.897114317029974,6.75,9.0,0.0,9.0,3.897114317029974,1.1,195.0,3.0,6.0,5.5769,1.0,1193.15,13.0,180.0,3.0,1.0,9.0,9.0
1405.2,2041.35,1193.15,848.1999999999998,367.2813737449803,27.0,69.0,13.0,56.0,24.24871130596428,165.75,180.0,123.0,57.0,24.681724007856502,4.75,10.0,3.0,7.0,3.031088913245535,3.0,9.0,1.0,8.0,3.4641016151377544,7.25,9.0,2.0,7.0,3.031088913245535,7.0,9.0,1.0,8.0,3.4641016151377544,1.1,195.0,3.0,6.0,5.5769,1.0,1193.15,13.0,180.0,3.0,1.0,9.0,9.0
1759.4,3458.15,1193.15,2265.0,980.7737697858768,24.0,57.0,13.0,44.0,19.05255888325765,167.75,180.0,131.0,49.0,21.21762239271875,4.0,7.0,3.0,4.0,1.7320508075688772,2.0,5.0,1.0,4.0,1.7320508075688772,8.0,9.0,5.0,4.0,1.7320508075688772,8.0,9.0,5.0,4.0,1.7320508075688772,1.1,195.0,3.0,6.0,5.5769,1.0,1193.15,13.0,180.0,3.0,1.0,9.0,9.0
1453.9,2236.15,1193.15,1043.0,451.6322480735848,25.75,64.0,13.0,51.0,22.083647796503186,166.25,180.0,125.0,55.0,23.81569860407206,4.5,9.0,3.0,6.0,2.598076211353316,2.75,8.0,1.0,7.0,3.031088913245535,7.5,9.0,3.0,6.0,2.598076211353316,7.25,9.0,2.0,7.0,3.031088913245535,1.1,195.0,3.0,6.0,5.5769,1.0,1193.15,13.0,180.0,3.0,1.0,9.0,9.0
1546.4,2606.15,1193.15,1413.0,611.8469477737059,24.75,60.0,13.0,47.0,20.351596988934308,166.25,180.0,125.0,55.0,23.81569860407206,4.25,8.0,3.0,5.0,2.165063509461097,2.5,7.0,1.0,6.0,2.598076211353316,7.75,9.0,4.0,5.0,2.165063509461097,7.5,9.0,3.0,6.0,2.598076211353316,1.1,195.0,3.0,6.0,5.5769,1.0,1193.15,13.0,180.0,3.0,1.0,9.0,9.0
1348.4,1814.15,1193.15,621.0,268.9008878750682,12.5,13.0,11.0,2.0,0.8660254037844386,172.0,180.0,148.0,32.0,13.856406460551018,3.0,3.0,3.0,0.0,0.0,1.0,1.0,1.0,0.0,0.0,9.0,9.0,9.0,0.0,0.0,9.0,9.0,9.0,0.0,0.0,1.1,195.0,3.0,6.0,5.5769,1.0,1193.15,13.0,180.0,3.0,1.0,9.0,9.0
1021.1325,1193.15,505.08,688.0700000000002,297.9430497909794,32.25,90.0,13.0,77.0,33.34197804570089,170.0,180.0,140.0,40.0,17.320508075688775,3.25,4.0,3.0,1.0,0.4330127018922193,3.25,10.0,1.0,9.0,3.897114317029974,7.75,9.0,4.0,5.0,2.165063509461097,6.75,9.0,0.0,9.0,3.897114317029974,1.1,195.0,3.0,6.0,5.5769,1.0,1193.15,13.0,180.0,3.0,1.0,9.0,9.0
1717.4,3290.15,1193.15,2097.0,908.0276358679839,22.0,49.0,13.0,36.0,15.588457268119896,171.5,180.0,146.0,34.0,14.722431864335457,3.5,5.0,3.0,2.0,0.8660254037844386,1.5,3.0,1.0,2.0,0.8660254037844386,8.5,9.0,7.0,2.0,0.8660254037844386,8.5,9.0,7.0,2.0,0.8660254037844386,1.1,195.0,3.0,6.0,5.5769,1.0,1193.15,13.0,180.0,3.0,1.0,9.0,9.0
1502.4,2430.15,1193.15,1237.0,535.6367122406753,23.75,56.0,13.0,43.0,18.619546181365433,167.0,180.0,128.0,52.0,22.516660498395403,4.0,7.0,3.0,4.0,1.7320508075688772,2.0,5.0,1.0,4.0,1.7320508075688772,8.0,9.0,5.0,4.0,1.7320508075688772,8.0,9.0,5.0,4.0,1.7320508075688772,1.1,195.0,3.0,6.0,5.5769,1.0,1193.15,13.0,180.0,3.0,1.0,9.0,9.0
1380.65,1943.15,1193.15,750.0,324.7595264191645,20.5,43.0,13.0,30.0,12.99038105676658,169.0,180.0,136.0,44.0,19.05255888325765,3.25,4.0,3.0,1.0,0.4330127018922193,1.25,2.0,1.0,1.0,0.4330127018922193,8.75,9.0,8.0,1.0,0.4330127018922193,8.75,9.0,8.0,1.0,0.4330127018922193,1.1,195.0,3.0,6.0,5.5769,1.0,1193.15,13.0,180.0,3.0,1.0,9.0,9.0
1039.15,1193.15,577.15,616.0000000000001,266.73582436560713,31.0,85.0,13.0,72.0,31.176914536239792,171.0,180.0,144.0,36.0,15.588457268119896,3.0,3.0,3.0,0.0,0.0,3.25,10.0,1.0,9.0,3.897114317029974,8.0,9.0,5.0,4.0,1.7320508075688772,6.75,9.0,0.0,9.0,3.897114317029974,1.1,195.0,3.0,6.0,5.5769,1.0,1193.15,13.0,180.0,3.0,1.0,9.0,9.0
1440.65,2183.15,1193.15,990.0,428.68257487329714,21.5,47.0,13.0,34.0,14.722431864335457,168.5,180.0,134.0,46.0,19.91858428704209,3.5,5.0,3.0,2.0,0.8660254037844386,1.5,3.0,1.0,2.0,0.8660254037844386,8.5,9.0,7.0,2.0,0.8660254037844386,8.5,9.0,7.0,2.0,0.8660254037844386,1.1,195.0,3.0,6.0,5.5769,1.0,1193.15,13.0,180.0,3.0,1.0,9.0,9.0
1816.65,3687.15,1193.15,2494.0,1079.933678519195,23.0,53.0,13.0,40.0,17.320508075688775,169.25,180.0,137.0,43.0,18.619546181365433,3.75,6.0,3.0,3.0,1.299038105676658,1.75,4.0,1.0,3.0,1.299038105676658,8.25,9.0,6.0,3.0,1.299038105676658,8.25,9.0,6.0,3.0,1.299038105676658,1.1,195.0,3.0,6.0,5.5769,1.0,1193.15,13.0,180.0,3.0,1.0,9.0,9.0
1343.65,1795.15,1193.15,602.0,260.673646539116,12.75,13.0,12.0,1.0,0.4330127018922193,175.75,180.0,163.0,17.0,7.361215932167728,3.0,3.0,3.0,0.0,0.0,1.0,1.0,1.0,0.0,0.0,9.0,9.0,9.0,0.0,0.0,9.0,9.0,9.0,0.0,0.0,1.1,195.0,3.0,6.0,5.5769,1.0,1193.15,13.0,180.0,3.0,1.0,9.0,9.0
1068.03175,1193.15,692.6769999999999,500.4730000000002,216.71116595410476,29.0,77.0,13.0,64.0,27.712812921102035,164.5,180.0,118.0,62.0,26.846787517317598,5.25,12.0,3.0,9.0,3.897114317029974,3.25,10.0,1.0,9.0,3.897114317029974,6.75,9.0,0.0,9.0,3.897114317029974,6.75,9.0,0.0,9.0,3.897114317029974,1.1,195.0,3.0,6.0,5.5769,1.0,1193.15,13.0,180.0,3.0,1.0,9.0,9.0
1426.65,2127.15,1193.15,934.0,404.4338635673328,20.75,44.0,13.0,31.0,13.423393758658799,173.5,180.0,154.0,26.0,11.258330249197702,3.25,4.0,3.0,1.0,0.4330127018922193,1.25,2.0,1.0,1.0,0.4330127018922193,8.75,9.0,8.0,1.0,0.4330127018922193,8.75,9.0,8.0,1.0,0.4330127018922193,1.1,195.0,3.0,6.0,5.5769,1.0,1193.15,13.0,180.0,3.0,1.0,9.0,9.0
2469.65,2895.15,1193.15,1702.0,736.9876186205573,42.25,52.0,13.0,39.0,16.887495373796554,148.5,180.0,138.0,42.0,18.186533479473212,5.25,6.0,3.0,3.0,1.299038105676658,4.0,5.0,1.0,4.0,1.7320508075688772,6.75,9.0,6.0,3.0,1.299038105676658,6.0,9.0,5.0,4.0,1.7320508075688772,2.16,145.0,6.0,5.0,7.09243,5.0,2895.15,52.0,138.0,6.0,5.0,6.0,5.0
2360.9,2750.15,1193.15,1557.0,674.2007768461855,39.25,48.0,13.0,35.0,15.155444566227676,155.25,180.0,147.0,33.0,14.289419162443238,4.5,5.0,3.0,2.0,0.8660254037844386,3.25,4.0,1.0,3.0,1.299038105676658,7.5,9.0,7.0,2.0,0.8660254037844386,6.75,9.0,6.0,3.0,1.299038105676658,1.6,145.0,5.0,5.0,6.75885,4.0,2750.15,48.0,147.0,5.0,4.0,7.0,6.0
1594.4,1728.15,1193.15,535.0,231.66179551233733,53.5,67.0,13.0,54.0,23.382685902179844,127.50000000000001,180.0,110.00000000000001,69.99999999999999,30.310889132455348,8.25,10.0,3.0,7.0,3.031088913245535,6.25,8.0,1.0,7.0,3.031088913245535,3.75,9.0,2.0,7.0,3.031088913245535,3.75,9.0,2.0,7.0,3.031088913245535,1.91,135.0,10.0,4.0,7.639878,8.0,1728.15,67.0,110.00000000000001,10.0,8.0,2.0,2.0
2777.9,3306.15,1193.15,2113.0,914.9558390982594,49.0,61.0,13.0,48.0,20.784609690826528,141.75,180.0,129.0,51.0,22.083647796503186,6.75,8.0,3.0,5.0,2.165063509461097,4.75,6.0,1.0,5.0,2.165063509461097,5.25,9.0,4.0,5.0,2.165063509461097,5.25,9.0,4.0,5.0,2.165063509461097,2.2,130.0,8.0,6.0,8.43823,6.0,3306.15,61.0,129.0,8.0,6.0,4.0,4.0
748.7465,1193.15,600.612,592.5380000000001,256.5764803538119,71.5,91.0,13.0,78.0,33.77499074759311,153.0,180.0,144.0,36.0,15.588457268119896,3.75,4.0,3.0,1.0,0.4330127018922193,7.75,10.0,1.0,9.0,3.897114317029974,5.25,9.0,4.0,5.0,2.165063509461097,2.25,9.0,0.0,9.0,3.897114317029974,1.8,180.0,14.0,6.0,7.4166799,10.0,600.612,91.0,144.0,4.0,10.0,4.0,0.0
1669.25,1827.9499999999998,1193.15,634.7999999999997,274.8764631611807,54.25,68.0,13.0,55.0,23.81569860407206,135.0,180.0,120.0,60.0,25.98076211353316,8.25,10.0,3.0,7.0,3.031088913245535,7.75,10.0,1.0,9.0,3.897114317029974,2.25,9.0,0.0,9.0,3.897114317029974,2.25,9.0,0.0,9.0,3.897114317029974,2.2,140.0,10.0,5.0,8.336839,10.0,1827.9499999999998,68.0,120.0,10.0,10.0,0.0,0.0
1829.2999999999997,2041.35,1193.15,848.1999999999998,367.2813737449804,55.0,69.0,13.0,56.0,24.24871130596428,137.25,180.0,123.0,57.0,24.681724007856502,8.25,10.0,3.0,7.0,3.031088913245535,7.0,9.0,1.0,8.0,3.4641016151377544,3.75,9.0,2.0,7.0,3.031088913245535,3.0,9.0,1.0,8.0,3.4641016151377544,2.2,135.0,10.0,6.0,8.95883,9.0,2041.35,69.0,123.0,10.0,9.0,2.0,1.0
2891.9,3458.15,1193.15,2265.0,980.7737697858768,46.0,57.0,13.0,44.0,19.05255888325765,143.25,180.0,131.0,49.0,21.21762239271875,6.0,7.0,3.0,4.0,1.7320508075688772,4.0,5.0,1.0,4.0,1.7320508075688772,6.0,9.0,5.0,4.0,1.7320508075688772,6.0,9.0,5.0,4.0,1.7320508075688772,1.9,135.0,7.0,6.0,7.83352,5.0,3458.15,57.0,131.0,7.0,5.0,5.0,5.0
1975.4,2236.15,1193.15,1043.0,451.6322480735848,51.25,64.0,13.0,51.0,22.083647796503186,138.75,180.0,125.0,55.0,23.81569860407206,7.5,9.0,3.0,6.0,2.598076211353316,6.25,8.0,1.0,7.0,3.031088913245535,4.5,9.0,3.0,6.0,2.598076211353316,3.75,9.0,2.0,7.0,3.031088913245535,2.28,135.0,9.0,5.0,7.4589,8.0,2236.15,64.0,125.0,9.0,8.0,3.0,2.0
2252.9,2606.15,1193.15,1413.0,611.8469477737059,48.25,60.0,13.0,47.0,20.351596988934308,138.75,180.0,125.0,55.0,23.81569860407206,6.75,8.0,3.0,5.0,2.165063509461097,5.5,7.0,1.0,6.0,2.598076211353316,5.25,9.0,4.0,5.0,2.165063509461097,4.5,9.0,3.0,6.0,2.598076211353316,2.2,130.0,8.0,5.0,7.3605,7.0,2606.15,60.0,125.0,8.0,7.0,4.0,3.0
1658.9,1814.15,1193.15,621.0,268.9008878750682,11.5,13.0,11.0,2.0,0.8660254037844386,156.0,180.0,148.0,32.0,13.856406460551018,3.0,3.0,3.0,0.0,0.0,1.0,1.0,1.0,0.0,0.0,9.0,9.0,9.0,0.0,0.0,9.0,9.0,9.0,0.0,0.0,1.36,160.0,3.0,4.0,6.56149,1.0,1814.15,11.0,148.0,3.0,1.0,9.0,9.0
677.0975000000001,1193.15,505.08,688.0700000000002,297.9430497909794,70.75,90.0,13.0,77.0,33.34197804570089,150.0,180.0,140.0,40.0,17.320508075688775,3.75,4.0,3.0,1.0,0.4330127018922193,7.75,10.0,1.0,9.0,3.897114317029974,5.25,9.0,4.0,5.0,2.165063509461097,2.25,9.0,0.0,9.0,3.897114317029974,1.96,145.0,14.0,5.0,7.343918,10.0,505.08,90.0,140.0,4.0,10.0,4.0,0.0
2765.9,3290.15,1193.15,2097.0,908.0276358679839,40.0,49.0,13.0,36.0,15.588457268119896,154.5,180.0,146.0,34.0,14.722431864335457,4.5,5.0,3.0,2.0,0.8660254037844386,2.5,3.0,1.0,2.0,0.8660254037844386,7.5,9.0,7.0,2.0,0.8660254037844386,7.5,9.0,7.0,2.0,0.8660254037844386,1.5,145.0,5.0,6.0,7.549571,3.0,3290.15,49.0,146.0,5.0,3.0,7.0,7.0
2120.9,2430.15,1193.15,1237.0,535.6367122406753,45.25,56.0,13.0,43.0,18.619546181365433,141.0,180.0,128.0,52.0,22.516660498395403,6.0,7.0,3.0,4.0,1.7320508075688772,4.0,5.0,1.0,4.0,1.7320508075688772,6.0,9.0,5.0,4.0,1.7320508075688772,6.0,9.0,5.0,4.0,1.7320508075688772,2.1,135.0,7.0,5.0,7.11938,5.0,2430.15,56.0,128.0,7.0,5.0,5.0,5.0
1755.65,1943.15,1193.15,750.0,324.7595264191645,35.5,43.0,13.0,30.0,12.99038105676658,147.0,180.0,136.0,44.0,19.05255888325765,3.75,4.0,3.0,1.0,0.4330127018922193,1.75,2.0,1.0,1.0,0.4330127018922193,8.25,9.0,8.0,1.0,0.4330127018922193,8.25,9.0,8.0,1.0,0.4330127018922193,1.54,140.0,4.0,4.0,6.82812,2.0,1943.15,43.0,136.0,4.0,2.0,8.0,8.0
731.15,1193.15,577.15,616.0000000000001,266.73582436560713,67.0,85.0,13.0,72.0,31.176914536239792,153.0,180.0,144.0,36.0,15.588457268119896,3.0,3.0,3.0,0.0,0.0,7.75,10.0,1.0,9.0,3.897114317029974,6.0,9.0,5.0,4.0,1.7320508075688772,2.25,9.0,0.0,9.0,3.897114317029974,1.8,190.0,13.0,6.0,6.1082873,10.0,577.15,85.0,144.0,3.0,10.0,5.0,0.0
1935.65,2183.15,1193.15,990.0,428.68257487329714,38.5,47.0,13.0,34.0,14.722431864335457,145.5,180.0,134.0,46.0,19.91858428704209,4.5,5.0,3.0,2.0,0.8660254037844386,2.5,3.0,1.0,2.0,0.8660254037844386,7.5,9.0,7.0,2.0,0.8660254037844386,7.5,9.0,7.0,2.0,0.8660254037844386,1.63,135.0,5.0,4.0,6.746187,3.0,2183.15,47.0,134.0,5.0,3.0,7.0,7.0
3063.65,3687.15,1193.15,2494.0,1079.933678519195,43.0,53.0,13.0,40.0,17.320508075688775,147.75,180.0,137.0,43.0,18.619546181365433,5.25,6.0,3.0,3.0,1.299038105676658,3.25,4.0,1.0,3.0,1.299038105676658,6.75,9.0,6.0,3.0,1.299038105676658,6.75,9.0,6.0,3.0,1.299038105676658,1.7,135.0,6.0,6.0,7.86403,4.0,3687.15,53.0,137.0,6.0,4.0,6.0,6.0
1644.65,1795.15,1193.15,602.0,260.673646539116,12.25,13.0,12.0,1.0,0.4330127018922193,167.25,180.0,163.0,17.0,7.361215932167728,3.0,3.0,3.0,0.0,0.0,1.0,1.0,1.0,0.0,0.0,9.0,9.0,9.0,0.0,0.0,9.0,9.0,9.0,0.0,0.0,1.22,180.0,3.0,5.0,6.21726,1.0,1795.15,12.0,163.0,3.0,1.0,9.0,9.0
817.79525,1193.15,692.6769999999999,500.4730000000002,216.71116595410476,61.0,77.0,13.0,64.0,27.712812921102035,133.5,180.0,118.0,62.0,26.846787517317598,9.75,12.0,3.0,9.0,3.897114317029974,7.75,10.0,1.0,9.0,3.897114317029974,2.25,9.0,0.0,9.0,3.897114317029974,2.25,9.0,0.0,9.0,3.897114317029974,1.65,135.0,12.0,4.0,9.394197,10.0,692.6769999999999,77.0,118.0,12.0,10.0,0.0,0.0
1893.65,2127.15,1193.15,934.0,404.4338635673328,36.25,44.0,13.0,31.0,13.423393758658799,160.5,180.0,154.0,26.0,11.258330249197702,3.75,4.0,3.0,1.0,0.4330127018922193,1.75,2.0,1.0,1.0,0.4330127018922193,8.25,9.0,8.0,1.0,0.4330127018922193,8.25,9.0,8.0,1.0,0.4330127018922193,1.33,155.0,4.0,5.0,6.634126,2.0,2127.15,44.0,154.0,4.0,2.0,8.0,8.0
1863.15,2895.15,1519.15,1376.0,595.8254778036938,54.25,55.0,52.0,3.0,1.299038105676658,123.75,138.0,119.0,19.0,8.227241335952167,6.75,7.0,6.0,1.0,0.4330127018922193,5.0,5.0,5.0,0.0,0.0,5.25,6.0,5.0,1.0,0.4330127018922193,5.0,5.0,5.0,0.0,0.0,1.55,140.0,7.0,4.0,7.434038,5.0,1519.15,55.0,119.0,7.0,5.0,5.0,5.0
1571.4,1728.15,1519.15,209.0,90.49965469547384,58.0,67.0,55.0,12.0,5.196152422706632,116.75,119.0,110.00000000000001,8.999999999999986,3.897114317029968,7.75,10.0,7.0,3.0,1.299038105676658,5.75,8.0,5.0,3.0,1.299038105676658,4.25,5.0,2.0,3.0,1.299038105676658,4.25,5.0,2.0,3.0,1.299038105676658,1.55,140.0,7.0,4.0,7.434038,5.0,1519.15,55.0,119.0,7.0,5.0,5.0,5.0
1965.9,3306.15,1519.15,1787.0,773.7936982813959,56.5,61.0,55.0,6.0,2.598076211353316,121.5,129.0,119.0,10.0,4.330127018922194,7.25,8.0,7.0,1.0,0.4330127018922193,5.25,6.0,5.0,1.0,0.4330127018922193,4.75,5.0,4.0,1.0,0.4330127018922193,4.75,5.0,4.0,1.0,0.4330127018922193,1.55,140.0,7.0,4.0,7.434038,5.0,1519.15,55.0,119.0,7.0,5.0,5.0,5.0
2003.9,3458.15,1519.15,1939.0,839.6116289690133,55.5,57.0,55.0,2.0,0.8660254037844386,122.0,131.0,119.0,12.0,5.196152422706632,7.0,7.0,7.0,0.0,0.0,5.0,5.0,5.0,0.0,0.0,5.0,5.0,5.0,0.0,0.0,5.0,5.0,5.0,0.0,0.0,1.55,140.0,7.0,4.0,7.434038,5.0,1519.15,55.0,119.0,7.0,5.0,5.0,5.0
1746.9,2430.15,1519.15,911.0,394.4745714238118,55.25,56.0,55.0,1.0,0.4330127018922193,121.25,128.0,119.0,9.0,3.897114317029974,7.0,7.0,7.0,0.0,0.0,5.0,5.0,5.0,0.0,0.0,5.0,5.0,5.0,0.0,0.0,5.0,5.0,5.0,0.0,0.0,1.55,140.0,7.0,4.0,7.434038,5.0,1519.15,55.0,119.0,7.0,5.0,5.0,5.0
1685.15,2183.15,1519.15,664.0,287.52043405643366,53.0,55.0,47.0,8.0,3.4641016151377544,122.75,134.0,119.0,15.0,6.49519052838329,6.5,7.0,5.0,2.0,0.8660254037844386,4.5,5.0,3.0,2.0,0.8660254037844386,5.5,7.0,5.0,2.0,0.8660254037844386,5.5,7.0,5.0,2.0,0.8660254037844386,1.55,140.0,7.0,4.0,7.434038,5.0,1519.15,55.0,119.0,7.0,5.0,5.0,5.0
2061.15,3687.15,1519.15,2168.0,938.7715377023314,54.5,55.0,53.0,2.0,0.8660254037844386,123.5,137.0,119.0,18.0,7.794228634059948,6.75,7.0,6.0,1.0,0.4330127018922193,4.75,5.0,4.0,1.0,0.4330127018922193,5.25,6.0,5.0,1.0,0.4330127018922193,5.25,6.0,5.0,1.0,0.4330127018922193,1.55,140.0,7.0,4.0,7.434038,5.0,1519.15,55.0,119.0,7.0,5.0,5.0,5.0
2551.15,2895.15,1519.15,1376.0,595.8254778036938,52.75,55.0,52.0,3.0,1.299038105676658,133.25,138.0,119.0,19.0,8.227241335952167,6.25,7.0,6.0,1.0,0.4330127018922193,5.0,5.0,5.0,0.0,0.0,5.75,6.0,5.0,1.0,0.4330127018922193,5.0,5.0,5.0,0.0,0.0,2.16,145.0,6.0,5.0,7.09243,5.0,2895.15,52.0,138.0,6.0,5.0,6.0,5.0
2442.4,2750.15,1519.15,1231.0,533.038636029322,49.75,55.0,48.0,7.0,3.031088913245535,140.0,147.0,119.0,28.0,12.12435565298214,5.5,7.0,5.0,2.0,0.8660254037844386,4.25,5.0,4.0,1.0,0.4330127018922193,6.5,7.0,5.0,2.0,0.8660254037844386,5.75,6.0,5.0,1.0,0.4330127018922193,1.6,145.0,5.0,5.0,6.75885,4.0,2750.15,48.0,147.0,5.0,4.0,7.0,6.0
1675.9,1728.15,1519.15,209.0,90.49965469547384,64.0,67.0,55.0,12.0,5.196152422706632,112.25000000000001,119.0,110.00000000000001,8.999999999999986,3.897114317029968,9.25,10.0,7.0,3.0,1.299038105676658,7.25,8.0,5.0,3.0,1.299038105676658,2.75,5.0,2.0,3.0,1.299038105676658,2.75,5.0,2.0,3.0,1.299038105676658,1.91,135.0,10.0,4.0,7.639878,8.0,1728.15,67.0,110.00000000000001,10.0,8.0,2.0,2.0
2859.4,3306.15,1519.15,1787.0,773.7936982813959,59.5,61.0,55.0,6.0,2.598076211353316,126.5,129.0,119.0,10.0,4.330127018922194,7.75,8.0,7.0,1.0,0.4330127018922193,5.75,6.0,5.0,1.0,0.4330127018922193,4.25,5.0,4.0,1.0,0.4330127018922193,4.25,5.0,4.0,1.0,0.4330127018922193,2.2,130.0,8.0,6.0,8.43823,6.0,3306.15,61.0,129.0,8.0,6.0,4.0,4.0
830.2465,1519.15,600.612,918.5380000000001,397.7386211706754,82.0,91.0,55.0,36.0,15.588457268119896,137.75,144.0,119.0,25.0,10.825317547305483,4.75,7.0,4.0,3.0,1.299038105676658,8.75,10.0,5.0,5.0,2.165063509461097,4.25,5.0,4.0,1.0,0.4330127018922193,1.25,5.0,0.0,5.0,2.165063509461097,1.8,180.0,14.0,6.0,7.4166799,10.0,600.612,91.0,144.0,4.0,10.0,4.0,0.0
1750.75,1827.9499999999998,1519.15,308.7999999999997,133.7143223443172,64.75,68.0,55.0,13.0,5.629165124598851,119.75,120.0,119.0,1.0,0.4330127018922193,9.25,10.0,7.0,3.0,1.299038105676658,8.75,10.0,5.0,5.0,2.165063509461097,1.25,5.0,0.0,5.0,2.165063509461097,1.25,5.0,0.0,5.0,2.165063509461097,2.2,140.0,10.0,5.0,8.336839,10.0,1827.9499999999998,68.0,120.0,10.0,10.0,0.0,0.0
1910.7999999999997,2041.35,1519.15,522.1999999999998,226.11923292811684,65.5,69.0,55.0,14.0,6.06217782649107,122.0,123.0,119.0,4.0,1.7320508075688772,9.25,10.0,7.0,3.0,1.299038105676658,8.0,9.0,5.0,4.0,1.7320508075688772,2.75,5.0,2.0,3.0,1.299038105676658,2.0,5.0,1.0,4.0,1.7320508075688772,2.2,135.0,10.0,6.0,8.95883,9.0,2041.35,69.0,123.0,10.0,9.0,2.0,1.0
2056.9,2236.15,1519.15,717.0,310.47010725672123,61.75,64.0,55.0,9.0,3.897114317029974,123.5,125.0,119.0,6.0,2.598076211353316,8.5,9.0,7.0,2.0,0.8660254037844386,7.25,8.0,5.0,3.0,1.299038105676658,3.5,5.0,3.0,2.0,0.8660254037844386,2.75,5.0,2.0,3.0,1.299038105676658,2.28,135.0,9.0,5.0,7.4589,8.0,2236.15,64.0,125.0,9.0,8.0,3.0,2.0
2334.4,2606.15,1519.15,1087.0,470.6848069568424,58.75,60.0,55.0,5.0,2.165063509461097,123.5,125.0,119.0,6.0,2.598076211353316,7.75,8.0,7.0,1.0,0.4330127018922193,6.5,7.0,5.0,2.0,0.8660254037844386,4.25,5.0,4.0,1.0,0.4330127018922193,3.5,5.0,3.0,2.0,0.8660254037844386,2.2,130.0,8.0,5.0,7.3605,7.0,2606.15,60.0,125.0,8.0,7.0,4.0,3.0
758.5975000000001,1519.15,505.08,1014.0700000000002,439.10519060784287,81.25,90.0,55.0,35.0,15.155444566227676,134.75,140.0,119.0,21.0,9.093266739736606,4.75,7.0,4.0,3.0,1.299038105676658,8.75,10.0,5.0,5.0,2.165063509461097,4.25,5.0,4.0,1.0,0.4330127018922193,1.25,5.0,0.0,5.0,2.165063509461097,1.96,145.0,14.0,5.0,7.343918,10.0,505.08,90.0,140.0,4.0,10.0,4.0,0.0
2847.4,3290.15,1519.15,1771.0,766.8654950511204,50.5,55.0,49.0,6.0,2.598076211353316,139.25,146.0,119.0,27.0,11.691342951089922,5.5,7.0,5.0,2.0,0.8660254037844386,3.5,5.0,3.0,2.0,0.8660254037844386,6.5,7.0,5.0,2.0,0.8660254037844386,6.5,7.0,5.0,2.0,0.8660254037844386,1.5,145.0,5.0,6.0,7.549571,3.0,3290.15,49.0,146.0,5.0,3.0,7.0,7.0
2202.4,2430.15,1519.15,911.0,394.4745714238118,55.75,56.0,55.0,1.0,0.4330127018922193,125.75,128.0,119.0,9.0,3.897114317029974,7.0,7.0,7.0,0.0,0.0,5.0,5.0,5.0,0.0,0.0,5.0,5.0,5.0,0.0,0.0,5.0,5.0,5.0,0.0,0.0,2.1,135.0,7.0,5.0,7.11938,5.0,2430.15,56.0,128.0,7.0,5.0,5.0,5.0
1837.15,1943.15,1519.15,424.0,183.597385602301,46.0,55.0,43.0,12.0,5.196152422706632,131.75,136.0,119.0,17.0,7.361215932167728,4.75,7.0,4.0,3.0,1.299038105676658,2.75,5.0,2.0,3.0,1.299038105676658,7.25,8.0,5.0,3.0,1.299038105676658,7.25,8.0,5.0,3.0,1.299038105676658,1.54,140.0,4.0,4.0,6.82812,2.0,1943.15,43.0,136.0,4.0,2.0,8.0,8.0
812.65,1519.15,577.15,942.0000000000001,407.89796518247067,77.5,85.0,55.0,30.0,12.99038105676658,137.75,144.0,119.0,25.0,10.825317547305483,4.0,7.0,3.0,4.0,1.7320508075688772,8.75,10.0,5.0,5.0,2.165063509461097,5.0,5.0,5.0,0.0,0.0,1.25,5.0,0.0,5.0,2.165063509461097,1.8,190.0,13.0,6.0,6.1082873,10.0,577.15,85.0,144.0,3.0,10.0,5.0,0.0
3145.15,3687.15,1519.15,2168.0,938.7715377023314,53.5,55.0,53.0,2.0,0.8660254037844386,132.5,137.0,119.0,18.0,7.794228634059948,6.25,7.0,6.0,1.0,0.4330127018922193,4.25,5.0,4.0,1.0,0.4330127018922193,5.75,6.0,5.0,1.0,0.4330127018922193,5.75,6.0,5.0,1.0,0.4330127018922193,1.7,135.0,6.0,6.0,7.86403,4.0,3687.15,53.0,137.0,6.0,4.0,6.0,6.0
1726.15,1795.15,1519.15,276.0,119.51150572225254,22.75,55.0,12.0,43.0,18.619546181365433,152.0,163.0,119.0,44.0,19.05255888325765,4.0,7.0,3.0,4.0,1.7320508075688772,2.0,5.0,1.0,4.0,1.7320508075688772,8.0,9.0,5.0,4.0,1.7320508075688772,8.0,9.0,5.0,4.0,1.7320508075688772,1.22,180.0,3.0,5.0,6.21726,1.0,1795.15,12.0,163.0,3.0,1.0,9.0,9.0
899.29525,1519.15,692.6769999999999,826.4730000000002,357.87330677096827,71.5,77.0,55.0,22.0,9.526279441628825,118.25,119.0,118.0,1.0,0.4330127018922193,10.75,12.0,7.0,5.0,2.165063509461097,8.75,10.0,5.0,5.0,2.165063509461097,1.25,5.0,0.0,5.0,2.165063509461097,1.25,5.0,0.0,5.0,2.165063509461097,1.65,135.0,12.0,4.0,9.394197,10.0,692.6769999999999,77.0,118.0,12.0,10.0,0.0,0.0
1975.15,2127.15,1519.15,608.0,263.27172275046934,46.75,55.0,44.0,11.0,4.763139720814412,145.25,154.0,119.0,35.0,15.155444566227676,4.75,7.0,4.0,3.0,1.299038105676658,2.75,5.0,2.0,3.0,1.299038105676658,7.25,8.0,5.0,3.0,1.299038105676658,7.25,8.0,5.0,3.0,1.299038105676658,1.33,155.0,4.0,5.0,6.634126,2.0,2127.15,44.0,154.0,4.0,2.0,8.0,8.0
2858.9,2895.15,2750.15,145.0,62.7868417743718,51.0,52.0,48.0,4.0,1.7320508075688772,140.25,147.0,138.0,9.0,3.897114317029974,5.75,6.0,5.0,1.0,0.4330127018922193,4.75,5.0,4.0,1.0,0.4330127018922193,6.25,7.0,6.0,1.0,0.4330127018922193,5.25,6.0,5.0,1.0,0.4330127018922193,2.16,145.0,6.0,5.0,7.09243,5.0,2895.15,52.0,138.0,6.0,5.0,6.0,5.0
2603.4,2895.15,1728.15,1167.0,505.32582310821994,55.75,67.0,52.0,15.0,6.49519052838329,131.0,138.0,110.00000000000001,27.999999999999986,12.124355652982135,7.0,10.0,6.0,4.0,1.7320508075688772,5.75,8.0,5.0,3.0,1.299038105676658,5.0,6.0,2.0,4.0,1.7320508075688772,4.25,5.0,2.0,3.0,1.299038105676658,2.16,145.0,6.0,5.0,7.09243,5.0,2895.15,52.0,138.0,6.0,5.0,6.0,5.0
2997.9,3306.15,2895.15,411.0,177.96822047770215,54.25,61.0,52.0,9.0,3.897114317029974,135.75,138.0,129.0,9.0,3.897114317029974,6.5,8.0,6.0,2.0,0.8660254037844386,5.25,6.0,5.0,1.0,0.4330127018922193,5.5,6.0,4.0,2.0,0.8660254037844386,4.75,5.0,4.0,1.0,0.4330127018922193,2.16,145.0,6.0,5.0,7.09243,5.0,2895.15,52.0,138.0,6.0,5.0,6.0,5.0
2321.5155,2895.15,600.612,2294.538,993.5640989743691,61.75,91.0,52.0,39.0,16.887495373796554,139.5,144.0,138.0,6.0,2.598076211353316,5.5,6.0,4.0,2.0,0.8660254037844386,6.25,10.0,5.0,5.0,2.165063509461097,5.5,6.0,4.0,2.0,0.8660254037844386,3.75,5.0,0.0,5.0,2.165063509461097,2.16,145.0,6.0,5.0,7.09243,5.0,2895.15,52.0,138.0,6.0,5.0,6.0,5.0
2628.3500000000004,2895.15,1827.9499999999998,1067.2000000000003,462.11115545937656,56.0,68.0,52.0,16.0,6.928203230275509,133.5,138.0,120.0,18.0,7.794228634059948,7.0,10.0,6.0,4.0,1.7320508075688772,6.25,10.0,5.0,5.0,2.165063509461097,4.5,6.0,0.0,6.0,2.598076211353316,3.75,5.0,0.0,5.0,2.165063509461097,2.16,145.0,6.0,5.0,7.09243,5.0,2895.15,52.0,138.0,6.0,5.0,6.0,5.0
2681.7000000000003,2895.15,2041.35,853.8000000000002,369.70624487557694,56.25,69.0,52.0,17.0,7.361215932167728,134.25,138.0,123.0,15.0,6.49519052838329,7.0,10.0,6.0,4.0,1.7320508075688772,6.0,9.0,5.0,4.0,1.7320508075688772,5.0,6.0,2.0,4.0,1.7320508075688772,4.0,5.0,1.0,4.0,1.7320508075688772,2.16,145.0,6.0,5.0,7.09243,5.0,2895.15,52.0,138.0,6.0,5.0,6.0,5.0
3035.9,3458.15,2895.15,563.0,243.78615116531947,53.25,57.0,52.0,5.0,2.165063509461097,136.25,138.0,131.0,7.0,3.031088913245535,6.25,7.0,6.0,1.0,0.4330127018922193,5.0,5.0,5.0,0.0,0.0,5.75,6.0,5.0,1.0,0.4330127018922193,5.0,5.0,5.0,0.0,0.0,2.16,145.0,6.0,5.0,7.09243,5.0,2895.15,52.0,138.0,6.0,5.0,6.0,5.0
2730.4,2895.15,2236.15,659.0,285.35537054697255,55.0,64.0,52.0,12.0,5.196152422706632,134.75,138.0,125.0,13.0,5.629165124598851,6.75,9.0,6.0,3.0,1.299038105676658,5.75,8.0,5.0,3.0,1.299038105676658,5.25,6.0,3.0,3.0,1.299038105676658,4.25,5.0,2.0,3.0,1.299038105676658,2.16,145.0,6.0,5.0,7.09243,5.0,2895.15,52.0,138.0,6.0,5.0,6.0,5.0
2822.9,2895.15,2606.15,289.0,125.14067084685138,54.0,60.0,52.0,8.0,3.4641016151377544,134.75,138.0,125.0,13.0,5.629165124598851,6.5,8.0,6.0,2.0,0.8660254037844386,5.5,7.0,5.0,2.0,0.8660254037844386,5.5,6.0,4.0,2.0,0.8660254037844386,4.5,5.0,3.0,2.0,0.8660254037844386,2.16,145.0,6.0,5.0,7.09243,5.0,2895.15,52.0,138.0,6.0,5.0,6.0,5.0
2624.9,2895.15,1814.15,1081.0,468.0867307454891,41.75,52.0,11.0,41.0,17.75352077758099,140.5,148.0,138.0,10.0,4.330127018922194,5.25,6.0,3.0,3.0,1.299038105676658,4.0,5.0,1.0,4.0,1.7320508075688772,6.75,9.0,6.0,3.0,1.299038105676658,6.0,9.0,5.0,4.0,1.7320508075688772,2.16,145.0,6.0,5.0,7.09243,5.0,2895.15,52.0,138.0,6.0,5.0,6.0,5.0
2297.6325,2895.15,505.08,2390.07,1034.9306684115368,61.5,90.0,52.0,38.0,16.454482671904334,138.5,140.0,138.0,2.0,0.8660254037844386,5.5,6.0,4.0,2.0,0.8660254037844386,6.25,10.0,5.0,5.0,2.165063509461097,5.5,6.0,4.0,2.0,0.8660254037844386,3.75,5.0,0.0,5.0,2.165063509461097,2.16,145.0,6.0,5.0,7.09243,5.0,2895.15,52.0,138.0,6.0,5.0,6.0,5.0
2993.9,3290.15,2895.15,395.0,171.04001724742665,51.25,52.0,49.0,3.0,1.299038105676658,140.0,146.0,138.0,8.0,3.4641016151377544,5.75,6.0,5.0,1.0,0.4330127018922193,4.5,5.0,3.0,2.0,0.8660254037844386,6.25,7.0,6.0,1.0,0.4330127018922193,5.5,7.0,5.0,2.0,0.8660254037844386,2.16,145.0,6.0,5.0,7.09243,5.0,2895.15,52.0,138.0,6.0,5.0,6.0,5.0
2778.9,2895.15,2430.15,465.0,201.350906379882,53.0,56.0,52.0,4.0,1.7320508075688772,135.5,138.0,128.0,10.0,4.330127018922194,6.25,7.0,6.0,1.0,0.4330127018922193,5.0,5.0,5.0,0.0,0.0,5.75,6.0,5.0,1.0,0.4330127018922193,5.0,5.0,5.0,0.0,0.0,2.16,145.0,6.0,5.0,7.09243,5.0,2895.15,52.0,138.0,6.0,5.0,6.0,5.0
2657.15,2895.15,1943.15,952.0,412.22809220139277,49.75,52.0,43.0,9.0,3.897114317029974,137.5,138.0,136.0,2.0,0.8660254037844386,5.5,6.0,4.0,2.0,0.8660254037844386,4.25,5.0,2.0,3.0,1.299038105676658,6.5,8.0,6.0,2.0,0.8660254037844386,5.75,8.0,5.0,3.0,1.299038105676658,2.16,145.0,6.0,5.0,7.09243,5.0,2895.15,52.0,138.0,6.0,5.0,6.0,5.0
2315.65,2895.15,577.15,2318.0,1003.7234429861644,60.25,85.0,52.0,33.0,14.289419162443238,139.5,144.0,138.0,6.0,2.598076211353316,5.25,6.0,3.0,3.0,1.299038105676658,6.25,10.0,5.0,5.0,2.165063509461097,5.75,6.0,5.0,1.0,0.4330127018922193,3.75,5.0,0.0,5.0,2.165063509461097,2.16,145.0,6.0,5.0,7.09243,5.0,2895.15,52.0,138.0,6.0,5.0,6.0,5.0
2717.15,2895.15,2183.15,712.0,308.3050437472602,50.75,52.0,47.0,5.0,2.165063509461097,137.0,138.0,134.0,4.0,1.7320508075688772,5.75,6.0,5.0,1.0,0.4330127018922193,4.5,5.0,3.0,2.0,0.8660254037844386,6.25,7.0,6.0,1.0,0.4330127018922193,5.5,7.0,5.0,2.0,0.8660254037844386,2.16,145.0,6.0,5.0,7.09243,5.0,2895.15,52.0,138.0,6.0,5.0,6.0,5.0
3093.15,3687.15,2895.15,792.0,342.9460598986377,52.25,53.0,52.0,1.0,0.4330127018922193,137.75,138.0,137.0,1.0,0.4330127018922193,6.0,6.0,6.0,0.0,0.0,4.75,5.0,4.0,1.0,0.4330127018922193,6.0,6.0,6.0,0.0,0.0,5.25,6.0,5.0,1.0,0.4330127018922193,2.16,145.0,6.0,5.0,7.09243,5.0,2895.15,52.0,138.0,6.0,5.0,6.0,5.0
2344.53175,2895.15,692.6769999999999,2202.473,953.6987845746621,58.25,77.0,52.0,25.0,10.825317547305483,133.0,138.0,118.0,20.0,8.660254037844387,7.5,12.0,6.0,6.0,2.598076211353316,6.25,10.0,5.0,5.0,2.165063509461097,4.5,6.0,0.0,6.0,2.598076211353316,3.75,5.0,0.0,5.0,2.165063509461097,2.16,145.0,6.0,5.0,7.09243,5.0,2895.15,52.0,138.0,6.0,5.0,6.0,5.0
2703.15,2895.15,2127.15,768.0,332.55375505322445,50.0,52.0,44.0,8.0,3.4641016151377544,142.0,154.0,138.0,16.0,6.928203230275509,5.5,6.0,4.0,2.0,0.8660254037844386,4.25,5.0,2.0,3.0,1.299038105676658,6.5,8.0,6.0,2.0,0.8660254037844386,5.75,8.0,5.0,3.0,1.299038105676658,2.16,145.0,6.0,5.0,7.09243,5.0,2895.15,52.0,138.0,6.0,5.0,6.0,5.0
2786.4,2895.15,2750.15,145.0,62.7868417743718,49.0,52.0,48.0,4.0,1.7320508075688772,144.75,147.0,138.0,9.0,3.897114317029974,5.25,6.0,5.0,1.0,0.4330127018922193,4.25,5.0,4.0,1.0,0.4330127018922193,6.75,7.0,6.0,1.0,0.4330127018922193,5.75,6.0,5.0,1.0,0.4330127018922193,1.6,145.0,5.0,5.0,6.75885,4.0,2750.15,48.0,147.0,5.0,4.0,7.0,6.0
2019.9,2895.15,1728.15,1167.0,505.32582310821994,63.25,67.0,52.0,15.0,6.49519052838329,117.00000000000001,138.0,110.00000000000001,27.999999999999986,12.124355652982135,9.0,10.0,6.0,4.0,1.7320508075688772,7.25,8.0,5.0,3.0,1.299038105676658,3.0,6.0,2.0,4.0,1.7320508075688772,2.75,5.0,2.0,3.0,1.299038105676658,1.91,135.0,10.0,4.0,7.639878,8.0,1728.15,67.0,110.00000000000001,10.0,8.0,2.0,2.0
3203.4,3306.15,2895.15,411.0,177.96822047770215,58.75,61.0,52.0,9.0,3.897114317029974,131.25,138.0,129.0,9.0,3.897114317029974,7.5,8.0,6.0,2.0,0.8660254037844386,5.75,6.0,5.0,1.0,0.4330127018922193,4.5,6.0,4.0,2.0,0.8660254037844386,4.25,5.0,4.0,1.0,0.4330127018922193,2.2,130.0,8.0,6.0,8.43823,6.0,3306.15,61.0,129.0,8.0,6.0,4.0,4.0
1174.2465,2895.15,600.612,2294.538,993.5640989743691,81.25,91.0,52.0,39.0,16.887495373796554,142.5,144.0,138.0,6.0,2.598076211353316,4.5,6.0,4.0,2.0,0.8660254037844386,8.75,10.0,5.0,5.0,2.165063509461097,4.5,6.0,4.0,2.0,0.8660254037844386,1.25,5.0,0.0,5.0,2.165063509461097,1.8,180.0,14.0,6.0,7.4166799,10.0,600.612,91.0,144.0,4.0,10.0,4.0,0.0
2094.75,2895.15,1827.9499999999998,1067.2000000000003,462.11115545937656,64.0,68.0,52.0,16.0,6.928203230275509,124.5,138.0,120.0,18.0,7.794228634059948,9.0,10.0,6.0,4.0,1.7320508075688772,8.75,10.0,5.0,5.0,2.165063509461097,1.5,6.0,0.0,6.0,2.598076211353316,1.25,5.0,0.0,5.0,2.165063509461097,2.2,140.0,10.0,5.0,8.336839,10.0,1827.9499999999998,68.0,120.0,10.0,10.0,0.0,0.0
2254.7999999999997,2895.15,2041.35,853.8000000000002,369.70624487557694,64.75,69.0,52.0,17.0,7.361215932167728,126.75,138.0,123.0,15.0,6.49519052838329,9.0,10.0,6.0,4.0,1.7320508075688772,8.0,9.0,5.0,4.0,1.7320508075688772,3.0,6.0,2.0,4.0,1.7320508075688772,2.0,5.0,1.0,4.0,1.7320508075688772,2.2,135.0,10.0,6.0,8.95883,9.0,2041.35,69.0,123.0,10.0,9.0,2.0,1.0
3317.4,3458.15,2895.15,563.0,243.78615116531947,55.75,57.0,52.0,5.0,2.165063509461097,132.75,138.0,131.0,7.0,3.031088913245535,6.75,7.0,6.0,1.0,0.4330127018922193,5.0,5.0,5.0,0.0,0.0,5.25,6.0,5.0,1.0,0.4330127018922193,5.0,5.0,5.0,0.0,0.0,1.9,135.0,7.0,6.0,7.83352,5.0,3458.15,57.0,131.0,7.0,5.0,5.0,5.0
2400.9,2895.15,2236.15,659.0,285.35537054697255,61.0,64.0,52.0,12.0,5.196152422706632,128.25,138.0,125.0,13.0,5.629165124598851,8.25,9.0,6.0,3.0,1.299038105676658,7.25,8.0,5.0,3.0,1.299038105676658,3.75,6.0,3.0,3.0,1.299038105676658,2.75,5.0,2.0,3.0,1.299038105676658,2.28,135.0,9.0,5.0,7.4589,8.0,2236.15,64.0,125.0,9.0,8.0,3.0,2.0
2678.4,2895.15,2606.15,289.0,125.14067084685138,58.0,60.0,52.0,8.0,3.4641016151377544,128.25,138.0,125.0,13.0,5.629165124598851,7.5,8.0,6.0,2.0,0.8660254037844386,6.5,7.0,5.0,2.0,0.8660254037844386,4.5,6.0,4.0,2.0,0.8660254037844386,3.5,5.0,3.0,2.0,0.8660254037844386,2.2,130.0,8.0,5.0,7.3605,7.0,2606.15,60.0,125.0,8.0,7.0,4.0,3.0
2084.4,2895.15,1814.15,1081.0,468.0867307454891,21.25,52.0,11.0,41.0,17.75352077758099,145.5,148.0,138.0,10.0,4.330127018922194,3.75,6.0,3.0,3.0,1.299038105676658,2.0,5.0,1.0,4.0,1.7320508075688772,8.25,9.0,6.0,3.0,1.299038105676658,8.0,9.0,5.0,4.0,1.7320508075688772,1.36,160.0,3.0,4.0,6.56149,1.0,1814.15,11.0,148.0,3.0,1.0,9.0,9.0
1102.5975,2895.15,505.08,2390.07,1034.9306684115368,80.5,90.0,52.0,38.0,16.454482671904334,139.5,140.0,138.0,2.0,0.8660254037844386,4.5,6.0,4.0,2.0,0.8660254037844386,8.75,10.0,5.0,5.0,2.165063509461097,4.5,6.0,4.0,2.0,0.8660254037844386,1.25,5.0,0.0,5.0,2.165063509461097,1.96,145.0,14.0,5.0,7.343918,10.0,505.08,90.0,140.0,4.0,10.0,4.0,0.0
3191.4,3290.15,2895.15,395.0,171.04001724742665,49.75,52.0,49.0,3.0,1.299038105676658,144.0,146.0,138.0,8.0,3.4641016151377544,5.25,6.0,5.0,1.0,0.4330127018922193,3.5,5.0,3.0,2.0,0.8660254037844386,6.75,7.0,6.0,1.0,0.4330127018922193,6.5,7.0,5.0,2.0,0.8660254037844386,1.5,145.0,5.0,6.0,7.549571,3.0,3290.15,49.0,146.0,5.0,3.0,7.0,7.0
2546.4,2895.15,2430.15,465.0,201.350906379882,55.0,56.0,52.0,4.0,1.7320508075688772,130.5,138.0,128.0,10.0,4.330127018922194,6.75,7.0,6.0,1.0,0.4330127018922193,5.0,5.0,5.0,0.0,0.0,5.25,6.0,5.0,1.0,0.4330127018922193,5.0,5.0,5.0,0.0,0.0,2.1,135.0,7.0,5.0,7.11938,5.0,2430.15,56.0,128.0,7.0,5.0,5.0,5.0
2181.15,2895.15,1943.15,952.0,412.22809220139277,45.25,52.0,43.0,9.0,3.897114317029974,136.5,138.0,136.0,2.0,0.8660254037844386,4.5,6.0,4.0,2.0,0.8660254037844386,2.75,5.0,2.0,3.0,1.299038105676658,7.5,8.0,6.0,2.0,0.8660254037844386,7.25,8.0,5.0,3.0,1.299038105676658,1.54,140.0,4.0,4.0,6.82812,2.0,1943.15,43.0,136.0,4.0,2.0,8.0,8.0
1156.65,2895.15,577.15,2318.0,1003.7234429861644,76.75,85.0,52.0,33.0,14.289419162443238,142.5,144.0,138.0,6.0,2.598076211353316,3.75,6.0,3.0,3.0,1.299038105676658,8.75,10.0,5.0,5.0,2.165063509461097,5.25,6.0,5.0,1.0,0.4330127018922193,1.25,5.0,0.0,5.0,2.165063509461097,1.8,190.0,13.0,6.0,6.1082873,10.0,577.15,85.0,144.0,3.0,10.0,5.0,0.0
2361.15,2895.15,2183.15,712.0,308.3050437472602,48.25,52.0,47.0,5.0,2.165063509461097,135.0,138.0,134.0,4.0,1.7320508075688772,5.25,6.0,5.0,1.0,0.4330127018922193,3.5,5.0,3.0,2.0,0.8660254037844386,6.75,7.0,6.0,1.0,0.4330127018922193,6.5,7.0,5.0,2.0,0.8660254037844386,1.63,135.0,5.0,4.0,6.746187,3.0,2183.15,47.0,134.0,5.0,3.0,7.0,7.0
3489.15,3687.15,2895.15,792.0,342.9460598986377,52.75,53.0,52.0,1.0,0.4330127018922193,137.25,138.0,137.0,1.0,0.4330127018922193,6.0,6.0,6.0,0.0,0.0,4.25,5.0,4.0,1.0,0.4330127018922193,6.0,6.0,6.0,0.0,0.0,5.75,6.0,5.0,1.0,0.4330127018922193,1.7,135.0,6.0,6.0,7.86403,4.0,3687.15,53.0,137.0,6.0,4.0,6.0,6.0
2070.15,2895.15,1795.15,1100.0,476.31397208144125,22.0,52.0,12.0,40.0,17.320508075688775,156.75,163.0,138.0,25.0,10.825317547305483,3.75,6.0,3.0,3.0,1.299038105676658,2.0,5.0,1.0,4.0,1.7320508075688772,8.25,9.0,6.0,3.0,1.299038105676658,8.0,9.0,5.0,4.0,1.7320508075688772,1.22,180.0,3.0,5.0,6.21726,1.0,1795.15,12.0,163.0,3.0,1.0,9.0,9.0
1243.2952500000001,2895.15,692.6769999999999,2202.473,953.6987845746621,70.75,77.0,52.0,25.0,10.825317547305483,123.0,138.0,118.0,20.0,8.660254037844387,10.5,12.0,6.0,6.0,2.598076211353316,8.75,10.0,5.0,5.0,2.165063509461097,1.5,6.0,0.0,6.0,2.598076211353316,1.25,5.0,0.0,5.0,2.165063509461097,1.65,135.0,12.0,4.0,9.394197,10.0,692.6769999999999,77.0,118.0,12.0,10.0,0.0,0.0
2319.15,2895.15,2127.15,768.0,332.55375505322445,46.0,52.0,44.0,8.0,3.4641016151377544,150.0,154.0,138.0,16.0,6.928203230275509,4.5,6.0,4.0,2.0,0.8660254037844386,2.75,5.0,2.0,3.0,1.299038105676658,7.5,8.0,6.0,2.0,0.8660254037844386,7.25,8.0,5.0,3.0,1.299038105676658,1.33,155.0,4.0,5.0,6.634126,2.0,2127.15,44.0,154.0,4.0,2.0,8.0,8.0
2494.65,2750.15,1728.15,1022.0,442.53898133384814,52.75,67.0,48.0,19.0,8.227241335952167,137.75,147.0,110.00000000000001,36.999999999999986,16.02146997001211,6.25,10.0,5.0,5.0,2.165063509461097,5.0,8.0,4.0,4.0,1.7320508075688772,5.75,7.0,2.0,5.0,2.165063509461097,5.0,6.0,2.0,4.0,1.7320508075688772,1.6,145.0,5.0,5.0,6.75885,4.0,2750.15,48.0,147.0,5.0,4.0,7.0,6.0
2889.15,3306.15,2750.15,556.0,240.75506225207394,51.25,61.0,48.0,13.0,5.629165124598851,142.5,147.0,129.0,18.0,7.794228634059948,5.75,8.0,5.0,3.0,1.299038105676658,4.5,6.0,4.0,2.0,0.8660254037844386,6.25,7.0,4.0,3.0,1.299038105676658,5.5,6.0,4.0,2.0,0.8660254037844386,1.6,145.0,5.0,5.0,6.75885,4.0,2750.15,48.0,147.0,5.0,4.0,7.0,6.0
2212.7655,2750.15,600.612,2149.538,930.7772571999974,58.75,91.0,48.0,43.0,18.619546181365433,146.25,147.0,144.0,3.0,1.299038105676658,4.75,5.0,4.0,1.0,0.4330127018922193,5.5,10.0,4.0,6.0,2.598076211353316,6.25,7.0,4.0,3.0,1.299038105676658,4.5,6.0,0.0,6.0,2.598076211353316,1.6,145.0,5.0,5.0,6.75885,4.0,2750.15,48.0,147.0,5.0,4.0,7.0,6.0
2519.6000000000004,2750.15,1827.9499999999998,922.2000000000003,399.32431368500477,53.0,68.0,48.0,20.0,8.660254037844387,140.25,147.0,120.0,27.0,11.691342951089922,6.25,10.0,5.0,5.0,2.165063509461097,5.5,10.0,4.0,6.0,2.598076211353316,5.25,7.0,0.0,7.0,3.031088913245535,4.5,6.0,0.0,6.0,2.598076211353316,1.6,145.0,5.0,5.0,6.75885,4.0,2750.15,48.0,147.0,5.0,4.0,7.0,6.0
2572.9500000000003,2750.15,2041.35,708.8000000000002,306.91940310120515,53.25,69.0,48.0,21.0,9.093266739736606,141.0,147.0,123.0,24.0,10.392304845413264,6.25,10.0,5.0,5.0,2.165063509461097,5.25,9.0,4.0,5.0,2.165063509461097,5.75,7.0,2.0,5.0,2.165063509461097,4.75,6.0,1.0,5.0,2.165063509461097,1.6,145.0,5.0,5.0,6.75885,4.0,2750.15,48.0,147.0,5.0,4.0,7.0,6.0
2927.15,3458.15,2750.15,708.0,306.5729929396913,50.25,57.0,48.0,9.0,3.897114317029974,143.0,147.0,131.0,16.0,6.928203230275509,5.5,7.0,5.0,2.0,0.8660254037844386,4.25,5.0,4.0,1.0,0.4330127018922193,6.5,7.0,5.0,2.0,0.8660254037844386,5.75,6.0,5.0,1.0,0.4330127018922193,1.6,145.0,5.0,5.0,6.75885,4.0,2750.15,48.0,147.0,5.0,4.0,7.0,6.0
2621.65,2750.15,2236.15,514.0,222.56852877260073,52.0,64.0,48.0,16.0,6.928203230275509,141.5,147.0,125.0,22.0,9.526279441628825,6.0,9.0,5.0,4.0,1.7320508075688772,5.0,8.0,4.0,4.0,1.7320508075688772,6.0,7.0,3.0,4.0,1.7320508075688772,5.0,6.0,2.0,4.0,1.7320508075688772,1.6,145.0,5.0,5.0,6.75885,4.0,2750.15,48.0,147.0,5.0,4.0,7.0,6.0
2714.15,2750.15,2606.15,144.0,62.353829072479584,51.0,60.0,48.0,12.0,5.196152422706632,141.5,147.0,125.0,22.0,9.526279441628825,5.75,8.0,5.0,3.0,1.299038105676658,4.75,7.0,4.0,3.0,1.299038105676658,6.25,7.0,4.0,3.0,1.299038105676658,5.25,6.0,3.0,3.0,1.299038105676658,1.6,145.0,5.0,5.0,6.75885,4.0,2750.15,48.0,147.0,5.0,4.0,7.0,6.0
2516.15,2750.15,1814.15,936.0,405.2998889711173,38.75,48.0,11.0,37.0,16.021469970012117,147.25,148.0,147.0,1.0,0.4330127018922193,4.5,5.0,3.0,2.0,0.8660254037844386,3.25,4.0,1.0,3.0,1.299038105676658,7.5,9.0,7.0,2.0,0.8660254037844386,6.75,9.0,6.0,3.0,1.299038105676658,1.6,145.0,5.0,5.0,6.75885,4.0,2750.15,48.0,147.0,5.0,4.0,7.0,6.0
2188.8825,2750.15,505.08,2245.07,972.1438266371649,58.5,90.0,48.0,42.0,18.186533479473212,145.25,147.0,140.0,7.0,3.031088913245535,4.75,5.0,4.0,1.0,0.4330127018922193,5.5,10.0,4.0,6.0,2.598076211353316,6.25,7.0,4.0,3.0,1.299038105676658,4.5,6.0,0.0,6.0,2.598076211353316,1.6,145.0,5.0,5.0,6.75885,4.0,2750.15,48.0,147.0,5.0,4.0,7.0,6.0
2885.15,3290.15,2750.15,540.0,233.82685902179844,48.25,49.0,48.0,1.0,0.4330127018922193,146.75,147.0,146.0,1.0,0.4330127018922193,5.0,5.0,5.0,0.0,0.0,3.75,4.0,3.0,1.0,0.4330127018922193,7.0,7.0,7.0,0.0,0.0,6.25,7.0,6.0,1.0,0.4330127018922193,1.6,145.0,5.0,5.0,6.75885,4.0,2750.15,48.0,147.0,5.0,4.0,7.0,6.0
2670.15,2750.15,2430.15,320.0,138.5640646055102,50.0,56.0,48.0,8.0,3.4641016151377544,142.25,147.0,128.0,19.0,8.227241335952167,5.5,7.0,5.0,2.0,0.8660254037844386,4.25,5.0,4.0,1.0,0.4330127018922193,6.5,7.0,5.0,2.0,0.8660254037844386,5.75,6.0,5.0,1.0,0.4330127018922193,1.6,145.0,5.0,5.0,6.75885,4.0,2750.15,48.0,147.0,5.0,4.0,7.0,6.0
2548.4,2750.15,1943.15,807.0,349.441250427021,46.75,48.0,43.0,5.0,2.165063509461097,144.25,147.0,136.0,11.0,4.763139720814412,4.75,5.0,4.0,1.0,0.4330127018922193,3.5,4.0,2.0,2.0,0.8660254037844386,7.25,8.0,7.0,1.0,0.4330127018922193,6.5,8.0,6.0,2.0,0.8660254037844386,1.6,145.0,5.0,5.0,6.75885,4.0,2750.15,48.0,147.0,5.0,4.0,7.0,6.0
2206.9,2750.15,577.15,2173.0,940.9366012117925,57.25,85.0,48.0,37.0,16.021469970012117,146.25,147.0,144.0,3.0,1.299038105676658,4.5,5.0,3.0,2.0,0.8660254037844386,5.5,10.0,4.0,6.0,2.598076211353316,6.5,7.0,5.0,2.0,0.8660254037844386,4.5,6.0,0.0,6.0,2.598076211353316,1.6,145.0,5.0,5.0,6.75885,4.0,2750.15,48.0,147.0,5.0,4.0,7.0,6.0
2608.4,2750.15,2183.15,567.0,245.51820197288836,47.75,48.0,47.0,1.0,0.4330127018922193,143.75,147.0,134.0,13.0,5.629165124598851,5.0,5.0,5.0,0.0,0.0,3.75,4.0,3.0,1.0,0.4330127018922193,7.0,7.0,7.0,0.0,0.0,6.25,7.0,6.0,1.0,0.4330127018922193,1.6,145.0,5.0,5.0,6.75885,4.0,2750.15,48.0,147.0,5.0,4.0,7.0,6.0
2984.4,3687.15,2750.15,937.0,405.7329016730095,49.25,53.0,48.0,5.0,2.165063509461097,144.5,147.0,137.0,10.0,4.330127018922194,5.25,6.0,5.0,1.0,0.4330127018922193,4.0,4.0,4.0,0.0,0.0,6.75,7.0,6.0,1.0,0.4330127018922193,6.0,6.0,6.0,0.0,0.0,1.6,145.0,5.0,5.0,6.75885,4.0,2750.15,48.0,147.0,5.0,4.0,7.0,6.0
2511.4,2750.15,1795.15,955.0,413.52713030706946,39.0,48.0,12.0,36.0,15.588457268119896,151.0,163.0,147.0,16.0,6.928203230275509,4.5,5.0,3.0,2.0,0.8660254037844386,3.25,4.0,1.0,3.0,1.299038105676658,7.5,9.0,7.0,2.0,0.8660254037844386,6.75,9.0,6.0,3.0,1.299038105676658,1.6,145.0,5.0,5.0,6.75885,4.0,2750.15,48.0,147.0,5.0,4.0,7.0,6.0
2235.78175,2750.15,692.6769999999999,2057.473,890.9119428002903,55.25,77.0,48.0,29.0,12.55736835487436,139.75,147.0,118.0,29.0,12.55736835487436,6.75,12.0,5.0,7.0,3.031088913245535,5.5,10.0,4.0,6.0,2.598076211353316,5.25,7.0,0.0,7.0,3.031088913245535,4.5,6.0,0.0,6.0,2.598076211353316,1.6,145.0,5.0,5.0,6.75885,4.0,2750.15,48.0,147.0,5.0,4.0,7.0,6.0
2594.4,2750.15,2127.15,623.0,269.76691327885266,47.0,48.0,44.0,4.0,1.7320508075688772,148.75,154.0,147.0,7.0,3.031088913245535,4.75,5.0,4.0,1.0,0.4330127018922193,3.5,4.0,2.0,2.0,0.8660254037844386,7.25,8.0,7.0,1.0,0.4330127018922193,6.5,8.0,6.0,2.0,0.8660254037844386,1.6,145.0,5.0,5.0,6.75885,4.0,2750.15,48.0,147.0,5.0,4.0,7.0,6.0
1983.65,2750.15,1728.15,1022.0,442.53898133384814,62.25,67.0,48.0,19.0,8.227241335952167,119.25000000000001,147.0,110.00000000000001,36.999999999999986,16.02146997001211,8.75,10.0,5.0,5.0,2.165063509461097,7.0,8.0,4.0,4.0,1.7320508075688772,3.25,7.0,2.0,5.0,2.165063509461097,3.0,6.0,2.0,4.0,1.7320508075688772,1.91,135.0,10.0,4.0,7.639878,8.0,1728.15,67.0,110.00000000000001,10.0,8.0,2.0,2.0
3167.15,3306.15,2750.15,556.0,240.75506225207394,57.75,61.0,48.0,13.0,5.629165124598851,133.5,147.0,129.0,18.0,7.794228634059948,7.25,8.0,5.0,3.0,1.299038105676658,5.5,6.0,4.0,2.0,0.8660254037844386,4.75,7.0,4.0,3.0,1.299038105676658,4.5,6.0,4.0,2.0,0.8660254037844386,2.2,130.0,8.0,6.0,8.43823,6.0,3306.15,61.0,129.0,8.0,6.0,4.0,4.0
1137.9965,2750.15,600.612,2149.538,930.7772571999974,80.25,91.0,48.0,43.0,18.619546181365433,144.75,147.0,144.0,3.0,1.299038105676658,4.25,5.0,4.0,1.0,0.4330127018922193,8.5,10.0,4.0,6.0,2.598076211353316,4.75,7.0,4.0,3.0,1.299038105676658,1.5,6.0,0.0,6.0,2.598076211353316,1.8,180.0,14.0,6.0,7.4166799,10.0,600.612,91.0,144.0,4.0,10.0,4.0,0.0
2058.5,2750.15,1827.9499999999998,922.2000000000003,399.32431368500477,63.0,68.0,48.0,20.0,8.660254037844387,126.75,147.0,120.0,27.0,11.691342951089922,8.75,10.0,5.0,5.0,2.165063509461097,8.5,10.0,4.0,6.0,2.598076211353316,1.75,7.0,0.0,7.0,3.031088913245535,1.5,6.0,0.0,6.0,2.598076211353316,2.2,140.0,10.0,5.0,8.336839,10.0,1827.9499999999998,68.0,120.0,10.0,10.0,0.0,0.0
2218.5499999999997,2750.15,2041.35,708.8000000000002,306.91940310120515,63.75,69.0,48.0,21.0,9.093266739736606,129.0,147.0,123.0,24.0,10.392304845413264,8.75,10.0,5.0,5.0,2.165063509461097,7.75,9.0,4.0,5.0,2.165063509461097,3.25,7.0,2.0,5.0,2.165063509461097,2.25,6.0,1.0,5.0,2.165063509461097,2.2,135.0,10.0,6.0,8.95883,9.0,2041.35,69.0,123.0,10.0,9.0,2.0,1.0
3281.15,3458.15,2750.15,708.0,306.5729929396913,54.75,57.0,48.0,9.0,3.897114317029974,135.0,147.0,131.0,16.0,6.928203230275509,6.5,7.0,5.0,2.0,0.8660254037844386,4.75,5.0,4.0,1.0,0.4330127018922193,5.5,7.0,5.0,2.0,0.8660254037844386,5.25,6.0,5.0,1.0,0.4330127018922193,1.9,135.0,7.0,6.0,7.83352,5.0,3458.15,57.0,131.0,7.0,5.0,5.0,5.0
2364.65,2750.15,2236.15,514.0,222.56852877260073,60.0,64.0,48.0,16.0,6.928203230275509,130.5,147.0,125.0,22.0,9.526279441628825,8.0,9.0,5.0,4.0,1.7320508075688772,7.0,8.0,4.0,4.0,1.7320508075688772,4.0,7.0,3.0,4.0,1.7320508075688772,3.0,6.0,2.0,4.0,1.7320508075688772,2.28,135.0,9.0,5.0,7.4589,8.0,2236.15,64.0,125.0,9.0,8.0,3.0,2.0
2642.15,2750.15,2606.15,144.0,62.353829072479584,57.0,60.0,48.0,12.0,5.196152422706632,130.5,147.0,125.0,22.0,9.526279441628825,7.25,8.0,5.0,3.0,1.299038105676658,6.25,7.0,4.0,3.0,1.299038105676658,4.75,7.0,4.0,3.0,1.299038105676658,3.75,6.0,3.0,3.0,1.299038105676658,2.2,130.0,8.0,5.0,7.3605,7.0,2606.15,60.0,125.0,8.0,7.0,4.0,3.0
2048.15,2750.15,1814.15,936.0,405.2998889711173,20.25,48.0,11.0,37.0,16.021469970012117,147.75,148.0,147.0,1.0,0.4330127018922193,3.5,5.0,3.0,2.0,0.8660254037844386,1.75,4.0,1.0,3.0,1.299038105676658,8.5,9.0,7.0,2.0,0.8660254037844386,8.25,9.0,6.0,3.0,1.299038105676658,1.36,160.0,3.0,4.0,6.56149,1.0,1814.15,11.0,148.0,3.0,1.0,9.0,9.0
1066.3475,2750.15,505.08,2245.07,972.1438266371649,79.5,90.0,48.0,42.0,18.186533479473212,141.75,147.0,140.0,7.0,3.031088913245535,4.25,5.0,4.0,1.0,0.4330127018922193,8.5,10.0,4.0,6.0,2.598076211353316,4.75,7.0,4.0,3.0,1.299038105676658,1.5,6.0,0.0,6.0,2.598076211353316,1.96,145.0,14.0,5.0,7.343918,10.0,505.08,90.0,140.0,4.0,10.0,4.0,0.0
3155.15,3290.15,2750.15,540.0,233.82685902179844,48.75,49.0,48.0,1.0,0.4330127018922193,146.25,147.0,146.0,1.0,0.4330127018922193,5.0,5.0,5.0,0.0,0.0,3.25,4.0,3.0,1.0,0.4330127018922193,7.0,7.0,7.0,0.0,0.0,6.75,7.0,6.0,1.0,0.4330127018922193,1.5,145.0,5.0,6.0,7.549571,3.0,3290.15,49.0,146.0,5.0,3.0,7.0,7.0
2510.15,2750.15,2430.15,320.0,138.5640646055102,54.0,56.0,48.0,8.0,3.4641016151377544,132.75,147.0,128.0,19.0,8.227241335952167,6.5,7.0,5.0,2.0,0.8660254037844386,4.75,5.0,4.0,1.0,0.4330127018922193,5.5,7.0,5.0,2.0,0.8660254037844386,5.25,6.0,5.0,1.0,0.4330127018922193,2.1,135.0,7.0,5.0,7.11938,5.0,2430.15,56.0,128.0,7.0,5.0,5.0,5.0
2144.9,2750.15,1943.15,807.0,349.441250427021,44.25,48.0,43.0,5.0,2.165063509461097,138.75,147.0,136.0,11.0,4.763139720814412,4.25,5.0,4.0,1.0,0.4330127018922193,2.5,4.0,2.0,2.0,0.8660254037844386,7.75,8.0,7.0,1.0,0.4330127018922193,7.5,8.0,6.0,2.0,0.8660254037844386,1.54,140.0,4.0,4.0,6.82812,2.0,1943.15,43.0,136.0,4.0,2.0,8.0,8.0
1120.4,2750.15,577.15,2173.0,940.9366012117927,75.75,85.0,48.0,37.0,16.021469970012117,144.75,147.0,144.0,3.0,1.299038105676658,3.5,5.0,3.0,2.0,0.8660254037844386,8.5,10.0,4.0,6.0,2.598076211353316,5.5,7.0,5.0,2.0,0.8660254037844386,1.5,6.0,0.0,6.0,2.598076211353316,1.8,190.0,13.0,6.0,6.1082873,10.0,577.15,85.0,144.0,3.0,10.0,5.0,0.0
2324.9,2750.15,2183.15,567.0,245.51820197288836,47.25,48.0,47.0,1.0,0.4330127018922193,137.25,147.0,134.0,13.0,5.629165124598851,5.0,5.0,5.0,0.0,0.0,3.25,4.0,3.0,1.0,0.4330127018922193,7.0,7.0,7.0,0.0,0.0,6.75,7.0,6.0,1.0,0.4330127018922193,1.63,135.0,5.0,4.0,6.746187,3.0,2183.15,47.0,134.0,5.0,3.0,7.0,7.0
3452.9,3687.15,2750.15,937.0,405.7329016730095,51.75,53.0,48.0,5.0,2.165063509461097,139.5,147.0,137.0,10.0,4.330127018922194,5.75,6.0,5.0,1.0,0.4330127018922193,4.0,4.0,4.0,0.0,0.0,6.25,7.0,6.0,1.0,0.4330127018922193,6.0,6.0,6.0,0.0,0.0,1.7,135.0,6.0,6.0,7.86403,4.0,3687.15,53.0,137.0,6.0,4.0,6.0,6.0
2033.9,2750.15,1795.15,955.0,413.52713030706946,21.0,48.0,12.0,36.0,15.588457268119896,159.0,163.0,147.0,16.0,6.928203230275509,3.5,5.0,3.0,2.0,0.8660254037844386,1.75,4.0,1.0,3.0,1.299038105676658,8.5,9.0,7.0,2.0,0.8660254037844386,8.25,9.0,6.0,3.0,1.299038105676658,1.22,180.0,3.0,5.0,6.21726,1.0,1795.15,12.0,163.0,3.0,1.0,9.0,9.0
1207.0452500000001,2750.15,692.6769999999999,2057.473,890.9119428002903,69.75,77.0,48.0,29.0,12.55736835487436,125.25,147.0,118.0,29.0,12.55736835487436,10.25,12.0,5.0,7.0,3.031088913245535,8.5,10.0,4.0,6.0,2.598076211353316,1.75,7.0,0.0,7.0,3.031088913245535,1.5,6.0,0.0,6.0,2.598076211353316,1.65,135.0,12.0,4.0,9.394197,10.0,692.6769999999999,77.0,118.0,12.0,10.0,0.0,0.0
2282.9,2750.15,2127.15,623.0,269.76691327885266,45.0,48.0,44.0,4.0,1.7320508075688772,152.25,154.0,147.0,7.0,3.031088913245535,4.25,5.0,4.0,1.0,0.4330127018922193,2.5,4.0,2.0,2.0,0.8660254037844386,7.75,8.0,7.0,1.0,0.4330127018922193,7.5,8.0,6.0,2.0,0.8660254037844386,1.33,155.0,4.0,5.0,6.634126,2.0,2127.15,44.0,154.0,4.0,2.0,8.0,8.0
2122.65,3306.15,1728.15,1578.0,683.294043585922,65.5,67.0,61.0,6.0,2.598076211353316,114.75000000000001,129.0,110.00000000000001,18.999999999999986,8.227241335952161,9.5,10.0,8.0,2.0,0.8660254037844386,7.5,8.0,6.0,2.0,0.8660254037844386,2.5,4.0,2.0,2.0,0.8660254037844386,2.5,4.0,2.0,2.0,0.8660254037844386,1.91,135.0,10.0,4.0,7.639878,8.0,1728.15,67.0,110.00000000000001,10.0,8.0,2.0,2.0
1446.2655000000002,1728.15,600.612,1127.538,488.23827586614925,73.0,91.0,67.0,24.0,10.392304845413264,118.50000000000001,144.0,110.00000000000001,33.999999999999986,14.722431864335451,8.5,10.0,4.0,6.0,2.598076211353316,8.5,10.0,8.0,2.0,0.8660254037844386,2.5,4.0,2.0,2.0,0.8660254037844386,1.5,2.0,0.0,2.0,0.8660254037844386,1.91,135.0,10.0,4.0,7.639878,8.0,1728.15,67.0,110.00000000000001,10.0,8.0,2.0,2.0
1753.1000000000001,1827.9499999999998,1728.15,99.79999999999973,43.21466764884337,67.25,68.0,67.0,1.0,0.4330127018922193,112.50000000000001,120.0,110.00000000000001,9.999999999999986,4.330127018922187,10.0,10.0,10.0,0.0,0.0,8.5,10.0,8.0,2.0,0.8660254037844386,1.5,2.0,0.0,2.0,0.8660254037844386,1.5,2.0,0.0,2.0,0.8660254037844386,1.91,135.0,10.0,4.0,7.639878,8.0,1728.15,67.0,110.00000000000001,10.0,8.0,2.0,2.0
1806.4500000000003,2041.35,1728.15,313.1999999999998,135.619578232643,67.5,69.0,67.0,2.0,0.8660254037844386,113.25000000000001,123.0,110.00000000000001,12.999999999999986,5.629165124598845,10.0,10.0,10.0,0.0,0.0,8.25,9.0,8.0,1.0,0.4330127018922193,2.0,2.0,2.0,0.0,0.0,1.75,2.0,1.0,1.0,0.4330127018922193,1.91,135.0,10.0,4.0,7.639878,8.0,1728.15,67.0,110.00000000000001,10.0,8.0,2.0,2.0
2160.65,3458.15,1728.15,1730.0,749.1119742735394,64.5,67.0,57.0,10.0,4.330127018922194,115.25000000000001,131.0,110.00000000000001,20.999999999999986,9.093266739736599,9.25,10.0,7.0,3.0,1.299038105676658,7.25,8.0,5.0,3.0,1.299038105676658,2.75,5.0,2.0,3.0,1.299038105676658,2.75,5.0,2.0,3.0,1.299038105676658,1.91,135.0,10.0,4.0,7.639878,8.0,1728.15,67.0,110.00000000000001,10.0,8.0,2.0,2.0
1855.15,2236.15,1728.15,508.0,219.9704525612474,66.25,67.0,64.0,3.0,1.299038105676658,113.75000000000001,125.0,110.00000000000001,14.999999999999986,6.495190528383284,9.75,10.0,9.0,1.0,0.4330127018922193,8.0,8.0,8.0,0.0,0.0,2.25,3.0,2.0,1.0,0.4330127018922193,2.0,2.0,2.0,0.0,0.0,1.91,135.0,10.0,4.0,7.639878,8.0,1728.15,67.0,110.00000000000001,10.0,8.0,2.0,2.0
1947.65,2606.15,1728.15,878.0,380.18515226136856,65.25,67.0,60.0,7.0,3.031088913245535,113.75000000000001,125.0,110.00000000000001,14.999999999999986,6.495190528383284,9.5,10.0,8.0,2.0,0.8660254037844386,7.75,8.0,7.0,1.0,0.4330127018922193,2.5,4.0,2.0,2.0,0.8660254037844386,2.25,3.0,2.0,1.0,0.4330127018922193,1.91,135.0,10.0,4.0,7.639878,8.0,1728.15,67.0,110.00000000000001,10.0,8.0,2.0,2.0
1749.65,1814.15,1728.15,86.0,37.239092362730865,53.0,67.0,11.0,56.0,24.24871130596428,119.50000000000001,148.0,110.00000000000001,37.999999999999986,16.454482671904326,8.25,10.0,3.0,7.0,3.031088913245535,6.25,8.0,1.0,7.0,3.031088913245535,3.75,9.0,2.0,7.0,3.031088913245535,3.75,9.0,2.0,7.0,3.031088913245535,1.91,135.0,10.0,4.0,7.639878,8.0,1728.15,67.0,110.00000000000001,10.0,8.0,2.0,2.0
1422.3825000000002,1728.15,505.08,1223.0700000000002,529.6048453033168,72.75,90.0,67.0,23.0,9.959292143521045,117.50000000000001,140.0,110.00000000000001,29.999999999999986,12.990381056766573,8.5,10.0,4.0,6.0,2.598076211353316,8.5,10.0,8.0,2.0,0.8660254037844386,2.5,4.0,2.0,2.0,0.8660254037844386,1.5,2.0,0.0,2.0,0.8660254037844386,1.91,135.0,10.0,4.0,7.639878,8.0,1728.15,67.0,110.00000000000001,10.0,8.0,2.0,2.0
2118.65,3290.15,1728.15,1562.0,676.3658403556466,62.5,67.0,49.0,18.0,7.794228634059948,119.00000000000001,146.0,110.00000000000001,35.999999999999986,15.588457268119889,8.75,10.0,5.0,5.0,2.165063509461097,6.75,8.0,3.0,5.0,2.165063509461097,3.25,7.0,2.0,5.0,2.165063509461097,3.25,7.0,2.0,5.0,2.165063509461097,1.91,135.0,10.0,4.0,7.639878,8.0,1728.15,67.0,110.00000000000001,10.0,8.0,2.0,2.0
1903.65,2430.15,1728.15,702.0,303.974916728338,64.25,67.0,56.0,11.0,4.763139720814412,114.50000000000001,128.0,110.00000000000001,17.999999999999986,7.794228634059942,9.25,10.0,7.0,3.0,1.299038105676658,7.25,8.0,5.0,3.0,1.299038105676658,2.75,5.0,2.0,3.0,1.299038105676658,2.75,5.0,2.0,3.0,1.299038105676658,1.91,135.0,10.0,4.0,7.639878,8.0,1728.15,67.0,110.00000000000001,10.0,8.0,2.0,2.0
1781.9,1943.15,1728.15,215.0,93.09773090682715,61.0,67.0,43.0,24.0,10.392304845413264,116.50000000000001,136.0,110.00000000000001,25.999999999999986,11.258330249197696,8.5,10.0,4.0,6.0,2.598076211353316,6.5,8.0,2.0,6.0,2.598076211353316,3.5,8.0,2.0,6.0,2.598076211353316,3.5,8.0,2.0,6.0,2.598076211353316,1.91,135.0,10.0,4.0,7.639878,8.0,1728.15,67.0,110.00000000000001,10.0,8.0,2.0,2.0
1440.4,1728.15,577.15,1151.0,498.3976198779445,71.5,85.0,67.0,18.0,7.794228634059948,118.50000000000001,144.0,110.00000000000001,33.999999999999986,14.722431864335451,8.25,10.0,3.0,7.0,3.031088913245535,8.5,10.0,8.0,2.0,0.8660254037844386,2.75,5.0,2.0,3.0,1.299038105676658,1.5,2.0,0.0,2.0,0.8660254037844386,1.91,135.0,10.0,4.0,7.639878,8.0,1728.15,67.0,110.00000000000001,10.0,8.0,2.0,2.0
1841.9,2183.15,1728.15,455.0,197.02077936095978,62.0,67.0,47.0,20.0,8.660254037844387,116.00000000000001,134.0,110.00000000000001,23.999999999999986,10.392304845413257,8.75,10.0,5.0,5.0,2.165063509461097,6.75,8.0,3.0,5.0,2.165063509461097,3.25,7.0,2.0,5.0,2.165063509461097,3.25,7.0,2.0,5.0,2.165063509461097,1.91,135.0,10.0,4.0,7.639878,8.0,1728.15,67.0,110.00000000000001,10.0,8.0,2.0,2.0
1744.9,1795.15,1728.15,67.0,29.011851026778693,53.25,67.0,12.0,55.0,23.81569860407206,123.25000000000001,163.0,110.00000000000001,52.999999999999986,22.94967320028762,8.25,10.0,3.0,7.0,3.031088913245535,6.25,8.0,1.0,7.0,3.031088913245535,3.75,9.0,2.0,7.0,3.031088913245535,3.75,9.0,2.0,7.0,3.031088913245535,1.91,135.0,10.0,4.0,7.639878,8.0,1728.15,67.0,110.00000000000001,10.0,8.0,2.0,2.0
1469.28175,1728.15,692.6769999999999,1035.4730000000002,448.3729614664421,69.5,77.0,67.0,10.0,4.330127018922194,112.00000000000001,118.0,110.00000000000001,7.999999999999986,3.4641016151377486,10.5,12.0,10.0,2.0,0.8660254037844386,8.5,10.0,8.0,2.0,0.8660254037844386,1.5,2.0,0.0,2.0,0.8660254037844386,1.5,2.0,0.0,2.0,0.8660254037844386,1.91,135.0,10.0,4.0,7.639878,8.0,1728.15,67.0,110.00000000000001,10.0,8.0,2.0,2.0
1827.9,2127.15,1728.15,399.0,172.77206805499551,61.25,67.0,44.0,23.0,9.959292143521045,121.00000000000001,154.0,110.00000000000001,43.999999999999986,19.052558883257646,8.5,10.0,4.0,6.0,2.598076211353316,6.5,8.0,2.0,6.0,2.598076211353316,3.5,8.0,2.0,6.0,2.598076211353316,3.5,8.0,2.0,6.0,2.598076211353316,1.91,135.0,10.0,4.0,7.639878,8.0,1728.15,67.0,110.00000000000001,10.0,8.0,2.0,2.0
2911.65,3306.15,1728.15,1578.0,683.294043585922,62.5,67.0,61.0,6.0,2.598076211353316,124.25,129.0,110.00000000000001,18.999999999999986,8.227241335952161,8.5,10.0,8.0,2.0,0.8660254037844386,6.5,8.0,6.0,2.0,0.8660254037844386,3.5,4.0,2.0,2.0,0.8660254037844386,3.5,4.0,2.0,2.0,0.8660254037844386,2.2,130.0,8.0,6.0,8.43823,6.0,3306.15,61.0,129.0,8.0,6.0,4.0,4.0
882.4965,1728.15,600.612,1127.538,488.23827586614925,85.0,91.0,67.0,24.0,10.392304845413264,135.5,144.0,110.00000000000001,33.999999999999986,14.722431864335451,5.5,10.0,4.0,6.0,2.598076211353316,9.5,10.0,8.0,2.0,0.8660254037844386,3.5,4.0,2.0,2.0,0.8660254037844386,0.5,2.0,0.0,2.0,0.8660254037844386,1.8,180.0,14.0,6.0,7.4166799,10.0,600.612,91.0,144.0,4.0,10.0,4.0,0.0
1803.0,1827.9499999999998,1728.15,99.79999999999973,43.21466764884337,67.75,68.0,67.0,1.0,0.4330127018922193,117.5,120.0,110.00000000000001,9.999999999999986,4.330127018922187,10.0,10.0,10.0,0.0,0.0,9.5,10.0,8.0,2.0,0.8660254037844386,0.5,2.0,0.0,2.0,0.8660254037844386,0.5,2.0,0.0,2.0,0.8660254037844386,2.2,140.0,10.0,5.0,8.336839,10.0,1827.9499999999998,68.0,120.0,10.0,10.0,0.0,0.0
1963.0499999999997,2041.35,1728.15,313.1999999999998,135.619578232643,68.5,69.0,67.0,2.0,0.8660254037844386,119.75,123.0,110.00000000000001,12.999999999999986,5.629165124598845,10.0,10.0,10.0,0.0,0.0,8.75,9.0,8.0,1.0,0.4330127018922193,2.0,2.0,2.0,0.0,0.0,1.25,2.0,1.0,1.0,0.4330127018922193,2.2,135.0,10.0,6.0,8.95883,9.0,2041.35,69.0,123.0,10.0,9.0,2.0,1.0
3025.65,3458.15,1728.15,1730.0,749.1119742735394,59.5,67.0,57.0,10.0,4.330127018922194,125.75,131.0,110.00000000000001,20.999999999999986,9.093266739736599,7.75,10.0,7.0,3.0,1.299038105676658,5.75,8.0,5.0,3.0,1.299038105676658,4.25,5.0,2.0,3.0,1.299038105676658,4.25,5.0,2.0,3.0,1.299038105676658,1.9,135.0,7.0,6.0,7.83352,5.0,3458.15,57.0,131.0,7.0,5.0,5.0,5.0
2109.15,2236.15,1728.15,508.0,219.9704525612474,64.75,67.0,64.0,3.0,1.299038105676658,121.25,125.0,110.00000000000001,14.999999999999986,6.495190528383284,9.25,10.0,9.0,1.0,0.4330127018922193,8.0,8.0,8.0,0.0,0.0,2.75,3.0,2.0,1.0,0.4330127018922193,2.0,2.0,2.0,0.0,0.0,2.28,135.0,9.0,5.0,7.4589,8.0,2236.15,64.0,125.0,9.0,8.0,3.0,2.0
810.8475000000001,1728.15,505.08,1223.0700000000002,529.6048453033168,84.25,90.0,67.0,23.0,9.959292143521045,132.5,140.0,110.00000000000001,29.999999999999986,12.990381056766573,5.5,10.0,4.0,6.0,2.598076211353316,9.5,10.0,8.0,2.0,0.8660254037844386,3.5,4.0,2.0,2.0,0.8660254037844386,0.5,2.0,0.0,2.0,0.8660254037844386,1.96,145.0,14.0,5.0,7.343918,10.0,505.08,90.0,140.0,4.0,10.0,4.0,0.0
2899.65,3290.15,1728.15,1562.0,676.3658403556466,53.5,67.0,49.0,18.0,7.794228634059948,137.0,146.0,110.00000000000001,35.999999999999986,15.588457268119889,6.25,10.0,5.0,5.0,2.165063509461097,4.25,8.0,3.0,5.0,2.165063509461097,5.75,7.0,2.0,5.0,2.165063509461097,5.75,7.0,2.0,5.0,2.165063509461097,1.5,145.0,5.0,6.0,7.549571,3.0,3290.15,49.0,146.0,5.0,3.0,7.0,7.0
1889.4,1943.15,1728.15,215.0,93.09773090682715,49.0,67.0,43.0,24.0,10.392304845413264,129.5,136.0,110.00000000000001,25.999999999999986,11.258330249197696,5.5,10.0,4.0,6.0,2.598076211353316,3.5,8.0,2.0,6.0,2.598076211353316,6.5,8.0,2.0,6.0,2.598076211353316,6.5,8.0,2.0,6.0,2.598076211353316,1.54,140.0,4.0,4.0,6.82812,2.0,1943.15,43.0,136.0,4.0,2.0,8.0,8.0
864.9,1728.15,577.15,1151.0,498.3976198779445,80.5,85.0,67.0,18.0,7.794228634059948,135.5,144.0,110.00000000000001,33.999999999999986,14.722431864335451,4.75,10.0,3.0,7.0,3.031088913245535,9.5,10.0,8.0,2.0,0.8660254037844386,4.25,5.0,2.0,3.0,1.299038105676658,0.5,2.0,0.0,2.0,0.8660254037844386,1.8,190.0,13.0,6.0,6.1082873,10.0,577.15,85.0,144.0,3.0,10.0,5.0,0.0
2069.4,2183.15,1728.15,455.0,197.02077936095978,52.0,67.0,47.0,20.0,8.660254037844387,128.0,134.0,110.00000000000001,23.999999999999986,10.392304845413257,6.25,10.0,5.0,5.0,2.165063509461097,4.25,8.0,3.0,5.0,2.165063509461097,5.75,7.0,2.0,5.0,2.165063509461097,5.75,7.0,2.0,5.0,2.165063509461097,1.63,135.0,5.0,4.0,6.746187,3.0,2183.15,47.0,134.0,5.0,3.0,7.0,7.0
3197.4,3687.15,1728.15,1959.0,848.2718830068577,56.5,67.0,53.0,14.0,6.06217782649107,130.25,137.0,110.00000000000001,26.999999999999986,11.691342951089915,7.0,10.0,6.0,4.0,1.7320508075688772,5.0,8.0,4.0,4.0,1.7320508075688772,5.0,6.0,2.0,4.0,1.7320508075688772,5.0,6.0,2.0,4.0,1.7320508075688772,1.7,135.0,6.0,6.0,7.86403,4.0,3687.15,53.0,137.0,6.0,4.0,6.0,6.0
951.54525,1728.15,692.6769999999999,1035.4730000000002,448.37296146644206,74.5,77.0,67.0,10.0,4.330127018922194,116.0,118.0,110.00000000000001,7.999999999999986,3.4641016151377486,11.5,12.0,10.0,2.0,0.8660254037844386,9.5,10.0,8.0,2.0,0.8660254037844386,0.5,2.0,0.0,2.0,0.8660254037844386,0.5,2.0,0.0,2.0,0.8660254037844386,1.65,135.0,12.0,4.0,9.394197,10.0,692.6769999999999,77.0,118.0,12.0,10.0,0.0,0.0
2027.4,2127.15,1728.15,399.0,172.77206805499551,49.75,67.0,44.0,23.0,9.959292143521045,143.0,154.0,110.00000000000001,43.999999999999986,19.052558883257646,5.5,10.0,4.0,6.0,2.598076211353316,3.5,8.0,2.0,6.0,2.598076211353316,6.5,8.0,2.0,6.0,2.598076211353316,6.5,8.0,2.0,6.0,2.598076211353316,1.33,155.0,4.0,5.0,6.634126,2.0,2127.15,44.0,154.0,4.0,2.0,8.0,8.0
2629.7655,3306.15,600.612,2705.538,1171.5323194520713,68.5,91.0,61.0,30.0,12.99038105676658,132.75,144.0,129.0,15.0,6.49519052838329,7.0,8.0,4.0,4.0,1.7320508075688772,7.0,10.0,6.0,4.0,1.7320508075688772,4.0,4.0,4.0,0.0,0.0,3.0,4.0,0.0,4.0,1.7320508075688772,2.2,130.0,8.0,6.0,8.43823,6.0,3306.15,61.0,129.0,8.0,6.0,4.0,4.0
2936.6000000000004,3306.15,1827.9499999999998,1478.2000000000003,640.0793759370787,62.75,68.0,61.0,7.0,3.031088913245535,126.75,129.0,120.0,9.0,3.897114317029974,8.5,10.0,8.0,2.0,0.8660254037844386,7.0,10.0,6.0,4.0,1.7320508075688772,3.0,4.0,0.0,4.0,1.7320508075688772,3.0,4.0,0.0,4.0,1.7320508075688772,2.2,130.0,8.0,6.0,8.43823,6.0,3306.15,61.0,129.0,8.0,6.0,4.0,4.0
2989.9500000000003,3306.15,2041.35,1264.8000000000002,547.6744653532791,63.0,69.0,61.0,8.0,3.4641016151377544,127.5,129.0,123.0,6.0,2.598076211353316,8.5,10.0,8.0,2.0,0.8660254037844386,6.75,9.0,6.0,3.0,1.299038105676658,3.5,4.0,2.0,2.0,0.8660254037844386,3.25,4.0,1.0,3.0,1.299038105676658,2.2,130.0,8.0,6.0,8.43823,6.0,3306.15,61.0,129.0,8.0,6.0,4.0,4.0
3344.15,3458.15,3306.15,152.0,65.81793068761733,60.0,61.0,57.0,4.0,1.7320508075688772,129.5,131.0,129.0,2.0,0.8660254037844386,7.75,8.0,7.0,1.0,0.4330127018922193,5.75,6.0,5.0,1.0,0.4330127018922193,4.25,5.0,4.0,1.0,0.4330127018922193,4.25,5.0,4.0,1.0,0.4330127018922193,2.2,130.0,8.0,6.0,8.43823,6.0,3306.15,61.0,129.0,8.0,6.0,4.0,4.0
3038.65,3306.15,2236.15,1070.0,463.32359102467467,61.75,64.0,61.0,3.0,1.299038105676658,128.0,129.0,125.0,4.0,1.7320508075688772,8.25,9.0,8.0,1.0,0.4330127018922193,6.5,8.0,6.0,2.0,0.8660254037844386,3.75,4.0,3.0,1.0,0.4330127018922193,3.5,4.0,2.0,2.0,0.8660254037844386,2.2,130.0,8.0,6.0,8.43823,6.0,3306.15,61.0,129.0,8.0,6.0,4.0,4.0
3131.15,3306.15,2606.15,700.0,303.10889132455355,60.75,61.0,60.0,1.0,0.4330127018922193,128.0,129.0,125.0,4.0,1.7320508075688772,8.0,8.0,8.0,0.0,0.0,6.25,7.0,6.0,1.0,0.4330127018922193,4.0,4.0,4.0,0.0,0.0,3.75,4.0,3.0,1.0,0.4330127018922193,2.2,130.0,8.0,6.0,8.43823,6.0,3306.15,61.0,129.0,8.0,6.0,4.0,4.0
2933.15,3306.15,1814.15,1492.0,646.0549512231912,48.5,61.0,11.0,50.0,21.650635094610966,133.75,148.0,129.0,19.0,8.227241335952167,6.75,8.0,3.0,5.0,2.165063509461097,4.75,6.0,1.0,5.0,2.165063509461097,5.25,9.0,4.0,5.0,2.165063509461097,5.25,9.0,4.0,5.0,2.165063509461097,2.2,130.0,8.0,6.0,8.43823,6.0,3306.15,61.0,129.0,8.0,6.0,4.0,4.0
2605.8825,3306.15,505.08,2801.07,1212.8988888892388,68.25,90.0,61.0,29.0,12.55736835487436,131.75,140.0,129.0,11.0,4.763139720814412,7.0,8.0,4.0,4.0,1.7320508075688772,7.0,10.0,6.0,4.0,1.7320508075688772,4.0,4.0,4.0,0.0,0.0,3.0,4.0,0.0,4.0,1.7320508075688772,2.2,130.0,8.0,6.0,8.43823,6.0,3306.15,61.0,129.0,8.0,6.0,4.0,4.0
3302.15,3306.15,3290.15,16.0,6.928203230275509,58.0,61.0,49.0,12.0,5.196152422706632,133.25,146.0,129.0,17.0,7.361215932167728,7.25,8.0,5.0,3.0,1.299038105676658,5.25,6.0,3.0,3.0,1.299038105676658,4.75,7.0,4.0,3.0,1.299038105676658,4.75,7.0,4.0,3.0,1.299038105676658,2.2,130.0,8.0,6.0,8.43823,6.0,3306.15,61.0,129.0,8.0,6.0,4.0,4.0
3087.15,3306.15,2430.15,876.0,379.31912685758414,59.75,61.0,56.0,5.0,2.165063509461097,128.75,129.0,128.0,1.0,0.4330127018922193,7.75,8.0,7.0,1.0,0.4330127018922193,5.75,6.0,5.0,1.0,0.4330127018922193,4.25,5.0,4.0,1.0,0.4330127018922193,4.25,5.0,4.0,1.0,0.4330127018922193,2.2,130.0,8.0,6.0,8.43823,6.0,3306.15,61.0,129.0,8.0,6.0,4.0,4.0
2965.4,3306.15,1943.15,1363.0,590.196312679095,56.5,61.0,43.0,18.0,7.794228634059948,130.75,136.0,129.0,7.0,3.031088913245535,7.0,8.0,4.0,4.0,1.7320508075688772,5.0,6.0,2.0,4.0,1.7320508075688772,5.0,8.0,4.0,4.0,1.7320508075688772,5.0,8.0,4.0,4.0,1.7320508075688772,2.2,130.0,8.0,6.0,8.43823,6.0,3306.15,61.0,129.0,8.0,6.0,4.0,4.0
3025.4,3306.15,2183.15,1123.0,486.2732642249623,57.5,61.0,47.0,14.0,6.06217782649107,130.25,134.0,129.0,5.0,2.165063509461097,7.25,8.0,5.0,3.0,1.299038105676658,5.25,6.0,3.0,3.0,1.299038105676658,4.75,7.0,4.0,3.0,1.299038105676658,4.75,7.0,4.0,3.0,1.299038105676658,2.2,130.0,8.0,6.0,8.43823,6.0,3306.15,61.0,129.0,8.0,6.0,4.0,4.0
3401.4,3687.15,3306.15,381.0,164.97783942093557,59.0,61.0,53.0,8.0,3.4641016151377544,131.0,137.0,129.0,8.0,3.4641016151377544,7.5,8.0,6.0,2.0,0.8660254037844386,5.5,6.0,4.0,2.0,0.8660254037844386,4.5,6.0,4.0,2.0,0.8660254037844386,4.5,6.0,4.0,2.0,0.8660254037844386,2.2,130.0,8.0,6.0,8.43823,6.0,3306.15,61.0,129.0,8.0,6.0,4.0,4.0
2928.4,3306.15,1795.15,1511.0,654.2821925591434,48.75,61.0,12.0,49.0,21.21762239271875,137.5,163.0,129.0,34.0,14.722431864335457,6.75,8.0,3.0,5.0,2.165063509461097,4.75,6.0,1.0,5.0,2.165063509461097,5.25,9.0,4.0,5.0,2.165063509461097,5.25,9.0,4.0,5.0,2.165063509461097,2.2,130.0,8.0,6.0,8.43823,6.0,3306.15,61.0,129.0,8.0,6.0,4.0,4.0
2652.78175,3306.15,692.6769999999999,2613.473,1131.6670050523642,65.0,77.0,61.0,16.0,6.928203230275509,126.25,129.0,118.0,11.0,4.763139720814412,9.0,12.0,8.0,4.0,1.7320508075688772,7.0,10.0,6.0,4.0,1.7320508075688772,3.0,4.0,0.0,4.0,1.7320508075688772,3.0,4.0,0.0,4.0,1.7320508075688772,2.2,130.0,8.0,6.0,8.43823,6.0,3306.15,61.0,129.0,8.0,6.0,4.0,4.0
3011.4,3306.15,2127.15,1179.0,510.52197553092657,56.75,61.0,44.0,17.0,7.361215932167728,135.25,154.0,129.0,25.0,10.825317547305483,7.0,8.0,4.0,4.0,1.7320508075688772,5.0,6.0,2.0,4.0,1.7320508075688772,5.0,8.0,4.0,4.0,1.7320508075688772,5.0,8.0,4.0,4.0,1.7320508075688772,2.2,130.0,8.0,6.0,8.43823,6.0,3306.15,61.0,129.0,8.0,6.0,4.0,4.0
1276.9965,3306.15,600.612,2705.538,1171.5323194520713,83.5,91.0,61.0,30.0,12.99038105676658,140.25,144.0,129.0,15.0,6.49519052838329,5.0,8.0,4.0,4.0,1.7320508075688772,9.0,10.0,6.0,4.0,1.7320508075688772,4.0,4.0,4.0,0.0,0.0,1.0,4.0,0.0,4.0,1.7320508075688772,1.8,180.0,14.0,6.0,7.4166799,10.0,600.612,91.0,144.0,4.0,10.0,4.0,0.0
2197.5,3306.15,1827.9499999999998,1478.2000000000003,640.0793759370787,66.25,68.0,61.0,7.0,3.031088913245535,122.25,129.0,120.0,9.0,3.897114317029974,9.5,10.0,8.0,2.0,0.8660254037844386,9.0,10.0,6.0,4.0,1.7320508075688772,1.0,4.0,0.0,4.0,1.7320508075688772,1.0,4.0,0.0,4.0,1.7320508075688772,2.2,140.0,10.0,5.0,8.336839,10.0,1827.9499999999998,68.0,120.0,10.0,10.0,0.0,0.0
2357.5499999999997,3306.15,2041.35,1264.8000000000002,547.6744653532791,67.0,69.0,61.0,8.0,3.4641016151377544,124.5,129.0,123.0,6.0,2.598076211353316,9.5,10.0,8.0,2.0,0.8660254037844386,8.25,9.0,6.0,3.0,1.299038105676658,2.5,4.0,2.0,2.0,0.8660254037844386,1.75,4.0,1.0,3.0,1.299038105676658,2.2,135.0,10.0,6.0,8.95883,9.0,2041.35,69.0,123.0,10.0,9.0,2.0,1.0
3420.15,3458.15,3306.15,152.0,65.81793068761733,58.0,61.0,57.0,4.0,1.7320508075688772,130.5,131.0,129.0,2.0,0.8660254037844386,7.25,8.0,7.0,1.0,0.4330127018922193,5.25,6.0,5.0,1.0,0.4330127018922193,4.75,5.0,4.0,1.0,0.4330127018922193,4.75,5.0,4.0,1.0,0.4330127018922193,1.9,135.0,7.0,6.0,7.83352,5.0,3458.15,57.0,131.0,7.0,5.0,5.0,5.0
2503.65,3306.15,2236.15,1070.0,463.32359102467467,63.25,64.0,61.0,3.0,1.299038105676658,126.0,129.0,125.0,4.0,1.7320508075688772,8.75,9.0,8.0,1.0,0.4330127018922193,7.5,8.0,6.0,2.0,0.8660254037844386,3.25,4.0,3.0,1.0,0.4330127018922193,2.5,4.0,2.0,2.0,0.8660254037844386,2.28,135.0,9.0,5.0,7.4589,8.0,2236.15,64.0,125.0,9.0,8.0,3.0,2.0
2781.15,3306.15,2606.15,700.0,303.10889132455355,60.25,61.0,60.0,1.0,0.4330127018922193,126.0,129.0,125.0,4.0,1.7320508075688772,8.0,8.0,8.0,0.0,0.0,6.75,7.0,6.0,1.0,0.4330127018922193,4.0,4.0,4.0,0.0,0.0,3.25,4.0,3.0,1.0,0.4330127018922193,2.2,130.0,8.0,5.0,7.3605,7.0,2606.15,60.0,125.0,8.0,7.0,4.0,3.0
2187.15,3306.15,1814.15,1492.0,646.0549512231912,23.5,61.0,11.0,50.0,21.650635094610966,143.25,148.0,129.0,19.0,8.227241335952167,4.25,8.0,3.0,5.0,2.165063509461097,2.25,6.0,1.0,5.0,2.165063509461097,7.75,9.0,4.0,5.0,2.165063509461097,7.75,9.0,4.0,5.0,2.165063509461097,1.36,160.0,3.0,4.0,6.56149,1.0,1814.15,11.0,148.0,3.0,1.0,9.0,9.0
1205.3475,3306.15,505.08,2801.07,1212.8988888892388,82.75,90.0,61.0,29.0,12.55736835487436,137.25,140.0,129.0,11.0,4.763139720814412,5.0,8.0,4.0,4.0,1.7320508075688772,9.0,10.0,6.0,4.0,1.7320508075688772,4.0,4.0,4.0,0.0,0.0,1.0,4.0,0.0,4.0,1.7320508075688772,1.96,145.0,14.0,5.0,7.343918,10.0,505.08,90.0,140.0,4.0,10.0,4.0,0.0
3294.15,3306.15,3290.15,16.0,6.928203230275509,52.0,61.0,49.0,12.0,5.196152422706632,141.75,146.0,129.0,17.0,7.361215932167728,5.75,8.0,5.0,3.0,1.299038105676658,3.75,6.0,3.0,3.0,1.299038105676658,6.25,7.0,4.0,3.0,1.299038105676658,6.25,7.0,4.0,3.0,1.299038105676658,1.5,145.0,5.0,6.0,7.549571,3.0,3290.15,49.0,146.0,5.0,3.0,7.0,7.0
2649.15,3306.15,2430.15,876.0,379.31912685758414,57.25,61.0,56.0,5.0,2.165063509461097,128.25,129.0,128.0,1.0,0.4330127018922193,7.25,8.0,7.0,1.0,0.4330127018922193,5.25,6.0,5.0,1.0,0.4330127018922193,4.75,5.0,4.0,1.0,0.4330127018922193,4.75,5.0,4.0,1.0,0.4330127018922193,2.1,135.0,7.0,5.0,7.11938,5.0,2430.15,56.0,128.0,7.0,5.0,5.0,5.0
2283.9,3306.15,1943.15,1363.0,590.196312679095,47.5,61.0,43.0,18.0,7.794228634059948,134.25,136.0,129.0,7.0,3.031088913245535,5.0,8.0,4.0,4.0,1.7320508075688772,3.0,6.0,2.0,4.0,1.7320508075688772,7.0,8.0,4.0,4.0,1.7320508075688772,7.0,8.0,4.0,4.0,1.7320508075688772,1.54,140.0,4.0,4.0,6.82812,2.0,1943.15,43.0,136.0,4.0,2.0,8.0,8.0
1259.4,3306.15,577.15,2729.0,1181.6916634638665,79.0,85.0,61.0,24.0,10.392304845413264,140.25,144.0,129.0,15.0,6.49519052838329,4.25,8.0,3.0,5.0,2.165063509461097,9.0,10.0,6.0,4.0,1.7320508075688772,4.75,5.0,4.0,1.0,0.4330127018922193,1.0,4.0,0.0,4.0,1.7320508075688772,1.8,190.0,13.0,6.0,6.1082873,10.0,577.15,85.0,144.0,3.0,10.0,5.0,0.0
2463.9,3306.15,2183.15,1123.0,486.2732642249623,50.5,61.0,47.0,14.0,6.06217782649107,132.75,134.0,129.0,5.0,2.165063509461097,5.75,8.0,5.0,3.0,1.299038105676658,3.75,6.0,3.0,3.0,1.299038105676658,6.25,7.0,4.0,3.0,1.299038105676658,6.25,7.0,4.0,3.0,1.299038105676658,1.63,135.0,5.0,4.0,6.746187,3.0,2183.15,47.0,134.0,5.0,3.0,7.0,7.0
3591.9,3687.15,3306.15,381.0,164.97783942093557,55.0,61.0,53.0,8.0,3.4641016151377544,135.0,137.0,129.0,8.0,3.4641016151377544,6.5,8.0,6.0,2.0,0.8660254037844386,4.5,6.0,4.0,2.0,0.8660254037844386,5.5,6.0,4.0,2.0,0.8660254037844386,5.5,6.0,4.0,2.0,0.8660254037844386,1.7,135.0,6.0,6.0,7.86403,4.0,3687.15,53.0,137.0,6.0,4.0,6.0,6.0
2172.9,3306.15,1795.15,1511.0,654.2821925591434,24.25,61.0,12.0,49.0,21.21762239271875,154.5,163.0,129.0,34.0,14.722431864335457,4.25,8.0,3.0,5.0,2.165063509461097,2.25,6.0,1.0,5.0,2.165063509461097,7.75,9.0,4.0,5.0,2.165063509461097,7.75,9.0,4.0,5.0,2.165063509461097,1.22,180.0,3.0,5.0,6.21726,1.0,1795.15,12.0,163.0,3.0,1.0,9.0,9.0
1346.0452500000001,3306.15,692.6769999999999,2613.473,1131.6670050523642,73.0,77.0,61.0,16.0,6.928203230275509,120.75,129.0,118.0,11.0,4.763139720814412,11.0,12.0,8.0,4.0,1.7320508075688772,9.0,10.0,6.0,4.0,1.7320508075688772,1.0,4.0,0.0,4.0,1.7320508075688772,1.0,4.0,0.0,4.0,1.7320508075688772,1.65,135.0,12.0,4.0,9.394197,10.0,692.6769999999999,77.0,118.0,12.0,10.0,0.0,0.0
2421.9,3306.15,2127.15,1179.0,510.52197553092657,48.25,61.0,44.0,17.0,7.361215932167728,147.75,154.0,129.0,25.0,10.825317547305483,5.0,8.0,4.0,4.0,1.7320508075688772,3.0,6.0,2.0,4.0,1.7320508075688772,7.0,8.0,4.0,4.0,1.7320508075688772,7.0,8.0,4.0,4.0,1.7320508075688772,1.33,155.0,4.0,5.0,6.634126,2.0,2127.15,44.0,154.0,4.0,2.0,8.0,8.0
907.4464999999999,1827.9499999999998,600.612,1227.3379999999997,531.4529435149926,85.25,91.0,68.0,23.0,9.959292143521045,138.0,144.0,120.0,24.0,10.392304845413264,5.5,10.0,4.0,6.0,2.598076211353316,10.0,10.0,10.0,0.0,0.0,3.0,4.0,0.0,4.0,1.7320508075688772,0.0,0.0,0.0,0.0,0.0,1.8,180.0,14.0,6.0,7.4166799,10.0,600.612,91.0,144.0,4.0,10.0,4.0,0.0
960.7964999999999,2041.35,600.612,1440.7379999999998,623.8578540987922,85.5,91.0,69.0,22.0,9.526279441628825,138.75,144.0,123.0,21.0,9.093266739736606,5.5,10.0,4.0,6.0,2.598076211353316,9.75,10.0,9.0,1.0,0.4330127018922193,3.5,4.0,2.0,2.0,0.8660254037844386,0.25,1.0,0.0,1.0,0.4330127018922193,1.8,180.0,14.0,6.0,7.4166799,10.0,600.612,91.0,144.0,4.0,10.0,4.0,0.0
1314.9965,3458.15,600.612,2857.538,1237.3502501396888,82.5,91.0,57.0,34.0,14.722431864335457,140.75,144.0,131.0,13.0,5.629165124598851,4.75,7.0,4.0,3.0,1.299038105676658,8.75,10.0,5.0,5.0,2.165063509461097,4.25,5.0,4.0,1.0,0.4330127018922193,1.25,5.0,0.0,5.0,2.165063509461097,1.8,180.0,14.0,6.0,7.4166799,10.0,600.612,91.0,144.0,4.0,10.0,4.0,0.0
1009.4965,2236.15,600.612,1635.538,708.2087284273966,84.25,91.0,64.0,27.0,11.691342951089922,139.25,144.0,125.0,19.0,8.227241335952167,5.25,9.0,4.0,5.0,2.165063509461097,9.5,10.0,8.0,2.0,0.8660254037844386,3.75,4.0,3.0,1.0,0.4330127018922193,0.5,2.0,0.0,2.0,0.8660254037844386,1.8,180.0,14.0,6.0,7.4166799,10.0,600.612,91.0,144.0,4.0,10.0,4.0,0.0
1101.9965,2606.15,600.612,2005.538,868.4234281275178,83.25,91.0,60.0,31.0,13.423393758658799,139.25,144.0,125.0,19.0,8.227241335952167,5.0,8.0,4.0,4.0,1.7320508075688772,9.25,10.0,7.0,3.0,1.299038105676658,4.0,4.0,4.0,0.0,0.0,0.75,3.0,0.0,3.0,1.299038105676658,1.8,180.0,14.0,6.0,7.4166799,10.0,600.612,91.0,144.0,4.0,10.0,4.0,0.0
903.9965,1814.15,600.612,1213.538,525.4773682288801,71.0,91.0,11.0,80.0,34.64101615137755,145.0,148.0,144.0,4.0,1.7320508075688772,3.75,4.0,3.0,1.0,0.4330127018922193,7.75,10.0,1.0,9.0,3.897114317029974,5.25,9.0,4.0,5.0,2.165063509461097,2.25,9.0,0.0,9.0,3.897114317029974,1.8,180.0,14.0,6.0,7.4166799,10.0,600.612,91.0,144.0,4.0,10.0,4.0,0.0
576.7289999999999,600.612,505.08,95.53199999999998,41.36656943716749,90.75,91.0,90.0,1.0,0.4330127018922193,143.0,144.0,140.0,4.0,1.7320508075688772,4.0,4.0,4.0,0.0,0.0,10.0,10.0,10.0,0.0,0.0,4.0,4.0,4.0,0.0,0.0,0.0,0.0,0.0,0.0,0.0,1.8,180.0,14.0,6.0,7.4166799,10.0,600.612,91.0,144.0,4.0,10.0,4.0,0.0
1272.9965,3290.15,600.612,2689.538,1164.604116221796,80.5,91.0,49.0,42.0,18.186533479473212,144.5,146.0,144.0,2.0,0.8660254037844386,4.25,5.0,4.0,1.0,0.4330127018922193,8.25,10.0,3.0,7.0,3.031088913245535,4.75,7.0,4.0,3.0,1.299038105676658,1.75,7.0,0.0,7.0,3.031088913245535,1.8,180.0,14.0,6.0,7.4166799,10.0,600.612,91.0,144.0,4.0,10.0,4.0,0.0
1057.9965,2430.15,600.612,1829.538,792.2131925944872,82.25,91.0,56.0,35.0,15.155444566227676,140.0,144.0,128.0,16.0,6.928203230275509,4.75,7.0,4.0,3.0,1.299038105676658,8.75,10.0,5.0,5.0,2.165063509461097,4.25,5.0,4.0,1.0,0.4330127018922193,1.25,5.0,0.0,5.0,2.165063509461097,1.8,180.0,14.0,6.0,7.4166799,10.0,600.612,91.0,144.0,4.0,10.0,4.0,0.0
936.2465,1943.15,600.612,1342.538,581.3360067729764,79.0,91.0,43.0,48.0,20.784609690826528,142.0,144.0,136.0,8.0,3.4641016151377544,4.0,4.0,4.0,0.0,0.0,8.0,10.0,2.0,8.0,3.4641016151377544,5.0,8.0,4.0,4.0,1.7320508075688772,2.0,8.0,0.0,8.0,3.4641016151377544,1.8,180.0,14.0,6.0,7.4166799,10.0,600.612,91.0,144.0,4.0,10.0,4.0,0.0
594.7465,600.612,577.15,23.46199999999999,10.159344011795245,89.5,91.0,85.0,6.0,2.598076211353316,144.0,144.0,144.0,0.0,0.0,3.75,4.0,3.0,1.0,0.4330127018922193,10.0,10.0,10.0,0.0,0.0,4.25,5.0,4.0,1.0,0.4330127018922193,0.0,0.0,0.0,0.0,0.0,1.8,180.0,14.0,6.0,7.4166799,10.0,600.612,91.0,144.0,4.0,10.0,4.0,0.0
996.2465,2183.15,600.612,1582.538,685.259055227109,80.0,91.0,47.0,44.0,19.05255888325765,141.5,144.0,134.0,10.0,4.330127018922194,4.25,5.0,4.0,1.0,0.4330127018922193,8.25,10.0,3.0,7.0,3.031088913245535,4.75,7.0,4.0,3.0,1.299038105676658,1.75,7.0,0.0,7.0,3.031088913245535,1.8,180.0,14.0,6.0,7.4166799,10.0,600.612,91.0,144.0,4.0,10.0,4.0,0.0
1372.2465,3687.15,600.612,3086.538,1336.510158873007,81.5,91.0,53.0,38.0,16.454482671904334,142.25,144.0,137.0,7.0,3.031088913245535,4.5,6.0,4.0,2.0,0.8660254037844386,8.5,10.0,4.0,6.0,2.598076211353316,4.5,6.0,4.0,2.0,0.8660254037844386,1.5,6.0,0.0,6.0,2.598076211353316,1.8,180.0,14.0,6.0,7.4166799,10.0,600.612,91.0,144.0,4.0,10.0,4.0,0.0
899.2465,1795.15,600.612,1194.538,517.2501268929279,71.25,91.0,12.0,79.0,34.208003449485325,148.75,163.0,144.0,19.0,8.227241335952167,3.75,4.0,3.0,1.0,0.4330127018922193,7.75,10.0,1.0,9.0,3.897114317029974,5.25,9.0,4.0,5.0,2.165063509461097,2.25,9.0,0.0,9.0,3.897114317029974,1.8,180.0,14.0,6.0,7.4166799,10.0,600.612,91.0,144.0,4.0,10.0,4.0,0.0
623.62825,692.6769999999999,600.612,92.06499999999994,39.865314399707145,87.5,91.0,77.0,14.0,6.06217782649107,137.5,144.0,118.0,26.0,11.258330249197702,6.0,12.0,4.0,8.0,3.4641016151377544,10.0,10.0,10.0,0.0,0.0,3.0,4.0,0.0,4.0,1.7320508075688772,0.0,0.0,0.0,0.0,0.0,1.8,180.0,14.0,6.0,7.4166799,10.0,600.612,91.0,144.0,4.0,10.0,4.0,0.0
982.2465,2127.15,600.612,1526.538,661.0103439211448,79.25,91.0,44.0,47.0,20.351596988934308,146.5,154.0,144.0,10.0,4.330127018922194,4.0,4.0,4.0,0.0,0.0,8.0,10.0,2.0,8.0,3.4641016151377544,5.0,8.0,4.0,4.0,1.7320508075688772,2.0,8.0,0.0,8.0,3.4641016151377544,1.8,180.0,14.0,6.0,7.4166799,10.0,600.612,91.0,144.0,4.0,10.0,4.0,0.0
1521.1154999999999,1827.9499999999998,600.612,1227.3379999999997,531.4529435149926,73.75,91.0,68.0,23.0,9.959292143521045,126.0,144.0,120.0,24.0,10.392304845413264,8.5,10.0,4.0,6.0,2.598076211353316,10.0,10.0,10.0,0.0,0.0,1.0,4.0,0.0,4.0,1.7320508075688772,0.0,0.0,0.0,0.0,0.0,2.2,140.0,10.0,5.0,8.336839,10.0,1827.9499999999998,68.0,120.0,10.0,10.0,0.0,0.0
1681.1654999999998,2041.35,600.612,1440.7379999999998,623.8578540987922,74.5,91.0,69.0,22.0,9.526279441628825,128.25,144.0,123.0,21.0,9.093266739736606,8.5,10.0,4.0,6.0,2.598076211353316,9.25,10.0,9.0,1.0,0.4330127018922193,2.5,4.0,2.0,2.0,0.8660254037844386,0.75,1.0,0.0,1.0,0.4330127018922193,2.2,135.0,10.0,6.0,8.95883,9.0,2041.35,69.0,123.0,10.0,9.0,2.0,1.0
1827.2655000000002,2236.15,600.612,1635.538,708.2087284273967,70.75,91.0,64.0,27.0,11.691342951089922,129.75,144.0,125.0,19.0,8.227241335952167,7.75,9.0,4.0,5.0,2.165063509461097,8.5,10.0,8.0,2.0,0.8660254037844386,3.25,4.0,3.0,1.0,0.4330127018922193,1.5,2.0,0.0,2.0,0.8660254037844386,2.28,135.0,9.0,5.0,7.4589,8.0,2236.15,64.0,125.0,9.0,8.0,3.0,2.0
2104.7655,2606.15,600.612,2005.538,868.4234281275178,67.75,91.0,60.0,31.0,13.423393758658799,129.75,144.0,125.0,19.0,8.227241335952167,7.0,8.0,4.0,4.0,1.7320508075688772,7.75,10.0,7.0,3.0,1.299038105676658,4.0,4.0,4.0,0.0,0.0,2.25,3.0,0.0,3.0,1.299038105676658,2.2,130.0,8.0,5.0,7.3605,7.0,2606.15,60.0,125.0,8.0,7.0,4.0,3.0
1510.7655000000002,1814.15,600.612,1213.538,525.4773682288801,31.0,91.0,11.0,80.0,34.64101615137755,147.0,148.0,144.0,4.0,1.7320508075688772,3.25,4.0,3.0,1.0,0.4330127018922193,3.25,10.0,1.0,9.0,3.897114317029974,7.75,9.0,4.0,5.0,2.165063509461097,6.75,9.0,0.0,9.0,3.897114317029974,1.36,160.0,3.0,4.0,6.56149,1.0,1814.15,11.0,148.0,3.0,1.0,9.0,9.0
528.963,600.612,505.08,95.53199999999998,41.36656943716749,90.25,91.0,90.0,1.0,0.4330127018922193,141.0,144.0,140.0,4.0,1.7320508075688772,4.0,4.0,4.0,0.0,0.0,10.0,10.0,10.0,0.0,0.0,4.0,4.0,4.0,0.0,0.0,0.0,0.0,0.0,0.0,0.0,1.96,145.0,14.0,5.0,7.343918,10.0,505.08,90.0,140.0,4.0,10.0,4.0,0.0
2617.7655,3290.15,600.612,2689.538,1164.6041162217957,59.5,91.0,49.0,42.0,18.186533479473212,145.5,146.0,144.0,2.0,0.8660254037844386,4.75,5.0,4.0,1.0,0.4330127018922193,4.75,10.0,3.0,7.0,3.031088913245535,6.25,7.0,4.0,3.0,1.299038105676658,5.25,7.0,0.0,7.0,3.031088913245535,1.5,145.0,5.0,6.0,7.549571,3.0,3290.15,49.0,146.0,5.0,3.0,7.0,7.0
1972.7655000000002,2430.15,600.612,1829.538,792.2131925944873,64.75,91.0,56.0,35.0,15.155444566227676,132.0,144.0,128.0,16.0,6.928203230275509,6.25,7.0,4.0,3.0,1.299038105676658,6.25,10.0,5.0,5.0,2.165063509461097,4.75,5.0,4.0,1.0,0.4330127018922193,3.75,5.0,0.0,5.0,2.165063509461097,2.1,135.0,7.0,5.0,7.11938,5.0,2430.15,56.0,128.0,7.0,5.0,5.0,5.0
1607.5155000000002,1943.15,600.612,1342.538,581.3360067729764,55.0,91.0,43.0,48.0,20.784609690826528,138.0,144.0,136.0,8.0,3.4641016151377544,4.0,4.0,4.0,0.0,0.0,4.0,10.0,2.0,8.0,3.4641016151377544,7.0,8.0,4.0,4.0,1.7320508075688772,6.0,8.0,0.0,8.0,3.4641016151377544,1.54,140.0,4.0,4.0,6.82812,2.0,1943.15,43.0,136.0,4.0,2.0,8.0,8.0
583.0155,600.612,577.15,23.46199999999999,10.159344011795245,86.5,91.0,85.0,6.0,2.598076211353316,144.0,144.0,144.0,0.0,0.0,3.25,4.0,3.0,1.0,0.4330127018922193,10.0,10.0,10.0,0.0,0.0,4.75,5.0,4.0,1.0,0.4330127018922193,0.0,0.0,0.0,0.0,0.0,1.8,190.0,13.0,6.0,6.1082873,10.0,577.15,85.0,144.0,3.0,10.0,5.0,0.0
1787.5155000000002,2183.15,600.612,1582.538,685.2590552271091,58.0,91.0,47.0,44.0,19.05255888325765,136.5,144.0,134.0,10.0,4.330127018922194,4.75,5.0,4.0,1.0,0.4330127018922193,4.75,10.0,3.0,7.0,3.031088913245535,6.25,7.0,4.0,3.0,1.299038105676658,5.25,7.0,0.0,7.0,3.031088913245535,1.63,135.0,5.0,4.0,6.746187,3.0,2183.15,47.0,134.0,5.0,3.0,7.0,7.0
2915.5155,3687.15,600.612,3086.538,1336.510158873007,62.5,91.0,53.0,38.0,16.454482671904334,138.75,144.0,137.0,7.0,3.031088913245535,5.5,6.0,4.0,2.0,0.8660254037844386,5.5,10.0,4.0,6.0,2.598076211353316,5.5,6.0,4.0,2.0,0.8660254037844386,4.5,6.0,0.0,6.0,2.598076211353316,1.7,135.0,6.0,6.0,7.86403,4.0,3687.15,53.0,137.0,6.0,4.0,6.0,6.0
1496.5155000000002,1795.15,600.612,1194.538,517.2501268929279,31.75,91.0,12.0,79.0,34.208003449485325,158.25,163.0,144.0,19.0,8.227241335952167,3.25,4.0,3.0,1.0,0.4330127018922193,3.25,10.0,1.0,9.0,3.897114317029974,7.75,9.0,4.0,5.0,2.165063509461097,6.75,9.0,0.0,9.0,3.897114317029974,1.22,180.0,3.0,5.0,6.21726,1.0,1795.15,12.0,163.0,3.0,1.0,9.0,9.0
669.66075,692.6769999999999,600.612,92.06499999999994,39.865314399707145,80.5,91.0,77.0,14.0,6.06217782649107,124.5,144.0,118.0,26.0,11.258330249197702,10.0,12.0,4.0,8.0,3.4641016151377544,10.0,10.0,10.0,0.0,0.0,1.0,4.0,0.0,4.0,1.7320508075688772,0.0,0.0,0.0,0.0,0.0,1.65,135.0,12.0,4.0,9.394197,10.0,692.6769999999999,77.0,118.0,12.0,10.0,0.0,0.0
1745.5155000000002,2127.15,600.612,1526.538,661.0103439211448,55.75,91.0,44.0,47.0,20.351596988934308,151.5,154.0,144.0,10.0,4.330127018922194,4.0,4.0,4.0,0.0,0.0,4.0,10.0,2.0,8.0,3.4641016151377544,7.0,8.0,4.0,4.0,1.7320508075688772,6.0,8.0,0.0,8.0,3.4641016151377544,1.33,155.0,4.0,5.0,6.634126,2.0,2127.15,44.0,154.0,4.0,2.0,8.0,8.0
1881.2999999999997,2041.35,1827.9499999999998,213.4000000000001,92.40491058379963,68.25,69.0,68.0,1.0,0.4330127018922193,120.75,123.0,120.0,3.0,1.299038105676658,10.0,10.0,10.0,0.0,0.0,9.75,10.0,9.0,1.0,0.4330127018922193,0.5,2.0,0.0,2.0,0.8660254037844386,0.25,1.0,0.0,1.0,0.4330127018922193,2.2,140.0,10.0,5.0,8.336839,10.0,1827.9499999999998,68.0,120.0,10.0,10.0,0.0,0.0
2235.5,3458.15,1827.9499999999998,1630.2000000000003,705.8973066246961,65.25,68.0,57.0,11.0,4.763139720814412,122.75,131.0,120.0,11.0,4.763139720814412,9.25,10.0,7.0,3.0,1.299038105676658,8.75,10.0,5.0,5.0,2.165063509461097,1.25,5.0,0.0,5.0,2.165063509461097,1.25,5.0,0.0,5.0,2.165063509461097,2.2,140.0,10.0,5.0,8.336839,10.0,1827.9499999999998,68.0,120.0,10.0,10.0,0.0,0.0
1930.0,2236.15,1827.9499999999998,408.2000000000003,176.75578491240404,67.0,68.0,64.0,4.0,1.7320508075688772,121.25,125.0,120.0,5.0,2.165063509461097,9.75,10.0,9.0,1.0,0.4330127018922193,9.5,10.0,8.0,2.0,0.8660254037844386,0.75,3.0,0.0,3.0,1.299038105676658,0.5,2.0,0.0,2.0,0.8660254037844386,2.2,140.0,10.0,5.0,8.336839,10.0,1827.9499999999998,68.0,120.0,10.0,10.0,0.0,0.0
2022.5,2606.15,1827.9499999999998,778.2000000000003,336.9704846125252,66.0,68.0,60.0,8.0,3.4641016151377544,121.25,125.0,120.0,5.0,2.165063509461097,9.5,10.0,8.0,2.0,0.8660254037844386,9.25,10.0,7.0,3.0,1.299038105676658,1.0,4.0,0.0,4.0,1.7320508075688772,0.75,3.0,0.0,3.0,1.299038105676658,2.2,140.0,10.0,5.0,8.336839,10.0,1827.9499999999998,68.0,120.0,10.0,10.0,0.0,0.0
1824.5,1827.9499999999998,1814.15,13.799999999999727,5.975575286112509,53.75,68.0,11.0,57.0,24.681724007856502,127.0,148.0,120.0,28.0,12.12435565298214,8.25,10.0,3.0,7.0,3.031088913245535,7.75,10.0,1.0,9.0,3.897114317029974,2.25,9.0,0.0,9.0,3.897114317029974,2.25,9.0,0.0,9.0,3.897114317029974,2.2,140.0,10.0,5.0,8.336839,10.0,1827.9499999999998,68.0,120.0,10.0,10.0,0.0,0.0
1497.2324999999998,1827.9499999999998,505.08,1322.87,572.8195129521602,73.5,90.0,68.0,22.0,9.526279441628825,125.0,140.0,120.0,20.0,8.660254037844387,8.5,10.0,4.0,6.0,2.598076211353316,10.0,10.0,10.0,0.0,0.0,1.0,4.0,0.0,4.0,1.7320508075688772,0.0,0.0,0.0,0.0,0.0,2.2,140.0,10.0,5.0,8.336839,10.0,1827.9499999999998,68.0,120.0,10.0,10.0,0.0,0.0
2193.5,3290.15,1827.9499999999998,1462.2000000000003,633.1511727068032,63.25,68.0,49.0,19.0,8.227241335952167,126.5,146.0,120.0,26.0,11.258330249197702,8.75,10.0,5.0,5.0,2.165063509461097,8.25,10.0,3.0,7.0,3.031088913245535,1.75,7.0,0.0,7.0,3.031088913245535,1.75,7.0,0.0,7.0,3.031088913245535,2.2,140.0,10.0,5.0,8.336839,10.0,1827.9499999999998,68.0,120.0,10.0,10.0,0.0,0.0
1978.5,2430.15,1827.9499999999998,602.2000000000003,260.7602490794946,65.0,68.0,56.0,12.0,5.196152422706632,122.0,128.0,120.0,8.0,3.4641016151377544,9.25,10.0,7.0,3.0,1.299038105676658,8.75,10.0,5.0,5.0,2.165063509461097,1.25,5.0,0.0,5.0,2.165063509461097,1.25,5.0,0.0,5.0,2.165063509461097,2.2,140.0,10.0,5.0,8.336839,10.0,1827.9499999999998,68.0,120.0,10.0,10.0,0.0,0.0
1856.75,1943.15,1827.9499999999998,115.20000000000027,49.88306325798378,61.75,68.0,43.0,25.0,10.825317547305483,124.0,136.0,120.0,16.0,6.928203230275509,8.5,10.0,4.0,6.0,2.598076211353316,8.0,10.0,2.0,8.0,3.4641016151377544,2.0,8.0,0.0,8.0,3.4641016151377544,2.0,8.0,0.0,8.0,3.4641016151377544,2.2,140.0,10.0,5.0,8.336839,10.0,1827.9499999999998,68.0,120.0,10.0,10.0,0.0,0.0
1515.2499999999998,1827.9499999999998,577.15,1250.7999999999997,541.6122875267879,72.25,85.0,68.0,17.0,7.361215932167728,126.0,144.0,120.0,24.0,10.392304845413264,8.25,10.0,3.0,7.0,3.031088913245535,10.0,10.0,10.0,0.0,0.0,1.25,5.0,0.0,5.0,2.165063509461097,0.0,0.0,0.0,0.0,0.0,2.2,140.0,10.0,5.0,8.336839,10.0,1827.9499999999998,68.0,120.0,10.0,10.0,0.0,0.0
1916.75,2183.15,1827.9499999999998,355.2000000000003,153.80611171211643,62.75,68.0,47.0,21.0,9.093266739736606,123.5,134.0,120.0,14.0,6.06217782649107,8.75,10.0,5.0,5.0,2.165063509461097,8.25,10.0,3.0,7.0,3.031088913245535,1.75,7.0,0.0,7.0,3.031088913245535,1.75,7.0,0.0,7.0,3.031088913245535,2.2,140.0,10.0,5.0,8.336839,10.0,1827.9499999999998,68.0,120.0,10.0,10.0,0.0,0.0
2292.75,3687.15,1827.9499999999998,1859.2000000000003,805.0572153580143,64.25,68.0,53.0,15.0,6.49519052838329,124.25,137.0,120.0,17.0,7.361215932167728,9.0,10.0,6.0,4.0,1.7320508075688772,8.5,10.0,4.0,6.0,2.598076211353316,1.5,6.0,0.0,6.0,2.598076211353316,1.5,6.0,0.0,6.0,2.598076211353316,2.2,140.0,10.0,5.0,8.336839,10.0,1827.9499999999998,68.0,120.0,10.0,10.0,0.0,0.0
1819.75,1827.9499999999998,1795.15,32.79999999999973,14.202816622064676,54.0,68.0,12.0,56.0,24.24871130596428,130.75,163.0,120.0,43.0,18.619546181365433,8.25,10.0,3.0,7.0,3.031088913245535,7.75,10.0,1.0,9.0,3.897114317029974,2.25,9.0,0.0,9.0,3.897114317029974,2.25,9.0,0.0,9.0,3.897114317029974,2.2,140.0,10.0,5.0,8.336839,10.0,1827.9499999999998,68.0,120.0,10.0,10.0,0.0,0.0
1544.1317499999998,1827.9499999999998,692.6769999999999,1135.273,491.5876291152855,70.25,77.0,68.0,9.0,3.897114317029974,119.5,120.0,118.0,2.0,0.8660254037844386,10.5,12.0,10.0,2.0,0.8660254037844386,10.0,10.0,10.0,0.0,0.0,0.0,0.0,0.0,0.0,0.0,0.0,0.0,0.0,0.0,0.0,2.2,140.0,10.0,5.0,8.336839,10.0,1827.9499999999998,68.0,120.0,10.0,10.0,0.0,0.0
1902.75,2127.15,1827.9499999999998,299.2000000000003,129.55740040615214,62.0,68.0,44.0,24.0,10.392304845413264,128.5,154.0,120.0,34.0,14.722431864335457,8.5,10.0,4.0,6.0,2.598076211353316,8.0,10.0,2.0,8.0,3.4641016151377544,2.0,8.0,0.0,8.0,3.4641016151377544,2.0,8.0,0.0,8.0,3.4641016151377544,2.2,140.0,10.0,5.0,8.336839,10.0,1827.9499999999998,68.0,120.0,10.0,10.0,0.0,0.0
1987.9999999999998,2041.35,1827.9499999999998,213.4000000000001,92.40491058379963,68.75,69.0,68.0,1.0,0.4330127018922193,122.25,123.0,120.0,3.0,1.299038105676658,10.0,10.0,10.0,0.0,0.0,9.25,10.0,9.0,1.0,0.4330127018922193,1.5,2.0,0.0,2.0,0.8660254037844386,0.75,1.0,0.0,1.0,0.4330127018922193,2.2,135.0,10.0,6.0,8.95883,9.0,2041.35,69.0,123.0,10.0,9.0,2.0,1.0
3050.6000000000004,3458.15,1827.9499999999998,1630.2000000000003,705.8973066246961,59.75,68.0,57.0,11.0,4.763139720814412,128.25,131.0,120.0,11.0,4.763139720814412,7.75,10.0,7.0,3.0,1.299038105676658,6.25,10.0,5.0,5.0,2.165063509461097,3.75,5.0,0.0,5.0,2.165063509461097,3.75,5.0,0.0,5.0,2.165063509461097,1.9,135.0,7.0,6.0,7.83352,5.0,3458.15,57.0,131.0,7.0,5.0,5.0,5.0
2134.1000000000004,2236.15,1827.9499999999998,408.2000000000003,176.75578491240404,65.0,68.0,64.0,4.0,1.7320508075688772,123.75,125.0,120.0,5.0,2.165063509461097,9.25,10.0,9.0,1.0,0.4330127018922193,8.5,10.0,8.0,2.0,0.8660254037844386,2.25,3.0,0.0,3.0,1.299038105676658,1.5,2.0,0.0,2.0,0.8660254037844386,2.28,135.0,9.0,5.0,7.4589,8.0,2236.15,64.0,125.0,9.0,8.0,3.0,2.0
2411.6000000000004,2606.15,1827.9499999999998,778.2000000000003,336.9704846125252,62.0,68.0,60.0,8.0,3.4641016151377544,123.75,125.0,120.0,5.0,2.165063509461097,8.5,10.0,8.0,2.0,0.8660254037844386,7.75,10.0,7.0,3.0,1.299038105676658,3.0,4.0,0.0,4.0,1.7320508075688772,2.25,3.0,0.0,3.0,1.299038105676658,2.2,130.0,8.0,5.0,7.3605,7.0,2606.15,60.0,125.0,8.0,7.0,4.0,3.0
1817.6000000000001,1827.9499999999998,1814.15,13.799999999999727,5.975575286112509,25.25,68.0,11.0,57.0,24.681724007856502,141.0,148.0,120.0,28.0,12.12435565298214,4.75,10.0,3.0,7.0,3.031088913245535,3.25,10.0,1.0,9.0,3.897114317029974,6.75,9.0,0.0,9.0,3.897114317029974,6.75,9.0,0.0,9.0,3.897114317029974,1.36,160.0,3.0,4.0,6.56149,1.0,1814.15,11.0,148.0,3.0,1.0,9.0,9.0
835.7974999999999,1827.9499999999998,505.08,1322.87,572.81951295216,84.5,90.0,68.0,22.0,9.526279441628825,135.0,140.0,120.0,20.0,8.660254037844387,5.5,10.0,4.0,6.0,2.598076211353316,10.0,10.0,10.0,0.0,0.0,3.0,4.0,0.0,4.0,1.7320508075688772,0.0,0.0,0.0,0.0,0.0,1.96,145.0,14.0,5.0,7.343918,10.0,505.08,90.0,140.0,4.0,10.0,4.0,0.0
2924.6000000000004,3290.15,1827.9499999999998,1462.2000000000003,633.1511727068032,53.75,68.0,49.0,19.0,8.227241335952167,139.5,146.0,120.0,26.0,11.258330249197702,6.25,10.0,5.0,5.0,2.165063509461097,4.75,10.0,3.0,7.0,3.031088913245535,5.25,7.0,0.0,7.0,3.031088913245535,5.25,7.0,0.0,7.0,3.031088913245535,1.5,145.0,5.0,6.0,7.549571,3.0,3290.15,49.0,146.0,5.0,3.0,7.0,7.0
2279.6000000000004,2430.15,1827.9499999999998,602.2000000000003,260.7602490794946,59.0,68.0,56.0,12.0,5.196152422706632,126.0,128.0,120.0,8.0,3.4641016151377544,7.75,10.0,7.0,3.0,1.299038105676658,6.25,10.0,5.0,5.0,2.165063509461097,3.75,5.0,0.0,5.0,2.165063509461097,3.75,5.0,0.0,5.0,2.165063509461097,2.1,135.0,7.0,5.0,7.11938,5.0,2430.15,56.0,128.0,7.0,5.0,5.0,5.0
1914.3500000000001,1943.15,1827.9499999999998,115.20000000000027,49.88306325798378,49.25,68.0,43.0,25.0,10.825317547305483,132.0,136.0,120.0,16.0,6.928203230275509,5.5,10.0,4.0,6.0,2.598076211353316,4.0,10.0,2.0,8.0,3.4641016151377544,6.0,8.0,0.0,8.0,3.4641016151377544,6.0,8.0,0.0,8.0,3.4641016151377544,1.54,140.0,4.0,4.0,6.82812,2.0,1943.15,43.0,136.0,4.0,2.0,8.0,8.0
889.8499999999999,1827.9499999999998,577.15,1250.7999999999997,541.6122875267879,80.75,85.0,68.0,17.0,7.361215932167728,138.0,144.0,120.0,24.0,10.392304845413264,4.75,10.0,3.0,7.0,3.031088913245535,10.0,10.0,10.0,0.0,0.0,3.75,5.0,0.0,5.0,2.165063509461097,0.0,0.0,0.0,0.0,0.0,1.8,190.0,13.0,6.0,6.1082873,10.0,577.15,85.0,144.0,3.0,10.0,5.0,0.0
2094.3500000000004,2183.15,1827.9499999999998,355.2000000000003,153.80611171211643,52.25,68.0,47.0,21.0,9.093266739736606,130.5,134.0,120.0,14.0,6.06217782649107,6.25,10.0,5.0,5.0,2.165063509461097,4.75,10.0,3.0,7.0,3.031088913245535,5.25,7.0,0.0,7.0,3.031088913245535,5.25,7.0,0.0,7.0,3.031088913245535,1.63,135.0,5.0,4.0,6.746187,3.0,2183.15,47.0,134.0,5.0,3.0,7.0,7.0
3222.3500000000004,3687.15,1827.9499999999998,1859.2000000000003,805.0572153580142,56.75,68.0,53.0,15.0,6.49519052838329,132.75,137.0,120.0,17.0,7.361215932167728,7.0,10.0,6.0,4.0,1.7320508075688772,5.5,10.0,4.0,6.0,2.598076211353316,4.5,6.0,0.0,6.0,2.598076211353316,4.5,6.0,0.0,6.0,2.598076211353316,1.7,135.0,6.0,6.0,7.86403,4.0,3687.15,53.0,137.0,6.0,4.0,6.0,6.0
1803.3500000000001,1827.9499999999998,1795.15,32.79999999999973,14.202816622064677,26.0,68.0,12.0,56.0,24.24871130596428,152.25,163.0,120.0,43.0,18.619546181365433,4.75,10.0,3.0,7.0,3.031088913245535,3.25,10.0,1.0,9.0,3.897114317029974,6.75,9.0,0.0,9.0,3.897114317029974,6.75,9.0,0.0,9.0,3.897114317029974,1.22,180.0,3.0,5.0,6.21726,1.0,1795.15,12.0,163.0,3.0,1.0,9.0,9.0
976.4952499999999,1827.9499999999998,692.6769999999999,1135.273,491.5876291152855,74.75,77.0,68.0,9.0,3.897114317029974,118.5,120.0,118.0,2.0,0.8660254037844386,11.5,12.0,10.0,2.0,0.8660254037844386,10.0,10.0,10.0,0.0,0.0,0.0,0.0,0.0,0.0,0.0,0.0,0.0,0.0,0.0,0.0,1.65,135.0,12.0,4.0,9.394197,10.0,692.6769999999999,77.0,118.0,12.0,10.0,0.0,0.0
2052.3500000000004,2127.15,1827.9499999999998,299.2000000000003,129.55740040615214,50.0,68.0,44.0,24.0,10.392304845413264,145.5,154.0,120.0,34.0,14.722431864335457,5.5,10.0,4.0,6.0,2.598076211353316,4.0,10.0,2.0,8.0,3.4641016151377544,6.0,8.0,0.0,8.0,3.4641016151377544,6.0,8.0,0.0,8.0,3.4641016151377544,1.33,155.0,4.0,5.0,6.634126,2.0,2127.15,44.0,154.0,4.0,2.0,8.0,8.0
2395.5499999999997,3458.15,2041.35,1416.8000000000002,613.4923960408963,66.0,69.0,57.0,12.0,5.196152422706632,125.0,131.0,123.0,8.0,3.4641016151377544,9.25,10.0,7.0,3.0,1.299038105676658,8.0,9.0,5.0,4.0,1.7320508075688772,2.75,5.0,2.0,3.0,1.299038105676658,2.0,5.0,1.0,4.0,1.7320508075688772,2.2,135.0,10.0,6.0,8.95883,9.0,2041.35,69.0,123.0,10.0,9.0,2.0,1.0
2090.0499999999997,2236.15,2041.35,194.80000000000018,84.35087432860439,67.75,69.0,64.0,5.0,2.165063509461097,123.5,125.0,123.0,2.0,0.8660254037844386,9.75,10.0,9.0,1.0,0.4330127018922193,8.75,9.0,8.0,1.0,0.4330127018922193,2.25,3.0,2.0,1.0,0.4330127018922193,1.25,2.0,1.0,1.0,0.4330127018922193,2.2,135.0,10.0,6.0,8.95883,9.0,2041.35,69.0,123.0,10.0,9.0,2.0,1.0
2182.5499999999997,2606.15,2041.35,564.8000000000002,244.56557402872554,66.75,69.0,60.0,9.0,3.897114317029974,123.5,125.0,123.0,2.0,0.8660254037844386,9.5,10.0,8.0,2.0,0.8660254037844386,8.5,9.0,7.0,2.0,0.8660254037844386,2.5,4.0,2.0,2.0,0.8660254037844386,1.5,3.0,1.0,2.0,0.8660254037844386,2.2,135.0,10.0,6.0,8.95883,9.0,2041.35,69.0,123.0,10.0,9.0,2.0,1.0
1984.5499999999997,2041.35,1814.15,227.19999999999982,98.38048586991215,54.5,69.0,11.0,58.0,25.11473670974872,129.25,148.0,123.0,25.0,10.825317547305483,8.25,10.0,3.0,7.0,3.031088913245535,7.0,9.0,1.0,8.0,3.4641016151377544,3.75,9.0,2.0,7.0,3.031088913245535,3.0,9.0,1.0,8.0,3.4641016151377544,2.2,135.0,10.0,6.0,8.95883,9.0,2041.35,69.0,123.0,10.0,9.0,2.0,1.0
1657.2824999999998,2041.35,505.08,1536.27,665.2244235359598,74.25,90.0,69.0,21.0,9.093266739736606,127.25,140.0,123.0,17.0,7.361215932167728,8.5,10.0,4.0,6.0,2.598076211353316,9.25,10.0,9.0,1.0,0.4330127018922193,2.5,4.0,2.0,2.0,0.8660254037844386,0.75,1.0,0.0,1.0,0.4330127018922193,2.2,135.0,10.0,6.0,8.95883,9.0,2041.35,69.0,123.0,10.0,9.0,2.0,1.0
2353.5499999999997,3290.15,2041.35,1248.8000000000002,540.7462621230036,64.0,69.0,49.0,20.0,8.660254037844387,128.75,146.0,123.0,23.0,9.959292143521045,8.75,10.0,5.0,5.0,2.165063509461097,7.5,9.0,3.0,6.0,2.598076211353316,3.25,7.0,2.0,5.0,2.165063509461097,2.5,7.0,1.0,6.0,2.598076211353316,2.2,135.0,10.0,6.0,8.95883,9.0,2041.35,69.0,123.0,10.0,9.0,2.0,1.0
2138.5499999999997,2430.15,2041.35,388.8000000000002,168.35533849569495,65.75,69.0,56.0,13.0,5.629165124598851,124.25,128.0,123.0,5.0,2.165063509461097,9.25,10.0,7.0,3.0,1.299038105676658,8.0,9.0,5.0,4.0,1.7320508075688772,2.75,5.0,2.0,3.0,1.299038105676658,2.0,5.0,1.0,4.0,1.7320508075688772,2.2,135.0,10.0,6.0,8.95883,9.0,2041.35,69.0,123.0,10.0,9.0,2.0,1.0
2016.7999999999997,2041.35,1943.15,98.19999999999982,42.521847325815855,62.5,69.0,43.0,26.0,11.258330249197702,126.25,136.0,123.0,13.0,5.629165124598851,8.5,10.0,4.0,6.0,2.598076211353316,7.25,9.0,2.0,7.0,3.031088913245535,3.5,8.0,2.0,6.0,2.598076211353316,2.75,8.0,1.0,7.0,3.031088913245535,2.2,135.0,10.0,6.0,8.95883,9.0,2041.35,69.0,123.0,10.0,9.0,2.0,1.0
1675.2999999999997,2041.35,577.15,1464.1999999999998,634.0171981105874,73.0,85.0,69.0,16.0,6.928203230275509,128.25,144.0,123.0,21.0,9.093266739736606,8.25,10.0,3.0,7.0,3.031088913245535,9.25,10.0,9.0,1.0,0.4330127018922193,2.75,5.0,2.0,3.0,1.299038105676658,0.75,1.0,0.0,1.0,0.4330127018922193,2.2,135.0,10.0,6.0,8.95883,9.0,2041.35,69.0,123.0,10.0,9.0,2.0,1.0
2076.7999999999997,2183.15,2041.35,141.80000000000018,61.40120112831678,63.5,69.0,47.0,22.0,9.526279441628825,125.75,134.0,123.0,11.0,4.763139720814412,8.75,10.0,5.0,5.0,2.165063509461097,7.5,9.0,3.0,6.0,2.598076211353316,3.25,7.0,2.0,5.0,2.165063509461097,2.5,7.0,1.0,6.0,2.598076211353316,2.2,135.0,10.0,6.0,8.95883,9.0,2041.35,69.0,123.0,10.0,9.0,2.0,1.0
2452.7999999999997,3687.15,2041.35,1645.8000000000002,712.6523047742146,65.0,69.0,53.0,16.0,6.928203230275509,126.5,137.0,123.0,14.0,6.06217782649107,9.0,10.0,6.0,4.0,1.7320508075688772,7.75,9.0,4.0,5.0,2.165063509461097,3.0,6.0,2.0,4.0,1.7320508075688772,2.25,6.0,1.0,5.0,2.165063509461097,2.2,135.0,10.0,6.0,8.95883,9.0,2041.35,69.0,123.0,10.0,9.0,2.0,1.0
1979.7999999999997,2041.35,1795.15,246.19999999999982,106.60772720586432,54.75,69.0,12.0,57.0,24.681724007856502,133.0,163.0,123.0,40.0,17.320508075688775,8.25,10.0,3.0,7.0,3.031088913245535,7.0,9.0,1.0,8.0,3.4641016151377544,3.75,9.0,2.0,7.0,3.031088913245535,3.0,9.0,1.0,8.0,3.4641016151377544,2.2,135.0,10.0,6.0,8.95883,9.0,2041.35,69.0,123.0,10.0,9.0,2.0,1.0
1704.1817499999997,2041.35,692.6769999999999,1348.673,583.9925396990851,71.0,77.0,69.0,8.0,3.4641016151377544,121.75,123.0,118.0,5.0,2.165063509461097,10.5,12.0,10.0,2.0,0.8660254037844386,9.25,10.0,9.0,1.0,0.4330127018922193,1.5,2.0,0.0,2.0,0.8660254037844386,0.75,1.0,0.0,1.0,0.4330127018922193,2.2,135.0,10.0,6.0,8.95883,9.0,2041.35,69.0,123.0,10.0,9.0,2.0,1.0
2062.7999999999997,2127.15,2041.35,85.80000000000018,37.15248982235249,62.75,69.0,44.0,25.0,10.825317547305483,130.75,154.0,123.0,31.0,13.423393758658799,8.5,10.0,4.0,6.0,2.598076211353316,7.25,9.0,2.0,7.0,3.031088913245535,3.5,8.0,2.0,6.0,2.598076211353316,2.75,8.0,1.0,7.0,3.031088913245535,2.2,135.0,10.0,6.0,8.95883,9.0,2041.35,69.0,123.0,10.0,9.0,2.0,1.0
3103.9500000000003,3458.15,2041.35,1416.8000000000002,613.4923960408963,60.0,69.0,57.0,12.0,5.196152422706632,129.0,131.0,123.0,8.0,3.4641016151377544,7.75,10.0,7.0,3.0,1.299038105676658,6.0,9.0,5.0,4.0,1.7320508075688772,4.25,5.0,2.0,3.0,1.299038105676658,4.0,5.0,1.0,4.0,1.7320508075688772,1.9,135.0,7.0,6.0,7.83352,5.0,3458.15,57.0,131.0,7.0,5.0,5.0,5.0
2187.4500000000003,2236.15,2041.35,194.80000000000018,84.35087432860439,65.25,69.0,64.0,5.0,2.165063509461097,124.5,125.0,123.0,2.0,0.8660254037844386,9.25,10.0,9.0,1.0,0.4330127018922193,8.25,9.0,8.0,1.0,0.4330127018922193,2.75,3.0,2.0,1.0,0.4330127018922193,1.75,2.0,1.0,1.0,0.4330127018922193,2.28,135.0,9.0,5.0,7.4589,8.0,2236.15,64.0,125.0,9.0,8.0,3.0,2.0
2464.9500000000003,2606.15,2041.35,564.8000000000002,244.56557402872554,62.25,69.0,60.0,9.0,3.897114317029974,124.5,125.0,123.0,2.0,0.8660254037844386,8.5,10.0,8.0,2.0,0.8660254037844386,7.5,9.0,7.0,2.0,0.8660254037844386,3.5,4.0,2.0,2.0,0.8660254037844386,2.5,3.0,1.0,2.0,0.8660254037844386,2.2,130.0,8.0,5.0,7.3605,7.0,2606.15,60.0,125.0,8.0,7.0,4.0,3.0
1870.9500000000003,2041.35,1814.15,227.19999999999982,98.38048586991215,25.5,69.0,11.0,58.0,25.11473670974872,141.75,148.0,123.0,25.0,10.825317547305483,4.75,10.0,3.0,7.0,3.031088913245535,3.0,9.0,1.0,8.0,3.4641016151377544,7.25,9.0,2.0,7.0,3.031088913245535,7.0,9.0,1.0,8.0,3.4641016151377544,1.36,160.0,3.0,4.0,6.56149,1.0,1814.15,11.0,148.0,3.0,1.0,9.0,9.0
889.1475,2041.35,505.08,1536.27,665.2244235359598,84.75,90.0,69.0,21.0,9.093266739736606,135.75,140.0,123.0,17.0,7.361215932167728,5.5,10.0,4.0,6.0,2.598076211353316,9.75,10.0,9.0,1.0,0.4330127018922193,3.5,4.0,2.0,2.0,0.8660254037844386,0.25,1.0,0.0,1.0,0.4330127018922193,1.96,145.0,14.0,5.0,7.343918,10.0,505.08,90.0,140.0,4.0,10.0,4.0,0.0
2977.9500000000003,3290.15,2041.35,1248.8000000000002,540.7462621230036,54.0,69.0,49.0,20.0,8.660254037844387,140.25,146.0,123.0,23.0,9.959292143521045,6.25,10.0,5.0,5.0,2.165063509461097,4.5,9.0,3.0,6.0,2.598076211353316,5.75,7.0,2.0,5.0,2.165063509461097,5.5,7.0,1.0,6.0,2.598076211353316,1.5,145.0,5.0,6.0,7.549571,3.0,3290.15,49.0,146.0,5.0,3.0,7.0,7.0
2332.9500000000003,2430.15,2041.35,388.8000000000002,168.35533849569495,59.25,69.0,56.0,13.0,5.629165124598851,126.75,128.0,123.0,5.0,2.165063509461097,7.75,10.0,7.0,3.0,1.299038105676658,6.0,9.0,5.0,4.0,1.7320508075688772,4.25,5.0,2.0,3.0,1.299038105676658,4.0,5.0,1.0,4.0,1.7320508075688772,2.1,135.0,7.0,5.0,7.11938,5.0,2430.15,56.0,128.0,7.0,5.0,5.0,5.0
1967.7000000000003,2041.35,1943.15,98.19999999999982,42.521847325815855,49.5,69.0,43.0,26.0,11.258330249197702,132.75,136.0,123.0,13.0,5.629165124598851,5.5,10.0,4.0,6.0,2.598076211353316,3.75,9.0,2.0,7.0,3.031088913245535,6.5,8.0,2.0,6.0,2.598076211353316,6.25,8.0,1.0,7.0,3.031088913245535,1.54,140.0,4.0,4.0,6.82812,2.0,1943.15,43.0,136.0,4.0,2.0,8.0,8.0
943.1999999999999,2041.35,577.15,1464.1999999999998,634.0171981105875,81.0,85.0,69.0,16.0,6.928203230275509,138.75,144.0,123.0,21.0,9.093266739736606,4.75,10.0,3.0,7.0,3.031088913245535,9.75,10.0,9.0,1.0,0.4330127018922193,4.25,5.0,2.0,3.0,1.299038105676658,0.25,1.0,0.0,1.0,0.4330127018922193,1.8,190.0,13.0,6.0,6.1082873,10.0,577.15,85.0,144.0,3.0,10.0,5.0,0.0
2147.7000000000003,2183.15,2041.35,141.80000000000018,61.40120112831678,52.5,69.0,47.0,22.0,9.526279441628825,131.25,134.0,123.0,11.0,4.763139720814412,6.25,10.0,5.0,5.0,2.165063509461097,4.5,9.0,3.0,6.0,2.598076211353316,5.75,7.0,2.0,5.0,2.165063509461097,5.5,7.0,1.0,6.0,2.598076211353316,1.63,135.0,5.0,4.0,6.746187,3.0,2183.15,47.0,134.0,5.0,3.0,7.0,7.0
3275.7000000000003,3687.15,2041.35,1645.8000000000002,712.6523047742146,57.0,69.0,53.0,16.0,6.928203230275509,133.5,137.0,123.0,14.0,6.06217782649107,7.0,10.0,6.0,4.0,1.7320508075688772,5.25,9.0,4.0,5.0,2.165063509461097,5.0,6.0,2.0,4.0,1.7320508075688772,4.75,6.0,1.0,5.0,2.165063509461097,1.7,135.0,6.0,6.0,7.86403,4.0,3687.15,53.0,137.0,6.0,4.0,6.0,6.0
1856.7000000000003,2041.35,1795.15,246.19999999999982,106.60772720586432,26.25,69.0,12.0,57.0,24.681724007856502,153.0,163.0,123.0,40.0,17.320508075688775,4.75,10.0,3.0,7.0,3.031088913245535,3.0,9.0,1.0,8.0,3.4641016151377544,7.25,9.0,2.0,7.0,3.031088913245535,7.0,9.0,1.0,8.0,3.4641016151377544,1.22,180.0,3.0,5.0,6.21726,1.0,1795.15,12.0,163.0,3.0,1.0,9.0,9.0
1029.8452499999999,2041.35,692.6769999999999,1348.673,583.9925396990851,75.0,77.0,69.0,8.0,3.4641016151377544,119.25,123.0,118.0,5.0,2.165063509461097,11.5,12.0,10.0,2.0,0.8660254037844386,9.75,10.0,9.0,1.0,0.4330127018922193,0.5,2.0,0.0,2.0,0.8660254037844386,0.25,1.0,0.0,1.0,0.4330127018922193,1.65,135.0,12.0,4.0,9.394197,10.0,692.6769999999999,77.0,118.0,12.0,10.0,0.0,0.0
2105.7000000000003,2127.15,2041.35,85.80000000000018,37.15248982235249,50.25,69.0,44.0,25.0,10.825317547305483,146.25,154.0,123.0,31.0,13.423393758658799,5.5,10.0,4.0,6.0,2.598076211353316,3.75,9.0,2.0,7.0,3.031088913245535,6.5,8.0,2.0,6.0,2.598076211353316,6.25,8.0,1.0,7.0,3.031088913245535,1.33,155.0,4.0,5.0,6.634126,2.0,2127.15,44.0,154.0,4.0,2.0,8.0,8.0
3152.65,3458.15,2236.15,1222.0,529.141521712292,58.75,64.0,57.0,7.0,3.031088913245535,129.5,131.0,125.0,6.0,2.598076211353316,7.5,9.0,7.0,2.0,0.8660254037844386,5.75,8.0,5.0,3.0,1.299038105676658,4.5,5.0,3.0,2.0,0.8660254037844386,4.25,5.0,2.0,3.0,1.299038105676658,1.9,135.0,7.0,6.0,7.83352,5.0,3458.15,57.0,131.0,7.0,5.0,5.0,5.0
3245.15,3458.15,2606.15,852.0,368.9268220121709,57.75,60.0,57.0,3.0,1.299038105676658,129.5,131.0,125.0,6.0,2.598076211353316,7.25,8.0,7.0,1.0,0.4330127018922193,5.5,7.0,5.0,2.0,0.8660254037844386,4.75,5.0,4.0,1.0,0.4330127018922193,4.5,5.0,3.0,2.0,0.8660254037844386,1.9,135.0,7.0,6.0,7.83352,5.0,3458.15,57.0,131.0,7.0,5.0,5.0,5.0
3047.15,3458.15,1814.15,1644.0,711.8728819108086,45.5,57.0,11.0,46.0,19.91858428704209,135.25,148.0,131.0,17.0,7.361215932167728,6.0,7.0,3.0,4.0,1.7320508075688772,4.0,5.0,1.0,4.0,1.7320508075688772,6.0,9.0,5.0,4.0,1.7320508075688772,6.0,9.0,5.0,4.0,1.7320508075688772,1.9,135.0,7.0,6.0,7.83352,5.0,3458.15,57.0,131.0,7.0,5.0,5.0,5.0
2719.8825,3458.15,505.08,2953.07,1278.7168195768563,65.25,90.0,57.0,33.0,14.289419162443238,133.25,140.0,131.0,9.0,3.897114317029974,6.25,7.0,4.0,3.0,1.299038105676658,6.25,10.0,5.0,5.0,2.165063509461097,4.75,5.0,4.0,1.0,0.4330127018922193,3.75,5.0,0.0,5.0,2.165063509461097,1.9,135.0,7.0,6.0,7.83352,5.0,3458.15,57.0,131.0,7.0,5.0,5.0,5.0
3416.15,3458.15,3290.15,168.0,72.74613391789285,55.0,57.0,49.0,8.0,3.4641016151377544,134.75,146.0,131.0,15.0,6.49519052838329,6.5,7.0,5.0,2.0,0.8660254037844386,4.5,5.0,3.0,2.0,0.8660254037844386,5.5,7.0,5.0,2.0,0.8660254037844386,5.5,7.0,5.0,2.0,0.8660254037844386,1.9,135.0,7.0,6.0,7.83352,5.0,3458.15,57.0,131.0,7.0,5.0,5.0,5.0
3201.15,3458.15,2430.15,1028.0,445.13705754520146,56.75,57.0,56.0,1.0,0.4330127018922193,130.25,131.0,128.0,3.0,1.299038105676658,7.0,7.0,7.0,0.0,0.0,5.0,5.0,5.0,0.0,0.0,5.0,5.0,5.0,0.0,0.0,5.0,5.0,5.0,0.0,0.0,1.9,135.0,7.0,6.0,7.83352,5.0,3458.15,57.0,131.0,7.0,5.0,5.0,5.0
3079.4,3458.15,1943.15,1515.0,656.0142433667123,53.5,57.0,43.0,14.0,6.06217782649107,132.25,136.0,131.0,5.0,2.165063509461097,6.25,7.0,4.0,3.0,1.299038105676658,4.25,5.0,2.0,3.0,1.299038105676658,5.75,8.0,5.0,3.0,1.299038105676658,5.75,8.0,5.0,3.0,1.299038105676658,1.9,135.0,7.0,6.0,7.83352,5.0,3458.15,57.0,131.0,7.0,5.0,5.0,5.0
3139.4,3458.15,2183.15,1275.0,552.0911949125797,54.5,57.0,47.0,10.0,4.330127018922194,131.75,134.0,131.0,3.0,1.299038105676658,6.5,7.0,5.0,2.0,0.8660254037844386,4.5,5.0,3.0,2.0,0.8660254037844386,5.5,7.0,5.0,2.0,0.8660254037844386,5.5,7.0,5.0,2.0,0.8660254037844386,1.9,135.0,7.0,6.0,7.83352,5.0,3458.15,57.0,131.0,7.0,5.0,5.0,5.0
3515.4,3687.15,3458.15,229.0,99.15990873331822,56.0,57.0,53.0,4.0,1.7320508075688772,132.5,137.0,131.0,6.0,2.598076211353316,6.75,7.0,6.0,1.0,0.4330127018922193,4.75,5.0,4.0,1.0,0.4330127018922193,5.25,6.0,5.0,1.0,0.4330127018922193,5.25,6.0,5.0,1.0,0.4330127018922193,1.9,135.0,7.0,6.0,7.83352,5.0,3458.15,57.0,131.0,7.0,5.0,5.0,5.0
3042.4,3458.15,1795.15,1663.0,720.1001232467607,45.75,57.0,12.0,45.0,19.48557158514987,139.0,163.0,131.0,32.0,13.856406460551018,6.0,7.0,3.0,4.0,1.7320508075688772,4.0,5.0,1.0,4.0,1.7320508075688772,6.0,9.0,5.0,4.0,1.7320508075688772,6.0,9.0,5.0,4.0,1.7320508075688772,1.9,135.0,7.0,6.0,7.83352,5.0,3458.15,57.0,131.0,7.0,5.0,5.0,5.0
2766.78175,3458.15,692.6769999999999,2765.473,1197.4849357399817,62.0,77.0,57.0,20.0,8.660254037844387,127.75,131.0,118.0,13.0,5.629165124598851,8.25,12.0,7.0,5.0,2.165063509461097,6.25,10.0,5.0,5.0,2.165063509461097,3.75,5.0,0.0,5.0,2.165063509461097,3.75,5.0,0.0,5.0,2.165063509461097,1.9,135.0,7.0,6.0,7.83352,5.0,3458.15,57.0,131.0,7.0,5.0,5.0,5.0
3125.4,3458.15,2127.15,1331.0,576.3399062185439,53.75,57.0,44.0,13.0,5.629165124598851,136.75,154.0,131.0,23.0,9.959292143521045,6.25,7.0,4.0,3.0,1.299038105676658,4.25,5.0,2.0,3.0,1.299038105676658,5.75,8.0,5.0,3.0,1.299038105676658,5.75,8.0,5.0,3.0,1.299038105676658,1.9,135.0,7.0,6.0,7.83352,5.0,3458.15,57.0,131.0,7.0,5.0,5.0,5.0
2541.65,3458.15,2236.15,1222.0,529.141521712292,62.25,64.0,57.0,7.0,3.031088913245535,126.5,131.0,125.0,6.0,2.598076211353316,8.5,9.0,7.0,2.0,0.8660254037844386,7.25,8.0,5.0,3.0,1.299038105676658,3.5,5.0,3.0,2.0,0.8660254037844386,2.75,5.0,2.0,3.0,1.299038105676658,2.28,135.0,9.0,5.0,7.4589,8.0,2236.15,64.0,125.0,9.0,8.0,3.0,2.0
2819.15,3458.15,2606.15,852.0,368.9268220121709,59.25,60.0,57.0,3.0,1.299038105676658,126.5,131.0,125.0,6.0,2.598076211353316,7.75,8.0,7.0,1.0,0.4330127018922193,6.5,7.0,5.0,2.0,0.8660254037844386,4.25,5.0,4.0,1.0,0.4330127018922193,3.5,5.0,3.0,2.0,0.8660254037844386,2.2,130.0,8.0,5.0,7.3605,7.0,2606.15,60.0,125.0,8.0,7.0,4.0,3.0
2225.15,3458.15,1814.15,1644.0,711.8728819108086,22.5,57.0,11.0,46.0,19.91858428704209,143.75,148.0,131.0,17.0,7.361215932167728,4.0,7.0,3.0,4.0,1.7320508075688772,2.0,5.0,1.0,4.0,1.7320508075688772,8.0,9.0,5.0,4.0,1.7320508075688772,8.0,9.0,5.0,4.0,1.7320508075688772,1.36,160.0,3.0,4.0,6.56149,1.0,1814.15,11.0,148.0,3.0,1.0,9.0,9.0
1243.3475,3458.15,505.08,2953.07,1278.716819576856,81.75,90.0,57.0,33.0,14.289419162443238,137.75,140.0,131.0,9.0,3.897114317029974,4.75,7.0,4.0,3.0,1.299038105676658,8.75,10.0,5.0,5.0,2.165063509461097,4.25,5.0,4.0,1.0,0.4330127018922193,1.25,5.0,0.0,5.0,2.165063509461097,1.96,145.0,14.0,5.0,7.343918,10.0,505.08,90.0,140.0,4.0,10.0,4.0,0.0
3332.15,3458.15,3290.15,168.0,72.74613391789285,51.0,57.0,49.0,8.0,3.4641016151377544,142.25,146.0,131.0,15.0,6.49519052838329,5.5,7.0,5.0,2.0,0.8660254037844386,3.5,5.0,3.0,2.0,0.8660254037844386,6.5,7.0,5.0,2.0,0.8660254037844386,6.5,7.0,5.0,2.0,0.8660254037844386,1.5,145.0,5.0,6.0,7.549571,3.0,3290.15,49.0,146.0,5.0,3.0,7.0,7.0
2687.15,3458.15,2430.15,1028.0,445.13705754520146,56.25,57.0,56.0,1.0,0.4330127018922193,128.75,131.0,128.0,3.0,1.299038105676658,7.0,7.0,7.0,0.0,0.0,5.0,5.0,5.0,0.0,0.0,5.0,5.0,5.0,0.0,0.0,5.0,5.0,5.0,0.0,0.0,2.1,135.0,7.0,5.0,7.11938,5.0,2430.15,56.0,128.0,7.0,5.0,5.0,5.0
2321.9,3458.15,1943.15,1515.0,656.0142433667123,46.5,57.0,43.0,14.0,6.06217782649107,134.75,136.0,131.0,5.0,2.165063509461097,4.75,7.0,4.0,3.0,1.299038105676658,2.75,5.0,2.0,3.0,1.299038105676658,7.25,8.0,5.0,3.0,1.299038105676658,7.25,8.0,5.0,3.0,1.299038105676658,1.54,140.0,4.0,4.0,6.82812,2.0,1943.15,43.0,136.0,4.0,2.0,8.0,8.0
1297.4,3458.15,577.15,2881.0,1247.509594151484,78.0,85.0,57.0,28.0,12.12435565298214,140.75,144.0,131.0,13.0,5.629165124598851,4.0,7.0,3.0,4.0,1.7320508075688772,8.75,10.0,5.0,5.0,2.165063509461097,5.0,5.0,5.0,0.0,0.0,1.25,5.0,0.0,5.0,2.165063509461097,1.8,190.0,13.0,6.0,6.1082873,10.0,577.15,85.0,144.0,3.0,10.0,5.0,0.0
2501.9,3458.15,2183.15,1275.0,552.0911949125797,49.5,57.0,47.0,10.0,4.330127018922194,133.25,134.0,131.0,3.0,1.299038105676658,5.5,7.0,5.0,2.0,0.8660254037844386,3.5,5.0,3.0,2.0,0.8660254037844386,6.5,7.0,5.0,2.0,0.8660254037844386,6.5,7.0,5.0,2.0,0.8660254037844386,1.63,135.0,5.0,4.0,6.746187,3.0,2183.15,47.0,134.0,5.0,3.0,7.0,7.0
3629.9,3687.15,3458.15,229.0,99.15990873331822,54.0,57.0,53.0,4.0,1.7320508075688772,135.5,137.0,131.0,6.0,2.598076211353316,6.25,7.0,6.0,1.0,0.4330127018922193,4.25,5.0,4.0,1.0,0.4330127018922193,5.75,6.0,5.0,1.0,0.4330127018922193,5.75,6.0,5.0,1.0,0.4330127018922193,1.7,135.0,6.0,6.0,7.86403,4.0,3687.15,53.0,137.0,6.0,4.0,6.0,6.0
2210.9,3458.15,1795.15,1663.0,720.1001232467607,23.25,57.0,12.0,45.0,19.48557158514987,155.0,163.0,131.0,32.0,13.856406460551018,4.0,7.0,3.0,4.0,1.7320508075688772,2.0,5.0,1.0,4.0,1.7320508075688772,8.0,9.0,5.0,4.0,1.7320508075688772,8.0,9.0,5.0,4.0,1.7320508075688772,1.22,180.0,3.0,5.0,6.21726,1.0,1795.15,12.0,163.0,3.0,1.0,9.0,9.0
1384.0452500000001,3458.15,692.6769999999999,2765.473,1197.4849357399817,72.0,77.0,57.0,20.0,8.660254037844387,121.25,131.0,118.0,13.0,5.629165124598851,10.75,12.0,7.0,5.0,2.165063509461097,8.75,10.0,5.0,5.0,2.165063509461097,1.25,5.0,0.0,5.0,2.165063509461097,1.25,5.0,0.0,5.0,2.165063509461097,1.65,135.0,12.0,4.0,9.394197,10.0,692.6769999999999,77.0,118.0,12.0,10.0,0.0,0.0
2459.9,3458.15,2127.15,1331.0,576.3399062185439,47.25,57.0,44.0,13.0,5.629165124598851,148.25,154.0,131.0,23.0,9.959292143521045,4.75,7.0,4.0,3.0,1.299038105676658,2.75,5.0,2.0,3.0,1.299038105676658,7.25,8.0,5.0,3.0,1.299038105676658,7.25,8.0,5.0,3.0,1.299038105676658,1.33,155.0,4.0,5.0,6.634126,2.0,2127.15,44.0,154.0,4.0,2.0,8.0,8.0
2328.65,2606.15,2236.15,370.0,160.21469970012114,63.0,64.0,60.0,4.0,1.7320508075688772,125.0,125.0,125.0,0.0,0.0,8.75,9.0,8.0,1.0,0.4330127018922193,7.75,8.0,7.0,1.0,0.4330127018922193,3.25,4.0,3.0,1.0,0.4330127018922193,2.25,3.0,2.0,1.0,0.4330127018922193,2.28,135.0,9.0,5.0,7.4589,8.0,2236.15,64.0,125.0,9.0,8.0,3.0,2.0
2130.65,2236.15,1814.15,422.0,182.73136019851654,50.75,64.0,11.0,53.0,22.949673200287624,130.75,148.0,125.0,23.0,9.959292143521045,7.5,9.0,3.0,6.0,2.598076211353316,6.25,8.0,1.0,7.0,3.031088913245535,4.5,9.0,3.0,6.0,2.598076211353316,3.75,9.0,2.0,7.0,3.031088913245535,2.28,135.0,9.0,5.0,7.4589,8.0,2236.15,64.0,125.0,9.0,8.0,3.0,2.0
1803.3825000000002,2236.15,505.08,1731.0700000000002,749.5752978645642,70.5,90.0,64.0,26.0,11.258330249197702,128.75,140.0,125.0,15.0,6.49519052838329,7.75,9.0,4.0,5.0,2.165063509461097,8.5,10.0,8.0,2.0,0.8660254037844386,3.25,4.0,3.0,1.0,0.4330127018922193,1.5,2.0,0.0,2.0,0.8660254037844386,2.28,135.0,9.0,5.0,7.4589,8.0,2236.15,64.0,125.0,9.0,8.0,3.0,2.0
2499.65,3290.15,2236.15,1054.0,456.39538779439914,60.25,64.0,49.0,15.0,6.49519052838329,130.25,146.0,125.0,21.0,9.093266739736606,8.0,9.0,5.0,4.0,1.7320508075688772,6.75,8.0,3.0,5.0,2.165063509461097,4.0,7.0,3.0,4.0,1.7320508075688772,3.25,7.0,2.0,5.0,2.165063509461097,2.28,135.0,9.0,5.0,7.4589,8.0,2236.15,64.0,125.0,9.0,8.0,3.0,2.0
2284.65,2430.15,2236.15,194.0,84.00446416709055,62.0,64.0,56.0,8.0,3.4641016151377544,125.75,128.0,125.0,3.0,1.299038105676658,8.5,9.0,7.0,2.0,0.8660254037844386,7.25,8.0,5.0,3.0,1.299038105676658,3.5,5.0,3.0,2.0,0.8660254037844386,2.75,5.0,2.0,3.0,1.299038105676658,2.28,135.0,9.0,5.0,7.4589,8.0,2236.15,64.0,125.0,9.0,8.0,3.0,2.0
2162.9,2236.15,1943.15,293.0,126.87272165442026,58.75,64.0,43.0,21.0,9.093266739736606,127.75,136.0,125.0,11.0,4.763139720814412,7.75,9.0,4.0,5.0,2.165063509461097,6.5,8.0,2.0,6.0,2.598076211353316,4.25,8.0,3.0,5.0,2.165063509461097,3.5,8.0,2.0,6.0,2.598076211353316,2.28,135.0,9.0,5.0,7.4589,8.0,2236.15,64.0,125.0,9.0,8.0,3.0,2.0
1821.4,2236.15,577.15,1659.0,718.3680724391919,69.25,85.0,64.0,21.0,9.093266739736606,129.75,144.0,125.0,19.0,8.227241335952167,7.5,9.0,3.0,6.0,2.598076211353316,8.5,10.0,8.0,2.0,0.8660254037844386,3.5,5.0,3.0,2.0,0.8660254037844386,1.5,2.0,0.0,2.0,0.8660254037844386,2.28,135.0,9.0,5.0,7.4589,8.0,2236.15,64.0,125.0,9.0,8.0,3.0,2.0
2222.9,2236.15,2183.15,53.0,22.949673200287624,59.75,64.0,47.0,17.0,7.361215932167728,127.25,134.0,125.0,9.0,3.897114317029974,8.0,9.0,5.0,4.0,1.7320508075688772,6.75,8.0,3.0,5.0,2.165063509461097,4.0,7.0,3.0,4.0,1.7320508075688772,3.25,7.0,2.0,5.0,2.165063509461097,2.28,135.0,9.0,5.0,7.4589,8.0,2236.15,64.0,125.0,9.0,8.0,3.0,2.0
2598.9,3687.15,2236.15,1451.0,628.3014304456102,61.25,64.0,53.0,11.0,4.763139720814412,128.0,137.0,125.0,12.0,5.196152422706632,8.25,9.0,6.0,3.0,1.299038105676658,7.0,8.0,4.0,4.0,1.7320508075688772,3.75,6.0,3.0,3.0,1.299038105676658,3.0,6.0,2.0,4.0,1.7320508075688772,2.28,135.0,9.0,5.0,7.4589,8.0,2236.15,64.0,125.0,9.0,8.0,3.0,2.0
2125.9,2236.15,1795.15,441.0,190.95860153446873,51.0,64.0,12.0,52.0,22.516660498395403,134.5,163.0,125.0,38.0,16.454482671904334,7.5,9.0,3.0,6.0,2.598076211353316,6.25,8.0,1.0,7.0,3.031088913245535,4.5,9.0,3.0,6.0,2.598076211353316,3.75,9.0,2.0,7.0,3.031088913245535,2.28,135.0,9.0,5.0,7.4589,8.0,2236.15,64.0,125.0,9.0,8.0,3.0,2.0
1850.28175,2236.15,692.6769999999999,1543.4730000000002,668.3434140276895,67.25,77.0,64.0,13.0,5.629165124598851,123.25,125.0,118.0,7.0,3.031088913245535,9.75,12.0,9.0,3.0,1.299038105676658,8.5,10.0,8.0,2.0,0.8660254037844386,2.25,3.0,0.0,3.0,1.299038105676658,1.5,2.0,0.0,2.0,0.8660254037844386,2.28,135.0,9.0,5.0,7.4589,8.0,2236.15,64.0,125.0,9.0,8.0,3.0,2.0
2208.9,2236.15,2127.15,109.0,47.198384506251905,59.0,64.0,44.0,20.0,8.660254037844387,132.25,154.0,125.0,29.0,12.55736835487436,7.75,9.0,4.0,5.0,2.165063509461097,6.5,8.0,2.0,6.0,2.598076211353316,4.25,8.0,3.0,5.0,2.165063509461097,3.5,8.0,2.0,6.0,2.598076211353316,2.28,135.0,9.0,5.0,7.4589,8.0,2236.15,64.0,125.0,9.0,8.0,3.0,2.0
2513.65,2606.15,2236.15,370.0,160.21469970012114,61.0,64.0,60.0,4.0,1.7320508075688772,125.0,125.0,125.0,0.0,0.0,8.25,9.0,8.0,1.0,0.4330127018922193,7.25,8.0,7.0,1.0,0.4330127018922193,3.75,4.0,3.0,1.0,0.4330127018922193,2.75,3.0,2.0,1.0,0.4330127018922193,2.2,130.0,8.0,5.0,7.3605,7.0,2606.15,60.0,125.0,8.0,7.0,4.0,3.0
1919.65,2236.15,1814.15,422.0,182.73136019851654,24.25,64.0,11.0,53.0,22.949673200287624,142.25,148.0,125.0,23.0,9.959292143521045,4.5,9.0,3.0,6.0,2.598076211353316,2.75,8.0,1.0,7.0,3.031088913245535,7.5,9.0,3.0,6.0,2.598076211353316,7.25,9.0,2.0,7.0,3.031088913245535,1.36,160.0,3.0,4.0,6.56149,1.0,1814.15,11.0,148.0,3.0,1.0,9.0,9.0
937.8475000000001,2236.15,505.08,1731.0700000000002,749.5752978645642,83.5,90.0,64.0,26.0,11.258330249197702,136.25,140.0,125.0,15.0,6.49519052838329,5.25,9.0,4.0,5.0,2.165063509461097,9.5,10.0,8.0,2.0,0.8660254037844386,3.75,4.0,3.0,1.0,0.4330127018922193,0.5,2.0,0.0,2.0,0.8660254037844386,1.96,145.0,14.0,5.0,7.343918,10.0,505.08,90.0,140.0,4.0,10.0,4.0,0.0
3026.65,3290.15,2236.15,1054.0,456.39538779439914,52.75,64.0,49.0,15.0,6.49519052838329,140.75,146.0,125.0,21.0,9.093266739736606,6.0,9.0,5.0,4.0,1.7320508075688772,4.25,8.0,3.0,5.0,2.165063509461097,6.0,7.0,3.0,4.0,1.7320508075688772,5.75,7.0,2.0,5.0,2.165063509461097,1.5,145.0,5.0,6.0,7.549571,3.0,3290.15,49.0,146.0,5.0,3.0,7.0,7.0
2381.65,2430.15,2236.15,194.0,84.00446416709055,58.0,64.0,56.0,8.0,3.4641016151377544,127.25,128.0,125.0,3.0,1.299038105676658,7.5,9.0,7.0,2.0,0.8660254037844386,5.75,8.0,5.0,3.0,1.299038105676658,4.5,5.0,3.0,2.0,0.8660254037844386,4.25,5.0,2.0,3.0,1.299038105676658,2.1,135.0,7.0,5.0,7.11938,5.0,2430.15,56.0,128.0,7.0,5.0,5.0,5.0
2016.4,2236.15,1943.15,293.0,126.87272165442026,48.25,64.0,43.0,21.0,9.093266739736606,133.25,136.0,125.0,11.0,4.763139720814412,5.25,9.0,4.0,5.0,2.165063509461097,3.5,8.0,2.0,6.0,2.598076211353316,6.75,8.0,3.0,5.0,2.165063509461097,6.5,8.0,2.0,6.0,2.598076211353316,1.54,140.0,4.0,4.0,6.82812,2.0,1943.15,43.0,136.0,4.0,2.0,8.0,8.0
991.9,2236.15,577.15,1659.0,718.3680724391919,79.75,85.0,64.0,21.0,9.093266739736606,139.25,144.0,125.0,19.0,8.227241335952167,4.5,9.0,3.0,6.0,2.598076211353316,9.5,10.0,8.0,2.0,0.8660254037844386,4.5,5.0,3.0,2.0,0.8660254037844386,0.5,2.0,0.0,2.0,0.8660254037844386,1.8,190.0,13.0,6.0,6.1082873,10.0,577.15,85.0,144.0,3.0,10.0,5.0,0.0
2196.4,2236.15,2183.15,53.0,22.949673200287624,51.25,64.0,47.0,17.0,7.361215932167728,131.75,134.0,125.0,9.0,3.897114317029974,6.0,9.0,5.0,4.0,1.7320508075688772,4.25,8.0,3.0,5.0,2.165063509461097,6.0,7.0,3.0,4.0,1.7320508075688772,5.75,7.0,2.0,5.0,2.165063509461097,1.63,135.0,5.0,4.0,6.746187,3.0,2183.15,47.0,134.0,5.0,3.0,7.0,7.0
3324.4,3687.15,2236.15,1451.0,628.3014304456102,55.75,64.0,53.0,11.0,4.763139720814412,134.0,137.0,125.0,12.0,5.196152422706632,6.75,9.0,6.0,3.0,1.299038105676658,5.0,8.0,4.0,4.0,1.7320508075688772,5.25,6.0,3.0,3.0,1.299038105676658,5.0,6.0,2.0,4.0,1.7320508075688772,1.7,135.0,6.0,6.0,7.86403,4.0,3687.15,53.0,137.0,6.0,4.0,6.0,6.0
1905.4,2236.15,1795.15,441.0,190.95860153446873,25.0,64.0,12.0,52.0,22.516660498395403,153.5,163.0,125.0,38.0,16.454482671904334,4.5,9.0,3.0,6.0,2.598076211353316,2.75,8.0,1.0,7.0,3.031088913245535,7.5,9.0,3.0,6.0,2.598076211353316,7.25,9.0,2.0,7.0,3.031088913245535,1.22,180.0,3.0,5.0,6.21726,1.0,1795.15,12.0,163.0,3.0,1.0,9.0,9.0
1078.5452500000001,2236.15,692.6769999999999,1543.4730000000002,668.3434140276895,73.75,77.0,64.0,13.0,5.629165124598851,119.75,125.0,118.0,7.0,3.031088913245535,11.25,12.0,9.0,3.0,1.299038105676658,9.5,10.0,8.0,2.0,0.8660254037844386,0.75,3.0,0.0,3.0,1.299038105676658,0.5,2.0,0.0,2.0,0.8660254037844386,1.65,135.0,12.0,4.0,9.394197,10.0,692.6769999999999,77.0,118.0,12.0,10.0,0.0,0.0
2154.4,2236.15,2127.15,109.0,47.198384506251905,49.0,64.0,44.0,20.0,8.660254037844387,146.75,154.0,125.0,29.0,12.55736835487436,5.25,9.0,4.0,5.0,2.165063509461097,3.5,8.0,2.0,6.0,2.598076211353316,6.75,8.0,3.0,5.0,2.165063509461097,6.5,8.0,2.0,6.0,2.598076211353316,1.33,155.0,4.0,5.0,6.634126,2.0,2127.15,44.0,154.0,4.0,2.0,8.0,8.0
2408.15,2606.15,1814.15,792.0,342.9460598986377,47.75,60.0,11.0,49.0,21.21762239271875,130.75,148.0,125.0,23.0,9.959292143521045,6.75,8.0,3.0,5.0,2.165063509461097,5.5,7.0,1.0,6.0,2.598076211353316,5.25,9.0,4.0,5.0,2.165063509461097,4.5,9.0,3.0,6.0,2.598076211353316,2.2,130.0,8.0,5.0,7.3605,7.0,2606.15,60.0,125.0,8.0,7.0,4.0,3.0
2080.8825,2606.15,505.08,2101.07,909.7899975646853,67.5,90.0,60.0,30.0,12.99038105676658,128.75,140.0,125.0,15.0,6.49519052838329,7.0,8.0,4.0,4.0,1.7320508075688772,7.75,10.0,7.0,3.0,1.299038105676658,4.0,4.0,4.0,0.0,0.0,2.25,3.0,0.0,3.0,1.299038105676658,2.2,130.0,8.0,5.0,7.3605,7.0,2606.15,60.0,125.0,8.0,7.0,4.0,3.0
2777.15,3290.15,2606.15,684.0,296.180688094278,57.25,60.0,49.0,11.0,4.763139720814412,130.25,146.0,125.0,21.0,9.093266739736606,7.25,8.0,5.0,3.0,1.299038105676658,6.0,7.0,3.0,4.0,1.7320508075688772,4.75,7.0,4.0,3.0,1.299038105676658,4.0,7.0,3.0,4.0,1.7320508075688772,2.2,130.0,8.0,5.0,7.3605,7.0,2606.15,60.0,125.0,8.0,7.0,4.0,3.0
2562.15,2606.15,2430.15,176.0,76.2102355330306,59.0,60.0,56.0,4.0,1.7320508075688772,125.75,128.0,125.0,3.0,1.299038105676658,7.75,8.0,7.0,1.0,0.4330127018922193,6.5,7.0,5.0,2.0,0.8660254037844386,4.25,5.0,4.0,1.0,0.4330127018922193,3.5,5.0,3.0,2.0,0.8660254037844386,2.2,130.0,8.0,5.0,7.3605,7.0,2606.15,60.0,125.0,8.0,7.0,4.0,3.0
2440.4,2606.15,1943.15,663.0,287.0874213545414,55.75,60.0,43.0,17.0,7.361215932167728,127.75,136.0,125.0,11.0,4.763139720814412,7.0,8.0,4.0,4.0,1.7320508075688772,5.75,7.0,2.0,5.0,2.165063509461097,5.0,8.0,4.0,4.0,1.7320508075688772,4.25,8.0,3.0,5.0,2.165063509461097,2.2,130.0,8.0,5.0,7.3605,7.0,2606.15,60.0,125.0,8.0,7.0,4.0,3.0
2098.9,2606.15,577.15,2029.0,878.582772139313,66.25,85.0,60.0,25.0,10.825317547305483,129.75,144.0,125.0,19.0,8.227241335952167,6.75,8.0,3.0,5.0,2.165063509461097,7.75,10.0,7.0,3.0,1.299038105676658,4.25,5.0,4.0,1.0,0.4330127018922193,2.25,3.0,0.0,3.0,1.299038105676658,2.2,130.0,8.0,5.0,7.3605,7.0,2606.15,60.0,125.0,8.0,7.0,4.0,3.0
2500.4,2606.15,2183.15,423.0,183.16437290040878,56.75,60.0,47.0,13.0,5.629165124598851,127.25,134.0,125.0,9.0,3.897114317029974,7.25,8.0,5.0,3.0,1.299038105676658,6.0,7.0,3.0,4.0,1.7320508075688772,4.75,7.0,4.0,3.0,1.299038105676658,4.0,7.0,3.0,4.0,1.7320508075688772,2.2,130.0,8.0,5.0,7.3605,7.0,2606.15,60.0,125.0,8.0,7.0,4.0,3.0
2876.4,3687.15,2606.15,1081.0,468.0867307454891,58.25,60.0,53.0,7.0,3.031088913245535,128.0,137.0,125.0,12.0,5.196152422706632,7.5,8.0,6.0,2.0,0.8660254037844386,6.25,7.0,4.0,3.0,1.299038105676658,4.5,6.0,4.0,2.0,0.8660254037844386,3.75,6.0,3.0,3.0,1.299038105676658,2.2,130.0,8.0,5.0,7.3605,7.0,2606.15,60.0,125.0,8.0,7.0,4.0,3.0
2403.4,2606.15,1795.15,811.0,351.17330123458987,48.0,60.0,12.0,48.0,20.784609690826528,134.5,163.0,125.0,38.0,16.454482671904334,6.75,8.0,3.0,5.0,2.165063509461097,5.5,7.0,1.0,6.0,2.598076211353316,5.25,9.0,4.0,5.0,2.165063509461097,4.5,9.0,3.0,6.0,2.598076211353316,2.2,130.0,8.0,5.0,7.3605,7.0,2606.15,60.0,125.0,8.0,7.0,4.0,3.0
2127.78175,2606.15,692.6769999999999,1913.4730000000002,828.5581137278107,64.25,77.0,60.0,17.0,7.361215932167728,123.25,125.0,118.0,7.0,3.031088913245535,9.0,12.0,8.0,4.0,1.7320508075688772,7.75,10.0,7.0,3.0,1.299038105676658,3.0,4.0,0.0,4.0,1.7320508075688772,2.25,3.0,0.0,3.0,1.299038105676658,2.2,130.0,8.0,5.0,7.3605,7.0,2606.15,60.0,125.0,8.0,7.0,4.0,3.0
2486.4,2606.15,2127.15,479.0,207.41308420637304,56.0,60.0,44.0,16.0,6.928203230275509,132.25,154.0,125.0,29.0,12.55736835487436,7.0,8.0,4.0,4.0,1.7320508075688772,5.75,7.0,2.0,5.0,2.165063509461097,5.0,8.0,4.0,4.0,1.7320508075688772,4.25,8.0,3.0,5.0,2.165063509461097,2.2,130.0,8.0,5.0,7.3605,7.0,2606.15,60.0,125.0,8.0,7.0,4.0,3.0
2012.15,2606.15,1814.15,792.0,342.9460598986377,23.25,60.0,11.0,49.0,21.21762239271875,142.25,148.0,125.0,23.0,9.959292143521045,4.25,8.0,3.0,5.0,2.165063509461097,2.5,7.0,1.0,6.0,2.598076211353316,7.75,9.0,4.0,5.0,2.165063509461097,7.5,9.0,3.0,6.0,2.598076211353316,1.36,160.0,3.0,4.0,6.56149,1.0,1814.15,11.0,148.0,3.0,1.0,9.0,9.0
1030.3475,2606.15,505.08,2101.07,909.7899975646853,82.5,90.0,60.0,30.0,12.99038105676658,136.25,140.0,125.0,15.0,6.49519052838329,5.0,8.0,4.0,4.0,1.7320508075688772,9.25,10.0,7.0,3.0,1.299038105676658,4.0,4.0,4.0,0.0,0.0,0.75,3.0,0.0,3.0,1.299038105676658,1.96,145.0,14.0,5.0,7.343918,10.0,505.08,90.0,140.0,4.0,10.0,4.0,0.0
3119.15,3290.15,2606.15,684.0,296.180688094278,51.75,60.0,49.0,11.0,4.763139720814412,140.75,146.0,125.0,21.0,9.093266739736606,5.75,8.0,5.0,3.0,1.299038105676658,4.0,7.0,3.0,4.0,1.7320508075688772,6.25,7.0,4.0,3.0,1.299038105676658,6.0,7.0,3.0,4.0,1.7320508075688772,1.5,145.0,5.0,6.0,7.549571,3.0,3290.15,49.0,146.0,5.0,3.0,7.0,7.0
2474.15,2606.15,2430.15,176.0,76.2102355330306,57.0,60.0,56.0,4.0,1.7320508075688772,127.25,128.0,125.0,3.0,1.299038105676658,7.25,8.0,7.0,1.0,0.4330127018922193,5.5,7.0,5.0,2.0,0.8660254037844386,4.75,5.0,4.0,1.0,0.4330127018922193,4.5,5.0,3.0,2.0,0.8660254037844386,2.1,135.0,7.0,5.0,7.11938,5.0,2430.15,56.0,128.0,7.0,5.0,5.0,5.0
2108.9,2606.15,1943.15,663.0,287.0874213545414,47.25,60.0,43.0,17.0,7.361215932167728,133.25,136.0,125.0,11.0,4.763139720814412,5.0,8.0,4.0,4.0,1.7320508075688772,3.25,7.0,2.0,5.0,2.165063509461097,7.0,8.0,4.0,4.0,1.7320508075688772,6.75,8.0,3.0,5.0,2.165063509461097,1.54,140.0,4.0,4.0,6.82812,2.0,1943.15,43.0,136.0,4.0,2.0,8.0,8.0
1084.4,2606.15,577.15,2029.0,878.5827721393131,78.75,85.0,60.0,25.0,10.825317547305483,139.25,144.0,125.0,19.0,8.227241335952167,4.25,8.0,3.0,5.0,2.165063509461097,9.25,10.0,7.0,3.0,1.299038105676658,4.75,5.0,4.0,1.0,0.4330127018922193,0.75,3.0,0.0,3.0,1.299038105676658,1.8,190.0,13.0,6.0,6.1082873,10.0,577.15,85.0,144.0,3.0,10.0,5.0,0.0
2288.9,2606.15,2183.15,423.0,183.16437290040878,50.25,60.0,47.0,13.0,5.629165124598851,131.75,134.0,125.0,9.0,3.897114317029974,5.75,8.0,5.0,3.0,1.299038105676658,4.0,7.0,3.0,4.0,1.7320508075688772,6.25,7.0,4.0,3.0,1.299038105676658,6.0,7.0,3.0,4.0,1.7320508075688772,1.63,135.0,5.0,4.0,6.746187,3.0,2183.15,47.0,134.0,5.0,3.0,7.0,7.0
3416.9,3687.15,2606.15,1081.0,468.0867307454891,54.75,60.0,53.0,7.0,3.031088913245535,134.0,137.0,125.0,12.0,5.196152422706632,6.5,8.0,6.0,2.0,0.8660254037844386,4.75,7.0,4.0,3.0,1.299038105676658,5.5,6.0,4.0,2.0,0.8660254037844386,5.25,6.0,3.0,3.0,1.299038105676658,1.7,135.0,6.0,6.0,7.86403,4.0,3687.15,53.0,137.0,6.0,4.0,6.0,6.0
1997.9,2606.15,1795.15,811.0,351.17330123458987,24.0,60.0,12.0,48.0,20.784609690826528,153.5,163.0,125.0,38.0,16.454482671904334,4.25,8.0,3.0,5.0,2.165063509461097,2.5,7.0,1.0,6.0,2.598076211353316,7.75,9.0,4.0,5.0,2.165063509461097,7.5,9.0,3.0,6.0,2.598076211353316,1.22,180.0,3.0,5.0,6.21726,1.0,1795.15,12.0,163.0,3.0,1.0,9.0,9.0
1171.0452500000001,2606.15,692.6769999999999,1913.4730000000002,828.5581137278107,72.75,77.0,60.0,17.0,7.361215932167728,119.75,125.0,118.0,7.0,3.031088913245535,11.0,12.0,8.0,4.0,1.7320508075688772,9.25,10.0,7.0,3.0,1.299038105676658,1.0,4.0,0.0,4.0,1.7320508075688772,0.75,3.0,0.0,3.0,1.299038105676658,1.65,135.0,12.0,4.0,9.394197,10.0,692.6769999999999,77.0,118.0,12.0,10.0,0.0,0.0
2246.9,2606.15,2127.15,479.0,207.41308420637304,48.0,60.0,44.0,16.0,6.928203230275509,146.75,154.0,125.0,29.0,12.55736835487436,5.0,8.0,4.0,4.0,1.7320508075688772,3.25,7.0,2.0,5.0,2.165063509461097,7.0,8.0,4.0,4.0,1.7320508075688772,6.75,8.0,3.0,5.0,2.165063509461097,1.33,155.0,4.0,5.0,6.634126,2.0,2127.15,44.0,154.0,4.0,2.0,8.0,8.0
1486.8825000000002,1814.15,505.08,1309.0700000000002,566.8439376660476,30.75,90.0,11.0,79.0,34.208003449485325,146.0,148.0,140.0,8.0,3.4641016151377544,3.25,4.0,3.0,1.0,0.4330127018922193,3.25,10.0,1.0,9.0,3.897114317029974,7.75,9.0,4.0,5.0,2.165063509461097,6.75,9.0,0.0,9.0,3.897114317029974,1.36,160.0,3.0,4.0,6.56149,1.0,1814.15,11.0,148.0,3.0,1.0,9.0,9.0
2183.15,3290.15,1814.15,1476.0,639.1267479929157,20.5,49.0,11.0,38.0,16.454482671904334,147.5,148.0,146.0,2.0,0.8660254037844386,3.5,5.0,3.0,2.0,0.8660254037844386,1.5,3.0,1.0,2.0,0.8660254037844386,8.5,9.0,7.0,2.0,0.8660254037844386,8.5,9.0,7.0,2.0,0.8660254037844386,1.36,160.0,3.0,4.0,6.56149,1.0,1814.15,11.0,148.0,3.0,1.0,9.0,9.0
1968.15,2430.15,1814.15,616.0,266.73582436560713,22.25,56.0,11.0,45.0,19.48557158514987,143.0,148.0,128.0,20.0,8.660254037844387,4.0,7.0,3.0,4.0,1.7320508075688772,2.0,5.0,1.0,4.0,1.7320508075688772,8.0,9.0,5.0,4.0,1.7320508075688772,8.0,9.0,5.0,4.0,1.7320508075688772,1.36,160.0,3.0,4.0,6.56149,1.0,1814.15,11.0,148.0,3.0,1.0,9.0,9.0
1846.4,1943.15,1814.15,129.0,55.858638544096294,19.0,43.0,11.0,32.0,13.856406460551018,145.0,148.0,136.0,12.0,5.196152422706632,3.25,4.0,3.0,1.0,0.4330127018922193,1.25,2.0,1.0,1.0,0.4330127018922193,8.75,9.0,8.0,1.0,0.4330127018922193,8.75,9.0,8.0,1.0,0.4330127018922193,1.36,160.0,3.0,4.0,6.56149,1.0,1814.15,11.0,148.0,3.0,1.0,9.0,9.0
1504.9,1814.15,577.15,1237.0,535.6367122406754,29.5,85.0,11.0,74.0,32.04293994002423,147.0,148.0,144.0,4.0,1.7320508075688772,3.0,3.0,3.0,0.0,0.0,3.25,10.0,1.0,9.0,3.897114317029974,8.0,9.0,5.0,4.0,1.7320508075688772,6.75,9.0,0.0,9.0,3.897114317029974,1.36,160.0,3.0,4.0,6.56149,1.0,1814.15,11.0,148.0,3.0,1.0,9.0,9.0
1906.4,2183.15,1814.15,369.0,159.78168699822893,20.0,47.0,11.0,36.0,15.588457268119896,144.5,148.0,134.0,14.0,6.06217782649107,3.5,5.0,3.0,2.0,0.8660254037844386,1.5,3.0,1.0,2.0,0.8660254037844386,8.5,9.0,7.0,2.0,0.8660254037844386,8.5,9.0,7.0,2.0,0.8660254037844386,1.36,160.0,3.0,4.0,6.56149,1.0,1814.15,11.0,148.0,3.0,1.0,9.0,9.0
2282.4,3687.15,1814.15,1873.0,811.0327906441267,21.5,53.0,11.0,42.0,18.186533479473212,145.25,148.0,137.0,11.0,4.763139720814412,3.75,6.0,3.0,3.0,1.299038105676658,1.75,4.0,1.0,3.0,1.299038105676658,8.25,9.0,6.0,3.0,1.299038105676658,8.25,9.0,6.0,3.0,1.299038105676658,1.36,160.0,3.0,4.0,6.56149,1.0,1814.15,11.0,148.0,3.0,1.0,9.0,9.0
1809.4,1814.15,1795.15,19.0,8.227241335952167,11.25,12.0,11.0,1.0,0.4330127018922193,151.75,163.0,148.0,15.0,6.49519052838329,3.0,3.0,3.0,0.0,0.0,1.0,1.0,1.0,0.0,0.0,9.0,9.0,9.0,0.0,0.0,9.0,9.0,9.0,0.0,0.0,1.36,160.0,3.0,4.0,6.56149,1.0,1814.15,11.0,148.0,3.0,1.0,9.0,9.0
1533.78175,1814.15,692.6769999999999,1121.4730000000002,485.61205382917296,27.5,77.0,11.0,66.0,28.578838324886476,140.5,148.0,118.0,30.0,12.99038105676658,5.25,12.0,3.0,9.0,3.897114317029974,3.25,10.0,1.0,9.0,3.897114317029974,6.75,9.0,0.0,9.0,3.897114317029974,6.75,9.0,0.0,9.0,3.897114317029974,1.36,160.0,3.0,4.0,6.56149,1.0,1814.15,11.0,148.0,3.0,1.0,9.0,9.0
1892.4,2127.15,1814.15,313.0,135.53297569226464,19.25,44.0,11.0,33.0,14.289419162443238,149.5,154.0,148.0,6.0,2.598076211353316,3.25,4.0,3.0,1.0,0.4330127018922193,1.25,2.0,1.0,1.0,0.4330127018922193,8.75,9.0,8.0,1.0,0.4330127018922193,8.75,9.0,8.0,1.0,0.4330127018922193,1.36,160.0,3.0,4.0,6.56149,1.0,1814.15,11.0,148.0,3.0,1.0,9.0,9.0
832.3475000000001,1814.15,505.08,1309.0700000000002,566.8439376660476,70.25,90.0,11.0,79.0,34.208003449485325,142.0,148.0,140.0,8.0,3.4641016151377544,3.75,4.0,3.0,1.0,0.4330127018922193,7.75,10.0,1.0,9.0,3.897114317029974,5.25,9.0,4.0,5.0,2.165063509461097,2.25,9.0,0.0,9.0,3.897114317029974,1.96,145.0,14.0,5.0,7.343918,10.0,505.08,90.0,140.0,4.0,10.0,4.0,0.0
2921.15,3290.15,1814.15,1476.0,639.1267479929157,39.5,49.0,11.0,38.0,16.454482671904334,146.5,148.0,146.0,2.0,0.8660254037844386,4.5,5.0,3.0,2.0,0.8660254037844386,2.5,3.0,1.0,2.0,0.8660254037844386,7.5,9.0,7.0,2.0,0.8660254037844386,7.5,9.0,7.0,2.0,0.8660254037844386,1.5,145.0,5.0,6.0,7.549571,3.0,3290.15,49.0,146.0,5.0,3.0,7.0,7.0
2276.15,2430.15,1814.15,616.0,266.73582436560713,44.75,56.0,11.0,45.0,19.48557158514987,133.0,148.0,128.0,20.0,8.660254037844387,6.0,7.0,3.0,4.0,1.7320508075688772,4.0,5.0,1.0,4.0,1.7320508075688772,6.0,9.0,5.0,4.0,1.7320508075688772,6.0,9.0,5.0,4.0,1.7320508075688772,2.1,135.0,7.0,5.0,7.11938,5.0,2430.15,56.0,128.0,7.0,5.0,5.0,5.0
1910.9,1943.15,1814.15,129.0,55.858638544096294,35.0,43.0,11.0,32.0,13.856406460551018,139.0,148.0,136.0,12.0,5.196152422706632,3.75,4.0,3.0,1.0,0.4330127018922193,1.75,2.0,1.0,1.0,0.4330127018922193,8.25,9.0,8.0,1.0,0.4330127018922193,8.25,9.0,8.0,1.0,0.4330127018922193,1.54,140.0,4.0,4.0,6.82812,2.0,1943.15,43.0,136.0,4.0,2.0,8.0,8.0
886.4,1814.15,577.15,1237.0,535.6367122406754,66.5,85.0,11.0,74.0,32.04293994002423,145.0,148.0,144.0,4.0,1.7320508075688772,3.0,3.0,3.0,0.0,0.0,7.75,10.0,1.0,9.0,3.897114317029974,6.0,9.0,5.0,4.0,1.7320508075688772,2.25,9.0,0.0,9.0,3.897114317029974,1.8,190.0,13.0,6.0,6.1082873,10.0,577.15,85.0,144.0,3.0,10.0,5.0,0.0
2090.9,2183.15,1814.15,369.0,159.78168699822893,38.0,47.0,11.0,36.0,15.588457268119896,137.5,148.0,134.0,14.0,6.06217782649107,4.5,5.0,3.0,2.0,0.8660254037844386,2.5,3.0,1.0,2.0,0.8660254037844386,7.5,9.0,7.0,2.0,0.8660254037844386,7.5,9.0,7.0,2.0,0.8660254037844386,1.63,135.0,5.0,4.0,6.746187,3.0,2183.15,47.0,134.0,5.0,3.0,7.0,7.0
3218.9,3687.15,1814.15,1873.0,811.0327906441267,42.5,53.0,11.0,42.0,18.186533479473212,139.75,148.0,137.0,11.0,4.763139720814412,5.25,6.0,3.0,3.0,1.299038105676658,3.25,4.0,1.0,3.0,1.299038105676658,6.75,9.0,6.0,3.0,1.299038105676658,6.75,9.0,6.0,3.0,1.299038105676658,1.7,135.0,6.0,6.0,7.86403,4.0,3687.15,53.0,137.0,6.0,4.0,6.0,6.0
1799.9,1814.15,1795.15,19.0,8.227241335952167,11.75,12.0,11.0,1.0,0.4330127018922193,159.25,163.0,148.0,15.0,6.49519052838329,3.0,3.0,3.0,0.0,0.0,1.0,1.0,1.0,0.0,0.0,9.0,9.0,9.0,0.0,0.0,9.0,9.0,9.0,0.0,0.0,1.22,180.0,3.0,5.0,6.21726,1.0,1795.15,12.0,163.0,3.0,1.0,9.0,9.0
973.04525,1814.15,692.6769999999999,1121.4730000000002,485.61205382917296,60.5,77.0,11.0,66.0,28.578838324886476,125.5,148.0,118.0,30.0,12.99038105676658,9.75,12.0,3.0,9.0,3.897114317029974,7.75,10.0,1.0,9.0,3.897114317029974,2.25,9.0,0.0,9.0,3.897114317029974,2.25,9.0,0.0,9.0,3.897114317029974,1.65,135.0,12.0,4.0,9.394197,10.0,692.6769999999999,77.0,118.0,12.0,10.0,0.0,0.0
2048.9,2127.15,1814.15,313.0,135.53297569226464,35.75,44.0,11.0,33.0,14.289419162443238,152.5,154.0,148.0,6.0,2.598076211353316,3.75,4.0,3.0,1.0,0.4330127018922193,1.75,2.0,1.0,1.0,0.4330127018922193,8.25,9.0,8.0,1.0,0.4330127018922193,8.25,9.0,8.0,1.0,0.4330127018922193,1.33,155.0,4.0,5.0,6.634126,2.0,2127.15,44.0,154.0,4.0,2.0,8.0,8.0
1201.3475,3290.15,505.08,2785.07,1205.9706856589632,79.75,90.0,49.0,41.0,17.75352077758099,141.5,146.0,140.0,6.0,2.598076211353316,4.25,5.0,4.0,1.0,0.4330127018922193,8.25,10.0,3.0,7.0,3.031088913245535,4.75,7.0,4.0,3.0,1.299038105676658,1.75,7.0,0.0,7.0,3.031088913245535,1.96,145.0,14.0,5.0,7.343918,10.0,505.08,90.0,140.0,4.0,10.0,4.0,0.0
986.3475000000001,2430.15,505.08,1925.0700000000002,833.5797620316547,81.5,90.0,56.0,34.0,14.722431864335457,137.0,140.0,128.0,12.0,5.196152422706632,4.75,7.0,4.0,3.0,1.299038105676658,8.75,10.0,5.0,5.0,2.165063509461097,4.25,5.0,4.0,1.0,0.4330127018922193,1.25,5.0,0.0,5.0,2.165063509461097,1.96,145.0,14.0,5.0,7.343918,10.0,505.08,90.0,140.0,4.0,10.0,4.0,0.0
864.5975000000001,1943.15,505.08,1438.0700000000002,622.7025762101439,78.25,90.0,43.0,47.0,20.351596988934308,139.0,140.0,136.0,4.0,1.7320508075688772,4.0,4.0,4.0,0.0,0.0,8.0,10.0,2.0,8.0,3.4641016151377544,5.0,8.0,4.0,4.0,1.7320508075688772,2.0,8.0,0.0,8.0,3.4641016151377544,1.96,145.0,14.0,5.0,7.343918,10.0,505.08,90.0,140.0,4.0,10.0,4.0,0.0
523.0975,577.15,505.08,72.07,31.207225425372243,88.75,90.0,85.0,5.0,2.165063509461097,141.0,144.0,140.0,4.0,1.7320508075688772,3.75,4.0,3.0,1.0,0.4330127018922193,10.0,10.0,10.0,0.0,0.0,4.25,5.0,4.0,1.0,0.4330127018922193,0.0,0.0,0.0,0.0,0.0,1.96,145.0,14.0,5.0,7.343918,10.0,505.08,90.0,140.0,4.0,10.0,4.0,0.0
924.5975000000001,2183.15,505.08,1678.0700000000002,726.6256246642765,79.25,90.0,47.0,43.0,18.619546181365433,138.5,140.0,134.0,6.0,2.598076211353316,4.25,5.0,4.0,1.0,0.4330127018922193,8.25,10.0,3.0,7.0,3.031088913245535,4.75,7.0,4.0,3.0,1.299038105676658,1.75,7.0,0.0,7.0,3.031088913245535,1.96,145.0,14.0,5.0,7.343918,10.0,505.08,90.0,140.0,4.0,10.0,4.0,0.0
1300.5975,3687.15,505.08,3182.07,1377.8767283101743,80.75,90.0,53.0,37.0,16.021469970012117,139.25,140.0,137.0,3.0,1.299038105676658,4.5,6.0,4.0,2.0,0.8660254037844386,8.5,10.0,4.0,6.0,2.598076211353316,4.5,6.0,4.0,2.0,0.8660254037844386,1.5,6.0,0.0,6.0,2.598076211353316,1.96,145.0,14.0,5.0,7.343918,10.0,505.08,90.0,140.0,4.0,10.0,4.0,0.0
827.5975000000001,1795.15,505.08,1290.0700000000002,558.6166963300955,70.5,90.0,12.0,78.0,33.77499074759311,145.75,163.0,140.0,23.0,9.959292143521045,3.75,4.0,3.0,1.0,0.4330127018922193,7.75,10.0,1.0,9.0,3.897114317029974,5.25,9.0,4.0,5.0,2.165063509461097,2.25,9.0,0.0,9.0,3.897114317029974,1.96,145.0,14.0,5.0,7.343918,10.0,505.08,90.0,140.0,4.0,10.0,4.0,0.0
551.97925,692.6769999999999,505.08,187.59699999999992,81.23188383687463,86.75,90.0,77.0,13.0,5.629165124598851,134.5,140.0,118.0,22.0,9.526279441628825,6.0,12.0,4.0,8.0,3.4641016151377544,10.0,10.0,10.0,0.0,0.0,3.0,4.0,0.0,4.0,1.7320508075688772,0.0,0.0,0.0,0.0,0.0,1.96,145.0,14.0,5.0,7.343918,10.0,505.08,90.0,140.0,4.0,10.0,4.0,0.0
910.5975000000001,2127.15,505.08,1622.0700000000002,702.3769133583122,78.5,90.0,44.0,46.0,19.91858428704209,143.5,154.0,140.0,14.0,6.06217782649107,4.0,4.0,4.0,0.0,0.0,8.0,10.0,2.0,8.0,3.4641016151377544,5.0,8.0,4.0,4.0,1.7320508075688772,2.0,8.0,0.0,8.0,3.4641016151377544,1.96,145.0,14.0,5.0,7.343918,10.0,505.08,90.0,140.0,4.0,10.0,4.0,0.0
2593.8825,3290.15,505.08,2785.07,1205.9706856589632,59.25,90.0,49.0,41.0,17.75352077758099,144.5,146.0,140.0,6.0,2.598076211353316,4.75,5.0,4.0,1.0,0.4330127018922193,4.75,10.0,3.0,7.0,3.031088913245535,6.25,7.0,4.0,3.0,1.299038105676658,5.25,7.0,0.0,7.0,3.031088913245535,1.5,145.0,5.0,6.0,7.549571,3.0,3290.15,49.0,146.0,5.0,3.0,7.0,7.0
1948.8825000000002,2430.15,505.08,1925.0700000000002,833.5797620316548,64.5,90.0,56.0,34.0,14.722431864335457,131.0,140.0,128.0,12.0,5.196152422706632,6.25,7.0,4.0,3.0,1.299038105676658,6.25,10.0,5.0,5.0,2.165063509461097,4.75,5.0,4.0,1.0,0.4330127018922193,3.75,5.0,0.0,5.0,2.165063509461097,2.1,135.0,7.0,5.0,7.11938,5.0,2430.15,56.0,128.0,7.0,5.0,5.0,5.0
1583.6325000000002,1943.15,505.08,1438.0700000000002,622.7025762101439,54.75,90.0,43.0,47.0,20.351596988934308,137.0,140.0,136.0,4.0,1.7320508075688772,4.0,4.0,4.0,0.0,0.0,4.0,10.0,2.0,8.0,3.4641016151377544,7.0,8.0,4.0,4.0,1.7320508075688772,6.0,8.0,0.0,8.0,3.4641016151377544,1.54,140.0,4.0,4.0,6.82812,2.0,1943.15,43.0,136.0,4.0,2.0,8.0,8.0
559.1324999999999,577.15,505.08,72.07,31.207225425372243,86.25,90.0,85.0,5.0,2.165063509461097,143.0,144.0,140.0,4.0,1.7320508075688772,3.25,4.0,3.0,1.0,0.4330127018922193,10.0,10.0,10.0,0.0,0.0,4.75,5.0,4.0,1.0,0.4330127018922193,0.0,0.0,0.0,0.0,0.0,1.8,190.0,13.0,6.0,6.1082873,10.0,577.15,85.0,144.0,3.0,10.0,5.0,0.0
1763.6325000000002,2183.15,505.08,1678.0700000000002,726.6256246642765,57.75,90.0,47.0,43.0,18.619546181365433,135.5,140.0,134.0,6.0,2.598076211353316,4.75,5.0,4.0,1.0,0.4330127018922193,4.75,10.0,3.0,7.0,3.031088913245535,6.25,7.0,4.0,3.0,1.299038105676658,5.25,7.0,0.0,7.0,3.031088913245535,1.63,135.0,5.0,4.0,6.746187,3.0,2183.15,47.0,134.0,5.0,3.0,7.0,7.0
2891.6325,3687.15,505.08,3182.07,1377.8767283101745,62.25,90.0,53.0,37.0,16.021469970012117,137.75,140.0,137.0,3.0,1.299038105676658,5.5,6.0,4.0,2.0,0.8660254037844386,5.5,10.0,4.0,6.0,2.598076211353316,5.5,6.0,4.0,2.0,0.8660254037844386,4.5,6.0,0.0,6.0,2.598076211353316,1.7,135.0,6.0,6.0,7.86403,4.0,3687.15,53.0,137.0,6.0,4.0,6.0,6.0
1472.6325000000002,1795.15,505.08,1290.0700000000002,558.6166963300955,31.5,90.0,12.0,78.0,33.77499074759311,157.25,163.0,140.0,23.0,9.959292143521045,3.25,4.0,3.0,1.0,0.4330127018922193,3.25,10.0,1.0,9.0,3.897114317029974,7.75,9.0,4.0,5.0,2.165063509461097,6.75,9.0,0.0,9.0,3.897114317029974,1.22,180.0,3.0,5.0,6.21726,1.0,1795.15,12.0,163.0,3.0,1.0,9.0,9.0
645.77775,692.6769999999999,505.08,187.59699999999992,81.23188383687463,80.25,90.0,77.0,13.0,5.629165124598851,123.5,140.0,118.0,22.0,9.526279441628825,10.0,12.0,4.0,8.0,3.4641016151377544,10.0,10.0,10.0,0.0,0.0,1.0,4.0,0.0,4.0,1.7320508075688772,0.0,0.0,0.0,0.0,0.0,1.65,135.0,12.0,4.0,9.394197,10.0,692.6769999999999,77.0,118.0,12.0,10.0,0.0,0.0
1721.6325000000002,2127.15,505.08,1622.0700000000002,702.3769133583122,55.5,90.0,44.0,46.0,19.91858428704209,150.5,154.0,140.0,14.0,6.06217782649107,4.0,4.0,4.0,0.0,0.0,4.0,10.0,2.0,8.0,3.4641016151377544,7.0,8.0,4.0,4.0,1.7320508075688772,6.0,8.0,0.0,8.0,3.4641016151377544,1.33,155.0,4.0,5.0,6.634126,2.0,2127.15,44.0,154.0,4.0,2.0,8.0,8.0
3075.15,3290.15,2430.15,860.0,372.3909236273086,50.75,56.0,49.0,7.0,3.031088913245535,141.5,146.0,128.0,18.0,7.794228634059948,5.5,7.0,5.0,2.0,0.8660254037844386,3.5,5.0,3.0,2.0,0.8660254037844386,6.5,7.0,5.0,2.0,0.8660254037844386,6.5,7.0,5.0,2.0,0.8660254037844386,1.5,145.0,5.0,6.0,7.549571,3.0,3290.15,49.0,146.0,5.0,3.0,7.0,7.0
2953.4,3290.15,1943.15,1347.0,583.2681094488195,47.5,49.0,43.0,6.0,2.598076211353316,143.5,146.0,136.0,10.0,4.330127018922194,4.75,5.0,4.0,1.0,0.4330127018922193,2.75,3.0,2.0,1.0,0.4330127018922193,7.25,8.0,7.0,1.0,0.4330127018922193,7.25,8.0,7.0,1.0,0.4330127018922193,1.5,145.0,5.0,6.0,7.549571,3.0,3290.15,49.0,146.0,5.0,3.0,7.0,7.0
2611.9,3290.15,577.15,2713.0,1174.763460233591,58.0,85.0,49.0,36.0,15.588457268119896,145.5,146.0,144.0,2.0,0.8660254037844386,4.5,5.0,3.0,2.0,0.8660254037844386,4.75,10.0,3.0,7.0,3.031088913245535,6.5,7.0,5.0,2.0,0.8660254037844386,5.25,7.0,0.0,7.0,3.031088913245535,1.5,145.0,5.0,6.0,7.549571,3.0,3290.15,49.0,146.0,5.0,3.0,7.0,7.0
3013.4,3290.15,2183.15,1107.0,479.3450609946868,48.5,49.0,47.0,2.0,0.8660254037844386,143.0,146.0,134.0,12.0,5.196152422706632,5.0,5.0,5.0,0.0,0.0,3.0,3.0,3.0,0.0,0.0,7.0,7.0,7.0,0.0,0.0,7.0,7.0,7.0,0.0,0.0,1.5,145.0,5.0,6.0,7.549571,3.0,3290.15,49.0,146.0,5.0,3.0,7.0,7.0
3389.4,3687.15,3290.15,397.0,171.90604265121107,50.0,53.0,49.0,4.0,1.7320508075688772,143.75,146.0,137.0,9.0,3.897114317029974,5.25,6.0,5.0,1.0,0.4330127018922193,3.25,4.0,3.0,1.0,0.4330127018922193,6.75,7.0,6.0,1.0,0.4330127018922193,6.75,7.0,6.0,1.0,0.4330127018922193,1.5,145.0,5.0,6.0,7.549571,3.0,3290.15,49.0,146.0,5.0,3.0,7.0,7.0
2916.4,3290.15,1795.15,1495.0,647.3539893288679,39.75,49.0,12.0,37.0,16.021469970012117,150.25,163.0,146.0,17.0,7.361215932167728,4.5,5.0,3.0,2.0,0.8660254037844386,2.5,3.0,1.0,2.0,0.8660254037844386,7.5,9.0,7.0,2.0,0.8660254037844386,7.5,9.0,7.0,2.0,0.8660254037844386,1.5,145.0,5.0,6.0,7.549571,3.0,3290.15,49.0,146.0,5.0,3.0,7.0,7.0
2640.78175,3290.15,692.6769999999999,2597.473,1124.7388018220888,56.0,77.0,49.0,28.0,12.12435565298214,139.0,146.0,118.0,28.0,12.12435565298214,6.75,12.0,5.0,7.0,3.031088913245535,4.75,10.0,3.0,7.0,3.031088913245535,5.25,7.0,0.0,7.0,3.031088913245535,5.25,7.0,0.0,7.0,3.031088913245535,1.5,145.0,5.0,6.0,7.549571,3.0,3290.15,49.0,146.0,5.0,3.0,7.0,7.0
2999.4,3290.15,2127.15,1163.0,503.5937723006511,47.75,49.0,44.0,5.0,2.165063509461097,148.0,154.0,146.0,8.0,3.4641016151377544,4.75,5.0,4.0,1.0,0.4330127018922193,2.75,3.0,2.0,1.0,0.4330127018922193,7.25,8.0,7.0,1.0,0.4330127018922193,7.25,8.0,7.0,1.0,0.4330127018922193,1.5,145.0,5.0,6.0,7.549571,3.0,3290.15,49.0,146.0,5.0,3.0,7.0,7.0
2645.15,3290.15,2430.15,860.0,372.3909236273086,54.25,56.0,49.0,7.0,3.031088913245535,132.5,146.0,128.0,18.0,7.794228634059948,6.5,7.0,5.0,2.0,0.8660254037844386,4.5,5.0,3.0,2.0,0.8660254037844386,5.5,7.0,5.0,2.0,0.8660254037844386,5.5,7.0,5.0,2.0,0.8660254037844386,2.1,135.0,7.0,5.0,7.11938,5.0,2430.15,56.0,128.0,7.0,5.0,5.0,5.0
2279.9,3290.15,1943.15,1347.0,583.2681094488195,44.5,49.0,43.0,6.0,2.598076211353316,138.5,146.0,136.0,10.0,4.330127018922194,4.25,5.0,4.0,1.0,0.4330127018922193,2.25,3.0,2.0,1.0,0.4330127018922193,7.75,8.0,7.0,1.0,0.4330127018922193,7.75,8.0,7.0,1.0,0.4330127018922193,1.54,140.0,4.0,4.0,6.82812,2.0,1943.15,43.0,136.0,4.0,2.0,8.0,8.0
1255.4,3290.15,577.15,2713.0,1174.763460233591,76.0,85.0,49.0,36.0,15.588457268119896,144.5,146.0,144.0,2.0,0.8660254037844386,3.5,5.0,3.0,2.0,0.8660254037844386,8.25,10.0,3.0,7.0,3.031088913245535,5.5,7.0,5.0,2.0,0.8660254037844386,1.75,7.0,0.0,7.0,3.031088913245535,1.8,190.0,13.0,6.0,6.1082873,10.0,577.15,85.0,144.0,3.0,10.0,5.0,0.0
2459.9,3290.15,2183.15,1107.0,479.3450609946868,47.5,49.0,47.0,2.0,0.8660254037844386,137.0,146.0,134.0,12.0,5.196152422706632,5.0,5.0,5.0,0.0,0.0,3.0,3.0,3.0,0.0,0.0,7.0,7.0,7.0,0.0,0.0,7.0,7.0,7.0,0.0,0.0,1.63,135.0,5.0,4.0,6.746187,3.0,2183.15,47.0,134.0,5.0,3.0,7.0,7.0
3587.9,3687.15,3290.15,397.0,171.90604265121107,52.0,53.0,49.0,4.0,1.7320508075688772,139.25,146.0,137.0,9.0,3.897114317029974,5.75,6.0,5.0,1.0,0.4330127018922193,3.75,4.0,3.0,1.0,0.4330127018922193,6.25,7.0,6.0,1.0,0.4330127018922193,6.25,7.0,6.0,1.0,0.4330127018922193,1.7,135.0,6.0,6.0,7.86403,4.0,3687.15,53.0,137.0,6.0,4.0,6.0,6.0
2168.9,3290.15,1795.15,1495.0,647.3539893288679,21.25,49.0,12.0,37.0,16.021469970012117,158.75,163.0,146.0,17.0,7.361215932167728,3.5,5.0,3.0,2.0,0.8660254037844386,1.5,3.0,1.0,2.0,0.8660254037844386,8.5,9.0,7.0,2.0,0.8660254037844386,8.5,9.0,7.0,2.0,0.8660254037844386,1.22,180.0,3.0,5.0,6.21726,1.0,1795.15,12.0,163.0,3.0,1.0,9.0,9.0
1342.0452500000001,3290.15,692.6769999999999,2597.473,1124.7388018220888,70.0,77.0,49.0,28.0,12.12435565298214,125.0,146.0,118.0,28.0,12.12435565298214,10.25,12.0,5.0,7.0,3.031088913245535,8.25,10.0,3.0,7.0,3.031088913245535,1.75,7.0,0.0,7.0,3.031088913245535,1.75,7.0,0.0,7.0,3.031088913245535,1.65,135.0,12.0,4.0,9.394197,10.0,692.6769999999999,77.0,118.0,12.0,10.0,0.0,0.0
2417.9,3290.15,2127.15,1163.0,503.5937723006511,45.25,49.0,44.0,5.0,2.165063509461097,152.0,154.0,146.0,8.0,3.4641016151377544,4.25,5.0,4.0,1.0,0.4330127018922193,2.25,3.0,2.0,1.0,0.4330127018922193,7.75,8.0,7.0,1.0,0.4330127018922193,7.75,8.0,7.0,1.0,0.4330127018922193,1.33,155.0,4.0,5.0,6.634126,2.0,2127.15,44.0,154.0,4.0,2.0,8.0,8.0
2308.4,2430.15,1943.15,487.0,210.8771858215108,52.75,56.0,43.0,13.0,5.629165124598851,130.0,136.0,128.0,8.0,3.4641016151377544,6.25,7.0,4.0,3.0,1.299038105676658,4.25,5.0,2.0,3.0,1.299038105676658,5.75,8.0,5.0,3.0,1.299038105676658,5.75,8.0,5.0,3.0,1.299038105676658,2.1,135.0,7.0,5.0,7.11938,5.0,2430.15,56.0,128.0,7.0,5.0,5.0,5.0
1966.9,2430.15,577.15,1853.0,802.3725366062824,63.25,85.0,56.0,29.0,12.55736835487436,132.0,144.0,128.0,16.0,6.928203230275509,6.0,7.0,3.0,4.0,1.7320508075688772,6.25,10.0,5.0,5.0,2.165063509461097,5.0,5.0,5.0,0.0,0.0,3.75,5.0,0.0,5.0,2.165063509461097,2.1,135.0,7.0,5.0,7.11938,5.0,2430.15,56.0,128.0,7.0,5.0,5.0,5.0
2368.4,2430.15,2183.15,247.0,106.95413736737817,53.75,56.0,47.0,9.0,3.897114317029974,129.5,134.0,128.0,6.0,2.598076211353316,6.5,7.0,5.0,2.0,0.8660254037844386,4.5,5.0,3.0,2.0,0.8660254037844386,5.5,7.0,5.0,2.0,0.8660254037844386,5.5,7.0,5.0,2.0,0.8660254037844386,2.1,135.0,7.0,5.0,7.11938,5.0,2430.15,56.0,128.0,7.0,5.0,5.0,5.0
2744.4,3687.15,2430.15,1257.0,544.2969662785197,55.25,56.0,53.0,3.0,1.299038105676658,130.25,137.0,128.0,9.0,3.897114317029974,6.75,7.0,6.0,1.0,0.4330127018922193,4.75,5.0,4.0,1.0,0.4330127018922193,5.25,6.0,5.0,1.0,0.4330127018922193,5.25,6.0,5.0,1.0,0.4330127018922193,2.1,135.0,7.0,5.0,7.11938,5.0,2430.15,56.0,128.0,7.0,5.0,5.0,5.0
2271.4,2430.15,1795.15,635.0,274.9630657015593,45.0,56.0,12.0,44.0,19.05255888325765,136.75,163.0,128.0,35.0,15.155444566227676,6.0,7.0,3.0,4.0,1.7320508075688772,4.0,5.0,1.0,4.0,1.7320508075688772,6.0,9.0,5.0,4.0,1.7320508075688772,6.0,9.0,5.0,4.0,1.7320508075688772,2.1,135.0,7.0,5.0,7.11938,5.0,2430.15,56.0,128.0,7.0,5.0,5.0,5.0
1995.78175,2430.15,692.6769999999999,1737.4730000000002,752.34787819478,61.25,77.0,56.0,21.0,9.093266739736606,125.5,128.0,118.0,10.0,4.330127018922194,8.25,12.0,7.0,5.0,2.165063509461097,6.25,10.0,5.0,5.0,2.165063509461097,3.75,5.0,0.0,5.0,2.165063509461097,3.75,5.0,0.0,5.0,2.165063509461097,2.1,135.0,7.0,5.0,7.11938,5.0,2430.15,56.0,128.0,7.0,5.0,5.0,5.0
2354.4,2430.15,2127.15,303.0,131.20284867334246,53.0,56.0,44.0,12.0,5.196152422706632,134.5,154.0,128.0,26.0,11.258330249197702,6.25,7.0,4.0,3.0,1.299038105676658,4.25,5.0,2.0,3.0,1.299038105676658,5.75,8.0,5.0,3.0,1.299038105676658,5.75,8.0,5.0,3.0,1.299038105676658,2.1,135.0,7.0,5.0,7.11938,5.0,2430.15,56.0,128.0,7.0,5.0,5.0,5.0
2064.9,2430.15,1943.15,487.0,210.8771858215108,46.25,56.0,43.0,13.0,5.629165124598851,134.0,136.0,128.0,8.0,3.4641016151377544,4.75,7.0,4.0,3.0,1.299038105676658,2.75,5.0,2.0,3.0,1.299038105676658,7.25,8.0,5.0,3.0,1.299038105676658,7.25,8.0,5.0,3.0,1.299038105676658,1.54,140.0,4.0,4.0,6.82812,2.0,1943.15,43.0,136.0,4.0,2.0,8.0,8.0
1040.4,2430.15,577.15,1853.0,802.3725366062824,77.75,85.0,56.0,29.0,12.55736835487436,140.0,144.0,128.0,16.0,6.928203230275509,4.0,7.0,3.0,4.0,1.7320508075688772,8.75,10.0,5.0,5.0,2.165063509461097,5.0,5.0,5.0,0.0,0.0,1.25,5.0,0.0,5.0,2.165063509461097,1.8,190.0,13.0,6.0,6.1082873,10.0,577.15,85.0,144.0,3.0,10.0,5.0,0.0
2244.9,2430.15,2183.15,247.0,106.95413736737817,49.25,56.0,47.0,9.0,3.897114317029974,132.5,134.0,128.0,6.0,2.598076211353316,5.5,7.0,5.0,2.0,0.8660254037844386,3.5,5.0,3.0,2.0,0.8660254037844386,6.5,7.0,5.0,2.0,0.8660254037844386,6.5,7.0,5.0,2.0,0.8660254037844386,1.63,135.0,5.0,4.0,6.746187,3.0,2183.15,47.0,134.0,5.0,3.0,7.0,7.0
3372.9,3687.15,2430.15,1257.0,544.2969662785197,53.75,56.0,53.0,3.0,1.299038105676658,134.75,137.0,128.0,9.0,3.897114317029974,6.25,7.0,6.0,1.0,0.4330127018922193,4.25,5.0,4.0,1.0,0.4330127018922193,5.75,6.0,5.0,1.0,0.4330127018922193,5.75,6.0,5.0,1.0,0.4330127018922193,1.7,135.0,6.0,6.0,7.86403,4.0,3687.15,53.0,137.0,6.0,4.0,6.0,6.0
1953.9,2430.15,1795.15,635.0,274.9630657015593,23.0,56.0,12.0,44.0,19.05255888325765,154.25,163.0,128.0,35.0,15.155444566227676,4.0,7.0,3.0,4.0,1.7320508075688772,2.0,5.0,1.0,4.0,1.7320508075688772,8.0,9.0,5.0,4.0,1.7320508075688772,8.0,9.0,5.0,4.0,1.7320508075688772,1.22,180.0,3.0,5.0,6.21726,1.0,1795.15,12.0,163.0,3.0,1.0,9.0,9.0
1127.0452500000001,2430.15,692.6769999999999,1737.4730000000002,752.34787819478,71.75,77.0,56.0,21.0,9.093266739736606,120.5,128.0,118.0,10.0,4.330127018922194,10.75,12.0,7.0,5.0,2.165063509461097,8.75,10.0,5.0,5.0,2.165063509461097,1.25,5.0,0.0,5.0,2.165063509461097,1.25,5.0,0.0,5.0,2.165063509461097,1.65,135.0,12.0,4.0,9.394197,10.0,692.6769999999999,77.0,118.0,12.0,10.0,0.0,0.0
2202.9,2430.15,2127.15,303.0,131.20284867334246,47.0,56.0,44.0,12.0,5.196152422706632,147.5,154.0,128.0,26.0,11.258330249197702,4.75,7.0,4.0,3.0,1.299038105676658,2.75,5.0,2.0,3.0,1.299038105676658,7.25,8.0,5.0,3.0,1.299038105676658,7.25,8.0,5.0,3.0,1.299038105676658,1.33,155.0,4.0,5.0,6.634126,2.0,2127.15,44.0,154.0,4.0,2.0,8.0,8.0
1601.65,1943.15,577.15,1366.0,591.4953507847716,53.5,85.0,43.0,42.0,18.186533479473212,138.0,144.0,136.0,8.0,3.4641016151377544,3.75,4.0,3.0,1.0,0.4330127018922193,4.0,10.0,2.0,8.0,3.4641016151377544,7.25,8.0,5.0,3.0,1.299038105676658,6.0,8.0,0.0,8.0,3.4641016151377544,1.54,140.0,4.0,4.0,6.82812,2.0,1943.15,43.0,136.0,4.0,2.0,8.0,8.0
2003.15,2183.15,1943.15,240.0,103.92304845413264,44.0,47.0,43.0,4.0,1.7320508075688772,135.5,136.0,134.0,2.0,0.8660254037844386,4.25,5.0,4.0,1.0,0.4330127018922193,2.25,3.0,2.0,1.0,0.4330127018922193,7.75,8.0,7.0,1.0,0.4330127018922193,7.75,8.0,7.0,1.0,0.4330127018922193,1.54,140.0,4.0,4.0,6.82812,2.0,1943.15,43.0,136.0,4.0,2.0,8.0,8.0
2379.15,3687.15,1943.15,1744.0,755.1741521000305,45.5,53.0,43.0,10.0,4.330127018922194,136.25,137.0,136.0,1.0,0.4330127018922193,4.5,6.0,4.0,2.0,0.8660254037844386,2.5,4.0,2.0,2.0,0.8660254037844386,7.5,8.0,6.0,2.0,0.8660254037844386,7.5,8.0,6.0,2.0,0.8660254037844386,1.54,140.0,4.0,4.0,6.82812,2.0,1943.15,43.0,136.0,4.0,2.0,8.0,8.0
1906.15,1943.15,1795.15,148.0,64.08587988004847,35.25,43.0,12.0,31.0,13.423393758658799,142.75,163.0,136.0,27.0,11.691342951089922,3.75,4.0,3.0,1.0,0.4330127018922193,1.75,2.0,1.0,1.0,0.4330127018922193,8.25,9.0,8.0,1.0,0.4330127018922193,8.25,9.0,8.0,1.0,0.4330127018922193,1.54,140.0,4.0,4.0,6.82812,2.0,1943.15,43.0,136.0,4.0,2.0,8.0,8.0
1630.53175,1943.15,692.6769999999999,1250.4730000000002,541.4706923732693,51.5,77.0,43.0,34.0,14.722431864335457,131.5,136.0,118.0,18.0,7.794228634059948,6.0,12.0,4.0,8.0,3.4641016151377544,4.0,10.0,2.0,8.0,3.4641016151377544,6.0,8.0,0.0,8.0,3.4641016151377544,6.0,8.0,0.0,8.0,3.4641016151377544,1.54,140.0,4.0,4.0,6.82812,2.0,1943.15,43.0,136.0,4.0,2.0,8.0,8.0
1989.15,2127.15,1943.15,184.0,79.67433714816836,43.25,44.0,43.0,1.0,0.4330127018922193,140.5,154.0,136.0,18.0,7.794228634059948,4.0,4.0,4.0,0.0,0.0,2.0,2.0,2.0,0.0,0.0,8.0,8.0,8.0,0.0,0.0,8.0,8.0,8.0,0.0,0.0,1.54,140.0,4.0,4.0,6.82812,2.0,1943.15,43.0,136.0,4.0,2.0,8.0,8.0
918.65,1943.15,577.15,1366.0,591.4953507847716,74.5,85.0,43.0,42.0,18.186533479473212,142.0,144.0,136.0,8.0,3.4641016151377544,3.25,4.0,3.0,1.0,0.4330127018922193,8.0,10.0,2.0,8.0,3.4641016151377544,5.75,8.0,5.0,3.0,1.299038105676658,2.0,8.0,0.0,8.0,3.4641016151377544,1.8,190.0,13.0,6.0,6.1082873,10.0,577.15,85.0,144.0,3.0,10.0,5.0,0.0
2123.15,2183.15,1943.15,240.0,103.92304845413264,46.0,47.0,43.0,4.0,1.7320508075688772,134.5,136.0,134.0,2.0,0.8660254037844386,4.75,5.0,4.0,1.0,0.4330127018922193,2.75,3.0,2.0,1.0,0.4330127018922193,7.25,8.0,7.0,1.0,0.4330127018922193,7.25,8.0,7.0,1.0,0.4330127018922193,1.63,135.0,5.0,4.0,6.746187,3.0,2183.15,47.0,134.0,5.0,3.0,7.0,7.0
3251.15,3687.15,1943.15,1744.0,755.1741521000305,50.5,53.0,43.0,10.0,4.330127018922194,136.75,137.0,136.0,1.0,0.4330127018922193,5.5,6.0,4.0,2.0,0.8660254037844386,3.5,4.0,2.0,2.0,0.8660254037844386,6.5,8.0,6.0,2.0,0.8660254037844386,6.5,8.0,6.0,2.0,0.8660254037844386,1.7,135.0,6.0,6.0,7.86403,4.0,3687.15,53.0,137.0,6.0,4.0,6.0,6.0
1832.15,1943.15,1795.15,148.0,64.08587988004847,19.75,43.0,12.0,31.0,13.423393758658799,156.25,163.0,136.0,27.0,11.691342951089922,3.25,4.0,3.0,1.0,0.4330127018922193,1.25,2.0,1.0,1.0,0.4330127018922193,8.75,9.0,8.0,1.0,0.4330127018922193,8.75,9.0,8.0,1.0,0.4330127018922193,1.22,180.0,3.0,5.0,6.21726,1.0,1795.15,12.0,163.0,3.0,1.0,9.0,9.0
1005.29525,1943.15,692.6769999999999,1250.4730000000002,541.4706923732692,68.5,77.0,43.0,34.0,14.722431864335457,122.5,136.0,118.0,18.0,7.794228634059948,10.0,12.0,4.0,8.0,3.4641016151377544,8.0,10.0,2.0,8.0,3.4641016151377544,2.0,8.0,0.0,8.0,3.4641016151377544,2.0,8.0,0.0,8.0,3.4641016151377544,1.65,135.0,12.0,4.0,9.394197,10.0,692.6769999999999,77.0,118.0,12.0,10.0,0.0,0.0
2081.15,2127.15,1943.15,184.0,79.67433714816836,43.75,44.0,43.0,1.0,0.4330127018922193,149.5,154.0,136.0,18.0,7.794228634059948,4.0,4.0,4.0,0.0,0.0,2.0,2.0,2.0,0.0,0.0,8.0,8.0,8.0,0.0,0.0,8.0,8.0,8.0,0.0,0.0,1.33,155.0,4.0,5.0,6.634126,2.0,2127.15,44.0,154.0,4.0,2.0,8.0,8.0
978.65,2183.15,577.15,1606.0,695.4183992389043,75.5,85.0,47.0,38.0,16.454482671904334,141.5,144.0,134.0,10.0,4.330127018922194,3.5,5.0,3.0,2.0,0.8660254037844386,8.25,10.0,3.0,7.0,3.031088913245535,5.5,7.0,5.0,2.0,0.8660254037844386,1.75,7.0,0.0,7.0,3.031088913245535,1.8,190.0,13.0,6.0,6.1082873,10.0,577.15,85.0,144.0,3.0,10.0,5.0,0.0
1354.65,3687.15,577.15,3110.0,1346.6695028848021,77.0,85.0,53.0,32.0,13.856406460551018,142.25,144.0,137.0,7.0,3.031088913245535,3.75,6.0,3.0,3.0,1.299038105676658,8.5,10.0,4.0,6.0,2.598076211353316,5.25,6.0,5.0,1.0,0.4330127018922193,1.5,6.0,0.0,6.0,2.598076211353316,1.8,190.0,13.0,6.0,6.1082873,10.0,577.15,85.0,144.0,3.0,10.0,5.0,0.0
881.65,1795.15,577.15,1218.0,527.4094709047232,66.75,85.0,12.0,73.0,31.60992723813201,148.75,163.0,144.0,19.0,8.227241335952167,3.0,3.0,3.0,0.0,0.0,7.75,10.0,1.0,9.0,3.897114317029974,6.0,9.0,5.0,4.0,1.7320508075688772,2.25,9.0,0.0,9.0,3.897114317029974,1.8,190.0,13.0,6.0,6.1082873,10.0,577.15,85.0,144.0,3.0,10.0,5.0,0.0
606.0317499999999,692.6769999999999,577.15,115.52699999999993,50.024658411502394,83.0,85.0,77.0,8.0,3.4641016151377544,137.5,144.0,118.0,26.0,11.258330249197702,5.25,12.0,3.0,9.0,3.897114317029974,10.0,10.0,10.0,0.0,0.0,3.75,5.0,0.0,5.0,2.165063509461097,0.0,0.0,0.0,0.0,0.0,1.8,190.0,13.0,6.0,6.1082873,10.0,577.15,85.0,144.0,3.0,10.0,5.0,0.0
964.65,2127.15,577.15,1550.0,671.16968793294,74.75,85.0,44.0,41.0,17.75352077758099,146.5,154.0,144.0,10.0,4.330127018922194,3.25,4.0,3.0,1.0,0.4330127018922193,8.0,10.0,2.0,8.0,3.4641016151377544,5.75,8.0,5.0,3.0,1.299038105676658,2.0,8.0,0.0,8.0,3.4641016151377544,1.8,190.0,13.0,6.0,6.1082873,10.0,577.15,85.0,144.0,3.0,10.0,5.0,0.0
1781.65,2183.15,577.15,1606.0,695.4183992389043,56.5,85.0,47.0,38.0,16.454482671904334,136.5,144.0,134.0,10.0,4.330127018922194,4.5,5.0,3.0,2.0,0.8660254037844386,4.75,10.0,3.0,7.0,3.031088913245535,6.5,7.0,5.0,2.0,0.8660254037844386,5.25,7.0,0.0,7.0,3.031088913245535,1.63,135.0,5.0,4.0,6.746187,3.0,2183.15,47.0,134.0,5.0,3.0,7.0,7.0
2909.65,3687.15,577.15,3110.0,1346.6695028848021,61.0,85.0,53.0,32.0,13.856406460551018,138.75,144.0,137.0,7.0,3.031088913245535,5.25,6.0,3.0,3.0,1.299038105676658,5.5,10.0,4.0,6.0,2.598076211353316,5.75,6.0,5.0,1.0,0.4330127018922193,4.5,6.0,0.0,6.0,2.598076211353316,1.7,135.0,6.0,6.0,7.86403,4.0,3687.15,53.0,137.0,6.0,4.0,6.0,6.0
1490.65,1795.15,577.15,1218.0,527.4094709047232,30.25,85.0,12.0,73.0,31.60992723813201,158.25,163.0,144.0,19.0,8.227241335952167,3.0,3.0,3.0,0.0,0.0,3.25,10.0,1.0,9.0,3.897114317029974,8.0,9.0,5.0,4.0,1.7320508075688772,6.75,9.0,0.0,9.0,3.897114317029974,1.22,180.0,3.0,5.0,6.21726,1.0,1795.15,12.0,163.0,3.0,1.0,9.0,9.0
663.79525,692.6769999999999,577.15,115.52699999999993,50.024658411502394,79.0,85.0,77.0,8.0,3.4641016151377544,124.5,144.0,118.0,26.0,11.258330249197702,9.75,12.0,3.0,9.0,3.897114317029974,10.0,10.0,10.0,0.0,0.0,1.25,5.0,0.0,5.0,2.165063509461097,0.0,0.0,0.0,0.0,0.0,1.65,135.0,12.0,4.0,9.394197,10.0,692.6769999999999,77.0,118.0,12.0,10.0,0.0,0.0
1739.65,2127.15,577.15,1550.0,671.16968793294,54.25,85.0,44.0,41.0,17.75352077758099,151.5,154.0,144.0,10.0,4.330127018922194,3.75,4.0,3.0,1.0,0.4330127018922193,4.0,10.0,2.0,8.0,3.4641016151377544,7.25,8.0,5.0,3.0,1.299038105676658,6.0,8.0,0.0,8.0,3.4641016151377544,1.33,155.0,4.0,5.0,6.634126,2.0,2127.15,44.0,154.0,4.0,2.0,8.0,8.0
2559.15,3687.15,2183.15,1504.0,651.2511036458978,48.5,53.0,47.0,6.0,2.598076211353316,134.75,137.0,134.0,3.0,1.299038105676658,5.25,6.0,5.0,1.0,0.4330127018922193,3.25,4.0,3.0,1.0,0.4330127018922193,6.75,7.0,6.0,1.0,0.4330127018922193,6.75,7.0,6.0,1.0,0.4330127018922193,1.63,135.0,5.0,4.0,6.746187,3.0,2183.15,47.0,134.0,5.0,3.0,7.0,7.0
2086.15,2183.15,1795.15,388.0,168.0089283341811,38.25,47.0,12.0,35.0,15.155444566227676,141.25,163.0,134.0,29.0,12.55736835487436,4.5,5.0,3.0,2.0,0.8660254037844386,2.5,3.0,1.0,2.0,0.8660254037844386,7.5,9.0,7.0,2.0,0.8660254037844386,7.5,9.0,7.0,2.0,0.8660254037844386,1.63,135.0,5.0,4.0,6.746187,3.0,2183.15,47.0,134.0,5.0,3.0,7.0,7.0
1810.53175,2183.15,692.6769999999999,1490.4730000000002,645.3937408274019,54.5,77.0,47.0,30.0,12.99038105676658,130.0,134.0,118.0,16.0,6.928203230275509,6.75,12.0,5.0,7.0,3.031088913245535,4.75,10.0,3.0,7.0,3.031088913245535,5.25,7.0,0.0,7.0,3.031088913245535,5.25,7.0,0.0,7.0,3.031088913245535,1.63,135.0,5.0,4.0,6.746187,3.0,2183.15,47.0,134.0,5.0,3.0,7.0,7.0
2169.15,2183.15,2127.15,56.0,24.24871130596428,46.25,47.0,44.0,3.0,1.299038105676658,139.0,154.0,134.0,20.0,8.660254037844387,4.75,5.0,4.0,1.0,0.4330127018922193,2.75,3.0,2.0,1.0,0.4330127018922193,7.25,8.0,7.0,1.0,0.4330127018922193,7.25,8.0,7.0,1.0,0.4330127018922193,1.63,135.0,5.0,4.0,6.746187,3.0,2183.15,47.0,134.0,5.0,3.0,7.0,7.0
3311.15,3687.15,2183.15,1504.0,651.2511036458978,51.5,53.0,47.0,6.0,2.598076211353316,136.25,137.0,134.0,3.0,1.299038105676658,5.75,6.0,5.0,1.0,0.4330127018922193,3.75,4.0,3.0,1.0,0.4330127018922193,6.25,7.0,6.0,1.0,0.4330127018922193,6.25,7.0,6.0,1.0,0.4330127018922193,1.7,135.0,6.0,6.0,7.86403,4.0,3687.15,53.0,137.0,6.0,4.0,6.0,6.0
1892.15,2183.15,1795.15,388.0,168.0089283341811,20.75,47.0,12.0,35.0,15.155444566227676,155.75,163.0,134.0,29.0,12.55736835487436,3.5,5.0,3.0,2.0,0.8660254037844386,1.5,3.0,1.0,2.0,0.8660254037844386,8.5,9.0,7.0,2.0,0.8660254037844386,8.5,9.0,7.0,2.0,0.8660254037844386,1.22,180.0,3.0,5.0,6.21726,1.0,1795.15,12.0,163.0,3.0,1.0,9.0,9.0
1065.2952500000001,2183.15,692.6769999999999,1490.4730000000002,645.3937408274019,69.5,77.0,47.0,30.0,12.99038105676658,122.0,134.0,118.0,16.0,6.928203230275509,10.25,12.0,5.0,7.0,3.031088913245535,8.25,10.0,3.0,7.0,3.031088913245535,1.75,7.0,0.0,7.0,3.031088913245535,1.75,7.0,0.0,7.0,3.031088913245535,1.65,135.0,12.0,4.0,9.394197,10.0,692.6769999999999,77.0,118.0,12.0,10.0,0.0,0.0
2141.15,2183.15,2127.15,56.0,24.24871130596428,44.75,47.0,44.0,3.0,1.299038105676658,149.0,154.0,134.0,20.0,8.660254037844387,4.25,5.0,4.0,1.0,0.4330127018922193,2.25,3.0,2.0,1.0,0.4330127018922193,7.75,8.0,7.0,1.0,0.4330127018922193,7.75,8.0,7.0,1.0,0.4330127018922193,1.33,155.0,4.0,5.0,6.634126,2.0,2127.15,44.0,154.0,4.0,2.0,8.0,8.0
3214.15,3687.15,1795.15,1892.0,819.2600319800789,42.75,53.0,12.0,41.0,17.75352077758099,143.5,163.0,137.0,26.0,11.258330249197702,5.25,6.0,3.0,3.0,1.299038105676658,3.25,4.0,1.0,3.0,1.299038105676658,6.75,9.0,6.0,3.0,1.299038105676658,6.75,9.0,6.0,3.0,1.299038105676658,1.7,135.0,6.0,6.0,7.86403,4.0,3687.15,53.0,137.0,6.0,4.0,6.0,6.0
2938.53175,3687.15,692.6769999999999,2994.473,1296.6448444732998,59.0,77.0,53.0,24.0,10.392304845413264,132.25,137.0,118.0,19.0,8.227241335952167,7.5,12.0,6.0,6.0,2.598076211353316,5.5,10.0,4.0,6.0,2.598076211353316,4.5,6.0,0.0,6.0,2.598076211353316,4.5,6.0,0.0,6.0,2.598076211353316,1.7,135.0,6.0,6.0,7.86403,4.0,3687.15,53.0,137.0,6.0,4.0,6.0,6.0
3297.15,3687.15,2127.15,1560.0,675.4998149518622,50.75,53.0,44.0,9.0,3.897114317029974,141.25,154.0,137.0,17.0,7.361215932167728,5.5,6.0,4.0,2.0,0.8660254037844386,3.5,4.0,2.0,2.0,0.8660254037844386,6.5,8.0,6.0,2.0,0.8660254037844386,6.5,8.0,6.0,2.0,0.8660254037844386,1.7,135.0,6.0,6.0,7.86403,4.0,3687.15,53.0,137.0,6.0,4.0,6.0,6.0
2268.15,3687.15,1795.15,1892.0,819.2600319800789,22.25,53.0,12.0,41.0,17.75352077758099,156.5,163.0,137.0,26.0,11.258330249197702,3.75,6.0,3.0,3.0,1.299038105676658,1.75,4.0,1.0,3.0,1.299038105676658,8.25,9.0,6.0,3.0,1.299038105676658,8.25,9.0,6.0,3.0,1.299038105676658,1.22,180.0,3.0,5.0,6.21726,1.0,1795.15,12.0,163.0,3.0,1.0,9.0,9.0
1441.2952500000001,3687.15,692.6769999999999,2994.473,1296.6448444732998,71.0,77.0,53.0,24.0,10.392304845413264,122.75,137.0,118.0,19.0,8.227241335952167,10.5,12.0,6.0,6.0,2.598076211353316,8.5,10.0,4.0,6.0,2.598076211353316,1.5,6.0,0.0,6.0,2.598076211353316,1.5,6.0,0.0,6.0,2.598076211353316,1.65,135.0,12.0,4.0,9.394197,10.0,692.6769999999999,77.0,118.0,12.0,10.0,0.0,0.0
2517.15,3687.15,2127.15,1560.0,675.4998149518622,46.25,53.0,44.0,9.0,3.897114317029974,149.75,154.0,137.0,17.0,7.361215932167728,4.5,6.0,4.0,2.0,0.8660254037844386,2.5,4.0,2.0,2.0,0.8660254037844386,7.5,8.0,6.0,2.0,0.8660254037844386,7.5,8.0,6.0,2.0,0.8660254037844386,1.33,155.0,4.0,5.0,6.634126,2.0,2127.15,44.0,154.0,4.0,2.0,8.0,8.0
1519.53175,1795.15,692.6769999999999,1102.4730000000002,477.3848124932208,28.25,77.0,12.0,65.0,28.145825622994256,151.75,163.0,118.0,45.0,19.48557158514987,5.25,12.0,3.0,9.0,3.897114317029974,3.25,10.0,1.0,9.0,3.897114317029974,6.75,9.0,0.0,9.0,3.897114317029974,6.75,9.0,0.0,9.0,3.897114317029974,1.22,180.0,3.0,5.0,6.21726,1.0,1795.15,12.0,163.0,3.0,1.0,9.0,9.0
1878.15,2127.15,1795.15,332.0,143.76021702821683,20.0,44.0,12.0,32.0,13.856406460551018,160.75,163.0,154.0,9.0,3.897114317029974,3.25,4.0,3.0,1.0,0.4330127018922193,1.25,2.0,1.0,1.0,0.4330127018922193,8.75,9.0,8.0,1.0,0.4330127018922193,8.75,9.0,8.0,1.0,0.4330127018922193,1.22,180.0,3.0,5.0,6.21726,1.0,1795.15,12.0,163.0,3.0,1.0,9.0,9.0
968.29525,1795.15,692.6769999999999,1102.4730000000002,477.3848124932208,60.75,77.0,12.0,65.0,28.145825622994256,129.25,163.0,118.0,45.0,19.48557158514987,9.75,12.0,3.0,9.0,3.897114317029974,7.75,10.0,1.0,9.0,3.897114317029974,2.25,9.0,0.0,9.0,3.897114317029974,2.25,9.0,0.0,9.0,3.897114317029974,1.65,135.0,12.0,4.0,9.394197,10.0,692.6769999999999,77.0,118.0,12.0,10.0,0.0,0.0
2044.15,2127.15,1795.15,332.0,143.76021702821683,36.0,44.0,12.0,32.0,13.856406460551018,156.25,163.0,154.0,9.0,3.897114317029974,3.75,4.0,3.0,1.0,0.4330127018922193,1.75,2.0,1.0,1.0,0.4330127018922193,8.25,9.0,8.0,1.0,0.4330127018922193,8.25,9.0,8.0,1.0,0.4330127018922193,1.33,155.0,4.0,5.0,6.634126,2.0,2127.15,44.0,154.0,4.0,2.0,8.0,8.0
1051.2952500000001,2127.15,692.6769999999999,1434.4730000000002,621.1450295214377,68.75,77.0,44.0,33.0,14.289419162443238,127.0,154.0,118.0,36.0,15.588457268119896,10.0,12.0,4.0,8.0,3.4641016151377544,8.0,10.0,2.0,8.0,3.4641016151377544,2.0,8.0,0.0,8.0,3.4641016151377544,2.0,8.0,0.0,8.0,3.4641016151377544,1.65,135.0,12.0,4.0,9.394197,10.0,692.6769999999999,77.0,118.0,12.0,10.0,0.0,0.0
1768.53175,2127.15,692.6769999999999,1434.4730000000002,621.1450295214377,52.25,77.0,44.0,33.0,14.289419162443238,145.0,154.0,118.0,36.0,15.588457268119896,6.0,12.0,4.0,8.0,3.4641016151377544,4.0,10.0,2.0,8.0,3.4641016151377544,6.0,8.0,0.0,8.0,3.4641016151377544,6.0,8.0,0.0,8.0,3.4641016151377544,1.33,155.0,4.0,5.0,6.634126,2.0,2127.15,44.0,154.0,4.0,2.0,8.0,8.0
